lesson,grade,course,concept,lesson class,current A/B interactions,current C/D interactions,misconception burden,candidate existing engine,expected learner gain,reuse potential,priority,decision,justification
avp-01-01,9,Algebra 1: Absolute Value & Piecewise Functions,avp-abs-distance,A,1,4,1,NONE—manual fit audit,Manual review required to identify whether manipulation adds a distinct causal insight beyond the existing explanation.,0,2.1,KEEP,Already has at least one A/B engine instance; not a zero-rich closure candidate.
avp-01-02,9,Algebra 1: Absolute Value & Piecewise Functions,avp-v-graph,C,1,4,2,NONE—manual fit audit,Manual review required to identify whether manipulation adds a distinct causal insight beyond the existing explanation.,0,1.4,KEEP,Already has at least one A/B engine instance; not a zero-rich closure candidate.
avp-01-03,9,Algebra 1: Absolute Value & Piecewise Functions,avp-v-transform,C,1,4,3,transformExplore,Learner could manipulate the transformExplore model and observe a state-dependent consequence before symbolic/retrieval checks.,9,21.79,KEEP,Already has at least one A/B engine instance; not a zero-rich closure candidate.
avp-02-01,9,Algebra 1: Absolute Value & Piecewise Functions,avp-abs-equations,A,1,4,3,solveBalance,Learner could manipulate the solveBalance model and observe a state-dependent consequence before symbolic/retrieval checks.,20,84.28,KEEP,Already has at least one A/B engine instance; not a zero-rich closure candidate.
avp-02-02,9,Algebra 1: Absolute Value & Piecewise Functions,avp-solution-count,C,1,4,3,solveBalance,Learner could manipulate the solveBalance model and observe a state-dependent consequence before symbolic/retrieval checks.,20,28.09,KEEP,Already has at least one A/B engine instance; not a zero-rich closure candidate.
avp-02-03,9,Algebra 1: Absolute Value & Piecewise Functions,avp-abs-inequalities,C,1,4,3,numberLineRay,Learner could manipulate the numberLineRay model and observe a state-dependent consequence before symbolic/retrieval checks.,3,14.63,KEEP,Already has at least one A/B engine instance; not a zero-rich closure candidate.
avp-03-01,9,Algebra 1: Absolute Value & Piecewise Functions,avp-piecewise-define,A,1,4,3,lineExplore,Learner could manipulate the lineExplore model and observe a state-dependent consequence before symbolic/retrieval checks.,6,56.7,KEEP,Already has at least one A/B engine instance; not a zero-rich closure candidate.
avp-03-02,9,Algebra 1: Absolute Value & Piecewise Functions,avp-piecewise-graph,B,1,4,3,lineExplore,Learner could manipulate the lineExplore model and observe a state-dependent consequence before symbolic/retrieval checks.,6,47.25,KEEP,Already has at least one A/B engine instance; not a zero-rich closure candidate.
avp-03-03,9,Algebra 1: Absolute Value & Piecewise Functions,avp-step-functions,C,1,4,3,lineExplore,Learner could manipulate the lineExplore model and observe a state-dependent consequence before symbolic/retrieval checks.,6,18.9,KEEP,Already has at least one A/B engine instance; not a zero-rich closure candidate.
koa-01-01,0,Adding & Taking Away,koa-join-groups,A,2,4,1,NONE—manual fit audit,Manual review required to identify whether manipulation adds a distinct causal insight beyond the existing explanation.,0,1.5,KEEP,Already has at least one A/B engine instance; not a zero-rich closure candidate.
koa-01-02,0,Adding & Taking Away,koa-fingers,C,2,4,1,NONE—manual fit audit,Manual review required to identify whether manipulation adds a distinct causal insight beyond the existing explanation.,0,0.5,KEEP,Already has at least one A/B engine instance; not a zero-rich closure candidate.
koa-01-03,0,Adding & Taking Away,koa-drawings,C,2,4,1,NONE—manual fit audit,Manual review required to identify whether manipulation adds a distinct causal insight beyond the existing explanation.,0,0.5,KEEP,Already has at least one A/B engine instance; not a zero-rich closure candidate.
koa-01-04,0,Adding & Taking Away,koa-act-out,C,2,4,1,NONE—manual fit audit,Manual review required to identify whether manipulation adds a distinct causal insight beyond the existing explanation.,0,0.5,KEEP,Already has at least one A/B engine instance; not a zero-rich closure candidate.
koa-01-05,0,Adding & Taking Away,koa-write-addition,C,2,4,1,NONE—manual fit audit,Manual review required to identify whether manipulation adds a distinct causal insight beyond the existing explanation.,0,0.5,KEEP,Already has at least one A/B engine instance; not a zero-rich closure candidate.
koa-02-01,0,Adding & Taking Away,koa-take-away,A,2,4,1,NONE—manual fit audit,Manual review required to identify whether manipulation adds a distinct causal insight beyond the existing explanation.,0,1.5,KEEP,Already has at least one A/B engine instance; not a zero-rich closure candidate.
koa-02-02,0,Adding & Taking Away,koa-sub-drawings,C,2,4,1,NONE—manual fit audit,Manual review required to identify whether manipulation adds a distinct causal insight beyond the existing explanation.,0,0.5,KEEP,Already has at least one A/B engine instance; not a zero-rich closure candidate.
koa-02-03,0,Adding & Taking Away,koa-sub-act-out,C,2,4,1,NONE—manual fit audit,Manual review required to identify whether manipulation adds a distinct causal insight beyond the existing explanation.,0,0.5,KEEP,Already has at least one A/B engine instance; not a zero-rich closure candidate.
koa-02-04,0,Adding & Taking Away,koa-write-subtraction,C,2,4,1,NONE—manual fit audit,Manual review required to identify whether manipulation adds a distinct causal insight beyond the existing explanation.,0,0.5,KEEP,Already has at least one A/B engine instance; not a zero-rich closure candidate.
koa-02-05,0,Adding & Taking Away,koa-how-many-left,C,2,4,1,NONE—manual fit audit,Manual review required to identify whether manipulation adds a distinct causal insight beyond the existing explanation.,0,0.5,KEEP,Already has at least one A/B engine instance; not a zero-rich closure candidate.
koa-03-01,0,Adding & Taking Away,koa-add-to-story,D,2,4,1,NONE—manual fit audit,Manual review required to identify whether manipulation adds a distinct causal insight beyond the existing explanation.,0,0.25,KEEP,Already has at least one A/B engine instance; not a zero-rich closure candidate.
koa-03-02,0,Adding & Taking Away,koa-take-from-story,D,2,4,1,NONE—manual fit audit,Manual review required to identify whether manipulation adds a distinct causal insight beyond the existing explanation.,0,0.25,KEEP,Already has at least one A/B engine instance; not a zero-rich closure candidate.
koa-03-03,0,Adding & Taking Away,koa-put-together-story,D,2,4,1,NONE—manual fit audit,Manual review required to identify whether manipulation adds a distinct causal insight beyond the existing explanation.,0,0.25,KEEP,Already has at least one A/B engine instance; not a zero-rich closure candidate.
koa-03-04,0,Adding & Taking Away,koa-choose-operation,D,2,4,3,NONE—manual fit audit,Manual review required to identify whether manipulation adds a distinct causal insight beyond the existing explanation.,0,0.75,KEEP,Already has at least one A/B engine instance; not a zero-rich closure candidate.
koa-03-05,0,Adding & Taking Away,koa-model-story,D,2,4,1,NONE—manual fit audit,Manual review required to identify whether manipulation adds a distinct causal insight beyond the existing explanation.,0,0.25,KEEP,Already has at least one A/B engine instance; not a zero-rich closure candidate.
koa-03-06,0,Adding & Taking Away,koa-sums-5,D,2,4,1,NONE—manual fit audit,Manual review required to identify whether manipulation adds a distinct causal insight beyond the existing explanation.,0,0.25,KEEP,Already has at least one A/B engine instance; not a zero-rich closure candidate.
koa-03-07,0,Adding & Taking Away,koa-diffs-5,D,2,4,1,NONE—manual fit audit,Manual review required to identify whether manipulation adds a distinct causal insight beyond the existing explanation.,0,0.25,KEEP,Already has at least one A/B engine instance; not a zero-rich closure candidate.
koa-03-08,0,Adding & Taking Away,koa-plus-minus-one,D,2,4,1,NONE—manual fit audit,Manual review required to identify whether manipulation adds a distinct causal insight beyond the existing explanation.,0,0.25,KEEP,Already has at least one A/B engine instance; not a zero-rich closure candidate.
koa-03-09,0,Adding & Taking Away,koa-zero-fact,D,2,4,1,NONE—manual fit audit,Manual review required to identify whether manipulation adds a distinct causal insight beyond the existing explanation.,0,0.25,KEEP,Already has at least one A/B engine instance; not a zero-rich closure candidate.
koa-03-10,0,Adding & Taking Away,koa-fluency-5,D,2,4,1,NONE—manual fit audit,Manual review required to identify whether manipulation adds a distinct causal insight beyond the existing explanation.,0,0.25,KEEP,Already has at least one A/B engine instance; not a zero-rich closure candidate.
as100-01-01,2,Addition & Subtraction within 100,doubles,D,1,5,1,NONE—manual fit audit,Manual review required to identify whether manipulation adds a distinct causal insight beyond the existing explanation.,0,0.25,KEEP,Already has at least one A/B engine instance; not a zero-rich closure candidate.
as100-01-02,2,Addition & Subtraction within 100,near-doubles,D,1,5,1,NONE—manual fit audit,Manual review required to identify whether manipulation adds a distinct causal insight beyond the existing explanation.,0,0.25,KEEP,Already has at least one A/B engine instance; not a zero-rich closure candidate.
as100-01-03,2,Addition & Subtraction within 100,fluency-20,D,1,5,2,NONE—manual fit audit,Manual review required to identify whether manipulation adds a distinct causal insight beyond the existing explanation.,0,0.5,KEEP,Already has at least one A/B engine instance; not a zero-rich closure candidate.
as100-02-01,2,Addition & Subtraction within 100,add-tens,A,1,5,1,NONE—manual fit audit,Manual review required to identify whether manipulation adds a distinct causal insight beyond the existing explanation.,0,1.5,KEEP,Already has at least one A/B engine instance; not a zero-rich closure candidate.
as100-02-02,2,Addition & Subtraction within 100,add-ones,C,1,5,1,NONE—manual fit audit,Manual review required to identify whether manipulation adds a distinct causal insight beyond the existing explanation.,0,0.5,KEEP,Already has at least one A/B engine instance; not a zero-rich closure candidate.
as100-02-03,2,Addition & Subtraction within 100,add-2digit,C,1,5,1,NONE—manual fit audit,Manual review required to identify whether manipulation adds a distinct causal insight beyond the existing explanation.,0,0.5,KEEP,Already has at least one A/B engine instance; not a zero-rich closure candidate.
as100-02-04,2,Addition & Subtraction within 100,regroup-add,C,1,5,1,NONE—manual fit audit,Manual review required to identify whether manipulation adds a distinct causal insight beyond the existing explanation.,0,0.5,KEEP,Already has at least one A/B engine instance; not a zero-rich closure candidate.
as100-03-01,2,Addition & Subtraction within 100,sub-tens,A,1,5,1,NONE—manual fit audit,Manual review required to identify whether manipulation adds a distinct causal insight beyond the existing explanation.,0,1.5,KEEP,Already has at least one A/B engine instance; not a zero-rich closure candidate.
as100-03-02,2,Addition & Subtraction within 100,sub-ones,C,1,5,1,NONE—manual fit audit,Manual review required to identify whether manipulation adds a distinct causal insight beyond the existing explanation.,0,0.5,KEEP,Already has at least one A/B engine instance; not a zero-rich closure candidate.
as100-03-03,2,Addition & Subtraction within 100,sub-2digit,C,1,5,1,NONE—manual fit audit,Manual review required to identify whether manipulation adds a distinct causal insight beyond the existing explanation.,0,0.5,KEEP,Already has at least one A/B engine instance; not a zero-rich closure candidate.
as100-03-04,2,Addition & Subtraction within 100,unbundle-sub,C,1,5,1,NONE—manual fit audit,Manual review required to identify whether manipulation adds a distinct causal insight beyond the existing explanation.,0,0.5,KEEP,Already has at least one A/B engine instance; not a zero-rich closure candidate.
as100-04-01,2,Addition & Subtraction within 100,two-step,A,0,7,1,NONE—manual fit audit,Manual review required to identify whether manipulation adds a distinct causal insight beyond the existing explanation.,0,1.5,KEEP,"Potential conceptual gap, but no obvious existing-engine fit from the mechanical scan; requires human necessity audit before any implementation."
as100-04-02,2,Addition & Subtraction within 100,two-step-trade,C,0,6,1,NONE—manual fit audit,Manual review required to identify whether manipulation adds a distinct causal insight beyond the existing explanation.,0,0.5,KEEP,Procedural-fluency purpose; preserve independent production unless a manual lesson read finds a conceptual bottleneck.
as100-04-03,2,Addition & Subtraction within 100,choose-steps,C,0,6,1,NONE—manual fit audit,Manual review required to identify whether manipulation adds a distinct causal insight beyond the existing explanation.,0,0.5,KEEP,Procedural-fluency purpose; preserve independent production unless a manual lesson read finds a conceptual bottleneck.
as100-05-01,2,Addition & Subtraction within 100,odd-even,A,3,3,1,NONE—manual fit audit,Manual review required to identify whether manipulation adds a distinct causal insight beyond the existing explanation.,0,1.5,KEEP,Already has at least one A/B engine instance; not a zero-rich closure candidate.
as100-05-02,2,Addition & Subtraction within 100,parity-sum,C,0,6,1,NONE—manual fit audit,Manual review required to identify whether manipulation adds a distinct causal insight beyond the existing explanation.,0,0.5,KEEP,Procedural-fluency purpose; preserve independent production unless a manual lesson read finds a conceptual bottleneck.
g2b-01-01,2,"Adding & Subtracting Within 1,000",g2b-add-hundreds,A,2,4,1,NONE—manual fit audit,Manual review required to identify whether manipulation adds a distinct causal insight beyond the existing explanation.,0,1.5,KEEP,Already has at least one A/B engine instance; not a zero-rich closure candidate.
g2b-01-02,2,"Adding & Subtracting Within 1,000",g2b-add-no-trade,C,2,4,1,NONE—manual fit audit,Manual review required to identify whether manipulation adds a distinct causal insight beyond the existing explanation.,0,0.5,KEEP,Already has at least one A/B engine instance; not a zero-rich closure candidate.
g2b-01-03,2,"Adding & Subtracting Within 1,000",g2b-trade-ones,C,2,4,1,NONE—manual fit audit,Manual review required to identify whether manipulation adds a distinct causal insight beyond the existing explanation.,0,0.5,KEEP,Already has at least one A/B engine instance; not a zero-rich closure candidate.
g2b-01-04,2,"Adding & Subtracting Within 1,000",g2b-trade-tens,C,2,4,1,NONE—manual fit audit,Manual review required to identify whether manipulation adds a distinct causal insight beyond the existing explanation.,0,0.5,KEEP,Already has at least one A/B engine instance; not a zero-rich closure candidate.
g2b-01-05,2,"Adding & Subtracting Within 1,000",g2b-two-trades,C,2,4,1,NONE—manual fit audit,Manual review required to identify whether manipulation adds a distinct causal insight beyond the existing explanation.,0,0.5,KEEP,Already has at least one A/B engine instance; not a zero-rich closure candidate.
g2b-02-01,2,"Adding & Subtracting Within 1,000",g2b-sub-no-trade,A,2,4,1,NONE—manual fit audit,Manual review required to identify whether manipulation adds a distinct causal insight beyond the existing explanation.,0,1.5,KEEP,Already has at least one A/B engine instance; not a zero-rich closure candidate.
g2b-02-02,2,"Adding & Subtracting Within 1,000",g2b-break-ten,C,2,4,1,NONE—manual fit audit,Manual review required to identify whether manipulation adds a distinct causal insight beyond the existing explanation.,0,0.5,KEEP,Already has at least one A/B engine instance; not a zero-rich closure candidate.
g2b-02-03,2,"Adding & Subtracting Within 1,000",g2b-break-hundred,C,2,4,1,NONE—manual fit audit,Manual review required to identify whether manipulation adds a distinct causal insight beyond the existing explanation.,0,0.5,KEEP,Already has at least one A/B engine instance; not a zero-rich closure candidate.
g2b-02-04,2,"Adding & Subtracting Within 1,000",g2b-across-zero,C,2,4,1,NONE—manual fit audit,Manual review required to identify whether manipulation adds a distinct causal insight beyond the existing explanation.,0,0.5,KEEP,Already has at least one A/B engine instance; not a zero-rich closure candidate.
g2b-02-05,2,"Adding & Subtracting Within 1,000",g2b-mental-ten,C,2,4,1,NONE—manual fit audit,Manual review required to identify whether manipulation adds a distinct causal insight beyond the existing explanation.,0,0.5,KEEP,Already has at least one A/B engine instance; not a zero-rich closure candidate.
g2b-02-06,2,"Adding & Subtracting Within 1,000",g2b-mental-hundred,C,2,4,1,NONE—manual fit audit,Manual review required to identify whether manipulation adds a distinct causal insight beyond the existing explanation.,0,0.5,KEEP,Already has at least one A/B engine instance; not a zero-rich closure candidate.
g2b-03-01,2,"Adding & Subtracting Within 1,000",g2b-open-line,A,2,4,2,numberLineHop,Learner could manipulate the numberLineHop model and observe a state-dependent consequence before symbolic/retrieval checks.,452,79.44,KEEP,Already has at least one A/B engine instance; not a zero-rich closure candidate.
g2b-03-02,2,"Adding & Subtracting Within 1,000",g2b-why-trade,A,2,4,2,NONE—manual fit audit,Manual review required to identify whether manipulation adds a distinct causal insight beyond the existing explanation.,0,3.0,KEEP,Already has at least one A/B engine instance; not a zero-rich closure candidate.
g2b-03-03,2,"Adding & Subtracting Within 1,000",g2b-explain,A,2,4,2,NONE—manual fit audit,Manual review required to identify whether manipulation adds a distinct causal insight beyond the existing explanation.,0,3.0,KEEP,Already has at least one A/B engine instance; not a zero-rich closure candidate.
g2b-03-04,2,"Adding & Subtracting Within 1,000",g2b-story,A,2,4,2,NONE—manual fit audit,Manual review required to identify whether manipulation adds a distinct causal insight beyond the existing explanation.,0,3.0,KEEP,Already has at least one A/B engine instance; not a zero-rich closure candidate.
g2b-03-05,2,"Adding & Subtracting Within 1,000",g2b-method,A,2,4,2,NONE—manual fit audit,Manual review required to identify whether manipulation adds a distinct causal insight beyond the existing explanation.,0,3.0,KEEP,Already has at least one A/B engine instance; not a zero-rich closure candidate.
g3a-01-01,3,"Fluent to 1,000",g3a-add,A,2,4,1,NONE—manual fit audit,Manual review required to identify whether manipulation adds a distinct causal insight beyond the existing explanation.,0,1.65,KEEP,Already has at least one A/B engine instance; not a zero-rich closure candidate.
g3a-01-02,3,"Fluent to 1,000",g3a-two-regroup,C,2,4,1,NONE—manual fit audit,Manual review required to identify whether manipulation adds a distinct causal insight beyond the existing explanation.,0,0.55,KEEP,Already has at least one A/B engine instance; not a zero-rich closure candidate.
g3a-01-03,3,"Fluent to 1,000",g3a-sub,C,2,4,1,NONE—manual fit audit,Manual review required to identify whether manipulation adds a distinct causal insight beyond the existing explanation.,0,0.55,KEEP,Already has at least one A/B engine instance; not a zero-rich closure candidate.
g3a-01-04,3,"Fluent to 1,000",g3a-sub-two,C,2,4,1,NONE—manual fit audit,Manual review required to identify whether manipulation adds a distinct causal insight beyond the existing explanation.,0,0.55,KEEP,Already has at least one A/B engine instance; not a zero-rich closure candidate.
g3a-02-01,3,"Fluent to 1,000",g3a-two-zeros,A,2,4,1,NONE—manual fit audit,Manual review required to identify whether manipulation adds a distinct causal insight beyond the existing explanation.,0,1.65,KEEP,Already has at least one A/B engine instance; not a zero-rich closure candidate.
g3a-02-02,3,"Fluent to 1,000",g3a-open-line,C,2,4,1,numberLineHop,Learner could manipulate the numberLineHop model and observe a state-dependent consequence before symbolic/retrieval checks.,452,14.56,KEEP,Already has at least one A/B engine instance; not a zero-rich closure candidate.
g3a-02-03,3,"Fluent to 1,000",g3a-compensate,C,2,4,2,NONE—manual fit audit,Manual review required to identify whether manipulation adds a distinct causal insight beyond the existing explanation.,0,1.1,KEEP,Already has at least one A/B engine instance; not a zero-rich closure candidate.
g3a-03-01,3,"Fluent to 1,000",g3a-check-inverse,A,2,4,1,NONE—manual fit audit,Manual review required to identify whether manipulation adds a distinct causal insight beyond the existing explanation.,0,1.65,KEEP,Already has at least one A/B engine instance; not a zero-rich closure candidate.
g3a-03-02,3,"Fluent to 1,000",g3a-story,C,2,4,1,NONE—manual fit audit,Manual review required to identify whether manipulation adds a distinct causal insight beyond the existing explanation.,0,0.55,KEEP,Already has at least one A/B engine instance; not a zero-rich closure candidate.
g3a-03-03,3,"Fluent to 1,000",g3a-strategy,C,2,4,2,NONE—manual fit audit,Manual review required to identify whether manipulation adds a distinct causal insight beyond the existing explanation.,0,1.1,KEEP,Already has at least one A/B engine instance; not a zero-rich closure candidate.
as-01-01,1,Addition & Subtraction within 20,counting-on,A,3,3,1,NONE—manual fit audit,Manual review required to identify whether manipulation adds a distinct causal insight beyond the existing explanation.,0,1.5,KEEP,Already has at least one A/B engine instance; not a zero-rich closure candidate.
as-01-02,1,Addition & Subtraction within 20,count-on-small,C,1,5,1,NONE—manual fit audit,Manual review required to identify whether manipulation adds a distinct causal insight beyond the existing explanation.,0,0.5,KEEP,Already has at least one A/B engine instance; not a zero-rich closure candidate.
as-01-03,1,Addition & Subtraction within 20,bigger-first,C,2,4,1,NONE—manual fit audit,Manual review required to identify whether manipulation adds a distinct causal insight beyond the existing explanation.,0,0.5,KEEP,Already has at least one A/B engine instance; not a zero-rich closure candidate.
as-02-01,1,Addition & Subtraction within 20,tens-partners,A,2,4,1,NONE—manual fit audit,Manual review required to identify whether manipulation adds a distinct causal insight beyond the existing explanation.,0,1.5,KEEP,Already has at least one A/B engine instance; not a zero-rich closure candidate.
as-02-02,1,Addition & Subtraction within 20,make-ten-first,C,2,4,1,NONE—manual fit audit,Manual review required to identify whether manipulation adds a distinct causal insight beyond the existing explanation.,0,0.5,KEEP,Already has at least one A/B engine instance; not a zero-rich closure candidate.
as-02-03,1,Addition & Subtraction within 20,make-ten-add,C,2,4,1,NONE—manual fit audit,Manual review required to identify whether manipulation adds a distinct causal insight beyond the existing explanation.,0,0.5,KEEP,Already has at least one A/B engine instance; not a zero-rich closure candidate.
as-02-04,1,Addition & Subtraction within 20,make-ten-add,C,2,4,1,NONE—manual fit audit,Manual review required to identify whether manipulation adds a distinct causal insight beyond the existing explanation.,0,0.5,KEEP,Already has at least one A/B engine instance; not a zero-rich closure candidate.
as-03-01,1,Addition & Subtraction within 20,take-away,A,2,4,1,NONE—manual fit audit,Manual review required to identify whether manipulation adds a distinct causal insight beyond the existing explanation.,0,1.5,KEEP,Already has at least one A/B engine instance; not a zero-rich closure candidate.
as-03-02,1,Addition & Subtraction within 20,count-back,C,2,4,1,NONE—manual fit audit,Manual review required to identify whether manipulation adds a distinct causal insight beyond the existing explanation.,0,0.5,KEEP,Already has at least one A/B engine instance; not a zero-rich closure candidate.
as-03-03,1,Addition & Subtraction within 20,difference,C,2,4,1,NONE—manual fit audit,Manual review required to identify whether manipulation adds a distinct causal insight beyond the existing explanation.,0,0.5,KEEP,Already has at least one A/B engine instance; not a zero-rich closure candidate.
as-03-04,1,Addition & Subtraction within 20,sub-facts,D,2,4,1,NONE—manual fit audit,Manual review required to identify whether manipulation adds a distinct causal insight beyond the existing explanation.,0,0.25,KEEP,Already has at least one A/B engine instance; not a zero-rich closure candidate.
as-04-01,1,Addition & Subtraction within 20,fact-family,A,0,6,1,NONE—manual fit audit,Manual review required to identify whether manipulation adds a distinct causal insight beyond the existing explanation.,0,1.5,KEEP,"Potential conceptual gap, but no obvious existing-engine fit from the mechanical scan; requires human necessity audit before any implementation."
as-04-02,1,Addition & Subtraction within 20,equal-sign,C,0,6,2,NONE—manual fit audit,Manual review required to identify whether manipulation adds a distinct causal insight beyond the existing explanation.,0,1.0,KEEP,Procedural-fluency purpose; preserve independent production unless a manual lesson read finds a conceptual bottleneck.
as-04-03,1,Addition & Subtraction within 20,unknown,C,2,4,1,NONE—manual fit audit,Manual review required to identify whether manipulation adds a distinct causal insight beyond the existing explanation.,0,0.5,KEEP,Already has at least one A/B engine instance; not a zero-rich closure candidate.
as-05-01,1,Addition & Subtraction within 20,result-unknown,A,2,4,1,NONE—manual fit audit,Manual review required to identify whether manipulation adds a distinct causal insight beyond the existing explanation.,0,1.5,KEEP,Already has at least one A/B engine instance; not a zero-rich closure candidate.
as-05-02,1,Addition & Subtraction within 20,part-whole,C,2,4,1,NONE—manual fit audit,Manual review required to identify whether manipulation adds a distinct causal insight beyond the existing explanation.,0,0.5,KEEP,Already has at least one A/B engine instance; not a zero-rich closure candidate.
as-05-03,1,Addition & Subtraction within 20,compare,B,2,4,1,NONE—manual fit audit,Manual review required to identify whether manipulation adds a distinct causal insight beyond the existing explanation.,0,1.25,KEEP,Already has at least one A/B engine instance; not a zero-rich closure candidate.
g1t-01-01,1,Adding Three Numbers,g1t-three-addends,A,2,4,1,NONE—manual fit audit,Manual review required to identify whether manipulation adds a distinct causal insight beyond the existing explanation.,0,1.5,KEEP,Already has at least one A/B engine instance; not a zero-rich closure candidate.
g1t-01-02,1,Adding Three Numbers,g1t-find-ten-first,C,2,4,1,NONE—manual fit audit,Manual review required to identify whether manipulation adds a distinct causal insight beyond the existing explanation.,0,0.5,KEEP,Already has at least one A/B engine instance; not a zero-rich closure candidate.
g1t-01-03,1,Adding Three Numbers,g1t-doubles-first,C,2,4,1,NONE—manual fit audit,Manual review required to identify whether manipulation adds a distinct causal insight beyond the existing explanation.,0,0.5,KEEP,Already has at least one A/B engine instance; not a zero-rich closure candidate.
g1t-01-04,1,Adding Three Numbers,g1t-any-order,C,2,4,1,NONE—manual fit audit,Manual review required to identify whether manipulation adds a distinct causal insight beyond the existing explanation.,0,0.5,KEEP,Already has at least one A/B engine instance; not a zero-rich closure candidate.
g1t-02-01,1,Adding Three Numbers,g1t-grouping,A,2,4,1,NONE—manual fit audit,Manual review required to identify whether manipulation adds a distinct causal insight beyond the existing explanation.,0,1.5,KEEP,Already has at least one A/B engine instance; not a zero-rich closure candidate.
g1t-02-02,1,Adding Three Numbers,g1t-story,C,2,4,1,NONE—manual fit audit,Manual review required to identify whether manipulation adds a distinct causal insight beyond the existing explanation.,0,0.5,KEEP,Already has at least one A/B engine instance; not a zero-rich closure candidate.
g1t-02-03,1,Adding Three Numbers,g1t-choose-pair,C,2,4,1,NONE—manual fit audit,Manual review required to identify whether manipulation adds a distinct causal insight beyond the existing explanation.,0,0.5,KEEP,Already has at least one A/B engine instance; not a zero-rich closure candidate.
g1t-03-01,1,Adding Three Numbers,g1t-past-ten,A,2,4,1,NONE—manual fit audit,Manual review required to identify whether manipulation adds a distinct causal insight beyond the existing explanation.,0,1.5,KEEP,Already has at least one A/B engine instance; not a zero-rich closure candidate.
g1t-03-02,1,Adding Three Numbers,g1t-missing-addend,C,2,4,1,NONE—manual fit audit,Manual review required to identify whether manipulation adds a distinct causal insight beyond the existing explanation.,0,0.5,KEEP,Already has at least one A/B engine instance; not a zero-rich closure candidate.
g1t-03-03,1,Adding Three Numbers,g1t-strategy-choice,C,2,4,2,NONE—manual fit audit,Manual review required to identify whether manipulation adds a distinct causal insight beyond the existing explanation.,0,1.0,KEEP,Already has at least one A/B engine instance; not a zero-rich closure candidate.
g1a-01-01,1,Adding Within 100,g1a-add-ones,A,2,4,1,NONE—manual fit audit,Manual review required to identify whether manipulation adds a distinct causal insight beyond the existing explanation.,0,1.5,KEEP,Already has at least one A/B engine instance; not a zero-rich closure candidate.
g1a-01-02,1,Adding Within 100,g1a-ones-make-ten,C,2,4,1,NONE—manual fit audit,Manual review required to identify whether manipulation adds a distinct causal insight beyond the existing explanation.,0,0.5,KEEP,Already has at least one A/B engine instance; not a zero-rich closure candidate.
g1a-01-03,1,Adding Within 100,g1a-add-tens,C,2,4,1,NONE—manual fit audit,Manual review required to identify whether manipulation adds a distinct causal insight beyond the existing explanation.,0,0.5,KEEP,Already has at least one A/B engine instance; not a zero-rich closure candidate.
g1a-01-04,1,Adding Within 100,g1a-tens-tens,C,2,4,1,NONE—manual fit audit,Manual review required to identify whether manipulation adds a distinct causal insight beyond the existing explanation.,0,0.5,KEEP,Already has at least one A/B engine instance; not a zero-rich closure candidate.
g1a-02-01,1,Adding Within 100,g1a-mental-ten,A,2,4,1,NONE—manual fit audit,Manual review required to identify whether manipulation adds a distinct causal insight beyond the existing explanation.,0,1.5,KEEP,Already has at least one A/B engine instance; not a zero-rich closure candidate.
g1a-02-02,1,Adding Within 100,g1a-chart-add,B,2,4,1,NONE—manual fit audit,Manual review required to identify whether manipulation adds a distinct causal insight beyond the existing explanation.,0,1.25,KEEP,Already has at least one A/B engine instance; not a zero-rich closure candidate.
g1a-02-03,1,Adding Within 100,g1a-line-add,C,2,4,1,numberLineHop,Learner could manipulate the numberLineHop model and observe a state-dependent consequence before symbolic/retrieval checks.,452,13.24,KEEP,Already has at least one A/B engine instance; not a zero-rich closure candidate.
g1a-02-04,1,Adding Within 100,g1a-decompose-add,C,2,4,1,NONE—manual fit audit,Manual review required to identify whether manipulation adds a distinct causal insight beyond the existing explanation.,0,0.5,KEEP,Already has at least one A/B engine instance; not a zero-rich closure candidate.
g1a-02-05,1,Adding Within 100,g1a-sub-tens,C,2,4,1,NONE—manual fit audit,Manual review required to identify whether manipulation adds a distinct causal insight beyond the existing explanation.,0,0.5,KEEP,Already has at least one A/B engine instance; not a zero-rich closure candidate.
g1a-02-06,1,Adding Within 100,g1a-chart-sub,C,2,4,1,NONE—manual fit audit,Manual review required to identify whether manipulation adds a distinct causal insight beyond the existing explanation.,0,0.5,KEEP,Already has at least one A/B engine instance; not a zero-rich closure candidate.
g1a-03-01,1,Adding Within 100,g1a-explain,A,2,4,2,NONE—manual fit audit,Manual review required to identify whether manipulation adds a distinct causal insight beyond the existing explanation.,0,3.0,KEEP,Already has at least one A/B engine instance; not a zero-rich closure candidate.
g1a-03-02,1,Adding Within 100,g1a-story-add,C,2,4,2,NONE—manual fit audit,Manual review required to identify whether manipulation adds a distinct causal insight beyond the existing explanation.,0,1.0,KEEP,Already has at least one A/B engine instance; not a zero-rich closure candidate.
g1a-03-03,1,Adding Within 100,g1a-story-sub,C,2,4,2,NONE—manual fit audit,Manual review required to identify whether manipulation adds a distinct causal insight beyond the existing explanation.,0,1.0,KEEP,Already has at least one A/B engine instance; not a zero-rich closure candidate.
g1a-03-04,1,Adding Within 100,g1a-method-choice,C,2,4,2,NONE—manual fit audit,Manual review required to identify whether manipulation adds a distinct causal insight beyond the existing explanation.,0,1.0,KEEP,Already has at least one A/B engine instance; not a zero-rich closure candidate.
asv-01-01,6,"Area, Surface Area & Volume",triangle-area,A,0,6,2,areaModel,Learner could manipulate the areaModel model and observe a state-dependent consequence before symbolic/retrieval checks.,100,72.06,CHANGE,"Zero A/B interaction in an acquisition lesson; existing areaModel offers a causal model, so reuse should be audited before any new engine."
asv-01-02,6,"Area, Surface Area & Volume",quad-area,C,6,0,2,areaModel,Learner could manipulate the areaModel model and observe a state-dependent consequence before symbolic/retrieval checks.,100,24.02,KEEP,Already has at least one A/B engine instance; not a zero-rich closure candidate.
asv-01-03,6,"Area, Surface Area & Volume",area-formula-choice,C,0,7,2,areaModel,Learner could manipulate the areaModel model and observe a state-dependent consequence before symbolic/retrieval checks.,100,24.02,KEEP,Procedural-fluency purpose; preserve independent production unless a manual lesson read finds a conceptual bottleneck.
asv-02-01,6,"Area, Surface Area & Volume",decompose-lshape,A,0,6,2,areaModel,Learner could manipulate the areaModel model and observe a state-dependent consequence before symbolic/retrieval checks.,100,72.06,CHANGE,"Zero A/B interaction in an acquisition lesson; existing areaModel offers a causal model, so reuse should be audited before any new engine."
asv-02-02,6,"Area, Surface Area & Volume",composite-triangle,C,0,6,2,areaModel,Learner could manipulate the areaModel model and observe a state-dependent consequence before symbolic/retrieval checks.,100,24.02,KEEP,Procedural-fluency purpose; preserve independent production unless a manual lesson read finds a conceptual bottleneck.
asv-02-03,6,"Area, Surface Area & Volume",composite-multistep,C,5,1,2,areaModel,Learner could manipulate the areaModel model and observe a state-dependent consequence before symbolic/retrieval checks.,100,24.02,KEEP,Already has at least one A/B engine instance; not a zero-rich closure candidate.
asv-03-01,6,"Area, Surface Area & Volume",find-side-length,A,1,5,2,plotPoint,Learner could manipulate the plotPoint model and observe a state-dependent consequence before symbolic/retrieval checks.,66,65.74,KEEP,Already has at least one A/B engine instance; not a zero-rich closure candidate.
asv-03-02,6,"Area, Surface Area & Volume",grid-polygon-area,C,5,1,2,areaModel,Learner could manipulate the areaModel model and observe a state-dependent consequence before symbolic/retrieval checks.,100,24.02,KEEP,Already has at least one A/B engine instance; not a zero-rich closure candidate.
asv-03-03,6,"Area, Surface Area & Volume",coordinate-capstone,C,6,0,2,plotPoint,Learner could manipulate the plotPoint model and observe a state-dependent consequence before symbolic/retrieval checks.,66,21.91,KEEP,Already has at least one A/B engine instance; not a zero-rich closure candidate.
asv-04-01,6,"Area, Surface Area & Volume",prism-net,A,1,6,2,areaModel,Learner could manipulate the areaModel model and observe a state-dependent consequence before symbolic/retrieval checks.,100,72.06,KEEP,Already has at least one A/B engine instance; not a zero-rich closure candidate.
asv-04-02,6,"Area, Surface Area & Volume",triangular-prism-sa,C,0,6,2,areaModel,Learner could manipulate the areaModel model and observe a state-dependent consequence before symbolic/retrieval checks.,100,24.02,KEEP,Procedural-fluency purpose; preserve independent production unless a manual lesson read finds a conceptual bottleneck.
asv-04-03,6,"Area, Surface Area & Volume",sa-word-problems,C,1,5,2,areaModel,Learner could manipulate the areaModel model and observe a state-dependent consequence before symbolic/retrieval checks.,100,24.02,KEEP,Already has at least one A/B engine instance; not a zero-rich closure candidate.
asv-05-01,6,"Area, Surface Area & Volume",volume-formula,A,1,5,3,volumeBuilder,Learner could manipulate the volumeBuilder model and observe a state-dependent consequence before symbolic/retrieval checks.,19,71.16,KEEP,Already has at least one A/B engine instance; not a zero-rich closure candidate.
asv-05-02,6,"Area, Surface Area & Volume",fractional-volume,C,2,4,3,volumeBuilder,Learner could manipulate the volumeBuilder model and observe a state-dependent consequence before symbolic/retrieval checks.,19,23.72,KEEP,Already has at least one A/B engine instance; not a zero-rich closure candidate.
asv-05-03,6,"Area, Surface Area & Volume",volume-applications,B,0,6,3,volumeBuilder,Learner could manipulate the volumeBuilder model and observe a state-dependent consequence before symbolic/retrieval checks.,19,59.3,CHANGE,"Zero A/B interaction in an transfer lesson; existing volumeBuilder offers a causal model, so reuse should be audited before any new engine."
g2a-01-01,2,"Arrays, Odd & Even",g2a-pairs,A,5,1,1,NONE—manual fit audit,Manual review required to identify whether manipulation adds a distinct causal insight beyond the existing explanation.,0,1.5,KEEP,Already has at least one A/B engine instance; not a zero-rich closure candidate.
g2a-01-02,2,"Arrays, Odd & Even",g2a-odd-even,C,4,2,1,NONE—manual fit audit,Manual review required to identify whether manipulation adds a distinct causal insight beyond the existing explanation.,0,0.5,KEEP,Already has at least one A/B engine instance; not a zero-rich closure candidate.
g2a-01-03,2,"Arrays, Odd & Even",g2a-doubles-even,C,2,4,1,NONE—manual fit audit,Manual review required to identify whether manipulation adds a distinct causal insight beyond the existing explanation.,0,0.5,KEEP,Already has at least one A/B engine instance; not a zero-rich closure candidate.
g2a-01-04,2,"Arrays, Odd & Even",g2a-even-equation,C,2,4,3,solveBalance,Learner could manipulate the solveBalance model and observe a state-dependent consequence before symbolic/retrieval checks.,20,20.07,KEEP,Already has at least one A/B engine instance; not a zero-rich closure candidate.
g2a-02-01,2,"Arrays, Odd & Even",g2a-rows-columns,A,2,4,1,NONE—manual fit audit,Manual review required to identify whether manipulation adds a distinct causal insight beyond the existing explanation.,0,1.5,KEEP,Already has at least one A/B engine instance; not a zero-rich closure candidate.
g2a-02-02,2,"Arrays, Odd & Even",g2a-count-rows,C,2,4,1,NONE—manual fit audit,Manual review required to identify whether manipulation adds a distinct causal insight beyond the existing explanation.,0,0.5,KEEP,Already has at least one A/B engine instance; not a zero-rich closure candidate.
g2a-02-03,2,"Arrays, Odd & Even",g2a-count-columns,C,2,4,1,NONE—manual fit audit,Manual review required to identify whether manipulation adds a distinct causal insight beyond the existing explanation.,0,0.5,KEEP,Already has at least one A/B engine instance; not a zero-rich closure candidate.
g2a-03-01,2,"Arrays, Odd & Even",g2a-repeated-sum,A,2,4,1,NONE—manual fit audit,Manual review required to identify whether manipulation adds a distinct causal insight beyond the existing explanation.,0,1.5,KEEP,Already has at least one A/B engine instance; not a zero-rich closure candidate.
g2a-03-02,2,"Arrays, Odd & Even",g2a-array-shapes,C,2,4,1,NONE—manual fit audit,Manual review required to identify whether manipulation adds a distinct causal insight beyond the existing explanation.,0,0.5,KEEP,Already has at least one A/B engine instance; not a zero-rich closure candidate.
g2a-03-03,2,"Arrays, Odd & Even",g2a-array-apply,C,2,4,1,NONE—manual fit audit,Manual review required to identify whether manipulation adds a distinct causal insight beyond the existing explanation.,0,0.5,KEEP,Already has at least one A/B engine instance; not a zero-rich closure candidate.
bt-01-01,12,Precalculus: The Binomial Theorem,bt-powers-of-sum,A,1,4,1,NONE—manual fit audit,Manual review required to identify whether manipulation adds a distinct causal insight beyond the existing explanation.,0,2.1,KEEP,Already has at least one A/B engine instance; not a zero-rich closure candidate.
bt-01-02,12,Precalculus: The Binomial Theorem,bt-pascals-triangle,C,1,4,2,triangleConstraintLab,Learner could manipulate the triangleConstraintLab model and observe a state-dependent consequence before symbolic/retrieval checks.,13,16.41,KEEP,Already has at least one A/B engine instance; not a zero-rich closure candidate.
bt-01-03,12,Precalculus: The Binomial Theorem,bt-combinations-link,A,2,4,1,NONE—manual fit audit,Manual review required to identify whether manipulation adds a distinct causal insight beyond the existing explanation.,0,2.1,KEEP,Already has at least one A/B engine instance; not a zero-rich closure candidate.
bt-02-01,12,Precalculus: The Binomial Theorem,bt-theorem,A,1,4,1,NONE—manual fit audit,Manual review required to identify whether manipulation adds a distinct causal insight beyond the existing explanation.,0,2.1,KEEP,Already has at least one A/B engine instance; not a zero-rich closure candidate.
bt-02-02,12,Precalculus: The Binomial Theorem,bt-general-term,C,1,4,1,NONE—manual fit audit,Manual review required to identify whether manipulation adds a distinct causal insight beyond the existing explanation.,0,0.7,KEEP,Already has at least one A/B engine instance; not a zero-rich closure candidate.
bt-02-03,12,Precalculus: The Binomial Theorem,bt-probability,A,2,4,3,trialProbabilityLab,Learner could manipulate the trialProbabilityLab model and observe a state-dependent consequence before symbolic/retrieval checks.,13,73.84,KEEP,Already has at least one A/B engine instance; not a zero-rich closure candidate.
bv-01-01,8,Grade 8: Bivariate Statistics,bv-scatter-plot,A,3,3,2,scatterFit,Learner could manipulate the scatterFit model and observe a state-dependent consequence before symbolic/retrieval checks.,11,39.96,KEEP,Already has at least one A/B engine instance; not a zero-rich closure candidate.
bv-01-02,8,Grade 8: Bivariate Statistics,bv-association,C,0,6,1,scatterFit,Learner could manipulate the scatterFit model and observe a state-dependent consequence before symbolic/retrieval checks.,11,6.66,KEEP,Procedural-fluency purpose; preserve independent production unless a manual lesson read finds a conceptual bottleneck.
bv-01-03,8,Grade 8: Bivariate Statistics,bv-form-outliers,C,0,6,1,scatterFit,Learner could manipulate the scatterFit model and observe a state-dependent consequence before symbolic/retrieval checks.,11,6.66,KEEP,Procedural-fluency purpose; preserve independent production unless a manual lesson read finds a conceptual bottleneck.
bv-02-01,8,Grade 8: Bivariate Statistics,bv-fit-idea,A,1,6,2,scatterFit,Learner could manipulate the scatterFit model and observe a state-dependent consequence before symbolic/retrieval checks.,11,39.96,KEEP,Already has at least one A/B engine instance; not a zero-rich closure candidate.
bv-02-02,8,Grade 8: Bivariate Statistics,bv-judge-fit,C,1,5,2,NONE—manual fit audit,Manual review required to identify whether manipulation adds a distinct causal insight beyond the existing explanation.,0,1.2,KEEP,Already has at least one A/B engine instance; not a zero-rich closure candidate.
bv-02-03,8,Grade 8: Bivariate Statistics,bv-which-line,C,6,0,3,solveBalance,Learner could manipulate the solveBalance model and observe a state-dependent consequence before symbolic/retrieval checks.,20,24.08,KEEP,Already has at least one A/B engine instance; not a zero-rich closure candidate.
bv-03-01,8,Grade 8: Bivariate Statistics,bv-predict,A,1,5,1,NONE—manual fit audit,Manual review required to identify whether manipulation adds a distinct causal insight beyond the existing explanation.,0,1.8,KEEP,Already has at least one A/B engine instance; not a zero-rich closure candidate.
bv-03-02,8,Grade 8: Bivariate Statistics,bv-interpret,B,0,6,3,lineExplore,Learner could manipulate the lineExplore model and observe a state-dependent consequence before symbolic/retrieval checks.,6,40.5,CHANGE,"Zero A/B interaction in an transfer lesson; existing lineExplore offers a causal model, so reuse should be audited before any new engine."
bv-03-03,8,Grade 8: Bivariate Statistics,bv-prediction-limits,B,0,6,3,graphZoom,Learner could manipulate the graphZoom model and observe a state-dependent consequence before symbolic/retrieval checks.,17,57.35,CHANGE,"Zero A/B interaction in an transfer lesson; existing graphZoom offers a causal model, so reuse should be audited before any new engine."
bv-04-01,8,Grade 8: Bivariate Statistics,bv-read-table,A,6,0,1,NONE—manual fit audit,Manual review required to identify whether manipulation adds a distinct causal insight beyond the existing explanation.,0,1.8,KEEP,Already has at least one A/B engine instance; not a zero-rich closure candidate.
bv-04-02,8,Grade 8: Bivariate Statistics,bv-relative-frequency,C,6,0,1,NONE—manual fit audit,Manual review required to identify whether manipulation adds a distinct causal insight beyond the existing explanation.,0,0.6,KEEP,Already has at least one A/B engine instance; not a zero-rich closure candidate.
bv-04-03,8,Grade 8: Bivariate Statistics,bv-categorical-association,C,1,5,1,NONE—manual fit audit,Manual review required to identify whether manipulation adds a distinct causal insight beyond the existing explanation.,0,0.6,KEEP,Already has at least one A/B engine instance; not a zero-rich closure candidate.
bv-05-01,8,Grade 8: Bivariate Statistics,bv-residual,A,1,5,1,NONE—manual fit audit,Manual review required to identify whether manipulation adds a distinct causal insight beyond the existing explanation.,0,1.8,KEEP,Already has at least one A/B engine instance; not a zero-rich closure candidate.
bv-05-02,8,Grade 8: Bivariate Statistics,bv-residual-pattern,C,1,6,1,NONE—manual fit audit,Manual review required to identify whether manipulation adds a distinct causal insight beyond the existing explanation.,0,0.6,KEEP,Already has at least one A/B engine instance; not a zero-rich closure candidate.
bv-05-03,8,Grade 8: Bivariate Statistics,bv-fit-by-residual,C,1,4,1,NONE—manual fit audit,Manual review required to identify whether manipulation adds a distinct causal insight beyond the existing explanation.,0,0.6,KEEP,Already has at least one A/B engine instance; not a zero-rich closure candidate.
cr-01-01,10,Geometry: Circle Theorems,cr-central-arcs,A,1,5,2,NONE—manual fit audit,Manual review required to identify whether manipulation adds a distinct causal insight beyond the existing explanation.,0,4.2,KEEP,Already has at least one A/B engine instance; not a zero-rich closure candidate.
cr-01-02,10,Geometry: Circle Theorems,cr-inscribed,C,1,5,2,NONE—manual fit audit,Manual review required to identify whether manipulation adds a distinct causal insight beyond the existing explanation.,0,1.4,KEEP,Already has at least one A/B engine instance; not a zero-rich closure candidate.
cr-01-03,10,Geometry: Circle Theorems,cr-thales,C,1,5,2,NONE—manual fit audit,Manual review required to identify whether manipulation adds a distinct causal insight beyond the existing explanation.,0,1.4,KEEP,Already has at least one A/B engine instance; not a zero-rich closure candidate.
cr-02-01,10,Geometry: Circle Theorems,cr-chord-arc,A,1,5,1,NONE—manual fit audit,Manual review required to identify whether manipulation adds a distinct causal insight beyond the existing explanation.,0,2.1,KEEP,Already has at least one A/B engine instance; not a zero-rich closure candidate.
cr-02-02,10,Geometry: Circle Theorems,cr-chord-perp,C,1,5,1,NONE—manual fit audit,Manual review required to identify whether manipulation adds a distinct causal insight beyond the existing explanation.,0,0.7,KEEP,Already has at least one A/B engine instance; not a zero-rich closure candidate.
cr-02-03,10,Geometry: Circle Theorems,cr-chord-dist,C,1,5,1,NONE—manual fit audit,Manual review required to identify whether manipulation adds a distinct causal insight beyond the existing explanation.,0,0.7,KEEP,Already has at least one A/B engine instance; not a zero-rich closure candidate.
cr-03-01,10,Geometry: Circle Theorems,cr-tangent-perp,A,1,5,1,NONE—manual fit audit,Manual review required to identify whether manipulation adds a distinct causal insight beyond the existing explanation.,0,2.1,KEEP,Already has at least one A/B engine instance; not a zero-rich closure candidate.
cr-03-02,10,Geometry: Circle Theorems,cr-two-tangent,C,1,5,1,NONE—manual fit audit,Manual review required to identify whether manipulation adds a distinct causal insight beyond the existing explanation.,0,0.7,KEEP,Already has at least one A/B engine instance; not a zero-rich closure candidate.
cr-03-03,10,Geometry: Circle Theorems,cr-tangent-apps,C,0,6,1,NONE—manual fit audit,Manual review required to identify whether manipulation adds a distinct causal insight beyond the existing explanation.,0,0.7,KEEP,Procedural-fluency purpose; preserve independent production unless a manual lesson read finds a conceptual bottleneck.
cr-04-01,10,Geometry: Circle Theorems,cr-secant-angles,A,0,6,2,secantSlope,Learner could manipulate the secantSlope model and observe a state-dependent consequence before symbolic/retrieval checks.,10,45.17,CHANGE,"Zero A/B interaction in an acquisition lesson; existing secantSlope offers a causal model, so reuse should be audited before any new engine."
cr-04-02,10,Geometry: Circle Theorems,cr-tangent-chord,C,1,5,2,secantSlope,Learner could manipulate the secantSlope model and observe a state-dependent consequence before symbolic/retrieval checks.,10,15.06,KEEP,Already has at least one A/B engine instance; not a zero-rich closure candidate.
cr-04-03,10,Geometry: Circle Theorems,cr-power-point,C,0,6,2,secantSlope,Learner could manipulate the secantSlope model and observe a state-dependent consequence before symbolic/retrieval checks.,10,15.06,KEEP,Procedural-fluency purpose; preserve independent production unless a manual lesson read finds a conceptual bottleneck.
cr-05-01,10,Geometry: Circle Theorems,cr-arc-length,A,1,5,1,lengthCompare,Learner could manipulate the lengthCompare model and observe a state-dependent consequence before symbolic/retrieval checks.,63,37.94,KEEP,Already has at least one A/B engine instance; not a zero-rich closure candidate.
cr-05-02,10,Geometry: Circle Theorems,cr-sector-area,C,1,5,2,areaModel,Learner could manipulate the areaModel model and observe a state-dependent consequence before symbolic/retrieval checks.,100,28.02,KEEP,Already has at least one A/B engine instance; not a zero-rich closure candidate.
cr-05-03,10,Geometry: Circle Theorems,cr-cyclic-quad,C,1,5,1,NONE—manual fit audit,Manual review required to identify whether manipulation adds a distinct causal insight beyond the existing explanation.,0,0.7,KEEP,Already has at least one A/B engine instance; not a zero-rich closure candidate.
cr-06-01,10,Geometry: Circle Theorems,cr-circles-similar,A,2,4,3,circleAngleExplore,Learner could manipulate the circleAngleExplore model and observe a state-dependent consequence before symbolic/retrieval checks.,5,53.06,KEEP,Already has at least one A/B engine instance; not a zero-rich closure candidate.
kcm-01-01,0,Comparing,kcm-more-fewer-same,A,3,3,1,NONE—manual fit audit,Manual review required to identify whether manipulation adds a distinct causal insight beyond the existing explanation.,0,1.5,KEEP,Already has at least one A/B engine instance; not a zero-rich closure candidate.
kcm-01-02,0,Comparing,kcm-match-pairs,C,3,3,1,NONE—manual fit audit,Manual review required to identify whether manipulation adds a distinct causal insight beyond the existing explanation.,0,0.5,KEEP,Already has at least one A/B engine instance; not a zero-rich closure candidate.
kcm-01-03,0,Comparing,kcm-bigger-group,C,3,3,1,NONE—manual fit audit,Manual review required to identify whether manipulation adds a distinct causal insight beyond the existing explanation.,0,0.5,KEEP,Already has at least one A/B engine instance; not a zero-rich closure candidate.
kcm-01-04,0,Comparing,kcm-smaller-group,C,3,3,1,NONE—manual fit audit,Manual review required to identify whether manipulation adds a distinct causal insight beyond the existing explanation.,0,0.5,KEEP,Already has at least one A/B engine instance; not a zero-rich closure candidate.
kcm-02-01,0,Comparing,kcm-equal-groups,A,3,3,1,NONE—manual fit audit,Manual review required to identify whether manipulation adds a distinct causal insight beyond the existing explanation.,0,1.5,KEEP,Already has at least one A/B engine instance; not a zero-rich closure candidate.
kcm-02-02,0,Comparing,kcm-compare-visual,C,3,3,1,NONE—manual fit audit,Manual review required to identify whether manipulation adds a distinct causal insight beyond the existing explanation.,0,0.5,KEEP,Already has at least one A/B engine instance; not a zero-rich closure candidate.
kcm-02-03,0,Comparing,kcm-compare-count,C,3,3,1,NONE—manual fit audit,Manual review required to identify whether manipulation adds a distinct causal insight beyond the existing explanation.,0,0.5,KEEP,Already has at least one A/B engine instance; not a zero-rich closure candidate.
kcm-02-04,0,Comparing,kcm-greater-numeral,C,3,3,1,NONE—manual fit audit,Manual review required to identify whether manipulation adds a distinct causal insight beyond the existing explanation.,0,0.5,KEEP,Already has at least one A/B engine instance; not a zero-rich closure candidate.
kcm-03-01,0,Comparing,kcm-less-numeral,A,3,3,1,NONE—manual fit audit,Manual review required to identify whether manipulation adds a distinct causal insight beyond the existing explanation.,0,1.5,KEEP,Already has at least one A/B engine instance; not a zero-rich closure candidate.
kcm-03-02,0,Comparing,kcm-same-numeral,C,3,3,1,NONE—manual fit audit,Manual review required to identify whether manipulation adds a distinct causal insight beyond the existing explanation.,0,0.5,KEEP,Already has at least one A/B engine instance; not a zero-rich closure candidate.
kcm-03-03,0,Comparing,kcm-order-numerals,C,2,4,1,NONE—manual fit audit,Manual review required to identify whether manipulation adds a distinct causal insight beyond the existing explanation.,0,0.5,KEEP,Already has at least one A/B engine instance; not a zero-rich closure candidate.
kcm-03-04,0,Comparing,kcm-greatest-least,C,3,3,1,NONE—manual fit audit,Manual review required to identify whether manipulation adds a distinct causal insight beyond the existing explanation.,0,0.5,KEEP,Already has at least one A/B engine instance; not a zero-rich closure candidate.
cn-01-01,11,Algebra 2: Complex Numbers & Quadratics,cn-perfect-square,A,1,5,1,NONE—manual fit audit,Manual review required to identify whether manipulation adds a distinct causal insight beyond the existing explanation.,0,2.1,KEEP,Already has at least one A/B engine instance; not a zero-rich closure candidate.
cn-01-02,11,Algebra 2: Complex Numbers & Quadratics,cn-cts-solve,C,1,5,1,solveBalance,Learner could manipulate the solveBalance model and observe a state-dependent consequence before symbolic/retrieval checks.,20,9.36,KEEP,Already has at least one A/B engine instance; not a zero-rich closure candidate.
cn-01-03,11,Algebra 2: Complex Numbers & Quadratics,cn-cts-vertex,C,1,5,1,NONE—manual fit audit,Manual review required to identify whether manipulation adds a distinct causal insight beyond the existing explanation.,0,0.7,KEEP,Already has at least one A/B engine instance; not a zero-rich closure candidate.
cn-02-01,11,Algebra 2: Complex Numbers & Quadratics,cn-i-def,A,1,5,2,exactNumberLab,Learner could manipulate the exactNumberLab model and observe a state-dependent consequence before symbolic/retrieval checks.,351,71.09,KEEP,Already has at least one A/B engine instance; not a zero-rich closure candidate.
cn-02-02,11,Algebra 2: Complex Numbers & Quadratics,cn-i-powers,C,1,5,2,exactNumberLab,Learner could manipulate the exactNumberLab model and observe a state-dependent consequence before symbolic/retrieval checks.,351,23.7,KEEP,Already has at least one A/B engine instance; not a zero-rich closure candidate.
cn-02-03,11,Algebra 2: Complex Numbers & Quadratics,cn-complex-plane,C,2,4,3,exactNumberLab,Learner could manipulate the exactNumberLab model and observe a state-dependent consequence before symbolic/retrieval checks.,351,35.55,KEEP,Already has at least one A/B engine instance; not a zero-rich closure candidate.
cn-03-01,11,Algebra 2: Complex Numbers & Quadratics,cn-add-sub,A,1,5,3,exactNumberLab,Learner could manipulate the exactNumberLab model and observe a state-dependent consequence before symbolic/retrieval checks.,351,106.64,KEEP,Already has at least one A/B engine instance; not a zero-rich closure candidate.
cn-03-02,11,Algebra 2: Complex Numbers & Quadratics,cn-multiply,C,1,5,3,exactNumberLab,Learner could manipulate the exactNumberLab model and observe a state-dependent consequence before symbolic/retrieval checks.,351,35.55,KEEP,Already has at least one A/B engine instance; not a zero-rich closure candidate.
cn-03-03,11,Algebra 2: Complex Numbers & Quadratics,cn-conjugate,C,1,5,3,exactNumberLab,Learner could manipulate the exactNumberLab model and observe a state-dependent consequence before symbolic/retrieval checks.,351,35.55,KEEP,Already has at least one A/B engine instance; not a zero-rich closure candidate.
cn-04-01,11,Algebra 2: Complex Numbers & Quadratics,cn-neg-eq,A,0,6,3,exactNumberLab,Learner could manipulate the exactNumberLab model and observe a state-dependent consequence before symbolic/retrieval checks.,351,106.64,KEEP,"Potential conceptual gap, but no obvious existing-engine fit from the mechanical scan; requires human necessity audit before any implementation."
cn-04-02,11,Algebra 2: Complex Numbers & Quadratics,cn-formula-complex,C,0,6,3,exactNumberLab,Learner could manipulate the exactNumberLab model and observe a state-dependent consequence before symbolic/retrieval checks.,351,35.55,KEEP,Procedural-fluency purpose; preserve independent production unless a manual lesson read finds a conceptual bottleneck.
cn-04-03,11,Algebra 2: Complex Numbers & Quadratics,cn-disc-full,C,0,6,3,exactNumberLab,Learner could manipulate the exactNumberLab model and observe a state-dependent consequence before symbolic/retrieval checks.,351,35.55,KEEP,Procedural-fluency purpose; preserve independent production unless a manual lesson read finds a conceptual bottleneck.
cn-05-01,11,Algebra 2: Complex Numbers & Quadratics,cn-sum-product,A,0,6,3,exactNumberLab,Learner could manipulate the exactNumberLab model and observe a state-dependent consequence before symbolic/retrieval checks.,351,106.64,KEEP,"Potential conceptual gap, but no obvious existing-engine fit from the mechanical scan; requires human necessity audit before any implementation."
cn-05-02,11,Algebra 2: Complex Numbers & Quadratics,cn-build-quad,C,0,6,3,quadraticExplore,Learner could manipulate the quadraticExplore model and observe a state-dependent consequence before symbolic/retrieval checks.,25,29.96,KEEP,Procedural-fluency purpose; preserve independent production unless a manual lesson read finds a conceptual bottleneck.
cn-05-03,11,Algebra 2: Complex Numbers & Quadratics,cn-method-choice,C,0,6,1,NONE—manual fit audit,Manual review required to identify whether manipulation adds a distinct causal insight beyond the existing explanation.,0,0.7,KEEP,Procedural-fluency purpose; preserve independent production unless a manual lesson read finds a conceptual bottleneck.
g1s-01-01,1,Composing Shapes,g1s-defining,A,2,4,1,NONE—manual fit audit,Manual review required to identify whether manipulation adds a distinct causal insight beyond the existing explanation.,0,1.5,KEEP,Already has at least one A/B engine instance; not a zero-rich closure candidate.
g1s-01-02,1,Composing Shapes,g1s-nondefining,C,2,4,1,NONE—manual fit audit,Manual review required to identify whether manipulation adds a distinct causal insight beyond the existing explanation.,0,0.5,KEEP,Already has at least one A/B engine instance; not a zero-rich closure candidate.
g1s-01-03,1,Composing Shapes,g1s-sort-defining,C,1,5,1,NONE—manual fit audit,Manual review required to identify whether manipulation adds a distinct causal insight beyond the existing explanation.,0,0.5,KEEP,Already has at least one A/B engine instance; not a zero-rich closure candidate.
g1s-02-01,1,Composing Shapes,g1s-compose-two,A,2,4,1,NONE—manual fit audit,Manual review required to identify whether manipulation adds a distinct causal insight beyond the existing explanation.,0,1.5,KEEP,Already has at least one A/B engine instance; not a zero-rich closure candidate.
g1s-02-02,1,Composing Shapes,g1s-make-rectangle,C,2,4,2,NONE—manual fit audit,Manual review required to identify whether manipulation adds a distinct causal insight beyond the existing explanation.,0,1.0,KEEP,Already has at least one A/B engine instance; not a zero-rich closure candidate.
g1s-02-03,1,Composing Shapes,g1s-make-hexagon,C,1,5,1,NONE—manual fit audit,Manual review required to identify whether manipulation adds a distinct causal insight beyond the existing explanation.,0,0.5,KEEP,Already has at least one A/B engine instance; not a zero-rich closure candidate.
g1s-02-04,1,Composing Shapes,g1s-fill-outline,C,1,5,1,NONE—manual fit audit,Manual review required to identify whether manipulation adds a distinct causal insight beyond the existing explanation.,0,0.5,KEEP,Already has at least one A/B engine instance; not a zero-rich closure candidate.
g1s-03-01,1,Composing Shapes,g1s-compose-solid,A,1,5,1,NONE—manual fit audit,Manual review required to identify whether manipulation adds a distinct causal insight beyond the existing explanation.,0,1.5,KEEP,Already has at least one A/B engine instance; not a zero-rich closure candidate.
g1s-03-02,1,Composing Shapes,g1s-decompose,C,2,4,1,NONE—manual fit audit,Manual review required to identify whether manipulation adds a distinct causal insight beyond the existing explanation.,0,0.5,KEEP,Already has at least one A/B engine instance; not a zero-rich closure candidate.
g1s-03-03,1,Composing Shapes,g1s-compose-new,C,2,4,1,NONE—manual fit audit,Manual review required to identify whether manipulation adds a distinct causal insight beyond the existing explanation.,0,0.5,KEEP,Already has at least one A/B engine instance; not a zero-rich closure candidate.
cpr-01-01,10,Conditional Probability & the Rules of Chance,cpr-set-ops,A,1,4,1,NONE—manual fit audit,Manual review required to identify whether manipulation adds a distinct causal insight beyond the existing explanation.,0,2.1,KEEP,Already has at least one A/B engine instance; not a zero-rich closure candidate.
cpr-01-02,10,Conditional Probability & the Rules of Chance,cpr-complement,C,1,4,1,NONE—manual fit audit,Manual review required to identify whether manipulation adds a distinct causal insight beyond the existing explanation.,0,0.7,KEEP,Already has at least one A/B engine instance; not a zero-rich closure candidate.
cpr-01-03,10,Conditional Probability & the Rules of Chance,cpr-mutually-exclusive,C,1,4,1,NONE—manual fit audit,Manual review required to identify whether manipulation adds a distinct causal insight beyond the existing explanation.,0,0.7,KEEP,Already has at least one A/B engine instance; not a zero-rich closure candidate.
cpr-02-01,10,Conditional Probability & the Rules of Chance,cpr-addition-rule,A,1,5,1,NONE—manual fit audit,Manual review required to identify whether manipulation adds a distinct causal insight beyond the existing explanation.,0,2.1,KEEP,Already has at least one A/B engine instance; not a zero-rich closure candidate.
cpr-02-02,10,Conditional Probability & the Rules of Chance,cpr-joint-prob,C,1,5,1,NONE—manual fit audit,Manual review required to identify whether manipulation adds a distinct causal insight beyond the existing explanation.,0,0.7,KEEP,Already has at least one A/B engine instance; not a zero-rich closure candidate.
cpr-02-03,10,Conditional Probability & the Rules of Chance,cpr-table-union,C,1,5,1,NONE—manual fit audit,Manual review required to identify whether manipulation adds a distinct causal insight beyond the existing explanation.,0,0.7,KEEP,Already has at least one A/B engine instance; not a zero-rich closure candidate.
cpr-03-01,10,Conditional Probability & the Rules of Chance,cpr-conditional-def,A,1,5,1,NONE—manual fit audit,Manual review required to identify whether manipulation adds a distinct causal insight beyond the existing explanation.,0,2.1,KEEP,Already has at least one A/B engine instance; not a zero-rich closure candidate.
cpr-03-02,10,Conditional Probability & the Rules of Chance,cpr-conditional-table,C,1,5,1,NONE—manual fit audit,Manual review required to identify whether manipulation adds a distinct causal insight beyond the existing explanation.,0,0.7,KEEP,Already has at least one A/B engine instance; not a zero-rich closure candidate.
cpr-03-03,10,Conditional Probability & the Rules of Chance,cpr-multiplication-rule,C,1,5,1,NONE—manual fit audit,Manual review required to identify whether manipulation adds a distinct causal insight beyond the existing explanation.,0,0.7,KEEP,Already has at least one A/B engine instance; not a zero-rich closure candidate.
cpr-03-04,10,Conditional Probability & the Rules of Chance,cpr-tree-chain,C,1,5,1,NONE—manual fit audit,Manual review required to identify whether manipulation adds a distinct causal insight beyond the existing explanation.,0,0.7,KEEP,Already has at least one A/B engine instance; not a zero-rich closure candidate.
cpr-04-01,10,Conditional Probability & the Rules of Chance,cpr-independence-def,A,1,5,2,NONE—manual fit audit,Manual review required to identify whether manipulation adds a distinct causal insight beyond the existing explanation.,0,4.2,KEEP,Already has at least one A/B engine instance; not a zero-rich closure candidate.
cpr-04-02,10,Conditional Probability & the Rules of Chance,cpr-independence-test,E,1,5,1,NONE—manual fit audit,Manual review required to identify whether manipulation adds a distinct causal insight beyond the existing explanation.,0,0.35,KEEP,Already has at least one A/B engine instance; not a zero-rich closure candidate.
cpr-04-03,10,Conditional Probability & the Rules of Chance,cpr-indep-vs-disjoint,C,1,4,1,NONE—manual fit audit,Manual review required to identify whether manipulation adds a distinct causal insight beyond the existing explanation.,0,0.7,KEEP,Already has at least one A/B engine instance; not a zero-rich closure candidate.
cpr-05-01,10,Conditional Probability & the Rules of Chance,cpr-permutation,A,1,5,3,trialProbabilityLab,Learner could manipulate the trialProbabilityLab model and observe a state-dependent consequence before symbolic/retrieval checks.,13,73.84,KEEP,Already has at least one A/B engine instance; not a zero-rich closure candidate.
cpr-05-02,10,Conditional Probability & the Rules of Chance,cpr-combination,C,1,5,3,trialProbabilityLab,Learner could manipulate the trialProbabilityLab model and observe a state-dependent consequence before symbolic/retrieval checks.,13,24.61,KEEP,Already has at least one A/B engine instance; not a zero-rich closure candidate.
cpr-05-03,10,Conditional Probability & the Rules of Chance,cpr-count-prob,C,1,5,3,trialProbabilityLab,Learner could manipulate the trialProbabilityLab model and observe a state-dependent consequence before symbolic/retrieval checks.,13,24.61,KEEP,Already has at least one A/B engine instance; not a zero-rich closure candidate.
co-01-01,12,Precalculus: Conic Sections,co-parabola-def,A,1,4,1,NONE—manual fit audit,Manual review required to identify whether manipulation adds a distinct causal insight beyond the existing explanation.,0,2.1,KEEP,Already has at least one A/B engine instance; not a zero-rich closure candidate.
co-01-02,12,Precalculus: Conic Sections,co-shifted-parabola,C,0,5,1,NONE—manual fit audit,Manual review required to identify whether manipulation adds a distinct causal insight beyond the existing explanation.,0,0.7,KEEP,Procedural-fluency purpose; preserve independent production unless a manual lesson read finds a conceptual bottleneck.
co-01-03,12,Precalculus: Conic Sections,co-reflector,C,0,5,1,NONE—manual fit audit,Manual review required to identify whether manipulation adds a distinct causal insight beyond the existing explanation.,0,0.7,KEEP,Procedural-fluency purpose; preserve independent production unless a manual lesson read finds a conceptual bottleneck.
co-02-01,12,Precalculus: Conic Sections,co-ellipse,A,1,4,1,NONE—manual fit audit,Manual review required to identify whether manipulation adds a distinct causal insight beyond the existing explanation.,0,2.1,KEEP,Already has at least one A/B engine instance; not a zero-rich closure candidate.
co-02-02,12,Precalculus: Conic Sections,co-abc,C,1,4,1,NONE—manual fit audit,Manual review required to identify whether manipulation adds a distinct causal insight beyond the existing explanation.,0,0.7,KEEP,Already has at least one A/B engine instance; not a zero-rich closure candidate.
co-02-03,12,Precalculus: Conic Sections,co-shifted,C,0,5,1,NONE—manual fit audit,Manual review required to identify whether manipulation adds a distinct causal insight beyond the existing explanation.,0,0.7,KEEP,Procedural-fluency purpose; preserve independent production unless a manual lesson read finds a conceptual bottleneck.
co-03-01,12,Precalculus: Conic Sections,co-hyperbola,A,0,5,1,NONE—manual fit audit,Manual review required to identify whether manipulation adds a distinct causal insight beyond the existing explanation.,0,2.1,KEEP,"Potential conceptual gap, but no obvious existing-engine fit from the mechanical scan; requires human necessity audit before any implementation."
co-03-02,12,Precalculus: Conic Sections,co-asymptote,C,0,5,1,NONE—manual fit audit,Manual review required to identify whether manipulation adds a distinct causal insight beyond the existing explanation.,0,0.7,KEEP,Procedural-fluency purpose; preserve independent production unless a manual lesson read finds a conceptual bottleneck.
co-03-03,12,Precalculus: Conic Sections,co-hyp-ecc,C,1,4,1,NONE—manual fit audit,Manual review required to identify whether manipulation adds a distinct causal insight beyond the existing explanation.,0,0.7,KEEP,Already has at least one A/B engine instance; not a zero-rich closure candidate.
co-04-01,12,Precalculus: Conic Sections,co-identify,A,0,5,1,NONE—manual fit audit,Manual review required to identify whether manipulation adds a distinct causal insight beyond the existing explanation.,0,2.1,KEEP,"Potential conceptual gap, but no obvious existing-engine fit from the mechanical scan; requires human necessity audit before any implementation."
co-04-02,12,Precalculus: Conic Sections,co-complete,C,1,4,1,NONE—manual fit audit,Manual review required to identify whether manipulation adds a distinct causal insight beyond the existing explanation.,0,0.7,KEEP,Already has at least one A/B engine instance; not a zero-rich closure candidate.
co-04-03,12,Precalculus: Conic Sections,co-general-hp,C,1,4,1,NONE—manual fit audit,Manual review required to identify whether manipulation adds a distinct causal insight beyond the existing explanation.,0,0.7,KEEP,Already has at least one A/B engine instance; not a zero-rich closure candidate.
co-05-01,12,Precalculus: Conic Sections,co-ecc-unify,A,0,5,1,NONE—manual fit audit,Manual review required to identify whether manipulation adds a distinct causal insight beyond the existing explanation.,0,2.1,KEEP,"Potential conceptual gap, but no obvious existing-engine fit from the mechanical scan; requires human necessity audit before any implementation."
co-05-02,12,Precalculus: Conic Sections,co-focus-directrix,C,1,4,1,NONE—manual fit audit,Manual review required to identify whether manipulation adds a distinct causal insight beyond the existing explanation.,0,0.7,KEEP,Already has at least one A/B engine instance; not a zero-rich closure candidate.
co-05-03,12,Precalculus: Conic Sections,co-orbits,C,1,4,1,NONE—manual fit audit,Manual review required to identify whether manipulation adds a distinct causal insight beyond the existing explanation.,0,0.7,KEEP,Already has at least one A/B engine instance; not a zero-rich closure candidate.
cp-01-01,10,Geometry: Constructions & Proof,cp-tool-rules,A,2,5,1,triangleConstraintLab,Learner could manipulate the triangleConstraintLab model and observe a state-dependent consequence before symbolic/retrieval checks.,13,24.61,KEEP,Already has at least one A/B engine instance; not a zero-rich closure candidate.
cp-01-02,10,Geometry: Constructions & Proof,cp-perp-bisector,C,1,5,1,triangleConstraintLab,Learner could manipulate the triangleConstraintLab model and observe a state-dependent consequence before symbolic/retrieval checks.,13,8.2,KEEP,Already has at least one A/B engine instance; not a zero-rich closure candidate.
cp-01-03,10,Geometry: Constructions & Proof,cp-angle-bisector,C,1,5,2,triangleConstraintLab,Learner could manipulate the triangleConstraintLab model and observe a state-dependent consequence before symbolic/retrieval checks.,13,16.41,KEEP,Already has at least one A/B engine instance; not a zero-rich closure candidate.
cp-02-01,10,Geometry: Constructions & Proof,cp-perp-at-point,A,1,5,1,NONE—manual fit audit,Manual review required to identify whether manipulation adds a distinct causal insight beyond the existing explanation.,0,2.1,KEEP,Already has at least one A/B engine instance; not a zero-rich closure candidate.
cp-02-02,10,Geometry: Constructions & Proof,cp-perp-from-point,C,1,6,1,NONE—manual fit audit,Manual review required to identify whether manipulation adds a distinct causal insight beyond the existing explanation.,0,0.7,KEEP,Already has at least one A/B engine instance; not a zero-rich closure candidate.
cp-02-03,10,Geometry: Constructions & Proof,cp-parallel-through-point,C,1,6,1,NONE—manual fit audit,Manual review required to identify whether manipulation adds a distinct causal insight beyond the existing explanation.,0,0.7,KEEP,Already has at least one A/B engine instance; not a zero-rich closure candidate.
cp-03-01,10,Geometry: Constructions & Proof,cp-hexagon,A,1,4,1,NONE—manual fit audit,Manual review required to identify whether manipulation adds a distinct causal insight beyond the existing explanation.,0,2.1,KEEP,Already has at least one A/B engine instance; not a zero-rich closure candidate.
cp-03-02,10,Geometry: Constructions & Proof,cp-square-triangle,C,1,6,2,triangleConstraintLab,Learner could manipulate the triangleConstraintLab model and observe a state-dependent consequence before symbolic/retrieval checks.,13,16.41,KEEP,Already has at least one A/B engine instance; not a zero-rich closure candidate.
cp-03-03,10,Geometry: Constructions & Proof,cp-why-works,A,1,6,1,triangleConstraintLab,Learner could manipulate the triangleConstraintLab model and observe a state-dependent consequence before symbolic/retrieval checks.,13,24.61,KEEP,Already has at least one A/B engine instance; not a zero-rich closure candidate.
cp-04-01,10,Geometry: Constructions & Proof,cp-conjecture-proof,A,0,6,3,NONE—manual fit audit,Manual review required to identify whether manipulation adds a distinct causal insight beyond the existing explanation.,0,6.3,KEEP,"Potential conceptual gap, but no obvious existing-engine fit from the mechanical scan; requires human necessity audit before any implementation."
cp-04-02,10,Geometry: Constructions & Proof,cp-two-column,C,0,6,3,NONE—manual fit audit,Manual review required to identify whether manipulation adds a distinct causal insight beyond the existing explanation.,0,2.1,KEEP,Procedural-fluency purpose; preserve independent production unless a manual lesson read finds a conceptual bottleneck.
cp-04-03,10,Geometry: Constructions & Proof,cp-vertical-angles,C,1,5,3,NONE—manual fit audit,Manual review required to identify whether manipulation adds a distinct causal insight beyond the existing explanation.,0,2.1,KEEP,Already has at least one A/B engine instance; not a zero-rich closure candidate.
cp-05-01,10,Geometry: Constructions & Proof,cp-transversal-family,A,0,6,2,NONE—manual fit audit,Manual review required to identify whether manipulation adds a distinct causal insight beyond the existing explanation.,0,4.2,KEEP,"Potential conceptual gap, but no obvious existing-engine fit from the mechanical scan; requires human necessity audit before any implementation."
cp-05-02,10,Geometry: Constructions & Proof,cp-proving-transversal,C,0,6,2,NONE—manual fit audit,Manual review required to identify whether manipulation adds a distinct causal insight beyond the existing explanation.,0,1.4,KEEP,Procedural-fluency purpose; preserve independent production unless a manual lesson read finds a conceptual bottleneck.
cp-05-03,10,Geometry: Constructions & Proof,cp-converses,C,1,5,2,NONE—manual fit audit,Manual review required to identify whether manipulation adds a distinct causal insight beyond the existing explanation.,0,1.4,KEEP,Already has at least one A/B engine instance; not a zero-rich closure candidate.
cg-01-01,5,The Coordinate Plane & Shape Families,coord-read,A,1,5,2,plotPoint,Learner could manipulate the plotPoint model and observe a state-dependent consequence before symbolic/retrieval checks.,66,60.27,KEEP,Already has at least one A/B engine instance; not a zero-rich closure candidate.
cg-01-02,5,The Coordinate Plane & Shape Families,coord-plot,C,4,2,2,plotPoint,Learner could manipulate the plotPoint model and observe a state-dependent consequence before symbolic/retrieval checks.,66,20.09,KEEP,Already has at least one A/B engine instance; not a zero-rich closure candidate.
cg-01-03,5,The Coordinate Plane & Shape Families,coord-realworld,C,6,0,2,plotPoint,Learner could manipulate the plotPoint model and observe a state-dependent consequence before symbolic/retrieval checks.,66,20.09,KEEP,Already has at least one A/B engine instance; not a zero-rich closure candidate.
cg-02-01,5,The Coordinate Plane & Shape Families,two-rules,A,2,4,2,NONE—manual fit audit,Manual review required to identify whether manipulation adds a distinct causal insight beyond the existing explanation.,0,3.3,KEEP,Already has at least one A/B engine instance; not a zero-rich closure candidate.
cg-02-02,5,The Coordinate Plane & Shape Families,pattern-graph,C,2,4,2,NONE—manual fit audit,Manual review required to identify whether manipulation adds a distinct causal insight beyond the existing explanation.,0,1.1,KEEP,Already has at least one A/B engine instance; not a zero-rich closure candidate.
cg-03-01,5,The Coordinate Plane & Shape Families,attribute-inherit,A,5,1,1,NONE—manual fit audit,Manual review required to identify whether manipulation adds a distinct causal insight beyond the existing explanation.,0,1.65,KEEP,Already has at least one A/B engine instance; not a zero-rich closure candidate.
cg-03-02,5,The Coordinate Plane & Shape Families,quad-family,C,1,5,1,NONE—manual fit audit,Manual review required to identify whether manipulation adds a distinct causal insight beyond the existing explanation.,0,0.55,KEEP,Already has at least one A/B engine instance; not a zero-rich closure candidate.
cg-03-03,5,The Coordinate Plane & Shape Families,triangle-family,C,5,1,2,triangleConstraintLab,Learner could manipulate the triangleConstraintLab model and observe a state-dependent consequence before symbolic/retrieval checks.,13,12.89,KEEP,Already has at least one A/B engine instance; not a zero-rich closure candidate.
cg-04-01,5,The Coordinate Plane & Shape Families,classify-properties,A,1,5,1,NONE—manual fit audit,Manual review required to identify whether manipulation adds a distinct causal insight beyond the existing explanation.,0,1.65,KEEP,Already has at least one A/B engine instance; not a zero-rich closure candidate.
cg-04-02,5,The Coordinate Plane & Shape Families,hierarchy-logic,C,6,0,1,NONE—manual fit audit,Manual review required to identify whether manipulation adds a distinct causal insight beyond the existing explanation.,0,0.55,KEEP,Already has at least one A/B engine instance; not a zero-rich closure candidate.
cx-01-01,10,Geometry: Coordinate Proofs,cx-distance,A,1,6,1,NONE—manual fit audit,Manual review required to identify whether manipulation adds a distinct causal insight beyond the existing explanation.,0,2.1,KEEP,Already has at least one A/B engine instance; not a zero-rich closure candidate.
cx-01-02,10,Geometry: Coordinate Proofs,cx-midpoint,C,1,5,1,NONE—manual fit audit,Manual review required to identify whether manipulation adds a distinct causal insight beyond the existing explanation.,0,0.7,KEEP,Already has at least one A/B engine instance; not a zero-rich closure candidate.
cx-01-03,10,Geometry: Coordinate Proofs,cx-dist-apps,C,1,5,1,NONE—manual fit audit,Manual review required to identify whether manipulation adds a distinct causal insight beyond the existing explanation.,0,0.7,KEEP,Already has at least one A/B engine instance; not a zero-rich closure candidate.
cx-02-01,10,Geometry: Coordinate Proofs,cx-partition,A,1,5,3,lineExplore,Learner could manipulate the lineExplore model and observe a state-dependent consequence before symbolic/retrieval checks.,6,56.7,KEEP,Already has at least one A/B engine instance; not a zero-rich closure candidate.
cx-02-02,10,Geometry: Coordinate Proofs,cx-parallel-proof,C,1,5,3,lineExplore,Learner could manipulate the lineExplore model and observe a state-dependent consequence before symbolic/retrieval checks.,6,18.9,KEEP,Already has at least one A/B engine instance; not a zero-rich closure candidate.
cx-02-03,10,Geometry: Coordinate Proofs,cx-perp-proof,C,1,5,3,lineExplore,Learner could manipulate the lineExplore model and observe a state-dependent consequence before symbolic/retrieval checks.,6,18.9,KEEP,Already has at least one A/B engine instance; not a zero-rich closure candidate.
cx-03-01,10,Geometry: Coordinate Proofs,cx-classify-tri,A,1,5,3,triangleConstraintLab,Learner could manipulate the triangleConstraintLab model and observe a state-dependent consequence before symbolic/retrieval checks.,13,73.84,KEEP,Already has at least one A/B engine instance; not a zero-rich closure candidate.
cx-03-02,10,Geometry: Coordinate Proofs,cx-classify-quad,C,1,5,3,plotPoint,Learner could manipulate the plotPoint model and observe a state-dependent consequence before symbolic/retrieval checks.,66,38.35,KEEP,Already has at least one A/B engine instance; not a zero-rich closure candidate.
cx-03-03,10,Geometry: Coordinate Proofs,cx-general-proof,C,1,5,3,plotPoint,Learner could manipulate the plotPoint model and observe a state-dependent consequence before symbolic/retrieval checks.,66,38.35,KEEP,Already has at least one A/B engine instance; not a zero-rich closure candidate.
cx-04-01,10,Geometry: Coordinate Proofs,cx-perimeter,A,1,5,2,areaModel,Learner could manipulate the areaModel model and observe a state-dependent consequence before symbolic/retrieval checks.,100,84.07,KEEP,Already has at least one A/B engine instance; not a zero-rich closure candidate.
cx-04-02,10,Geometry: Coordinate Proofs,cx-area-box,C,1,5,2,areaModel,Learner could manipulate the areaModel model and observe a state-dependent consequence before symbolic/retrieval checks.,100,28.02,KEEP,Already has at least one A/B engine instance; not a zero-rich closure candidate.
cx-04-03,10,Geometry: Coordinate Proofs,cx-shoelace,C,1,5,2,areaModel,Learner could manipulate the areaModel model and observe a state-dependent consequence before symbolic/retrieval checks.,100,28.02,KEEP,Already has at least one A/B engine instance; not a zero-rich closure candidate.
cx-05-01,10,Geometry: Coordinate Proofs,cx-circle-eq,A,1,5,3,solveBalance,Learner could manipulate the solveBalance model and observe a state-dependent consequence before symbolic/retrieval checks.,20,84.28,KEEP,Already has at least one A/B engine instance; not a zero-rich closure candidate.
cx-05-02,10,Geometry: Coordinate Proofs,cx-circle-position,C,1,5,2,circleAngleExplore,Learner could manipulate the circleAngleExplore model and observe a state-dependent consequence before symbolic/retrieval checks.,5,11.79,KEEP,Already has at least one A/B engine instance; not a zero-rich closure candidate.
cx-05-03,10,Geometry: Coordinate Proofs,cx-circle-cts,C,1,5,2,circleAngleExplore,Learner could manipulate the circleAngleExplore model and observe a state-dependent consequence before symbolic/retrieval checks.,5,11.79,KEEP,Already has at least one A/B engine instance; not a zero-rich closure candidate.
c120-01-01,1,Count & Write to 120,count-sequence,A,4,2,2,NONE—manual fit audit,Manual review required to identify whether manipulation adds a distinct causal insight beyond the existing explanation.,0,3.0,KEEP,Already has at least one A/B engine instance; not a zero-rich closure candidate.
c120-01-02,1,Count & Write to 120,count-sequence,C,2,4,2,NONE—manual fit audit,Manual review required to identify whether manipulation adds a distinct causal insight beyond the existing explanation.,0,1.0,KEEP,Already has at least one A/B engine instance; not a zero-rich closure candidate.
c120-01-03,1,Count & Write to 120,count-sequence,C,0,6,2,NONE—manual fit audit,Manual review required to identify whether manipulation adds a distinct causal insight beyond the existing explanation.,0,1.0,KEEP,Procedural-fluency purpose; preserve independent production unless a manual lesson read finds a conceptual bottleneck.
c120-02-01,1,Count & Write to 120,chart-rows,A,0,6,1,NONE—manual fit audit,Manual review required to identify whether manipulation adds a distinct causal insight beyond the existing explanation.,0,1.5,KEEP,"Potential conceptual gap, but no obvious existing-engine fit from the mechanical scan; requires human necessity audit before any implementation."
c120-02-02,1,Count & Write to 120,chart-find,C,0,6,1,NONE—manual fit audit,Manual review required to identify whether manipulation adds a distinct causal insight beyond the existing explanation.,0,0.5,KEEP,Procedural-fluency purpose; preserve independent production unless a manual lesson read finds a conceptual bottleneck.
c120-02-03,1,Count & Write to 120,chart-pattern,C,1,5,1,NONE—manual fit audit,Manual review required to identify whether manipulation adds a distinct causal insight beyond the existing explanation.,0,0.5,KEEP,Already has at least one A/B engine instance; not a zero-rich closure candidate.
c120-03-01,1,Count & Write to 120,tens-ones,A,3,3,1,NONE—manual fit audit,Manual review required to identify whether manipulation adds a distinct causal insight beyond the existing explanation.,0,1.5,KEEP,Already has at least one A/B engine instance; not a zero-rich closure candidate.
c120-03-02,1,Count & Write to 120,teens,C,2,4,1,NONE—manual fit audit,Manual review required to identify whether manipulation adds a distinct causal insight beyond the existing explanation.,0,0.5,KEEP,Already has at least one A/B engine instance; not a zero-rich closure candidate.
c120-03-03,1,Count & Write to 120,past-hundred,C,1,5,1,NONE—manual fit audit,Manual review required to identify whether manipulation adds a distinct causal insight beyond the existing explanation.,0,0.5,KEEP,Already has at least one A/B engine instance; not a zero-rich closure candidate.
c120-04-01,1,Count & Write to 120,skip-ten,A,1,5,1,NONE—manual fit audit,Manual review required to identify whether manipulation adds a distinct causal insight beyond the existing explanation.,0,1.5,KEEP,Already has at least one A/B engine instance; not a zero-rich closure candidate.
c120-04-02,1,Count & Write to 120,count-pile,C,1,5,1,NONE—manual fit audit,Manual review required to identify whether manipulation adds a distinct causal insight beyond the existing explanation.,0,0.5,KEEP,Already has at least one A/B engine instance; not a zero-rich closure candidate.
c120-04-03,1,Count & Write to 120,to-120,C,1,5,1,NONE—manual fit audit,Manual review required to identify whether manipulation adds a distinct causal insight beyond the existing explanation.,0,0.5,KEEP,Already has at least one A/B engine instance; not a zero-rich closure candidate.
c120-05-01,1,Count & Write to 120,one-more-less,A,1,5,1,NONE—manual fit audit,Manual review required to identify whether manipulation adds a distinct causal insight beyond the existing explanation.,0,1.5,KEEP,Already has at least one A/B engine instance; not a zero-rich closure candidate.
c120-05-02,1,Count & Write to 120,ten-more-less,C,0,6,1,NONE—manual fit audit,Manual review required to identify whether manipulation adds a distinct causal insight beyond the existing explanation.,0,0.5,KEEP,Procedural-fluency purpose; preserve independent production unless a manual lesson read finds a conceptual bottleneck.
c120-05-03,1,Count & Write to 120,mix-jumps,C,0,6,1,NONE—manual fit audit,Manual review required to identify whether manipulation adds a distinct causal insight beyond the existing explanation.,0,0.5,KEEP,Procedural-fluency purpose; preserve independent production unless a manual lesson read finds a conceptual bottleneck.
k100-01-01,0,Counting to 100,kcc-count-past-20,A,4,2,1,NONE—manual fit audit,Manual review required to identify whether manipulation adds a distinct causal insight beyond the existing explanation.,0,1.5,KEEP,Already has at least one A/B engine instance; not a zero-rich closure candidate.
k100-01-02,0,Counting to 100,kcc-cross-decade,C,3,3,1,NONE—manual fit audit,Manual review required to identify whether manipulation adds a distinct causal insight beyond the existing explanation.,0,0.5,KEEP,Already has at least one A/B engine instance; not a zero-rich closure candidate.
k100-01-03,0,Counting to 100,kcc-count-to-50,C,4,2,1,NONE—manual fit audit,Manual review required to identify whether manipulation adds a distinct causal insight beyond the existing explanation.,0,0.5,KEEP,Already has at least one A/B engine instance; not a zero-rich closure candidate.
k100-01-04,0,Counting to 100,kcc-count-50-70,C,4,2,1,NONE—manual fit audit,Manual review required to identify whether manipulation adds a distinct causal insight beyond the existing explanation.,0,0.5,KEEP,Already has at least one A/B engine instance; not a zero-rich closure candidate.
k100-01-05,0,Counting to 100,kcc-count-70-100,C,4,2,1,NONE—manual fit audit,Manual review required to identify whether manipulation adds a distinct causal insight beyond the existing explanation.,0,0.5,KEEP,Already has at least one A/B engine instance; not a zero-rich closure candidate.
k100-01-06,0,Counting to 100,kcc-count-to-100,C,3,3,1,NONE—manual fit audit,Manual review required to identify whether manipulation adds a distinct causal insight beyond the existing explanation.,0,0.5,KEEP,Already has at least one A/B engine instance; not a zero-rich closure candidate.
k100-02-01,0,Counting to 100,kcc-tens-to-50,A,3,3,1,NONE—manual fit audit,Manual review required to identify whether manipulation adds a distinct causal insight beyond the existing explanation.,0,1.5,KEEP,Already has at least one A/B engine instance; not a zero-rich closure candidate.
k100-02-02,0,Counting to 100,kcc-tens-to-100,C,3,3,1,NONE—manual fit audit,Manual review required to identify whether manipulation adds a distinct causal insight beyond the existing explanation.,0,0.5,KEEP,Already has at least one A/B engine instance; not a zero-rich closure candidate.
k100-02-03,0,Counting to 100,kcc-tens-chart,C,1,5,1,NONE—manual fit audit,Manual review required to identify whether manipulation adds a distinct causal insight beyond the existing explanation.,0,0.5,KEEP,Already has at least one A/B engine instance; not a zero-rich closure candidate.
k100-02-04,0,Counting to 100,kcc-next-ten,C,2,4,1,NONE—manual fit audit,Manual review required to identify whether manipulation adds a distinct causal insight beyond the existing explanation.,0,0.5,KEEP,Already has at least one A/B engine instance; not a zero-rich closure candidate.
k100-02-05,0,Counting to 100,kcc-tens-back,C,4,2,1,NONE—manual fit audit,Manual review required to identify whether manipulation adds a distinct causal insight beyond the existing explanation.,0,0.5,KEEP,Already has at least one A/B engine instance; not a zero-rich closure candidate.
k100-03-01,0,Counting to 100,kcc-count-from-given,A,4,2,1,NONE—manual fit audit,Manual review required to identify whether manipulation adds a distinct causal insight beyond the existing explanation.,0,1.5,KEEP,Already has at least one A/B engine instance; not a zero-rich closure candidate.
k100-03-02,0,Counting to 100,kcc-count-from-mid,C,4,2,1,NONE—manual fit audit,Manual review required to identify whether manipulation adds a distinct causal insight beyond the existing explanation.,0,0.5,KEEP,Already has at least one A/B engine instance; not a zero-rich closure candidate.
k100-03-03,0,Counting to 100,kcc-continue-count,C,4,2,1,NONE—manual fit audit,Manual review required to identify whether manipulation adds a distinct causal insight beyond the existing explanation.,0,0.5,KEEP,Already has at least one A/B engine instance; not a zero-rich closure candidate.
k100-03-04,0,Counting to 100,kcc-count-from-large,C,4,2,1,NONE—manual fit audit,Manual review required to identify whether manipulation adds a distinct causal insight beyond the existing explanation.,0,0.5,KEEP,Already has at least one A/B engine instance; not a zero-rich closure candidate.
k100-03-05,0,Counting to 100,kcc-chart-next,C,3,3,1,NONE—manual fit audit,Manual review required to identify whether manipulation adds a distinct causal insight beyond the existing explanation.,0,0.5,KEEP,Already has at least one A/B engine instance; not a zero-rich closure candidate.
k100-03-06,0,Counting to 100,kcc-chart-missing,C,1,5,1,NONE—manual fit audit,Manual review required to identify whether manipulation adds a distinct causal insight beyond the existing explanation.,0,0.5,KEEP,Already has at least one A/B engine instance; not a zero-rich closure candidate.
k100-03-07,0,Counting to 100,kcc-count-back-20,C,4,2,1,NONE—manual fit audit,Manual review required to identify whether manipulation adds a distinct causal insight beyond the existing explanation.,0,0.5,KEEP,Already has at least one A/B engine instance; not a zero-rich closure candidate.
kc-01-01,0,Kindergarten: Counting & Numbers,kc-count-objects,A,2,4,1,NONE—manual fit audit,Manual review required to identify whether manipulation adds a distinct causal insight beyond the existing explanation.,0,1.5,KEEP,Already has at least one A/B engine instance; not a zero-rich closure candidate.
kc-01-02,0,Kindergarten: Counting & Numbers,kc-read-numerals,C,2,4,1,NONE—manual fit audit,Manual review required to identify whether manipulation adds a distinct causal insight beyond the existing explanation.,0,0.5,KEEP,Already has at least one A/B engine instance; not a zero-rich closure candidate.
kc-01-03,0,Kindergarten: Counting & Numbers,kc-count-on,C,6,0,1,NONE—manual fit audit,Manual review required to identify whether manipulation adds a distinct causal insight beyond the existing explanation.,0,0.5,KEEP,Already has at least one A/B engine instance; not a zero-rich closure candidate.
kc-02-01,0,Kindergarten: Counting & Numbers,kc-more-fewer,A,5,1,1,NONE—manual fit audit,Manual review required to identify whether manipulation adds a distinct causal insight beyond the existing explanation.,0,1.5,KEEP,Already has at least one A/B engine instance; not a zero-rich closure candidate.
kc-02-02,0,Kindergarten: Counting & Numbers,kc-compare-numbers,C,5,1,1,NONE—manual fit audit,Manual review required to identify whether manipulation adds a distinct causal insight beyond the existing explanation.,0,0.5,KEEP,Already has at least one A/B engine instance; not a zero-rich closure candidate.
kc-02-03,0,Kindergarten: Counting & Numbers,kc-order-numbers,C,1,5,1,NONE—manual fit audit,Manual review required to identify whether manipulation adds a distinct causal insight beyond the existing explanation.,0,0.5,KEEP,Already has at least one A/B engine instance; not a zero-rich closure candidate.
kc-03-01,0,Kindergarten: Counting & Numbers,kc-teen-numbers,A,6,0,1,NONE—manual fit audit,Manual review required to identify whether manipulation adds a distinct causal insight beyond the existing explanation.,0,1.5,KEEP,Already has at least one A/B engine instance; not a zero-rich closure candidate.
kc-03-02,0,Kindergarten: Counting & Numbers,kc-count-to-20,C,6,0,1,NONE—manual fit audit,Manual review required to identify whether manipulation adds a distinct causal insight beyond the existing explanation.,0,0.5,KEEP,Already has at least one A/B engine instance; not a zero-rich closure candidate.
kc-03-03,0,Kindergarten: Counting & Numbers,kc-count-by-tens,C,4,2,1,NONE—manual fit audit,Manual review required to identify whether manipulation adds a distinct causal insight beyond the existing explanation.,0,0.5,KEEP,Already has at least one A/B engine instance; not a zero-rich closure candidate.
kc-04-01,0,Kindergarten: Counting & Numbers,kc-add-within-10,A,4,2,1,NONE—manual fit audit,Manual review required to identify whether manipulation adds a distinct causal insight beyond the existing explanation.,0,1.5,KEEP,Already has at least one A/B engine instance; not a zero-rich closure candidate.
kc-04-02,0,Kindergarten: Counting & Numbers,kc-subtract-within-10,C,3,3,1,NONE—manual fit audit,Manual review required to identify whether manipulation adds a distinct causal insight beyond the existing explanation.,0,0.5,KEEP,Already has at least one A/B engine instance; not a zero-rich closure candidate.
kc-04-03,0,Kindergarten: Counting & Numbers,kc-decompose,C,4,2,1,NONE—manual fit audit,Manual review required to identify whether manipulation adds a distinct causal insight beyond the existing explanation.,0,0.5,KEEP,Already has at least one A/B engine instance; not a zero-rich closure candidate.
kc-05-01,0,Kindergarten: Counting & Numbers,kc-make-ten,A,5,1,1,NONE—manual fit audit,Manual review required to identify whether manipulation adds a distinct causal insight beyond the existing explanation.,0,1.5,KEEP,Already has at least one A/B engine instance; not a zero-rich closure candidate.
ca-01-01,13,Calculus: Curve Analysis,ca-critical-point,A,1,4,1,NONE—manual fit audit,Manual review required to identify whether manipulation adds a distinct causal insight beyond the existing explanation.,0,2.1,KEEP,Already has at least one A/B engine instance; not a zero-rich closure candidate.
ca-01-02,13,Calculus: Curve Analysis,ca-first-derivative-test,E,2,3,3,derivativeTrace,Learner could manipulate the derivativeTrace model and observe a state-dependent consequence before symbolic/retrieval checks.,19,13.84,KEEP,Already has at least one A/B engine instance; not a zero-rich closure candidate.
ca-01-03,13,Calculus: Curve Analysis,ca-evt,C,1,5,1,NONE—manual fit audit,Manual review required to identify whether manipulation adds a distinct causal insight beyond the existing explanation.,0,0.7,KEEP,Already has at least one A/B engine instance; not a zero-rich closure candidate.
ca-02-01,13,Calculus: Curve Analysis,ca-concavity,A,1,4,3,derivativeTrace,Learner could manipulate the derivativeTrace model and observe a state-dependent consequence before symbolic/retrieval checks.,19,83.01,KEEP,Already has at least one A/B engine instance; not a zero-rich closure candidate.
ca-02-02,13,Calculus: Curve Analysis,ca-second-derivative-test,E,1,5,3,derivativeTrace,Learner could manipulate the derivativeTrace model and observe a state-dependent consequence before symbolic/retrieval checks.,19,13.84,KEEP,Already has at least one A/B engine instance; not a zero-rich closure candidate.
ca-02-03,13,Calculus: Curve Analysis,ca-three-charts,C,1,4,3,derivativeTrace,Learner could manipulate the derivativeTrace model and observe a state-dependent consequence before symbolic/retrieval checks.,19,27.67,KEEP,Already has at least one A/B engine instance; not a zero-rich closure candidate.
ca-03-01,13,Calculus: Curve Analysis,ca-rolle,A,0,5,2,distributionCompareLab,Learner could manipulate the distributionCompareLab model and observe a state-dependent consequence before symbolic/retrieval checks.,28,61.83,CHANGE,"Zero A/B interaction in an acquisition lesson; existing distributionCompareLab offers a causal model, so reuse should be audited before any new engine."
ca-03-02,13,Calculus: Curve Analysis,ca-mvt,C,1,4,2,distributionCompareLab,Learner could manipulate the distributionCompareLab model and observe a state-dependent consequence before symbolic/retrieval checks.,28,20.61,KEEP,Already has at least one A/B engine instance; not a zero-rich closure candidate.
ca-03-03,13,Calculus: Curve Analysis,ca-mvt-consequences,C,0,5,2,distributionCompareLab,Learner could manipulate the distributionCompareLab model and observe a state-dependent consequence before symbolic/retrieval checks.,28,20.61,KEEP,Procedural-fluency purpose; preserve independent production unless a manual lesson read finds a conceptual bottleneck.
ca-04-01,13,Calculus: Curve Analysis,ca-end-behaviour,A,1,4,1,NONE—manual fit audit,Manual review required to identify whether manipulation adds a distinct causal insight beyond the existing explanation.,0,2.1,KEEP,Already has at least one A/B engine instance; not a zero-rich closure candidate.
ca-04-02,13,Calculus: Curve Analysis,ca-full-sketch,C,1,4,1,NONE—manual fit audit,Manual review required to identify whether manipulation adds a distinct causal insight beyond the existing explanation.,0,0.7,KEEP,Already has at least one A/B engine instance; not a zero-rich closure candidate.
ca-04-03,13,Calculus: Curve Analysis,ca-read-f-prime,C,1,4,2,NONE—manual fit audit,Manual review required to identify whether manipulation adds a distinct causal insight beyond the existing explanation.,0,1.4,KEEP,Already has at least one A/B engine instance; not a zero-rich closure candidate.
ca-05-01,13,Calculus: Curve Analysis,ca-optimisation-setup,A,1,5,1,NONE—manual fit audit,Manual review required to identify whether manipulation adds a distinct causal insight beyond the existing explanation.,0,2.1,KEEP,Already has at least one A/B engine instance; not a zero-rich closure candidate.
ca-05-02,13,Calculus: Curve Analysis,ca-optimisation-box,C,1,4,1,NONE—manual fit audit,Manual review required to identify whether manipulation adds a distinct causal insight beyond the existing explanation.,0,0.7,KEEP,Already has at least one A/B engine instance; not a zero-rich closure candidate.
ca-05-03,13,Calculus: Curve Analysis,ca-optimisation-applied,C,1,4,1,NONE—manual fit audit,Manual review required to identify whether manipulation adds a distinct causal insight beyond the existing explanation.,0,0.7,KEEP,Already has at least one A/B engine instance; not a zero-rich closure candidate.
dm-01-01,9,Data & Models,dm-shape-spread,A,2,4,2,NONE—manual fit audit,Manual review required to identify whether manipulation adds a distinct causal insight beyond the existing explanation.,0,4.2,KEEP,Already has at least one A/B engine instance; not a zero-rich closure candidate.
dm-02-01,9,Data & Models,dm-fit-and-read,A,2,4,3,solveBalance,Learner could manipulate the solveBalance model and observe a state-dependent consequence before symbolic/retrieval checks.,20,84.28,KEEP,Already has at least one A/B engine instance; not a zero-rich closure candidate.
dm-02-02,9,Data & Models,dm-residual-correlation,B,2,4,3,solveBalance,Learner could manipulate the solveBalance model and observe a state-dependent consequence before symbolic/retrieval checks.,20,70.24,KEEP,Already has at least one A/B engine instance; not a zero-rich closure candidate.
dm-03-01,9,Data & Models,dm-precision,A,2,4,1,NONE—manual fit audit,Manual review required to identify whether manipulation adds a distinct causal insight beyond the existing explanation.,0,2.1,KEEP,Already has at least one A/B engine instance; not a zero-rich closure candidate.
dd-01-01,6,Data & Distributions,statistical-question,A,1,5,1,distributionCompareLab,Learner could manipulate the distributionCompareLab model and observe a state-dependent consequence before symbolic/retrieval checks.,28,26.5,KEEP,Already has at least one A/B engine instance; not a zero-rich closure candidate.
dd-01-02,6,Data & Distributions,data-collection,C,0,6,2,distributionCompareLab,Learner could manipulate the distributionCompareLab model and observe a state-dependent consequence before symbolic/retrieval checks.,28,17.66,KEEP,Procedural-fluency purpose; preserve independent production unless a manual lesson read finds a conceptual bottleneck.
dd-01-03,6,Data & Distributions,question-capstone,C,1,5,2,distributionCompareLab,Learner could manipulate the distributionCompareLab model and observe a state-dependent consequence before symbolic/retrieval checks.,28,17.66,KEEP,Already has at least one A/B engine instance; not a zero-rich closure candidate.
dd-02-01,6,Data & Distributions,dot-plot,A,2,5,1,NONE—manual fit audit,Manual review required to identify whether manipulation adds a distinct causal insight beyond the existing explanation.,0,1.8,KEEP,Already has at least one A/B engine instance; not a zero-rich closure candidate.
dd-02-02,6,Data & Distributions,histogram,C,1,6,1,NONE—manual fit audit,Manual review required to identify whether manipulation adds a distinct causal insight beyond the existing explanation.,0,0.6,KEEP,Already has at least one A/B engine instance; not a zero-rich closure candidate.
dd-02-03,6,Data & Distributions,distribution-shape,C,1,5,3,algebraTiles,Learner could manipulate the algebraTiles model and observe a state-dependent consequence before symbolic/retrieval checks.,17,22.94,KEEP,Already has at least one A/B engine instance; not a zero-rich closure candidate.
dd-03-01,6,Data & Distributions,mean,A,1,5,2,distributionCompareLab,Learner could manipulate the distributionCompareLab model and observe a state-dependent consequence before symbolic/retrieval checks.,28,52.99,KEEP,Already has at least one A/B engine instance; not a zero-rich closure candidate.
dd-03-02,6,Data & Distributions,median,C,0,6,2,distributionCompareLab,Learner could manipulate the distributionCompareLab model and observe a state-dependent consequence before symbolic/retrieval checks.,28,17.66,KEEP,Procedural-fluency purpose; preserve independent production unless a manual lesson read finds a conceptual bottleneck.
dd-03-03,6,Data & Distributions,center-choice,C,0,6,2,distributionCompareLab,Learner could manipulate the distributionCompareLab model and observe a state-dependent consequence before symbolic/retrieval checks.,28,17.66,KEEP,Procedural-fluency purpose; preserve independent production unless a manual lesson read finds a conceptual bottleneck.
dd-04-01,6,Data & Distributions,range,A,5,0,3,distributionCompareLab,Learner could manipulate the distributionCompareLab model and observe a state-dependent consequence before symbolic/retrieval checks.,28,79.49,KEEP,Already has at least one A/B engine instance; not a zero-rich closure candidate.
dd-04-02,6,Data & Distributions,iqr,C,1,6,3,distributionCompareLab,Learner could manipulate the distributionCompareLab model and observe a state-dependent consequence before symbolic/retrieval checks.,28,26.5,KEEP,Already has at least one A/B engine instance; not a zero-rich closure candidate.
dd-04-03,6,Data & Distributions,spread-compare,C,0,6,3,distributionCompareLab,Learner could manipulate the distributionCompareLab model and observe a state-dependent consequence before symbolic/retrieval checks.,28,26.5,KEEP,Procedural-fluency purpose; preserve independent production unless a manual lesson read finds a conceptual bottleneck.
dd-04b-01,6,Data & Distributions,box-plot,A,1,5,1,NONE—manual fit audit,Manual review required to identify whether manipulation adds a distinct causal insight beyond the existing explanation.,0,1.8,KEEP,Already has at least one A/B engine instance; not a zero-rich closure candidate.
dd-04b-02,6,Data & Distributions,box-plot-compare,C,1,5,1,NONE—manual fit audit,Manual review required to identify whether manipulation adds a distinct causal insight beyond the existing explanation.,0,0.6,KEEP,Already has at least one A/B engine instance; not a zero-rich closure candidate.
dd-04b-03,6,Data & Distributions,mad,C,1,5,1,NONE—manual fit audit,Manual review required to identify whether manipulation adds a distinct causal insight beyond the existing explanation.,0,0.6,KEEP,Already has at least one A/B engine instance; not a zero-rich closure candidate.
dd-05-01,6,Data & Distributions,distribution-summary,A,1,5,3,algebraTiles,Learner could manipulate the algebraTiles model and observe a state-dependent consequence before symbolic/retrieval checks.,17,68.82,KEEP,Already has at least one A/B engine instance; not a zero-rich closure candidate.
dd-05-02,6,Data & Distributions,summary-choice,C,0,6,3,algebraTiles,Learner could manipulate the algebraTiles model and observe a state-dependent consequence before symbolic/retrieval checks.,17,22.94,KEEP,Procedural-fluency purpose; preserve independent production unless a manual lesson read finds a conceptual bottleneck.
dd-05-03,6,Data & Distributions,data-capstone,C,0,6,3,algebraTiles,Learner could manipulate the algebraTiles model and observe a state-dependent consequence before symbolic/retrieval checks.,17,22.94,KEEP,Procedural-fluency purpose; preserve independent production unless a manual lesson read finds a conceptual bottleneck.
dgr1-01-01,1,Organizing Data,g1d-question,A,2,4,1,NONE—manual fit audit,Manual review required to identify whether manipulation adds a distinct causal insight beyond the existing explanation.,0,1.5,KEEP,Already has at least one A/B engine instance; not a zero-rich closure candidate.
dgr1-01-02,1,Organizing Data,g1d-sort,C,1,5,1,NONE—manual fit audit,Manual review required to identify whether manipulation adds a distinct causal insight beyond the existing explanation.,0,0.5,KEEP,Already has at least one A/B engine instance; not a zero-rich closure candidate.
dgr1-01-03,1,Organizing Data,g1d-tally,C,2,4,1,NONE—manual fit audit,Manual review required to identify whether manipulation adds a distinct causal insight beyond the existing explanation.,0,0.5,KEEP,Already has at least one A/B engine instance; not a zero-rich closure candidate.
dgr1-01-04,1,Organizing Data,g1d-read-tally,C,2,4,1,NONE—manual fit audit,Manual review required to identify whether manipulation adds a distinct causal insight beyond the existing explanation.,0,0.5,KEEP,Already has at least one A/B engine instance; not a zero-rich closure candidate.
dgr1-02-01,1,Organizing Data,g1d-build-pictograph,A,2,4,2,NONE—manual fit audit,Manual review required to identify whether manipulation adds a distinct causal insight beyond the existing explanation.,0,3.0,KEEP,Already has at least one A/B engine instance; not a zero-rich closure candidate.
dgr1-02-02,1,Organizing Data,g1d-read-pictograph,C,2,4,2,NONE—manual fit audit,Manual review required to identify whether manipulation adds a distinct causal insight beyond the existing explanation.,0,1.0,KEEP,Already has at least one A/B engine instance; not a zero-rich closure candidate.
dgr1-02-03,1,Organizing Data,g1d-build-bar,C,2,4,2,NONE—manual fit audit,Manual review required to identify whether manipulation adds a distinct causal insight beyond the existing explanation.,0,1.0,KEEP,Already has at least one A/B engine instance; not a zero-rich closure candidate.
dgr1-02-04,1,Organizing Data,g1d-read-bar,C,2,4,2,NONE—manual fit audit,Manual review required to identify whether manipulation adds a distinct causal insight beyond the existing explanation.,0,1.0,KEEP,Already has at least one A/B engine instance; not a zero-rich closure candidate.
dgr1-03-01,1,Organizing Data,g1d-total,A,2,4,2,NONE—manual fit audit,Manual review required to identify whether manipulation adds a distinct causal insight beyond the existing explanation.,0,3.0,KEEP,Already has at least one A/B engine instance; not a zero-rich closure candidate.
dgr1-03-02,1,Organizing Data,g1d-compare,C,2,4,2,NONE—manual fit audit,Manual review required to identify whether manipulation adds a distinct causal insight beyond the existing explanation.,0,1.0,KEEP,Already has at least one A/B engine instance; not a zero-rich closure candidate.
dgr1-03-03,1,Organizing Data,g1d-most-least,C,2,4,2,NONE—manual fit audit,Manual review required to identify whether manipulation adds a distinct causal insight beyond the existing explanation.,0,1.0,KEEP,Already has at least one A/B engine instance; not a zero-rich closure candidate.
dgr1-03-04,1,Organizing Data,g1d-interpret,C,2,4,2,NONE—manual fit audit,Manual review required to identify whether manipulation adds a distinct causal insight beyond the existing explanation.,0,1.0,KEEP,Already has at least one A/B engine instance; not a zero-rich closure candidate.
g2g-01-01,2,Collecting & Showing Data,g2g-measure-group,A,2,4,2,lengthCompare,Learner could manipulate the lengthCompare model and observe a state-dependent consequence before symbolic/retrieval checks.,63,54.2,KEEP,Already has at least one A/B engine instance; not a zero-rich closure candidate.
g2g-01-02,2,Collecting & Showing Data,g2g-record,C,2,4,2,lengthCompare,Learner could manipulate the lengthCompare model and observe a state-dependent consequence before symbolic/retrieval checks.,63,18.07,KEEP,Already has at least one A/B engine instance; not a zero-rich closure candidate.
g2g-01-03,2,Collecting & Showing Data,g2g-build-lineplot,C,2,4,2,lengthCompare,Learner could manipulate the lengthCompare model and observe a state-dependent consequence before symbolic/retrieval checks.,63,18.07,KEEP,Already has at least one A/B engine instance; not a zero-rich closure candidate.
g2g-01-04,2,Collecting & Showing Data,g2g-read-lineplot,C,2,4,2,lengthCompare,Learner could manipulate the lengthCompare model and observe a state-dependent consequence before symbolic/retrieval checks.,63,18.07,KEEP,Already has at least one A/B engine instance; not a zero-rich closure candidate.
g2g-01-05,2,Collecting & Showing Data,g2g-mode,C,2,4,2,lengthCompare,Learner could manipulate the lengthCompare model and observe a state-dependent consequence before symbolic/retrieval checks.,63,18.07,KEEP,Already has at least one A/B engine instance; not a zero-rich closure candidate.
g2g-02-01,2,Collecting & Showing Data,g2g-build-pictograph,A,2,4,2,NONE—manual fit audit,Manual review required to identify whether manipulation adds a distinct causal insight beyond the existing explanation.,0,3.0,KEEP,Already has at least one A/B engine instance; not a zero-rich closure candidate.
g2g-02-02,2,Collecting & Showing Data,g2g-read-pictograph,C,2,4,2,NONE—manual fit audit,Manual review required to identify whether manipulation adds a distinct causal insight beyond the existing explanation.,0,1.0,KEEP,Already has at least one A/B engine instance; not a zero-rich closure candidate.
g2g-02-03,2,Collecting & Showing Data,g2g-build-bar,C,2,4,2,NONE—manual fit audit,Manual review required to identify whether manipulation adds a distinct causal insight beyond the existing explanation.,0,1.0,KEEP,Already has at least one A/B engine instance; not a zero-rich closure candidate.
g2g-02-04,2,Collecting & Showing Data,g2g-read-bar,C,2,4,2,NONE—manual fit audit,Manual review required to identify whether manipulation adds a distinct causal insight beyond the existing explanation.,0,1.0,KEEP,Already has at least one A/B engine instance; not a zero-rich closure candidate.
g2g-03-01,2,Collecting & Showing Data,g2g-total-question,A,2,4,2,NONE—manual fit audit,Manual review required to identify whether manipulation adds a distinct causal insight beyond the existing explanation.,0,3.0,KEEP,Already has at least one A/B engine instance; not a zero-rich closure candidate.
g2g-03-02,2,Collecting & Showing Data,g2g-compare-question,B,2,4,2,NONE—manual fit audit,Manual review required to identify whether manipulation adds a distinct causal insight beyond the existing explanation.,0,2.5,KEEP,Already has at least one A/B engine instance; not a zero-rich closure candidate.
g2g-03-03,2,Collecting & Showing Data,g2g-choose-graph,C,2,4,2,NONE—manual fit audit,Manual review required to identify whether manipulation adds a distinct causal insight beyond the existing explanation.,0,1.0,KEEP,Already has at least one A/B engine instance; not a zero-rich closure candidate.
g5d-01-01,5,Decimal Operations Fluency,g5dc-add-model,A,2,4,2,hundredthsGrid,Learner could manipulate the hundredthsGrid model and observe a state-dependent consequence before symbolic/retrieval checks.,36,51.95,KEEP,Already has at least one A/B engine instance; not a zero-rich closure candidate.
g5d-01-02,5,Decimal Operations Fluency,g5dc-align,C,2,4,2,hundredthsGrid,Learner could manipulate the hundredthsGrid model and observe a state-dependent consequence before symbolic/retrieval checks.,36,17.32,KEEP,Already has at least one A/B engine instance; not a zero-rich closure candidate.
g5d-01-03,5,Decimal Operations Fluency,g5dc-add-ragged,C,2,4,1,lengthCompare,Learner could manipulate the lengthCompare model and observe a state-dependent consequence before symbolic/retrieval checks.,63,9.94,KEEP,Already has at least one A/B engine instance; not a zero-rich closure candidate.
g5d-01-04,5,Decimal Operations Fluency,g5dc-sub,C,2,4,2,hundredthsGrid,Learner could manipulate the hundredthsGrid model and observe a state-dependent consequence before symbolic/retrieval checks.,36,17.32,KEEP,Already has at least one A/B engine instance; not a zero-rich closure candidate.
g5d-01-05,5,Decimal Operations Fluency,g5dc-pad,C,2,4,1,NONE—manual fit audit,Manual review required to identify whether manipulation adds a distinct causal insight beyond the existing explanation.,0,0.55,KEEP,Already has at least one A/B engine instance; not a zero-rich closure candidate.
g5d-01-06,5,Decimal Operations Fluency,g5dc-mult-whole,C,2,4,2,hundredthsGrid,Learner could manipulate the hundredthsGrid model and observe a state-dependent consequence before symbolic/retrieval checks.,36,17.32,KEEP,Already has at least one A/B engine instance; not a zero-rich closure candidate.
g5d-02-01,5,Decimal Operations Fluency,g5dc-estimate-product,A,2,4,2,hundredthsGrid,Learner could manipulate the hundredthsGrid model and observe a state-dependent consequence before symbolic/retrieval checks.,36,51.95,KEEP,Already has at least one A/B engine instance; not a zero-rich closure candidate.
g5d-02-02,5,Decimal Operations Fluency,g5dc-mult-decimal,C,2,4,2,hundredthsGrid,Learner could manipulate the hundredthsGrid model and observe a state-dependent consequence before symbolic/retrieval checks.,36,17.32,KEEP,Already has at least one A/B engine instance; not a zero-rich closure candidate.
g5d-02-03,5,Decimal Operations Fluency,g5dc-place-point,C,2,4,2,NONE—manual fit audit,Manual review required to identify whether manipulation adds a distinct causal insight beyond the existing explanation.,0,1.1,KEEP,Already has at least one A/B engine instance; not a zero-rich closure candidate.
g5d-02-04,5,Decimal Operations Fluency,g5dc-div-whole,C,2,4,2,hundredthsGrid,Learner could manipulate the hundredthsGrid model and observe a state-dependent consequence before symbolic/retrieval checks.,36,17.32,KEEP,Already has at least one A/B engine instance; not a zero-rich closure candidate.
g5d-02-05,5,Decimal Operations Fluency,g5dc-div-decimal,C,2,4,2,hundredthsGrid,Learner could manipulate the hundredthsGrid model and observe a state-dependent consequence before symbolic/retrieval checks.,36,17.32,KEEP,Already has at least one A/B engine instance; not a zero-rich closure candidate.
g5d-03-01,5,Decimal Operations Fluency,g5dc-shift,A,2,4,1,NONE—manual fit audit,Manual review required to identify whether manipulation adds a distinct causal insight beyond the existing explanation.,0,1.65,KEEP,Already has at least one A/B engine instance; not a zero-rich closure candidate.
g5d-03-02,5,Decimal Operations Fluency,g5dc-check,C,2,4,2,hundredthsGrid,Learner could manipulate the hundredthsGrid model and observe a state-dependent consequence before symbolic/retrieval checks.,36,17.32,KEEP,Already has at least one A/B engine instance; not a zero-rich closure candidate.
g5d-03-03,5,Decimal Operations Fluency,g5dc-money,C,2,4,1,NONE—manual fit audit,Manual review required to identify whether manipulation adds a distinct causal insight beyond the existing explanation.,0,0.55,KEEP,Already has at least one A/B engine instance; not a zero-rich closure candidate.
g5d-03-04,5,Decimal Operations Fluency,g5dc-measurement,C,2,4,2,lengthCompare,Learner could manipulate the lengthCompare model and observe a state-dependent consequence before symbolic/retrieval checks.,63,19.87,KEEP,Already has at least one A/B engine instance; not a zero-rich closure candidate.
g5d-03-05,5,Decimal Operations Fluency,g5dc-multistep,C,2,4,2,hundredthsGrid,Learner could manipulate the hundredthsGrid model and observe a state-dependent consequence before symbolic/retrieval checks.,36,17.32,KEEP,Already has at least one A/B engine instance; not a zero-rich closure candidate.
dop-01-01,5,Decimal & Whole-Number Operations,order-matters,A,2,4,3,NONE—manual fit audit,Manual review required to identify whether manipulation adds a distinct causal insight beyond the existing explanation.,0,4.95,KEEP,Already has at least one A/B engine instance; not a zero-rich closure candidate.
dop-01-02,5,Decimal & Whole-Number Operations,grouping-symbols,C,0,6,3,NONE—manual fit audit,Manual review required to identify whether manipulation adds a distinct causal insight beyond the existing explanation.,0,1.65,KEEP,Procedural-fluency purpose; preserve independent production unless a manual lesson read finds a conceptual bottleneck.
dop-01-03,5,Decimal & Whole-Number Operations,expression-forms,C,1,5,3,NONE—manual fit audit,Manual review required to identify whether manipulation adds a distinct causal insight beyond the existing explanation.,0,1.65,KEEP,Already has at least one A/B engine instance; not a zero-rich closure candidate.
dop-02-01,5,Decimal & Whole-Number Operations,partial-products,A,1,5,1,NONE—manual fit audit,Manual review required to identify whether manipulation adds a distinct causal insight beyond the existing explanation.,0,1.65,KEEP,Already has at least one A/B engine instance; not a zero-rich closure candidate.
dop-02-02,5,Decimal & Whole-Number Operations,standard-algorithm,C,1,5,1,NONE—manual fit audit,Manual review required to identify whether manipulation adds a distinct causal insight beyond the existing explanation.,0,0.55,KEEP,Already has at least one A/B engine instance; not a zero-rich closure candidate.
dop-02-03,5,Decimal & Whole-Number Operations,multidigit-multiply,C,1,5,2,NONE—manual fit audit,Manual review required to identify whether manipulation adds a distinct causal insight beyond the existing explanation.,0,1.1,KEEP,Already has at least one A/B engine instance; not a zero-rich closure candidate.
dop-03-01,5,Decimal & Whole-Number Operations,estimate-quotient,A,1,5,1,NONE—manual fit audit,Manual review required to identify whether manipulation adds a distinct causal insight beyond the existing explanation.,0,1.65,KEEP,Already has at least one A/B engine instance; not a zero-rich closure candidate.
dop-03-02,5,Decimal & Whole-Number Operations,long-division-2digit,C,3,3,2,NONE—manual fit audit,Manual review required to identify whether manipulation adds a distinct causal insight beyond the existing explanation.,0,1.1,KEEP,Already has at least one A/B engine instance; not a zero-rich closure candidate.
dop-03-03,5,Decimal & Whole-Number Operations,remainder-meaning,C,6,0,2,NONE—manual fit audit,Manual review required to identify whether manipulation adds a distinct causal insight beyond the existing explanation.,0,1.1,KEEP,Already has at least one A/B engine instance; not a zero-rich closure candidate.
dop-04-01,5,Decimal & Whole-Number Operations,align-points,A,1,4,2,hundredthsGrid,Learner could manipulate the hundredthsGrid model and observe a state-dependent consequence before symbolic/retrieval checks.,36,51.95,KEEP,Already has at least one A/B engine instance; not a zero-rich closure candidate.
dop-04-02,5,Decimal & Whole-Number Operations,decimal-regroup,C,1,4,2,hundredthsGrid,Learner could manipulate the hundredthsGrid model and observe a state-dependent consequence before symbolic/retrieval checks.,36,17.32,KEEP,Already has at least one A/B engine instance; not a zero-rich closure candidate.
dop-04-03,5,Decimal & Whole-Number Operations,decimal-addsub-word,B,1,5,2,hundredthsGrid,Learner could manipulate the hundredthsGrid model and observe a state-dependent consequence before symbolic/retrieval checks.,36,43.3,KEEP,Already has at least one A/B engine instance; not a zero-rich closure candidate.
dop-05-01,5,Decimal & Whole-Number Operations,count-places,A,1,5,2,hundredthsGrid,Learner could manipulate the hundredthsGrid model and observe a state-dependent consequence before symbolic/retrieval checks.,36,51.95,KEEP,Already has at least one A/B engine instance; not a zero-rich closure candidate.
dop-05-02,5,Decimal & Whole-Number Operations,decimal-multiply,C,1,5,2,hundredthsGrid,Learner could manipulate the hundredthsGrid model and observe a state-dependent consequence before symbolic/retrieval checks.,36,17.32,KEEP,Already has at least one A/B engine instance; not a zero-rich closure candidate.
dop-05-03,5,Decimal & Whole-Number Operations,decimal-divide,C,6,0,2,hundredthsGrid,Learner could manipulate the hundredthsGrid model and observe a state-dependent consequence before symbolic/retrieval checks.,36,17.32,KEEP,Already has at least one A/B engine instance; not a zero-rich closure candidate.
dg4-01-01,4,Decimals: Tenths & Hundredths,g4d-tenths-intro,A,2,4,1,hundredthsGrid,Learner could manipulate the hundredthsGrid model and observe a state-dependent consequence before symbolic/retrieval checks.,36,25.98,KEEP,Already has at least one A/B engine instance; not a zero-rich closure candidate.
dg4-01-02,4,Decimals: Tenths & Hundredths,g4d-write-tenth,C,2,4,1,hundredthsGrid,Learner could manipulate the hundredthsGrid model and observe a state-dependent consequence before symbolic/retrieval checks.,36,8.66,KEEP,Already has at least one A/B engine instance; not a zero-rich closure candidate.
dg4-01-03,4,Decimals: Tenths & Hundredths,g4d-tenths-line,C,2,4,1,hundredthsGrid,Learner could manipulate the hundredthsGrid model and observe a state-dependent consequence before symbolic/retrieval checks.,36,8.66,KEEP,Already has at least one A/B engine instance; not a zero-rich closure candidate.
dg4-01-04,4,Decimals: Tenths & Hundredths,g4d-tenths-fraction,C,2,4,3,fractionBar,Learner could manipulate the fractionBar model and observe a state-dependent consequence before symbolic/retrieval checks.,101,33.1,KEEP,Already has at least one A/B engine instance; not a zero-rich closure candidate.
dg4-01-05,4,Decimals: Tenths & Hundredths,g4d-hundredths-intro,C,2,4,1,hundredthsGrid,Learner could manipulate the hundredthsGrid model and observe a state-dependent consequence before symbolic/retrieval checks.,36,8.66,KEEP,Already has at least one A/B engine instance; not a zero-rich closure candidate.
dg4-01-06,4,Decimals: Tenths & Hundredths,g4d-write-hundredth,C,2,4,1,hundredthsGrid,Learner could manipulate the hundredthsGrid model and observe a state-dependent consequence before symbolic/retrieval checks.,36,8.66,KEEP,Already has at least one A/B engine instance; not a zero-rich closure candidate.
dg4-02-01,4,Decimals: Tenths & Hundredths,g4d-hundredths-grid,A,2,4,1,hundredthsGrid,Learner could manipulate the hundredthsGrid model and observe a state-dependent consequence before symbolic/retrieval checks.,36,25.98,KEEP,Already has at least one A/B engine instance; not a zero-rich closure candidate.
dg4-02-02,4,Decimals: Tenths & Hundredths,g4d-tenth-to-hundredth,C,2,4,1,hundredthsGrid,Learner could manipulate the hundredthsGrid model and observe a state-dependent consequence before symbolic/retrieval checks.,36,8.66,KEEP,Already has at least one A/B engine instance; not a zero-rich closure candidate.
dg4-02-03,4,Decimals: Tenths & Hundredths,g4d-add-tenth-hundredth,C,2,4,1,hundredthsGrid,Learner could manipulate the hundredthsGrid model and observe a state-dependent consequence before symbolic/retrieval checks.,36,8.66,KEEP,Already has at least one A/B engine instance; not a zero-rich closure candidate.
dg4-02-04,4,Decimals: Tenths & Hundredths,g4d-read-decimal,C,2,4,2,hundredthsGrid,Learner could manipulate the hundredthsGrid model and observe a state-dependent consequence before symbolic/retrieval checks.,36,17.32,KEEP,Already has at least one A/B engine instance; not a zero-rich closure candidate.
dg4-02-05,4,Decimals: Tenths & Hundredths,g4d-place-names,C,2,4,2,hundredthsGrid,Learner could manipulate the hundredthsGrid model and observe a state-dependent consequence before symbolic/retrieval checks.,36,17.32,KEEP,Already has at least one A/B engine instance; not a zero-rich closure candidate.
dg4-02-06,4,Decimals: Tenths & Hundredths,g4d-fraction-to-decimal,C,2,4,3,fractionBar,Learner could manipulate the fractionBar model and observe a state-dependent consequence before symbolic/retrieval checks.,101,33.1,KEEP,Already has at least one A/B engine instance; not a zero-rich closure candidate.
dg4-03-01,4,Decimals: Tenths & Hundredths,g4d-decimal-to-fraction,A,2,4,3,fractionBar,Learner could manipulate the fractionBar model and observe a state-dependent consequence before symbolic/retrieval checks.,101,99.29,KEEP,Already has at least one A/B engine instance; not a zero-rich closure candidate.
dg4-03-02,4,Decimals: Tenths & Hundredths,g4d-compare,B,2,4,2,hundredthsGrid,Learner could manipulate the hundredthsGrid model and observe a state-dependent consequence before symbolic/retrieval checks.,36,43.3,KEEP,Already has at least one A/B engine instance; not a zero-rich closure candidate.
dg4-03-03,4,Decimals: Tenths & Hundredths,g4d-trailing-zero,B,2,4,2,hundredthsGrid,Learner could manipulate the hundredthsGrid model and observe a state-dependent consequence before symbolic/retrieval checks.,36,43.3,KEEP,Already has at least one A/B engine instance; not a zero-rich closure candidate.
dg4-03-04,4,Decimals: Tenths & Hundredths,g4d-order,B,2,4,2,hundredthsGrid,Learner could manipulate the hundredthsGrid model and observe a state-dependent consequence before symbolic/retrieval checks.,36,43.3,KEEP,Already has at least one A/B engine instance; not a zero-rich closure candidate.
dg4-03-05,4,Decimals: Tenths & Hundredths,g4d-money,B,2,4,2,hundredthsGrid,Learner could manipulate the hundredthsGrid model and observe a state-dependent consequence before symbolic/retrieval checks.,36,43.3,KEEP,Already has at least one A/B engine instance; not a zero-rich closure candidate.
dg4-03-06,4,Decimals: Tenths & Hundredths,g4d-measurement,B,2,4,2,hundredthsGrid,Learner could manipulate the hundredthsGrid model and observe a state-dependent consequence before symbolic/retrieval checks.,36,43.3,KEEP,Already has at least one A/B engine instance; not a zero-rich closure candidate.
dpv-01-01,5,Powers of Ten & Decimals,tenths-intro,A,1,5,1,NONE—manual fit audit,Manual review required to identify whether manipulation adds a distinct causal insight beyond the existing explanation.,0,1.65,KEEP,Already has at least one A/B engine instance; not a zero-rich closure candidate.
dpv-01-02,5,Powers of Ten & Decimals,smaller-rungs,C,1,5,1,hundredthsGrid,Learner could manipulate the hundredthsGrid model and observe a state-dependent consequence before symbolic/retrieval checks.,36,8.66,KEEP,Already has at least one A/B engine instance; not a zero-rich closure candidate.
dpv-01-03,5,Powers of Ten & Decimals,ladder-moves,C,6,0,1,NONE—manual fit audit,Manual review required to identify whether manipulation adds a distinct causal insight beyond the existing explanation.,0,0.55,KEEP,Already has at least one A/B engine instance; not a zero-rich closure candidate.
dpv-02-01,5,Powers of Ten & Decimals,decimal-place-names,A,0,6,2,hundredthsGrid,Learner could manipulate the hundredthsGrid model and observe a state-dependent consequence before symbolic/retrieval checks.,36,51.95,CHANGE,"Zero A/B interaction in an acquisition lesson; existing hundredthsGrid offers a causal model, so reuse should be audited before any new engine."
dpv-02-02,5,Powers of Ten & Decimals,decimal-expanded-form,C,0,6,2,hundredthsGrid,Learner could manipulate the hundredthsGrid model and observe a state-dependent consequence before symbolic/retrieval checks.,36,17.32,KEEP,Procedural-fluency purpose; preserve independent production unless a manual lesson read finds a conceptual bottleneck.
dpv-02-03,5,Powers of Ten & Decimals,decimal-word-forms,C,0,6,2,hundredthsGrid,Learner could manipulate the hundredthsGrid model and observe a state-dependent consequence before symbolic/retrieval checks.,36,17.32,KEEP,Procedural-fluency purpose; preserve independent production unless a manual lesson read finds a conceptual bottleneck.
dpv-03-01,5,Powers of Ten & Decimals,compare-align-places,A,6,0,2,hundredthsGrid,Learner could manipulate the hundredthsGrid model and observe a state-dependent consequence before symbolic/retrieval checks.,36,51.95,KEEP,Already has at least one A/B engine instance; not a zero-rich closure candidate.
dpv-03-02,5,Powers of Ten & Decimals,trailing-zeros,C,1,4,2,hundredthsGrid,Learner could manipulate the hundredthsGrid model and observe a state-dependent consequence before symbolic/retrieval checks.,36,17.32,KEEP,Already has at least one A/B engine instance; not a zero-rich closure candidate.
dpv-03-03,5,Powers of Ten & Decimals,order-decimals,C,1,4,2,hundredthsGrid,Learner could manipulate the hundredthsGrid model and observe a state-dependent consequence before symbolic/retrieval checks.,36,17.32,KEEP,Already has at least one A/B engine instance; not a zero-rich closure candidate.
dpv-04-01,5,Powers of Ten & Decimals,round-to-whole,A,1,5,2,hundredthsGrid,Learner could manipulate the hundredthsGrid model and observe a state-dependent consequence before symbolic/retrieval checks.,36,51.95,KEEP,Already has at least one A/B engine instance; not a zero-rich closure candidate.
dpv-04-02,5,Powers of Ten & Decimals,round-any-decimal-place,C,1,5,2,hundredthsGrid,Learner could manipulate the hundredthsGrid model and observe a state-dependent consequence before symbolic/retrieval checks.,36,17.32,KEEP,Already has at least one A/B engine instance; not a zero-rich closure candidate.
dpv-04-03,5,Powers of Ten & Decimals,round-decimals-word,B,6,0,2,hundredthsGrid,Learner could manipulate the hundredthsGrid model and observe a state-dependent consequence before symbolic/retrieval checks.,36,43.3,KEEP,Already has at least one A/B engine instance; not a zero-rich closure candidate.
dr-01-01,13,Calculus: The Derivative,dr-derivative-function,A,1,4,3,lineExplore,Learner could manipulate the lineExplore model and observe a state-dependent consequence before symbolic/retrieval checks.,6,56.7,KEEP,Already has at least one A/B engine instance; not a zero-rich closure candidate.
dr-01-02,13,Calculus: The Derivative,dr-flat-not-turning,C,1,4,3,lineExplore,Learner could manipulate the lineExplore model and observe a state-dependent consequence before symbolic/retrieval checks.,6,18.9,KEEP,Already has at least one A/B engine instance; not a zero-rich closure candidate.
dr-01-03,13,Calculus: The Derivative,dr-differentiability,C,1,4,3,lineExplore,Learner could manipulate the lineExplore model and observe a state-dependent consequence before symbolic/retrieval checks.,6,18.9,KEEP,Already has at least one A/B engine instance; not a zero-rich closure candidate.
dr-02-01,13,Calculus: The Derivative,dr-power-rule,A,1,4,1,NONE—manual fit audit,Manual review required to identify whether manipulation adds a distinct causal insight beyond the existing explanation.,0,2.1,KEEP,Already has at least one A/B engine instance; not a zero-rich closure candidate.
dr-02-02,13,Calculus: The Derivative,dr-constant-sum,C,1,4,1,NONE—manual fit audit,Manual review required to identify whether manipulation adds a distinct causal insight beyond the existing explanation.,0,0.7,KEEP,Already has at least one A/B engine instance; not a zero-rich closure candidate.
dr-02-03,13,Calculus: The Derivative,dr-second-derivative,C,1,4,3,derivativeTrace,Learner could manipulate the derivativeTrace model and observe a state-dependent consequence before symbolic/retrieval checks.,19,27.67,KEEP,Already has at least one A/B engine instance; not a zero-rich closure candidate.
dr-03-01,13,Calculus: The Derivative,dr-product-rule,A,1,4,1,NONE—manual fit audit,Manual review required to identify whether manipulation adds a distinct causal insight beyond the existing explanation.,0,2.1,KEEP,Already has at least one A/B engine instance; not a zero-rich closure candidate.
dr-03-02,13,Calculus: The Derivative,dr-quotient-rule,C,0,5,1,NONE—manual fit audit,Manual review required to identify whether manipulation adds a distinct causal insight beyond the existing explanation.,0,0.7,KEEP,Procedural-fluency purpose; preserve independent production unless a manual lesson read finds a conceptual bottleneck.
dr-03-03,13,Calculus: The Derivative,dr-choose-rule,C,0,5,1,NONE—manual fit audit,Manual review required to identify whether manipulation adds a distinct causal insight beyond the existing explanation.,0,0.7,KEEP,Procedural-fluency purpose; preserve independent production unless a manual lesson read finds a conceptual bottleneck.
dr-04-01,13,Calculus: The Derivative,dr-chain-rule,A,1,4,1,NONE—manual fit audit,Manual review required to identify whether manipulation adds a distinct causal insight beyond the existing explanation.,0,2.1,KEEP,Already has at least one A/B engine instance; not a zero-rich closure candidate.
dr-04-02,13,Calculus: The Derivative,dr-chain-nested,C,0,5,1,NONE—manual fit audit,Manual review required to identify whether manipulation adds a distinct causal insight beyond the existing explanation.,0,0.7,KEEP,Procedural-fluency purpose; preserve independent production unless a manual lesson read finds a conceptual bottleneck.
dr-04-03,13,Calculus: The Derivative,dr-implicit-practice,C,1,5,1,NONE—manual fit audit,Manual review required to identify whether manipulation adds a distinct causal insight beyond the existing explanation.,0,0.7,KEEP,Already has at least one A/B engine instance; not a zero-rich closure candidate.
dr-05-01,13,Calculus: The Derivative,dr-exp-log,A,1,4,3,lineExplore,Learner could manipulate the lineExplore model and observe a state-dependent consequence before symbolic/retrieval checks.,6,56.7,KEEP,Already has at least one A/B engine instance; not a zero-rich closure candidate.
dr-05-02,13,Calculus: The Derivative,dr-trig-derivative,C,1,4,3,lineExplore,Learner could manipulate the lineExplore model and observe a state-dependent consequence before symbolic/retrieval checks.,6,18.9,KEEP,Already has at least one A/B engine instance; not a zero-rich closure candidate.
dr-05-03,13,Calculus: The Derivative,dr-inverse-derivative,C,1,4,3,lineExplore,Learner could manipulate the lineExplore model and observe a state-dependent consequence before symbolic/retrieval checks.,6,18.9,KEEP,Already has at least one A/B engine instance; not a zero-rich closure candidate.
dc-01-01,13,Calculus: Derivatives in Context,dc-motion,A,1,4,3,NONE—manual fit audit,Manual review required to identify whether manipulation adds a distinct causal insight beyond the existing explanation.,0,6.3,KEEP,Already has at least one A/B engine instance; not a zero-rich closure candidate.
dc-01-02,13,Calculus: Derivatives in Context,dc-speed,C,1,4,1,NONE—manual fit audit,Manual review required to identify whether manipulation adds a distinct causal insight beyond the existing explanation.,0,0.7,KEEP,Already has at least one A/B engine instance; not a zero-rich closure candidate.
dc-01-03,13,Calculus: Derivatives in Context,dc-distance,C,0,5,1,NONE—manual fit audit,Manual review required to identify whether manipulation adds a distinct causal insight beyond the existing explanation.,0,0.7,KEEP,Procedural-fluency purpose; preserve independent production unless a manual lesson read finds a conceptual bottleneck.
dc-02-01,13,Calculus: Derivatives in Context,dc-related-rates,A,1,5,2,proportionalReasoningLab,Learner could manipulate the proportionalReasoningLab model and observe a state-dependent consequence before symbolic/retrieval checks.,42,68.79,KEEP,Already has at least one A/B engine instance; not a zero-rich closure candidate.
dc-02-02,13,Calculus: Derivatives in Context,dc-ladder,C,1,4,2,proportionalReasoningLab,Learner could manipulate the proportionalReasoningLab model and observe a state-dependent consequence before symbolic/retrieval checks.,42,22.93,KEEP,Already has at least one A/B engine instance; not a zero-rich closure candidate.
dc-02-03,13,Calculus: Derivatives in Context,dc-choosing-relation,C,0,5,2,proportionalReasoningLab,Learner could manipulate the proportionalReasoningLab model and observe a state-dependent consequence before symbolic/retrieval checks.,42,22.93,KEEP,Procedural-fluency purpose; preserve independent production unless a manual lesson read finds a conceptual bottleneck.
dc-03-01,13,Calculus: Derivatives in Context,dc-linearisation,A,1,4,1,NONE—manual fit audit,Manual review required to identify whether manipulation adds a distinct causal insight beyond the existing explanation.,0,2.1,KEEP,Already has at least one A/B engine instance; not a zero-rich closure candidate.
dc-03-02,13,Calculus: Derivatives in Context,dc-differentials,C,0,5,1,NONE—manual fit audit,Manual review required to identify whether manipulation adds a distinct causal insight beyond the existing explanation.,0,0.7,KEEP,Procedural-fluency purpose; preserve independent production unless a manual lesson read finds a conceptual bottleneck.
dc-03-03,13,Calculus: Derivatives in Context,dc-linearisation-limits,C,1,4,3,graphZoom,Learner could manipulate the graphZoom model and observe a state-dependent consequence before symbolic/retrieval checks.,17,26.76,KEEP,Already has at least one A/B engine instance; not a zero-rich closure candidate.
dc-04-01,13,Calculus: Derivatives in Context,dc-lhopital,A,1,4,1,NONE—manual fit audit,Manual review required to identify whether manipulation adds a distinct causal insight beyond the existing explanation.,0,2.1,KEEP,Already has at least one A/B engine instance; not a zero-rich closure candidate.
dc-04-02,13,Calculus: Derivatives in Context,dc-other-forms,C,0,5,1,NONE—manual fit audit,Manual review required to identify whether manipulation adds a distinct causal insight beyond the existing explanation.,0,0.7,KEEP,Procedural-fluency purpose; preserve independent production unless a manual lesson read finds a conceptual bottleneck.
de-01-01,13,Calculus: Differential Equations,de-slope-field,A,1,4,3,lineExplore,Learner could manipulate the lineExplore model and observe a state-dependent consequence before symbolic/retrieval checks.,6,56.7,KEEP,Already has at least one A/B engine instance; not a zero-rich closure candidate.
de-01-02,13,Calculus: Differential Equations,de-equilibrium,C,1,4,3,lineExplore,Learner could manipulate the lineExplore model and observe a state-dependent consequence before symbolic/retrieval checks.,6,18.9,KEEP,Already has at least one A/B engine instance; not a zero-rich closure candidate.
de-02-01,13,Calculus: Differential Equations,de-separable,A,1,4,3,solveBalance,Learner could manipulate the solveBalance model and observe a state-dependent consequence before symbolic/retrieval checks.,20,84.28,KEEP,Already has at least one A/B engine instance; not a zero-rich closure candidate.
de-03-01,13,Calculus: Differential Equations,de-exponential,A,1,4,3,expLogExplore,Learner could manipulate the expLogExplore model and observe a state-dependent consequence before symbolic/retrieval checks.,28,92.74,KEEP,Already has at least one A/B engine instance; not a zero-rich closure candidate.
de-03-02,13,Calculus: Differential Equations,de-logistic,C,1,4,2,proportionalReasoningLab,Learner could manipulate the proportionalReasoningLab model and observe a state-dependent consequence before symbolic/retrieval checks.,42,22.93,KEEP,Already has at least one A/B engine instance; not a zero-rich closure candidate.
de-04-01,13,Calculus: Differential Equations,de-euler,A,1,4,1,NONE—manual fit audit,Manual review required to identify whether manipulation adds a distinct causal insight beyond the existing explanation.,0,2.1,KEEP,Already has at least one A/B engine instance; not a zero-rich closure candidate.
df3-01-01,3,Division Fluency,g3d-div2,A,2,4,1,NONE—manual fit audit,Manual review required to identify whether manipulation adds a distinct causal insight beyond the existing explanation.,0,1.65,KEEP,Already has at least one A/B engine instance; not a zero-rich closure candidate.
df3-01-02,3,Division Fluency,g3d-div3,C,2,4,1,NONE—manual fit audit,Manual review required to identify whether manipulation adds a distinct causal insight beyond the existing explanation.,0,0.55,KEEP,Already has at least one A/B engine instance; not a zero-rich closure candidate.
df3-01-03,3,Division Fluency,g3d-div45,C,2,4,1,NONE—manual fit audit,Manual review required to identify whether manipulation adds a distinct causal insight beyond the existing explanation.,0,0.55,KEEP,Already has at least one A/B engine instance; not a zero-rich closure candidate.
df3-01-04,3,Division Fluency,g3d-div67,C,2,4,1,NONE—manual fit audit,Manual review required to identify whether manipulation adds a distinct causal insight beyond the existing explanation.,0,0.55,KEEP,Already has at least one A/B engine instance; not a zero-rich closure candidate.
df3-02-01,3,Division Fluency,g3d-div89,A,2,4,1,NONE—manual fit audit,Manual review required to identify whether manipulation adds a distinct causal insight beyond the existing explanation.,0,1.65,KEEP,Already has at least one A/B engine instance; not a zero-rich closure candidate.
df3-02-02,3,Division Fluency,g3d-div10,C,2,4,1,NONE—manual fit audit,Manual review required to identify whether manipulation adds a distinct causal insight beyond the existing explanation.,0,0.55,KEEP,Already has at least one A/B engine instance; not a zero-rich closure candidate.
df3-02-03,3,Division Fluency,g3d-think-mult,C,2,4,1,NONE—manual fit audit,Manual review required to identify whether manipulation adds a distinct causal insight beyond the existing explanation.,0,0.55,KEEP,Already has at least one A/B engine instance; not a zero-rich closure candidate.
df3-02-04,3,Division Fluency,g3d-missing,C,2,4,3,algebraTiles,Learner could manipulate the algebraTiles model and observe a state-dependent consequence before symbolic/retrieval checks.,17,21.03,KEEP,Already has at least one A/B engine instance; not a zero-rich closure candidate.
df3-03-01,3,Division Fluency,g3d-special,A,2,4,1,NONE—manual fit audit,Manual review required to identify whether manipulation adds a distinct causal insight beyond the existing explanation.,0,1.65,KEEP,Already has at least one A/B engine instance; not a zero-rich closure candidate.
df3-03-02,3,Division Fluency,g3d-zero,A,2,4,1,NONE—manual fit audit,Manual review required to identify whether manipulation adds a distinct causal insight beyond the existing explanation.,0,1.65,KEEP,Already has at least one A/B engine instance; not a zero-rich closure candidate.
df3-03-03,3,Division Fluency,g3d-mixed,D,2,4,2,NONE—manual fit audit,Manual review required to identify whether manipulation adds a distinct causal insight beyond the existing explanation.,0,0.55,KEEP,Already has at least one A/B engine instance; not a zero-rich closure candidate.
df3-03-04,3,Division Fluency,g3d-choose,C,2,4,2,NONE—manual fit audit,Manual review required to identify whether manipulation adds a distinct causal insight beyond the existing explanation.,0,1.1,KEEP,Already has at least one A/B engine instance; not a zero-rich closure candidate.
g1e-01-01,1,True Equations & Unknowns,g1e-equal-meaning,A,2,4,2,NONE—manual fit audit,Manual review required to identify whether manipulation adds a distinct causal insight beyond the existing explanation.,0,3.0,KEEP,Already has at least one A/B engine instance; not a zero-rich closure candidate.
g1e-01-02,1,True Equations & Unknowns,g1e-true-false,A,2,4,2,NONE—manual fit audit,Manual review required to identify whether manipulation adds a distinct causal insight beyond the existing explanation.,0,3.0,KEEP,Already has at least one A/B engine instance; not a zero-rich closure candidate.
g1e-01-03,1,True Equations & Unknowns,g1e-balance,A,2,4,2,NONE—manual fit audit,Manual review required to identify whether manipulation adds a distinct causal insight beyond the existing explanation.,0,3.0,KEEP,Already has at least one A/B engine instance; not a zero-rich closure candidate.
g1e-01-04,1,True Equations & Unknowns,g1e-right-side,A,2,4,2,NONE—manual fit audit,Manual review required to identify whether manipulation adds a distinct causal insight beyond the existing explanation.,0,3.0,KEEP,Already has at least one A/B engine instance; not a zero-rich closure candidate.
g1e-01-05,1,True Equations & Unknowns,g1e-both-sums,A,2,4,2,NONE—manual fit audit,Manual review required to identify whether manipulation adds a distinct causal insight beyond the existing explanation.,0,3.0,KEEP,Already has at least one A/B engine instance; not a zero-rich closure candidate.
g1e-02-01,1,True Equations & Unknowns,g1e-unknown-end,A,2,4,1,NONE—manual fit audit,Manual review required to identify whether manipulation adds a distinct causal insight beyond the existing explanation.,0,1.5,KEEP,Already has at least one A/B engine instance; not a zero-rich closure candidate.
g1e-02-02,1,True Equations & Unknowns,g1e-unknown-middle,C,2,4,1,NONE—manual fit audit,Manual review required to identify whether manipulation adds a distinct causal insight beyond the existing explanation.,0,0.5,KEEP,Already has at least one A/B engine instance; not a zero-rich closure candidate.
g1e-02-03,1,True Equations & Unknowns,g1e-unknown-start,C,2,4,1,NONE—manual fit audit,Manual review required to identify whether manipulation adds a distinct causal insight beyond the existing explanation.,0,0.5,KEEP,Already has at least one A/B engine instance; not a zero-rich closure candidate.
g1e-02-04,1,True Equations & Unknowns,g1e-sub-unknown,C,2,4,1,NONE—manual fit audit,Manual review required to identify whether manipulation adds a distinct causal insight beyond the existing explanation.,0,0.5,KEEP,Already has at least one A/B engine instance; not a zero-rich closure candidate.
g1e-03-01,1,True Equations & Unknowns,g1e-fact-family,A,2,4,1,solveBalance,Learner could manipulate the solveBalance model and observe a state-dependent consequence before symbolic/retrieval checks.,20,20.07,KEEP,Already has at least one A/B engine instance; not a zero-rich closure candidate.
g1e-03-02,1,True Equations & Unknowns,g1e-check,C,2,4,1,solveBalance,Learner could manipulate the solveBalance model and observe a state-dependent consequence before symbolic/retrieval checks.,20,6.69,KEEP,Already has at least one A/B engine instance; not a zero-rich closure candidate.
g1e-03-03,1,True Equations & Unknowns,g1e-write-true,C,2,4,3,solveBalance,Learner could manipulate the solveBalance model and observe a state-dependent consequence before symbolic/retrieval checks.,20,20.07,KEEP,Already has at least one A/B engine instance; not a zero-rich closure candidate.
ev-01-01,11,Probability Distributions & Expected Value,ev-random-variable,A,1,4,3,solveBalance,Learner could manipulate the solveBalance model and observe a state-dependent consequence before symbolic/retrieval checks.,20,84.28,KEEP,Already has at least one A/B engine instance; not a zero-rich closure candidate.
ev-01-02,11,Probability Distributions & Expected Value,ev-distribution,C,1,4,3,solveBalance,Learner could manipulate the solveBalance model and observe a state-dependent consequence before symbolic/retrieval checks.,20,28.09,KEEP,Already has at least one A/B engine instance; not a zero-rich closure candidate.
ev-01-03,11,Probability Distributions & Expected Value,ev-expected-value,C,1,4,3,solveBalance,Learner could manipulate the solveBalance model and observe a state-dependent consequence before symbolic/retrieval checks.,20,28.09,KEEP,Already has at least one A/B engine instance; not a zero-rich closure candidate.
ev-02-01,11,Probability Distributions & Expected Value,ev-payoffs,A,1,4,1,NONE—manual fit audit,Manual review required to identify whether manipulation adds a distinct causal insight beyond the existing explanation.,0,2.1,KEEP,Already has at least one A/B engine instance; not a zero-rich closure candidate.
ev-02-02,11,Probability Distributions & Expected Value,ev-fair-games,C,1,4,1,NONE—manual fit audit,Manual review required to identify whether manipulation adds a distinct causal insight beyond the existing explanation.,0,0.7,KEEP,Already has at least one A/B engine instance; not a zero-rich closure candidate.
ev-02-03,11,Probability Distributions & Expected Value,ev-decisions,C,1,4,1,NONE—manual fit audit,Manual review required to identify whether manipulation adds a distinct causal insight beyond the existing explanation.,0,0.7,KEEP,Already has at least one A/B engine instance; not a zero-rich closure candidate.
exp-01-01,9,Algebra 1: Exponential Functions,exp-evaluate,A,1,6,3,lineExplore,Learner could manipulate the lineExplore model and observe a state-dependent consequence before symbolic/retrieval checks.,6,56.7,KEEP,Already has at least one A/B engine instance; not a zero-rich closure candidate.
exp-01-02,9,Algebra 1: Exponential Functions,exp-growth-decay,C,1,6,3,expLogExplore,Learner could manipulate the expLogExplore model and observe a state-dependent consequence before symbolic/retrieval checks.,28,30.91,KEEP,Already has at least one A/B engine instance; not a zero-rich closure candidate.
exp-01-03,9,Algebra 1: Exponential Functions,exp-ratio,C,1,6,3,proportionalReasoningLab,Learner could manipulate the proportionalReasoningLab model and observe a state-dependent consequence before symbolic/retrieval checks.,42,34.39,KEEP,Already has at least one A/B engine instance; not a zero-rich closure candidate.
exp-02-01,9,Algebra 1: Exponential Functions,exp-growth-model,A,1,6,3,lineExplore,Learner could manipulate the lineExplore model and observe a state-dependent consequence before symbolic/retrieval checks.,6,56.7,KEEP,Already has at least one A/B engine instance; not a zero-rich closure candidate.
exp-02-02,9,Algebra 1: Exponential Functions,exp-decay-model,B,1,6,3,lineExplore,Learner could manipulate the lineExplore model and observe a state-dependent consequence before symbolic/retrieval checks.,6,47.25,KEEP,Already has at least one A/B engine instance; not a zero-rich closure candidate.
exp-02-03,9,Algebra 1: Exponential Functions,exp-percent,B,1,6,3,proportionalReasoningLab,Learner could manipulate the proportionalReasoningLab model and observe a state-dependent consequence before symbolic/retrieval checks.,42,85.99,KEEP,Already has at least one A/B engine instance; not a zero-rich closure candidate.
exp-03-01,9,Algebra 1: Exponential Functions,exp-match-base,A,1,6,3,solveBalance,Learner could manipulate the solveBalance model and observe a state-dependent consequence before symbolic/retrieval checks.,20,84.28,KEEP,Already has at least one A/B engine instance; not a zero-rich closure candidate.
exp-03-02,9,Algebra 1: Exponential Functions,exp-coeff-equation,C,1,6,3,solveBalance,Learner could manipulate the solveBalance model and observe a state-dependent consequence before symbolic/retrieval checks.,20,28.09,KEEP,Already has at least one A/B engine instance; not a zero-rich closure candidate.
exp-03-03,9,Algebra 1: Exponential Functions,exp-negative-exponent,C,1,6,3,solveBalance,Learner could manipulate the solveBalance model and observe a state-dependent consequence before symbolic/retrieval checks.,20,28.09,KEEP,Already has at least one A/B engine instance; not a zero-rich closure candidate.
exp-04-01,9,Algebra 1: Exponential Functions,exp-graph-read,A,1,6,3,expLogExplore,Learner could manipulate the expLogExplore model and observe a state-dependent consequence before symbolic/retrieval checks.,28,92.74,KEEP,Already has at least one A/B engine instance; not a zero-rich closure candidate.
exp-04-02,9,Algebra 1: Exponential Functions,exp-compare,C,1,6,2,NONE—manual fit audit,Manual review required to identify whether manipulation adds a distinct causal insight beyond the existing explanation.,0,1.4,KEEP,Already has at least one A/B engine instance; not a zero-rich closure candidate.
exp-04-03,9,Algebra 1: Exponential Functions,exp-vs-linear,C,1,6,3,lineExplore,Learner could manipulate the lineExplore model and observe a state-dependent consequence before symbolic/retrieval checks.,6,18.9,KEEP,Already has at least one A/B engine instance; not a zero-rich closure candidate.
ep-01-01,9,Algebra 1: Exponents & Polynomials,exponent-product-quotient,A,1,6,3,NONE—manual fit audit,Manual review required to identify whether manipulation adds a distinct causal insight beyond the existing explanation.,0,6.3,KEEP,Already has at least one A/B engine instance; not a zero-rich closure candidate.
ep-01-02,9,Algebra 1: Exponents & Polynomials,exponent-power,C,1,6,3,NONE—manual fit audit,Manual review required to identify whether manipulation adds a distinct causal insight beyond the existing explanation.,0,2.1,KEEP,Already has at least one A/B engine instance; not a zero-rich closure candidate.
ep-01-03,9,Algebra 1: Exponents & Polynomials,exponent-zero-negative,C,1,6,3,numberLineHop,Learner could manipulate the numberLineHop model and observe a state-dependent consequence before symbolic/retrieval checks.,452,55.61,KEEP,Already has at least one A/B engine instance; not a zero-rich closure candidate.
ep-02-01,9,Algebra 1: Exponents & Polynomials,poly-degree-like-terms,A,0,7,3,algebraTiles,Learner could manipulate the algebraTiles model and observe a state-dependent consequence before symbolic/retrieval checks.,17,80.29,CHANGE,"Zero A/B interaction in an acquisition lesson; existing algebraTiles offers a causal model, so reuse should be audited before any new engine."
ep-02-02,9,Algebra 1: Exponents & Polynomials,poly-add,A,1,6,3,algebraTiles,Learner could manipulate the algebraTiles model and observe a state-dependent consequence before symbolic/retrieval checks.,17,80.29,KEEP,Already has at least one A/B engine instance; not a zero-rich closure candidate.
ep-02-03,9,Algebra 1: Exponents & Polynomials,poly-subtract,A,1,6,3,algebraTiles,Learner could manipulate the algebraTiles model and observe a state-dependent consequence before symbolic/retrieval checks.,17,80.29,KEEP,Already has at least one A/B engine instance; not a zero-rich closure candidate.
ep-03-01,9,Algebra 1: Exponents & Polynomials,poly-mul-monomial,A,1,6,3,algebraTiles,Learner could manipulate the algebraTiles model and observe a state-dependent consequence before symbolic/retrieval checks.,17,80.29,KEEP,Already has at least one A/B engine instance; not a zero-rich closure candidate.
ep-03-02,9,Algebra 1: Exponents & Polynomials,poly-mul-binomial,C,1,6,3,algebraTiles,Learner could manipulate the algebraTiles model and observe a state-dependent consequence before symbolic/retrieval checks.,17,26.76,KEEP,Already has at least one A/B engine instance; not a zero-rich closure candidate.
ep-03-03,9,Algebra 1: Exponents & Polynomials,poly-special-products,C,1,6,3,algebraTiles,Learner could manipulate the algebraTiles model and observe a state-dependent consequence before symbolic/retrieval checks.,17,26.76,KEEP,Already has at least one A/B engine instance; not a zero-rich closure candidate.
ep-04-01,9,Algebra 1: Exponents & Polynomials,factor-gcf,A,0,7,3,algebraTiles,Learner could manipulate the algebraTiles model and observe a state-dependent consequence before symbolic/retrieval checks.,17,80.29,CHANGE,"Zero A/B interaction in an acquisition lesson; existing algebraTiles offers a causal model, so reuse should be audited before any new engine."
ep-04-02,9,Algebra 1: Exponents & Polynomials,factor-trinomial,C,1,6,3,algebraTiles,Learner could manipulate the algebraTiles model and observe a state-dependent consequence before symbolic/retrieval checks.,17,26.76,KEEP,Already has at least one A/B engine instance; not a zero-rich closure candidate.
ep-04-03,9,Algebra 1: Exponents & Polynomials,factor-difference-squares,C,1,6,3,algebraTiles,Learner could manipulate the algebraTiles model and observe a state-dependent consequence before symbolic/retrieval checks.,17,26.76,KEEP,Already has at least one A/B engine instance; not a zero-rich closure candidate.
esn-01-01,8,"Grade 8: Exponents, Roots & Scientific Notation",esn-powers-of-ten-meaning,A,0,7,2,distributionCompareLab,Learner could manipulate the distributionCompareLab model and observe a state-dependent consequence before symbolic/retrieval checks.,28,52.99,CHANGE,"Zero A/B interaction in an acquisition lesson; existing distributionCompareLab offers a causal model, so reuse should be audited before any new engine."
esn-01-02,8,"Grade 8: Exponents, Roots & Scientific Notation",esn-powers-of-ten-arithmetic,C,7,0,2,NONE—manual fit audit,Manual review required to identify whether manipulation adds a distinct causal insight beyond the existing explanation.,0,1.2,KEEP,Already has at least one A/B engine instance; not a zero-rich closure candidate.
esn-01-03,8,"Grade 8: Exponents, Roots & Scientific Notation",esn-powers-of-ten-place-value,C,6,0,2,baseTenCompose,Learner could manipulate the baseTenCompose model and observe a state-dependent consequence before symbolic/retrieval checks.,56,21.09,KEEP,Already has at least one A/B engine instance; not a zero-rich closure candidate.
esn-01b-01,8,"Grade 8: Exponents, Roots & Scientific Notation",exponent-product-rule,A,2,4,3,NONE—manual fit audit,Manual review required to identify whether manipulation adds a distinct causal insight beyond the existing explanation.,0,5.4,KEEP,Already has at least one A/B engine instance; not a zero-rich closure candidate.
esn-01b-02,8,"Grade 8: Exponents, Roots & Scientific Notation",exponent-power-rule,C,2,4,3,NONE—manual fit audit,Manual review required to identify whether manipulation adds a distinct causal insight beyond the existing explanation.,0,1.8,KEEP,Already has at least one A/B engine instance; not a zero-rich closure candidate.
esn-01b-03,8,"Grade 8: Exponents, Roots & Scientific Notation",exponent-zero-negative,C,2,4,3,numberLineHop,Learner could manipulate the numberLineHop model and observe a state-dependent consequence before symbolic/retrieval checks.,452,47.66,KEEP,Already has at least one A/B engine instance; not a zero-rich closure candidate.
esn-02-01,8,"Grade 8: Exponents, Roots & Scientific Notation",esn-square-root-solve,A,0,7,1,solveBalance,Learner could manipulate the solveBalance model and observe a state-dependent consequence before symbolic/retrieval checks.,20,24.08,CHANGE,"Zero A/B interaction in an acquisition lesson; existing solveBalance offers a causal model, so reuse should be audited before any new engine."
esn-02-02,8,"Grade 8: Exponents, Roots & Scientific Notation",esn-cube-root-solve,C,0,7,1,solveBalance,Learner could manipulate the solveBalance model and observe a state-dependent consequence before symbolic/retrieval checks.,20,8.03,KEEP,Procedural-fluency purpose; preserve independent production unless a manual lesson read finds a conceptual bottleneck.
esn-02-03,8,"Grade 8: Exponents, Roots & Scientific Notation",esn-roots-context,B,1,5,1,NONE—manual fit audit,Manual review required to identify whether manipulation adds a distinct causal insight beyond the existing explanation.,0,1.5,KEEP,Already has at least one A/B engine instance; not a zero-rich closure candidate.
esn-03-01,8,"Grade 8: Exponents, Roots & Scientific Notation",esn-sci-notation-large,A,0,7,1,NONE—manual fit audit,Manual review required to identify whether manipulation adds a distinct causal insight beyond the existing explanation.,0,1.8,KEEP,"Potential conceptual gap, but no obvious existing-engine fit from the mechanical scan; requires human necessity audit before any implementation."
esn-03-02,8,"Grade 8: Exponents, Roots & Scientific Notation",esn-sci-notation-small,C,0,7,1,NONE—manual fit audit,Manual review required to identify whether manipulation adds a distinct causal insight beyond the existing explanation.,0,0.6,KEEP,Procedural-fluency purpose; preserve independent production unless a manual lesson read finds a conceptual bottleneck.
esn-03-03,8,"Grade 8: Exponents, Roots & Scientific Notation",esn-sci-notation-compare,C,1,5,1,NONE—manual fit audit,Manual review required to identify whether manipulation adds a distinct causal insight beyond the existing explanation.,0,0.6,KEEP,Already has at least one A/B engine instance; not a zero-rich closure candidate.
esn-04-01,8,"Grade 8: Exponents, Roots & Scientific Notation",esn-compute-muldiv,A,0,6,2,NONE—manual fit audit,Manual review required to identify whether manipulation adds a distinct causal insight beyond the existing explanation.,0,3.6,KEEP,"Potential conceptual gap, but no obvious existing-engine fit from the mechanical scan; requires human necessity audit before any implementation."
esn-04-02,8,"Grade 8: Exponents, Roots & Scientific Notation",esn-compute-addsub,C,0,6,1,NONE—manual fit audit,Manual review required to identify whether manipulation adds a distinct causal insight beyond the existing explanation.,0,0.6,KEEP,Procedural-fluency purpose; preserve independent production unless a manual lesson read finds a conceptual bottleneck.
esn-04-03,8,"Grade 8: Exponents, Roots & Scientific Notation",esn-compute-context,B,0,6,1,NONE—manual fit audit,Manual review required to identify whether manipulation adds a distinct causal insight beyond the existing explanation.,0,1.5,KEEP,"Potential conceptual gap, but no obvious existing-engine fit from the mechanical scan; requires human necessity audit before any implementation."
ee-01-01,6,Expressions & Equations,exponents,A,0,6,3,NONE—manual fit audit,Manual review required to identify whether manipulation adds a distinct causal insight beyond the existing explanation.,0,5.4,KEEP,"Potential conceptual gap, but no obvious existing-engine fit from the mechanical scan; requires human necessity audit before any implementation."
ee-01-02,6,Expressions & Equations,evaluate-powers,C,0,6,3,NONE—manual fit audit,Manual review required to identify whether manipulation adds a distinct causal insight beyond the existing explanation.,0,1.8,KEEP,Procedural-fluency purpose; preserve independent production unless a manual lesson read finds a conceptual bottleneck.
ee-01-03,6,Expressions & Equations,order-ops,C,2,4,3,NONE—manual fit audit,Manual review required to identify whether manipulation adds a distinct causal insight beyond the existing explanation.,0,1.8,KEEP,Already has at least one A/B engine instance; not a zero-rich closure candidate.
ee-02-01,6,Expressions & Equations,variables,A,0,6,3,solveBalance,Learner could manipulate the solveBalance model and observe a state-dependent consequence before symbolic/retrieval checks.,20,72.24,CHANGE,"Zero A/B interaction in an acquisition lesson; existing solveBalance offers a causal model, so reuse should be audited before any new engine."
ee-02-02,6,Expressions & Equations,evaluate-expr,C,1,5,3,solveBalance,Learner could manipulate the solveBalance model and observe a state-dependent consequence before symbolic/retrieval checks.,20,24.08,KEEP,Already has at least one A/B engine instance; not a zero-rich closure candidate.
ee-02-03,6,Expressions & Equations,write-expr,C,0,6,3,solveBalance,Learner could manipulate the solveBalance model and observe a state-dependent consequence before symbolic/retrieval checks.,20,24.08,KEEP,Procedural-fluency purpose; preserve independent production unless a manual lesson read finds a conceptual bottleneck.
ee-02b-01,6,Expressions & Equations,expression-parts,A,2,4,1,NONE—manual fit audit,Manual review required to identify whether manipulation adds a distinct causal insight beyond the existing explanation.,0,1.8,KEEP,Already has at least one A/B engine instance; not a zero-rich closure candidate.
ee-02b-02,6,Expressions & Equations,coefficient-naming,C,2,4,1,NONE—manual fit audit,Manual review required to identify whether manipulation adds a distinct causal insight beyond the existing explanation.,0,0.6,KEEP,Already has at least one A/B engine instance; not a zero-rich closure candidate.
ee-02b-03,6,Expressions & Equations,expression-language,C,2,4,1,NONE—manual fit audit,Manual review required to identify whether manipulation adds a distinct causal insight beyond the existing explanation.,0,0.6,KEEP,Already has at least one A/B engine instance; not a zero-rich closure candidate.
ee-03-01,6,Expressions & Equations,distribute-var,A,1,5,3,solveBalance,Learner could manipulate the solveBalance model and observe a state-dependent consequence before symbolic/retrieval checks.,20,72.24,KEEP,Already has at least one A/B engine instance; not a zero-rich closure candidate.
ee-03-02,6,Expressions & Equations,like-terms,C,1,5,1,NONE—manual fit audit,Manual review required to identify whether manipulation adds a distinct causal insight beyond the existing explanation.,0,0.6,KEEP,Already has at least one A/B engine instance; not a zero-rich closure candidate.
ee-03-03,6,Expressions & Equations,test-equivalence,C,0,6,1,NONE—manual fit audit,Manual review required to identify whether manipulation adds a distinct causal insight beyond the existing explanation.,0,0.6,KEEP,Procedural-fluency purpose; preserve independent production unless a manual lesson read finds a conceptual bottleneck.
ee-04-01,6,Expressions & Equations,equation-meaning,A,0,6,3,solveBalance,Learner could manipulate the solveBalance model and observe a state-dependent consequence before symbolic/retrieval checks.,20,72.24,CHANGE,"Zero A/B interaction in an acquisition lesson; existing solveBalance offers a causal model, so reuse should be audited before any new engine."
ee-04-02,6,Expressions & Equations,solve-add-sub,C,1,6,3,solveBalance,Learner could manipulate the solveBalance model and observe a state-dependent consequence before symbolic/retrieval checks.,20,24.08,KEEP,Already has at least one A/B engine instance; not a zero-rich closure candidate.
ee-04-03,6,Expressions & Equations,solve-mult-div,C,1,6,3,solveBalance,Learner could manipulate the solveBalance model and observe a state-dependent consequence before symbolic/retrieval checks.,20,24.08,KEEP,Already has at least one A/B engine instance; not a zero-rich closure candidate.
ee-05-01,6,Expressions & Equations,inequality-meaning,A,0,6,3,numberLineRay,Learner could manipulate the numberLineRay model and observe a state-dependent consequence before symbolic/retrieval checks.,3,37.62,CHANGE,"Zero A/B interaction in an acquisition lesson; existing numberLineRay offers a causal model, so reuse should be audited before any new engine."
ee-05-02,6,Expressions & Equations,graph-inequality,B,2,4,3,numberLineRay,Learner could manipulate the numberLineRay model and observe a state-dependent consequence before symbolic/retrieval checks.,3,31.35,KEEP,Already has at least one A/B engine instance; not a zero-rich closure candidate.
ee-05-03,6,Expressions & Equations,dependent-independent,C,0,6,3,numberLineRay,Learner could manipulate the numberLineRay model and observe a state-dependent consequence before symbolic/retrieval checks.,3,12.54,KEEP,Procedural-fluency purpose; preserve independent production unless a manual lesson read finds a conceptual bottleneck.
g5e-01-01,5,Expressions & Patterns,g5e-order,A,2,4,3,NONE—manual fit audit,Manual review required to identify whether manipulation adds a distinct causal insight beyond the existing explanation.,0,4.95,KEEP,Already has at least one A/B engine instance; not a zero-rich closure candidate.
g5e-01-02,5,Expressions & Patterns,g5e-parentheses,C,2,4,1,NONE—manual fit audit,Manual review required to identify whether manipulation adds a distinct causal insight beyond the existing explanation.,0,0.55,KEEP,Already has at least one A/B engine instance; not a zero-rich closure candidate.
g5e-01-03,5,Expressions & Patterns,g5e-brackets,C,2,4,1,NONE—manual fit audit,Manual review required to identify whether manipulation adds a distinct causal insight beyond the existing explanation.,0,0.55,KEEP,Already has at least one A/B engine instance; not a zero-rich closure candidate.
g5e-01-04,5,Expressions & Patterns,g5e-evaluate,C,2,4,1,NONE—manual fit audit,Manual review required to identify whether manipulation adds a distinct causal insight beyond the existing explanation.,0,0.55,KEEP,Already has at least one A/B engine instance; not a zero-rich closure candidate.
g5e-02-01,5,Expressions & Patterns,g5e-write,A,2,4,1,NONE—manual fit audit,Manual review required to identify whether manipulation adds a distinct causal insight beyond the existing explanation.,0,1.65,KEEP,Already has at least one A/B engine instance; not a zero-rich closure candidate.
g5e-02-02,5,Expressions & Patterns,g5e-read,C,2,4,1,NONE—manual fit audit,Manual review required to identify whether manipulation adds a distinct causal insight beyond the existing explanation.,0,0.55,KEEP,Already has at least one A/B engine instance; not a zero-rich closure candidate.
g5e-02-03,5,Expressions & Patterns,g5e-compare,C,2,4,1,NONE—manual fit audit,Manual review required to identify whether manipulation adds a distinct causal insight beyond the existing explanation.,0,0.55,KEEP,Already has at least one A/B engine instance; not a zero-rich closure candidate.
g5e-03-01,5,Expressions & Patterns,g5e-two-rules,A,2,4,2,NONE—manual fit audit,Manual review required to identify whether manipulation adds a distinct causal insight beyond the existing explanation.,0,3.3,KEEP,Already has at least one A/B engine instance; not a zero-rich closure candidate.
g5e-03-02,5,Expressions & Patterns,g5e-ordered-pairs,C,2,4,2,NONE—manual fit audit,Manual review required to identify whether manipulation adds a distinct causal insight beyond the existing explanation.,0,1.1,KEEP,Already has at least one A/B engine instance; not a zero-rich closure candidate.
g5e-03-03,5,Expressions & Patterns,g5e-graph,B,2,4,2,NONE—manual fit audit,Manual review required to identify whether manipulation adds a distinct causal insight beyond the existing explanation.,0,2.75,KEEP,Already has at least one A/B engine instance; not a zero-rich closure candidate.
g5e-03-04,5,Expressions & Patterns,g5e-relationship,C,2,4,2,NONE—manual fit audit,Manual review required to identify whether manipulation adds a distinct causal insight beyond the existing explanation.,0,1.1,KEEP,Already has at least one A/B engine instance; not a zero-rich closure candidate.
g5e-03-05,5,Expressions & Patterns,g5e-explain,A,2,4,2,NONE—manual fit audit,Manual review required to identify whether manipulation adds a distinct causal insight beyond the existing explanation.,0,3.3,KEEP,Already has at least one A/B engine instance; not a zero-rich closure candidate.
f20-01-01,2,Fluency Within 20,g2f-doubles,A,2,4,1,NONE—manual fit audit,Manual review required to identify whether manipulation adds a distinct causal insight beyond the existing explanation.,0,1.5,KEEP,Already has at least one A/B engine instance; not a zero-rich closure candidate.
f20-01-02,2,Fluency Within 20,g2f-near-doubles,C,2,4,1,NONE—manual fit audit,Manual review required to identify whether manipulation adds a distinct causal insight beyond the existing explanation.,0,0.5,KEEP,Already has at least one A/B engine instance; not a zero-rich closure candidate.
f20-01-03,2,Fluency Within 20,g2f-make-ten,C,2,4,1,NONE—manual fit audit,Manual review required to identify whether manipulation adds a distinct causal insight beyond the existing explanation.,0,0.5,KEEP,Already has at least one A/B engine instance; not a zero-rich closure candidate.
f20-01-04,2,Fluency Within 20,g2f-ten-plus,C,2,4,1,NONE—manual fit audit,Manual review required to identify whether manipulation adds a distinct causal insight beyond the existing explanation.,0,0.5,KEEP,Already has at least one A/B engine instance; not a zero-rich closure candidate.
f20-02-01,2,Fluency Within 20,g2f-sums-12,A,2,4,1,NONE—manual fit audit,Manual review required to identify whether manipulation adds a distinct causal insight beyond the existing explanation.,0,1.5,KEEP,Already has at least one A/B engine instance; not a zero-rich closure candidate.
f20-02-02,2,Fluency Within 20,g2f-sums-16,C,2,4,1,NONE—manual fit audit,Manual review required to identify whether manipulation adds a distinct causal insight beyond the existing explanation.,0,0.5,KEEP,Already has at least one A/B engine instance; not a zero-rich closure candidate.
f20-02-03,2,Fluency Within 20,g2f-sums-20,C,2,4,1,NONE—manual fit audit,Manual review required to identify whether manipulation adds a distinct causal insight beyond the existing explanation.,0,0.5,KEEP,Already has at least one A/B engine instance; not a zero-rich closure candidate.
f20-02-04,2,Fluency Within 20,g2f-from-ten,C,2,4,1,NONE—manual fit audit,Manual review required to identify whether manipulation adds a distinct causal insight beyond the existing explanation.,0,0.5,KEEP,Already has at least one A/B engine instance; not a zero-rich closure candidate.
f20-03-01,2,Fluency Within 20,g2f-across-ten,D,2,4,1,NONE—manual fit audit,Manual review required to identify whether manipulation adds a distinct causal insight beyond the existing explanation.,0,0.25,KEEP,Already has at least one A/B engine instance; not a zero-rich closure candidate.
f20-03-02,2,Fluency Within 20,g2f-think-addition,D,2,4,1,NONE—manual fit audit,Manual review required to identify whether manipulation adds a distinct causal insight beyond the existing explanation.,0,0.25,KEEP,Already has at least one A/B engine instance; not a zero-rich closure candidate.
f20-03-03,2,Fluency Within 20,g2f-fact-families,D,2,4,1,NONE—manual fit audit,Manual review required to identify whether manipulation adds a distinct causal insight beyond the existing explanation.,0,0.25,KEEP,Already has at least one A/B engine instance; not a zero-rich closure candidate.
f20-03-04,2,Fluency Within 20,g2f-missing,D,2,4,1,NONE—manual fit audit,Manual review required to identify whether manipulation adds a distinct causal insight beyond the existing explanation.,0,0.25,KEEP,Already has at least one A/B engine instance; not a zero-rich closure candidate.
f20-03-05,2,Fluency Within 20,g2f-speed-add,D,2,4,1,NONE—manual fit audit,Manual review required to identify whether manipulation adds a distinct causal insight beyond the existing explanation.,0,0.25,KEEP,Already has at least one A/B engine instance; not a zero-rich closure candidate.
f20-03-06,2,Fluency Within 20,g2f-speed-sub,D,2,4,1,NONE—manual fit audit,Manual review required to identify whether manipulation adds a distinct causal insight beyond the existing explanation.,0,0.25,KEEP,Already has at least one A/B engine instance; not a zero-rich closure candidate.
g2n-01-01,2,Adding Several Numbers,g2n-three-addends,A,2,4,1,NONE—manual fit audit,Manual review required to identify whether manipulation adds a distinct causal insight beyond the existing explanation.,0,1.5,KEEP,Already has at least one A/B engine instance; not a zero-rich closure candidate.
g2n-01-02,2,Adding Several Numbers,g2n-four-addends,C,2,4,1,NONE—manual fit audit,Manual review required to identify whether manipulation adds a distinct causal insight beyond the existing explanation.,0,0.5,KEEP,Already has at least one A/B engine instance; not a zero-rich closure candidate.
g2n-01-03,2,Adding Several Numbers,g2n-find-tens,C,2,4,1,NONE—manual fit audit,Manual review required to identify whether manipulation adds a distinct causal insight beyond the existing explanation.,0,0.5,KEEP,Already has at least one A/B engine instance; not a zero-rich closure candidate.
g2n-02-01,2,Adding Several Numbers,g2n-by-place,A,2,4,2,NONE—manual fit audit,Manual review required to identify whether manipulation adds a distinct causal insight beyond the existing explanation.,0,3.0,KEEP,Already has at least one A/B engine instance; not a zero-rich closure candidate.
g2n-02-02,2,Adding Several Numbers,g2n-friendly-pairs,C,2,4,2,NONE—manual fit audit,Manual review required to identify whether manipulation adds a distinct causal insight beyond the existing explanation.,0,1.0,KEEP,Already has at least one A/B engine instance; not a zero-rich closure candidate.
g2n-02-03,2,Adding Several Numbers,g2n-track-total,C,2,4,2,NONE—manual fit audit,Manual review required to identify whether manipulation adds a distinct causal insight beyond the existing explanation.,0,1.0,KEEP,Already has at least one A/B engine instance; not a zero-rich closure candidate.
g2n-03-01,2,Adding Several Numbers,g2n-story,A,2,4,1,NONE—manual fit audit,Manual review required to identify whether manipulation adds a distinct causal insight beyond the existing explanation.,0,1.5,KEEP,Already has at least one A/B engine instance; not a zero-rich closure candidate.
g2n-03-02,2,Adding Several Numbers,g2n-check,C,2,4,1,NONE—manual fit audit,Manual review required to identify whether manipulation adds a distinct causal insight beyond the existing explanation.,0,0.5,KEEP,Already has at least one A/B engine instance; not a zero-rich closure candidate.
g5f-01-01,5,Fractions as Division,g5fd-uneven-share,A,2,4,3,fractionBar,Learner could manipulate the fractionBar model and observe a state-dependent consequence before symbolic/retrieval checks.,101,99.29,KEEP,Already has at least one A/B engine instance; not a zero-rich closure candidate.
g5f-01-02,5,Fractions as Division,g5fd-as-fraction,C,2,4,3,fractionBar,Learner could manipulate the fractionBar model and observe a state-dependent consequence before symbolic/retrieval checks.,101,33.1,KEEP,Already has at least one A/B engine instance; not a zero-rich closure candidate.
g5f-01-03,5,Fractions as Division,g5fd-interpret,C,2,4,3,fractionBar,Learner could manipulate the fractionBar model and observe a state-dependent consequence before symbolic/retrieval checks.,101,33.1,KEEP,Already has at least one A/B engine instance; not a zero-rich closure candidate.
g5f-01-04,5,Fractions as Division,g5fd-share-story,C,2,4,3,fractionBar,Learner could manipulate the fractionBar model and observe a state-dependent consequence before symbolic/retrieval checks.,101,33.1,KEEP,Already has at least one A/B engine instance; not a zero-rich closure candidate.
g5f-02-01,5,Fractions as Division,g5fd-unit-by-whole,A,2,4,3,fractionBar,Learner could manipulate the fractionBar model and observe a state-dependent consequence before symbolic/retrieval checks.,101,99.29,KEEP,Already has at least one A/B engine instance; not a zero-rich closure candidate.
g5f-02-02,5,Fractions as Division,g5fd-whole-by-unit,C,2,4,3,fractionBar,Learner could manipulate the fractionBar model and observe a state-dependent consequence before symbolic/retrieval checks.,101,33.1,KEEP,Already has at least one A/B engine instance; not a zero-rich closure candidate.
g5f-02-03,5,Fractions as Division,g5fd-visual,B,2,4,3,fractionBar,Learner could manipulate the fractionBar model and observe a state-dependent consequence before symbolic/retrieval checks.,101,82.75,KEEP,Already has at least one A/B engine instance; not a zero-rich closure candidate.
g5f-02-04,5,Fractions as Division,g5fd-line,C,2,4,3,fractionBar,Learner could manipulate the fractionBar model and observe a state-dependent consequence before symbolic/retrieval checks.,101,33.1,KEEP,Already has at least one A/B engine instance; not a zero-rich closure candidate.
g5f-03-01,5,Fractions as Division,g5fd-check,A,2,4,1,NONE—manual fit audit,Manual review required to identify whether manipulation adds a distinct causal insight beyond the existing explanation.,0,1.65,KEEP,Already has at least one A/B engine instance; not a zero-rich closure candidate.
g5f-03-02,5,Fractions as Division,g5fd-choose,C,2,4,1,NONE—manual fit audit,Manual review required to identify whether manipulation adds a distinct causal insight beyond the existing explanation.,0,0.55,KEEP,Already has at least one A/B engine instance; not a zero-rich closure candidate.
g5f-03-03,5,Fractions as Division,g5fd-story,C,2,4,2,NONE—manual fit audit,Manual review required to identify whether manipulation adds a distinct causal insight beyond the existing explanation.,0,1.1,KEEP,Already has at least one A/B engine instance; not a zero-rich closure candidate.
g5f-03-04,5,Fractions as Division,g5fd-estimate,C,2,4,1,NONE—manual fit audit,Manual review required to identify whether manipulation adds a distinct causal insight beyond the existing explanation.,0,0.55,KEEP,Already has at least one A/B engine instance; not a zero-rich closure candidate.
g4x-01-01,4,Fractions Times Whole Numbers,g4x-repeated,A,2,4,3,fractionBar,Learner could manipulate the fractionBar model and observe a state-dependent consequence before symbolic/retrieval checks.,101,99.29,KEEP,Already has at least one A/B engine instance; not a zero-rich closure candidate.
g4x-01-02,4,Fractions Times Whole Numbers,g4x-as-mult,C,2,4,1,NONE—manual fit audit,Manual review required to identify whether manipulation adds a distinct causal insight beyond the existing explanation.,0,0.55,KEEP,Already has at least one A/B engine instance; not a zero-rich closure candidate.
g4x-01-03,4,Fractions Times Whole Numbers,g4x-unit-multiples,C,2,4,3,fractionBar,Learner could manipulate the fractionBar model and observe a state-dependent consequence before symbolic/retrieval checks.,101,33.1,KEEP,Already has at least one A/B engine instance; not a zero-rich closure candidate.
g4x-01-04,4,Fractions Times Whole Numbers,g4x-general,C,2,4,1,NONE—manual fit audit,Manual review required to identify whether manipulation adds a distinct causal insight beyond the existing explanation.,0,0.55,KEEP,Already has at least one A/B engine instance; not a zero-rich closure candidate.
g4x-02-01,4,Fractions Times Whole Numbers,g4x-line-model,A,2,4,1,numberLineHop,Learner could manipulate the numberLineHop model and observe a state-dependent consequence before symbolic/retrieval checks.,452,43.69,KEEP,Already has at least one A/B engine instance; not a zero-rich closure candidate.
g4x-02-02,4,Fractions Times Whole Numbers,g4x-area-model,B,2,4,2,areaModel,Learner could manipulate the areaModel model and observe a state-dependent consequence before symbolic/retrieval checks.,100,55.05,KEEP,Already has at least one A/B engine instance; not a zero-rich closure candidate.
g4x-02-03,4,Fractions Times Whole Numbers,g4x-past-one,C,2,4,1,NONE—manual fit audit,Manual review required to identify whether manipulation adds a distinct causal insight beyond the existing explanation.,0,0.55,KEEP,Already has at least one A/B engine instance; not a zero-rich closure candidate.
g4x-02-04,4,Fractions Times Whole Numbers,g4x-mixed-answer,C,2,4,1,NONE—manual fit audit,Manual review required to identify whether manipulation adds a distinct causal insight beyond the existing explanation.,0,0.55,KEEP,Already has at least one A/B engine instance; not a zero-rich closure candidate.
g4x-03-01,4,Fractions Times Whole Numbers,g4x-equal-groups,A,2,4,1,NONE—manual fit audit,Manual review required to identify whether manipulation adds a distinct causal insight beyond the existing explanation.,0,1.65,KEEP,Already has at least one A/B engine instance; not a zero-rich closure candidate.
g4x-03-02,4,Fractions Times Whole Numbers,g4x-recipe,C,2,4,1,NONE—manual fit audit,Manual review required to identify whether manipulation adds a distinct causal insight beyond the existing explanation.,0,0.55,KEEP,Already has at least one A/B engine instance; not a zero-rich closure candidate.
g4x-03-03,4,Fractions Times Whole Numbers,g4x-distance,C,2,4,1,NONE—manual fit audit,Manual review required to identify whether manipulation adds a distinct causal insight beyond the existing explanation.,0,0.55,KEEP,Already has at least one A/B engine instance; not a zero-rich closure candidate.
g4x-03-04,4,Fractions Times Whole Numbers,g4x-estimate,C,2,4,3,fractionBar,Learner could manipulate the fractionBar model and observe a state-dependent consequence before symbolic/retrieval checks.,101,33.1,KEEP,Already has at least one A/B engine instance; not a zero-rich closure candidate.
fr-01-01,3,Fractions from Scratch,equal-parts,A,1,5,3,fractionBar,Learner could manipulate the fractionBar model and observe a state-dependent consequence before symbolic/retrieval checks.,101,99.29,KEEP,Already has at least one A/B engine instance; not a zero-rich closure candidate.
fr-01-02,3,Fractions from Scratch,unit-fraction,C,1,5,3,fractionBar,Learner could manipulate the fractionBar model and observe a state-dependent consequence before symbolic/retrieval checks.,101,33.1,KEEP,Already has at least one A/B engine instance; not a zero-rich closure candidate.
fr-01-03,3,Fractions from Scratch,build-fraction,C,0,6,3,fractionBar,Learner could manipulate the fractionBar model and observe a state-dependent consequence before symbolic/retrieval checks.,101,33.1,KEEP,Procedural-fluency purpose; preserve independent production unless a manual lesson read finds a conceptual bottleneck.
fr-01-04,3,Fractions from Scratch,num-denom,C,0,6,3,fractionBar,Learner could manipulate the fractionBar model and observe a state-dependent consequence before symbolic/retrieval checks.,101,33.1,KEEP,Procedural-fluency purpose; preserve independent production unless a manual lesson read finds a conceptual bottleneck.
fr-02-01,3,Fractions from Scratch,nl-partition,A,2,4,3,fractionBar,Learner could manipulate the fractionBar model and observe a state-dependent consequence before symbolic/retrieval checks.,101,99.29,KEEP,Already has at least one A/B engine instance; not a zero-rich closure candidate.
fr-02-02,3,Fractions from Scratch,nl-unit,C,3,3,3,fractionBar,Learner could manipulate the fractionBar model and observe a state-dependent consequence before symbolic/retrieval checks.,101,33.1,KEEP,Already has at least one A/B engine instance; not a zero-rich closure candidate.
fr-02-03,3,Fractions from Scratch,nl-fraction,C,1,5,3,fractionBar,Learner could manipulate the fractionBar model and observe a state-dependent consequence before symbolic/retrieval checks.,101,33.1,KEEP,Already has at least one A/B engine instance; not a zero-rich closure candidate.
fr-02-04,3,Fractions from Scratch,nl-beyond-one,C,1,5,3,fractionBar,Learner could manipulate the fractionBar model and observe a state-dependent consequence before symbolic/retrieval checks.,101,33.1,KEEP,Already has at least one A/B engine instance; not a zero-rich closure candidate.
fr-03-01,3,Fractions from Scratch,equivalent,A,3,4,3,fractionBar,Learner could manipulate the fractionBar model and observe a state-dependent consequence before symbolic/retrieval checks.,101,99.29,KEEP,Already has at least one A/B engine instance; not a zero-rich closure candidate.
fr-03-02,3,Fractions from Scratch,equiv-models,C,0,6,3,fractionBar,Learner could manipulate the fractionBar model and observe a state-dependent consequence before symbolic/retrieval checks.,101,33.1,KEEP,Procedural-fluency purpose; preserve independent production unless a manual lesson read finds a conceptual bottleneck.
fr-03-03,3,Fractions from Scratch,whole-as-fraction,C,1,5,3,fractionBar,Learner could manipulate the fractionBar model and observe a state-dependent consequence before symbolic/retrieval checks.,101,33.1,KEEP,Already has at least one A/B engine instance; not a zero-rich closure candidate.
fr-04-01,3,Fractions from Scratch,compare-same-denom,A,1,5,3,fractionBar,Learner could manipulate the fractionBar model and observe a state-dependent consequence before symbolic/retrieval checks.,101,99.29,KEEP,Already has at least one A/B engine instance; not a zero-rich closure candidate.
fr-04-02,3,Fractions from Scratch,compare-same-num,B,1,5,3,fractionBar,Learner could manipulate the fractionBar model and observe a state-dependent consequence before symbolic/retrieval checks.,101,82.75,KEEP,Already has at least one A/B engine instance; not a zero-rich closure candidate.
fr-04-03,3,Fractions from Scratch,unit-size,A,0,6,3,fractionBar,Learner could manipulate the fractionBar model and observe a state-dependent consequence before symbolic/retrieval checks.,101,99.29,CHANGE,"Zero A/B interaction in an acquisition lesson; existing fractionBar offers a causal model, so reuse should be audited before any new engine."
fr-04-04,3,Fractions from Scratch,same-whole,C,0,6,3,fractionBar,Learner could manipulate the fractionBar model and observe a state-dependent consequence before symbolic/retrieval checks.,101,33.1,KEEP,Procedural-fluency purpose; preserve independent production unless a manual lesson read finds a conceptual bottleneck.
fa-01-01,4,Fractions That Add Up,equivalence-recap,A,1,5,1,NONE—manual fit audit,Manual review required to identify whether manipulation adds a distinct causal insight beyond the existing explanation.,0,1.65,KEEP,Already has at least one A/B engine instance; not a zero-rich closure candidate.
fa-01-02,4,Fractions That Add Up,equivalence-rule-derived,C,1,5,1,NONE—manual fit audit,Manual review required to identify whether manipulation adds a distinct causal insight beyond the existing explanation.,0,0.55,KEEP,Already has at least one A/B engine instance; not a zero-rich closure candidate.
fa-01-03,4,Fractions That Add Up,simplify-fractions,B,0,6,3,fractionBar,Learner could manipulate the fractionBar model and observe a state-dependent consequence before symbolic/retrieval checks.,101,82.75,CHANGE,"Zero A/B interaction in an transfer lesson; existing fractionBar offers a causal model, so reuse should be audited before any new engine."
fa-02-01,4,Fractions That Add Up,benchmark-half,E,0,6,1,NONE—manual fit audit,Manual review required to identify whether manipulation adds a distinct causal insight beyond the existing explanation.,0,0.28,REFUSE,Retrieval/assessment purpose: adding a manipulative merely to raise interaction density would weaken independent evidence.
fa-02-02,4,Fractions That Add Up,benchmark-compare,E,0,6,1,NONE—manual fit audit,Manual review required to identify whether manipulation adds a distinct causal insight beyond the existing explanation.,0,0.28,REFUSE,Retrieval/assessment purpose: adding a manipulative merely to raise interaction density would weaken independent evidence.
fa-02-03,4,Fractions That Add Up,benchmark-order,E,0,6,1,NONE—manual fit audit,Manual review required to identify whether manipulation adds a distinct causal insight beyond the existing explanation.,0,0.28,REFUSE,Retrieval/assessment purpose: adding a manipulative merely to raise interaction density would weaken independent evidence.
fa-03-01,4,Fractions That Add Up,add-like-denom,A,1,5,3,fractionBar,Learner could manipulate the fractionBar model and observe a state-dependent consequence before symbolic/retrieval checks.,101,99.29,KEEP,Already has at least one A/B engine instance; not a zero-rich closure candidate.
fa-03-02,4,Fractions That Add Up,subtract-like-denom,C,0,6,3,fractionBar,Learner could manipulate the fractionBar model and observe a state-dependent consequence before symbolic/retrieval checks.,101,33.1,KEEP,Procedural-fluency purpose; preserve independent production unless a manual lesson read finds a conceptual bottleneck.
fa-03-03,4,Fractions That Add Up,like-denom-word-problems,C,0,6,3,fractionBar,Learner could manipulate the fractionBar model and observe a state-dependent consequence before symbolic/retrieval checks.,101,33.1,KEEP,Procedural-fluency purpose; preserve independent production unless a manual lesson read finds a conceptual bottleneck.
fa-04-01,4,Fractions That Add Up,improper-to-mixed,A,3,4,1,NONE—manual fit audit,Manual review required to identify whether manipulation adds a distinct causal insight beyond the existing explanation.,0,1.65,KEEP,Already has at least one A/B engine instance; not a zero-rich closure candidate.
fa-04-02,4,Fractions That Add Up,mixed-to-improper,C,1,5,1,NONE—manual fit audit,Manual review required to identify whether manipulation adds a distinct causal insight beyond the existing explanation.,0,0.55,KEEP,Already has at least one A/B engine instance; not a zero-rich closure candidate.
fa-04-03,4,Fractions That Add Up,mixed-number-add-subtract,C,3,5,1,NONE—manual fit audit,Manual review required to identify whether manipulation adds a distinct causal insight beyond the existing explanation.,0,0.55,KEEP,Already has at least one A/B engine instance; not a zero-rich closure candidate.
fa-05-01,4,Fractions That Add Up,fraction-times-whole,A,1,5,3,fractionBar,Learner could manipulate the fractionBar model and observe a state-dependent consequence before symbolic/retrieval checks.,101,99.29,KEEP,Already has at least one A/B engine instance; not a zero-rich closure candidate.
fa-05-02,4,Fractions That Add Up,fraction-times-whole-word,C,0,6,3,fractionBar,Learner could manipulate the fractionBar model and observe a state-dependent consequence before symbolic/retrieval checks.,101,33.1,KEEP,Procedural-fluency purpose; preserve independent production unless a manual lesson read finds a conceptual bottleneck.
g3f-01-01,3,Fractions: Going Deeper,g3f-equal-parts,A,2,4,3,fractionBar,Learner could manipulate the fractionBar model and observe a state-dependent consequence before symbolic/retrieval checks.,101,99.29,KEEP,Already has at least one A/B engine instance; not a zero-rich closure candidate.
g3f-01-02,3,Fractions: Going Deeper,g3f-unit-name,C,2,4,3,fractionBar,Learner could manipulate the fractionBar model and observe a state-dependent consequence before symbolic/retrieval checks.,101,33.1,KEEP,Already has at least one A/B engine instance; not a zero-rich closure candidate.
g3f-01-03,3,Fractions: Going Deeper,g3f-build,C,2,4,3,fractionBar,Learner could manipulate the fractionBar model and observe a state-dependent consequence before symbolic/retrieval checks.,101,33.1,KEEP,Already has at least one A/B engine instance; not a zero-rich closure candidate.
g3f-01-04,3,Fractions: Going Deeper,g3f-set-model,C,2,4,3,fractionBar,Learner could manipulate the fractionBar model and observe a state-dependent consequence before symbolic/retrieval checks.,101,33.1,KEEP,Already has at least one A/B engine instance; not a zero-rich closure candidate.
g3f-01-05,3,Fractions: Going Deeper,g3f-ruler,C,2,4,3,fractionBar,Learner could manipulate the fractionBar model and observe a state-dependent consequence before symbolic/retrieval checks.,101,33.1,KEEP,Already has at least one A/B engine instance; not a zero-rich closure candidate.
g3f-02-01,3,Fractions: Going Deeper,g3f-thirds-line,A,2,4,3,fractionBar,Learner could manipulate the fractionBar model and observe a state-dependent consequence before symbolic/retrieval checks.,101,99.29,KEEP,Already has at least one A/B engine instance; not a zero-rich closure candidate.
g3f-02-02,3,Fractions: Going Deeper,g3f-sixths-eighths,C,2,4,3,fractionBar,Learner could manipulate the fractionBar model and observe a state-dependent consequence before symbolic/retrieval checks.,101,33.1,KEEP,Already has at least one A/B engine instance; not a zero-rich closure candidate.
g3f-02-03,3,Fractions: Going Deeper,g3f-strip-equiv,C,2,4,3,fractionBar,Learner could manipulate the fractionBar model and observe a state-dependent consequence before symbolic/retrieval checks.,101,33.1,KEEP,Already has at least one A/B engine instance; not a zero-rich closure candidate.
g3f-02-04,3,Fractions: Going Deeper,g3f-line-equiv,C,2,4,3,fractionBar,Learner could manipulate the fractionBar model and observe a state-dependent consequence before symbolic/retrieval checks.,101,33.1,KEEP,Already has at least one A/B engine instance; not a zero-rich closure candidate.
g3f-02-05,3,Fractions: Going Deeper,g3f-whole-as-fraction,C,2,4,3,fractionBar,Learner could manipulate the fractionBar model and observe a state-dependent consequence before symbolic/retrieval checks.,101,33.1,KEEP,Already has at least one A/B engine instance; not a zero-rich closure candidate.
g3f-03-01,3,Fractions: Going Deeper,g3f-equal-one,A,2,4,3,fractionBar,Learner could manipulate the fractionBar model and observe a state-dependent consequence before symbolic/retrieval checks.,101,99.29,KEEP,Already has at least one A/B engine instance; not a zero-rich closure candidate.
g3f-03-02,3,Fractions: Going Deeper,g3f-same-whole,C,2,4,1,NONE—manual fit audit,Manual review required to identify whether manipulation adds a distinct causal insight beyond the existing explanation.,0,0.55,KEEP,Already has at least one A/B engine instance; not a zero-rich closure candidate.
g3f-03-03,3,Fractions: Going Deeper,g3f-order-three,C,2,4,3,fractionBar,Learner could manipulate the fractionBar model and observe a state-dependent consequence before symbolic/retrieval checks.,101,33.1,KEEP,Already has at least one A/B engine instance; not a zero-rich closure candidate.
g3f-03-04,3,Fractions: Going Deeper,g3f-story,C,2,4,3,fractionBar,Learner could manipulate the fractionBar model and observe a state-dependent consequence before symbolic/retrieval checks.,101,33.1,KEEP,Already has at least one A/B engine instance; not a zero-rich closure candidate.
fm-01-01,5,Multiplying & Dividing Fractions,common-denominator,A,1,5,1,NONE—manual fit audit,Manual review required to identify whether manipulation adds a distinct causal insight beyond the existing explanation.,0,1.65,KEEP,Already has at least one A/B engine instance; not a zero-rich closure candidate.
fm-01-02,5,Multiplying & Dividing Fractions,add-unlike,C,1,5,3,fractionBar,Learner could manipulate the fractionBar model and observe a state-dependent consequence before symbolic/retrieval checks.,101,33.1,KEEP,Already has at least one A/B engine instance; not a zero-rich closure candidate.
fm-01-03,5,Multiplying & Dividing Fractions,subtract-unlike,C,1,5,3,fractionBar,Learner could manipulate the fractionBar model and observe a state-dependent consequence before symbolic/retrieval checks.,101,33.1,KEEP,Already has at least one A/B engine instance; not a zero-rich closure candidate.
fm-02-01,5,Multiplying & Dividing Fractions,groups-of-fraction,A,1,5,3,fractionBar,Learner could manipulate the fractionBar model and observe a state-dependent consequence before symbolic/retrieval checks.,101,99.29,KEEP,Already has at least one A/B engine instance; not a zero-rich closure candidate.
fm-02-02,5,Multiplying & Dividing Fractions,fraction-of-number,C,1,6,3,fractionBar,Learner could manipulate the fractionBar model and observe a state-dependent consequence before symbolic/retrieval checks.,101,33.1,KEEP,Already has at least one A/B engine instance; not a zero-rich closure candidate.
fm-03-01,5,Multiplying & Dividing Fractions,fraction-area-model,A,4,2,3,areaModel,Learner could manipulate the areaModel model and observe a state-dependent consequence before symbolic/retrieval checks.,100,99.09,KEEP,Already has at least one A/B engine instance; not a zero-rich closure candidate.
fm-03-02,5,Multiplying & Dividing Fractions,multiply-across,C,2,4,3,fractionBar,Learner could manipulate the fractionBar model and observe a state-dependent consequence before symbolic/retrieval checks.,101,33.1,KEEP,Already has at least one A/B engine instance; not a zero-rich closure candidate.
fm-03-03,5,Multiplying & Dividing Fractions,simplify-product,C,1,5,3,fractionBar,Learner could manipulate the fractionBar model and observe a state-dependent consequence before symbolic/retrieval checks.,101,33.1,KEEP,Already has at least one A/B engine instance; not a zero-rich closure candidate.
fm-04-01,5,Multiplying & Dividing Fractions,scaling-compare,A,1,5,1,NONE—manual fit audit,Manual review required to identify whether manipulation adds a distinct causal insight beyond the existing explanation.,0,1.65,KEEP,Already has at least one A/B engine instance; not a zero-rich closure candidate.
fm-04-02,5,Multiplying & Dividing Fractions,scaling-reason,C,1,5,1,NONE—manual fit audit,Manual review required to identify whether manipulation adds a distinct causal insight beyond the existing explanation.,0,0.55,KEEP,Already has at least one A/B engine instance; not a zero-rich closure candidate.
fm-05-01,5,Multiplying & Dividing Fractions,whole-div-unit,A,1,5,3,fractionBar,Learner could manipulate the fractionBar model and observe a state-dependent consequence before symbolic/retrieval checks.,101,99.29,KEEP,Already has at least one A/B engine instance; not a zero-rich closure candidate.
fm-05-02,5,Multiplying & Dividing Fractions,unit-div-whole,C,1,5,3,fractionBar,Learner could manipulate the fractionBar model and observe a state-dependent consequence before symbolic/retrieval checks.,101,33.1,KEEP,Already has at least one A/B engine instance; not a zero-rich closure candidate.
fm-05-03,5,Multiplying & Dividing Fractions,fraction-div-word,B,1,5,3,fractionBar,Learner could manipulate the fractionBar model and observe a state-dependent consequence before symbolic/retrieval checks.,101,82.75,KEEP,Already has at least one A/B engine instance; not a zero-rich closure candidate.
fna-01-01,12,Precalculus: Function Analysis,fna-aroc,A,1,4,2,proportionalReasoningLab,Learner could manipulate the proportionalReasoningLab model and observe a state-dependent consequence before symbolic/retrieval checks.,42,68.79,KEEP,Already has at least one A/B engine instance; not a zero-rich closure candidate.
fna-01-02,12,Precalculus: Function Analysis,fna-secant,C,1,4,2,proportionalReasoningLab,Learner could manipulate the proportionalReasoningLab model and observe a state-dependent consequence before symbolic/retrieval checks.,42,22.93,KEEP,Already has at least one A/B engine instance; not a zero-rich closure candidate.
fna-01-03,12,Precalculus: Function Analysis,fna-rate-interp,A,1,4,2,proportionalReasoningLab,Learner could manipulate the proportionalReasoningLab model and observe a state-dependent consequence before symbolic/retrieval checks.,42,68.79,KEEP,Already has at least one A/B engine instance; not a zero-rich closure candidate.
fna-02-01,12,Precalculus: Function Analysis,fna-inc-dec,A,1,4,3,lineExplore,Learner could manipulate the lineExplore model and observe a state-dependent consequence before symbolic/retrieval checks.,6,56.7,KEEP,Already has at least one A/B engine instance; not a zero-rich closure candidate.
fna-02-02,12,Precalculus: Function Analysis,fna-extrema,C,1,4,2,NONE—manual fit audit,Manual review required to identify whether manipulation adds a distinct causal insight beyond the existing explanation.,0,1.4,KEEP,Already has at least one A/B engine instance; not a zero-rich closure candidate.
fna-02-03,12,Precalculus: Function Analysis,fna-graph-read,C,0,5,2,NONE—manual fit audit,Manual review required to identify whether manipulation adds a distinct causal insight beyond the existing explanation.,0,1.4,KEEP,Procedural-fluency purpose; preserve independent production unless a manual lesson read finds a conceptual bottleneck.
fna-03-01,12,Precalculus: Function Analysis,fna-even-odd,E,1,4,3,lineExplore,Learner could manipulate the lineExplore model and observe a state-dependent consequence before symbolic/retrieval checks.,6,9.45,KEEP,Already has at least one A/B engine instance; not a zero-rich closure candidate.
fna-03-02,12,Precalculus: Function Analysis,fna-piecewise,C,0,5,3,lineExplore,Learner could manipulate the lineExplore model and observe a state-dependent consequence before symbolic/retrieval checks.,6,18.9,KEEP,Procedural-fluency purpose; preserve independent production unless a manual lesson read finds a conceptual bottleneck.
fna-03-03,12,Precalculus: Function Analysis,fna-step,C,0,5,3,lineExplore,Learner could manipulate the lineExplore model and observe a state-dependent consequence before symbolic/retrieval checks.,6,18.9,KEEP,Procedural-fluency purpose; preserve independent production unless a manual lesson read finds a conceptual bottleneck.
fna-04-01,12,Precalculus: Function Analysis,fna-compose-order,A,1,4,1,NONE—manual fit audit,Manual review required to identify whether manipulation adds a distinct causal insight beyond the existing explanation.,0,2.1,KEEP,Already has at least one A/B engine instance; not a zero-rich closure candidate.
fna-04-02,12,Precalculus: Function Analysis,fna-compose-domain,C,0,5,3,NONE—manual fit audit,Manual review required to identify whether manipulation adds a distinct causal insight beyond the existing explanation.,0,2.1,KEEP,Procedural-fluency purpose; preserve independent production unless a manual lesson read finds a conceptual bottleneck.
fna-04-03,12,Precalculus: Function Analysis,fna-decompose,B,0,5,1,NONE—manual fit audit,Manual review required to identify whether manipulation adds a distinct causal insight beyond the existing explanation.,0,1.75,KEEP,"Potential conceptual gap, but no obvious existing-engine fit from the mechanical scan; requires human necessity audit before any implementation."
fna-05-01,12,Precalculus: Function Analysis,fna-one-to-one,E,1,4,1,NONE—manual fit audit,Manual review required to identify whether manipulation adds a distinct causal insight beyond the existing explanation.,0,0.35,KEEP,Already has at least one A/B engine instance; not a zero-rich closure candidate.
fna-05-02,12,Precalculus: Function Analysis,fna-restricted,C,0,5,3,NONE—manual fit audit,Manual review required to identify whether manipulation adds a distinct causal insight beyond the existing explanation.,0,2.1,KEEP,Procedural-fluency purpose; preserve independent production unless a manual lesson read finds a conceptual bottleneck.
fna-05-03,12,Precalculus: Function Analysis,fna-inverse-verify,C,0,5,1,NONE—manual fit audit,Manual review required to identify whether manipulation adds a distinct causal insight beyond the existing explanation.,0,0.7,KEEP,Procedural-fluency purpose; preserve independent production unless a manual lesson read finds a conceptual bottleneck.
fna-06-01,12,Precalculus: Function Analysis,fna-compare-reps,A,2,4,3,lineExplore,Learner could manipulate the lineExplore model and observe a state-dependent consequence before symbolic/retrieval checks.,6,56.7,KEEP,Already has at least one A/B engine instance; not a zero-rich closure candidate.
ft-01-01,11,Algebra 2: Functions & Transformations,ft-parents,A,1,5,3,lineExplore,Learner could manipulate the lineExplore model and observe a state-dependent consequence before symbolic/retrieval checks.,6,56.7,KEEP,Already has at least one A/B engine instance; not a zero-rich closure candidate.
ft-01-02,11,Algebra 2: Functions & Transformations,ft-domain,C,1,5,3,lineExplore,Learner could manipulate the lineExplore model and observe a state-dependent consequence before symbolic/retrieval checks.,6,18.9,KEEP,Already has at least one A/B engine instance; not a zero-rich closure candidate.
ft-01-03,11,Algebra 2: Functions & Transformations,ft-range,C,1,5,3,lineExplore,Learner could manipulate the lineExplore model and observe a state-dependent consequence before symbolic/retrieval checks.,6,18.9,KEEP,Already has at least one A/B engine instance; not a zero-rich closure candidate.
ft-02-01,11,Algebra 2: Functions & Transformations,ft-vshift,A,1,5,1,NONE—manual fit audit,Manual review required to identify whether manipulation adds a distinct causal insight beyond the existing explanation.,0,2.1,KEEP,Already has at least one A/B engine instance; not a zero-rich closure candidate.
ft-02-02,11,Algebra 2: Functions & Transformations,ft-hshift,C,1,5,1,NONE—manual fit audit,Manual review required to identify whether manipulation adds a distinct causal insight beyond the existing explanation.,0,0.7,KEEP,Already has at least one A/B engine instance; not a zero-rich closure candidate.
ft-02-03,11,Algebra 2: Functions & Transformations,ft-combined-shift,C,1,5,1,NONE—manual fit audit,Manual review required to identify whether manipulation adds a distinct causal insight beyond the existing explanation.,0,0.7,KEEP,Already has at least one A/B engine instance; not a zero-rich closure candidate.
ft-03-01,11,Algebra 2: Functions & Transformations,ft-reflect,A,1,5,1,transformExplore,Learner could manipulate the transformExplore model and observe a state-dependent consequence before symbolic/retrieval checks.,9,21.79,KEEP,Already has at least one A/B engine instance; not a zero-rich closure candidate.
ft-03-02,11,Algebra 2: Functions & Transformations,ft-stretch,C,1,5,1,transformExplore,Learner could manipulate the transformExplore model and observe a state-dependent consequence before symbolic/retrieval checks.,9,7.26,KEEP,Already has at least one A/B engine instance; not a zero-rich closure candidate.
ft-03-03,11,Algebra 2: Functions & Transformations,ft-full-rule,C,1,5,1,transformExplore,Learner could manipulate the transformExplore model and observe a state-dependent consequence before symbolic/retrieval checks.,9,7.26,KEEP,Already has at least one A/B engine instance; not a zero-rich closure candidate.
ft-04-01,11,Algebra 2: Functions & Transformations,ft-arith,A,1,5,3,lineExplore,Learner could manipulate the lineExplore model and observe a state-dependent consequence before symbolic/retrieval checks.,6,56.7,KEEP,Already has at least one A/B engine instance; not a zero-rich closure candidate.
ft-04-02,11,Algebra 2: Functions & Transformations,ft-compose,C,1,5,3,lineExplore,Learner could manipulate the lineExplore model and observe a state-dependent consequence before symbolic/retrieval checks.,6,18.9,KEEP,Already has at least one A/B engine instance; not a zero-rich closure candidate.
ft-04-03,11,Algebra 2: Functions & Transformations,ft-compose-rule,C,1,5,3,lineExplore,Learner could manipulate the lineExplore model and observe a state-dependent consequence before symbolic/retrieval checks.,6,18.9,KEEP,Already has at least one A/B engine instance; not a zero-rich closure candidate.
ft-05-01,11,Algebra 2: Functions & Transformations,ft-inverse-undo,A,1,5,3,lineExplore,Learner could manipulate the lineExplore model and observe a state-dependent consequence before symbolic/retrieval checks.,6,56.7,KEEP,Already has at least one A/B engine instance; not a zero-rich closure candidate.
ft-05-02,11,Algebra 2: Functions & Transformations,ft-inverse-rule,C,1,5,3,lineExplore,Learner could manipulate the lineExplore model and observe a state-dependent consequence before symbolic/retrieval checks.,6,18.9,KEEP,Already has at least one A/B engine instance; not a zero-rich closure candidate.
ft-05-03,11,Algebra 2: Functions & Transformations,ft-inverse-graph,C,1,5,3,lineExplore,Learner could manipulate the lineExplore model and observe a state-dependent consequence before symbolic/retrieval checks.,6,18.9,KEEP,Already has at least one A/B engine instance; not a zero-rich closure candidate.
ft-05-04,11,Algebra 2: Functions & Transformations,ft-inverse-undo,C,5,1,3,lineExplore,Learner could manipulate the lineExplore model and observe a state-dependent consequence before symbolic/retrieval checks.,6,18.9,KEEP,Already has at least one A/B engine instance; not a zero-rich closure candidate.
fn-01-01,9,Algebra 1: Functions & Sequences,fn-notation,A,1,6,3,lineExplore,Learner could manipulate the lineExplore model and observe a state-dependent consequence before symbolic/retrieval checks.,6,56.7,KEEP,Already has at least one A/B engine instance; not a zero-rich closure candidate.
fn-01-02,9,Algebra 1: Functions & Sequences,fn-domain-range,E,1,6,3,lineExplore,Learner could manipulate the lineExplore model and observe a state-dependent consequence before symbolic/retrieval checks.,6,9.45,KEEP,Already has at least one A/B engine instance; not a zero-rich closure candidate.
fn-01-03,9,Algebra 1: Functions & Sequences,fn-table-rule,A,1,6,3,lineExplore,Learner could manipulate the lineExplore model and observe a state-dependent consequence before symbolic/retrieval checks.,6,56.7,KEEP,Already has at least one A/B engine instance; not a zero-rich closure candidate.
fn-02-01,9,Algebra 1: Functions & Sequences,fn-common-diff,A,1,6,2,NONE—manual fit audit,Manual review required to identify whether manipulation adds a distinct causal insight beyond the existing explanation.,0,4.2,KEEP,Already has at least one A/B engine instance; not a zero-rich closure candidate.
fn-02-02,9,Algebra 1: Functions & Sequences,fn-nth-term,C,1,6,2,NONE—manual fit audit,Manual review required to identify whether manipulation adds a distinct causal insight beyond the existing explanation.,0,1.4,KEEP,Already has at least one A/B engine instance; not a zero-rich closure candidate.
fn-02-03,9,Algebra 1: Functions & Sequences,fn-arith-rule,C,1,6,2,NONE—manual fit audit,Manual review required to identify whether manipulation adds a distinct causal insight beyond the existing explanation.,0,1.4,KEEP,Already has at least one A/B engine instance; not a zero-rich closure candidate.
fn-03-01,9,Algebra 1: Functions & Sequences,fn-common-ratio,A,3,4,3,proportionalReasoningLab,Learner could manipulate the proportionalReasoningLab model and observe a state-dependent consequence before symbolic/retrieval checks.,42,103.18,KEEP,Already has at least one A/B engine instance; not a zero-rich closure candidate.
fn-03-02,9,Algebra 1: Functions & Sequences,fn-geo-nth,C,3,4,2,NONE—manual fit audit,Manual review required to identify whether manipulation adds a distinct causal insight beyond the existing explanation.,0,1.4,KEEP,Already has at least one A/B engine instance; not a zero-rich closure candidate.
fn-03-03,9,Algebra 1: Functions & Sequences,fn-geo-rule,C,3,4,2,NONE—manual fit audit,Manual review required to identify whether manipulation adds a distinct causal insight beyond the existing explanation.,0,1.4,KEEP,Already has at least one A/B engine instance; not a zero-rich closure candidate.
fn-04-01,9,Algebra 1: Functions & Sequences,fn-classify,A,1,6,2,NONE—manual fit audit,Manual review required to identify whether manipulation adds a distinct causal insight beyond the existing explanation.,0,4.2,KEEP,Already has at least one A/B engine instance; not a zero-rich closure candidate.
fn-04-02,9,Algebra 1: Functions & Sequences,fn-choose-formula,C,1,6,2,NONE—manual fit audit,Manual review required to identify whether manipulation adds a distinct causal insight beyond the existing explanation.,0,1.4,KEEP,Already has at least one A/B engine instance; not a zero-rich closure candidate.
fn-04-03,9,Algebra 1: Functions & Sequences,fn-growth-apply,B,1,6,2,NONE—manual fit audit,Manual review required to identify whether manipulation adds a distinct causal insight beyond the existing explanation.,0,3.5,KEEP,Already has at least one A/B engine instance; not a zero-rich closure candidate.
fg-01-01,8,Grade 8: Functions,fg-function-definition,A,1,6,3,lineExplore,Learner could manipulate the lineExplore model and observe a state-dependent consequence before symbolic/retrieval checks.,6,48.6,KEEP,Already has at least one A/B engine instance; not a zero-rich closure candidate.
fg-01-02,8,Grade 8: Functions,fg-function-test,A,0,6,3,lineExplore,Learner could manipulate the lineExplore model and observe a state-dependent consequence before symbolic/retrieval checks.,6,48.6,CHANGE,"Zero A/B interaction in an acquisition lesson; existing lineExplore offers a causal model, so reuse should be audited before any new engine."
fg-01-03,8,Grade 8: Functions,fg-vertical-line-test,E,1,5,3,lineExplore,Learner could manipulate the lineExplore model and observe a state-dependent consequence before symbolic/retrieval checks.,6,8.1,KEEP,Already has at least one A/B engine instance; not a zero-rich closure candidate.
fg-02-01,8,Grade 8: Functions,fg-rate-of-change,A,1,5,2,proportionalReasoningLab,Learner could manipulate the proportionalReasoningLab model and observe a state-dependent consequence before symbolic/retrieval checks.,42,58.96,KEEP,Already has at least one A/B engine instance; not a zero-rich closure candidate.
fg-02-02,8,Grade 8: Functions,fg-constant-slope,A,1,5,3,proportionalReasoningLab,Learner could manipulate the proportionalReasoningLab model and observe a state-dependent consequence before symbolic/retrieval checks.,42,88.44,KEEP,Already has at least one A/B engine instance; not a zero-rich closure candidate.
fg-02-03,8,Grade 8: Functions,fg-initial-value,C,1,5,2,proportionalReasoningLab,Learner could manipulate the proportionalReasoningLab model and observe a state-dependent consequence before symbolic/retrieval checks.,42,19.65,KEEP,Already has at least one A/B engine instance; not a zero-rich closure candidate.
fg-03-01,8,Grade 8: Functions,fg-same-function-forms,A,1,5,3,lineExplore,Learner could manipulate the lineExplore model and observe a state-dependent consequence before symbolic/retrieval checks.,6,48.6,KEEP,Already has at least one A/B engine instance; not a zero-rich closure candidate.
fg-03-02,8,Grade 8: Functions,fg-compare-rates,C,6,0,3,proportionalReasoningLab,Learner could manipulate the proportionalReasoningLab model and observe a state-dependent consequence before symbolic/retrieval checks.,42,29.48,KEEP,Already has at least one A/B engine instance; not a zero-rich closure candidate.
fg-03-03,8,Grade 8: Functions,fg-compare-full,C,6,0,3,proportionalReasoningLab,Learner could manipulate the proportionalReasoningLab model and observe a state-dependent consequence before symbolic/retrieval checks.,42,29.48,KEEP,Already has at least one A/B engine instance; not a zero-rich closure candidate.
fg-04-01,8,Grade 8: Functions,fg-linear-vs-nonlinear,A,0,6,2,NONE—manual fit audit,Manual review required to identify whether manipulation adds a distinct causal insight beyond the existing explanation.,0,3.6,KEEP,"Potential conceptual gap, but no obvious existing-engine fit from the mechanical scan; requires human necessity audit before any implementation."
fg-04-02,8,Grade 8: Functions,fg-qualitative-graphs,C,6,0,2,NONE—manual fit audit,Manual review required to identify whether manipulation adds a distinct causal insight beyond the existing explanation.,0,1.2,KEEP,Already has at least one A/B engine instance; not a zero-rich closure candidate.
fg-04-03,8,Grade 8: Functions,fg-graph-stories,C,6,0,2,NONE—manual fit audit,Manual review required to identify whether manipulation adds a distinct causal insight beyond the existing explanation.,0,1.2,KEEP,Already has at least one A/B engine instance; not a zero-rich closure candidate.
gf-01-01,10,Geometry: Foundations & Rigid Motions,gf-undefined-terms,A,1,5,1,NONE—manual fit audit,Manual review required to identify whether manipulation adds a distinct causal insight beyond the existing explanation.,0,2.1,KEEP,Already has at least one A/B engine instance; not a zero-rich closure candidate.
gf-01-02,10,Geometry: Foundations & Rigid Motions,gf-definitions,C,1,5,1,NONE—manual fit audit,Manual review required to identify whether manipulation adds a distinct causal insight beyond the existing explanation.,0,0.7,KEEP,Already has at least one A/B engine instance; not a zero-rich closure candidate.
gf-01-03,10,Geometry: Foundations & Rigid Motions,gf-notation,C,0,6,1,NONE—manual fit audit,Manual review required to identify whether manipulation adds a distinct causal insight beyond the existing explanation.,0,0.7,KEEP,Procedural-fluency purpose; preserve independent production unless a manual lesson read finds a conceptual bottleneck.
gf-02-01,10,Geometry: Foundations & Rigid Motions,gf-segment-addition,A,1,5,2,NONE—manual fit audit,Manual review required to identify whether manipulation adds a distinct causal insight beyond the existing explanation.,0,4.2,KEEP,Already has at least one A/B engine instance; not a zero-rich closure candidate.
gf-02-02,10,Geometry: Foundations & Rigid Motions,gf-angle-addition,C,1,5,2,NONE—manual fit audit,Manual review required to identify whether manipulation adds a distinct causal insight beyond the existing explanation.,0,1.4,KEEP,Already has at least one A/B engine instance; not a zero-rich closure candidate.
gf-02-03,10,Geometry: Foundations & Rigid Motions,gf-algebra-measures,C,0,6,2,lengthCompare,Learner could manipulate the lengthCompare model and observe a state-dependent consequence before symbolic/retrieval checks.,63,25.29,KEEP,Procedural-fluency purpose; preserve independent production unless a manual lesson read finds a conceptual bottleneck.
gf-03-01,10,Geometry: Foundations & Rigid Motions,gf-translation-rule,A,1,5,3,lineExplore,Learner could manipulate the lineExplore model and observe a state-dependent consequence before symbolic/retrieval checks.,6,56.7,KEEP,Already has at least one A/B engine instance; not a zero-rich closure candidate.
gf-03-02,10,Geometry: Foundations & Rigid Motions,gf-reflection-rule,C,1,5,3,lineExplore,Learner could manipulate the lineExplore model and observe a state-dependent consequence before symbolic/retrieval checks.,6,18.9,KEEP,Already has at least one A/B engine instance; not a zero-rich closure candidate.
gf-03-03,10,Geometry: Foundations & Rigid Motions,gf-rotation-rule,C,1,5,3,lineExplore,Learner could manipulate the lineExplore model and observe a state-dependent consequence before symbolic/retrieval checks.,6,18.9,KEEP,Already has at least one A/B engine instance; not a zero-rich closure candidate.
gf-04-01,10,Geometry: Foundations & Rigid Motions,gf-composition,A,1,5,1,NONE—manual fit audit,Manual review required to identify whether manipulation adds a distinct causal insight beyond the existing explanation.,0,2.1,KEEP,Already has at least one A/B engine instance; not a zero-rich closure candidate.
gf-04-02,10,Geometry: Foundations & Rigid Motions,gf-line-symmetry,C,1,5,1,NONE—manual fit audit,Manual review required to identify whether manipulation adds a distinct causal insight beyond the existing explanation.,0,0.7,KEEP,Already has at least one A/B engine instance; not a zero-rich closure candidate.
gf-04-03,10,Geometry: Foundations & Rigid Motions,gf-rotational-symmetry,C,1,5,1,transformExplore,Learner could manipulate the transformExplore model and observe a state-dependent consequence before symbolic/retrieval checks.,9,7.26,KEEP,Already has at least one A/B engine instance; not a zero-rich closure candidate.
gf-05-01,10,Geometry: Foundations & Rigid Motions,gf-congruence-def,A,1,5,3,triangleConstraintLab,Learner could manipulate the triangleConstraintLab model and observe a state-dependent consequence before symbolic/retrieval checks.,13,73.84,KEEP,Already has at least one A/B engine instance; not a zero-rich closure candidate.
gf-05-02,10,Geometry: Foundations & Rigid Motions,gf-find-motion,C,1,5,3,triangleConstraintLab,Learner could manipulate the triangleConstraintLab model and observe a state-dependent consequence before symbolic/retrieval checks.,13,24.61,KEEP,Already has at least one A/B engine instance; not a zero-rich closure candidate.
gf-05-03,10,Geometry: Foundations & Rigid Motions,gf-corresponding-parts,C,0,6,3,triangleConstraintLab,Learner could manipulate the triangleConstraintLab model and observe a state-dependent consequence before symbolic/retrieval checks.,13,24.61,KEEP,Procedural-fluency purpose; preserve independent production unless a manual lesson read finds a conceptual bottleneck.
g7-01-01,7,Grade 7: Geometry,g7-read-scale,A,1,5,1,NONE—manual fit audit,Manual review required to identify whether manipulation adds a distinct causal insight beyond the existing explanation.,0,1.8,KEEP,Already has at least one A/B engine instance; not a zero-rich closure candidate.
g7-01-02,7,Grade 7: Geometry,g7-scale-to-actual,C,1,5,1,NONE—manual fit audit,Manual review required to identify whether manipulation adds a distinct causal insight beyond the existing explanation.,0,0.6,KEEP,Already has at least one A/B engine instance; not a zero-rich closure candidate.
g7-01-03,7,Grade 7: Geometry,g7-scaled-area,C,6,0,2,areaModel,Learner could manipulate the areaModel model and observe a state-dependent consequence before symbolic/retrieval checks.,100,24.02,KEEP,Already has at least one A/B engine instance; not a zero-rich closure candidate.
g7-02-01,7,Grade 7: Geometry,g7-circle-parts,A,1,5,2,circleAngleExplore,Learner could manipulate the circleAngleExplore model and observe a state-dependent consequence before symbolic/retrieval checks.,5,30.32,KEEP,Already has at least one A/B engine instance; not a zero-rich closure candidate.
g7-02-02,7,Grade 7: Geometry,g7-circumference,C,1,5,2,circleAngleExplore,Learner could manipulate the circleAngleExplore model and observe a state-dependent consequence before symbolic/retrieval checks.,5,10.11,KEEP,Already has at least one A/B engine instance; not a zero-rich closure candidate.
g7-02-03,7,Grade 7: Geometry,g7-circle-area,C,1,5,2,areaModel,Learner could manipulate the areaModel model and observe a state-dependent consequence before symbolic/retrieval checks.,100,24.02,KEEP,Already has at least one A/B engine instance; not a zero-rich closure candidate.
g7-03-01,7,Grade 7: Geometry,g7-complementary,A,1,5,3,solveBalance,Learner could manipulate the solveBalance model and observe a state-dependent consequence before symbolic/retrieval checks.,20,72.24,KEEP,Already has at least one A/B engine instance; not a zero-rich closure candidate.
g7-03-02,7,Grade 7: Geometry,g7-vertical-angles,C,6,0,3,solveBalance,Learner could manipulate the solveBalance model and observe a state-dependent consequence before symbolic/retrieval checks.,20,24.08,KEEP,Already has at least one A/B engine instance; not a zero-rich closure candidate.
g7-03-03,7,Grade 7: Geometry,g7-angle-equations,C,1,5,3,solveBalance,Learner could manipulate the solveBalance model and observe a state-dependent consequence before symbolic/retrieval checks.,20,24.08,KEEP,Already has at least one A/B engine instance; not a zero-rich closure candidate.
g7-03b-01,7,Grade 7: Geometry,triangle-conditions-unique,A,2,4,2,triangleConstraintLab,Learner could manipulate the triangleConstraintLab model and observe a state-dependent consequence before symbolic/retrieval checks.,13,42.19,KEEP,Already has at least one A/B engine instance; not a zero-rich closure candidate.
g7-03b-02,7,Grade 7: Geometry,triangle-conditions-ambiguous,C,2,4,2,triangleConstraintLab,Learner could manipulate the triangleConstraintLab model and observe a state-dependent consequence before symbolic/retrieval checks.,13,14.06,KEEP,Already has at least one A/B engine instance; not a zero-rich closure candidate.
g7-03b-03,7,Grade 7: Geometry,triangle-construction-tools,C,2,4,2,triangleConstraintLab,Learner could manipulate the triangleConstraintLab model and observe a state-dependent consequence before symbolic/retrieval checks.,13,14.06,KEEP,Already has at least one A/B engine instance; not a zero-rich closure candidate.
sa7-01-01,7,Grade 7: Geometry,sa7-nets-prisms,A,2,4,1,NONE—manual fit audit,Manual review required to identify whether manipulation adds a distinct causal insight beyond the existing explanation.,0,1.8,KEEP,Already has at least one A/B engine instance; not a zero-rich closure candidate.
sa7-01-02,7,Grade 7: Geometry,sa7-sa-rectangular,C,2,4,2,areaModel,Learner could manipulate the areaModel model and observe a state-dependent consequence before symbolic/retrieval checks.,100,24.02,KEEP,Already has at least one A/B engine instance; not a zero-rich closure candidate.
sa7-01-03,7,Grade 7: Geometry,sa7-sa-triangular,C,1,4,2,areaModel,Learner could manipulate the areaModel model and observe a state-dependent consequence before symbolic/retrieval checks.,100,24.02,KEEP,Already has at least one A/B engine instance; not a zero-rich closure candidate.
sa7-02-01,7,Grade 7: Geometry,sa7-volume-prisms,A,1,4,2,volumeBuilder,Learner could manipulate the volumeBuilder model and observe a state-dependent consequence before symbolic/retrieval checks.,19,47.44,KEEP,Already has at least one A/B engine instance; not a zero-rich closure candidate.
sa7-02-02,7,Grade 7: Geometry,sa7-composite-area,C,1,4,2,areaModel,Learner could manipulate the areaModel model and observe a state-dependent consequence before symbolic/retrieval checks.,100,24.02,KEEP,Already has at least one A/B engine instance; not a zero-rich closure candidate.
sa7-02-03,7,Grade 7: Geometry,sa7-asv-context,B,1,4,2,volumeBuilder,Learner could manipulate the volumeBuilder model and observe a state-dependent consequence before symbolic/retrieval checks.,19,39.53,KEEP,Already has at least one A/B engine instance; not a zero-rich closure candidate.
g7-04-01,7,Grade 7: Geometry,g7-triangle-inequality,A,0,6,3,numberLineRay,Learner could manipulate the numberLineRay model and observe a state-dependent consequence before symbolic/retrieval checks.,3,37.62,CHANGE,"Zero A/B interaction in an acquisition lesson; existing numberLineRay offers a causal model, so reuse should be audited before any new engine."
g7-04-02,7,Grade 7: Geometry,g7-cross-sections,C,0,6,2,triangleConstraintLab,Learner could manipulate the triangleConstraintLab model and observe a state-dependent consequence before symbolic/retrieval checks.,13,14.06,KEEP,Procedural-fluency purpose; preserve independent production unless a manual lesson read finds a conceptual bottleneck.
g7-04-03,7,Grade 7: Geometry,g7-circumference,C,6,0,3,areaModel,Learner could manipulate the areaModel model and observe a state-dependent consequence before symbolic/retrieval checks.,100,36.03,KEEP,Already has at least one A/B engine instance; not a zero-rich closure candidate.
khm-01-01,0,How Many?,kch-one-to-one,A,3,3,1,NONE—manual fit audit,Manual review required to identify whether manipulation adds a distinct causal insight beyond the existing explanation.,0,1.5,KEEP,Already has at least one A/B engine instance; not a zero-rich closure candidate.
khm-01-02,0,How Many?,kch-no-skip,C,3,3,1,NONE—manual fit audit,Manual review required to identify whether manipulation adds a distinct causal insight beyond the existing explanation.,0,0.5,KEEP,Already has at least one A/B engine instance; not a zero-rich closure candidate.
khm-01-03,0,How Many?,kch-count-line,C,3,3,1,NONE—manual fit audit,Manual review required to identify whether manipulation adds a distinct causal insight beyond the existing explanation.,0,0.5,KEEP,Already has at least one A/B engine instance; not a zero-rich closure candidate.
khm-01-04,0,How Many?,kch-count-circle,C,3,3,2,circleAngleExplore,Learner could manipulate the circleAngleExplore model and observe a state-dependent consequence before symbolic/retrieval checks.,5,8.42,KEEP,Already has at least one A/B engine instance; not a zero-rich closure candidate.
khm-01-05,0,How Many?,kch-count-fixed,C,3,3,1,NONE—manual fit audit,Manual review required to identify whether manipulation adds a distinct causal insight beyond the existing explanation.,0,0.5,KEEP,Already has at least one A/B engine instance; not a zero-rich closure candidate.
khm-02-01,0,How Many?,kch-cardinality,A,3,3,1,NONE—manual fit audit,Manual review required to identify whether manipulation adds a distinct causal insight beyond the existing explanation.,0,1.5,KEEP,Already has at least one A/B engine instance; not a zero-rich closure candidate.
khm-02-02,0,How Many?,kch-recount,C,3,3,1,NONE—manual fit audit,Manual review required to identify whether manipulation adds a distinct causal insight beyond the existing explanation.,0,0.5,KEEP,Already has at least one A/B engine instance; not a zero-rich closure candidate.
khm-02-03,0,How Many?,kch-order-irrelevance,C,3,3,1,NONE—manual fit audit,Manual review required to identify whether manipulation adds a distinct causal insight beyond the existing explanation.,0,0.5,KEEP,Already has at least one A/B engine instance; not a zero-rich closure candidate.
khm-02-04,0,How Many?,kch-conservation,C,3,3,1,NONE—manual fit audit,Manual review required to identify whether manipulation adds a distinct causal insight beyond the existing explanation.,0,0.5,KEEP,Already has at least one A/B engine instance; not a zero-rich closure candidate.
khm-02-05,0,How Many?,kch-count-scattered,C,3,3,1,scatterFit,Learner could manipulate the scatterFit model and observe a state-dependent consequence before symbolic/retrieval checks.,11,5.55,KEEP,Already has at least one A/B engine instance; not a zero-rich closure candidate.
khm-03-01,0,How Many?,kch-one-larger,A,3,3,1,NONE—manual fit audit,Manual review required to identify whether manipulation adds a distinct causal insight beyond the existing explanation.,0,1.5,KEEP,Already has at least one A/B engine instance; not a zero-rich closure candidate.
khm-03-02,0,How Many?,kch-grow-by-one,C,4,2,1,NONE—manual fit audit,Manual review required to identify whether manipulation adds a distinct causal insight beyond the existing explanation.,0,0.5,KEEP,Already has at least one A/B engine instance; not a zero-rich closure candidate.
khm-03-03,0,How Many?,kch-one-more-group,C,3,3,1,NONE—manual fit audit,Manual review required to identify whether manipulation adds a distinct causal insight beyond the existing explanation.,0,0.5,KEEP,Already has at least one A/B engine instance; not a zero-rich closure candidate.
khm-03-04,0,How Many?,kch-count-out,C,3,3,1,NONE—manual fit audit,Manual review required to identify whether manipulation adds a distinct causal insight beyond the existing explanation.,0,0.5,KEEP,Already has at least one A/B engine instance; not a zero-rich closure candidate.
khm-03-05,0,How Many?,kch-subitize,C,3,3,1,NONE—manual fit audit,Manual review required to identify whether manipulation adds a distinct causal insight beyond the existing explanation.,0,0.5,KEEP,Already has at least one A/B engine instance; not a zero-rich closure candidate.
khm-03-06,0,How Many?,kch-subitize-frame,C,3,3,1,NONE—manual fit audit,Manual review required to identify whether manipulation adds a distinct causal insight beyond the existing explanation.,0,0.5,KEEP,Already has at least one A/B engine instance; not a zero-rich closure candidate.
iar-01-01,9,Algebra 1: Inequalities & Regions,iar-side-of-line,A,1,4,1,NONE—manual fit audit,Manual review required to identify whether manipulation adds a distinct causal insight beyond the existing explanation.,0,2.1,KEEP,Already has at least one A/B engine instance; not a zero-rich closure candidate.
iar-01-02,9,Algebra 1: Inequalities & Regions,iar-test-point,C,1,4,1,NONE—manual fit audit,Manual review required to identify whether manipulation adds a distinct causal insight beyond the existing explanation.,0,0.7,KEEP,Already has at least one A/B engine instance; not a zero-rich closure candidate.
iar-01-03,9,Algebra 1: Inequalities & Regions,iar-boundary-membership,C,1,4,1,NONE—manual fit audit,Manual review required to identify whether manipulation adds a distinct causal insight beyond the existing explanation.,0,0.7,KEEP,Already has at least one A/B engine instance; not a zero-rich closure candidate.
iar-02-01,9,Algebra 1: Inequalities & Regions,iar-system-membership,A,1,4,3,numberLineRay,Learner could manipulate the numberLineRay model and observe a state-dependent consequence before symbolic/retrieval checks.,3,43.88,KEEP,Already has at least one A/B engine instance; not a zero-rich closure candidate.
iar-02-02,9,Algebra 1: Inequalities & Regions,iar-vertices,C,1,4,3,numberLineRay,Learner could manipulate the numberLineRay model and observe a state-dependent consequence before symbolic/retrieval checks.,3,14.63,KEEP,Already has at least one A/B engine instance; not a zero-rich closure candidate.
iar-02-03,9,Algebra 1: Inequalities & Regions,iar-multi-check,C,1,5,3,numberLineRay,Learner could manipulate the numberLineRay model and observe a state-dependent consequence before symbolic/retrieval checks.,3,14.63,KEEP,Already has at least one A/B engine instance; not a zero-rich closure candidate.
iar-03-01,9,Algebra 1: Inequalities & Regions,iar-feasible,A,1,4,1,NONE—manual fit audit,Manual review required to identify whether manipulation adds a distinct causal insight beyond the existing explanation.,0,2.1,KEEP,Already has at least one A/B engine instance; not a zero-rich closure candidate.
iar-03-02,9,Algebra 1: Inequalities & Regions,iar-corner-principle,C,1,4,1,NONE—manual fit audit,Manual review required to identify whether manipulation adds a distinct causal insight beyond the existing explanation.,0,0.7,KEEP,Already has at least one A/B engine instance; not a zero-rich closure candidate.
iar-03-03,9,Algebra 1: Inequalities & Regions,iar-lp-model,C,1,5,1,NONE—manual fit audit,Manual review required to identify whether manipulation adds a distinct causal insight beyond the existing explanation.,0,0.7,KEEP,Already has at least one A/B engine instance; not a zero-rich closure candidate.
in-01-01,13,Calculus: Integration & the Fundamental Theorem,in-riemann,A,1,4,2,areaModel,Learner could manipulate the areaModel model and observe a state-dependent consequence before symbolic/retrieval checks.,100,84.07,KEEP,Already has at least one A/B engine instance; not a zero-rich closure candidate.
in-01-02,13,Calculus: Integration & the Fundamental Theorem,in-squeeze,C,1,4,3,areaModel,Learner could manipulate the areaModel model and observe a state-dependent consequence before symbolic/retrieval checks.,100,42.04,KEEP,Already has at least one A/B engine instance; not a zero-rich closure candidate.
in-01-03,13,Calculus: Integration & the Fundamental Theorem,in-definite-integral,C,0,5,3,areaModel,Learner could manipulate the areaModel model and observe a state-dependent consequence before symbolic/retrieval checks.,100,42.04,KEEP,Procedural-fluency purpose; preserve independent production unless a manual lesson read finds a conceptual bottleneck.
in-02-01,13,Calculus: Integration & the Fundamental Theorem,in-accumulation,A,1,4,3,lineExplore,Learner could manipulate the lineExplore model and observe a state-dependent consequence before symbolic/retrieval checks.,6,56.7,KEEP,Already has at least one A/B engine instance; not a zero-rich closure candidate.
in-02-02,13,Calculus: Integration & the Fundamental Theorem,in-read-accumulation,C,1,4,2,areaModel,Learner could manipulate the areaModel model and observe a state-dependent consequence before symbolic/retrieval checks.,100,28.02,KEEP,Already has at least one A/B engine instance; not a zero-rich closure candidate.
in-02-03,13,Calculus: Integration & the Fundamental Theorem,in-net-change,C,1,4,3,proportionalReasoningLab,Learner could manipulate the proportionalReasoningLab model and observe a state-dependent consequence before symbolic/retrieval checks.,42,34.39,KEEP,Already has at least one A/B engine instance; not a zero-rich closure candidate.
in-03-01,13,Calculus: Integration & the Fundamental Theorem,in-ftc1,A,1,4,3,areaModel,Learner could manipulate the areaModel model and observe a state-dependent consequence before symbolic/retrieval checks.,100,126.11,KEEP,Already has at least one A/B engine instance; not a zero-rich closure candidate.
in-03-02,13,Calculus: Integration & the Fundamental Theorem,in-ftc2,C,1,4,3,NONE—manual fit audit,Manual review required to identify whether manipulation adds a distinct causal insight beyond the existing explanation.,0,2.1,KEEP,Already has at least one A/B engine instance; not a zero-rich closure candidate.
in-03-03,13,Calculus: Integration & the Fundamental Theorem,in-ftc-unified,A,1,4,1,NONE—manual fit audit,Manual review required to identify whether manipulation adds a distinct causal insight beyond the existing explanation.,0,2.1,KEEP,Already has at least one A/B engine instance; not a zero-rich closure candidate.
in-04-01,13,Calculus: Integration & the Fundamental Theorem,in-antiderivative,A,1,4,3,NONE—manual fit audit,Manual review required to identify whether manipulation adds a distinct causal insight beyond the existing explanation.,0,6.3,KEEP,Already has at least one A/B engine instance; not a zero-rich closure candidate.
in-04-02,13,Calculus: Integration & the Fundamental Theorem,in-constant-of-integration,C,1,5,3,NONE—manual fit audit,Manual review required to identify whether manipulation adds a distinct causal insight beyond the existing explanation.,0,2.1,KEEP,Already has at least one A/B engine instance; not a zero-rich closure candidate.
in-04-03,13,Calculus: Integration & the Fundamental Theorem,in-library,C,1,4,3,NONE—manual fit audit,Manual review required to identify whether manipulation adds a distinct causal insight beyond the existing explanation.,0,2.1,KEEP,Already has at least one A/B engine instance; not a zero-rich closure candidate.
in-05-01,13,Calculus: Integration & the Fundamental Theorem,in-usub,A,0,5,1,NONE—manual fit audit,Manual review required to identify whether manipulation adds a distinct causal insight beyond the existing explanation.,0,2.1,KEEP,"Potential conceptual gap, but no obvious existing-engine fit from the mechanical scan; requires human necessity audit before any implementation."
in-05-02,13,Calculus: Integration & the Fundamental Theorem,in-usub-limits,C,0,5,3,graphZoom,Learner could manipulate the graphZoom model and observe a state-dependent consequence before symbolic/retrieval checks.,17,26.76,KEEP,Procedural-fluency purpose; preserve independent production unless a manual lesson read finds a conceptual bottleneck.
in-05-03,13,Calculus: Integration & the Fundamental Theorem,in-choosing-u,C,0,5,1,NONE—manual fit audit,Manual review required to identify whether manipulation adds a distinct causal insight beyond the existing explanation.,0,0.7,KEEP,Procedural-fluency purpose; preserve independent production unless a manual lesson read finds a conceptual bottleneck.
ia-01-01,13,Calculus: Applications of the Integral,ia-area-between,A,1,4,2,areaModel,Learner could manipulate the areaModel model and observe a state-dependent consequence before symbolic/retrieval checks.,100,84.07,KEEP,Already has at least one A/B engine instance; not a zero-rich closure candidate.
ia-01-02,13,Calculus: Applications of the Integral,ia-disc,C,1,4,2,lengthCompare,Learner could manipulate the lengthCompare model and observe a state-dependent consequence before symbolic/retrieval checks.,63,25.29,KEEP,Already has at least one A/B engine instance; not a zero-rich closure candidate.
ia-01-03,13,Calculus: Applications of the Integral,ia-washer,C,1,4,2,lengthCompare,Learner could manipulate the lengthCompare model and observe a state-dependent consequence before symbolic/retrieval checks.,63,25.29,KEEP,Already has at least one A/B engine instance; not a zero-rich closure candidate.
ia-02-01,13,Calculus: Applications of the Integral,ia-cross-sections,A,1,4,1,NONE—manual fit audit,Manual review required to identify whether manipulation adds a distinct causal insight beyond the existing explanation.,0,2.1,KEEP,Already has at least one A/B engine instance; not a zero-rich closure candidate.
ia-03-01,13,Calculus: Applications of the Integral,ia-average-value,A,1,4,3,lineExplore,Learner could manipulate the lineExplore model and observe a state-dependent consequence before symbolic/retrieval checks.,6,56.7,KEEP,Already has at least one A/B engine instance; not a zero-rich closure candidate.
ia-04-01,13,Calculus: Applications of the Integral,ia-motion,A,1,4,1,NONE—manual fit audit,Manual review required to identify whether manipulation adds a distinct causal insight beyond the existing explanation.,0,2.1,KEEP,Already has at least one A/B engine instance; not a zero-rich closure candidate.
g2p-01-01,2,Length Problems,g2p-how-much-longer,A,2,4,1,lengthCompare,Learner could manipulate the lengthCompare model and observe a state-dependent consequence before symbolic/retrieval checks.,63,27.1,KEEP,Already has at least one A/B engine instance; not a zero-rich closure candidate.
g2p-01-02,2,Length Problems,g2p-compare-two,C,2,4,2,lengthCompare,Learner could manipulate the lengthCompare model and observe a state-dependent consequence before symbolic/retrieval checks.,63,18.07,KEEP,Already has at least one A/B engine instance; not a zero-rich closure candidate.
g2p-01-03,2,Length Problems,g2p-length-diff,C,2,4,1,lengthCompare,Learner could manipulate the lengthCompare model and observe a state-dependent consequence before symbolic/retrieval checks.,63,9.03,KEEP,Already has at least one A/B engine instance; not a zero-rich closure candidate.
g2p-02-01,2,Length Problems,g2p-add-lengths,A,2,4,1,lengthCompare,Learner could manipulate the lengthCompare model and observe a state-dependent consequence before symbolic/retrieval checks.,63,27.1,KEEP,Already has at least one A/B engine instance; not a zero-rich closure candidate.
g2p-02-02,2,Length Problems,g2p-total-distance,C,2,4,1,lengthCompare,Learner could manipulate the lengthCompare model and observe a state-dependent consequence before symbolic/retrieval checks.,63,9.03,KEEP,Already has at least one A/B engine instance; not a zero-rich closure candidate.
g2p-02-03,2,Length Problems,g2p-missing-length,C,2,4,1,lengthCompare,Learner could manipulate the lengthCompare model and observe a state-dependent consequence before symbolic/retrieval checks.,63,9.03,KEEP,Already has at least one A/B engine instance; not a zero-rich closure candidate.
g2p-03-01,2,Length Problems,g2p-draw-model,A,2,4,1,lengthCompare,Learner could manipulate the lengthCompare model and observe a state-dependent consequence before symbolic/retrieval checks.,63,27.1,KEEP,Already has at least one A/B engine instance; not a zero-rich closure candidate.
g2p-03-02,2,Length Problems,g2p-line-model,B,2,4,1,numberLineHop,Learner could manipulate the numberLineHop model and observe a state-dependent consequence before symbolic/retrieval checks.,452,33.1,KEEP,Already has at least one A/B engine instance; not a zero-rich closure candidate.
g2p-03-03,2,Length Problems,g2p-two-step,C,2,4,1,lengthCompare,Learner could manipulate the lengthCompare model and observe a state-dependent consequence before symbolic/retrieval checks.,63,9.03,KEEP,Already has at least one A/B engine instance; not a zero-rich closure candidate.
g2p-03-04,2,Length Problems,g2p-reasonable,C,2,4,1,NONE—manual fit audit,Manual review required to identify whether manipulation adds a distinct causal insight beyond the existing explanation.,0,0.5,KEEP,Already has at least one A/B engine instance; not a zero-rich closure candidate.
lc-01-01,12,Precalculus: Limits & the Doorway to Calculus,lc-limit-idea,A,1,4,3,graphZoom,Learner could manipulate the graphZoom model and observe a state-dependent consequence before symbolic/retrieval checks.,17,80.29,KEEP,Already has at least one A/B engine instance; not a zero-rich closure candidate.
lc-01-02,12,Precalculus: Limits & the Doorway to Calculus,lc-read-limit,C,1,4,3,graphZoom,Learner could manipulate the graphZoom model and observe a state-dependent consequence before symbolic/retrieval checks.,17,26.76,KEEP,Already has at least one A/B engine instance; not a zero-rich closure candidate.
lc-01-03,12,Precalculus: Limits & the Doorway to Calculus,lc-dne,C,1,4,3,graphZoom,Learner could manipulate the graphZoom model and observe a state-dependent consequence before symbolic/retrieval checks.,17,26.76,KEEP,Already has at least one A/B engine instance; not a zero-rich closure candidate.
lc-02-01,12,Precalculus: Limits & the Doorway to Calculus,lc-laws,A,1,4,3,graphZoom,Learner could manipulate the graphZoom model and observe a state-dependent consequence before symbolic/retrieval checks.,17,80.29,KEEP,Already has at least one A/B engine instance; not a zero-rich closure candidate.
lc-02-02,12,Precalculus: Limits & the Doorway to Calculus,lc-factor,C,1,4,3,algebraTiles,Learner could manipulate the algebraTiles model and observe a state-dependent consequence before symbolic/retrieval checks.,17,26.76,KEEP,Already has at least one A/B engine instance; not a zero-rich closure candidate.
lc-02-03,12,Precalculus: Limits & the Doorway to Calculus,lc-rationalize,C,0,5,3,graphZoom,Learner could manipulate the graphZoom model and observe a state-dependent consequence before symbolic/retrieval checks.,17,26.76,KEEP,Procedural-fluency purpose; preserve independent production unless a manual lesson read finds a conceptual bottleneck.
lc-03-01,12,Precalculus: Limits & the Doorway to Calculus,lc-onesided,A,1,4,3,graphZoom,Learner could manipulate the graphZoom model and observe a state-dependent consequence before symbolic/retrieval checks.,17,80.29,KEEP,Already has at least one A/B engine instance; not a zero-rich closure candidate.
lc-03-02,12,Precalculus: Limits & the Doorway to Calculus,lc-infinity,C,1,4,3,graphZoom,Learner could manipulate the graphZoom model and observe a state-dependent consequence before symbolic/retrieval checks.,17,26.76,KEEP,Already has at least one A/B engine instance; not a zero-rich closure candidate.
lc-03-03,12,Precalculus: Limits & the Doorway to Calculus,lc-endbehavior,C,1,4,3,graphZoom,Learner could manipulate the graphZoom model and observe a state-dependent consequence before symbolic/retrieval checks.,17,26.76,KEEP,Already has at least one A/B engine instance; not a zero-rich closure candidate.
lc-04-01,12,Precalculus: Limits & the Doorway to Calculus,lc-continuity,A,1,4,1,NONE—manual fit audit,Manual review required to identify whether manipulation adds a distinct causal insight beyond the existing explanation.,0,2.1,KEEP,Already has at least one A/B engine instance; not a zero-rich closure candidate.
lc-04-02,12,Precalculus: Limits & the Doorway to Calculus,lc-discontinuity,C,1,4,1,NONE—manual fit audit,Manual review required to identify whether manipulation adds a distinct causal insight beyond the existing explanation.,0,0.7,KEEP,Already has at least one A/B engine instance; not a zero-rich closure candidate.
lc-04-03,12,Precalculus: Limits & the Doorway to Calculus,lc-ivt,C,0,5,1,NONE—manual fit audit,Manual review required to identify whether manipulation adds a distinct causal insight beyond the existing explanation.,0,0.7,KEEP,Procedural-fluency purpose; preserve independent production unless a manual lesson read finds a conceptual bottleneck.
lc-05-01,12,Precalculus: Limits & the Doorway to Calculus,lc-avg-rate,A,1,4,3,proportionalReasoningLab,Learner could manipulate the proportionalReasoningLab model and observe a state-dependent consequence before symbolic/retrieval checks.,42,103.18,KEEP,Already has at least one A/B engine instance; not a zero-rich closure candidate.
lc-05-02,12,Precalculus: Limits & the Doorway to Calculus,lc-derivative,C,1,4,3,proportionalReasoningLab,Learner could manipulate the proportionalReasoningLab model and observe a state-dependent consequence before symbolic/retrieval checks.,42,34.39,KEEP,Already has at least one A/B engine instance; not a zero-rich closure candidate.
lc-05-03,12,Precalculus: Limits & the Doorway to Calculus,lc-series-limit,C,0,5,3,proportionalReasoningLab,Learner could manipulate the proportionalReasoningLab model and observe a state-dependent consequence before symbolic/retrieval checks.,42,34.39,KEEP,Procedural-fluency purpose; preserve independent production unless a manual lesson read finds a conceptual bottleneck.
les-01-01,8,Grade 8: Linear Equations & Systems,les-balance-both-sides,A,1,6,3,solveBalance,Learner could manipulate the solveBalance model and observe a state-dependent consequence before symbolic/retrieval checks.,20,72.24,KEEP,Already has at least one A/B engine instance; not a zero-rich closure candidate.
les-01-02,8,Grade 8: Linear Equations & Systems,les-isolate-variable,C,0,6,3,solveBalance,Learner could manipulate the solveBalance model and observe a state-dependent consequence before symbolic/retrieval checks.,20,24.08,KEEP,Procedural-fluency purpose; preserve independent production unless a manual lesson read finds a conceptual bottleneck.
les-01-03,8,Grade 8: Linear Equations & Systems,les-distribute-solve,C,0,6,3,solveBalance,Learner could manipulate the solveBalance model and observe a state-dependent consequence before symbolic/retrieval checks.,20,24.08,KEEP,Procedural-fluency purpose; preserve independent production unless a manual lesson read finds a conceptual bottleneck.
les-02-01,8,Grade 8: Linear Equations & Systems,les-no-solution,A,3,3,1,NONE—manual fit audit,Manual review required to identify whether manipulation adds a distinct causal insight beyond the existing explanation.,0,1.8,KEEP,Already has at least one A/B engine instance; not a zero-rich closure candidate.
les-02-02,8,Grade 8: Linear Equations & Systems,les-infinite-solutions,C,2,4,1,NONE—manual fit audit,Manual review required to identify whether manipulation adds a distinct causal insight beyond the existing explanation.,0,0.6,KEEP,Already has at least one A/B engine instance; not a zero-rich closure candidate.
les-02-03,8,Grade 8: Linear Equations & Systems,les-classify-solutions,C,0,6,3,solveBalance,Learner could manipulate the solveBalance model and observe a state-dependent consequence before symbolic/retrieval checks.,20,24.08,KEEP,Procedural-fluency purpose; preserve independent production unless a manual lesson read finds a conceptual bottleneck.
les-03-01,8,Grade 8: Linear Equations & Systems,les-system-meaning,A,1,5,3,NONE—manual fit audit,Manual review required to identify whether manipulation adds a distinct causal insight beyond the existing explanation.,0,5.4,KEEP,Already has at least one A/B engine instance; not a zero-rich closure candidate.
les-03-02,8,Grade 8: Linear Equations & Systems,les-system-graphing,B,1,5,3,NONE—manual fit audit,Manual review required to identify whether manipulation adds a distinct causal insight beyond the existing explanation.,0,4.5,KEEP,Already has at least one A/B engine instance; not a zero-rich closure candidate.
les-03-03,8,Grade 8: Linear Equations & Systems,les-system-count,C,0,7,3,NONE—manual fit audit,Manual review required to identify whether manipulation adds a distinct causal insight beyond the existing explanation.,0,1.8,KEEP,Procedural-fluency purpose; preserve independent production unless a manual lesson read finds a conceptual bottleneck.
les-04-01,8,Grade 8: Linear Equations & Systems,les-substitution-method,A,1,5,3,NONE—manual fit audit,Manual review required to identify whether manipulation adds a distinct causal insight beyond the existing explanation.,0,5.4,KEEP,Already has at least one A/B engine instance; not a zero-rich closure candidate.
les-04-02,8,Grade 8: Linear Equations & Systems,les-back-substitute,C,6,0,3,NONE—manual fit audit,Manual review required to identify whether manipulation adds a distinct causal insight beyond the existing explanation.,0,1.8,KEEP,Already has at least one A/B engine instance; not a zero-rich closure candidate.
les-04-03,8,Grade 8: Linear Equations & Systems,les-systems-word,B,6,0,3,NONE—manual fit audit,Manual review required to identify whether manipulation adds a distinct causal insight beyond the existing explanation.,0,4.5,KEEP,Already has at least one A/B engine instance; not a zero-rich closure candidate.
lf-01-01,9,Algebra 1: Linear Functions,slope-count,A,1,6,3,proportionalReasoningLab,Learner could manipulate the proportionalReasoningLab model and observe a state-dependent consequence before symbolic/retrieval checks.,42,103.18,KEEP,Already has at least one A/B engine instance; not a zero-rich closure candidate.
lf-01-02,9,Algebra 1: Linear Functions,slope-formula,C,4,3,3,proportionalReasoningLab,Learner could manipulate the proportionalReasoningLab model and observe a state-dependent consequence before symbolic/retrieval checks.,42,34.39,KEEP,Already has at least one A/B engine instance; not a zero-rich closure candidate.
lf-01-03,9,Algebra 1: Linear Functions,slope-sign,C,5,2,3,numberLineHop,Learner could manipulate the numberLineHop model and observe a state-dependent consequence before symbolic/retrieval checks.,452,55.61,KEEP,Already has at least one A/B engine instance; not a zero-rich closure candidate.
lf-02-01,9,Algebra 1: Linear Functions,slope-intercept-read,A,1,7,3,lineExplore,Learner could manipulate the lineExplore model and observe a state-dependent consequence before symbolic/retrieval checks.,6,56.7,KEEP,Already has at least one A/B engine instance; not a zero-rich closure candidate.
lf-02-02,9,Algebra 1: Linear Functions,slope-intercept-graph,B,2,5,3,lineExplore,Learner could manipulate the lineExplore model and observe a state-dependent consequence before symbolic/retrieval checks.,6,47.25,KEEP,Already has at least one A/B engine instance; not a zero-rich closure candidate.
lf-02-03,9,Algebra 1: Linear Functions,intercepts,C,1,6,3,lineExplore,Learner could manipulate the lineExplore model and observe a state-dependent consequence before symbolic/retrieval checks.,6,18.9,KEEP,Already has at least one A/B engine instance; not a zero-rich closure candidate.
lf-03-01,9,Algebra 1: Linear Functions,point-slope-read,A,1,6,3,lineExplore,Learner could manipulate the lineExplore model and observe a state-dependent consequence before symbolic/retrieval checks.,6,56.7,KEEP,Already has at least one A/B engine instance; not a zero-rich closure candidate.
lf-03-02,9,Algebra 1: Linear Functions,form-conversion,C,0,7,3,lineExplore,Learner could manipulate the lineExplore model and observe a state-dependent consequence before symbolic/retrieval checks.,6,18.9,KEEP,Procedural-fluency purpose; preserve independent production unless a manual lesson read finds a conceptual bottleneck.
lf-03-03,9,Algebra 1: Linear Functions,standard-form,C,1,6,3,lineExplore,Learner could manipulate the lineExplore model and observe a state-dependent consequence before symbolic/retrieval checks.,6,18.9,KEEP,Already has at least one A/B engine instance; not a zero-rich closure candidate.
lf-04-01,9,Algebra 1: Linear Functions,line-from-point-slope,A,1,6,3,solveBalance,Learner could manipulate the solveBalance model and observe a state-dependent consequence before symbolic/retrieval checks.,20,84.28,KEEP,Already has at least one A/B engine instance; not a zero-rich closure candidate.
lf-04-02,9,Algebra 1: Linear Functions,line-from-two-points,C,1,6,3,solveBalance,Learner could manipulate the solveBalance model and observe a state-dependent consequence before symbolic/retrieval checks.,20,28.09,KEEP,Already has at least one A/B engine instance; not a zero-rich closure candidate.
lf-04-03,9,Algebra 1: Linear Functions,parallel-perpendicular,C,1,6,3,solveBalance,Learner could manipulate the solveBalance model and observe a state-dependent consequence before symbolic/retrieval checks.,20,28.09,KEEP,Already has at least one A/B engine instance; not a zero-rich closure candidate.
la-01-01,4,Lines & Angles,geometric-basics,A,0,6,1,NONE—manual fit audit,Manual review required to identify whether manipulation adds a distinct causal insight beyond the existing explanation.,0,1.65,KEEP,"Potential conceptual gap, but no obvious existing-engine fit from the mechanical scan; requires human necessity audit before any implementation."
la-01-02,4,Lines & Angles,angle-formation,C,1,6,2,NONE—manual fit audit,Manual review required to identify whether manipulation adds a distinct causal insight beyond the existing explanation.,0,1.1,KEEP,Already has at least one A/B engine instance; not a zero-rich closure candidate.
la-01-03,4,Lines & Angles,reading-figures,C,0,6,1,NONE—manual fit audit,Manual review required to identify whether manipulation adds a distinct causal insight beyond the existing explanation.,0,0.55,KEEP,Procedural-fluency purpose; preserve independent production unless a manual lesson read finds a conceptual bottleneck.
la-02-01,4,Lines & Angles,parallel-lines,A,1,5,1,NONE—manual fit audit,Manual review required to identify whether manipulation adds a distinct causal insight beyond the existing explanation.,0,1.65,KEEP,Already has at least one A/B engine instance; not a zero-rich closure candidate.
la-02-02,4,Lines & Angles,perpendicular-lines,C,1,5,1,NONE—manual fit audit,Manual review required to identify whether manipulation adds a distinct causal insight beyond the existing explanation.,0,0.55,KEEP,Already has at least one A/B engine instance; not a zero-rich closure candidate.
la-02-03,4,Lines & Angles,parallel-perpendicular-identify,C,0,6,1,NONE—manual fit audit,Manual review required to identify whether manipulation adds a distinct causal insight beyond the existing explanation.,0,0.55,KEEP,Procedural-fluency purpose; preserve independent production unless a manual lesson read finds a conceptual bottleneck.
la-03-01,4,Lines & Angles,triangle-classification,A,0,6,2,triangleConstraintLab,Learner could manipulate the triangleConstraintLab model and observe a state-dependent consequence before symbolic/retrieval checks.,13,38.68,CHANGE,"Zero A/B interaction in an acquisition lesson; existing triangleConstraintLab offers a causal model, so reuse should be audited before any new engine."
la-03-02,4,Lines & Angles,triangle-angle-sum,C,1,5,2,triangleConstraintLab,Learner could manipulate the triangleConstraintLab model and observe a state-dependent consequence before symbolic/retrieval checks.,13,12.89,KEEP,Already has at least one A/B engine instance; not a zero-rich closure candidate.
la-03-03,4,Lines & Angles,quadrilateral-classification,C,1,5,2,NONE—manual fit audit,Manual review required to identify whether manipulation adds a distinct causal insight beyond the existing explanation.,0,1.1,KEEP,Already has at least one A/B engine instance; not a zero-rich closure candidate.
la-04-01,4,Lines & Angles,symmetry-concept,A,0,6,2,NONE—manual fit audit,Manual review required to identify whether manipulation adds a distinct causal insight beyond the existing explanation.,0,3.3,KEEP,"Potential conceptual gap, but no obvious existing-engine fit from the mechanical scan; requires human necessity audit before any implementation."
la-04-02,4,Lines & Angles,symmetry-finding,C,0,6,1,NONE—manual fit audit,Manual review required to identify whether manipulation adds a distinct causal insight beyond the existing explanation.,0,0.55,KEEP,Procedural-fluency purpose; preserve independent production unless a manual lesson read finds a conceptual bottleneck.
la-04-03,4,Lines & Angles,symmetry-application,C,0,6,1,NONE—manual fit audit,Manual review required to identify whether manipulation adds a distinct causal insight beyond the existing explanation.,0,0.55,KEEP,Procedural-fluency purpose; preserve independent production unless a manual lesson read finds a conceptual bottleneck.
lg-01-01,11,Algebra 2: Exponentials & Logarithms,lg-define,A,1,5,3,expLogExplore,Learner could manipulate the expLogExplore model and observe a state-dependent consequence before symbolic/retrieval checks.,28,92.74,KEEP,Already has at least one A/B engine instance; not a zero-rich closure candidate.
lg-01-02,11,Algebra 2: Exponentials & Logarithms,lg-evaluate,C,1,5,3,expLogExplore,Learner could manipulate the expLogExplore model and observe a state-dependent consequence before symbolic/retrieval checks.,28,30.91,KEEP,Already has at least one A/B engine instance; not a zero-rich closure candidate.
lg-01-03,11,Algebra 2: Exponentials & Logarithms,lg-graph,C,1,5,3,expLogExplore,Learner could manipulate the expLogExplore model and observe a state-dependent consequence before symbolic/retrieval checks.,28,30.91,KEEP,Already has at least one A/B engine instance; not a zero-rich closure candidate.
lg-02-01,11,Algebra 2: Exponentials & Logarithms,lg-product,A,0,6,3,expLogExplore,Learner could manipulate the expLogExplore model and observe a state-dependent consequence before symbolic/retrieval checks.,28,92.74,CHANGE,"Zero A/B interaction in an acquisition lesson; existing expLogExplore offers a causal model, so reuse should be audited before any new engine."
lg-02-02,11,Algebra 2: Exponentials & Logarithms,lg-power,C,0,6,3,expLogExplore,Learner could manipulate the expLogExplore model and observe a state-dependent consequence before symbolic/retrieval checks.,28,30.91,KEEP,Procedural-fluency purpose; preserve independent production unless a manual lesson read finds a conceptual bottleneck.
lg-02-03,11,Algebra 2: Exponentials & Logarithms,lg-expand-condense,D,0,6,3,expLogExplore,Learner could manipulate the expLogExplore model and observe a state-dependent consequence before symbolic/retrieval checks.,28,15.46,REFUSE,Retrieval/assessment purpose: adding a manipulative merely to raise interaction density would weaken independent evidence.
lg-03-01,11,Algebra 2: Exponentials & Logarithms,lg-cob,A,1,5,3,solveBalance,Learner could manipulate the solveBalance model and observe a state-dependent consequence before symbolic/retrieval checks.,20,84.28,KEEP,Already has at least one A/B engine instance; not a zero-rich closure candidate.
lg-03-02,11,Algebra 2: Exponentials & Logarithms,lg-exp-solve,C,1,5,3,solveBalance,Learner could manipulate the solveBalance model and observe a state-dependent consequence before symbolic/retrieval checks.,20,28.09,KEEP,Already has at least one A/B engine instance; not a zero-rich closure candidate.
lg-03-03,11,Algebra 2: Exponentials & Logarithms,lg-log-solve,C,0,6,3,solveBalance,Learner could manipulate the solveBalance model and observe a state-dependent consequence before symbolic/retrieval checks.,20,28.09,KEEP,Procedural-fluency purpose; preserve independent production unless a manual lesson read finds a conceptual bottleneck.
lg-04-01,11,Algebra 2: Exponentials & Logarithms,lg-e,A,1,5,1,NONE—manual fit audit,Manual review required to identify whether manipulation adds a distinct causal insight beyond the existing explanation.,0,2.1,KEEP,Already has at least one A/B engine instance; not a zero-rich closure candidate.
lg-04-02,11,Algebra 2: Exponentials & Logarithms,lg-ln,C,1,5,1,NONE—manual fit audit,Manual review required to identify whether manipulation adds a distinct causal insight beyond the existing explanation.,0,0.7,KEEP,Already has at least one A/B engine instance; not a zero-rich closure candidate.
lg-04-03,11,Algebra 2: Exponentials & Logarithms,lg-e-solve,C,0,6,1,solveBalance,Learner could manipulate the solveBalance model and observe a state-dependent consequence before symbolic/retrieval checks.,20,9.36,KEEP,Procedural-fluency purpose; preserve independent production unless a manual lesson read finds a conceptual bottleneck.
lg-05-01,11,Algebra 2: Exponentials & Logarithms,lg-models,A,1,5,3,expLogExplore,Learner could manipulate the expLogExplore model and observe a state-dependent consequence before symbolic/retrieval checks.,28,92.74,KEEP,Already has at least one A/B engine instance; not a zero-rich closure candidate.
lg-05-02,11,Algebra 2: Exponentials & Logarithms,lg-halflife,C,1,5,3,expLogExplore,Learner could manipulate the expLogExplore model and observe a state-dependent consequence before symbolic/retrieval checks.,28,30.91,KEEP,Already has at least one A/B engine instance; not a zero-rich closure candidate.
lg-05-03,11,Algebra 2: Exponentials & Logarithms,lg-scales,C,0,6,3,expLogExplore,Learner could manipulate the expLogExplore model and observe a state-dependent consequence before symbolic/retrieval checks.,28,30.91,KEEP,Procedural-fluency purpose; preserve independent production unless a manual lesson read finds a conceptual bottleneck.
g5l-01-01,5,Two-Digit Divisors,g5ld-compatible,A,2,4,1,NONE—manual fit audit,Manual review required to identify whether manipulation adds a distinct causal insight beyond the existing explanation.,0,1.65,KEEP,Already has at least one A/B engine instance; not a zero-rich closure candidate.
g5l-01-02,5,Two-Digit Divisors,g5ld-mult-ten,C,2,4,1,NONE—manual fit audit,Manual review required to identify whether manipulation adds a distinct causal insight beyond the existing explanation.,0,0.55,KEEP,Already has at least one A/B engine instance; not a zero-rich closure candidate.
g5l-02-01,5,Two-Digit Divisors,g5ld-partial,A,2,4,1,NONE—manual fit audit,Manual review required to identify whether manipulation adds a distinct causal insight beyond the existing explanation.,0,1.65,KEEP,Already has at least one A/B engine instance; not a zero-rich closure candidate.
g5l-02-02,5,Two-Digit Divisors,g5ld-standard,C,2,4,1,NONE—manual fit audit,Manual review required to identify whether manipulation adds a distinct causal insight beyond the existing explanation.,0,0.55,KEEP,Already has at least one A/B engine instance; not a zero-rich closure candidate.
g5l-03-01,5,Two-Digit Divisors,g5ld-adjust,A,2,4,1,NONE—manual fit audit,Manual review required to identify whether manipulation adds a distinct causal insight beyond the existing explanation.,0,1.65,KEEP,Already has at least one A/B engine instance; not a zero-rich closure candidate.
g5l-03-02,5,Two-Digit Divisors,g5ld-check,C,2,4,1,NONE—manual fit audit,Manual review required to identify whether manipulation adds a distinct causal insight beyond the existing explanation.,0,0.55,KEEP,Already has at least one A/B engine instance; not a zero-rich closure candidate.
kmd-01-01,0,Measuring & Sorting,kmd-attributes,A,3,3,2,lengthCompare,Learner could manipulate the lengthCompare model and observe a state-dependent consequence before symbolic/retrieval checks.,63,54.2,KEEP,Already has at least one A/B engine instance; not a zero-rich closure candidate.
kmd-01-02,0,Measuring & Sorting,kmd-length-words,C,5,1,1,lengthCompare,Learner could manipulate the lengthCompare model and observe a state-dependent consequence before symbolic/retrieval checks.,63,9.03,KEEP,Already has at least one A/B engine instance; not a zero-rich closure candidate.
kmd-01-03,0,Measuring & Sorting,kmd-weight-words,C,3,3,1,NONE—manual fit audit,Manual review required to identify whether manipulation adds a distinct causal insight beyond the existing explanation.,0,0.5,KEEP,Already has at least one A/B engine instance; not a zero-rich closure candidate.
kmd-01-04,0,Measuring & Sorting,kmd-capacity-words,C,4,2,1,NONE—manual fit audit,Manual review required to identify whether manipulation adds a distinct causal insight beyond the existing explanation.,0,0.5,KEEP,Already has at least one A/B engine instance; not a zero-rich closure candidate.
kmd-02-01,0,Measuring & Sorting,kmd-compare-length,A,5,1,1,lengthCompare,Learner could manipulate the lengthCompare model and observe a state-dependent consequence before symbolic/retrieval checks.,63,27.1,KEEP,Already has at least one A/B engine instance; not a zero-rich closure candidate.
kmd-02-02,0,Measuring & Sorting,kmd-compare-weight,C,3,3,1,NONE—manual fit audit,Manual review required to identify whether manipulation adds a distinct causal insight beyond the existing explanation.,0,0.5,KEEP,Already has at least one A/B engine instance; not a zero-rich closure candidate.
kmd-02-03,0,Measuring & Sorting,kmd-align-ends,C,5,1,1,NONE—manual fit audit,Manual review required to identify whether manipulation adds a distinct causal insight beyond the existing explanation.,0,0.5,KEEP,Already has at least one A/B engine instance; not a zero-rich closure candidate.
kmd-02-04,0,Measuring & Sorting,kmd-taller-shorter,C,5,1,1,NONE—manual fit audit,Manual review required to identify whether manipulation adds a distinct causal insight beyond the existing explanation.,0,0.5,KEEP,Already has at least one A/B engine instance; not a zero-rich closure candidate.
kmd-03-01,0,Measuring & Sorting,kmd-sort-attribute,A,3,3,1,NONE—manual fit audit,Manual review required to identify whether manipulation adds a distinct causal insight beyond the existing explanation.,0,1.5,KEEP,Already has at least one A/B engine instance; not a zero-rich closure candidate.
kmd-03-02,0,Measuring & Sorting,kmd-sort-size,C,4,2,1,NONE—manual fit audit,Manual review required to identify whether manipulation adds a distinct causal insight beyond the existing explanation.,0,0.5,KEEP,Already has at least one A/B engine instance; not a zero-rich closure candidate.
kmd-03-03,0,Measuring & Sorting,kmd-count-categories,C,5,1,1,NONE—manual fit audit,Manual review required to identify whether manipulation adds a distinct causal insight beyond the existing explanation.,0,0.5,KEEP,Already has at least one A/B engine instance; not a zero-rich closure candidate.
kmd-03-04,0,Measuring & Sorting,kmd-compare-categories,C,4,2,1,NONE—manual fit audit,Manual review required to identify whether manipulation adds a distinct causal insight beyond the existing explanation.,0,0.5,KEEP,Already has at least one A/B engine instance; not a zero-rich closure candidate.
mc-01-01,4,Measure & Convert,metric-badges,A,3,3,2,NONE—manual fit audit,Manual review required to identify whether manipulation adds a distinct causal insight beyond the existing explanation.,0,3.3,KEEP,Already has at least one A/B engine instance; not a zero-rich closure candidate.
mc-01-02,4,Measure & Convert,convert-length,C,3,3,2,lengthCompare,Learner could manipulate the lengthCompare model and observe a state-dependent consequence before symbolic/retrieval checks.,63,19.87,KEEP,Already has at least one A/B engine instance; not a zero-rich closure candidate.
mc-01-03,4,Measure & Convert,convert-mass-volume,C,3,3,2,volumeBuilder,Learner could manipulate the volumeBuilder model and observe a state-dependent consequence before symbolic/retrieval checks.,19,14.49,KEEP,Already has at least one A/B engine instance; not a zero-rich closure candidate.
mc-02-01,4,Measure & Convert,area-formula,A,0,6,2,areaModel,Learner could manipulate the areaModel model and observe a state-dependent consequence before symbolic/retrieval checks.,100,66.06,CHANGE,"Zero A/B interaction in an acquisition lesson; existing areaModel offers a causal model, so reuse should be audited before any new engine."
mc-02-02,4,Measure & Convert,perimeter-formula,C,0,6,2,areaModel,Learner could manipulate the areaModel model and observe a state-dependent consequence before symbolic/retrieval checks.,100,22.02,KEEP,Procedural-fluency purpose; preserve independent production unless a manual lesson read finds a conceptual bottleneck.
mc-02-03,4,Measure & Convert,area-perimeter-word-problems,C,0,6,2,areaModel,Learner could manipulate the areaModel model and observe a state-dependent consequence before symbolic/retrieval checks.,100,22.02,KEEP,Procedural-fluency purpose; preserve independent production unless a manual lesson read finds a conceptual bottleneck.
mc-03-01,4,Measure & Convert,degree-measurement,A,2,4,2,lengthCompare,Learner could manipulate the lengthCompare model and observe a state-dependent consequence before symbolic/retrieval checks.,63,59.62,KEEP,Already has at least one A/B engine instance; not a zero-rich closure candidate.
mc-03-02,4,Measure & Convert,protractor-reading,C,2,4,2,lengthCompare,Learner could manipulate the lengthCompare model and observe a state-dependent consequence before symbolic/retrieval checks.,63,19.87,KEEP,Already has at least one A/B engine instance; not a zero-rich closure candidate.
mc-03-03,4,Measure & Convert,angle-classification,C,0,6,2,lengthCompare,Learner could manipulate the lengthCompare model and observe a state-dependent consequence before symbolic/retrieval checks.,63,19.87,KEEP,Procedural-fluency purpose; preserve independent production unless a manual lesson read finds a conceptual bottleneck.
mc-04-01,4,Measure & Convert,additive-angles,A,0,6,2,NONE—manual fit audit,Manual review required to identify whether manipulation adds a distinct causal insight beyond the existing explanation.,0,3.3,KEEP,"Potential conceptual gap, but no obvious existing-engine fit from the mechanical scan; requires human necessity audit before any implementation."
mc-04-02,4,Measure & Convert,missing-angle,C,0,6,2,NONE—manual fit audit,Manual review required to identify whether manipulation adds a distinct causal insight beyond the existing explanation.,0,1.1,KEEP,Procedural-fluency purpose; preserve independent production unless a manual lesson read finds a conceptual bottleneck.
mc-04-03,4,Measure & Convert,benchmark-angles,E,0,6,2,NONE—manual fit audit,Manual review required to identify whether manipulation adds a distinct causal insight beyond the existing explanation.,0,0.55,REFUSE,Retrieval/assessment purpose: adding a manipulative merely to raise interaction density would weaken independent evidence.
mc-05-01,4,Measure & Convert,fraction-measurement,A,0,6,3,fractionBar,Learner could manipulate the fractionBar model and observe a state-dependent consequence before symbolic/retrieval checks.,101,99.29,CHANGE,"Zero A/B interaction in an acquisition lesson; existing fractionBar offers a causal model, so reuse should be audited before any new engine."
mc-05-02,4,Measure & Convert,line-plot-build,C,0,6,3,fractionBar,Learner could manipulate the fractionBar model and observe a state-dependent consequence before symbolic/retrieval checks.,101,33.1,KEEP,Procedural-fluency purpose; preserve independent production unless a manual lesson read finds a conceptual bottleneck.
mc-05-03,4,Measure & Convert,line-plot-questions,C,0,6,3,fractionBar,Learner could manipulate the fractionBar model and observe a state-dependent consequence before symbolic/retrieval checks.,101,33.1,KEEP,Procedural-fluency purpose; preserve independent production unless a manual lesson read finds a conceptual bottleneck.
g1m-01-01,1,Measuring Length,g1m-compare-two,A,2,4,1,lengthCompare,Learner could manipulate the lengthCompare model and observe a state-dependent consequence before symbolic/retrieval checks.,63,27.1,KEEP,Already has at least one A/B engine instance; not a zero-rich closure candidate.
g1m-01-02,1,Measuring Length,g1m-order-three,C,2,4,1,lengthCompare,Learner could manipulate the lengthCompare model and observe a state-dependent consequence before symbolic/retrieval checks.,63,9.03,KEEP,Already has at least one A/B engine instance; not a zero-rich closure candidate.
g1m-01-03,1,Measuring Length,g1m-indirect,C,2,4,1,lengthCompare,Learner could manipulate the lengthCompare model and observe a state-dependent consequence before symbolic/retrieval checks.,63,9.03,KEEP,Already has at least one A/B engine instance; not a zero-rich closure candidate.
g1m-01-04,1,Measuring Length,g1m-transitivity,B,2,4,1,lengthCompare,Learner could manipulate the lengthCompare model and observe a state-dependent consequence before symbolic/retrieval checks.,63,22.58,KEEP,Already has at least one A/B engine instance; not a zero-rich closure candidate.
g1m-02-01,1,Measuring Length,g1m-iterate,A,2,4,2,NONE—manual fit audit,Manual review required to identify whether manipulation adds a distinct causal insight beyond the existing explanation.,0,3.0,KEEP,Already has at least one A/B engine instance; not a zero-rich closure candidate.
g1m-02-02,1,Measuring Length,g1m-no-gaps,C,2,4,2,NONE—manual fit audit,Manual review required to identify whether manipulation adds a distinct causal insight beyond the existing explanation.,0,1.0,KEEP,Already has at least one A/B engine instance; not a zero-rich closure candidate.
g1m-02-03,1,Measuring Length,g1m-count-units,C,2,4,2,NONE—manual fit audit,Manual review required to identify whether manipulation adds a distinct causal insight beyond the existing explanation.,0,1.0,KEEP,Already has at least one A/B engine instance; not a zero-rich closure candidate.
g1m-03-01,1,Measuring Length,g1m-cubes,A,2,4,2,NONE—manual fit audit,Manual review required to identify whether manipulation adds a distinct causal insight beyond the existing explanation.,0,3.0,KEEP,Already has at least one A/B engine instance; not a zero-rich closure candidate.
g1m-03-02,1,Measuring Length,g1m-clips,C,2,4,2,NONE—manual fit audit,Manual review required to identify whether manipulation adds a distinct causal insight beyond the existing explanation.,0,1.0,KEEP,Already has at least one A/B engine instance; not a zero-rich closure candidate.
g1m-03-03,1,Measuring Length,g1m-unit-size,C,2,4,2,NONE—manual fit audit,Manual review required to identify whether manipulation adds a distinct causal insight beyond the existing explanation.,0,1.0,KEEP,Already has at least one A/B engine instance; not a zero-rich closure candidate.
mmt-01-01,2,"Grade 2: Measurement, Money & Time",mmt-ruler-read,A,3,4,2,lengthCompare,Learner could manipulate the lengthCompare model and observe a state-dependent consequence before symbolic/retrieval checks.,63,54.2,KEEP,Already has at least one A/B engine instance; not a zero-rich closure candidate.
mmt-01-02,2,"Grade 2: Measurement, Money & Time",mmt-ruler-subtract,C,3,4,2,lengthCompare,Learner could manipulate the lengthCompare model and observe a state-dependent consequence before symbolic/retrieval checks.,63,18.07,KEEP,Already has at least one A/B engine instance; not a zero-rich closure candidate.
mmt-01-03,2,"Grade 2: Measurement, Money & Time",mmt-unit-fit,C,1,6,2,lengthCompare,Learner could manipulate the lengthCompare model and observe a state-dependent consequence before symbolic/retrieval checks.,63,18.07,KEEP,Already has at least one A/B engine instance; not a zero-rich closure candidate.
mmt-02-01,2,"Grade 2: Measurement, Money & Time",mmt-estimate,A,3,4,2,lengthCompare,Learner could manipulate the lengthCompare model and observe a state-dependent consequence before symbolic/retrieval checks.,63,54.2,KEEP,Already has at least one A/B engine instance; not a zero-rich closure candidate.
mmt-02-02,2,"Grade 2: Measurement, Money & Time",mmt-length-compare,B,2,5,1,lengthCompare,Learner could manipulate the lengthCompare model and observe a state-dependent consequence before symbolic/retrieval checks.,63,22.58,KEEP,Already has at least one A/B engine instance; not a zero-rich closure candidate.
mmt-02-03,2,"Grade 2: Measurement, Money & Time",mmt-length-order,B,7,0,1,lengthCompare,Learner could manipulate the lengthCompare model and observe a state-dependent consequence before symbolic/retrieval checks.,63,22.58,KEEP,Already has at least one A/B engine instance; not a zero-rich closure candidate.
mmt-03-01,2,"Grade 2: Measurement, Money & Time",mmt-coin-name,A,4,3,1,NONE—manual fit audit,Manual review required to identify whether manipulation adds a distinct causal insight beyond the existing explanation.,0,1.5,KEEP,Already has at least one A/B engine instance; not a zero-rich closure candidate.
mmt-03-02,2,"Grade 2: Measurement, Money & Time",mmt-coin-total,C,7,0,1,NONE—manual fit audit,Manual review required to identify whether manipulation adds a distinct causal insight beyond the existing explanation.,0,0.5,KEEP,Already has at least one A/B engine instance; not a zero-rich closure candidate.
mmt-03-03,2,"Grade 2: Measurement, Money & Time",mmt-coin-reverse,C,7,0,1,NONE—manual fit audit,Manual review required to identify whether manipulation adds a distinct causal insight beyond the existing explanation.,0,0.5,KEEP,Already has at least one A/B engine instance; not a zero-rich closure candidate.
mmt-04-01,2,"Grade 2: Measurement, Money & Time",mmt-skip-5s,A,1,6,2,clockSet,Learner could manipulate the clockSet model and observe a state-dependent consequence before symbolic/retrieval checks.,40,48.53,KEEP,Already has at least one A/B engine instance; not a zero-rich closure candidate.
mmt-04-02,2,"Grade 2: Measurement, Money & Time",mmt-time-5min,C,8,0,2,clockSet,Learner could manipulate the clockSet model and observe a state-dependent consequence before symbolic/retrieval checks.,40,16.18,KEEP,Already has at least one A/B engine instance; not a zero-rich closure candidate.
mmt-04-03,2,"Grade 2: Measurement, Money & Time",mmt-time-mixed,C,8,0,2,clockSet,Learner could manipulate the clockSet model and observe a state-dependent consequence before symbolic/retrieval checks.,40,16.18,KEEP,Already has at least one A/B engine instance; not a zero-rich closure candidate.
mmt-05-01,2,"Grade 2: Measurement, Money & Time",mmt-picture-graph,A,3,4,2,NONE—manual fit audit,Manual review required to identify whether manipulation adds a distinct causal insight beyond the existing explanation.,0,3.0,KEEP,Already has at least one A/B engine instance; not a zero-rich closure candidate.
mmt-05-02,2,"Grade 2: Measurement, Money & Time",mmt-bar-graph,C,3,4,2,NONE—manual fit audit,Manual review required to identify whether manipulation adds a distinct causal insight beyond the existing explanation.,0,1.0,KEEP,Already has at least one A/B engine instance; not a zero-rich closure candidate.
mmt-05-03,2,"Grade 2: Measurement, Money & Time",mmt-line-plot,C,1,6,2,NONE—manual fit audit,Manual review required to identify whether manipulation adds a distinct causal insight beyond the existing explanation.,0,1.0,KEEP,Already has at least one A/B engine instance; not a zero-rich closure candidate.
g4v-01-01,4,Measurement Word Problems,g4v-unit-size,A,2,4,2,NONE—manual fit audit,Manual review required to identify whether manipulation adds a distinct causal insight beyond the existing explanation.,0,3.3,KEEP,Already has at least one A/B engine instance; not a zero-rich closure candidate.
g4v-01-02,4,Measurement Word Problems,g4v-table,C,2,4,2,NONE—manual fit audit,Manual review required to identify whether manipulation adds a distinct causal insight beyond the existing explanation.,0,1.1,KEEP,Already has at least one A/B engine instance; not a zero-rich closure candidate.
g4v-01-03,4,Measurement Word Problems,g4v-length,C,2,4,2,lengthCompare,Learner could manipulate the lengthCompare model and observe a state-dependent consequence before symbolic/retrieval checks.,63,19.87,KEEP,Already has at least one A/B engine instance; not a zero-rich closure candidate.
g4v-01-04,4,Measurement Word Problems,g4v-mass,C,2,4,2,NONE—manual fit audit,Manual review required to identify whether manipulation adds a distinct causal insight beyond the existing explanation.,0,1.1,KEEP,Already has at least one A/B engine instance; not a zero-rich closure candidate.
g4v-02-01,4,Measurement Word Problems,g4v-volume,A,2,4,2,volumeBuilder,Learner could manipulate the volumeBuilder model and observe a state-dependent consequence before symbolic/retrieval checks.,19,43.48,KEEP,Already has at least one A/B engine instance; not a zero-rich closure candidate.
g4v-02-02,4,Measurement Word Problems,g4v-time,C,2,4,2,clockSet,Learner could manipulate the clockSet model and observe a state-dependent consequence before symbolic/retrieval checks.,40,17.79,KEEP,Already has at least one A/B engine instance; not a zero-rich closure candidate.
g4v-02-03,4,Measurement Word Problems,g4v-distance,C,2,4,1,NONE—manual fit audit,Manual review required to identify whether manipulation adds a distinct causal insight beyond the existing explanation.,0,0.55,KEEP,Already has at least one A/B engine instance; not a zero-rich closure candidate.
g4v-02-04,4,Measurement Word Problems,g4v-interval,C,2,4,2,clockSet,Learner could manipulate the clockSet model and observe a state-dependent consequence before symbolic/retrieval checks.,40,17.79,KEEP,Already has at least one A/B engine instance; not a zero-rich closure candidate.
g4v-03-01,4,Measurement Word Problems,g4v-money,A,2,4,2,lengthCompare,Learner could manipulate the lengthCompare model and observe a state-dependent consequence before symbolic/retrieval checks.,63,59.62,KEEP,Already has at least one A/B engine instance; not a zero-rich closure candidate.
g4v-03-02,4,Measurement Word Problems,g4v-fraction-unit,C,2,4,3,fractionBar,Learner could manipulate the fractionBar model and observe a state-dependent consequence before symbolic/retrieval checks.,101,33.1,KEEP,Already has at least one A/B engine instance; not a zero-rich closure candidate.
g4v-03-03,4,Measurement Word Problems,g4v-multistep,C,2,4,2,lengthCompare,Learner could manipulate the lengthCompare model and observe a state-dependent consequence before symbolic/retrieval checks.,63,19.87,KEEP,Already has at least one A/B engine instance; not a zero-rich closure candidate.
g4v-03-04,4,Measurement Word Problems,g4v-diagram,C,2,4,2,lengthCompare,Learner could manipulate the lengthCompare model and observe a state-dependent consequence before symbolic/retrieval checks.,63,19.87,KEEP,Already has at least one A/B engine instance; not a zero-rich closure candidate.
md-01-01,3,"Measurement, Time & Data",read-clock,A,2,4,2,clockSet,Learner could manipulate the clockSet model and observe a state-dependent consequence before symbolic/retrieval checks.,40,53.38,KEEP,Already has at least one A/B engine instance; not a zero-rich closure candidate.
md-01-02,3,"Measurement, Time & Data",time-relative,C,0,6,2,clockSet,Learner could manipulate the clockSet model and observe a state-dependent consequence before symbolic/retrieval checks.,40,17.79,KEEP,Procedural-fluency purpose; preserve independent production unless a manual lesson read finds a conceptual bottleneck.
md-01-03,3,"Measurement, Time & Data",elapsed-time,C,3,3,2,numberLineHop,Learner could manipulate the numberLineHop model and observe a state-dependent consequence before symbolic/retrieval checks.,452,29.13,KEEP,Already has at least one A/B engine instance; not a zero-rich closure candidate.
md-02-01,3,"Measurement, Time & Data",mass,A,1,5,1,NONE—manual fit audit,Manual review required to identify whether manipulation adds a distinct causal insight beyond the existing explanation.,0,1.65,KEEP,Already has at least one A/B engine instance; not a zero-rich closure candidate.
md-02-02,3,"Measurement, Time & Data",volume,C,2,4,2,volumeBuilder,Learner could manipulate the volumeBuilder model and observe a state-dependent consequence before symbolic/retrieval checks.,19,14.49,KEEP,Already has at least one A/B engine instance; not a zero-rich closure candidate.
md-02-03,3,"Measurement, Time & Data",measure-problems,C,1,5,2,solveBalance,Learner could manipulate the solveBalance model and observe a state-dependent consequence before symbolic/retrieval checks.,20,14.72,KEEP,Already has at least one A/B engine instance; not a zero-rich closure candidate.
md-03-01,3,"Measurement, Time & Data",pictograph,A,1,5,2,NONE—manual fit audit,Manual review required to identify whether manipulation adds a distinct causal insight beyond the existing explanation.,0,3.3,KEEP,Already has at least one A/B engine instance; not a zero-rich closure candidate.
md-03-02,3,"Measurement, Time & Data",bar-graph,C,1,6,2,NONE—manual fit audit,Manual review required to identify whether manipulation adds a distinct causal insight beyond the existing explanation.,0,1.1,KEEP,Already has at least one A/B engine instance; not a zero-rich closure candidate.
md-03-03,3,"Measurement, Time & Data",graph-questions,C,0,6,2,NONE—manual fit audit,Manual review required to identify whether manipulation adds a distinct causal insight beyond the existing explanation.,0,1.1,KEEP,Procedural-fluency purpose; preserve independent production unless a manual lesson read finds a conceptual bottleneck.
md-03-04,3,"Measurement, Time & Data",line-plot,C,0,6,2,NONE—manual fit audit,Manual review required to identify whether manipulation adds a distinct causal insight beyond the existing explanation.,0,1.1,KEEP,Procedural-fluency purpose; preserve independent production unless a manual lesson read finds a conceptual bottleneck.
md-04-01,3,"Measurement, Time & Data",tiling,A,1,5,2,areaModel,Learner could manipulate the areaModel model and observe a state-dependent consequence before symbolic/retrieval checks.,100,66.06,KEEP,Already has at least one A/B engine instance; not a zero-rich closure candidate.
md-04-02,3,"Measurement, Time & Data",area-multiply,C,1,6,2,areaModel,Learner could manipulate the areaModel model and observe a state-dependent consequence before symbolic/retrieval checks.,100,22.02,KEEP,Already has at least one A/B engine instance; not a zero-rich closure candidate.
md-04-03,3,"Measurement, Time & Data",area-distributive,C,0,6,2,areaModel,Learner could manipulate the areaModel model and observe a state-dependent consequence before symbolic/retrieval checks.,100,22.02,KEEP,Procedural-fluency purpose; preserve independent production unless a manual lesson read finds a conceptual bottleneck.
md-04-04,3,"Measurement, Time & Data",area-additive,C,0,6,2,areaModel,Learner could manipulate the areaModel model and observe a state-dependent consequence before symbolic/retrieval checks.,100,22.02,KEEP,Procedural-fluency purpose; preserve independent production unless a manual lesson read finds a conceptual bottleneck.
md-05-01,3,"Measurement, Time & Data",perimeter,A,1,5,1,NONE—manual fit audit,Manual review required to identify whether manipulation adds a distinct causal insight beyond the existing explanation.,0,1.65,KEEP,Already has at least one A/B engine instance; not a zero-rich closure candidate.
md-05-02,3,"Measurement, Time & Data",missing-side,C,6,0,1,NONE—manual fit audit,Manual review required to identify whether manipulation adds a distinct causal insight beyond the existing explanation.,0,0.55,KEEP,Already has at least one A/B engine instance; not a zero-rich closure candidate.
md-05-03,3,"Measurement, Time & Data",area-vs-perimeter,C,0,6,2,areaModel,Learner could manipulate the areaModel model and observe a state-dependent consequence before symbolic/retrieval checks.,100,22.02,KEEP,Procedural-fluency purpose; preserve independent production unless a manual lesson read finds a conceptual bottleneck.
g4m-01-01,4,Multi-Digit Multiplication & Division,g4m-powers-ten,A,2,4,2,NONE—manual fit audit,Manual review required to identify whether manipulation adds a distinct causal insight beyond the existing explanation.,0,3.3,KEEP,Already has at least one A/B engine instance; not a zero-rich closure candidate.
g4m-01-02,4,Multi-Digit Multiplication & Division,g4m-area-model,B,2,4,2,areaModel,Learner could manipulate the areaModel model and observe a state-dependent consequence before symbolic/retrieval checks.,100,55.05,KEEP,Already has at least one A/B engine instance; not a zero-rich closure candidate.
g4m-01-03,4,Multi-Digit Multiplication & Division,g4m-4x1,C,2,4,1,NONE—manual fit audit,Manual review required to identify whether manipulation adds a distinct causal insight beyond the existing explanation.,0,0.55,KEEP,Already has at least one A/B engine instance; not a zero-rich closure candidate.
g4m-01-04,4,Multi-Digit Multiplication & Division,g4m-regroup,C,2,4,1,NONE—manual fit audit,Manual review required to identify whether manipulation adds a distinct causal insight beyond the existing explanation.,0,0.55,KEEP,Already has at least one A/B engine instance; not a zero-rich closure candidate.
g4m-01-05,4,Multi-Digit Multiplication & Division,g4m-2x2-area,B,2,4,2,areaModel,Learner could manipulate the areaModel model and observe a state-dependent consequence before symbolic/retrieval checks.,100,55.05,KEEP,Already has at least one A/B engine instance; not a zero-rich closure candidate.
g4m-01-06,4,Multi-Digit Multiplication & Division,g4m-2x2-partial,C,2,4,1,NONE—manual fit audit,Manual review required to identify whether manipulation adds a distinct causal insight beyond the existing explanation.,0,0.55,KEEP,Already has at least one A/B engine instance; not a zero-rich closure candidate.
g4m-02-01,4,Multi-Digit Multiplication & Division,g4m-estimate-product,A,2,4,1,NONE—manual fit audit,Manual review required to identify whether manipulation adds a distinct causal insight beyond the existing explanation.,0,1.65,KEEP,Already has at least one A/B engine instance; not a zero-rich closure candidate.
g4m-02-02,4,Multi-Digit Multiplication & Division,g4m-check-product,C,2,4,1,NONE—manual fit audit,Manual review required to identify whether manipulation adds a distinct causal insight beyond the existing explanation.,0,0.55,KEEP,Already has at least one A/B engine instance; not a zero-rich closure candidate.
g4m-02-03,4,Multi-Digit Multiplication & Division,g4m-div-place,C,2,4,2,baseTenCompose,Learner could manipulate the baseTenCompose model and observe a state-dependent consequence before symbolic/retrieval checks.,56,19.33,KEEP,Already has at least one A/B engine instance; not a zero-rich closure candidate.
g4m-02-04,4,Multi-Digit Multiplication & Division,g4m-partial-quotient,C,2,4,1,NONE—manual fit audit,Manual review required to identify whether manipulation adds a distinct causal insight beyond the existing explanation.,0,0.55,KEEP,Already has at least one A/B engine instance; not a zero-rich closure candidate.
g4m-02-05,4,Multi-Digit Multiplication & Division,g4m-3div1,C,2,4,1,NONE—manual fit audit,Manual review required to identify whether manipulation adds a distinct causal insight beyond the existing explanation.,0,0.55,KEEP,Already has at least one A/B engine instance; not a zero-rich closure candidate.
g4m-03-01,4,Multi-Digit Multiplication & Division,g4m-4div1,A,2,4,2,NONE—manual fit audit,Manual review required to identify whether manipulation adds a distinct causal insight beyond the existing explanation.,0,3.3,KEEP,Already has at least one A/B engine instance; not a zero-rich closure candidate.
g4m-03-02,4,Multi-Digit Multiplication & Division,g4m-remainder,C,2,4,2,NONE—manual fit audit,Manual review required to identify whether manipulation adds a distinct causal insight beyond the existing explanation.,0,1.1,KEEP,Already has at least one A/B engine instance; not a zero-rich closure candidate.
g4m-03-03,4,Multi-Digit Multiplication & Division,g4m-interpret-remainder,C,2,4,2,NONE—manual fit audit,Manual review required to identify whether manipulation adds a distinct causal insight beyond the existing explanation.,0,1.1,KEEP,Already has at least one A/B engine instance; not a zero-rich closure candidate.
g4m-03-04,4,Multi-Digit Multiplication & Division,g4m-estimate-quotient,C,2,4,2,NONE—manual fit audit,Manual review required to identify whether manipulation adds a distinct causal insight beyond the existing explanation.,0,1.1,KEEP,Already has at least one A/B engine instance; not a zero-rich closure candidate.
g4m-03-05,4,Multi-Digit Multiplication & Division,g4m-check-quotient,C,2,4,2,NONE—manual fit audit,Manual review required to identify whether manipulation adds a distinct causal insight beyond the existing explanation.,0,1.1,KEEP,Already has at least one A/B engine instance; not a zero-rich closure candidate.
mf3-01-01,3,Multiplication Fluency,g3m-x2,D,2,4,1,NONE—manual fit audit,Manual review required to identify whether manipulation adds a distinct causal insight beyond the existing explanation.,0,0.28,KEEP,Already has at least one A/B engine instance; not a zero-rich closure candidate.
mf3-01-02,3,Multiplication Fluency,g3m-x3,D,2,4,1,NONE—manual fit audit,Manual review required to identify whether manipulation adds a distinct causal insight beyond the existing explanation.,0,0.28,KEEP,Already has at least one A/B engine instance; not a zero-rich closure candidate.
mf3-01-03,3,Multiplication Fluency,g3m-x4,D,2,4,1,NONE—manual fit audit,Manual review required to identify whether manipulation adds a distinct causal insight beyond the existing explanation.,0,0.28,KEEP,Already has at least one A/B engine instance; not a zero-rich closure candidate.
mf3-01-04,3,Multiplication Fluency,g3m-x5,D,2,4,1,NONE—manual fit audit,Manual review required to identify whether manipulation adds a distinct causal insight beyond the existing explanation.,0,0.28,KEEP,Already has at least one A/B engine instance; not a zero-rich closure candidate.
mf3-01-05,3,Multiplication Fluency,g3m-x6,D,2,4,1,NONE—manual fit audit,Manual review required to identify whether manipulation adds a distinct causal insight beyond the existing explanation.,0,0.28,KEEP,Already has at least one A/B engine instance; not a zero-rich closure candidate.
mf3-01-06,3,Multiplication Fluency,g3m-x7,D,2,4,1,NONE—manual fit audit,Manual review required to identify whether manipulation adds a distinct causal insight beyond the existing explanation.,0,0.28,KEEP,Already has at least one A/B engine instance; not a zero-rich closure candidate.
mf3-02-01,3,Multiplication Fluency,g3m-x8,D,2,4,1,NONE—manual fit audit,Manual review required to identify whether manipulation adds a distinct causal insight beyond the existing explanation.,0,0.28,KEEP,Already has at least one A/B engine instance; not a zero-rich closure candidate.
mf3-02-02,3,Multiplication Fluency,g3m-x9,D,2,4,1,NONE—manual fit audit,Manual review required to identify whether manipulation adds a distinct causal insight beyond the existing explanation.,0,0.28,KEEP,Already has at least one A/B engine instance; not a zero-rich closure candidate.
mf3-02-03,3,Multiplication Fluency,g3m-x10,D,2,4,1,NONE—manual fit audit,Manual review required to identify whether manipulation adds a distinct causal insight beyond the existing explanation.,0,0.28,KEEP,Already has at least one A/B engine instance; not a zero-rich closure candidate.
mf3-02-04,3,Multiplication Fluency,g3m-squares,C,2,4,1,NONE—manual fit audit,Manual review required to identify whether manipulation adds a distinct causal insight beyond the existing explanation.,0,0.55,KEEP,Already has at least one A/B engine instance; not a zero-rich closure candidate.
mf3-02-05,3,Multiplication Fluency,g3m-hard-facts,D,2,4,1,NONE—manual fit audit,Manual review required to identify whether manipulation adds a distinct causal insight beyond the existing explanation.,0,0.28,KEEP,Already has at least one A/B engine instance; not a zero-rich closure candidate.
mf3-02-06,3,Multiplication Fluency,g3m-derive,B,2,4,1,NONE—manual fit audit,Manual review required to identify whether manipulation adds a distinct causal insight beyond the existing explanation.,0,1.38,KEEP,Already has at least one A/B engine instance; not a zero-rich closure candidate.
mf3-03-01,3,Multiplication Fluency,g3m-mixed-small,D,2,4,1,NONE—manual fit audit,Manual review required to identify whether manipulation adds a distinct causal insight beyond the existing explanation.,0,0.28,KEEP,Already has at least one A/B engine instance; not a zero-rich closure candidate.
mf3-03-02,3,Multiplication Fluency,g3m-mixed-large,D,2,4,1,NONE—manual fit audit,Manual review required to identify whether manipulation adds a distinct causal insight beyond the existing explanation.,0,0.28,KEEP,Already has at least one A/B engine instance; not a zero-rich closure candidate.
mf3-03-03,3,Multiplication Fluency,g3m-recall-speed,C,2,4,1,NONE—manual fit audit,Manual review required to identify whether manipulation adds a distinct causal insight beyond the existing explanation.,0,0.55,KEEP,Already has at least one A/B engine instance; not a zero-rich closure candidate.
mf3-03-04,3,Multiplication Fluency,g3m-missing-factor,C,2,4,3,algebraTiles,Learner could manipulate the algebraTiles model and observe a state-dependent consequence before symbolic/retrieval checks.,17,21.03,KEEP,Already has at least one A/B engine instance; not a zero-rich closure candidate.
mf3-03-05,3,Multiplication Fluency,g3m-fact-family,C,2,4,1,NONE—manual fit audit,Manual review required to identify whether manipulation adds a distinct causal insight beyond the existing explanation.,0,0.55,KEEP,Already has at least one A/B engine instance; not a zero-rich closure candidate.
mf3-03-06,3,Multiplication Fluency,g3m-full-table,C,2,4,1,NONE—manual fit audit,Manual review required to identify whether manipulation adds a distinct causal insight beyond the existing explanation.,0,0.55,KEEP,Already has at least one A/B engine instance; not a zero-rich closure candidate.
mult-01-01,3,Multiplication & Division Foundations,equal-groups,A,2,5,2,NONE—manual fit audit,Manual review required to identify whether manipulation adds a distinct causal insight beyond the existing explanation.,0,3.3,KEEP,Already has at least one A/B engine instance; not a zero-rich closure candidate.
mult-01-02,3,Multiplication & Division Foundations,arrays,C,2,5,1,NONE—manual fit audit,Manual review required to identify whether manipulation adds a distinct causal insight beyond the existing explanation.,0,0.55,KEEP,Already has at least one A/B engine instance; not a zero-rich closure candidate.
mult-01-03,3,Multiplication & Division Foundations,skip-counting,C,0,7,1,NONE—manual fit audit,Manual review required to identify whether manipulation adds a distinct causal insight beyond the existing explanation.,0,0.55,KEEP,Procedural-fluency purpose; preserve independent production unless a manual lesson read finds a conceptual bottleneck.
mult-01-04,3,Multiplication & Division Foundations,number-line,C,2,5,1,numberLineHop,Learner could manipulate the numberLineHop model and observe a state-dependent consequence before symbolic/retrieval checks.,452,14.56,KEEP,Already has at least one A/B engine instance; not a zero-rich closure candidate.
mult-01-05,3,Multiplication & Division Foundations,commutativity,D,0,6,1,NONE—manual fit audit,Manual review required to identify whether manipulation adds a distinct causal insight beyond the existing explanation.,0,0.28,REFUSE,Retrieval/assessment purpose: adding a manipulative merely to raise interaction density would weaken independent evidence.
mult-02-01,3,Multiplication & Division Foundations,sharing-division,A,1,6,2,NONE—manual fit audit,Manual review required to identify whether manipulation adds a distinct causal insight beyond the existing explanation.,0,3.3,KEEP,Already has at least one A/B engine instance; not a zero-rich closure candidate.
mult-02-02,3,Multiplication & Division Foundations,grouping-division,A,1,6,2,NONE—manual fit audit,Manual review required to identify whether manipulation adds a distinct causal insight beyond the existing explanation.,0,3.3,KEEP,Already has at least one A/B engine instance; not a zero-rich closure candidate.
mult-02-03,3,Multiplication & Division Foundations,missing-factor,A,1,6,3,algebraTiles,Learner could manipulate the algebraTiles model and observe a state-dependent consequence before symbolic/retrieval checks.,17,63.08,KEEP,Already has at least one A/B engine instance; not a zero-rich closure candidate.
mult-02-04,3,Multiplication & Division Foundations,fact-families,A,0,7,2,NONE—manual fit audit,Manual review required to identify whether manipulation adds a distinct causal insight beyond the existing explanation.,0,3.3,KEEP,"Potential conceptual gap, but no obvious existing-engine fit from the mechanical scan; requires human necessity audit before any implementation."
mult-02-05,3,Multiplication & Division Foundations,identity-zero,A,0,7,3,NONE—manual fit audit,Manual review required to identify whether manipulation adds a distinct causal insight beyond the existing explanation.,0,4.95,KEEP,"Potential conceptual gap, but no obvious existing-engine fit from the mechanical scan; requires human necessity audit before any implementation."
mult-03-01,3,Multiplication & Division Foundations,times-2,D,0,6,2,clockSet,Learner could manipulate the clockSet model and observe a state-dependent consequence before symbolic/retrieval checks.,40,8.9,REFUSE,Retrieval/assessment purpose: adding a manipulative merely to raise interaction density would weaken independent evidence.
mult-03-02,3,Multiplication & Division Foundations,times-5-10,D,1,6,2,clockSet,Learner could manipulate the clockSet model and observe a state-dependent consequence before symbolic/retrieval checks.,40,8.9,KEEP,Already has at least one A/B engine instance; not a zero-rich closure candidate.
mult-03-03,3,Multiplication & Division Foundations,double-double,D,0,6,1,NONE—manual fit audit,Manual review required to identify whether manipulation adds a distinct causal insight beyond the existing explanation.,0,0.28,REFUSE,Retrieval/assessment purpose: adding a manipulative merely to raise interaction density would weaken independent evidence.
mult-03-04,3,Multiplication & Division Foundations,times-9,D,1,6,2,clockSet,Learner could manipulate the clockSet model and observe a state-dependent consequence before symbolic/retrieval checks.,40,8.9,KEEP,Already has at least one A/B engine instance; not a zero-rich closure candidate.
mult-03-05,3,Multiplication & Division Foundations,distributive,D,0,6,1,algebraTiles,Learner could manipulate the algebraTiles model and observe a state-dependent consequence before symbolic/retrieval checks.,17,3.5,REFUSE,Retrieval/assessment purpose: adding a manipulative merely to raise interaction density would weaken independent evidence.
mult-04-01,3,Multiplication & Division Foundations,op-choice,A,0,6,3,NONE—manual fit audit,Manual review required to identify whether manipulation adds a distinct causal insight beyond the existing explanation.,0,4.95,KEEP,"Potential conceptual gap, but no obvious existing-engine fit from the mechanical scan; requires human necessity audit before any implementation."
mult-04-02,3,Multiplication & Division Foundations,unknown-position,C,0,6,1,NONE—manual fit audit,Manual review required to identify whether manipulation adds a distinct causal insight beyond the existing explanation.,0,0.55,KEEP,Procedural-fluency purpose; preserve independent production unless a manual lesson read finds a conceptual bottleneck.
mult-04-03,3,Multiplication & Division Foundations,unknown-letter,C,0,7,1,NONE—manual fit audit,Manual review required to identify whether manipulation adds a distinct causal insight beyond the existing explanation.,0,0.55,KEEP,Procedural-fluency purpose; preserve independent production unless a manual lesson read finds a conceptual bottleneck.
mult-04-04,3,Multiplication & Division Foundations,two-step,C,0,6,1,NONE—manual fit audit,Manual review required to identify whether manipulation adds a distinct causal insight beyond the existing explanation.,0,0.55,KEEP,Procedural-fluency purpose; preserve independent production unless a manual lesson read finds a conceptual bottleneck.
mult-04-05,3,Multiplication & Division Foundations,reasonableness,C,1,6,1,NONE—manual fit audit,Manual review required to identify whether manipulation adds a distinct causal insight beyond the existing explanation.,0,0.55,KEEP,Already has at least one A/B engine instance; not a zero-rich closure candidate.
mult-05-01,3,Multiplication & Division Foundations,addition-patterns,A,1,5,1,NONE—manual fit audit,Manual review required to identify whether manipulation adds a distinct causal insight beyond the existing explanation.,0,1.65,KEEP,Already has at least one A/B engine instance; not a zero-rich closure candidate.
mult-05-02,3,Multiplication & Division Foundations,mult-patterns,C,2,4,1,NONE—manual fit audit,Manual review required to identify whether manipulation adds a distinct causal insight beyond the existing explanation.,0,0.55,KEEP,Already has at least one A/B engine instance; not a zero-rich closure candidate.
mult-05-03,3,Multiplication & Division Foundations,parity,C,0,7,1,NONE—manual fit audit,Manual review required to identify whether manipulation adds a distinct causal insight beyond the existing explanation.,0,0.55,KEEP,Procedural-fluency purpose; preserve independent production unless a manual lesson read finds a conceptual bottleneck.
mult-05-04,3,Multiplication & Division Foundations,multiples,C,2,4,1,NONE—manual fit audit,Manual review required to identify whether manipulation adds a distinct causal insight beyond the existing explanation.,0,0.55,KEEP,Already has at least one A/B engine instance; not a zero-rich closure candidate.
mb-01-01,4,Multiply Bigger,times-as-many,A,1,5,2,clockSet,Learner could manipulate the clockSet model and observe a state-dependent consequence before symbolic/retrieval checks.,40,53.38,KEEP,Already has at least one A/B engine instance; not a zero-rich closure candidate.
mb-01-02,4,Multiply Bigger,comparison-equations,C,0,6,3,solveBalance,Learner could manipulate the solveBalance model and observe a state-dependent consequence before symbolic/retrieval checks.,20,22.07,KEEP,Procedural-fluency purpose; preserve independent production unless a manual lesson read finds a conceptual bottleneck.
mb-01-03,4,Multiply Bigger,additive-vs-multiplicative,C,0,6,2,clockSet,Learner could manipulate the clockSet model and observe a state-dependent consequence before symbolic/retrieval checks.,40,17.79,KEEP,Procedural-fluency purpose; preserve independent production unless a manual lesson read finds a conceptual bottleneck.
mb-02-01,4,Multiply Bigger,factors,A,1,5,3,algebraTiles,Learner could manipulate the algebraTiles model and observe a state-dependent consequence before symbolic/retrieval checks.,17,63.08,KEEP,Already has at least one A/B engine instance; not a zero-rich closure candidate.
mb-02-02,4,Multiply Bigger,multiples,C,1,5,3,algebraTiles,Learner could manipulate the algebraTiles model and observe a state-dependent consequence before symbolic/retrieval checks.,17,21.03,KEEP,Already has at least one A/B engine instance; not a zero-rich closure candidate.
mb-02-03,4,Multiply Bigger,prime-composite,C,1,5,3,algebraTiles,Learner could manipulate the algebraTiles model and observe a state-dependent consequence before symbolic/retrieval checks.,17,21.03,KEEP,Already has at least one A/B engine instance; not a zero-rich closure candidate.
mb-03-01,4,Multiply Bigger,multiply-tens,A,1,5,2,areaModel,Learner could manipulate the areaModel model and observe a state-dependent consequence before symbolic/retrieval checks.,100,66.06,KEEP,Already has at least one A/B engine instance; not a zero-rich closure candidate.
mb-03-02,4,Multiply Bigger,area-model-1digit,C,0,6,2,areaModel,Learner could manipulate the areaModel model and observe a state-dependent consequence before symbolic/retrieval checks.,100,22.02,KEEP,Procedural-fluency purpose; preserve independent production unless a manual lesson read finds a conceptual bottleneck.
mb-03-03,4,Multiply Bigger,area-model-2digit,C,1,5,2,areaModel,Learner could manipulate the areaModel model and observe a state-dependent consequence before symbolic/retrieval checks.,100,22.02,KEEP,Already has at least one A/B engine instance; not a zero-rich closure candidate.
mb-04-01,4,Multiply Bigger,remainders,A,0,6,2,NONE—manual fit audit,Manual review required to identify whether manipulation adds a distinct causal insight beyond the existing explanation.,0,3.3,KEEP,"Potential conceptual gap, but no obvious existing-engine fit from the mechanical scan; requires human necessity audit before any implementation."
mb-04-02,4,Multiply Bigger,divide-big,C,0,6,2,NONE—manual fit audit,Manual review required to identify whether manipulation adds a distinct causal insight beyond the existing explanation.,0,1.1,KEEP,Procedural-fluency purpose; preserve independent production unless a manual lesson read finds a conceptual bottleneck.
mb-04-03,4,Multiply Bigger,interpret-remainders,C,0,6,2,NONE—manual fit audit,Manual review required to identify whether manipulation adds a distinct causal insight beyond the existing explanation.,0,1.1,KEEP,Procedural-fluency purpose; preserve independent production unless a manual lesson read finds a conceptual bottleneck.
mb-05-01,4,Multiply Bigger,patterns,A,0,6,1,NONE—manual fit audit,Manual review required to identify whether manipulation adds a distinct causal insight beyond the existing explanation.,0,1.65,KEEP,"Potential conceptual gap, but no obvious existing-engine fit from the mechanical scan; requires human necessity audit before any implementation."
mb-05-02,4,Multiply Bigger,multi-step,C,0,7,1,NONE—manual fit audit,Manual review required to identify whether manipulation adds a distinct causal insight beyond the existing explanation.,0,0.55,KEEP,Procedural-fluency purpose; preserve independent production unless a manual lesson read finds a conceptual bottleneck.
g4s-01-01,4,Multi-Step Problems,g4ms-two-ops,A,2,4,3,NONE—manual fit audit,Manual review required to identify whether manipulation adds a distinct causal insight beyond the existing explanation.,0,4.95,KEEP,Already has at least one A/B engine instance; not a zero-rich closure candidate.
g4s-01-02,4,Multi-Step Problems,g4ms-three-ops,C,2,4,3,NONE—manual fit audit,Manual review required to identify whether manipulation adds a distinct causal insight beyond the existing explanation.,0,1.65,KEEP,Already has at least one A/B engine instance; not a zero-rich closure candidate.
g4s-01-03,4,Multi-Step Problems,g4ms-comparison,C,2,4,1,NONE—manual fit audit,Manual review required to identify whether manipulation adds a distinct causal insight beyond the existing explanation.,0,0.55,KEEP,Already has at least one A/B engine instance; not a zero-rich closure candidate.
g4s-02-01,4,Multi-Step Problems,g4ms-remainder,A,2,4,1,NONE—manual fit audit,Manual review required to identify whether manipulation adds a distinct causal insight beyond the existing explanation.,0,1.65,KEEP,Already has at least one A/B engine instance; not a zero-rich closure candidate.
g4s-02-02,4,Multi-Step Problems,g4ms-variable,C,2,4,3,solveBalance,Learner could manipulate the solveBalance model and observe a state-dependent consequence before symbolic/retrieval checks.,20,22.07,KEEP,Already has at least one A/B engine instance; not a zero-rich closure candidate.
g4s-02-03,4,Multi-Step Problems,g4ms-estimate,C,2,4,1,NONE—manual fit audit,Manual review required to identify whether manipulation adds a distinct causal insight beyond the existing explanation.,0,0.55,KEEP,Already has at least one A/B engine instance; not a zero-rich closure candidate.
g4s-03-01,4,Multi-Step Problems,g4ms-reasonable,A,2,4,1,NONE—manual fit audit,Manual review required to identify whether manipulation adds a distinct causal insight beyond the existing explanation.,0,1.65,KEEP,Already has at least one A/B engine instance; not a zero-rich closure candidate.
g4s-03-02,4,Multi-Step Problems,g4ms-explain,C,2,4,1,NONE—manual fit audit,Manual review required to identify whether manipulation adds a distinct causal insight beyond the existing explanation.,0,0.55,KEEP,Already has at least one A/B engine instance; not a zero-rich closure candidate.
nls-01-01,9,Algebra 1: Nonlinear Systems,nls-check-intersection,A,1,4,1,NONE—manual fit audit,Manual review required to identify whether manipulation adds a distinct causal insight beyond the existing explanation.,0,2.1,KEEP,Already has at least one A/B engine instance; not a zero-rich closure candidate.
nls-01-02,9,Algebra 1: Nonlinear Systems,nls-substitution,C,1,4,1,NONE—manual fit audit,Manual review required to identify whether manipulation adds a distinct causal insight beyond the existing explanation.,0,0.7,KEEP,Already has at least one A/B engine instance; not a zero-rich closure candidate.
nls-01-03,9,Algebra 1: Nonlinear Systems,nls-solution-count,C,1,5,1,NONE—manual fit audit,Manual review required to identify whether manipulation adds a distinct causal insight beyond the existing explanation.,0,0.7,KEEP,Already has at least one A/B engine instance; not a zero-rich closure candidate.
nls-02-01,9,Algebra 1: Nonlinear Systems,nls-circle-equation,A,1,4,3,solveBalance,Learner could manipulate the solveBalance model and observe a state-dependent consequence before symbolic/retrieval checks.,20,84.28,KEEP,Already has at least one A/B engine instance; not a zero-rich closure candidate.
nls-02-02,9,Algebra 1: Nonlinear Systems,nls-line-circle,C,1,4,2,circleAngleExplore,Learner could manipulate the circleAngleExplore model and observe a state-dependent consequence before symbolic/retrieval checks.,5,11.79,KEEP,Already has at least one A/B engine instance; not a zero-rich closure candidate.
nls-02-03,9,Algebra 1: Nonlinear Systems,nls-tangent-miss,C,1,5,2,circleAngleExplore,Learner could manipulate the circleAngleExplore model and observe a state-dependent consequence before symbolic/retrieval checks.,5,11.79,KEEP,Already has at least one A/B engine instance; not a zero-rich closure candidate.
g2l-01-01,2,The Number Line,g2l-locate,A,2,4,1,NONE—manual fit audit,Manual review required to identify whether manipulation adds a distinct causal insight beyond the existing explanation.,0,1.5,KEEP,Already has at least one A/B engine instance; not a zero-rich closure candidate.
g2l-01-02,2,The Number Line,g2l-spacing,C,2,4,1,NONE—manual fit audit,Manual review required to identify whether manipulation adds a distinct causal insight beyond the existing explanation.,0,0.5,KEEP,Already has at least one A/B engine instance; not a zero-rich closure candidate.
g2l-01-03,2,The Number Line,g2l-between,C,2,4,1,NONE—manual fit audit,Manual review required to identify whether manipulation adds a distinct causal insight beyond the existing explanation.,0,0.5,KEEP,Already has at least one A/B engine instance; not a zero-rich closure candidate.
g2l-02-01,2,The Number Line,g2l-jump-add,A,2,4,1,NONE—manual fit audit,Manual review required to identify whether manipulation adds a distinct causal insight beyond the existing explanation.,0,1.5,KEEP,Already has at least one A/B engine instance; not a zero-rich closure candidate.
g2l-02-02,2,The Number Line,g2l-jump-sub,C,2,4,1,NONE—manual fit audit,Manual review required to identify whether manipulation adds a distinct causal insight beyond the existing explanation.,0,0.5,KEEP,Already has at least one A/B engine instance; not a zero-rich closure candidate.
g2l-02-03,2,The Number Line,g2l-jump-sizes,C,2,4,1,NONE—manual fit audit,Manual review required to identify whether manipulation adds a distinct causal insight beyond the existing explanation.,0,0.5,KEEP,Already has at least one A/B engine instance; not a zero-rich closure candidate.
g2l-03-01,2,The Number Line,g2l-show-sum,A,2,4,1,NONE—manual fit audit,Manual review required to identify whether manipulation adds a distinct causal insight beyond the existing explanation.,0,1.5,KEEP,Already has at least one A/B engine instance; not a zero-rich closure candidate.
g2l-03-02,2,The Number Line,g2l-show-diff,C,2,4,1,NONE—manual fit audit,Manual review required to identify whether manipulation adds a distinct causal insight beyond the existing explanation.,0,0.5,KEEP,Already has at least one A/B engine instance; not a zero-rich closure candidate.
g2l-03-03,2,The Number Line,g2l-missing-jump,C,2,4,1,NONE—manual fit audit,Manual review required to identify whether manipulation adds a distinct causal insight beyond the existing explanation.,0,0.5,KEEP,Already has at least one A/B engine instance; not a zero-rich closure candidate.
g2l-03-04,2,The Number Line,g2l-story,C,2,4,1,numberLineHop,Learner could manipulate the numberLineHop model and observe a state-dependent consequence before symbolic/retrieval checks.,452,13.24,KEEP,Already has at least one A/B engine instance; not a zero-rich closure candidate.
ns-01-01,6,The Number System,fraction-division-meaning,A,1,5,3,fractionBar,Learner could manipulate the fractionBar model and observe a state-dependent consequence before symbolic/retrieval checks.,101,108.32,KEEP,Already has at least one A/B engine instance; not a zero-rich closure candidate.
ns-01-02,6,The Number System,flip-multiply,C,6,0,3,fractionBar,Learner could manipulate the fractionBar model and observe a state-dependent consequence before symbolic/retrieval checks.,101,36.11,KEEP,Already has at least one A/B engine instance; not a zero-rich closure candidate.
ns-01-03,6,The Number System,fraction-division-context,B,1,5,3,fractionBar,Learner could manipulate the fractionBar model and observe a state-dependent consequence before symbolic/retrieval checks.,101,90.27,KEEP,Already has at least one A/B engine instance; not a zero-rich closure candidate.
ns-02-01,6,The Number System,multi-digit-division,A,6,0,3,NONE—manual fit audit,Manual review required to identify whether manipulation adds a distinct causal insight beyond the existing explanation.,0,5.4,KEEP,Already has at least one A/B engine instance; not a zero-rich closure candidate.
ns-02-02,6,The Number System,decimal-add-sub,C,1,5,3,hundredthsGrid,Learner could manipulate the hundredthsGrid model and observe a state-dependent consequence before symbolic/retrieval checks.,36,28.34,KEEP,Already has at least one A/B engine instance; not a zero-rich closure candidate.
ns-02-03,6,The Number System,decimal-mult-div,C,1,5,3,hundredthsGrid,Learner could manipulate the hundredthsGrid model and observe a state-dependent consequence before symbolic/retrieval checks.,36,28.34,KEEP,Already has at least one A/B engine instance; not a zero-rich closure candidate.
ns-03-01,6,The Number System,gcf,A,1,5,3,algebraTiles,Learner could manipulate the algebraTiles model and observe a state-dependent consequence before symbolic/retrieval checks.,17,68.82,KEEP,Already has at least one A/B engine instance; not a zero-rich closure candidate.
ns-03-02,6,The Number System,lcm,C,1,5,3,algebraTiles,Learner could manipulate the algebraTiles model and observe a state-dependent consequence before symbolic/retrieval checks.,17,22.94,KEEP,Already has at least one A/B engine instance; not a zero-rich closure candidate.
ns-03-03,6,The Number System,distributive-factor,C,1,5,3,algebraTiles,Learner could manipulate the algebraTiles model and observe a state-dependent consequence before symbolic/retrieval checks.,17,22.94,KEEP,Already has at least one A/B engine instance; not a zero-rich closure candidate.
ns-04-01,6,The Number System,negative-numbers,A,1,6,3,numberLineHop,Learner could manipulate the numberLineHop model and observe a state-dependent consequence before symbolic/retrieval checks.,452,142.99,KEEP,Already has at least one A/B engine instance; not a zero-rich closure candidate.
ns-04-02,6,The Number System,compare-negatives,C,0,6,3,numberLineHop,Learner could manipulate the numberLineHop model and observe a state-dependent consequence before symbolic/retrieval checks.,452,47.66,KEEP,Procedural-fluency purpose; preserve independent production unless a manual lesson read finds a conceptual bottleneck.
ns-04-03,6,The Number System,four-quadrants,C,1,5,1,NONE—manual fit audit,Manual review required to identify whether manipulation adds a distinct causal insight beyond the existing explanation.,0,0.6,KEEP,Already has at least one A/B engine instance; not a zero-rich closure candidate.
ns-04b-01,6,The Number System,ordered-pair-signs,A,2,4,1,transformExplore,Learner could manipulate the transformExplore model and observe a state-dependent consequence before symbolic/retrieval checks.,9,18.68,KEEP,Already has at least one A/B engine instance; not a zero-rich closure candidate.
ns-05-01,6,The Number System,absolute-value,A,1,5,1,NONE—manual fit audit,Manual review required to identify whether manipulation adds a distinct causal insight beyond the existing explanation.,0,1.8,KEEP,Already has at least one A/B engine instance; not a zero-rich closure candidate.
ns-05-02,6,The Number System,abs-compare,C,0,6,1,NONE—manual fit audit,Manual review required to identify whether manipulation adds a distinct causal insight beyond the existing explanation.,0,0.6,KEEP,Procedural-fluency purpose; preserve independent production unless a manual lesson read finds a conceptual bottleneck.
ns-05-03,6,The Number System,order-rationals,C,0,6,3,NONE—manual fit audit,Manual review required to identify whether manipulation adds a distinct causal insight beyond the existing explanation.,0,1.8,KEEP,Procedural-fluency purpose; preserve independent production unless a manual lesson read finds a conceptual bottleneck.
kcw-01-01,0,Writing Numbers 0–20,kcw-write-123,A,3,3,1,NONE—manual fit audit,Manual review required to identify whether manipulation adds a distinct causal insight beyond the existing explanation.,0,1.5,KEEP,Already has at least one A/B engine instance; not a zero-rich closure candidate.
kcw-01-02,0,Writing Numbers 0–20,kcw-write-456,C,3,3,1,NONE—manual fit audit,Manual review required to identify whether manipulation adds a distinct causal insight beyond the existing explanation.,0,0.5,KEEP,Already has at least one A/B engine instance; not a zero-rich closure candidate.
kcw-01-03,0,Writing Numbers 0–20,kcw-write-789,C,3,3,1,NONE—manual fit audit,Manual review required to identify whether manipulation adds a distinct causal insight beyond the existing explanation.,0,0.5,KEEP,Already has at least one A/B engine instance; not a zero-rich closure candidate.
kcw-01-04,0,Writing Numbers 0–20,kcw-write-zero-ten,C,3,3,1,NONE—manual fit audit,Manual review required to identify whether manipulation adds a distinct causal insight beyond the existing explanation.,0,0.5,KEEP,Already has at least one A/B engine instance; not a zero-rich closure candidate.
kcw-01-05,0,Writing Numbers 0–20,kcw-match-numeral,C,3,3,1,NONE—manual fit audit,Manual review required to identify whether manipulation adds a distinct causal insight beyond the existing explanation.,0,0.5,KEEP,Already has at least one A/B engine instance; not a zero-rich closure candidate.
kcw-02-01,0,Writing Numbers 0–20,kcw-write-count,A,3,3,1,NONE—manual fit audit,Manual review required to identify whether manipulation adds a distinct causal insight beyond the existing explanation.,0,1.5,KEEP,Already has at least one A/B engine instance; not a zero-rich closure candidate.
kcw-02-02,0,Writing Numbers 0–20,kcw-write-teens,C,4,2,1,NONE—manual fit audit,Manual review required to identify whether manipulation adds a distinct causal insight beyond the existing explanation.,0,0.5,KEEP,Already has at least one A/B engine instance; not a zero-rich closure candidate.
kcw-02-03,0,Writing Numbers 0–20,kcw-write-11-12,C,4,2,1,NONE—manual fit audit,Manual review required to identify whether manipulation adds a distinct causal insight beyond the existing explanation.,0,0.5,KEEP,Already has at least one A/B engine instance; not a zero-rich closure candidate.
kcw-02-04,0,Writing Numbers 0–20,kcw-write-13-19,C,3,3,1,NONE—manual fit audit,Manual review required to identify whether manipulation adds a distinct causal insight beyond the existing explanation.,0,0.5,KEEP,Already has at least one A/B engine instance; not a zero-rich closure candidate.
kcw-02-05,0,Writing Numbers 0–20,kcw-write-20,C,3,3,1,NONE—manual fit audit,Manual review required to identify whether manipulation adds a distinct causal insight beyond the existing explanation.,0,0.5,KEEP,Already has at least one A/B engine instance; not a zero-rich closure candidate.
kcw-03-01,0,Writing Numbers 0–20,kcw-write-count-teens,A,3,3,1,NONE—manual fit audit,Manual review required to identify whether manipulation adds a distinct causal insight beyond the existing explanation.,0,1.5,KEEP,Already has at least one A/B engine instance; not a zero-rich closure candidate.
kcw-03-02,0,Writing Numbers 0–20,kcw-show-amount,C,3,3,1,NONE—manual fit audit,Manual review required to identify whether manipulation adds a distinct causal insight beyond the existing explanation.,0,0.5,KEEP,Already has at least one A/B engine instance; not a zero-rich closure candidate.
kcw-03-03,0,Writing Numbers 0–20,kcw-draw-amount,C,3,3,1,NONE—manual fit audit,Manual review required to identify whether manipulation adds a distinct causal insight beyond the existing explanation.,0,0.5,KEEP,Already has at least one A/B engine instance; not a zero-rich closure candidate.
kcw-03-04,0,Writing Numbers 0–20,kcw-three-forms,C,3,3,1,NONE—manual fit audit,Manual review required to identify whether manipulation adds a distinct causal insight beyond the existing explanation.,0,0.5,KEEP,Already has at least one A/B engine instance; not a zero-rich closure candidate.
pc-01-01,13,Calculus BC: Parametric & Polar,pc-parametric-derivative,A,0,5,3,polarTrace,Learner could manipulate the polarTrace model and observe a state-dependent consequence before symbolic/retrieval checks.,4,48.86,CHANGE,"Zero A/B interaction in an acquisition lesson; existing polarTrace offers a causal model, so reuse should be audited before any new engine."
pc-01-02,13,Calculus BC: Parametric & Polar,pc-arc-length,C,0,5,1,polarTrace,Learner could manipulate the polarTrace model and observe a state-dependent consequence before symbolic/retrieval checks.,4,5.43,KEEP,Procedural-fluency purpose; preserve independent production unless a manual lesson read finds a conceptual bottleneck.
pc-02-01,13,Calculus BC: Parametric & Polar,pc-polar-area,A,1,4,2,areaModel,Learner could manipulate the areaModel model and observe a state-dependent consequence before symbolic/retrieval checks.,100,84.07,KEEP,Already has at least one A/B engine instance; not a zero-rich closure candidate.
pc-03-01,13,Calculus BC: Parametric & Polar,pc-vector-motion,A,1,4,1,vectorExplore,Learner could manipulate the vectorExplore model and observe a state-dependent consequence before symbolic/retrieval checks.,9,21.79,KEEP,Already has at least one A/B engine instance; not a zero-rich closure candidate.
g4p-01-01,4,"Patterns, Factors & Multiples",g4pf-factor-pairs,A,2,4,3,algebraTiles,Learner could manipulate the algebraTiles model and observe a state-dependent consequence before symbolic/retrieval checks.,17,63.08,KEEP,Already has at least one A/B engine instance; not a zero-rich closure candidate.
g4p-01-02,4,"Patterns, Factors & Multiples",g4pf-is-factor,C,2,4,3,algebraTiles,Learner could manipulate the algebraTiles model and observe a state-dependent consequence before symbolic/retrieval checks.,17,21.03,KEEP,Already has at least one A/B engine instance; not a zero-rich closure candidate.
g4p-01-03,4,"Patterns, Factors & Multiples",g4pf-multiples,C,2,4,3,algebraTiles,Learner could manipulate the algebraTiles model and observe a state-dependent consequence before symbolic/retrieval checks.,17,21.03,KEEP,Already has at least one A/B engine instance; not a zero-rich closure candidate.
g4p-01-04,4,"Patterns, Factors & Multiples",g4pf-is-multiple,C,2,4,3,algebraTiles,Learner could manipulate the algebraTiles model and observe a state-dependent consequence before symbolic/retrieval checks.,17,21.03,KEEP,Already has at least one A/B engine instance; not a zero-rich closure candidate.
g4p-02-01,4,"Patterns, Factors & Multiples",g4pf-prime-composite,A,2,4,1,NONE—manual fit audit,Manual review required to identify whether manipulation adds a distinct causal insight beyond the existing explanation.,0,1.65,KEEP,Already has at least one A/B engine instance; not a zero-rich closure candidate.
g4p-02-02,4,"Patterns, Factors & Multiples",g4pf-sieve,C,2,4,1,NONE—manual fit audit,Manual review required to identify whether manipulation adds a distinct causal insight beyond the existing explanation.,0,0.55,KEEP,Already has at least one A/B engine instance; not a zero-rich closure candidate.
g4p-03-01,4,"Patterns, Factors & Multiples",g4pf-number-rule,A,2,4,1,NONE—manual fit audit,Manual review required to identify whether manipulation adds a distinct causal insight beyond the existing explanation.,0,1.65,KEEP,Already has at least one A/B engine instance; not a zero-rich closure candidate.
g4p-03-02,4,"Patterns, Factors & Multiples",g4pf-shape-rule,C,2,4,1,NONE—manual fit audit,Manual review required to identify whether manipulation adds a distinct causal insight beyond the existing explanation.,0,0.55,KEEP,Already has at least one A/B engine instance; not a zero-rich closure candidate.
g4p-03-03,4,"Patterns, Factors & Multiples",g4pf-hidden-feature,C,2,4,1,NONE—manual fit audit,Manual review required to identify whether manipulation adds a distinct causal insight beyond the existing explanation.,0,0.55,KEEP,Already has at least one A/B engine instance; not a zero-rich closure candidate.
g4p-03-04,4,"Patterns, Factors & Multiples",g4pf-extend,C,2,4,1,NONE—manual fit audit,Manual review required to identify whether manipulation adds a distinct causal insight beyond the existing explanation.,0,0.55,KEEP,Already has at least one A/B engine instance; not a zero-rich closure candidate.
pv-01-01,3,Place Value & Big Numbers,place-value,A,2,5,1,NONE—manual fit audit,Manual review required to identify whether manipulation adds a distinct causal insight beyond the existing explanation.,0,1.65,KEEP,Already has at least one A/B engine instance; not a zero-rich closure candidate.
pv-01-02,3,Place Value & Big Numbers,expanded-form,C,0,6,1,NONE—manual fit audit,Manual review required to identify whether manipulation adds a distinct causal insight beyond the existing explanation.,0,0.55,KEEP,Procedural-fluency purpose; preserve independent production unless a manual lesson read finds a conceptual bottleneck.
pv-01-03,3,Place Value & Big Numbers,compare-numbers,C,0,6,1,NONE—manual fit audit,Manual review required to identify whether manipulation adds a distinct causal insight beyond the existing explanation.,0,0.55,KEEP,Procedural-fluency purpose; preserve independent production unless a manual lesson read finds a conceptual bottleneck.
pv-01-04,3,Place Value & Big Numbers,unit-trading,C,1,5,2,NONE—manual fit audit,Manual review required to identify whether manipulation adds a distinct causal insight beyond the existing explanation.,0,1.1,KEEP,Already has at least one A/B engine instance; not a zero-rich closure candidate.
pv-02-01,3,Place Value & Big Numbers,round-10,A,2,5,1,NONE—manual fit audit,Manual review required to identify whether manipulation adds a distinct causal insight beyond the existing explanation.,0,1.65,KEEP,Already has at least one A/B engine instance; not a zero-rich closure candidate.
pv-02-02,3,Place Value & Big Numbers,round-100,C,1,6,1,NONE—manual fit audit,Manual review required to identify whether manipulation adds a distinct causal insight beyond the existing explanation.,0,0.55,KEEP,Already has at least one A/B engine instance; not a zero-rich closure candidate.
pv-02-03,3,Place Value & Big Numbers,round-half,C,3,4,1,NONE—manual fit audit,Manual review required to identify whether manipulation adds a distinct causal insight beyond the existing explanation.,0,0.55,KEEP,Already has at least one A/B engine instance; not a zero-rich closure candidate.
pv-02-04,3,Place Value & Big Numbers,estimation,C,1,6,1,NONE—manual fit audit,Manual review required to identify whether manipulation adds a distinct causal insight beyond the existing explanation.,0,0.55,KEEP,Already has at least one A/B engine instance; not a zero-rich closure candidate.
pv-03-01,3,Place Value & Big Numbers,mental-add,A,1,5,1,NONE—manual fit audit,Manual review required to identify whether manipulation adds a distinct causal insight beyond the existing explanation.,0,1.65,KEEP,Already has at least one A/B engine instance; not a zero-rich closure candidate.
pv-03-02,3,Place Value & Big Numbers,regroup-add,C,3,3,1,NONE—manual fit audit,Manual review required to identify whether manipulation adds a distinct causal insight beyond the existing explanation.,0,0.55,KEEP,Already has at least one A/B engine instance; not a zero-rich closure candidate.
pv-03-03,3,Place Value & Big Numbers,regroup-sub,C,1,5,1,NONE—manual fit audit,Manual review required to identify whether manipulation adds a distinct causal insight beyond the existing explanation.,0,0.55,KEEP,Already has at least one A/B engine instance; not a zero-rich closure candidate.
pv-03-04,3,Place Value & Big Numbers,estimate-check,C,1,5,1,NONE—manual fit audit,Manual review required to identify whether manipulation adds a distinct causal insight beyond the existing explanation.,0,0.55,KEEP,Already has at least one A/B engine instance; not a zero-rich closure candidate.
pv-04-01,3,Place Value & Big Numbers,mult-tens,A,0,6,2,NONE—manual fit audit,Manual review required to identify whether manipulation adds a distinct causal insight beyond the existing explanation.,0,3.3,KEEP,"Potential conceptual gap, but no obvious existing-engine fit from the mechanical scan; requires human necessity audit before any implementation."
pv-04-02,3,Place Value & Big Numbers,zero-pattern,C,0,6,2,NONE—manual fit audit,Manual review required to identify whether manipulation adds a distinct causal insight beyond the existing explanation.,0,1.1,KEEP,Procedural-fluency purpose; preserve independent production unless a manual lesson read finds a conceptual bottleneck.
pv-04-03,3,Place Value & Big Numbers,tens-problems,C,0,6,2,NONE—manual fit audit,Manual review required to identify whether manipulation adds a distinct causal insight beyond the existing explanation.,0,1.1,KEEP,Procedural-fluency purpose; preserve independent production unless a manual lesson read finds a conceptual bottleneck.
pv1000-01-01,2,"Grade 2: Place Value to 1,000",pv1000-digit-worth,A,1,6,1,NONE—manual fit audit,Manual review required to identify whether manipulation adds a distinct causal insight beyond the existing explanation.,0,1.5,KEEP,Already has at least one A/B engine instance; not a zero-rich closure candidate.
pv1000-01-02,2,"Grade 2: Place Value to 1,000",pv1000-trading,C,1,6,1,NONE—manual fit audit,Manual review required to identify whether manipulation adds a distinct causal insight beyond the existing explanation.,0,0.5,KEEP,Already has at least one A/B engine instance; not a zero-rich closure candidate.
pv1000-01-03,2,"Grade 2: Place Value to 1,000",pv1000-mixed,C,1,6,1,NONE—manual fit audit,Manual review required to identify whether manipulation adds a distinct causal insight beyond the existing explanation.,0,0.5,KEEP,Already has at least one A/B engine instance; not a zero-rich closure candidate.
pv1000-02-01,2,"Grade 2: Place Value to 1,000",pv1000-skip-hundreds,A,1,6,1,NONE—manual fit audit,Manual review required to identify whether manipulation adds a distinct causal insight beyond the existing explanation.,0,1.5,KEEP,Already has at least one A/B engine instance; not a zero-rich closure candidate.
pv1000-02-02,2,"Grade 2: Place Value to 1,000",pv1000-skip-fives,C,1,6,1,NONE—manual fit audit,Manual review required to identify whether manipulation adds a distinct causal insight beyond the existing explanation.,0,0.5,KEEP,Already has at least one A/B engine instance; not a zero-rich closure candidate.
pv1000-02-03,2,"Grade 2: Place Value to 1,000",pv1000-count-forward,C,1,6,1,NONE—manual fit audit,Manual review required to identify whether manipulation adds a distinct causal insight beyond the existing explanation.,0,0.5,KEEP,Already has at least one A/B engine instance; not a zero-rich closure candidate.
pv1000-03-01,2,"Grade 2: Place Value to 1,000",pv1000-write-words,A,1,6,1,NONE—manual fit audit,Manual review required to identify whether manipulation adds a distinct causal insight beyond the existing explanation.,0,1.5,KEEP,Already has at least one A/B engine instance; not a zero-rich closure candidate.
pv1000-03-02,2,"Grade 2: Place Value to 1,000",pv1000-compare,C,0,7,1,NONE—manual fit audit,Manual review required to identify whether manipulation adds a distinct causal insight beyond the existing explanation.,0,0.5,KEEP,Procedural-fluency purpose; preserve independent production unless a manual lesson read finds a conceptual bottleneck.
pv1000-03-03,2,"Grade 2: Place Value to 1,000",pv1000-order-mixed,C,0,7,1,NONE—manual fit audit,Manual review required to identify whether manipulation adds a distinct causal insight beyond the existing explanation.,0,0.5,KEEP,Procedural-fluency purpose; preserve independent production unless a manual lesson read finds a conceptual bottleneck.
pv1000-04-01,2,"Grade 2: Place Value to 1,000",pv1000-add-by-place,A,1,6,1,NONE—manual fit audit,Manual review required to identify whether manipulation adds a distinct causal insight beyond the existing explanation.,0,1.5,KEEP,Already has at least one A/B engine instance; not a zero-rich closure candidate.
pv1000-04-02,2,"Grade 2: Place Value to 1,000",pv1000-subtract-by-place,C,1,6,1,NONE—manual fit audit,Manual review required to identify whether manipulation adds a distinct causal insight beyond the existing explanation.,0,0.5,KEEP,Already has at least one A/B engine instance; not a zero-rich closure candidate.
pv1000-04-03,2,"Grade 2: Place Value to 1,000",pv1000-realworld,C,1,6,1,NONE—manual fit audit,Manual review required to identify whether manipulation adds a distinct causal insight beyond the existing explanation.,0,0.5,KEEP,Already has at least one A/B engine instance; not a zero-rich closure candidate.
pv2-01-01,4,Place Value to a Million,place-value-ladder,A,0,6,1,NONE—manual fit audit,Manual review required to identify whether manipulation adds a distinct causal insight beyond the existing explanation.,0,1.65,KEEP,"Potential conceptual gap, but no obvious existing-engine fit from the mechanical scan; requires human necessity audit before any implementation."
pv2-01-02,4,Place Value to a Million,ten-times-relationship,C,0,6,2,clockSet,Learner could manipulate the clockSet model and observe a state-dependent consequence before symbolic/retrieval checks.,40,17.79,KEEP,Procedural-fluency purpose; preserve independent production unless a manual lesson read finds a conceptual bottleneck.
pv2-01-03,4,Place Value to a Million,place-names-to-millions,C,0,6,1,NONE—manual fit audit,Manual review required to identify whether manipulation adds a distinct causal insight beyond the existing explanation.,0,0.55,KEEP,Procedural-fluency purpose; preserve independent production unless a manual lesson read finds a conceptual bottleneck.
pv2-02-01,4,Place Value to a Million,number-forms,A,0,6,1,NONE—manual fit audit,Manual review required to identify whether manipulation adds a distinct causal insight beyond the existing explanation.,0,1.65,KEEP,"Potential conceptual gap, but no obvious existing-engine fit from the mechanical scan; requires human necessity audit before any implementation."
pv2-02-02,4,Place Value to a Million,reading-big-numbers,C,0,6,1,NONE—manual fit audit,Manual review required to identify whether manipulation adds a distinct causal insight beyond the existing explanation.,0,0.55,KEEP,Procedural-fluency purpose; preserve independent production unless a manual lesson read finds a conceptual bottleneck.
pv2-02-03,4,Place Value to a Million,comma-periods,C,0,6,1,NONE—manual fit audit,Manual review required to identify whether manipulation adds a distinct causal insight beyond the existing explanation.,0,0.55,KEEP,Procedural-fluency purpose; preserve independent production unless a manual lesson read finds a conceptual bottleneck.
pv2-03-01,4,Place Value to a Million,round-any-place,A,1,5,1,NONE—manual fit audit,Manual review required to identify whether manipulation adds a distinct causal insight beyond the existing explanation.,0,1.65,KEEP,Already has at least one A/B engine instance; not a zero-rich closure candidate.
pv2-03-02,4,Place Value to a Million,rounding-estimation,C,6,0,1,NONE—manual fit audit,Manual review required to identify whether manipulation adds a distinct causal insight beyond the existing explanation.,0,0.55,KEEP,Already has at least one A/B engine instance; not a zero-rich closure candidate.
pv2-03-03,4,Place Value to a Million,front-end-estimation,C,0,6,1,NONE—manual fit audit,Manual review required to identify whether manipulation adds a distinct causal insight beyond the existing explanation.,0,0.55,KEEP,Procedural-fluency purpose; preserve independent production unless a manual lesson read finds a conceptual bottleneck.
pv2-04-01,4,Place Value to a Million,add-regroup-big,A,1,5,1,NONE—manual fit audit,Manual review required to identify whether manipulation adds a distinct causal insight beyond the existing explanation.,0,1.65,KEEP,Already has at least one A/B engine instance; not a zero-rich closure candidate.
pv2-04-02,4,Place Value to a Million,subtract-regroup-big,C,1,5,1,NONE—manual fit audit,Manual review required to identify whether manipulation adds a distinct causal insight beyond the existing explanation.,0,0.55,KEEP,Already has at least one A/B engine instance; not a zero-rich closure candidate.
pv2-04-03,4,Place Value to a Million,subtract-across-zeros,C,1,5,1,NONE—manual fit audit,Manual review required to identify whether manipulation adds a distinct causal insight beyond the existing explanation.,0,0.55,KEEP,Already has at least one A/B engine instance; not a zero-rich closure candidate.
pv2-05-01,4,Place Value to a Million,compare-big-numbers,A,1,5,1,NONE—manual fit audit,Manual review required to identify whether manipulation adds a distinct causal insight beyond the existing explanation.,0,1.65,KEEP,Already has at least one A/B engine instance; not a zero-rich closure candidate.
pv2-05-02,4,Place Value to a Million,order-big-numbers,C,0,6,1,NONE—manual fit audit,Manual review required to identify whether manipulation adds a distinct causal insight beyond the existing explanation.,0,0.55,KEEP,Procedural-fluency purpose; preserve independent production unless a manual lesson read finds a conceptual bottleneck.
pp-01-01,12,Precalculus: Polar Coordinates & Parametric Curves,pp-polar-system,A,1,4,3,plotPoint,Learner could manipulate the plotPoint model and observe a state-dependent consequence before symbolic/retrieval checks.,66,115.05,KEEP,Already has at least one A/B engine instance; not a zero-rich closure candidate.
pp-01-02,12,Precalculus: Polar Coordinates & Parametric Curves,pp-to-rect,C,0,5,3,triangleConstraintLab,Learner could manipulate the triangleConstraintLab model and observe a state-dependent consequence before symbolic/retrieval checks.,13,24.61,KEEP,Procedural-fluency purpose; preserve independent production unless a manual lesson read finds a conceptual bottleneck.
pp-01-03,12,Precalculus: Polar Coordinates & Parametric Curves,pp-to-polar,C,0,6,3,plotPoint,Learner could manipulate the plotPoint model and observe a state-dependent consequence before symbolic/retrieval checks.,66,38.35,KEEP,Procedural-fluency purpose; preserve independent production unless a manual lesson read finds a conceptual bottleneck.
pp-02-01,12,Precalculus: Polar Coordinates & Parametric Curves,pp-circles,A,1,4,2,circleAngleExplore,Learner could manipulate the circleAngleExplore model and observe a state-dependent consequence before symbolic/retrieval checks.,5,35.37,KEEP,Already has at least one A/B engine instance; not a zero-rich closure candidate.
pp-02-02,12,Precalculus: Polar Coordinates & Parametric Curves,pp-roses,C,1,4,2,NONE—manual fit audit,Manual review required to identify whether manipulation adds a distinct causal insight beyond the existing explanation.,0,1.4,KEEP,Already has at least one A/B engine instance; not a zero-rich closure candidate.
pp-02-03,12,Precalculus: Polar Coordinates & Parametric Curves,pp-limacons,C,1,4,2,NONE—manual fit audit,Manual review required to identify whether manipulation adds a distinct causal insight beyond the existing explanation.,0,1.4,KEEP,Already has at least one A/B engine instance; not a zero-rich closure candidate.
pp-03-01,12,Precalculus: Polar Coordinates & Parametric Curves,pp-polar-form,A,1,4,3,exactNumberLab,Learner could manipulate the exactNumberLab model and observe a state-dependent consequence before symbolic/retrieval checks.,351,106.64,KEEP,Already has at least one A/B engine instance; not a zero-rich closure candidate.
pp-03-02,12,Precalculus: Polar Coordinates & Parametric Curves,pp-de-moivre,C,1,4,3,exactNumberLab,Learner could manipulate the exactNumberLab model and observe a state-dependent consequence before symbolic/retrieval checks.,351,35.55,KEEP,Already has at least one A/B engine instance; not a zero-rich closure candidate.
pp-03-03,12,Precalculus: Polar Coordinates & Parametric Curves,pp-nth-roots,C,1,4,3,exactNumberLab,Learner could manipulate the exactNumberLab model and observe a state-dependent consequence before symbolic/retrieval checks.,351,35.55,KEEP,Already has at least one A/B engine instance; not a zero-rich closure candidate.
pp-04-01,12,Precalculus: Polar Coordinates & Parametric Curves,pp-parametric,A,0,5,3,polarTrace,Learner could manipulate the polarTrace model and observe a state-dependent consequence before symbolic/retrieval checks.,4,48.86,CHANGE,"Zero A/B interaction in an acquisition lesson; existing polarTrace offers a causal model, so reuse should be audited before any new engine."
pp-04-02,12,Precalculus: Polar Coordinates & Parametric Curves,pp-eliminate,C,0,5,3,polarTrace,Learner could manipulate the polarTrace model and observe a state-dependent consequence before symbolic/retrieval checks.,4,16.29,KEEP,Procedural-fluency purpose; preserve independent production unless a manual lesson read finds a conceptual bottleneck.
pp-04-03,12,Precalculus: Polar Coordinates & Parametric Curves,pp-parametrize,C,0,5,3,polarTrace,Learner could manipulate the polarTrace model and observe a state-dependent consequence before symbolic/retrieval checks.,4,16.29,KEEP,Procedural-fluency purpose; preserve independent production unless a manual lesson read finds a conceptual bottleneck.
pp-05-01,12,Precalculus: Polar Coordinates & Parametric Curves,pp-projectile,A,0,5,1,polarTrace,Learner could manipulate the polarTrace model and observe a state-dependent consequence before symbolic/retrieval checks.,4,16.29,CHANGE,"Zero A/B interaction in an acquisition lesson; existing polarTrace offers a causal model, so reuse should be audited before any new engine."
pp-05-02,12,Precalculus: Polar Coordinates & Parametric Curves,pp-trajectory,C,0,5,3,polarTrace,Learner could manipulate the polarTrace model and observe a state-dependent consequence before symbolic/retrieval checks.,4,16.29,KEEP,Procedural-fluency purpose; preserve independent production unless a manual lesson read finds a conceptual bottleneck.
pp-05-03,12,Precalculus: Polar Coordinates & Parametric Curves,pp-parabolic-path,C,0,5,2,polarTrace,Learner could manipulate the polarTrace model and observe a state-dependent consequence before symbolic/retrieval checks.,4,10.86,KEEP,Procedural-fluency purpose; preserve independent production unless a manual lesson read finds a conceptual bottleneck.
pq-01-01,10,Polygons & Quadrilaterals,pq-interior-sum,A,0,6,2,NONE—manual fit audit,Manual review required to identify whether manipulation adds a distinct causal insight beyond the existing explanation.,0,4.2,KEEP,"Potential conceptual gap, but no obvious existing-engine fit from the mechanical scan; requires human necessity audit before any implementation."
pq-01-02,10,Polygons & Quadrilaterals,pq-exterior-sum,C,1,5,2,NONE—manual fit audit,Manual review required to identify whether manipulation adds a distinct causal insight beyond the existing explanation.,0,1.4,KEEP,Already has at least one A/B engine instance; not a zero-rich closure candidate.
pq-01-03,10,Polygons & Quadrilaterals,pq-regular-angles,C,0,6,2,NONE—manual fit audit,Manual review required to identify whether manipulation adds a distinct causal insight beyond the existing explanation.,0,1.4,KEEP,Procedural-fluency purpose; preserve independent production unless a manual lesson read finds a conceptual bottleneck.
pq-02-01,10,Polygons & Quadrilaterals,pq-para-sides,A,1,5,1,NONE—manual fit audit,Manual review required to identify whether manipulation adds a distinct causal insight beyond the existing explanation.,0,2.1,KEEP,Already has at least one A/B engine instance; not a zero-rich closure candidate.
pq-02-02,10,Polygons & Quadrilaterals,pq-para-angles,C,0,6,2,NONE—manual fit audit,Manual review required to identify whether manipulation adds a distinct causal insight beyond the existing explanation.,0,1.4,KEEP,Procedural-fluency purpose; preserve independent production unless a manual lesson read finds a conceptual bottleneck.
pq-02-03,10,Polygons & Quadrilaterals,pq-para-diagonals,C,1,5,1,NONE—manual fit audit,Manual review required to identify whether manipulation adds a distinct causal insight beyond the existing explanation.,0,0.7,KEEP,Already has at least one A/B engine instance; not a zero-rich closure candidate.
pq-03-01,10,Polygons & Quadrilaterals,pq-rectangle,A,1,5,2,NONE—manual fit audit,Manual review required to identify whether manipulation adds a distinct causal insight beyond the existing explanation.,0,4.2,KEEP,Already has at least one A/B engine instance; not a zero-rich closure candidate.
pq-03-02,10,Polygons & Quadrilaterals,pq-rhombus,C,1,5,2,NONE—manual fit audit,Manual review required to identify whether manipulation adds a distinct causal insight beyond the existing explanation.,0,1.4,KEEP,Already has at least one A/B engine instance; not a zero-rich closure candidate.
pq-03-03,10,Polygons & Quadrilaterals,pq-square,C,1,5,2,NONE—manual fit audit,Manual review required to identify whether manipulation adds a distinct causal insight beyond the existing explanation.,0,1.4,KEEP,Already has at least one A/B engine instance; not a zero-rich closure candidate.
pq-04-01,10,Polygons & Quadrilaterals,pq-trapezoid,A,1,5,1,NONE—manual fit audit,Manual review required to identify whether manipulation adds a distinct causal insight beyond the existing explanation.,0,2.1,KEEP,Already has at least one A/B engine instance; not a zero-rich closure candidate.
pq-04-02,10,Polygons & Quadrilaterals,pq-midsegment,C,1,5,1,NONE—manual fit audit,Manual review required to identify whether manipulation adds a distinct causal insight beyond the existing explanation.,0,0.7,KEEP,Already has at least one A/B engine instance; not a zero-rich closure candidate.
pq-04-03,10,Polygons & Quadrilaterals,pq-kite,C,1,5,1,NONE—manual fit audit,Manual review required to identify whether manipulation adds a distinct causal insight beyond the existing explanation.,0,0.7,KEEP,Already has at least one A/B engine instance; not a zero-rich closure candidate.
pq-05-01,10,Polygons & Quadrilaterals,pq-para-tests,A,1,5,1,NONE—manual fit audit,Manual review required to identify whether manipulation adds a distinct causal insight beyond the existing explanation.,0,2.1,KEEP,Already has at least one A/B engine instance; not a zero-rich closure candidate.
pq-05-02,10,Polygons & Quadrilaterals,pq-hierarchy,C,1,5,2,NONE—manual fit audit,Manual review required to identify whether manipulation adds a distinct causal insight beyond the existing explanation.,0,1.4,KEEP,Already has at least one A/B engine instance; not a zero-rich closure candidate.
pq-05-03,10,Polygons & Quadrilaterals,pq-capstone,C,1,5,1,NONE—manual fit audit,Manual review required to identify whether manipulation adds a distinct causal insight beyond the existing explanation.,0,0.7,KEEP,Already has at least one A/B engine instance; not a zero-rich closure candidate.
pf-01-01,11,Algebra 2: Polynomial Functions,pf-anatomy,A,1,5,3,algebraTiles,Learner could manipulate the algebraTiles model and observe a state-dependent consequence before symbolic/retrieval checks.,17,80.29,KEEP,Already has at least one A/B engine instance; not a zero-rich closure candidate.
pf-01-02,11,Algebra 2: Polynomial Functions,pf-end-behavior,C,1,5,1,NONE—manual fit audit,Manual review required to identify whether manipulation adds a distinct causal insight beyond the existing explanation.,0,0.7,KEEP,Already has at least one A/B engine instance; not a zero-rich closure candidate.
pf-01-03,11,Algebra 2: Polynomial Functions,pf-leading-term,C,1,5,1,NONE—manual fit audit,Manual review required to identify whether manipulation adds a distinct causal insight beyond the existing explanation.,0,0.7,KEEP,Already has at least one A/B engine instance; not a zero-rich closure candidate.
pf-02-01,11,Algebra 2: Polynomial Functions,pf-zeros,A,1,5,3,algebraTiles,Learner could manipulate the algebraTiles model and observe a state-dependent consequence before symbolic/retrieval checks.,17,80.29,KEEP,Already has at least one A/B engine instance; not a zero-rich closure candidate.
pf-02-02,11,Algebra 2: Polynomial Functions,pf-multiplicity,C,1,5,3,algebraTiles,Learner could manipulate the algebraTiles model and observe a state-dependent consequence before symbolic/retrieval checks.,17,26.76,KEEP,Already has at least one A/B engine instance; not a zero-rich closure candidate.
pf-02-03,11,Algebra 2: Polynomial Functions,pf-factor-thm,C,1,5,3,algebraTiles,Learner could manipulate the algebraTiles model and observe a state-dependent consequence before symbolic/retrieval checks.,17,26.76,KEEP,Already has at least one A/B engine instance; not a zero-rich closure candidate.
pf-03-01,11,Algebra 2: Polynomial Functions,pf-long-div,A,0,6,3,algebraTiles,Learner could manipulate the algebraTiles model and observe a state-dependent consequence before symbolic/retrieval checks.,17,80.29,CHANGE,"Zero A/B interaction in an acquisition lesson; existing algebraTiles offers a causal model, so reuse should be audited before any new engine."
pf-03-02,11,Algebra 2: Polynomial Functions,pf-synthetic,C,0,6,3,algebraTiles,Learner could manipulate the algebraTiles model and observe a state-dependent consequence before symbolic/retrieval checks.,17,26.76,KEEP,Procedural-fluency purpose; preserve independent production unless a manual lesson read finds a conceptual bottleneck.
pf-03-03,11,Algebra 2: Polynomial Functions,pf-div-theorems,C,1,5,3,algebraTiles,Learner could manipulate the algebraTiles model and observe a state-dependent consequence before symbolic/retrieval checks.,17,26.76,KEEP,Already has at least one A/B engine instance; not a zero-rich closure candidate.
pf-04-01,11,Algebra 2: Polynomial Functions,pf-quad-form,A,0,6,3,algebraTiles,Learner could manipulate the algebraTiles model and observe a state-dependent consequence before symbolic/retrieval checks.,17,80.29,CHANGE,"Zero A/B interaction in an acquisition lesson; existing algebraTiles offers a causal model, so reuse should be audited before any new engine."
pf-04-02,11,Algebra 2: Polynomial Functions,pf-grouping,C,0,6,3,algebraTiles,Learner could manipulate the algebraTiles model and observe a state-dependent consequence before symbolic/retrieval checks.,17,26.76,KEEP,Procedural-fluency purpose; preserve independent production unless a manual lesson read finds a conceptual bottleneck.
pf-04-03,11,Algebra 2: Polynomial Functions,pf-cubes,C,0,6,3,algebraTiles,Learner could manipulate the algebraTiles model and observe a state-dependent consequence before symbolic/retrieval checks.,17,26.76,KEEP,Procedural-fluency purpose; preserve independent production unless a manual lesson read finds a conceptual bottleneck.
pf-05-01,11,Algebra 2: Polynomial Functions,pf-sketch,A,1,5,3,algebraTiles,Learner could manipulate the algebraTiles model and observe a state-dependent consequence before symbolic/retrieval checks.,17,80.29,KEEP,Already has at least one A/B engine instance; not a zero-rich closure candidate.
pf-05-02,11,Algebra 2: Polynomial Functions,pf-turning,C,0,6,2,NONE—manual fit audit,Manual review required to identify whether manipulation adds a distinct causal insight beyond the existing explanation.,0,1.4,KEEP,Procedural-fluency purpose; preserve independent production unless a manual lesson read finds a conceptual bottleneck.
pf-05-03,11,Algebra 2: Polynomial Functions,pf-build,B,0,6,3,algebraTiles,Learner could manipulate the algebraTiles model and observe a state-dependent consequence before symbolic/retrieval checks.,17,66.9,CHANGE,"Zero A/B interaction in an transfer lesson; existing algebraTiles offers a causal model, so reuse should be audited before any new engine."
pra-01-01,12,Precalculus: Polynomial & Rational Analysis,pra-rrt-list,A,0,5,3,NONE—manual fit audit,Manual review required to identify whether manipulation adds a distinct causal insight beyond the existing explanation.,0,6.3,KEEP,"Potential conceptual gap, but no obvious existing-engine fit from the mechanical scan; requires human necessity audit before any implementation."
pra-01-02,12,Precalculus: Polynomial & Rational Analysis,pra-rrt-test,C,0,5,3,NONE—manual fit audit,Manual review required to identify whether manipulation adds a distinct causal insight beyond the existing explanation.,0,2.1,KEEP,Procedural-fluency purpose; preserve independent production unless a manual lesson read finds a conceptual bottleneck.
pra-01-03,12,Precalculus: Polynomial & Rational Analysis,pra-rrt-pipeline,E,0,5,3,NONE—manual fit audit,Manual review required to identify whether manipulation adds a distinct causal insight beyond the existing explanation.,0,1.05,REFUSE,Retrieval/assessment purpose: adding a manipulative merely to raise interaction density would weaken independent evidence.
pra-02-01,12,Precalculus: Polynomial & Rational Analysis,pra-fta-count,A,0,5,1,NONE—manual fit audit,Manual review required to identify whether manipulation adds a distinct causal insight beyond the existing explanation.,0,2.1,KEEP,"Potential conceptual gap, but no obvious existing-engine fit from the mechanical scan; requires human necessity audit before any implementation."
pra-02-02,12,Precalculus: Polynomial & Rational Analysis,pra-conjugate,C,0,5,1,NONE—manual fit audit,Manual review required to identify whether manipulation adds a distinct causal insight beyond the existing explanation.,0,0.7,KEEP,Procedural-fluency purpose; preserve independent production unless a manual lesson read finds a conceptual bottleneck.
pra-02-03,12,Precalculus: Polynomial & Rational Analysis,pra-build-mixed,C,0,5,3,algebraTiles,Learner could manipulate the algebraTiles model and observe a state-dependent consequence before symbolic/retrieval checks.,17,26.76,KEEP,Procedural-fluency purpose; preserve independent production unless a manual lesson read finds a conceptual bottleneck.
pra-03-01,12,Precalculus: Polynomial & Rational Analysis,pra-slant-when,A,1,4,1,NONE—manual fit audit,Manual review required to identify whether manipulation adds a distinct causal insight beyond the existing explanation.,0,2.1,KEEP,Already has at least one A/B engine instance; not a zero-rich closure candidate.
pra-03-02,12,Precalculus: Polynomial & Rational Analysis,pra-slant-find,C,0,5,2,NONE—manual fit audit,Manual review required to identify whether manipulation adds a distinct causal insight beyond the existing explanation.,0,1.4,KEEP,Procedural-fluency purpose; preserve independent production unless a manual lesson read finds a conceptual bottleneck.
pra-03-03,12,Precalculus: Polynomial & Rational Analysis,pra-portrait,C,1,4,1,NONE—manual fit audit,Manual review required to identify whether manipulation adds a distinct causal insight beyond the existing explanation.,0,0.7,KEEP,Already has at least one A/B engine instance; not a zero-rich closure candidate.
pra-04-01,12,Precalculus: Polynomial & Rational Analysis,pra-signchart,A,1,4,3,numberLineRay,Learner could manipulate the numberLineRay model and observe a state-dependent consequence before symbolic/retrieval checks.,3,43.88,KEEP,Already has at least one A/B engine instance; not a zero-rich closure candidate.
pra-04-02,12,Precalculus: Polynomial & Rational Analysis,pra-mult-shortcut,C,1,4,3,numberLineRay,Learner could manipulate the numberLineRay model and observe a state-dependent consequence before symbolic/retrieval checks.,3,14.63,KEEP,Already has at least one A/B engine instance; not a zero-rich closure candidate.
pra-04-03,12,Precalculus: Polynomial & Rational Analysis,pra-ineq-scratch,A,0,5,3,numberLineRay,Learner could manipulate the numberLineRay model and observe a state-dependent consequence before symbolic/retrieval checks.,3,43.88,CHANGE,"Zero A/B interaction in an acquisition lesson; existing numberLineRay offers a causal model, so reuse should be audited before any new engine."
pra-05-01,12,Precalculus: Polynomial & Rational Analysis,pra-rational-cuts,A,1,4,3,numberLineRay,Learner could manipulate the numberLineRay model and observe a state-dependent consequence before symbolic/retrieval checks.,3,43.88,KEEP,Already has at least one A/B engine instance; not a zero-rich closure candidate.
pra-05-02,12,Precalculus: Polynomial & Rational Analysis,pra-boundary-rule,C,0,5,3,numberLineRay,Learner could manipulate the numberLineRay model and observe a state-dependent consequence before symbolic/retrieval checks.,3,14.63,KEEP,Procedural-fluency purpose; preserve independent production unless a manual lesson read finds a conceptual bottleneck.
pra-05-03,12,Precalculus: Polynomial & Rational Analysis,pra-rearrange,C,0,5,3,numberLineRay,Learner could manipulate the numberLineRay model and observe a state-dependent consequence before symbolic/retrieval checks.,3,14.63,KEEP,Procedural-fluency purpose; preserve independent production unless a manual lesson read finds a conceptual bottleneck.
g1p-01-01,1,Strategies That Always Work,g1p-commutative,A,2,4,2,NONE—manual fit audit,Manual review required to identify whether manipulation adds a distinct causal insight beyond the existing explanation.,0,3.0,KEEP,Already has at least one A/B engine instance; not a zero-rich closure candidate.
g1p-01-02,1,Strategies That Always Work,g1p-why-commutative,A,2,4,2,NONE—manual fit audit,Manual review required to identify whether manipulation adds a distinct causal insight beyond the existing explanation.,0,3.0,KEEP,Already has at least one A/B engine instance; not a zero-rich closure candidate.
g1p-01-03,1,Strategies That Always Work,g1p-count-on-bigger,C,2,4,2,NONE—manual fit audit,Manual review required to identify whether manipulation adds a distinct causal insight beyond the existing explanation.,0,1.0,KEEP,Already has at least one A/B engine instance; not a zero-rich closure candidate.
g1p-01-04,1,Strategies That Always Work,g1p-count-on-3,C,2,4,2,NONE—manual fit audit,Manual review required to identify whether manipulation adds a distinct causal insight beyond the existing explanation.,0,1.0,KEEP,Already has at least one A/B engine instance; not a zero-rich closure candidate.
g1p-01-05,1,Strategies That Always Work,g1p-count-back,C,2,4,2,NONE—manual fit audit,Manual review required to identify whether manipulation adds a distinct causal insight beyond the existing explanation.,0,1.0,KEEP,Already has at least one A/B engine instance; not a zero-rich closure candidate.
g1p-02-01,1,Strategies That Always Work,g1p-doubles,A,2,4,1,NONE—manual fit audit,Manual review required to identify whether manipulation adds a distinct causal insight beyond the existing explanation.,0,1.5,KEEP,Already has at least one A/B engine instance; not a zero-rich closure candidate.
g1p-02-02,1,Strategies That Always Work,g1p-doubles-plus,C,2,4,1,NONE—manual fit audit,Manual review required to identify whether manipulation adds a distinct causal insight beyond the existing explanation.,0,0.5,KEEP,Already has at least one A/B engine instance; not a zero-rich closure candidate.
g1p-02-03,1,Strategies That Always Work,g1p-doubles-minus,C,2,4,1,NONE—manual fit audit,Manual review required to identify whether manipulation adds a distinct causal insight beyond the existing explanation.,0,0.5,KEEP,Already has at least one A/B engine instance; not a zero-rich closure candidate.
g1p-02-04,1,Strategies That Always Work,g1p-make-ten-add,C,2,4,1,NONE—manual fit audit,Manual review required to identify whether manipulation adds a distinct causal insight beyond the existing explanation.,0,0.5,KEEP,Already has at least one A/B engine instance; not a zero-rich closure candidate.
g1p-02-05,1,Strategies That Always Work,g1p-make-ten-sub,C,2,4,1,NONE—manual fit audit,Manual review required to identify whether manipulation adds a distinct causal insight beyond the existing explanation.,0,0.5,KEEP,Already has at least one A/B engine instance; not a zero-rich closure candidate.
g1p-03-01,1,Strategies That Always Work,g1p-known-fact,A,2,4,1,NONE—manual fit audit,Manual review required to identify whether manipulation adds a distinct causal insight beyond the existing explanation.,0,1.5,KEEP,Already has at least one A/B engine instance; not a zero-rich closure candidate.
g1p-03-02,1,Strategies That Always Work,g1p-equivalent-sums,B,2,4,1,NONE—manual fit audit,Manual review required to identify whether manipulation adds a distinct causal insight beyond the existing explanation.,0,1.25,KEEP,Already has at least one A/B engine instance; not a zero-rich closure candidate.
g1p-03-03,1,Strategies That Always Work,g1p-choose-strategy,B,2,4,2,NONE—manual fit audit,Manual review required to identify whether manipulation adds a distinct causal insight beyond the existing explanation.,0,2.5,KEEP,Already has at least one A/B engine instance; not a zero-rich closure candidate.
g1p-03-04,1,Strategies That Always Work,g1p-explain,B,2,4,2,NONE—manual fit audit,Manual review required to identify whether manipulation adds a distinct causal insight beyond the existing explanation.,0,2.5,KEEP,Already has at least one A/B engine instance; not a zero-rich closure candidate.
pr-01-01,7,Grade 7: Proportional Relationships,pr-unit-rate-fraction,A,1,6,3,fractionBar,Learner could manipulate the fractionBar model and observe a state-dependent consequence before symbolic/retrieval checks.,101,108.32,KEEP,Already has at least one A/B engine instance; not a zero-rich closure candidate.
pr-01-02,7,Grade 7: Proportional Relationships,pr-unit-rate-context,C,1,6,3,fractionBar,Learner could manipulate the fractionBar model and observe a state-dependent consequence before symbolic/retrieval checks.,101,36.11,KEEP,Already has at least one A/B engine instance; not a zero-rich closure candidate.
pr-01-03,7,Grade 7: Proportional Relationships,pr-unit-rate-mixed,C,2,5,3,fractionBar,Learner could manipulate the fractionBar model and observe a state-dependent consequence before symbolic/retrieval checks.,101,36.11,KEEP,Already has at least one A/B engine instance; not a zero-rich closure candidate.
pr-02-01,7,Grade 7: Proportional Relationships,pr-test-proportional,A,7,0,3,proportionalReasoningLab,Learner could manipulate the proportionalReasoningLab model and observe a state-dependent consequence before symbolic/retrieval checks.,42,88.44,KEEP,Already has at least one A/B engine instance; not a zero-rich closure candidate.
pr-02-02,7,Grade 7: Proportional Relationships,pr-constant-k,C,5,2,3,proportionalReasoningLab,Learner could manipulate the proportionalReasoningLab model and observe a state-dependent consequence before symbolic/retrieval checks.,42,29.48,KEEP,Already has at least one A/B engine instance; not a zero-rich closure candidate.
pr-02-03,7,Grade 7: Proportional Relationships,pr-apply-proportional,C,7,0,3,proportionalReasoningLab,Learner could manipulate the proportionalReasoningLab model and observe a state-dependent consequence before symbolic/retrieval checks.,42,29.48,KEEP,Already has at least one A/B engine instance; not a zero-rich closure candidate.
pr-03-01,7,Grade 7: Proportional Relationships,pr-plot-line,A,7,0,3,proportionalReasoningLab,Learner could manipulate the proportionalReasoningLab model and observe a state-dependent consequence before symbolic/retrieval checks.,42,88.44,KEEP,Already has at least one A/B engine instance; not a zero-rich closure candidate.
pr-03-02,7,Grade 7: Proportional Relationships,pr-unit-rate-point,C,3,4,3,proportionalReasoningLab,Learner could manipulate the proportionalReasoningLab model and observe a state-dependent consequence before symbolic/retrieval checks.,42,29.48,KEEP,Already has at least one A/B engine instance; not a zero-rich closure candidate.
pr-03-03,7,Grade 7: Proportional Relationships,pr-story-point,C,2,5,3,proportionalReasoningLab,Learner could manipulate the proportionalReasoningLab model and observe a state-dependent consequence before symbolic/retrieval checks.,42,29.48,KEEP,Already has at least one A/B engine instance; not a zero-rich closure candidate.
pr-03b-01,7,Grade 7: Proportional Relationships,equation-y-kx,A,2,4,3,solveBalance,Learner could manipulate the solveBalance model and observe a state-dependent consequence before symbolic/retrieval checks.,20,72.24,KEEP,Already has at least one A/B engine instance; not a zero-rich closure candidate.
pr-04-01,7,Grade 7: Proportional Relationships,pr-add-percent,A,1,6,3,proportionalReasoningLab,Learner could manipulate the proportionalReasoningLab model and observe a state-dependent consequence before symbolic/retrieval checks.,42,88.44,KEEP,Already has at least one A/B engine instance; not a zero-rich closure candidate.
pr-04-02,7,Grade 7: Proportional Relationships,pr-markup,C,7,0,3,proportionalReasoningLab,Learner could manipulate the proportionalReasoningLab model and observe a state-dependent consequence before symbolic/retrieval checks.,42,29.48,KEEP,Already has at least one A/B engine instance; not a zero-rich closure candidate.
pr-04-03,7,Grade 7: Proportional Relationships,pr-percent-change,C,1,6,3,proportionalReasoningLab,Learner could manipulate the proportionalReasoningLab model and observe a state-dependent consequence before symbolic/retrieval checks.,42,29.48,KEEP,Already has at least one A/B engine instance; not a zero-rich closure candidate.
pr-04b-01,7,Grade 7: Proportional Relationships,simple-interest,A,2,4,1,NONE—manual fit audit,Manual review required to identify whether manipulation adds a distinct causal insight beyond the existing explanation.,0,1.8,KEEP,Already has at least one A/B engine instance; not a zero-rich closure candidate.
pr-04b-02,7,Grade 7: Proportional Relationships,commission-fees,C,2,4,1,NONE—manual fit audit,Manual review required to identify whether manipulation adds a distinct causal insight beyond the existing explanation.,0,0.6,KEEP,Already has at least one A/B engine instance; not a zero-rich closure candidate.
pr-04b-03,7,Grade 7: Proportional Relationships,percent-error,C,2,4,3,proportionalReasoningLab,Learner could manipulate the proportionalReasoningLab model and observe a state-dependent consequence before symbolic/retrieval checks.,42,29.48,KEEP,Already has at least one A/B engine instance; not a zero-rich closure candidate.
qu-01-01,9,Algebra 1: Quadratic Functions,quad-vertex-form,A,1,6,2,NONE—manual fit audit,Manual review required to identify whether manipulation adds a distinct causal insight beyond the existing explanation.,0,4.2,KEEP,Already has at least one A/B engine instance; not a zero-rich closure candidate.
qu-01-02,9,Algebra 1: Quadratic Functions,quad-standard-axis,B,1,6,2,NONE—manual fit audit,Manual review required to identify whether manipulation adds a distinct causal insight beyond the existing explanation.,0,3.5,KEEP,Already has at least one A/B engine instance; not a zero-rich closure candidate.
qu-01-03,9,Algebra 1: Quadratic Functions,quad-transform,B,1,7,3,transformExplore,Learner could manipulate the transformExplore model and observe a state-dependent consequence before symbolic/retrieval checks.,9,54.49,KEEP,Already has at least one A/B engine instance; not a zero-rich closure candidate.
qu-02-01,9,Algebra 1: Quadratic Functions,quad-zero-product,A,1,6,3,algebraTiles,Learner could manipulate the algebraTiles model and observe a state-dependent consequence before symbolic/retrieval checks.,17,80.29,KEEP,Already has at least one A/B engine instance; not a zero-rich closure candidate.
qu-02-02,9,Algebra 1: Quadratic Functions,quad-factor-solve,C,1,6,3,solveBalance,Learner could manipulate the solveBalance model and observe a state-dependent consequence before symbolic/retrieval checks.,20,28.09,KEEP,Already has at least one A/B engine instance; not a zero-rich closure candidate.
qu-02-03,9,Algebra 1: Quadratic Functions,quad-diff-squares-solve,C,1,6,3,solveBalance,Learner could manipulate the solveBalance model and observe a state-dependent consequence before symbolic/retrieval checks.,20,28.09,KEEP,Already has at least one A/B engine instance; not a zero-rich closure candidate.
qu-03-01,9,Algebra 1: Quadratic Functions,quad-square-root,A,1,6,3,quadraticExplore,Learner could manipulate the quadraticExplore model and observe a state-dependent consequence before symbolic/retrieval checks.,25,89.87,KEEP,Already has at least one A/B engine instance; not a zero-rich closure candidate.
qu-03-02,9,Algebra 1: Quadratic Functions,quad-formula,C,1,6,3,quadraticExplore,Learner could manipulate the quadraticExplore model and observe a state-dependent consequence before symbolic/retrieval checks.,25,29.96,KEEP,Already has at least one A/B engine instance; not a zero-rich closure candidate.
qu-03-03,9,Algebra 1: Quadratic Functions,quad-discriminant,C,1,6,3,quadraticExplore,Learner could manipulate the quadraticExplore model and observe a state-dependent consequence before symbolic/retrieval checks.,25,29.96,KEEP,Already has at least one A/B engine instance; not a zero-rich closure candidate.
qu-04-01,9,Algebra 1: Quadratic Functions,quad-projectile,A,1,6,1,NONE—manual fit audit,Manual review required to identify whether manipulation adds a distinct causal insight beyond the existing explanation.,0,2.1,KEEP,Already has at least one A/B engine instance; not a zero-rich closure candidate.
qu-04-02,9,Algebra 1: Quadratic Functions,quad-area,B,1,6,2,areaModel,Learner could manipulate the areaModel model and observe a state-dependent consequence before symbolic/retrieval checks.,100,70.06,KEEP,Already has at least one A/B engine instance; not a zero-rich closure candidate.
qu-04-03,9,Algebra 1: Quadratic Functions,quad-apply-choose,B,1,6,1,NONE—manual fit audit,Manual review required to identify whether manipulation adds a distinct causal insight beyond the existing explanation.,0,1.75,KEEP,Already has at least one A/B engine instance; not a zero-rich closure candidate.
re-01-01,11,Algebra 2: Radical Functions & Equations,re-convert,A,0,6,3,exactNumberLab,Learner could manipulate the exactNumberLab model and observe a state-dependent consequence before symbolic/retrieval checks.,351,106.64,KEEP,"Potential conceptual gap, but no obvious existing-engine fit from the mechanical scan; requires human necessity audit before any implementation."
re-01-02,11,Algebra 2: Radical Functions & Equations,re-rules,C,0,6,3,solveBalance,Learner could manipulate the solveBalance model and observe a state-dependent consequence before symbolic/retrieval checks.,20,28.09,KEEP,Procedural-fluency purpose; preserve independent production unless a manual lesson read finds a conceptual bottleneck.
re-01-03,11,Algebra 2: Radical Functions & Equations,re-var-radicals,C,0,6,3,exactNumberLab,Learner could manipulate the exactNumberLab model and observe a state-dependent consequence before symbolic/retrieval checks.,351,35.55,KEEP,Procedural-fluency purpose; preserve independent production unless a manual lesson read finds a conceptual bottleneck.
re-02-01,11,Algebra 2: Radical Functions & Equations,re-rationalize,A,0,6,3,exactNumberLab,Learner could manipulate the exactNumberLab model and observe a state-dependent consequence before symbolic/retrieval checks.,351,106.64,KEEP,"Potential conceptual gap, but no obvious existing-engine fit from the mechanical scan; requires human necessity audit before any implementation."
re-02-02,11,Algebra 2: Radical Functions & Equations,re-products,C,0,6,3,exactNumberLab,Learner could manipulate the exactNumberLab model and observe a state-dependent consequence before symbolic/retrieval checks.,351,35.55,KEEP,Procedural-fluency purpose; preserve independent production unless a manual lesson read finds a conceptual bottleneck.
re-02-03,11,Algebra 2: Radical Functions & Equations,re-conjugates,C,0,6,3,exactNumberLab,Learner could manipulate the exactNumberLab model and observe a state-dependent consequence before symbolic/retrieval checks.,351,35.55,KEEP,Procedural-fluency purpose; preserve independent production unless a manual lesson read finds a conceptual bottleneck.
re-03-01,11,Algebra 2: Radical Functions & Equations,re-sqrt-fn,A,0,6,3,exactNumberLab,Learner could manipulate the exactNumberLab model and observe a state-dependent consequence before symbolic/retrieval checks.,351,106.64,KEEP,"Potential conceptual gap, but no obvious existing-engine fit from the mechanical scan; requires human necessity audit before any implementation."
re-03-02,11,Algebra 2: Radical Functions & Equations,re-domains,C,1,5,3,exactNumberLab,Learner could manipulate the exactNumberLab model and observe a state-dependent consequence before symbolic/retrieval checks.,351,35.55,KEEP,Already has at least one A/B engine instance; not a zero-rich closure candidate.
re-03-03,11,Algebra 2: Radical Functions & Equations,re-transform,C,0,6,3,exactNumberLab,Learner could manipulate the exactNumberLab model and observe a state-dependent consequence before symbolic/retrieval checks.,351,35.55,KEEP,Procedural-fluency purpose; preserve independent production unless a manual lesson read finds a conceptual bottleneck.
re-04-01,11,Algebra 2: Radical Functions & Equations,re-solve,A,1,5,3,exactNumberLab,Learner could manipulate the exactNumberLab model and observe a state-dependent consequence before symbolic/retrieval checks.,351,106.64,KEEP,Already has at least one A/B engine instance; not a zero-rich closure candidate.
re-04-02,11,Algebra 2: Radical Functions & Equations,re-extraneous,C,1,5,3,exactNumberLab,Learner could manipulate the exactNumberLab model and observe a state-dependent consequence before symbolic/retrieval checks.,351,35.55,KEEP,Already has at least one A/B engine instance; not a zero-rich closure candidate.
re-04-03,11,Algebra 2: Radical Functions & Equations,re-both-sides,C,0,6,3,exactNumberLab,Learner could manipulate the exactNumberLab model and observe a state-dependent consequence before symbolic/retrieval checks.,351,35.55,KEEP,Procedural-fluency purpose; preserve independent production unless a manual lesson read finds a conceptual bottleneck.
re-05-01,11,Algebra 2: Radical Functions & Equations,re-power-solve,A,1,5,3,solveBalance,Learner could manipulate the solveBalance model and observe a state-dependent consequence before symbolic/retrieval checks.,20,84.28,KEEP,Already has at least one A/B engine instance; not a zero-rich closure candidate.
re-05-02,11,Algebra 2: Radical Functions & Equations,re-plusminus,C,0,6,3,solveBalance,Learner could manipulate the solveBalance model and observe a state-dependent consequence before symbolic/retrieval checks.,20,28.09,KEEP,Procedural-fluency purpose; preserve independent production unless a manual lesson read finds a conceptual bottleneck.
re-05-03,11,Algebra 2: Radical Functions & Equations,re-models,C,0,6,3,exactNumberLab,Learner could manipulate the exactNumberLab model and observe a state-dependent consequence before symbolic/retrieval checks.,351,35.55,KEEP,Procedural-fluency purpose; preserve independent production unless a manual lesson read finds a conceptual bottleneck.
rad-01-01,9,Algebra 1: Radicals & Rational Exponents,rad-perfect-square,A,0,7,3,exactNumberLab,Learner could manipulate the exactNumberLab model and observe a state-dependent consequence before symbolic/retrieval checks.,351,106.64,KEEP,"Potential conceptual gap, but no obvious existing-engine fit from the mechanical scan; requires human necessity audit before any implementation."
rad-01-02,9,Algebra 1: Radicals & Rational Exponents,rad-simplify-factor,C,0,7,3,exactNumberLab,Learner could manipulate the exactNumberLab model and observe a state-dependent consequence before symbolic/retrieval checks.,351,35.55,KEEP,Procedural-fluency purpose; preserve independent production unless a manual lesson read finds a conceptual bottleneck.
rad-01-03,9,Algebra 1: Radicals & Rational Exponents,rad-fully-simplified,C,0,7,3,exactNumberLab,Learner could manipulate the exactNumberLab model and observe a state-dependent consequence before symbolic/retrieval checks.,351,35.55,KEEP,Procedural-fluency purpose; preserve independent production unless a manual lesson read finds a conceptual bottleneck.
rad-02-01,9,Algebra 1: Radicals & Rational Exponents,rad-like-terms,A,0,7,3,exactNumberLab,Learner could manipulate the exactNumberLab model and observe a state-dependent consequence before symbolic/retrieval checks.,351,106.64,KEEP,"Potential conceptual gap, but no obvious existing-engine fit from the mechanical scan; requires human necessity audit before any implementation."
rad-02-02,9,Algebra 1: Radicals & Rational Exponents,rad-multiply,C,0,7,3,exactNumberLab,Learner could manipulate the exactNumberLab model and observe a state-dependent consequence before symbolic/retrieval checks.,351,35.55,KEEP,Procedural-fluency purpose; preserve independent production unless a manual lesson read finds a conceptual bottleneck.
rad-02-03,9,Algebra 1: Radicals & Rational Exponents,rad-distribute,C,0,7,3,exactNumberLab,Learner could manipulate the exactNumberLab model and observe a state-dependent consequence before symbolic/retrieval checks.,351,35.55,KEEP,Procedural-fluency purpose; preserve independent production unless a manual lesson read finds a conceptual bottleneck.
rad-03-01,9,Algebra 1: Radicals & Rational Exponents,rad-unit-fraction-exp,A,1,6,3,fractionBar,Learner could manipulate the fractionBar model and observe a state-dependent consequence before symbolic/retrieval checks.,101,126.37,KEEP,Already has at least one A/B engine instance; not a zero-rich closure candidate.
rad-03-02,9,Algebra 1: Radicals & Rational Exponents,rad-mn-exp,C,1,6,3,NONE—manual fit audit,Manual review required to identify whether manipulation adds a distinct causal insight beyond the existing explanation.,0,2.1,KEEP,Already has at least one A/B engine instance; not a zero-rich closure candidate.
rad-03-03,9,Algebra 1: Radicals & Rational Exponents,rad-neg-rational-exp,C,1,6,3,numberLineHop,Learner could manipulate the numberLineHop model and observe a state-dependent consequence before symbolic/retrieval checks.,452,55.61,KEEP,Already has at least one A/B engine instance; not a zero-rich closure candidate.
rad-04-01,9,Algebra 1: Radicals & Rational Exponents,rad-pythagorean,A,5,2,1,NONE—manual fit audit,Manual review required to identify whether manipulation adds a distinct causal insight beyond the existing explanation.,0,2.1,KEEP,Already has at least one A/B engine instance; not a zero-rich closure candidate.
rad-04-02,9,Algebra 1: Radicals & Rational Exponents,rad-pythagorean-radical,B,2,5,3,exactNumberLab,Learner could manipulate the exactNumberLab model and observe a state-dependent consequence before symbolic/retrieval checks.,351,88.87,KEEP,Already has at least one A/B engine instance; not a zero-rich closure candidate.
rad-04-03,9,Algebra 1: Radicals & Rational Exponents,rad-distance,B,5,2,1,NONE—manual fit audit,Manual review required to identify whether manipulation adds a distinct causal insight beyond the existing explanation.,0,1.75,KEEP,Already has at least one A/B engine instance; not a zero-rich closure candidate.
rf-01-01,11,Algebra 2: Rational Functions,rf-excluded,A,1,5,3,NONE—manual fit audit,Manual review required to identify whether manipulation adds a distinct causal insight beyond the existing explanation.,0,6.3,KEEP,Already has at least one A/B engine instance; not a zero-rich closure candidate.
rf-01-02,11,Algebra 2: Rational Functions,rf-simplify,C,1,5,3,algebraTiles,Learner could manipulate the algebraTiles model and observe a state-dependent consequence before symbolic/retrieval checks.,17,26.76,KEEP,Already has at least one A/B engine instance; not a zero-rich closure candidate.
rf-01-03,11,Algebra 2: Rational Functions,rf-opposite,C,1,5,3,algebraTiles,Learner could manipulate the algebraTiles model and observe a state-dependent consequence before symbolic/retrieval checks.,17,26.76,KEEP,Already has at least one A/B engine instance; not a zero-rich closure candidate.
rf-02-01,11,Algebra 2: Rational Functions,rf-multiply,A,1,5,3,NONE—manual fit audit,Manual review required to identify whether manipulation adds a distinct causal insight beyond the existing explanation.,0,6.3,KEEP,Already has at least one A/B engine instance; not a zero-rich closure candidate.
rf-02-02,11,Algebra 2: Rational Functions,rf-divide,C,1,6,3,NONE—manual fit audit,Manual review required to identify whether manipulation adds a distinct causal insight beyond the existing explanation.,0,2.1,KEEP,Already has at least one A/B engine instance; not a zero-rich closure candidate.
rf-02-03,11,Algebra 2: Rational Functions,rf-mixed,C,0,6,3,NONE—manual fit audit,Manual review required to identify whether manipulation adds a distinct causal insight beyond the existing explanation.,0,2.1,KEEP,Procedural-fluency purpose; preserve independent production unless a manual lesson read finds a conceptual bottleneck.
rf-03-01,11,Algebra 2: Rational Functions,rf-like-denoms,A,0,6,1,NONE—manual fit audit,Manual review required to identify whether manipulation adds a distinct causal insight beyond the existing explanation.,0,2.1,KEEP,"Potential conceptual gap, but no obvious existing-engine fit from the mechanical scan; requires human necessity audit before any implementation."
rf-03-02,11,Algebra 2: Rational Functions,rf-lcd,C,0,6,3,algebraTiles,Learner could manipulate the algebraTiles model and observe a state-dependent consequence before symbolic/retrieval checks.,17,26.76,KEEP,Procedural-fluency purpose; preserve independent production unless a manual lesson read finds a conceptual bottleneck.
rf-03-03,11,Algebra 2: Rational Functions,rf-unlike,C,0,6,1,NONE—manual fit audit,Manual review required to identify whether manipulation adds a distinct causal insight beyond the existing explanation.,0,0.7,KEEP,Procedural-fluency purpose; preserve independent production unless a manual lesson read finds a conceptual bottleneck.
rf-04-01,11,Algebra 2: Rational Functions,rf-reciprocal,A,1,5,3,lineExplore,Learner could manipulate the lineExplore model and observe a state-dependent consequence before symbolic/retrieval checks.,6,56.7,KEEP,Already has at least one A/B engine instance; not a zero-rich closure candidate.
rf-04-02,11,Algebra 2: Rational Functions,rf-holes,C,1,5,2,NONE—manual fit audit,Manual review required to identify whether manipulation adds a distinct causal insight beyond the existing explanation.,0,1.4,KEEP,Already has at least one A/B engine instance; not a zero-rich closure candidate.
rf-04-03,11,Algebra 2: Rational Functions,rf-ha,C,0,6,2,NONE—manual fit audit,Manual review required to identify whether manipulation adds a distinct causal insight beyond the existing explanation.,0,1.4,KEEP,Procedural-fluency purpose; preserve independent production unless a manual lesson read finds a conceptual bottleneck.
rf-05-01,11,Algebra 2: Rational Functions,rf-equations,A,1,5,3,solveBalance,Learner could manipulate the solveBalance model and observe a state-dependent consequence before symbolic/retrieval checks.,20,84.28,KEEP,Already has at least one A/B engine instance; not a zero-rich closure candidate.
rf-05-02,11,Algebra 2: Rational Functions,rf-work,C,0,6,3,solveBalance,Learner could manipulate the solveBalance model and observe a state-dependent consequence before symbolic/retrieval checks.,20,28.09,KEEP,Procedural-fluency purpose; preserve independent production unless a manual lesson read finds a conceptual bottleneck.
rf-05-03,11,Algebra 2: Rational Functions,rf-variation,C,0,6,3,solveBalance,Learner could manipulate the solveBalance model and observe a state-dependent consequence before symbolic/retrieval checks.,20,28.09,KEEP,Procedural-fluency purpose; preserve independent production unless a manual lesson read finds a conceptual bottleneck.
rno-01-01,7,Grade 7: Rational Number Operations,rno-add-same-sign,A,1,6,3,numberLineHop,Learner could manipulate the numberLineHop model and observe a state-dependent consequence before symbolic/retrieval checks.,452,142.99,KEEP,Already has at least one A/B engine instance; not a zero-rich closure candidate.
rno-01-02,7,Grade 7: Rational Number Operations,rno-add-diff-sign,C,1,7,3,numberLineHop,Learner could manipulate the numberLineHop model and observe a state-dependent consequence before symbolic/retrieval checks.,452,47.66,KEEP,Already has at least one A/B engine instance; not a zero-rich closure candidate.
rno-01-03,7,Grade 7: Rational Number Operations,rno-add-mixed,C,1,6,3,numberLineHop,Learner could manipulate the numberLineHop model and observe a state-dependent consequence before symbolic/retrieval checks.,452,47.66,KEEP,Already has at least one A/B engine instance; not a zero-rich closure candidate.
rno-02-01,7,Grade 7: Rational Number Operations,rno-subtract-opposite,A,1,6,3,numberLineHop,Learner could manipulate the numberLineHop model and observe a state-dependent consequence before symbolic/retrieval checks.,452,142.99,KEEP,Already has at least one A/B engine instance; not a zero-rich closure candidate.
rno-02-02,7,Grade 7: Rational Number Operations,rno-subtract-change,C,1,6,3,numberLineHop,Learner could manipulate the numberLineHop model and observe a state-dependent consequence before symbolic/retrieval checks.,452,47.66,KEEP,Already has at least one A/B engine instance; not a zero-rich closure candidate.
rno-02-03,7,Grade 7: Rational Number Operations,rno-mixed-ops,C,1,6,3,numberLineHop,Learner could manipulate the numberLineHop model and observe a state-dependent consequence before symbolic/retrieval checks.,452,47.66,KEEP,Already has at least one A/B engine instance; not a zero-rich closure candidate.
rno-03-01,7,Grade 7: Rational Number Operations,rno-multiply-sign,A,1,6,3,numberLineHop,Learner could manipulate the numberLineHop model and observe a state-dependent consequence before symbolic/retrieval checks.,452,142.99,KEEP,Already has at least one A/B engine instance; not a zero-rich closure candidate.
rno-03-02,7,Grade 7: Rational Number Operations,rno-divide-sign,C,1,6,3,numberLineHop,Learner could manipulate the numberLineHop model and observe a state-dependent consequence before symbolic/retrieval checks.,452,47.66,KEEP,Already has at least one A/B engine instance; not a zero-rich closure candidate.
rno-03-03,7,Grade 7: Rational Number Operations,rno-multiply-divide-mixed,C,1,6,3,numberLineHop,Learner could manipulate the numberLineHop model and observe a state-dependent consequence before symbolic/retrieval checks.,452,47.66,KEEP,Already has at least one A/B engine instance; not a zero-rich closure candidate.
rno-04-01,7,Grade 7: Rational Number Operations,rno-frac-multiply-sign,A,7,0,3,fractionBar,Learner could manipulate the fractionBar model and observe a state-dependent consequence before symbolic/retrieval checks.,101,108.32,KEEP,Already has at least one A/B engine instance; not a zero-rich closure candidate.
rno-04-02,7,Grade 7: Rational Number Operations,rno-decimal-add,C,1,6,3,hundredthsGrid,Learner could manipulate the hundredthsGrid model and observe a state-dependent consequence before symbolic/retrieval checks.,36,28.34,KEEP,Already has at least one A/B engine instance; not a zero-rich closure candidate.
rno-04-03,7,Grade 7: Rational Number Operations,rno-mixed-rational,C,0,7,3,NONE—manual fit audit,Manual review required to identify whether manipulation adds a distinct causal insight beyond the existing explanation.,0,1.8,KEEP,Procedural-fluency purpose; preserve independent production unless a manual lesson read finds a conceptual bottleneck.
rr-01-01,6,Ratios & Rates,ratio-language,A,0,6,3,proportionalReasoningLab,Learner could manipulate the proportionalReasoningLab model and observe a state-dependent consequence before symbolic/retrieval checks.,42,88.44,CHANGE,"Zero A/B interaction in an acquisition lesson; existing proportionalReasoningLab offers a causal model, so reuse should be audited before any new engine."
rr-01-02,6,Ratios & Rates,part-part-whole,C,0,6,3,proportionalReasoningLab,Learner could manipulate the proportionalReasoningLab model and observe a state-dependent consequence before symbolic/retrieval checks.,42,29.48,KEEP,Procedural-fluency purpose; preserve independent production unless a manual lesson read finds a conceptual bottleneck.
rr-01-03,6,Ratios & Rates,equivalent-ratios,C,1,5,3,proportionalReasoningLab,Learner could manipulate the proportionalReasoningLab model and observe a state-dependent consequence before symbolic/retrieval checks.,42,29.48,KEEP,Already has at least one A/B engine instance; not a zero-rich closure candidate.
rr-02-01,6,Ratios & Rates,ratio-tables,A,1,6,3,numberLineHop,Learner could manipulate the numberLineHop model and observe a state-dependent consequence before symbolic/retrieval checks.,452,142.99,KEEP,Already has at least one A/B engine instance; not a zero-rich closure candidate.
rr-02-02,6,Ratios & Rates,double-number-line,C,1,6,3,numberLineHop,Learner could manipulate the numberLineHop model and observe a state-dependent consequence before symbolic/retrieval checks.,452,47.66,KEEP,Already has at least one A/B engine instance; not a zero-rich closure candidate.
rr-02-03,6,Ratios & Rates,scale-tool-choice,C,0,6,3,numberLineHop,Learner could manipulate the numberLineHop model and observe a state-dependent consequence before symbolic/retrieval checks.,452,47.66,KEEP,Procedural-fluency purpose; preserve independent production unless a manual lesson read finds a conceptual bottleneck.
rr-02b-01,6,Ratios & Rates,ratio-pairs-plotted,A,2,4,3,proportionalReasoningLab,Learner could manipulate the proportionalReasoningLab model and observe a state-dependent consequence before symbolic/retrieval checks.,42,88.44,KEEP,Already has at least one A/B engine instance; not a zero-rich closure candidate.
rr-03-01,6,Ratios & Rates,unit-rate,A,3,3,2,proportionalReasoningLab,Learner could manipulate the proportionalReasoningLab model and observe a state-dependent consequence before symbolic/retrieval checks.,42,58.96,KEEP,Already has at least one A/B engine instance; not a zero-rich closure candidate.
rr-03-02,6,Ratios & Rates,better-buy,C,6,0,2,proportionalReasoningLab,Learner could manipulate the proportionalReasoningLab model and observe a state-dependent consequence before symbolic/retrieval checks.,42,19.65,KEEP,Already has at least one A/B engine instance; not a zero-rich closure candidate.
rr-03-03,6,Ratios & Rates,rate-predict,C,6,0,2,proportionalReasoningLab,Learner could manipulate the proportionalReasoningLab model and observe a state-dependent consequence before symbolic/retrieval checks.,42,19.65,KEEP,Already has at least one A/B engine instance; not a zero-rich closure candidate.
rr-04-01,6,Ratios & Rates,percent-meaning,A,1,5,3,proportionalReasoningLab,Learner could manipulate the proportionalReasoningLab model and observe a state-dependent consequence before symbolic/retrieval checks.,42,88.44,KEEP,Already has at least one A/B engine instance; not a zero-rich closure candidate.
rr-04-02,6,Ratios & Rates,percent-of,C,1,6,3,proportionalReasoningLab,Learner could manipulate the proportionalReasoningLab model and observe a state-dependent consequence before symbolic/retrieval checks.,42,29.48,KEEP,Already has at least one A/B engine instance; not a zero-rich closure candidate.
rr-04-03,6,Ratios & Rates,percent-reason,C,0,6,3,proportionalReasoningLab,Learner could manipulate the proportionalReasoningLab model and observe a state-dependent consequence before symbolic/retrieval checks.,42,29.48,KEEP,Procedural-fluency purpose; preserve independent production unless a manual lesson read finds a conceptual bottleneck.
rr-05-01,6,Ratios & Rates,unit-conversion,A,0,6,3,proportionalReasoningLab,Learner could manipulate the proportionalReasoningLab model and observe a state-dependent consequence before symbolic/retrieval checks.,42,88.44,CHANGE,"Zero A/B interaction in an acquisition lesson; existing proportionalReasoningLab offers a causal model, so reuse should be audited before any new engine."
rr-05-02,6,Ratios & Rates,chain-convert,C,0,6,3,proportionalReasoningLab,Learner could manipulate the proportionalReasoningLab model and observe a state-dependent consequence before symbolic/retrieval checks.,42,29.48,KEEP,Procedural-fluency purpose; preserve independent production unless a manual lesson read finds a conceptual bottleneck.
rr-05-03,6,Ratios & Rates,ratios-capstone,C,7,0,3,proportionalReasoningLab,Learner could manipulate the proportionalReasoningLab model and observe a state-dependent consequence before symbolic/retrieval checks.,42,29.48,KEEP,Already has at least one A/B engine instance; not a zero-rich closure candidate.
rt-01-01,10,Right Triangles & Trigonometry,rt-pythagorean,A,1,5,2,triangleConstraintLab,Learner could manipulate the triangleConstraintLab model and observe a state-dependent consequence before symbolic/retrieval checks.,13,49.23,KEEP,Already has at least one A/B engine instance; not a zero-rich closure candidate.
rt-01-02,10,Right Triangles & Trigonometry,rt-converse,C,1,5,2,triangleConstraintLab,Learner could manipulate the triangleConstraintLab model and observe a state-dependent consequence before symbolic/retrieval checks.,13,16.41,KEEP,Already has at least one A/B engine instance; not a zero-rich closure candidate.
rt-01-03,10,Right Triangles & Trigonometry,rt-454590,C,1,5,2,triangleConstraintLab,Learner could manipulate the triangleConstraintLab model and observe a state-dependent consequence before symbolic/retrieval checks.,13,16.41,KEEP,Already has at least one A/B engine instance; not a zero-rich closure candidate.
rt-01-04,10,Right Triangles & Trigonometry,rt-306090,C,1,5,2,triangleConstraintLab,Learner could manipulate the triangleConstraintLab model and observe a state-dependent consequence before symbolic/retrieval checks.,13,16.41,KEEP,Already has at least one A/B engine instance; not a zero-rich closure candidate.
rt-02-01,10,Right Triangles & Trigonometry,rt-sohcahtoa,A,1,5,3,proportionalReasoningLab,Learner could manipulate the proportionalReasoningLab model and observe a state-dependent consequence before symbolic/retrieval checks.,42,103.18,KEEP,Already has at least one A/B engine instance; not a zero-rich closure candidate.
rt-03-01,10,Right Triangles & Trigonometry,rt-solve-side,A,1,5,2,solveBalance,Learner could manipulate the solveBalance model and observe a state-dependent consequence before symbolic/retrieval checks.,20,56.19,KEEP,Already has at least one A/B engine instance; not a zero-rich closure candidate.
rt-03-02,10,Right Triangles & Trigonometry,rt-inverse-trig,C,1,5,3,triangleConstraintLab,Learner could manipulate the triangleConstraintLab model and observe a state-dependent consequence before symbolic/retrieval checks.,13,24.61,KEEP,Already has at least one A/B engine instance; not a zero-rich closure candidate.
rt-03-03,10,Right Triangles & Trigonometry,rt-solve-complete,C,1,5,2,solveBalance,Learner could manipulate the solveBalance model and observe a state-dependent consequence before symbolic/retrieval checks.,20,18.73,KEEP,Already has at least one A/B engine instance; not a zero-rich closure candidate.
rt-04-01,10,Right Triangles & Trigonometry,rt-elev-depress,A,1,5,2,NONE—manual fit audit,Manual review required to identify whether manipulation adds a distinct causal insight beyond the existing explanation.,0,4.2,KEEP,Already has at least one A/B engine instance; not a zero-rich closure candidate.
rt-04-02,10,Right Triangles & Trigonometry,rt-height-apps,B,1,5,1,NONE—manual fit audit,Manual review required to identify whether manipulation adds a distinct causal insight beyond the existing explanation.,0,1.75,KEEP,Already has at least one A/B engine instance; not a zero-rich closure candidate.
rt-04-03,10,Right Triangles & Trigonometry,rt-trig-apps,B,0,6,3,unitCircleExplore,Learner could manipulate the unitCircleExplore model and observe a state-dependent consequence before symbolic/retrieval checks.,40,84.93,CHANGE,"Zero A/B interaction in an transfer lesson; existing unitCircleExplore offers a causal model, so reuse should be audited before any new engine."
rt-05-01,10,Right Triangles & Trigonometry,rt-ratio-identities,A,1,5,3,proportionalReasoningLab,Learner could manipulate the proportionalReasoningLab model and observe a state-dependent consequence before symbolic/retrieval checks.,42,103.18,KEEP,Already has at least one A/B engine instance; not a zero-rich closure candidate.
rt-05-02,10,Right Triangles & Trigonometry,rt-law-sines,C,1,5,3,proportionalReasoningLab,Learner could manipulate the proportionalReasoningLab model and observe a state-dependent consequence before symbolic/retrieval checks.,42,34.39,KEEP,Already has at least one A/B engine instance; not a zero-rich closure candidate.
rt-05-03,10,Right Triangles & Trigonometry,rt-law-cosines,C,1,5,3,proportionalReasoningLab,Learner could manipulate the proportionalReasoningLab model and observe a state-dependent consequence before symbolic/retrieval checks.,42,34.39,KEEP,Already has at least one A/B engine instance; not a zero-rich closure candidate.
rt-05-04,10,Right Triangles & Trigonometry,rt-choose-tool,C,0,6,3,areaModel,Learner could manipulate the areaModel model and observe a state-dependent consequence before symbolic/retrieval checks.,100,42.04,KEEP,Procedural-fluency purpose; preserve independent production unless a manual lesson read finds a conceptual bottleneck.
sp-01-01,7,Grade 7: Sampling & Probability,sp-sample-estimate,A,1,6,3,NONE—manual fit audit,Manual review required to identify whether manipulation adds a distinct causal insight beyond the existing explanation.,0,5.4,KEEP,Already has at least one A/B engine instance; not a zero-rich closure candidate.
sp-01-02,7,Grade 7: Sampling & Probability,sp-sample-size,C,1,6,3,NONE—manual fit audit,Manual review required to identify whether manipulation adds a distinct causal insight beyond the existing explanation.,0,1.8,KEEP,Already has at least one A/B engine instance; not a zero-rich closure candidate.
sp-01-03,7,Grade 7: Sampling & Probability,sp-realworld-bias,C,1,6,3,NONE—manual fit audit,Manual review required to identify whether manipulation adds a distinct causal insight beyond the existing explanation.,0,1.8,KEEP,Already has at least one A/B engine instance; not a zero-rich closure candidate.
sp-02-01,7,Grade 7: Sampling & Probability,sp-gap-units,A,7,0,2,NONE—manual fit audit,Manual review required to identify whether manipulation adds a distinct causal insight beyond the existing explanation.,0,3.6,KEEP,Already has at least one A/B engine instance; not a zero-rich closure candidate.
sp-02-02,7,Grade 7: Sampling & Probability,sp-overlap-gap,C,7,0,2,NONE—manual fit audit,Manual review required to identify whether manipulation adds a distinct causal insight beyond the existing explanation.,0,1.2,KEEP,Already has at least one A/B engine instance; not a zero-rich closure candidate.
sp-02-03,7,Grade 7: Sampling & Probability,sp-realworld-compare,C,7,0,1,NONE—manual fit audit,Manual review required to identify whether manipulation adds a distinct causal insight beyond the existing explanation.,0,0.6,KEEP,Already has at least one A/B engine instance; not a zero-rich closure candidate.
sp-02b-01,7,Grade 7: Sampling & Probability,sp-mad-multiple,A,1,5,1,NONE—manual fit audit,Manual review required to identify whether manipulation adds a distinct causal insight beyond the existing explanation.,0,1.8,KEEP,Already has at least one A/B engine instance; not a zero-rich closure candidate.
sp-02b-02,7,Grade 7: Sampling & Probability,sp-mad-multiple,C,1,5,1,NONE—manual fit audit,Manual review required to identify whether manipulation adds a distinct causal insight beyond the existing explanation.,0,0.6,KEEP,Already has at least one A/B engine instance; not a zero-rich closure candidate.
sp-02b-03,7,Grade 7: Sampling & Probability,sp-realworld-mad,C,1,5,1,NONE—manual fit audit,Manual review required to identify whether manipulation adds a distinct causal insight beyond the existing explanation.,0,0.6,KEEP,Already has at least one A/B engine instance; not a zero-rich closure candidate.
sp-03-01,7,Grade 7: Sampling & Probability,sp-theoretical-prob,A,1,7,3,trialProbabilityLab,Learner could manipulate the trialProbabilityLab model and observe a state-dependent consequence before symbolic/retrieval checks.,13,63.29,KEEP,Already has at least one A/B engine instance; not a zero-rich closure candidate.
sp-03-02,7,Grade 7: Sampling & Probability,sp-relative-freq,A,6,1,3,trialProbabilityLab,Learner could manipulate the trialProbabilityLab model and observe a state-dependent consequence before symbolic/retrieval checks.,13,63.29,KEEP,Already has at least one A/B engine instance; not a zero-rich closure candidate.
sp-03-03,7,Grade 7: Sampling & Probability,sp-mixed-prob,A,7,0,3,trialProbabilityLab,Learner could manipulate the trialProbabilityLab model and observe a state-dependent consequence before symbolic/retrieval checks.,13,63.29,KEEP,Already has at least one A/B engine instance; not a zero-rich closure candidate.
sp-04-01,7,Grade 7: Sampling & Probability,sp-sample-space-size,A,1,7,3,trialProbabilityLab,Learner could manipulate the trialProbabilityLab model and observe a state-dependent consequence before symbolic/retrieval checks.,13,63.29,KEEP,Already has at least one A/B engine instance; not a zero-rich closure candidate.
sp-04-02,7,Grade 7: Sampling & Probability,sp-compound-prob,C,1,7,3,trialProbabilityLab,Learner could manipulate the trialProbabilityLab model and observe a state-dependent consequence before symbolic/retrieval checks.,13,21.1,KEEP,Already has at least one A/B engine instance; not a zero-rich closure candidate.
sp-04-03,7,Grade 7: Sampling & Probability,sp-realworld-prob,C,7,0,3,trialProbabilityLab,Learner could manipulate the trialProbabilityLab model and observe a state-dependent consequence before symbolic/retrieval checks.,13,21.1,KEEP,Already has at least one A/B engine instance; not a zero-rich closure candidate.
sr-01-01,11,Algebra 2: Sequences & Series,sr-recursive,A,1,5,1,NONE—manual fit audit,Manual review required to identify whether manipulation adds a distinct causal insight beyond the existing explanation.,0,2.1,KEEP,Already has at least one A/B engine instance; not a zero-rich closure candidate.
sr-01-02,11,Algebra 2: Sequences & Series,sr-recursive,C,1,5,1,NONE—manual fit audit,Manual review required to identify whether manipulation adds a distinct causal insight beyond the existing explanation.,0,0.7,KEEP,Already has at least one A/B engine instance; not a zero-rich closure candidate.
sr-01-03,11,Algebra 2: Sequences & Series,sr-convert,C,1,5,1,NONE—manual fit audit,Manual review required to identify whether manipulation adds a distinct causal insight beyond the existing explanation.,0,0.7,KEEP,Already has at least one A/B engine instance; not a zero-rich closure candidate.
sr-02-01,11,Algebra 2: Sequences & Series,sr-sigma-read,A,1,5,1,NONE—manual fit audit,Manual review required to identify whether manipulation adds a distinct causal insight beyond the existing explanation.,0,2.1,KEEP,Already has at least one A/B engine instance; not a zero-rich closure candidate.
sr-02-02,11,Algebra 2: Sequences & Series,sr-sigma-eval,C,1,5,1,NONE—manual fit audit,Manual review required to identify whether manipulation adds a distinct causal insight beyond the existing explanation.,0,0.7,KEEP,Already has at least one A/B engine instance; not a zero-rich closure candidate.
sr-02-03,11,Algebra 2: Sequences & Series,sr-sigma-write,C,1,5,1,NONE—manual fit audit,Manual review required to identify whether manipulation adds a distinct causal insight beyond the existing explanation.,0,0.7,KEEP,Already has at least one A/B engine instance; not a zero-rich closure candidate.
sr-03-01,11,Algebra 2: Sequences & Series,sr-arith-sum,A,1,5,1,NONE—manual fit audit,Manual review required to identify whether manipulation adds a distinct causal insight beyond the existing explanation.,0,2.1,KEEP,Already has at least one A/B engine instance; not a zero-rich closure candidate.
sr-03-02,11,Algebra 2: Sequences & Series,sr-arith-sum,C,1,5,1,NONE—manual fit audit,Manual review required to identify whether manipulation adds a distinct causal insight beyond the existing explanation.,0,0.7,KEEP,Already has at least one A/B engine instance; not a zero-rich closure candidate.
sr-03-03,11,Algebra 2: Sequences & Series,sr-arith-apply,C,1,5,1,NONE—manual fit audit,Manual review required to identify whether manipulation adds a distinct causal insight beyond the existing explanation.,0,0.7,KEEP,Already has at least one A/B engine instance; not a zero-rich closure candidate.
sr-04-01,11,Algebra 2: Sequences & Series,sr-geo-derive,A,1,5,1,NONE—manual fit audit,Manual review required to identify whether manipulation adds a distinct causal insight beyond the existing explanation.,0,2.1,KEEP,Already has at least one A/B engine instance; not a zero-rich closure candidate.
sr-04-02,11,Algebra 2: Sequences & Series,sr-geo-sum,C,1,5,1,NONE—manual fit audit,Manual review required to identify whether manipulation adds a distinct causal insight beyond the existing explanation.,0,0.7,KEEP,Already has at least one A/B engine instance; not a zero-rich closure candidate.
sr-04-03,11,Algebra 2: Sequences & Series,sr-geo-apply,C,1,5,1,NONE—manual fit audit,Manual review required to identify whether manipulation adds a distinct causal insight beyond the existing explanation.,0,0.7,KEEP,Already has at least one A/B engine instance; not a zero-rich closure candidate.
sr-05-01,11,Algebra 2: Sequences & Series,sr-inf-converge,A,1,5,1,NONE—manual fit audit,Manual review required to identify whether manipulation adds a distinct causal insight beyond the existing explanation.,0,2.1,KEEP,Already has at least one A/B engine instance; not a zero-rich closure candidate.
sr-05-02,11,Algebra 2: Sequences & Series,sr-inf-sum,C,1,5,1,NONE—manual fit audit,Manual review required to identify whether manipulation adds a distinct causal insight beyond the existing explanation.,0,0.7,KEEP,Already has at least one A/B engine instance; not a zero-rich closure candidate.
sr-05-03,11,Algebra 2: Sequences & Series,sr-inf-apply,C,1,6,1,NONE—manual fit audit,Manual review required to identify whether manipulation adds a distinct causal insight beyond the existing explanation.,0,0.7,KEEP,Already has at least one A/B engine instance; not a zero-rich closure candidate.
sc-01-01,13,Calculus BC: Series & Convergence,sc-nth-term,A,1,4,3,proportionalReasoningLab,Learner could manipulate the proportionalReasoningLab model and observe a state-dependent consequence before symbolic/retrieval checks.,42,103.18,KEEP,Already has at least one A/B engine instance; not a zero-rich closure candidate.
sc-01-02,13,Calculus BC: Series & Convergence,sc-comparison,C,0,5,1,NONE—manual fit audit,Manual review required to identify whether manipulation adds a distinct causal insight beyond the existing explanation.,0,0.7,KEEP,Procedural-fluency purpose; preserve independent production unless a manual lesson read finds a conceptual bottleneck.
sc-01-03,13,Calculus BC: Series & Convergence,sc-alternating,C,0,5,1,NONE—manual fit audit,Manual review required to identify whether manipulation adds a distinct causal insight beyond the existing explanation.,0,0.7,KEEP,Procedural-fluency purpose; preserve independent production unless a manual lesson read finds a conceptual bottleneck.
sc-02-01,13,Calculus BC: Series & Convergence,sc-taylor,A,1,4,3,lineExplore,Learner could manipulate the lineExplore model and observe a state-dependent consequence before symbolic/retrieval checks.,6,56.7,KEEP,Already has at least one A/B engine instance; not a zero-rich closure candidate.
sc-02-02,13,Calculus BC: Series & Convergence,sc-radius,C,1,4,3,algebraTiles,Learner could manipulate the algebraTiles model and observe a state-dependent consequence before symbolic/retrieval checks.,17,26.76,KEEP,Already has at least one A/B engine instance; not a zero-rich closure candidate.
sc-03-01,13,Calculus BC: Series & Convergence,sc-power-ops,A,1,4,3,NONE—manual fit audit,Manual review required to identify whether manipulation adds a distinct causal insight beyond the existing explanation.,0,6.3,KEEP,Already has at least one A/B engine instance; not a zero-rich closure candidate.
ks-01-01,0,Kindergarten: Shapes & Sorting,ks-name-shapes,A,5,1,1,NONE—manual fit audit,Manual review required to identify whether manipulation adds a distinct causal insight beyond the existing explanation.,0,1.5,KEEP,Already has at least one A/B engine instance; not a zero-rich closure candidate.
ks-01-02,0,Kindergarten: Shapes & Sorting,ks-shapes-any-way,C,2,4,1,NONE—manual fit audit,Manual review required to identify whether manipulation adds a distinct causal insight beyond the existing explanation.,0,0.5,KEEP,Already has at least one A/B engine instance; not a zero-rich closure candidate.
ks-01-03,0,Kindergarten: Shapes & Sorting,ks-position-words,C,4,2,1,NONE—manual fit audit,Manual review required to identify whether manipulation adds a distinct causal insight beyond the existing explanation.,0,0.5,KEEP,Already has at least one A/B engine instance; not a zero-rich closure candidate.
ks-02-01,0,Kindergarten: Shapes & Sorting,ks-name-solids,A,5,1,1,NONE—manual fit audit,Manual review required to identify whether manipulation adds a distinct causal insight beyond the existing explanation.,0,1.5,KEEP,Already has at least one A/B engine instance; not a zero-rich closure candidate.
ks-02-02,0,Kindergarten: Shapes & Sorting,ks-roll-stack-slide,C,4,2,1,NONE—manual fit audit,Manual review required to identify whether manipulation adds a distinct causal insight beyond the existing explanation.,0,0.5,KEEP,Already has at least one A/B engine instance; not a zero-rich closure candidate.
ks-02-03,0,Kindergarten: Shapes & Sorting,ks-compose-shapes,C,3,3,1,NONE—manual fit audit,Manual review required to identify whether manipulation adds a distinct causal insight beyond the existing explanation.,0,0.5,KEEP,Already has at least one A/B engine instance; not a zero-rich closure candidate.
ks-03-01,0,Kindergarten: Shapes & Sorting,ks-longer-shorter,A,6,0,1,NONE—manual fit audit,Manual review required to identify whether manipulation adds a distinct causal insight beyond the existing explanation.,0,1.5,KEEP,Already has at least one A/B engine instance; not a zero-rich closure candidate.
ks-03-02,0,Kindergarten: Shapes & Sorting,ks-heavier-lighter,B,4,2,1,NONE—manual fit audit,Manual review required to identify whether manipulation adds a distinct causal insight beyond the existing explanation.,0,1.25,KEEP,Already has at least one A/B engine instance; not a zero-rich closure candidate.
ks-03-03,0,Kindergarten: Shapes & Sorting,ks-sort-and-count,B,3,3,1,NONE—manual fit audit,Manual review required to identify whether manipulation adds a distinct causal insight beyond the existing explanation.,0,1.25,KEEP,Already has at least one A/B engine instance; not a zero-rich closure candidate.
kgb-01-01,0,Building Shapes,kgb-position-1,A,4,2,1,NONE—manual fit audit,Manual review required to identify whether manipulation adds a distinct causal insight beyond the existing explanation.,0,1.5,KEEP,Already has at least one A/B engine instance; not a zero-rich closure candidate.
kgb-01-02,0,Building Shapes,kgb-position-2,C,3,3,1,NONE—manual fit audit,Manual review required to identify whether manipulation adds a distinct causal insight beyond the existing explanation.,0,0.5,KEEP,Already has at least one A/B engine instance; not a zero-rich closure candidate.
kgb-01-03,0,Building Shapes,kgb-describe-position,C,3,3,1,NONE—manual fit audit,Manual review required to identify whether manipulation adds a distinct causal insight beyond the existing explanation.,0,0.5,KEEP,Already has at least one A/B engine instance; not a zero-rich closure candidate.
kgb-01-04,0,Building Shapes,kgb-corners-sides,C,3,3,1,NONE—manual fit audit,Manual review required to identify whether manipulation adds a distinct causal insight beyond the existing explanation.,0,0.5,KEEP,Already has at least one A/B engine instance; not a zero-rich closure candidate.
kgb-01-05,0,Building Shapes,kgb-count-corners,C,3,3,1,NONE—manual fit audit,Manual review required to identify whether manipulation adds a distinct causal insight beyond the existing explanation.,0,0.5,KEEP,Already has at least one A/B engine instance; not a zero-rich closure candidate.
kgb-02-01,0,Building Shapes,kgb-count-sides,A,3,3,1,NONE—manual fit audit,Manual review required to identify whether manipulation adds a distinct causal insight beyond the existing explanation.,0,1.5,KEEP,Already has at least one A/B engine instance; not a zero-rich closure candidate.
kgb-02-02,0,Building Shapes,kgb-size-invariance,C,4,2,1,NONE—manual fit audit,Manual review required to identify whether manipulation adds a distinct causal insight beyond the existing explanation.,0,0.5,KEEP,Already has at least one A/B engine instance; not a zero-rich closure candidate.
kgb-02-03,0,Building Shapes,kgb-compare-alike,C,4,2,1,NONE—manual fit audit,Manual review required to identify whether manipulation adds a distinct causal insight beyond the existing explanation.,0,0.5,KEEP,Already has at least one A/B engine instance; not a zero-rich closure candidate.
kgb-02-04,0,Building Shapes,kgb-compare-different,C,3,3,1,NONE—manual fit audit,Manual review required to identify whether manipulation adds a distinct causal insight beyond the existing explanation.,0,0.5,KEEP,Already has at least one A/B engine instance; not a zero-rich closure candidate.
kgb-02-05,0,Building Shapes,kgb-flat-solid,C,3,3,1,NONE—manual fit audit,Manual review required to identify whether manipulation adds a distinct causal insight beyond the existing explanation.,0,0.5,KEEP,Already has at least one A/B engine instance; not a zero-rich closure candidate.
kgb-03-01,0,Building Shapes,kgb-draw-shape,A,3,3,1,NONE—manual fit audit,Manual review required to identify whether manipulation adds a distinct causal insight beyond the existing explanation.,0,1.5,KEEP,Already has at least one A/B engine instance; not a zero-rich closure candidate.
kgb-03-02,0,Building Shapes,kgb-build-shape,C,3,3,1,NONE—manual fit audit,Manual review required to identify whether manipulation adds a distinct causal insight beyond the existing explanation.,0,0.5,KEEP,Already has at least one A/B engine instance; not a zero-rich closure candidate.
kgb-03-03,0,Building Shapes,kgb-compose-two,C,3,3,2,triangleConstraintLab,Learner could manipulate the triangleConstraintLab model and observe a state-dependent consequence before symbolic/retrieval checks.,13,11.72,KEEP,Already has at least one A/B engine instance; not a zero-rich closure candidate.
kgb-03-04,0,Building Shapes,kgb-compose-larger,C,3,3,1,NONE—manual fit audit,Manual review required to identify whether manipulation adds a distinct causal insight beyond the existing explanation.,0,0.5,KEEP,Already has at least one A/B engine instance; not a zero-rich closure candidate.
smg1-01-01,1,Grade 1: Shapes & Fractions,smg1-shape-sides,A,3,4,1,NONE—manual fit audit,Manual review required to identify whether manipulation adds a distinct causal insight beyond the existing explanation.,0,1.5,KEEP,Already has at least one A/B engine instance; not a zero-rich closure candidate.
smg1-01-02,1,Grade 1: Shapes & Fractions,smg1-2d-3d,C,2,5,1,NONE—manual fit audit,Manual review required to identify whether manipulation adds a distinct causal insight beyond the existing explanation.,0,0.5,KEEP,Already has at least one A/B engine instance; not a zero-rich closure candidate.
smg1-01-03,1,Grade 1: Shapes & Fractions,smg1-solid-parts,C,3,4,1,NONE—manual fit audit,Manual review required to identify whether manipulation adds a distinct causal insight beyond the existing explanation.,0,0.5,KEEP,Already has at least one A/B engine instance; not a zero-rich closure candidate.
smg1-02-01,1,Grade 1: Shapes & Fractions,smg1-halves,A,1,6,1,NONE—manual fit audit,Manual review required to identify whether manipulation adds a distinct causal insight beyond the existing explanation.,0,1.5,KEEP,Already has at least one A/B engine instance; not a zero-rich closure candidate.
smg1-02-02,1,Grade 1: Shapes & Fractions,smg1-fourths,C,1,6,1,NONE—manual fit audit,Manual review required to identify whether manipulation adds a distinct causal insight beyond the existing explanation.,0,0.5,KEEP,Already has at least one A/B engine instance; not a zero-rich closure candidate.
smg1-02-03,1,Grade 1: Shapes & Fractions,smg1-halves-fourths,C,1,6,1,NONE—manual fit audit,Manual review required to identify whether manipulation adds a distinct causal insight beyond the existing explanation.,0,0.5,KEEP,Already has at least one A/B engine instance; not a zero-rich closure candidate.
smg1-03-01,1,Grade 1: Shapes & Fractions,smg1-length-compare,A,7,0,1,lengthCompare,Learner could manipulate the lengthCompare model and observe a state-dependent consequence before symbolic/retrieval checks.,63,27.1,KEEP,Already has at least one A/B engine instance; not a zero-rich closure candidate.
smg1-03-02,1,Grade 1: Shapes & Fractions,smg1-length-difference,B,3,4,1,lengthCompare,Learner could manipulate the lengthCompare model and observe a state-dependent consequence before symbolic/retrieval checks.,63,22.58,KEEP,Already has at least one A/B engine instance; not a zero-rich closure candidate.
smg1-03-03,1,Grade 1: Shapes & Fractions,smg1-length-order,B,7,0,1,lengthCompare,Learner could manipulate the lengthCompare model and observe a state-dependent consequence before symbolic/retrieval checks.,63,22.58,KEEP,Already has at least one A/B engine instance; not a zero-rich closure candidate.
smg1-04-01,1,Grade 1: Shapes & Fractions,smg1-time-hour,A,7,0,2,clockSet,Learner could manipulate the clockSet model and observe a state-dependent consequence before symbolic/retrieval checks.,40,48.53,KEEP,Already has at least one A/B engine instance; not a zero-rich closure candidate.
smg1-04-02,1,Grade 1: Shapes & Fractions,smg1-time-half-past,C,7,0,2,clockSet,Learner could manipulate the clockSet model and observe a state-dependent consequence before symbolic/retrieval checks.,40,16.18,KEEP,Already has at least one A/B engine instance; not a zero-rich closure candidate.
smg1-04-03,1,Grade 1: Shapes & Fractions,smg1-time-mixed,C,7,0,2,clockSet,Learner could manipulate the clockSet model and observe a state-dependent consequence before symbolic/retrieval checks.,40,16.18,KEEP,Already has at least one A/B engine instance; not a zero-rich closure candidate.
ssg2-01-01,2,Grade 2: Shapes & Equal Shares,ssg2-shape-vocab,A,1,6,1,NONE—manual fit audit,Manual review required to identify whether manipulation adds a distinct causal insight beyond the existing explanation.,0,1.5,KEEP,Already has at least one A/B engine instance; not a zero-rich closure candidate.
ssg2-01-02,2,Grade 2: Shapes & Equal Shares,ssg2-pyramid,A,2,5,1,NONE—manual fit audit,Manual review required to identify whether manipulation adds a distinct causal insight beyond the existing explanation.,0,1.5,KEEP,Already has at least one A/B engine instance; not a zero-rich closure candidate.
ssg2-01-03,2,Grade 2: Shapes & Equal Shares,ssg2-name-any,C,3,4,1,NONE—manual fit audit,Manual review required to identify whether manipulation adds a distinct causal insight beyond the existing explanation.,0,0.5,KEEP,Already has at least one A/B engine instance; not a zero-rich closure candidate.
ssg2-02-01,2,Grade 2: Shapes & Equal Shares,ssg2-grid-count,A,1,6,2,NONE—manual fit audit,Manual review required to identify whether manipulation adds a distinct causal insight beyond the existing explanation.,0,3.0,KEEP,Already has at least one A/B engine instance; not a zero-rich closure candidate.
ssg2-02-02,2,Grade 2: Shapes & Equal Shares,ssg2-grid-count,C,7,0,2,NONE—manual fit audit,Manual review required to identify whether manipulation adds a distinct causal insight beyond the existing explanation.,0,1.0,KEEP,Already has at least one A/B engine instance; not a zero-rich closure candidate.
ssg2-02-03,2,Grade 2: Shapes & Equal Shares,ssg2-grid-apply,C,7,0,2,NONE—manual fit audit,Manual review required to identify whether manipulation adds a distinct causal insight beyond the existing explanation.,0,1.0,KEEP,Already has at least one A/B engine instance; not a zero-rich closure candidate.
ssg2-03-01,2,Grade 2: Shapes & Equal Shares,ssg2-thirds-count,A,1,6,1,NONE—manual fit audit,Manual review required to identify whether manipulation adds a distinct causal insight beyond the existing explanation.,0,1.5,KEEP,Already has at least one A/B engine instance; not a zero-rich closure candidate.
ssg2-03-02,2,Grade 2: Shapes & Equal Shares,ssg2-name-third,C,3,4,1,NONE—manual fit audit,Manual review required to identify whether manipulation adds a distinct causal insight beyond the existing explanation.,0,0.5,KEEP,Already has at least one A/B engine instance; not a zero-rich closure candidate.
ssg2-03-03,2,Grade 2: Shapes & Equal Shares,ssg2-compare-shares,C,3,4,1,NONE—manual fit audit,Manual review required to identify whether manipulation adds a distinct causal insight beyond the existing explanation.,0,0.5,KEEP,Already has at least one A/B engine instance; not a zero-rich closure candidate.
geo-01-01,3,Shapes & Space,attributes,A,1,5,1,NONE—manual fit audit,Manual review required to identify whether manipulation adds a distinct causal insight beyond the existing explanation.,0,1.65,KEEP,Already has at least one A/B engine instance; not a zero-rich closure candidate.
geo-01-02,3,Shapes & Space,quadrilaterals,C,1,5,1,NONE—manual fit audit,Manual review required to identify whether manipulation adds a distinct causal insight beyond the existing explanation.,0,0.55,KEEP,Already has at least one A/B engine instance; not a zero-rich closure candidate.
geo-01-03,3,Shapes & Space,shape-hierarchy,C,0,6,2,NONE—manual fit audit,Manual review required to identify whether manipulation adds a distinct causal insight beyond the existing explanation.,0,1.1,KEEP,Procedural-fluency purpose; preserve independent production unless a manual lesson read finds a conceptual bottleneck.
geo-02-01,3,Shapes & Space,sorting-rules,A,0,6,1,NONE—manual fit audit,Manual review required to identify whether manipulation adds a distinct causal insight beyond the existing explanation.,0,1.65,KEEP,"Potential conceptual gap, but no obvious existing-engine fit from the mechanical scan; requires human necessity audit before any implementation."
geo-02-02,3,Shapes & Space,non-examples,C,0,6,1,NONE—manual fit audit,Manual review required to identify whether manipulation adds a distinct causal insight beyond the existing explanation.,0,0.55,KEEP,Procedural-fluency purpose; preserve independent production unless a manual lesson read finds a conceptual bottleneck.
geo-03-01,3,Shapes & Space,partition-shapes,A,1,5,1,NONE—manual fit audit,Manual review required to identify whether manipulation adds a distinct causal insight beyond the existing explanation.,0,1.65,KEEP,Already has at least one A/B engine instance; not a zero-rich closure candidate.
geo-03-02,3,Shapes & Space,parts-as-fractions,C,1,5,3,fractionBar,Learner could manipulate the fractionBar model and observe a state-dependent consequence before symbolic/retrieval checks.,101,33.1,KEEP,Already has at least one A/B engine instance; not a zero-rich closure candidate.
sy-01-01,10,Similarity,sy-dilation,A,1,5,3,algebraTiles,Learner could manipulate the algebraTiles model and observe a state-dependent consequence before symbolic/retrieval checks.,17,80.29,KEEP,Already has at least one A/B engine instance; not a zero-rich closure candidate.
sy-01-02,10,Similarity,sy-similarity,C,1,5,3,algebraTiles,Learner could manipulate the algebraTiles model and observe a state-dependent consequence before symbolic/retrieval checks.,17,26.76,KEEP,Already has at least one A/B engine instance; not a zero-rich closure candidate.
sy-01-03,10,Similarity,sy-aa,C,1,5,3,algebraTiles,Learner could manipulate the algebraTiles model and observe a state-dependent consequence before symbolic/retrieval checks.,17,26.76,KEEP,Already has at least one A/B engine instance; not a zero-rich closure candidate.
sy-02-01,10,Similarity,sy-sas-similar,A,1,5,3,dilationExplore,Learner could manipulate the dilationExplore model and observe a state-dependent consequence before symbolic/retrieval checks.,18,81.68,KEEP,Already has at least one A/B engine instance; not a zero-rich closure candidate.
sy-02-02,10,Similarity,sy-sss-similar,C,1,5,3,dilationExplore,Learner could manipulate the dilationExplore model and observe a state-dependent consequence before symbolic/retrieval checks.,18,27.23,KEEP,Already has at least one A/B engine instance; not a zero-rich closure candidate.
sy-02-03,10,Similarity,sy-criterion-choice,C,1,6,3,dilationExplore,Learner could manipulate the dilationExplore model and observe a state-dependent consequence before symbolic/retrieval checks.,18,27.23,KEEP,Already has at least one A/B engine instance; not a zero-rich closure candidate.
sy-03-01,10,Similarity,sy-side-splitter,A,1,5,1,NONE—manual fit audit,Manual review required to identify whether manipulation adds a distinct causal insight beyond the existing explanation.,0,2.1,KEEP,Already has at least one A/B engine instance; not a zero-rich closure candidate.
sy-03-02,10,Similarity,sy-side-splitter-converse,C,1,5,1,NONE—manual fit audit,Manual review required to identify whether manipulation adds a distinct causal insight beyond the existing explanation.,0,0.7,KEEP,Already has at least one A/B engine instance; not a zero-rich closure candidate.
sy-03-03,10,Similarity,sy-proportions-figures,C,1,5,3,NONE—manual fit audit,Manual review required to identify whether manipulation adds a distinct causal insight beyond the existing explanation.,0,2.1,KEEP,Already has at least one A/B engine instance; not a zero-rich closure candidate.
sy-04-01,10,Similarity,sy-altitude-similar,A,1,5,3,triangleConstraintLab,Learner could manipulate the triangleConstraintLab model and observe a state-dependent consequence before symbolic/retrieval checks.,13,73.84,KEEP,Already has at least one A/B engine instance; not a zero-rich closure candidate.
sy-04-02,10,Similarity,sy-geometric-mean,C,1,5,3,distributionCompareLab,Learner could manipulate the distributionCompareLab model and observe a state-dependent consequence before symbolic/retrieval checks.,28,30.91,KEEP,Already has at least one A/B engine instance; not a zero-rich closure candidate.
sy-04-03,10,Similarity,sy-solving-right,C,1,5,3,triangleConstraintLab,Learner could manipulate the triangleConstraintLab model and observe a state-dependent consequence before symbolic/retrieval checks.,13,24.61,KEEP,Already has at least one A/B engine instance; not a zero-rich closure candidate.
sy-05-01,10,Similarity,sy-indirect,A,1,5,3,dilationExplore,Learner could manipulate the dilationExplore model and observe a state-dependent consequence before symbolic/retrieval checks.,18,81.68,KEEP,Already has at least one A/B engine instance; not a zero-rich closure candidate.
sy-05-02,10,Similarity,sy-scale,B,1,5,3,dilationExplore,Learner could manipulate the dilationExplore model and observe a state-dependent consequence before symbolic/retrieval checks.,18,68.07,KEEP,Already has at least one A/B engine instance; not a zero-rich closure candidate.
sy-05-03,10,Similarity,sy-area-perimeter,B,1,5,3,areaModel,Learner could manipulate the areaModel model and observe a state-dependent consequence before symbolic/retrieval checks.,100,105.09,KEEP,Already has at least one A/B engine instance; not a zero-rich closure candidate.
sy-06-01,10,Similarity,sy-dilation-parallel,A,2,4,1,dilationExplore,Learner could manipulate the dilationExplore model and observe a state-dependent consequence before symbolic/retrieval checks.,18,27.23,KEEP,Already has at least one A/B engine instance; not a zero-rich closure candidate.
sg-01-01,10,Geometry: Solid Geometry & Modeling,sg-cross-sections,A,1,5,1,NONE—manual fit audit,Manual review required to identify whether manipulation adds a distinct causal insight beyond the existing explanation.,0,2.1,KEEP,Already has at least one A/B engine instance; not a zero-rich closure candidate.
sg-01-02,10,Geometry: Solid Geometry & Modeling,sg-revolution,C,1,5,1,NONE—manual fit audit,Manual review required to identify whether manipulation adds a distinct causal insight beyond the existing explanation.,0,0.7,KEEP,Already has at least one A/B engine instance; not a zero-rich closure candidate.
sg-01-03,10,Geometry: Solid Geometry & Modeling,sg-section-reasoning,C,1,5,1,NONE—manual fit audit,Manual review required to identify whether manipulation adds a distinct causal insight beyond the existing explanation.,0,0.7,KEEP,Already has at least one A/B engine instance; not a zero-rich closure candidate.
sg-02-01,10,Geometry: Solid Geometry & Modeling,sg-cavalieri,A,1,5,1,NONE—manual fit audit,Manual review required to identify whether manipulation adds a distinct causal insight beyond the existing explanation.,0,2.1,KEEP,Already has at least one A/B engine instance; not a zero-rich closure candidate.
sg-02-02,10,Geometry: Solid Geometry & Modeling,sg-cavalieri-apply,C,1,5,1,NONE—manual fit audit,Manual review required to identify whether manipulation adds a distinct causal insight beyond the existing explanation.,0,0.7,KEEP,Already has at least one A/B engine instance; not a zero-rich closure candidate.
sg-02-03,10,Geometry: Solid Geometry & Modeling,sg-cavalieri-limits,C,0,6,3,graphZoom,Learner could manipulate the graphZoom model and observe a state-dependent consequence before symbolic/retrieval checks.,17,26.76,KEEP,Procedural-fluency purpose; preserve independent production unless a manual lesson read finds a conceptual bottleneck.
sg-03-01,10,Geometry: Solid Geometry & Modeling,sg-cylinder-justified,A,1,5,2,volumeBuilder,Learner could manipulate the volumeBuilder model and observe a state-dependent consequence before symbolic/retrieval checks.,19,55.34,KEEP,Already has at least one A/B engine instance; not a zero-rich closure candidate.
sg-03-02,10,Geometry: Solid Geometry & Modeling,sg-third-story,A,1,5,2,volumeBuilder,Learner could manipulate the volumeBuilder model and observe a state-dependent consequence before symbolic/retrieval checks.,19,55.34,KEEP,Already has at least one A/B engine instance; not a zero-rich closure candidate.
sg-03-03,10,Geometry: Solid Geometry & Modeling,sg-sphere-justified,A,0,6,2,volumeBuilder,Learner could manipulate the volumeBuilder model and observe a state-dependent consequence before symbolic/retrieval checks.,19,55.34,CHANGE,"Zero A/B interaction in an acquisition lesson; existing volumeBuilder offers a causal model, so reuse should be audited before any new engine."
sg-04-01,10,Geometry: Solid Geometry & Modeling,sg-composite-add,A,1,6,1,NONE—manual fit audit,Manual review required to identify whether manipulation adds a distinct causal insight beyond the existing explanation.,0,2.1,KEEP,Already has at least one A/B engine instance; not a zero-rich closure candidate.
sg-04-02,10,Geometry: Solid Geometry & Modeling,sg-composite-subtract,C,1,5,1,NONE—manual fit audit,Manual review required to identify whether manipulation adds a distinct causal insight beyond the existing explanation.,0,0.7,KEEP,Already has at least one A/B engine instance; not a zero-rich closure candidate.
sg-04-03,10,Geometry: Solid Geometry & Modeling,sg-composite-surface,C,1,5,1,NONE—manual fit audit,Manual review required to identify whether manipulation adds a distinct causal insight beyond the existing explanation.,0,0.7,KEEP,Already has at least one A/B engine instance; not a zero-rich closure candidate.
sg-05-01,10,Geometry: Solid Geometry & Modeling,sg-scale-effects,A,1,6,1,NONE—manual fit audit,Manual review required to identify whether manipulation adds a distinct causal insight beyond the existing explanation.,0,2.1,KEEP,Already has at least one A/B engine instance; not a zero-rich closure candidate.
sg-05-02,10,Geometry: Solid Geometry & Modeling,sg-density,B,1,5,1,NONE—manual fit audit,Manual review required to identify whether manipulation adds a distinct causal insight beyond the existing explanation.,0,1.75,KEEP,Already has at least one A/B engine instance; not a zero-rich closure candidate.
sg-05-03,10,Geometry: Solid Geometry & Modeling,sg-modeling,B,1,5,1,NONE—manual fit audit,Manual review required to identify whether manipulation adds a distinct causal insight beyond the existing explanation.,0,1.75,KEEP,Already has at least one A/B engine instance; not a zero-rich closure candidate.
alg1-01-01,9,Algebra 1: Solving Linear Equations,two-step,A,2,5,3,solveBalance,Learner could manipulate the solveBalance model and observe a state-dependent consequence before symbolic/retrieval checks.,20,84.28,KEEP,Already has at least one A/B engine instance; not a zero-rich closure candidate.
alg1-01-02,9,Algebra 1: Solving Linear Equations,both-sides,C,1,5,3,solveBalance,Learner could manipulate the solveBalance model and observe a state-dependent consequence before symbolic/retrieval checks.,20,28.09,KEEP,Already has at least one A/B engine instance; not a zero-rich closure candidate.
alg1-01-03,9,Algebra 1: Solving Linear Equations,distribute-solve,C,1,5,3,solveBalance,Learner could manipulate the solveBalance model and observe a state-dependent consequence before symbolic/retrieval checks.,20,28.09,KEEP,Already has at least one A/B engine instance; not a zero-rich closure candidate.
alg1-02-01,9,Algebra 1: Solving Linear Equations,fraction-eq,A,1,5,3,solveBalance,Learner could manipulate the solveBalance model and observe a state-dependent consequence before symbolic/retrieval checks.,20,84.28,KEEP,Already has at least one A/B engine instance; not a zero-rich closure candidate.
alg1-02-02,9,Algebra 1: Solving Linear Equations,lcd-clear,C,1,5,3,solveBalance,Learner could manipulate the solveBalance model and observe a state-dependent consequence before symbolic/retrieval checks.,20,28.09,KEEP,Already has at least one A/B engine instance; not a zero-rich closure candidate.
alg1-02-03,9,Algebra 1: Solving Linear Equations,decimal-eq,C,1,5,3,solveBalance,Learner could manipulate the solveBalance model and observe a state-dependent consequence before symbolic/retrieval checks.,20,28.09,KEEP,Already has at least one A/B engine instance; not a zero-rich closure candidate.
alg1-03-01,9,Algebra 1: Solving Linear Equations,literal-eq,A,1,5,3,solveBalance,Learner could manipulate the solveBalance model and observe a state-dependent consequence before symbolic/retrieval checks.,20,84.28,KEEP,Already has at least one A/B engine instance; not a zero-rich closure candidate.
alg1-03-02,9,Algebra 1: Solving Linear Equations,literal-frac,C,1,5,3,solveBalance,Learner could manipulate the solveBalance model and observe a state-dependent consequence before symbolic/retrieval checks.,20,28.09,KEEP,Already has at least one A/B engine instance; not a zero-rich closure candidate.
alg1-03-03,9,Algebra 1: Solving Linear Equations,multi-literal,C,0,6,3,solveBalance,Learner could manipulate the solveBalance model and observe a state-dependent consequence before symbolic/retrieval checks.,20,28.09,KEEP,Procedural-fluency purpose; preserve independent production unless a manual lesson read finds a conceptual bottleneck.
alg1-04-01,9,Algebra 1: Solving Linear Equations,solve-inequality,A,1,5,3,numberLineRay,Learner could manipulate the numberLineRay model and observe a state-dependent consequence before symbolic/retrieval checks.,3,43.88,KEEP,Already has at least one A/B engine instance; not a zero-rich closure candidate.
alg1-04-02,9,Algebra 1: Solving Linear Equations,flip-rule,C,1,5,3,numberLineRay,Learner could manipulate the numberLineRay model and observe a state-dependent consequence before symbolic/retrieval checks.,3,14.63,KEEP,Already has at least one A/B engine instance; not a zero-rich closure candidate.
alg1-04-03,9,Algebra 1: Solving Linear Equations,both-sides-inequality,C,1,5,3,numberLineRay,Learner could manipulate the numberLineRay model and observe a state-dependent consequence before symbolic/retrieval checks.,3,14.63,KEEP,Already has at least one A/B engine instance; not a zero-rich closure candidate.
si-01-01,11,Statistical Inference,si-study-type,A,1,4,2,NONE—manual fit audit,Manual review required to identify whether manipulation adds a distinct causal insight beyond the existing explanation.,0,4.2,KEEP,Already has at least one A/B engine instance; not a zero-rich closure candidate.
si-01-02,11,Statistical Inference,si-bias-vs-variability,A,1,4,2,distributionCompareLab,Learner could manipulate the distributionCompareLab model and observe a state-dependent consequence before symbolic/retrieval checks.,28,61.83,KEEP,Already has at least one A/B engine instance; not a zero-rich closure candidate.
si-01-03,11,Statistical Inference,si-experiment-design,C,1,4,2,NONE—manual fit audit,Manual review required to identify whether manipulation adds a distinct causal insight beyond the existing explanation.,0,1.4,KEEP,Already has at least one A/B engine instance; not a zero-rich closure candidate.
si-02-01,11,Statistical Inference,si-parameter-statistic,A,1,4,3,distributionCompareLab,Learner could manipulate the distributionCompareLab model and observe a state-dependent consequence before symbolic/retrieval checks.,28,92.74,KEEP,Already has at least one A/B engine instance; not a zero-rich closure candidate.
si-02-02,11,Statistical Inference,si-sampling-dist,C,1,5,3,algebraTiles,Learner could manipulate the algebraTiles model and observe a state-dependent consequence before symbolic/retrieval checks.,17,26.76,KEEP,Already has at least one A/B engine instance; not a zero-rich closure candidate.
si-02-03,11,Statistical Inference,si-standard-error,C,1,4,3,distributionCompareLab,Learner could manipulate the distributionCompareLab model and observe a state-dependent consequence before symbolic/retrieval checks.,28,30.91,KEEP,Already has at least one A/B engine instance; not a zero-rich closure candidate.
si-03-01,11,Statistical Inference,si-margin,A,1,4,1,NONE—manual fit audit,Manual review required to identify whether manipulation adds a distinct causal insight beyond the existing explanation.,0,2.1,KEEP,Already has at least one A/B engine instance; not a zero-rich closure candidate.
si-03-02,11,Statistical Inference,si-ci-meaning,C,1,4,2,NONE—manual fit audit,Manual review required to identify whether manipulation adds a distinct causal insight beyond the existing explanation.,0,1.4,KEEP,Already has at least one A/B engine instance; not a zero-rich closure candidate.
si-03-03,11,Statistical Inference,si-read-poll,C,1,4,1,NONE—manual fit audit,Manual review required to identify whether manipulation adds a distinct causal insight beyond the existing explanation.,0,0.7,KEEP,Already has at least one A/B engine instance; not a zero-rich closure candidate.
si-06-01,11,Statistical Inference,si-normal-shape,A,1,5,1,NONE—manual fit audit,Manual review required to identify whether manipulation adds a distinct causal insight beyond the existing explanation.,0,2.1,KEEP,Already has at least one A/B engine instance; not a zero-rich closure candidate.
si-06-02,11,Statistical Inference,si-empirical-rule,C,1,4,1,NONE—manual fit audit,Manual review required to identify whether manipulation adds a distinct causal insight beyond the existing explanation.,0,0.7,KEEP,Already has at least one A/B engine instance; not a zero-rich closure candidate.
si-06-03,11,Statistical Inference,si-z-score,C,1,6,2,lengthCompare,Learner could manipulate the lengthCompare model and observe a state-dependent consequence before symbolic/retrieval checks.,63,25.29,KEEP,Already has at least one A/B engine instance; not a zero-rich closure candidate.
si-04-01,11,Statistical Inference,si-null-model,A,1,4,1,trialProbabilityLab,Learner could manipulate the trialProbabilityLab model and observe a state-dependent consequence before symbolic/retrieval checks.,13,24.61,KEEP,Already has at least one A/B engine instance; not a zero-rich closure candidate.
si-04-02,11,Statistical Inference,si-pvalue-idea,C,1,4,1,NONE—manual fit audit,Manual review required to identify whether manipulation adds a distinct causal insight beyond the existing explanation.,0,0.7,KEEP,Already has at least one A/B engine instance; not a zero-rich closure candidate.
si-04-03,11,Statistical Inference,si-significance-limits,C,1,4,3,graphZoom,Learner could manipulate the graphZoom model and observe a state-dependent consequence before symbolic/retrieval checks.,17,26.76,KEEP,Already has at least one A/B engine instance; not a zero-rich closure candidate.
si-05-01,11,Statistical Inference,si-claim-design,A,0,5,1,NONE—manual fit audit,Manual review required to identify whether manipulation adds a distinct causal insight beyond the existing explanation.,0,2.1,KEEP,"Potential conceptual gap, but no obvious existing-engine fit from the mechanical scan; requires human necessity audit before any implementation."
si-05-02,11,Statistical Inference,si-claim-overreach,C,1,4,1,NONE—manual fit audit,Manual review required to identify whether manipulation adds a distinct causal insight beyond the existing explanation.,0,0.7,KEEP,Already has at least one A/B engine instance; not a zero-rich closure candidate.
si-05-03,11,Statistical Inference,si-claim-capstone,C,0,5,1,distributionCompareLab,Learner could manipulate the distributionCompareLab model and observe a state-dependent consequence before symbolic/retrieval checks.,28,10.3,KEEP,Procedural-fluency purpose; preserve independent production unless a manual lesson read finds a conceptual bottleneck.
se-01-01,9,Algebra 1: Systems of Linear Equations,system-solution,A,3,4,3,NONE—manual fit audit,Manual review required to identify whether manipulation adds a distinct causal insight beyond the existing explanation.,0,6.3,KEEP,Already has at least one A/B engine instance; not a zero-rich closure candidate.
se-01-02,9,Algebra 1: Systems of Linear Equations,solve-by-graphing,B,4,4,2,solveBalance,Learner could manipulate the solveBalance model and observe a state-dependent consequence before symbolic/retrieval checks.,20,46.82,KEEP,Already has at least one A/B engine instance; not a zero-rich closure candidate.
se-01-03,9,Algebra 1: Systems of Linear Equations,classify-systems,B,1,6,3,NONE—manual fit audit,Manual review required to identify whether manipulation adds a distinct causal insight beyond the existing explanation.,0,5.25,KEEP,Already has at least one A/B engine instance; not a zero-rich closure candidate.
se-02-01,9,Algebra 1: Systems of Linear Equations,substitute-isolated,A,1,6,1,NONE—manual fit audit,Manual review required to identify whether manipulation adds a distinct causal insight beyond the existing explanation.,0,2.1,KEEP,Already has at least one A/B engine instance; not a zero-rich closure candidate.
se-02-02,9,Algebra 1: Systems of Linear Equations,isolate-then-substitute,C,1,6,1,NONE—manual fit audit,Manual review required to identify whether manipulation adds a distinct causal insight beyond the existing explanation.,0,0.7,KEEP,Already has at least one A/B engine instance; not a zero-rich closure candidate.
se-02-03,9,Algebra 1: Systems of Linear Equations,substitution-solve,C,3,4,1,solveBalance,Learner could manipulate the solveBalance model and observe a state-dependent consequence before symbolic/retrieval checks.,20,9.36,KEEP,Already has at least one A/B engine instance; not a zero-rich closure candidate.
se-03-01,9,Algebra 1: Systems of Linear Equations,eliminate-add-subtract,A,4,3,1,NONE—manual fit audit,Manual review required to identify whether manipulation adds a distinct causal insight beyond the existing explanation.,0,2.1,KEEP,Already has at least one A/B engine instance; not a zero-rich closure candidate.
se-03-02,9,Algebra 1: Systems of Linear Equations,eliminate-scale-one,C,4,3,3,solveBalance,Learner could manipulate the solveBalance model and observe a state-dependent consequence before symbolic/retrieval checks.,20,28.09,KEEP,Already has at least one A/B engine instance; not a zero-rich closure candidate.
se-03-03,9,Algebra 1: Systems of Linear Equations,eliminate-scale-both,C,3,4,1,NONE—manual fit audit,Manual review required to identify whether manipulation adds a distinct causal insight beyond the existing explanation.,0,0.7,KEEP,Already has at least one A/B engine instance; not a zero-rich closure candidate.
se-04-01,9,Algebra 1: Systems of Linear Equations,word-total-difference,A,1,6,3,NONE—manual fit audit,Manual review required to identify whether manipulation adds a distinct causal insight beyond the existing explanation.,0,6.3,KEEP,Already has at least one A/B engine instance; not a zero-rich closure candidate.
se-04-02,9,Algebra 1: Systems of Linear Equations,word-count-value,C,1,6,3,NONE—manual fit audit,Manual review required to identify whether manipulation adds a distinct causal insight beyond the existing explanation.,0,2.1,KEEP,Already has at least one A/B engine instance; not a zero-rich closure candidate.
se-04-03,9,Algebra 1: Systems of Linear Equations,word-choose-interpret,B,0,7,3,NONE—manual fit audit,Manual review required to identify whether manipulation adds a distinct causal insight beyond the existing explanation.,0,5.25,KEEP,"Potential conceptual gap, but no obvious existing-engine fit from the mechanical scan; requires human necessity audit before any implementation."
knb-01-01,0,Teen Numbers,knb-ten-plus-one,A,4,2,1,NONE—manual fit audit,Manual review required to identify whether manipulation adds a distinct causal insight beyond the existing explanation.,0,1.5,KEEP,Already has at least one A/B engine instance; not a zero-rich closure candidate.
knb-01-02,0,Teen Numbers,knb-ten-plus-two,C,4,2,1,NONE—manual fit audit,Manual review required to identify whether manipulation adds a distinct causal insight beyond the existing explanation.,0,0.5,KEEP,Already has at least one A/B engine instance; not a zero-rich closure candidate.
knb-01-03,0,Teen Numbers,knb-build-teen,C,5,1,1,NONE—manual fit audit,Manual review required to identify whether manipulation adds a distinct causal insight beyond the existing explanation.,0,0.5,KEEP,Already has at least one A/B engine instance; not a zero-rich closure candidate.
knb-01-04,0,Teen Numbers,knb-11-13,C,4,2,1,NONE—manual fit audit,Manual review required to identify whether manipulation adds a distinct causal insight beyond the existing explanation.,0,0.5,KEEP,Already has at least one A/B engine instance; not a zero-rich closure candidate.
knb-02-01,0,Teen Numbers,knb-14-16,A,4,2,1,NONE—manual fit audit,Manual review required to identify whether manipulation adds a distinct causal insight beyond the existing explanation.,0,1.5,KEEP,Already has at least one A/B engine instance; not a zero-rich closure candidate.
knb-02-02,0,Teen Numbers,knb-17-19,C,4,2,1,NONE—manual fit audit,Manual review required to identify whether manipulation adds a distinct causal insight beyond the existing explanation.,0,0.5,KEEP,Already has at least one A/B engine instance; not a zero-rich closure candidate.
knb-02-03,0,Teen Numbers,knb-decompose-teen,C,3,3,1,NONE—manual fit audit,Manual review required to identify whether manipulation adds a distinct causal insight beyond the existing explanation.,0,0.5,KEEP,Already has at least one A/B engine instance; not a zero-rich closure candidate.
knb-02-04,0,Teen Numbers,knb-teen-equation,C,3,3,3,solveBalance,Learner could manipulate the solveBalance model and observe a state-dependent consequence before symbolic/retrieval checks.,20,20.07,KEEP,Already has at least one A/B engine instance; not a zero-rich closure candidate.
knb-03-01,0,Teen Numbers,knb-leftover-ones,A,3,3,1,NONE—manual fit audit,Manual review required to identify whether manipulation adds a distinct causal insight beyond the existing explanation.,0,1.5,KEEP,Already has at least one A/B engine instance; not a zero-rich closure candidate.
knb-03-02,0,Teen Numbers,knb-teen-line,C,5,1,1,numberLineHop,Learner could manipulate the numberLineHop model and observe a state-dependent consequence before symbolic/retrieval checks.,452,13.24,KEEP,Already has at least one A/B engine instance; not a zero-rich closure candidate.
knb-03-03,0,Teen Numbers,knb-identify-teen,C,4,2,1,NONE—manual fit audit,Manual review required to identify whether manipulation adds a distinct causal insight beyond the existing explanation.,0,0.5,KEEP,Already has at least one A/B engine instance; not a zero-rich closure candidate.
knb-03-04,0,Teen Numbers,knb-teen-apply,C,3,3,1,NONE—manual fit audit,Manual review required to identify whether manipulation adds a distinct causal insight beyond the existing explanation.,0,0.5,KEEP,Already has at least one A/B engine instance; not a zero-rich closure candidate.
tno-01-01,1,Grade 1: Tens & Ones,tno-ten-bundle,A,1,6,1,NONE—manual fit audit,Manual review required to identify whether manipulation adds a distinct causal insight beyond the existing explanation.,0,1.5,KEEP,Already has at least one A/B engine instance; not a zero-rich closure candidate.
tno-01-02,1,Grade 1: Tens & Ones,tno-tens-ones,C,1,6,1,NONE—manual fit audit,Manual review required to identify whether manipulation adds a distinct causal insight beyond the existing explanation.,0,0.5,KEEP,Already has at least one A/B engine instance; not a zero-rich closure candidate.
tno-01-03,1,Grade 1: Tens & Ones,tno-blocks,C,1,6,1,NONE—manual fit audit,Manual review required to identify whether manipulation adds a distinct causal insight beyond the existing explanation.,0,0.5,KEEP,Already has at least one A/B engine instance; not a zero-rich closure candidate.
tno-02-01,1,Grade 1: Tens & Ones,tno-expand,A,1,6,1,NONE—manual fit audit,Manual review required to identify whether manipulation adds a distinct causal insight beyond the existing explanation.,0,1.5,KEEP,Already has at least one A/B engine instance; not a zero-rich closure candidate.
tno-02-02,1,Grade 1: Tens & Ones,tno-read-expanded,C,1,6,1,NONE—manual fit audit,Manual review required to identify whether manipulation adds a distinct causal insight beyond the existing explanation.,0,0.5,KEEP,Already has at least one A/B engine instance; not a zero-rich closure candidate.
tno-02-03,1,Grade 1: Tens & Ones,tno-digit-value,C,1,6,1,NONE—manual fit audit,Manual review required to identify whether manipulation adds a distinct causal insight beyond the existing explanation.,0,0.5,KEEP,Already has at least one A/B engine instance; not a zero-rich closure candidate.
tno-03-01,1,Grade 1: Tens & Ones,tno-ten-more-less,A,1,6,1,NONE—manual fit audit,Manual review required to identify whether manipulation adds a distinct causal insight beyond the existing explanation.,0,1.5,KEEP,Already has at least one A/B engine instance; not a zero-rich closure candidate.
tno-03-02,1,Grade 1: Tens & Ones,tno-add-tens,C,1,6,1,NONE—manual fit audit,Manual review required to identify whether manipulation adds a distinct causal insight beyond the existing explanation.,0,0.5,KEEP,Already has at least one A/B engine instance; not a zero-rich closure candidate.
tno-03-03,1,Grade 1: Tens & Ones,tno-subtract-tens,C,1,6,1,NONE—manual fit audit,Manual review required to identify whether manipulation adds a distinct causal insight beyond the existing explanation.,0,0.5,KEEP,Already has at least one A/B engine instance; not a zero-rich closure candidate.
tno-04-01,1,Grade 1: Tens & Ones,tno-compare-tens,A,0,7,1,NONE—manual fit audit,Manual review required to identify whether manipulation adds a distinct causal insight beyond the existing explanation.,0,1.5,KEEP,"Potential conceptual gap, but no obvious existing-engine fit from the mechanical scan; requires human necessity audit before any implementation."
tno-04-02,1,Grade 1: Tens & Ones,tno-compare-ones,C,0,7,1,NONE—manual fit audit,Manual review required to identify whether manipulation adds a distinct causal insight beyond the existing explanation.,0,0.5,KEEP,Procedural-fluency purpose; preserve independent production unless a manual lesson read finds a conceptual bottleneck.
tno-04-03,1,Grade 1: Tens & Ones,tno-compare-any,C,0,7,1,NONE—manual fit audit,Manual review required to identify whether manipulation adds a distinct causal insight beyond the existing explanation.,0,0.5,KEEP,Procedural-fluency purpose; preserve independent production unless a manual lesson read finds a conceptual bottleneck.
rns-01-01,8,Grade 8: The Real Number System,rns-repeat-or-terminate,A,8,0,3,hundredthsGrid,Learner could manipulate the hundredthsGrid model and observe a state-dependent consequence before symbolic/retrieval checks.,36,85.02,KEEP,Already has at least one A/B engine instance; not a zero-rich closure candidate.
rns-01-02,8,Grade 8: The Real Number System,rns-predict-terminate,C,0,7,3,hundredthsGrid,Learner could manipulate the hundredthsGrid model and observe a state-dependent consequence before symbolic/retrieval checks.,36,28.34,KEEP,Procedural-fluency purpose; preserve independent production unless a manual lesson read finds a conceptual bottleneck.
rns-01-03,8,Grade 8: The Real Number System,rns-convert-to-fraction,C,6,0,3,fractionBar,Learner could manipulate the fractionBar model and observe a state-dependent consequence before symbolic/retrieval checks.,101,36.11,KEEP,Already has at least one A/B engine instance; not a zero-rich closure candidate.
rns-02-01,8,Grade 8: The Real Number System,rns-irrational-exists,A,0,7,3,fractionBar,Learner could manipulate the fractionBar model and observe a state-dependent consequence before symbolic/retrieval checks.,101,108.32,CHANGE,"Zero A/B interaction in an acquisition lesson; existing fractionBar offers a causal model, so reuse should be audited before any new engine."
rns-02-02,8,Grade 8: The Real Number System,rns-classify,C,0,6,3,NONE—manual fit audit,Manual review required to identify whether manipulation adds a distinct causal insight beyond the existing explanation.,0,1.8,KEEP,Procedural-fluency purpose; preserve independent production unless a manual lesson read finds a conceptual bottleneck.
rns-02-03,8,Grade 8: The Real Number System,rns-density,C,0,6,3,numberLineHop,Learner could manipulate the numberLineHop model and observe a state-dependent consequence before symbolic/retrieval checks.,452,47.66,KEEP,Procedural-fluency purpose; preserve independent production unless a manual lesson read finds a conceptual bottleneck.
rns-03-01,8,Grade 8: The Real Number System,rns-estimate-integer-bounds,A,1,5,3,numberLineHop,Learner could manipulate the numberLineHop model and observe a state-dependent consequence before symbolic/retrieval checks.,452,142.99,KEEP,Already has at least one A/B engine instance; not a zero-rich closure candidate.
rns-03-02,8,Grade 8: The Real Number System,rns-locate-number-line,C,1,5,3,numberLineHop,Learner could manipulate the numberLineHop model and observe a state-dependent consequence before symbolic/retrieval checks.,452,47.66,KEEP,Already has at least one A/B engine instance; not a zero-rich closure candidate.
rns-03-03,8,Grade 8: The Real Number System,rns-compare-estimate,C,1,5,3,NONE—manual fit audit,Manual review required to identify whether manipulation adds a distinct causal insight beyond the existing explanation.,0,1.8,KEEP,Already has at least one A/B engine instance; not a zero-rich closure candidate.
tm-01-01,8,Grade 8: Transformations & Measurement,tm-translation,A,1,5,3,transformExplore,Learner could manipulate the transformExplore model and observe a state-dependent consequence before symbolic/retrieval checks.,9,56.04,KEEP,Already has at least one A/B engine instance; not a zero-rich closure candidate.
tm-01-02,8,Grade 8: Transformations & Measurement,tm-reflection,C,1,6,3,transformExplore,Learner could manipulate the transformExplore model and observe a state-dependent consequence before symbolic/retrieval checks.,9,18.68,KEEP,Already has at least one A/B engine instance; not a zero-rich closure candidate.
tm-01-03,8,Grade 8: Transformations & Measurement,tm-rotation,C,0,6,3,transformExplore,Learner could manipulate the transformExplore model and observe a state-dependent consequence before symbolic/retrieval checks.,9,18.68,KEEP,Procedural-fluency purpose; preserve independent production unless a manual lesson read finds a conceptual bottleneck.
tm-01b-01,8,Grade 8: Transformations & Measurement,coordinate-rule-translation,A,2,4,3,transformExplore,Learner could manipulate the transformExplore model and observe a state-dependent consequence before symbolic/retrieval checks.,9,56.04,KEEP,Already has at least one A/B engine instance; not a zero-rich closure candidate.
tm-01b-02,8,Grade 8: Transformations & Measurement,coordinate-rule-reflection,C,2,4,3,transformExplore,Learner could manipulate the transformExplore model and observe a state-dependent consequence before symbolic/retrieval checks.,9,18.68,KEEP,Already has at least one A/B engine instance; not a zero-rich closure candidate.
tm-01b-03,8,Grade 8: Transformations & Measurement,coordinate-rule-dilation,C,2,4,3,dilationExplore,Learner could manipulate the dilationExplore model and observe a state-dependent consequence before symbolic/retrieval checks.,18,23.34,KEEP,Already has at least one A/B engine instance; not a zero-rich closure candidate.
tm-02-01,8,Grade 8: Transformations & Measurement,tm-congruence,A,0,6,3,triangleConstraintLab,Learner could manipulate the triangleConstraintLab model and observe a state-dependent consequence before symbolic/retrieval checks.,13,63.29,CHANGE,"Zero A/B interaction in an acquisition lesson; existing triangleConstraintLab offers a causal model, so reuse should be audited before any new engine."
tm-02-02,8,Grade 8: Transformations & Measurement,tm-dilation,C,1,6,3,triangleConstraintLab,Learner could manipulate the triangleConstraintLab model and observe a state-dependent consequence before symbolic/retrieval checks.,13,21.1,KEEP,Already has at least one A/B engine instance; not a zero-rich closure candidate.
tm-02-03,8,Grade 8: Transformations & Measurement,tm-similarity,C,1,5,3,triangleConstraintLab,Learner could manipulate the triangleConstraintLab model and observe a state-dependent consequence before symbolic/retrieval checks.,13,21.1,KEEP,Already has at least one A/B engine instance; not a zero-rich closure candidate.
tm-03-01,8,Grade 8: Transformations & Measurement,tm-transversal-angles,A,0,6,2,NONE—manual fit audit,Manual review required to identify whether manipulation adds a distinct causal insight beyond the existing explanation.,0,3.6,KEEP,"Potential conceptual gap, but no obvious existing-engine fit from the mechanical scan; requires human necessity audit before any implementation."
tm-03-02,8,Grade 8: Transformations & Measurement,tm-triangle-angle-sum,C,1,5,2,triangleConstraintLab,Learner could manipulate the triangleConstraintLab model and observe a state-dependent consequence before symbolic/retrieval checks.,13,14.06,KEEP,Already has at least one A/B engine instance; not a zero-rich closure candidate.
tm-03-03,8,Grade 8: Transformations & Measurement,tm-angle-angle,C,6,0,3,dilationExplore,Learner could manipulate the dilationExplore model and observe a state-dependent consequence before symbolic/retrieval checks.,18,23.34,KEEP,Already has at least one A/B engine instance; not a zero-rich closure candidate.
tm-04-01,8,Grade 8: Transformations & Measurement,tm-pythagorean-why,A,6,0,1,NONE—manual fit audit,Manual review required to identify whether manipulation adds a distinct causal insight beyond the existing explanation.,0,1.8,KEEP,Already has at least one A/B engine instance; not a zero-rich closure candidate.
tm-04-02,8,Grade 8: Transformations & Measurement,tm-pythagorean-apply,C,1,5,1,lengthCompare,Learner could manipulate the lengthCompare model and observe a state-dependent consequence before symbolic/retrieval checks.,63,10.84,KEEP,Already has at least one A/B engine instance; not a zero-rich closure candidate.
tm-04-03,8,Grade 8: Transformations & Measurement,tm-pythagorean-converse,C,0,6,1,NONE—manual fit audit,Manual review required to identify whether manipulation adds a distinct causal insight beyond the existing explanation.,0,0.6,KEEP,Procedural-fluency purpose; preserve independent production unless a manual lesson read finds a conceptual bottleneck.
tm-05-01,8,Grade 8: Transformations & Measurement,tm-cylinder-volume,A,1,5,2,volumeBuilder,Learner could manipulate the volumeBuilder model and observe a state-dependent consequence before symbolic/retrieval checks.,19,47.44,KEEP,Already has at least one A/B engine instance; not a zero-rich closure candidate.
tm-05-02,8,Grade 8: Transformations & Measurement,tm-cone-volume,C,1,5,2,volumeBuilder,Learner could manipulate the volumeBuilder model and observe a state-dependent consequence before symbolic/retrieval checks.,19,15.81,KEEP,Already has at least one A/B engine instance; not a zero-rich closure candidate.
tm-05-03,8,Grade 8: Transformations & Measurement,tm-sphere-volume,C,1,5,2,volumeBuilder,Learner could manipulate the volumeBuilder model and observe a state-dependent consequence before symbolic/retrieval checks.,19,15.81,KEEP,Already has at least one A/B engine instance; not a zero-rich closure candidate.
tc-01-01,10,Triangle Congruence & Centers,tc-sss,A,1,5,3,triangleConstraintLab,Learner could manipulate the triangleConstraintLab model and observe a state-dependent consequence before symbolic/retrieval checks.,13,73.84,KEEP,Already has at least one A/B engine instance; not a zero-rich closure candidate.
tc-01-02,10,Triangle Congruence & Centers,tc-ssa-fails,C,1,5,3,triangleConstraintLab,Learner could manipulate the triangleConstraintLab model and observe a state-dependent consequence before symbolic/retrieval checks.,13,24.61,KEEP,Already has at least one A/B engine instance; not a zero-rich closure candidate.
tc-01-03,10,Triangle Congruence & Centers,tc-cpctc,C,1,5,3,triangleConstraintLab,Learner could manipulate the triangleConstraintLab model and observe a state-dependent consequence before symbolic/retrieval checks.,13,24.61,KEEP,Already has at least one A/B engine instance; not a zero-rich closure candidate.
tc-02-01,10,Triangle Congruence & Centers,tc-hl,A,1,5,1,NONE—manual fit audit,Manual review required to identify whether manipulation adds a distinct causal insight beyond the existing explanation.,0,2.1,KEEP,Already has at least one A/B engine instance; not a zero-rich closure candidate.
tc-02-02,10,Triangle Congruence & Centers,tc-cpctc-practice,C,1,5,3,NONE—manual fit audit,Manual review required to identify whether manipulation adds a distinct causal insight beyond the existing explanation.,0,2.1,KEEP,Already has at least one A/B engine instance; not a zero-rich closure candidate.
tc-02-03,10,Triangle Congruence & Centers,tc-overlapping,C,1,5,2,triangleConstraintLab,Learner could manipulate the triangleConstraintLab model and observe a state-dependent consequence before symbolic/retrieval checks.,13,16.41,KEEP,Already has at least one A/B engine instance; not a zero-rich closure candidate.
tc-03-01,10,Triangle Congruence & Centers,tc-isosceles,A,1,5,2,triangleConstraintLab,Learner could manipulate the triangleConstraintLab model and observe a state-dependent consequence before symbolic/retrieval checks.,13,49.23,KEEP,Already has at least one A/B engine instance; not a zero-rich closure candidate.
tc-03-02,10,Triangle Congruence & Centers,tc-isosceles-converse,C,1,5,2,triangleConstraintLab,Learner could manipulate the triangleConstraintLab model and observe a state-dependent consequence before symbolic/retrieval checks.,13,16.41,KEEP,Already has at least one A/B engine instance; not a zero-rich closure candidate.
tc-03-03,10,Triangle Congruence & Centers,tc-midsegment,C,1,5,2,triangleConstraintLab,Learner could manipulate the triangleConstraintLab model and observe a state-dependent consequence before symbolic/retrieval checks.,13,16.41,KEEP,Already has at least one A/B engine instance; not a zero-rich closure candidate.
tc-04-01,10,Triangle Congruence & Centers,tc-circumcenter,A,0,6,2,triangleConstraintLab,Learner could manipulate the triangleConstraintLab model and observe a state-dependent consequence before symbolic/retrieval checks.,13,49.23,CHANGE,"Zero A/B interaction in an acquisition lesson; existing triangleConstraintLab offers a causal model, so reuse should be audited before any new engine."
tc-04-02,10,Triangle Congruence & Centers,tc-centroid,C,0,6,2,triangleConstraintLab,Learner could manipulate the triangleConstraintLab model and observe a state-dependent consequence before symbolic/retrieval checks.,13,16.41,KEEP,Procedural-fluency purpose; preserve independent production unless a manual lesson read finds a conceptual bottleneck.
tc-04-03,10,Triangle Congruence & Centers,tc-centers-choice,C,0,6,2,triangleConstraintLab,Learner could manipulate the triangleConstraintLab model and observe a state-dependent consequence before symbolic/retrieval checks.,13,16.41,KEEP,Procedural-fluency purpose; preserve independent production unless a manual lesson read finds a conceptual bottleneck.
tc-05-01,10,Triangle Congruence & Centers,tc-triangle-inequality,A,1,5,3,numberLineRay,Learner could manipulate the numberLineRay model and observe a state-dependent consequence before symbolic/retrieval checks.,3,43.88,KEEP,Already has at least one A/B engine instance; not a zero-rich closure candidate.
tc-05-02,10,Triangle Congruence & Centers,tc-hinge,C,1,5,3,numberLineRay,Learner could manipulate the numberLineRay model and observe a state-dependent consequence before symbolic/retrieval checks.,3,14.63,KEEP,Already has at least one A/B engine instance; not a zero-rich closure candidate.
tc-05-03,10,Triangle Congruence & Centers,tc-inequality-proofs,C,0,6,3,numberLineRay,Learner could manipulate the numberLineRay model and observe a state-dependent consequence before symbolic/retrieval checks.,3,14.63,KEEP,Procedural-fluency purpose; preserve independent production unless a manual lesson read finds a conceptual bottleneck.
tf-01-01,11,Algebra 2: Trigonometric Functions,tf-ratios,A,1,5,3,proportionalReasoningLab,Learner could manipulate the proportionalReasoningLab model and observe a state-dependent consequence before symbolic/retrieval checks.,42,103.18,KEEP,Already has at least one A/B engine instance; not a zero-rich closure candidate.
tf-01-02,11,Algebra 2: Trigonometric Functions,tf-solve-sides,C,1,5,3,solveBalance,Learner could manipulate the solveBalance model and observe a state-dependent consequence before symbolic/retrieval checks.,20,28.09,KEEP,Already has at least one A/B engine instance; not a zero-rich closure candidate.
tf-01-03,11,Algebra 2: Trigonometric Functions,tf-inverse,C,1,5,3,triangleConstraintLab,Learner could manipulate the triangleConstraintLab model and observe a state-dependent consequence before symbolic/retrieval checks.,13,24.61,KEEP,Already has at least one A/B engine instance; not a zero-rich closure candidate.
tf-02-01,11,Algebra 2: Trigonometric Functions,tf-radians,A,0,6,1,lengthCompare,Learner could manipulate the lengthCompare model and observe a state-dependent consequence before symbolic/retrieval checks.,63,37.94,CHANGE,"Zero A/B interaction in an acquisition lesson; existing lengthCompare offers a causal model, so reuse should be audited before any new engine."
tf-02-02,11,Algebra 2: Trigonometric Functions,tf-radians,C,0,6,1,lengthCompare,Learner could manipulate the lengthCompare model and observe a state-dependent consequence before symbolic/retrieval checks.,63,12.65,KEEP,Procedural-fluency purpose; preserve independent production unless a manual lesson read finds a conceptual bottleneck.
tf-02-03,11,Algebra 2: Trigonometric Functions,tf-arc-length,C,1,5,1,lengthCompare,Learner could manipulate the lengthCompare model and observe a state-dependent consequence before symbolic/retrieval checks.,63,12.65,KEEP,Already has at least one A/B engine instance; not a zero-rich closure candidate.
tf-03-01,11,Algebra 2: Trigonometric Functions,tf-unit-circle,A,1,6,2,circleAngleExplore,Learner could manipulate the circleAngleExplore model and observe a state-dependent consequence before symbolic/retrieval checks.,5,35.37,KEEP,Already has at least one A/B engine instance; not a zero-rich closure candidate.
tf-03-02,11,Algebra 2: Trigonometric Functions,tf-reference,C,1,5,2,circleAngleExplore,Learner could manipulate the circleAngleExplore model and observe a state-dependent consequence before symbolic/retrieval checks.,5,11.79,KEEP,Already has at least one A/B engine instance; not a zero-rich closure candidate.
tf-03-03,11,Algebra 2: Trigonometric Functions,tf-exact-values,C,1,5,2,circleAngleExplore,Learner could manipulate the circleAngleExplore model and observe a state-dependent consequence before symbolic/retrieval checks.,5,11.79,KEEP,Already has at least one A/B engine instance; not a zero-rich closure candidate.
tf-04-01,11,Algebra 2: Trigonometric Functions,tf-wave-read,A,1,5,2,circleAngleExplore,Learner could manipulate the circleAngleExplore model and observe a state-dependent consequence before symbolic/retrieval checks.,5,35.37,KEEP,Already has at least one A/B engine instance; not a zero-rich closure candidate.
tf-04-02,11,Algebra 2: Trigonometric Functions,tf-amp-period,C,1,5,2,NONE—manual fit audit,Manual review required to identify whether manipulation adds a distinct causal insight beyond the existing explanation.,0,1.4,KEEP,Already has at least one A/B engine instance; not a zero-rich closure candidate.
tf-04-03,11,Algebra 2: Trigonometric Functions,tf-transform,C,1,5,3,transformExplore,Learner could manipulate the transformExplore model and observe a state-dependent consequence before symbolic/retrieval checks.,9,21.79,KEEP,Already has at least one A/B engine instance; not a zero-rich closure candidate.
tf-05-01,11,Algebra 2: Trigonometric Functions,tf-model,A,1,5,1,NONE—manual fit audit,Manual review required to identify whether manipulation adds a distinct causal insight beyond the existing explanation.,0,2.1,KEEP,Already has at least one A/B engine instance; not a zero-rich closure candidate.
tf-05-02,11,Algebra 2: Trigonometric Functions,tf-model,B,1,5,1,NONE—manual fit audit,Manual review required to identify whether manipulation adds a distinct causal insight beyond the existing explanation.,0,1.75,KEEP,Already has at least one A/B engine instance; not a zero-rich closure candidate.
tf-05-03,11,Algebra 2: Trigonometric Functions,tf-identity,B,1,5,1,NONE—manual fit audit,Manual review required to identify whether manipulation adds a distinct causal insight beyond the existing explanation.,0,1.75,KEEP,Already has at least one A/B engine instance; not a zero-rich closure candidate.
tg-01-01,12,Precalculus: Trig Graphs & Inverse Trig,tg-phase,A,1,4,1,NONE—manual fit audit,Manual review required to identify whether manipulation adds a distinct causal insight beyond the existing explanation.,0,2.1,KEEP,Already has at least one A/B engine instance; not a zero-rich closure candidate.
tg-01-02,12,Precalculus: Trig Graphs & Inverse Trig,tg-four-dials,C,1,4,1,NONE—manual fit audit,Manual review required to identify whether manipulation adds a distinct causal insight beyond the existing explanation.,0,0.7,KEEP,Already has at least one A/B engine instance; not a zero-rich closure candidate.
tg-01-03,12,Precalculus: Trig Graphs & Inverse Trig,tg-five-points,B,1,4,2,NONE—manual fit audit,Manual review required to identify whether manipulation adds a distinct causal insight beyond the existing explanation.,0,3.5,KEEP,Already has at least one A/B engine instance; not a zero-rich closure candidate.
tg-02-01,12,Precalculus: Trig Graphs & Inverse Trig,tg-cos-graph,A,1,4,2,NONE—manual fit audit,Manual review required to identify whether manipulation adds a distinct causal insight beyond the existing explanation.,0,4.2,KEEP,Already has at least one A/B engine instance; not a zero-rich closure candidate.
tg-02-02,12,Precalculus: Trig Graphs & Inverse Trig,tg-cos-sin,C,1,4,1,NONE—manual fit audit,Manual review required to identify whether manipulation adds a distinct causal insight beyond the existing explanation.,0,0.7,KEEP,Already has at least one A/B engine instance; not a zero-rich closure candidate.
tg-02-03,12,Precalculus: Trig Graphs & Inverse Trig,tg-equiv-rules,C,1,5,1,transformExplore,Learner could manipulate the transformExplore model and observe a state-dependent consequence before symbolic/retrieval checks.,9,7.26,KEEP,Already has at least one A/B engine instance; not a zero-rich closure candidate.
tg-03-01,12,Precalculus: Trig Graphs & Inverse Trig,tg-tan-shape,A,1,4,2,NONE—manual fit audit,Manual review required to identify whether manipulation adds a distinct causal insight beyond the existing explanation.,0,4.2,KEEP,Already has at least one A/B engine instance; not a zero-rich closure candidate.
tg-03-02,12,Precalculus: Trig Graphs & Inverse Trig,tg-tan-values,C,1,4,2,NONE—manual fit audit,Manual review required to identify whether manipulation adds a distinct causal insight beyond the existing explanation.,0,1.4,KEEP,Already has at least one A/B engine instance; not a zero-rich closure candidate.
tg-03-03,12,Precalculus: Trig Graphs & Inverse Trig,tg-tan-transform,C,1,4,3,transformExplore,Learner could manipulate the transformExplore model and observe a state-dependent consequence before symbolic/retrieval checks.,9,21.79,KEEP,Already has at least one A/B engine instance; not a zero-rich closure candidate.
tg-04-01,12,Precalculus: Trig Graphs & Inverse Trig,tg-arcsin,A,1,4,3,unitCircleExplore,Learner could manipulate the unitCircleExplore model and observe a state-dependent consequence before symbolic/retrieval checks.,40,101.91,KEEP,Already has at least one A/B engine instance; not a zero-rich closure candidate.
tg-04-02,12,Precalculus: Trig Graphs & Inverse Trig,tg-arccos,C,1,4,3,unitCircleExplore,Learner could manipulate the unitCircleExplore model and observe a state-dependent consequence before symbolic/retrieval checks.,40,33.97,KEEP,Already has at least one A/B engine instance; not a zero-rich closure candidate.
tg-04-03,12,Precalculus: Trig Graphs & Inverse Trig,tg-inverse-graphs,C,1,4,3,unitCircleExplore,Learner could manipulate the unitCircleExplore model and observe a state-dependent consequence before symbolic/retrieval checks.,40,33.97,KEEP,Already has at least one A/B engine instance; not a zero-rich closure candidate.
tg-05-01,12,Precalculus: Trig Graphs & Inverse Trig,tg-composition-trap,A,1,4,1,NONE—manual fit audit,Manual review required to identify whether manipulation adds a distinct causal insight beyond the existing explanation.,0,2.1,KEEP,Already has at least one A/B engine instance; not a zero-rich closure candidate.
tg-05-02,12,Precalculus: Trig Graphs & Inverse Trig,tg-mixed-comp,C,1,4,2,triangleConstraintLab,Learner could manipulate the triangleConstraintLab model and observe a state-dependent consequence before symbolic/retrieval checks.,13,16.41,KEEP,Already has at least one A/B engine instance; not a zero-rich closure candidate.
tg-05-03,12,Precalculus: Trig Graphs & Inverse Trig,tg-solve-all,C,1,5,2,solveBalance,Learner could manipulate the solveBalance model and observe a state-dependent consequence before symbolic/retrieval checks.,20,18.73,KEEP,Already has at least one A/B engine instance; not a zero-rich closure candidate.
ti-01-01,12,Precalculus: Trig Identities & Equations,ti-general,A,1,4,1,NONE—manual fit audit,Manual review required to identify whether manipulation adds a distinct causal insight beyond the existing explanation.,0,2.1,KEEP,Already has at least one A/B engine instance; not a zero-rich closure candidate.
ti-01-02,12,Precalculus: Trig Identities & Equations,ti-tan-ladder,C,1,4,1,NONE—manual fit audit,Manual review required to identify whether manipulation adds a distinct causal insight beyond the existing explanation.,0,0.7,KEEP,Already has at least one A/B engine instance; not a zero-rich closure candidate.
ti-01-03,12,Precalculus: Trig Identities & Equations,ti-inside-ladder,C,1,5,3,transformExplore,Learner could manipulate the transformExplore model and observe a state-dependent consequence before symbolic/retrieval checks.,9,21.79,KEEP,Already has at least one A/B engine instance; not a zero-rich closure candidate.
ti-02-01,12,Precalculus: Trig Identities & Equations,ti-reciprocals,A,1,4,3,lineExplore,Learner could manipulate the lineExplore model and observe a state-dependent consequence before symbolic/retrieval checks.,6,56.7,KEEP,Already has at least one A/B engine instance; not a zero-rich closure candidate.
ti-02-02,12,Precalculus: Trig Identities & Equations,ti-pythagorean,C,1,4,1,NONE—manual fit audit,Manual review required to identify whether manipulation adds a distinct causal insight beyond the existing explanation.,0,0.7,KEEP,Already has at least one A/B engine instance; not a zero-rich closure candidate.
ti-02-03,12,Precalculus: Trig Identities & Equations,ti-prove,C,1,4,1,NONE—manual fit audit,Manual review required to identify whether manipulation adds a distinct causal insight beyond the existing explanation.,0,0.7,KEEP,Already has at least one A/B engine instance; not a zero-rich closure candidate.
ti-03-01,12,Precalculus: Trig Identities & Equations,ti-sum-diff,A,1,4,2,NONE—manual fit audit,Manual review required to identify whether manipulation adds a distinct causal insight beyond the existing explanation.,0,4.2,KEEP,Already has at least one A/B engine instance; not a zero-rich closure candidate.
ti-03-02,12,Precalculus: Trig Identities & Equations,ti-tan-cofunction,C,1,4,3,NONE—manual fit audit,Manual review required to identify whether manipulation adds a distinct causal insight beyond the existing explanation.,0,2.1,KEEP,Already has at least one A/B engine instance; not a zero-rich closure candidate.
ti-03-03,12,Precalculus: Trig Identities & Equations,ti-apply-sum-diff,C,1,4,1,NONE—manual fit audit,Manual review required to identify whether manipulation adds a distinct causal insight beyond the existing explanation.,0,0.7,KEEP,Already has at least one A/B engine instance; not a zero-rich closure candidate.
ti-04-01,12,Precalculus: Trig Identities & Equations,ti-double-basic,A,1,4,2,NONE—manual fit audit,Manual review required to identify whether manipulation adds a distinct causal insight beyond the existing explanation.,0,4.2,KEEP,Already has at least one A/B engine instance; not a zero-rich closure candidate.
ti-04-02,12,Precalculus: Trig Identities & Equations,ti-cos2-forms,C,1,4,2,NONE—manual fit audit,Manual review required to identify whether manipulation adds a distinct causal insight beyond the existing explanation.,0,1.4,KEEP,Already has at least one A/B engine instance; not a zero-rich closure candidate.
ti-04-03,12,Precalculus: Trig Identities & Equations,ti-double-action,C,1,5,2,NONE—manual fit audit,Manual review required to identify whether manipulation adds a distinct causal insight beyond the existing explanation.,0,1.4,KEEP,Already has at least one A/B engine instance; not a zero-rich closure candidate.
ti-05-01,12,Precalculus: Trig Identities & Equations,ti-quad-trig,A,1,4,3,solveBalance,Learner could manipulate the solveBalance model and observe a state-dependent consequence before symbolic/retrieval checks.,20,84.28,KEEP,Already has at least one A/B engine instance; not a zero-rich closure candidate.
ti-05-02,12,Precalculus: Trig Identities & Equations,ti-convert-solve,C,1,4,3,solveBalance,Learner could manipulate the solveBalance model and observe a state-dependent consequence before symbolic/retrieval checks.,20,28.09,KEEP,Already has at least one A/B engine instance; not a zero-rich closure candidate.
ti-05-03,12,Precalculus: Trig Identities & Equations,ti-root-traps,C,1,4,3,solveBalance,Learner could manipulate the solveBalance model and observe a state-dependent consequence before symbolic/retrieval checks.,20,28.09,KEEP,Already has at least one A/B engine instance; not a zero-rich closure candidate.
tse-01-01,7,Grade 7: Two-Step Equations & Inequalities,tse-distribute-negative,A,1,6,3,algebraTiles,Learner could manipulate the algebraTiles model and observe a state-dependent consequence before symbolic/retrieval checks.,17,68.82,KEEP,Already has at least one A/B engine instance; not a zero-rich closure candidate.
tse-01-02,7,Grade 7: Two-Step Equations & Inequalities,tse-combine-negative,C,1,7,3,algebraTiles,Learner could manipulate the algebraTiles model and observe a state-dependent consequence before symbolic/retrieval checks.,17,22.94,KEEP,Already has at least one A/B engine instance; not a zero-rich closure candidate.
tse-01-03,7,Grade 7: Two-Step Equations & Inequalities,tse-simplify-mixed,C,1,6,3,algebraTiles,Learner could manipulate the algebraTiles model and observe a state-dependent consequence before symbolic/retrieval checks.,17,22.94,KEEP,Already has at least one A/B engine instance; not a zero-rich closure candidate.
tse-01b-01,7,Grade 7: Two-Step Equations & Inequalities,factor-linear,A,2,4,3,algebraTiles,Learner could manipulate the algebraTiles model and observe a state-dependent consequence before symbolic/retrieval checks.,17,68.82,KEEP,Already has at least one A/B engine instance; not a zero-rich closure candidate.
tse-01b-02,7,Grade 7: Two-Step Equations & Inequalities,structure-multiplier,C,2,4,3,algebraTiles,Learner could manipulate the algebraTiles model and observe a state-dependent consequence before symbolic/retrieval checks.,17,22.94,KEEP,Already has at least one A/B engine instance; not a zero-rich closure candidate.
tse-01b-03,7,Grade 7: Two-Step Equations & Inequalities,structure-choose-form,C,2,4,3,algebraTiles,Learner could manipulate the algebraTiles model and observe a state-dependent consequence before symbolic/retrieval checks.,17,22.94,KEEP,Already has at least one A/B engine instance; not a zero-rich closure candidate.
tse-02-01,7,Grade 7: Two-Step Equations & Inequalities,tse-solve-two-step,A,1,6,3,solveBalance,Learner could manipulate the solveBalance model and observe a state-dependent consequence before symbolic/retrieval checks.,20,72.24,KEEP,Already has at least one A/B engine instance; not a zero-rich closure candidate.
tse-02-02,7,Grade 7: Two-Step Equations & Inequalities,tse-solve-negative-coeff,C,1,6,3,solveBalance,Learner could manipulate the solveBalance model and observe a state-dependent consequence before symbolic/retrieval checks.,20,24.08,KEEP,Already has at least one A/B engine instance; not a zero-rich closure candidate.
tse-02-03,7,Grade 7: Two-Step Equations & Inequalities,tse-solve-realworld,C,1,6,3,solveBalance,Learner could manipulate the solveBalance model and observe a state-dependent consequence before symbolic/retrieval checks.,20,24.08,KEEP,Already has at least one A/B engine instance; not a zero-rich closure candidate.
tse-02-04,7,Grade 7: Two-Step Equations & Inequalities,tse-solve-two-step,C,5,1,3,solveBalance,Learner could manipulate the solveBalance model and observe a state-dependent consequence before symbolic/retrieval checks.,20,24.08,KEEP,Already has at least one A/B engine instance; not a zero-rich closure candidate.
tse-02-05,7,Grade 7: Two-Step Equations & Inequalities,tse-solve-two-step,C,5,1,3,solveBalance,Learner could manipulate the solveBalance model and observe a state-dependent consequence before symbolic/retrieval checks.,20,24.08,KEEP,Already has at least one A/B engine instance; not a zero-rich closure candidate.
tse-03-01,7,Grade 7: Two-Step Equations & Inequalities,tse-parens-solve,A,1,6,3,solveBalance,Learner could manipulate the solveBalance model and observe a state-dependent consequence before symbolic/retrieval checks.,20,72.24,KEEP,Already has at least one A/B engine instance; not a zero-rich closure candidate.
tse-03-02,7,Grade 7: Two-Step Equations & Inequalities,tse-parens-negative,C,1,6,3,solveBalance,Learner could manipulate the solveBalance model and observe a state-dependent consequence before symbolic/retrieval checks.,20,24.08,KEEP,Already has at least one A/B engine instance; not a zero-rich closure candidate.
tse-03-03,7,Grade 7: Two-Step Equations & Inequalities,tse-parens-mixed,C,1,6,3,solveBalance,Learner could manipulate the solveBalance model and observe a state-dependent consequence before symbolic/retrieval checks.,20,24.08,KEEP,Already has at least one A/B engine instance; not a zero-rich closure candidate.
tse-04-01,7,Grade 7: Two-Step Equations & Inequalities,tse-inequality-positive,A,2,6,3,numberLineRay,Learner could manipulate the numberLineRay model and observe a state-dependent consequence before symbolic/retrieval checks.,3,37.62,KEEP,Already has at least one A/B engine instance; not a zero-rich closure candidate.
tse-04-02,7,Grade 7: Two-Step Equations & Inequalities,tse-inequality-flip,C,2,6,3,numberLineRay,Learner could manipulate the numberLineRay model and observe a state-dependent consequence before symbolic/retrieval checks.,3,12.54,KEEP,Already has at least one A/B engine instance; not a zero-rich closure candidate.
tse-04-03,7,Grade 7: Two-Step Equations & Inequalities,tse-inequality-realworld,C,0,7,3,numberLineRay,Learner could manipulate the numberLineRay model and observe a state-dependent consequence before symbolic/retrieval checks.,3,12.54,KEEP,Procedural-fluency purpose; preserve independent production unless a manual lesson read finds a conceptual bottleneck.
g5u-01-01,5,Adding & Subtracting Unlike Fractions,g5u-why-common,A,2,4,1,NONE—manual fit audit,Manual review required to identify whether manipulation adds a distinct causal insight beyond the existing explanation.,0,1.65,KEEP,Already has at least one A/B engine instance; not a zero-rich closure candidate.
g5u-01-02,5,Adding & Subtracting Unlike Fractions,g5u-find-common,C,2,4,1,NONE—manual fit audit,Manual review required to identify whether manipulation adds a distinct causal insight beyond the existing explanation.,0,0.55,KEEP,Already has at least one A/B engine instance; not a zero-rich closure candidate.
g5u-01-03,5,Adding & Subtracting Unlike Fractions,g5u-lcd,C,2,4,1,NONE—manual fit audit,Manual review required to identify whether manipulation adds a distinct causal insight beyond the existing explanation.,0,0.55,KEEP,Already has at least one A/B engine instance; not a zero-rich closure candidate.
g5u-01-04,5,Adding & Subtracting Unlike Fractions,g5u-rename,C,2,4,3,fractionBar,Learner could manipulate the fractionBar model and observe a state-dependent consequence before symbolic/retrieval checks.,101,33.1,KEEP,Already has at least one A/B engine instance; not a zero-rich closure candidate.
g5u-01-05,5,Adding & Subtracting Unlike Fractions,g5u-add,C,2,4,3,fractionBar,Learner could manipulate the fractionBar model and observe a state-dependent consequence before symbolic/retrieval checks.,101,33.1,KEEP,Already has at least one A/B engine instance; not a zero-rich closure candidate.
g5u-02-01,5,Adding & Subtracting Unlike Fractions,g5u-sub,A,2,4,3,fractionBar,Learner could manipulate the fractionBar model and observe a state-dependent consequence before symbolic/retrieval checks.,101,99.29,KEEP,Already has at least one A/B engine instance; not a zero-rich closure candidate.
g5u-02-02,5,Adding & Subtracting Unlike Fractions,g5u-add-mixed,C,2,4,1,NONE—manual fit audit,Manual review required to identify whether manipulation adds a distinct causal insight beyond the existing explanation.,0,0.55,KEEP,Already has at least one A/B engine instance; not a zero-rich closure candidate.
g5u-02-03,5,Adding & Subtracting Unlike Fractions,g5u-sub-mixed,C,2,4,1,NONE—manual fit audit,Manual review required to identify whether manipulation adds a distinct causal insight beyond the existing explanation.,0,0.55,KEEP,Already has at least one A/B engine instance; not a zero-rich closure candidate.
g5u-02-04,5,Adding & Subtracting Unlike Fractions,g5u-regroup,C,2,4,1,NONE—manual fit audit,Manual review required to identify whether manipulation adds a distinct causal insight beyond the existing explanation.,0,0.55,KEEP,Already has at least one A/B engine instance; not a zero-rich closure candidate.
g5u-02-05,5,Adding & Subtracting Unlike Fractions,g5u-simplify,C,2,4,1,NONE—manual fit audit,Manual review required to identify whether manipulation adds a distinct causal insight beyond the existing explanation.,0,0.55,KEEP,Already has at least one A/B engine instance; not a zero-rich closure candidate.
g5u-03-01,5,Adding & Subtracting Unlike Fractions,g5u-benchmark,E,2,4,1,NONE—manual fit audit,Manual review required to identify whether manipulation adds a distinct causal insight beyond the existing explanation.,0,0.28,KEEP,Already has at least one A/B engine instance; not a zero-rich closure candidate.
g5u-03-02,5,Adding & Subtracting Unlike Fractions,g5u-reasonable,C,2,4,1,NONE—manual fit audit,Manual review required to identify whether manipulation adds a distinct causal insight beyond the existing explanation.,0,0.55,KEEP,Already has at least one A/B engine instance; not a zero-rich closure candidate.
g5u-03-03,5,Adding & Subtracting Unlike Fractions,g5u-story,C,2,4,3,fractionBar,Learner could manipulate the fractionBar model and observe a state-dependent consequence before symbolic/retrieval checks.,101,33.1,KEEP,Already has at least one A/B engine instance; not a zero-rich closure candidate.
g5u-03-04,5,Adding & Subtracting Unlike Fractions,g5u-multistep,C,2,4,3,fractionBar,Learner could manipulate the fractionBar model and observe a state-dependent consequence before symbolic/retrieval checks.,101,33.1,KEEP,Already has at least one A/B engine instance; not a zero-rich closure candidate.
vec-01-01,12,Precalculus: Vectors & Matrices,vec-components,A,1,4,1,vectorExplore,Learner could manipulate the vectorExplore model and observe a state-dependent consequence before symbolic/retrieval checks.,9,21.79,KEEP,Already has at least one A/B engine instance; not a zero-rich closure candidate.
vec-01-02,12,Precalculus: Vectors & Matrices,vec-direction,C,0,5,2,vectorExplore,Learner could manipulate the vectorExplore model and observe a state-dependent consequence before symbolic/retrieval checks.,9,14.53,KEEP,Procedural-fluency purpose; preserve independent production unless a manual lesson read finds a conceptual bottleneck.
vec-01-03,12,Precalculus: Vectors & Matrices,vec-displacement,C,1,4,1,vectorExplore,Learner could manipulate the vectorExplore model and observe a state-dependent consequence before symbolic/retrieval checks.,9,7.26,KEEP,Already has at least one A/B engine instance; not a zero-rich closure candidate.
vec-02-01,12,Precalculus: Vectors & Matrices,vec-add,A,1,4,3,vectorExplore,Learner could manipulate the vectorExplore model and observe a state-dependent consequence before symbolic/retrieval checks.,9,65.38,KEEP,Already has at least one A/B engine instance; not a zero-rich closure candidate.
vec-02-02,12,Precalculus: Vectors & Matrices,vec-scalar,C,1,4,3,vectorExplore,Learner could manipulate the vectorExplore model and observe a state-dependent consequence before symbolic/retrieval checks.,9,21.79,KEEP,Already has at least one A/B engine instance; not a zero-rich closure candidate.
vec-02-03,12,Precalculus: Vectors & Matrices,vec-applications,C,1,4,3,vectorExplore,Learner could manipulate the vectorExplore model and observe a state-dependent consequence before symbolic/retrieval checks.,9,21.79,KEEP,Already has at least one A/B engine instance; not a zero-rich closure candidate.
vec-03-01,12,Precalculus: Vectors & Matrices,vec-dot,A,1,4,1,vectorExplore,Learner could manipulate the vectorExplore model and observe a state-dependent consequence before symbolic/retrieval checks.,9,21.79,KEEP,Already has at least one A/B engine instance; not a zero-rich closure candidate.
vec-03-02,12,Precalculus: Vectors & Matrices,vec-angle,C,1,4,2,vectorExplore,Learner could manipulate the vectorExplore model and observe a state-dependent consequence before symbolic/retrieval checks.,9,14.53,KEEP,Already has at least one A/B engine instance; not a zero-rich closure candidate.
vec-03-03,12,Precalculus: Vectors & Matrices,vec-work,C,1,4,1,NONE—manual fit audit,Manual review required to identify whether manipulation adds a distinct causal insight beyond the existing explanation.,0,0.7,KEEP,Already has at least one A/B engine instance; not a zero-rich closure candidate.
vec-04-01,12,Precalculus: Vectors & Matrices,vec-matrix-arith,A,0,5,3,vectorExplore,Learner could manipulate the vectorExplore model and observe a state-dependent consequence before symbolic/retrieval checks.,9,65.38,CHANGE,"Zero A/B interaction in an acquisition lesson; existing vectorExplore offers a causal model, so reuse should be audited before any new engine."
vec-04-02,12,Precalculus: Vectors & Matrices,vec-determinant,C,1,4,1,NONE—manual fit audit,Manual review required to identify whether manipulation adds a distinct causal insight beyond the existing explanation.,0,0.7,KEEP,Already has at least one A/B engine instance; not a zero-rich closure candidate.
vec-04-03,12,Precalculus: Vectors & Matrices,vec-solve-systems,C,0,5,3,solveBalance,Learner could manipulate the solveBalance model and observe a state-dependent consequence before symbolic/retrieval checks.,20,28.09,KEEP,Procedural-fluency purpose; preserve independent production unless a manual lesson read finds a conceptual bottleneck.
vec-05-01,12,Precalculus: Vectors & Matrices,vec-transform,A,1,4,3,transformExplore,Learner could manipulate the transformExplore model and observe a state-dependent consequence before symbolic/retrieval checks.,9,65.38,KEEP,Already has at least one A/B engine instance; not a zero-rich closure candidate.
vec-05-02,12,Precalculus: Vectors & Matrices,vec-rotation,C,1,4,3,transformExplore,Learner could manipulate the transformExplore model and observe a state-dependent consequence before symbolic/retrieval checks.,9,21.79,KEEP,Already has at least one A/B engine instance; not a zero-rich closure candidate.
vec-05-03,12,Precalculus: Vectors & Matrices,vec-compose,C,1,4,3,transformExplore,Learner could manipulate the transformExplore model and observe a state-dependent consequence before symbolic/retrieval checks.,9,21.79,KEEP,Already has at least one A/B engine instance; not a zero-rich closure candidate.
vm-01-01,5,Volume & Measurement,metric-convert,A,4,2,2,NONE—manual fit audit,Manual review required to identify whether manipulation adds a distinct causal insight beyond the existing explanation.,0,3.3,KEEP,Already has at least one A/B engine instance; not a zero-rich closure candidate.
vm-01-02,5,Volume & Measurement,customary-convert,C,2,4,2,NONE—manual fit audit,Manual review required to identify whether manipulation adds a distinct causal insight beyond the existing explanation.,0,1.1,KEEP,Already has at least one A/B engine instance; not a zero-rich closure candidate.
vm-01-03,5,Volume & Measurement,multistep-convert,C,4,2,2,NONE—manual fit audit,Manual review required to identify whether manipulation adds a distinct causal insight beyond the existing explanation.,0,1.1,KEEP,Already has at least one A/B engine instance; not a zero-rich closure candidate.
vm-02-01,5,Volume & Measurement,read-line-plot,A,2,4,3,fractionBar,Learner could manipulate the fractionBar model and observe a state-dependent consequence before symbolic/retrieval checks.,101,99.29,KEEP,Already has at least one A/B engine instance; not a zero-rich closure candidate.
vm-02-02,5,Volume & Measurement,line-plot-operations,B,1,5,3,fractionBar,Learner could manipulate the fractionBar model and observe a state-dependent consequence before symbolic/retrieval checks.,101,82.75,KEEP,Already has at least one A/B engine instance; not a zero-rich closure candidate.
vm-03-01,5,Volume & Measurement,volume-meaning,A,1,5,2,volumeBuilder,Learner could manipulate the volumeBuilder model and observe a state-dependent consequence before symbolic/retrieval checks.,19,43.48,KEEP,Already has at least one A/B engine instance; not a zero-rich closure candidate.
vm-03-02,5,Volume & Measurement,count-cubes,C,1,5,2,volumeBuilder,Learner could manipulate the volumeBuilder model and observe a state-dependent consequence before symbolic/retrieval checks.,19,14.49,KEEP,Already has at least one A/B engine instance; not a zero-rich closure candidate.
vm-04-01,5,Volume & Measurement,volume-layers,A,1,5,2,volumeBuilder,Learner could manipulate the volumeBuilder model and observe a state-dependent consequence before symbolic/retrieval checks.,19,43.48,KEEP,Already has at least one A/B engine instance; not a zero-rich closure candidate.
vm-04-02,5,Volume & Measurement,volume-lwh,C,1,6,2,volumeBuilder,Learner could manipulate the volumeBuilder model and observe a state-dependent consequence before symbolic/retrieval checks.,19,14.49,KEEP,Already has at least one A/B engine instance; not a zero-rich closure candidate.
vm-04-03,5,Volume & Measurement,volume-bh,C,1,5,2,volumeBuilder,Learner could manipulate the volumeBuilder model and observe a state-dependent consequence before symbolic/retrieval checks.,19,14.49,KEEP,Already has at least one A/B engine instance; not a zero-rich closure candidate.
vm-05-01,5,Volume & Measurement,additive-volume,A,1,5,2,volumeBuilder,Learner could manipulate the volumeBuilder model and observe a state-dependent consequence before symbolic/retrieval checks.,19,43.48,KEEP,Already has at least one A/B engine instance; not a zero-rich closure candidate.
vm-05-02,5,Volume & Measurement,decompose-solid,C,1,5,2,volumeBuilder,Learner could manipulate the volumeBuilder model and observe a state-dependent consequence before symbolic/retrieval checks.,19,14.49,KEEP,Already has at least one A/B engine instance; not a zero-rich closure candidate.
g5v-01-01,5,Volume Problems,g5v-count-cubes,A,2,4,2,NONE—manual fit audit,Manual review required to identify whether manipulation adds a distinct causal insight beyond the existing explanation.,0,3.3,KEEP,Already has at least one A/B engine instance; not a zero-rich closure candidate.
g5v-01-02,5,Volume Problems,g5v-layers,C,2,4,1,NONE—manual fit audit,Manual review required to identify whether manipulation adds a distinct causal insight beyond the existing explanation.,0,0.55,KEEP,Already has at least one A/B engine instance; not a zero-rich closure candidate.
g5v-02-01,5,Volume Problems,g5v-formula-lwh,A,2,4,2,volumeBuilder,Learner could manipulate the volumeBuilder model and observe a state-dependent consequence before symbolic/retrieval checks.,19,43.48,KEEP,Already has at least one A/B engine instance; not a zero-rich closure candidate.
g5v-02-02,5,Volume Problems,g5v-formula-bh,B,2,4,2,volumeBuilder,Learner could manipulate the volumeBuilder model and observe a state-dependent consequence before symbolic/retrieval checks.,19,36.24,KEEP,Already has at least one A/B engine instance; not a zero-rich closure candidate.
g5v-02-03,5,Volume Problems,g5v-missing-dim,C,2,4,2,volumeBuilder,Learner could manipulate the volumeBuilder model and observe a state-dependent consequence before symbolic/retrieval checks.,19,14.49,KEEP,Already has at least one A/B engine instance; not a zero-rich closure candidate.
g5v-03-01,5,Volume Problems,g5v-composite,A,2,4,1,NONE—manual fit audit,Manual review required to identify whether manipulation adds a distinct causal insight beyond the existing explanation.,0,1.65,KEEP,Already has at least one A/B engine instance; not a zero-rich closure candidate.
g5v-03-02,5,Volume Problems,g5v-story,C,2,4,2,volumeBuilder,Learner could manipulate the volumeBuilder model and observe a state-dependent consequence before symbolic/retrieval checks.,19,14.49,KEEP,Already has at least one A/B engine instance; not a zero-rich closure candidate.
g5v-03-03,5,Volume Problems,g5v-compare,C,2,4,1,NONE—manual fit audit,Manual review required to identify whether manipulation adds a distinct causal insight beyond the existing explanation.,0,0.55,KEEP,Already has at least one A/B engine instance; not a zero-rich closure candidate.
g3w-01-01,3,Two-Step Word Problems,g3w-hidden-question,A,2,4,1,NONE—manual fit audit,Manual review required to identify whether manipulation adds a distinct causal insight beyond the existing explanation.,0,1.65,KEEP,Already has at least one A/B engine instance; not a zero-rich closure candidate.
g3w-01-02,3,Two-Step Word Problems,g3w-add-mult,C,2,4,2,NONE—manual fit audit,Manual review required to identify whether manipulation adds a distinct causal insight beyond the existing explanation.,0,1.1,KEEP,Already has at least one A/B engine instance; not a zero-rich closure candidate.
g3w-01-03,3,Two-Step Word Problems,g3w-mult-sub,C,2,4,2,NONE—manual fit audit,Manual review required to identify whether manipulation adds a distinct causal insight beyond the existing explanation.,0,1.1,KEEP,Already has at least one A/B engine instance; not a zero-rich closure candidate.
g3w-01-04,3,Two-Step Word Problems,g3w-div-add,C,2,4,1,NONE—manual fit audit,Manual review required to identify whether manipulation adds a distinct causal insight beyond the existing explanation.,0,0.55,KEEP,Already has at least one A/B engine instance; not a zero-rich closure candidate.
g3w-02-01,3,Two-Step Word Problems,g3w-variable,A,2,4,3,solveBalance,Learner could manipulate the solveBalance model and observe a state-dependent consequence before symbolic/retrieval checks.,20,66.22,KEEP,Already has at least one A/B engine instance; not a zero-rich closure candidate.
g3w-02-02,3,Two-Step Word Problems,g3w-write-equation,C,2,4,3,solveBalance,Learner could manipulate the solveBalance model and observe a state-dependent consequence before symbolic/retrieval checks.,20,22.07,KEEP,Already has at least one A/B engine instance; not a zero-rich closure candidate.
g3w-02-03,3,Two-Step Word Problems,g3w-bar-model,B,2,4,1,NONE—manual fit audit,Manual review required to identify whether manipulation adds a distinct causal insight beyond the existing explanation.,0,1.38,KEEP,Already has at least one A/B engine instance; not a zero-rich closure candidate.
g3w-02-04,3,Two-Step Word Problems,g3w-estimate-first,C,2,4,1,NONE—manual fit audit,Manual review required to identify whether manipulation adds a distinct causal insight beyond the existing explanation.,0,0.55,KEEP,Already has at least one A/B engine instance; not a zero-rich closure candidate.
g3w-03-01,3,Two-Step Word Problems,g3w-check-round,A,2,4,1,NONE—manual fit audit,Manual review required to identify whether manipulation adds a distinct causal insight beyond the existing explanation.,0,1.65,KEEP,Already has at least one A/B engine instance; not a zero-rich closure candidate.
g3w-03-02,3,Two-Step Word Problems,g3w-unreasonable,C,2,4,1,NONE—manual fit audit,Manual review required to identify whether manipulation adds a distinct causal insight beyond the existing explanation.,0,0.55,KEEP,Already has at least one A/B engine instance; not a zero-rich closure candidate.
g3w-03-03,3,Two-Step Word Problems,g3w-extra-info,C,2,4,1,NONE—manual fit audit,Manual review required to identify whether manipulation adds a distinct causal insight beyond the existing explanation.,0,0.55,KEEP,Already has at least one A/B engine instance; not a zero-rich closure candidate.
g3w-03-04,3,Two-Step Word Problems,g3w-author,C,2,4,1,NONE—manual fit audit,Manual review required to identify whether manipulation adds a distinct causal insight beyond the existing explanation.,0,0.55,KEEP,Already has at least one A/B engine instance; not a zero-rich closure candidate.
