course_id,grade,lesson_id,step_id,remedial,source,prompt,correct_option,correct_length,longest_wrong_length,longest_option_leak,punctuation_leak,blind_guess_test,distractor_taxonomy,unmapped_distractors,distractor_quality,decision
absolute-value-piecewise,9,avp-01-01,k1,no,content/courses/absolute-value-piecewise/lessons/avp-01-01.json,Which number is FARTHER from 0: −6 or 4?,"−6, because |−6| = 6",20,31,no,no,PASS,authored-specific-rationale|authored-specific-rationale,0,PASS,KEEP
absolute-value-piecewise,9,avp-01-01,k3,no,content/courses/absolute-value-piecewise/lessons/avp-01-01.json,Which has the GREATER absolute value: −7 or 5?,−7,2,42,no,no,PASS,authored-specific-rationale|authored-specific-rationale,0,PASS,KEEP
absolute-value-piecewise,9,avp-01-01,rem-avp-abs-distance-k,yes,content/courses/absolute-value-piecewise/lessons/avp-01-01.json,Which number is FARTHER from 0: −6 or 4?,"−6, because |−6| = 6",20,31,no,no,PASS,authored-specific-rationale|authored-specific-rationale,0,PASS,KEEP
absolute-value-piecewise,9,avp-01-02,k1,no,content/courses/absolute-value-piecewise/lessons/avp-01-02.json,What is the LOWEST point on y = |x|?,"(0, 0) — the vertex",19,36,no,no,PASS,authored-specific-rationale|representation-read,0,PASS,KEEP
absolute-value-piecewise,9,avp-01-02,k3,no,content/courses/absolute-value-piecewise/lessons/avp-01-02.json,"On y = |x|, compare the heights at x = −3 and x = 3.",Equal — both 3,14,32,no,yes,FAIL,authored-specific-rationale|representation-read,0,PASS,REMEDIATE
absolute-value-piecewise,9,avp-01-02,rem-avp-v-graph-k,yes,content/courses/absolute-value-piecewise/lessons/avp-01-02.json,What is the LOWEST point on y = |x|?,"(0, 0) — the vertex",19,36,no,no,PASS,authored-specific-rationale|representation-read,0,PASS,KEEP
absolute-value-piecewise,9,avp-01-03,k1,no,content/courses/absolute-value-piecewise/lessons/avp-01-03.json,Where is the vertex of y = |x + 4| + 1?,"(−4, 1)",7,8,no,no,PASS,sign-direction|authored-specific-rationale,0,PASS,KEEP
absolute-value-piecewise,9,avp-01-03,k3,no,content/courses/absolute-value-piecewise/lessons/avp-01-03.json,How does y = −|x| + 2 open?,"Downward — a peak at (0, 2)",27,32,no,no,PASS,authored-specific-rationale|authored-specific-rationale,0,PASS,KEEP
absolute-value-piecewise,9,avp-01-03,rem-avp-v-transform-k,yes,content/courses/absolute-value-piecewise/lessons/avp-01-03.json,Where is the vertex of y = |x + 4| + 1?,"(−4, 1)",7,8,no,no,PASS,sign-direction|authored-specific-rationale,0,PASS,KEEP
absolute-value-piecewise,9,avp-02-01,k1,no,content/courses/absolute-value-piecewise/lessons/avp-02-01.json,Solving |x| = 7 correctly means writing which pair of equations?,x = 7 or x = −7,15,15,no,no,PASS,unit-conversion|unit-conversion,0,PASS,KEEP
absolute-value-piecewise,9,avp-02-01,k3,no,content/courses/absolute-value-piecewise/lessons/avp-02-01.json,Is x = −2 a solution of |x − 1| = 4?,"No — it gives 3, not 4",22,55,no,no,PASS,sign-direction|authored-specific-rationale,0,PASS,KEEP
absolute-value-piecewise,9,avp-02-01,rem-avp-abs-equations-k,yes,content/courses/absolute-value-piecewise/lessons/avp-02-01.json,Solving |x| = 7 correctly means writing which pair of equations?,x = 7 or x = −7,15,15,no,no,PASS,unit-conversion|unit-conversion,0,PASS,KEEP
absolute-value-piecewise,9,avp-02-02,k1,no,content/courses/absolute-value-piecewise/lessons/avp-02-02.json,How many solutions does |x − 7| = −3 have?,None,4,16,no,no,PASS,sign-direction|authored-specific-rationale,0,PASS,KEEP
absolute-value-piecewise,9,avp-02-02,k3,no,content/courses/absolute-value-piecewise/lessons/avp-02-02.json,"Graphically, why does |x| = −2 have no solutions?","The line y = −2 passes below the V, which never dips under the x-axis",69,37,yes,no,FAIL,representation-read|sign-direction,0,PASS,REMEDIATE
absolute-value-piecewise,9,avp-02-02,rem-avp-solution-count-k,yes,content/courses/absolute-value-piecewise/lessons/avp-02-02.json,How many solutions does |x − 7| = −3 have?,None,4,16,no,no,PASS,sign-direction|authored-specific-rationale,0,PASS,KEEP
absolute-value-piecewise,9,avp-02-03,k1,no,content/courses/absolute-value-piecewise/lessons/avp-02-03.json,Which is equivalent to |x| < 5?,−5 < x < 5,10,15,no,no,PASS,authored-specific-rationale|authored-specific-rationale,0,PASS,KEEP
absolute-value-piecewise,9,avp-02-03,k2,no,content/courses/absolute-value-piecewise/lessons/avp-02-03.json,Which is equivalent to |x| ≥ 2?,x ≤ −2 or x ≥ 2,15,10,no,no,PASS,authored-specific-rationale|unit-conversion,0,PASS,KEEP
absolute-value-piecewise,9,avp-02-03,rem-avp-abs-inequalities-k,yes,content/courses/absolute-value-piecewise/lessons/avp-02-03.json,Which is equivalent to |x| < 5?,−5 < x < 5,10,15,no,no,PASS,authored-specific-rationale|authored-specific-rationale,0,PASS,KEEP
absolute-value-piecewise,9,avp-03-01,k1,no,content/courses/absolute-value-piecewise/lessons/avp-03-01.json,"f(x) = x + 5 for x < 0, and f(x) = 2x + 1 for x ≥ 0. What is f(−3)?",2,1,13,no,no,PASS,authored-specific-rationale|authored-specific-rationale,0,PASS,KEEP
absolute-value-piecewise,9,avp-03-01,k3,no,content/courses/absolute-value-piecewise/lessons/avp-03-01.json,Why must the conditions of a piecewise rule never overlap?,"Because an input in both would receive two outputs, and functions give one",74,48,yes,no,FAIL,authored-specific-rationale|authored-specific-rationale,0,PASS,REMEDIATE
absolute-value-piecewise,9,avp-03-01,rem-avp-piecewise-define-k,yes,content/courses/absolute-value-piecewise/lessons/avp-03-01.json,"f(x) = x + 5 for x < 0, and f(x) = 2x + 1 for x ≥ 0. What is f(−3)?",2,1,13,no,no,PASS,authored-specific-rationale|authored-specific-rationale,0,PASS,KEEP
absolute-value-piecewise,9,avp-03-02,k2,no,content/courses/absolute-value-piecewise/lessons/avp-03-02.json,Is that f continuous at x = 1?,No — it jumps from a height of 4 down to 2,42,47,no,no,PASS,authored-specific-rationale|authored-specific-rationale,0,PASS,KEEP
absolute-value-piecewise,9,avp-03-03,k2,no,content/courses/absolute-value-piecewise/lessons/avp-03-03.json,Which pair of letters costs the SAME under that rule?,2.1 oz and 2.9 oz,17,17,no,no,PASS,authored-specific-rationale|authored-specific-rationale,0,PASS,KEEP
add-subtract-10-k,0,koa-01-05,k1,no,content/courses/add-subtract-10-k/lessons/koa-01-05.json,3 birds sit on a branch. 2 more birds land. Which sentence shows this?,3 + 2 = 5,9,9,no,no,PASS,authored-specific-rationale|sign-direction|sign-direction,0,PASS,KEEP
add-subtract-10-k,0,koa-01-05,k3,no,content/courses/add-subtract-10-k/lessons/koa-01-05.json,2 birds sit on a branch. 6 more birds land. Which sentence shows this?,2 + 6 = 8,9,9,no,no,PASS,sign-direction|authored-specific-rationale|sign-direction,0,PASS,KEEP
add-subtract-10-k,0,koa-01-05,rem-koa-write-addition-k,yes,content/courses/add-subtract-10-k/lessons/koa-01-05.json,3 birds sit on a branch. 2 more birds land. Which sentence shows this?,3 + 2 = 5,9,9,no,no,PASS,authored-specific-rationale|sign-direction|sign-direction,0,PASS,KEEP
add-subtract-10-k,0,koa-02-04,k1,no,content/courses/add-subtract-10-k/lessons/koa-02-04.json,7 frogs sit on a log. 2 hop away. Which sentence shows this?,7 − 2 = 5,9,9,no,no,PASS,sign-direction|sign-direction,0,PASS,KEEP
add-subtract-10-k,0,koa-02-04,k2,no,content/courses/add-subtract-10-k/lessons/koa-02-04.json,9 frogs sit on a log. 3 hop away. Which sentence shows this?,9 − 3 = 6,9,10,no,no,PASS,sign-direction|sign-direction,0,PASS,KEEP
add-subtract-10-k,0,koa-02-04,k3,no,content/courses/add-subtract-10-k/lessons/koa-02-04.json,5 frogs sit on a log. 1 hop away. Which sentence shows this?,5 − 1 = 4,9,9,no,no,PASS,sign-direction|sign-direction,0,PASS,KEEP
add-subtract-10-k,0,koa-02-04,ch1,no,content/courses/add-subtract-10-k/lessons/koa-02-04.json,8 frogs sit on a log. 6 hop away. Which sentence shows this?,8 − 6 = 2,9,10,no,no,PASS,sign-direction|sign-direction,0,PASS,KEEP
add-subtract-10-k,0,koa-02-04,rem-koa-write-subtraction-k,yes,content/courses/add-subtract-10-k/lessons/koa-02-04.json,7 frogs sit on a log. 2 hop away. Which sentence shows this?,7 − 2 = 5,9,9,no,no,PASS,sign-direction|sign-direction,0,PASS,KEEP
add-subtract-10-k,0,koa-03-04,k1,no,content/courses/add-subtract-10-k/lessons/koa-03-04.json,5 ducks swim in a pond. 2 more ducks swim over. What should you do to find how many ducks are in the pond?,Add,3,24,no,no,PASS,inside-vs-derivative|inside-vs-derivative,0,PASS,KEEP
add-subtract-10-k,0,koa-03-04,k2,no,content/courses/add-subtract-10-k/lessons/koa-03-04.json,9 ducks swim in a pond. 3 ducks fly away. What should you do to find how many ducks are left?,Subtract,8,35,no,no,PASS,inside-vs-derivative|inside-vs-derivative,0,PASS,KEEP
add-subtract-10-k,0,koa-03-04,k3,no,content/courses/add-subtract-10-k/lessons/koa-03-04.json,4 ducks swim in a pond. 4 more ducks swim over. What should you do to find how many ducks are in the pond?,Add,3,24,no,no,PASS,inside-vs-derivative|inside-vs-derivative,0,PASS,KEEP
add-subtract-10-k,0,koa-03-04,ch1,no,content/courses/add-subtract-10-k/lessons/koa-03-04.json,9 ducks swim in a pond. 2 ducks fly away. What should you do to find how many ducks are left?,Subtract,8,35,no,no,PASS,inside-vs-derivative|inside-vs-derivative,0,PASS,KEEP
add-subtract-10-k,0,koa-03-04,rem-koa-choose-operation-k,yes,content/courses/add-subtract-10-k/lessons/koa-03-04.json,5 ducks swim in a pond. 2 more ducks swim over. What should you do to find how many ducks are in the pond?,Add,3,24,no,no,PASS,inside-vs-derivative|inside-vs-derivative,0,PASS,KEEP
add-subtract-10-k,0,koa-03-05,k1,no,content/courses/add-subtract-10-k/lessons/koa-03-05.json,"""5 cats sit on a wall. 2 jump down."" Which drawing shows this story?","5 cats drawn, with 2 crossed out",32,31,no,no,PASS,authored-specific-rationale|authored-specific-rationale,0,PASS,KEEP
add-subtract-10-k,0,koa-03-05,k2,no,content/courses/add-subtract-10-k/lessons/koa-03-05.json,"""4 cats sit on a wall. 3 jump down."" Which drawing shows this story?","4 cats drawn, with 3 crossed out",32,31,no,no,PASS,authored-specific-rationale|authored-specific-rationale,0,PASS,KEEP
add-subtract-10-k,0,koa-03-05,k3,no,content/courses/add-subtract-10-k/lessons/koa-03-05.json,"""3 cats sit on a wall. 1 jump down."" Which drawing shows this story?","3 cats drawn, with 1 crossed out",32,31,no,no,PASS,authored-specific-rationale|authored-specific-rationale,0,PASS,KEEP
add-subtract-10-k,0,koa-03-05,ch1,no,content/courses/add-subtract-10-k/lessons/koa-03-05.json,"""5 cats sit on a wall. 3 jump down."" Which drawing shows this story?","5 cats drawn, with 3 crossed out",32,31,no,no,PASS,authored-specific-rationale|authored-specific-rationale,0,PASS,KEEP
add-subtract-10-k,0,koa-03-05,rem-koa-model-story-k,yes,content/courses/add-subtract-10-k/lessons/koa-03-05.json,"""5 cats sit on a wall. 2 jump down."" Which drawing shows this story?","5 cats drawn, with 2 crossed out",32,31,no,no,PASS,authored-specific-rationale|authored-specific-rationale,0,PASS,KEEP
add-subtract-100,2,as100-01-01,k3,no,content/courses/add-subtract-100/lessons/as100-01-01.json,Which is a double?,5 + 5,5,6,no,no,PASS,authored-specific-rationale|authored-specific-rationale,0,PASS,KEEP
add-subtract-100,2,as100-01-02,k3,no,content/courses/add-subtract-100/lessons/as100-01-02.json,Which double helps solve 5 + 6?,"5 + 5, then add 1",17,17,no,no,PASS,authored-specific-rationale|authored-specific-rationale,0,PASS,KEEP
add-subtract-100,2,as100-01-03,k3,no,content/courses/add-subtract-100/lessons/as100-01-03.json,What's the FASTEST way to solve 9 + 2?,"count on: 10, 11",16,20,no,yes,FAIL,authored-specific-rationale|authored-specific-rationale,0,PASS,REMEDIATE
add-subtract-100,2,as100-02-01,k3,no,content/courses/add-subtract-100/lessons/as100-02-01.json,60 + 30 = ?,90,2,2,no,no,PASS,place-value|place-value,0,PASS,KEEP
add-subtract-100,2,as100-02-02,k3,no,content/courses/add-subtract-100/lessons/as100-02-02.json,62 + 7 = ?,69,2,3,no,no,PASS,place-value|authored-specific-rationale,0,PASS,KEEP
add-subtract-100,2,as100-02-03,k3,no,content/courses/add-subtract-100/lessons/as100-02-03.json,Which split solves 61 + 27?,(60 + 20) and (1 + 7),21,21,no,no,PASS,place-value|place-value,0,PASS,KEEP
add-subtract-100,2,as100-02-04,k3,no,content/courses/add-subtract-100/lessons/as100-02-04.json,When do the ones need a trade?,when they make 10 or more,25,24,no,no,PASS,place-value|place-value,0,PASS,KEEP
add-subtract-100,2,as100-03-01,k3,no,content/courses/add-subtract-100/lessons/as100-03-01.json,80 − 20 = ?,60,2,3,no,no,PASS,place-value|place-value,0,PASS,KEEP
add-subtract-100,2,as100-03-02,k3,no,content/courses/add-subtract-100/lessons/as100-03-02.json,96 − 4 = ?,92,2,2,no,no,PASS,place-value|authored-specific-rationale,0,PASS,KEEP
add-subtract-100,2,as100-03-03,k3,no,content/courses/add-subtract-100/lessons/as100-03-03.json,Which split solves 95 − 63?,(90 − 60) and (5 − 3),21,21,no,no,PASS,place-value|place-value,0,PASS,KEEP
add-subtract-100,2,as100-03-04,k3,no,content/courses/add-subtract-100/lessons/as100-03-04.json,When do we break a ten?,when the ones are too few to take from,38,22,no,no,PASS,place-value|place-value,0,PASS,KEEP
add-subtract-100,2,as100-04-01,k3,no,content/courses/add-subtract-100/lessons/as100-04-01.json,"46 fish, 17 more added, then 23 scooped out. What do you do FIRST?",add: 46 + 17 = 63,17,22,no,no,PASS,authored-specific-rationale|authored-specific-rationale,0,PASS,KEEP
add-subtract-100,2,as100-04-02,k3,no,content/courses/add-subtract-100/lessons/as100-04-02.json,60 − 35: what happens in the ones?,break a ten — 0 can't lose 5,28,23,no,no,PASS,place-value|place-value,0,PASS,KEEP
add-subtract-100,2,as100-04-03,k3,no,content/courses/add-subtract-100/lessons/as100-04-03.json,"Mia has 52 stamps, Sam has 38. How many MORE does Mia have?",subtract: 52 − 38 = 14,22,17,no,no,PASS,authored-specific-rationale|authored-specific-rationale,0,PASS,KEEP
add-subtract-100,2,as100-05-01,ch1,no,content/courses/add-subtract-100/lessons/as100-05-01.json,Which number is EVEN?,48,2,2,no,no,PASS,authored-specific-rationale|authored-specific-rationale,0,PASS,KEEP
add-subtract-100,2,as100-05-01,rem-oe-k,yes,content/courses/add-subtract-100/lessons/as100-05-01.json,Is 5 odd or even?,odd,3,4,no,no,PASS,authored-specific-rationale,0,PASS,KEEP
add-subtract-100,2,as100-05-02,k3,no,content/courses/add-subtract-100/lessons/as100-05-02.json,Every double (like 7 + 7) is always...,even,4,13,no,no,PASS,authored-specific-rationale|authored-specific-rationale,0,PASS,KEEP
add-subtract-1000-g2,2,g2b-01-01,k3,no,content/courses/add-subtract-1000-g2/lessons/g2b-01-01.json,"Before computing 367 + 173, about how big should the answer be?",About 600 — round each and add,30,38,no,no,PASS,place-value|authored-specific-rationale|authored-specific-rationale,0,PASS,KEEP
add-subtract-1000-g2,2,g2b-01-02,k3,no,content/courses/add-subtract-1000-g2/lessons/g2b-01-02.json,"Before computing 382 + 234, about how big should the answer be?",About 600 — round each and add,30,38,no,no,PASS,place-value|authored-specific-rationale|authored-specific-rationale,0,PASS,KEEP
add-subtract-1000-g2,2,g2b-01-03,k3,no,content/courses/add-subtract-1000-g2/lessons/g2b-01-03.json,"While solving with 256, a student trades ten ones for a ten. Why is that allowed?",Because ten ones and one ten are equal amounts,46,42,no,no,PASS,authored-specific-rationale|place-value|authored-specific-rationale,0,PASS,KEEP
add-subtract-1000-g2,2,g2b-01-04,k3,no,content/courses/add-subtract-1000-g2/lessons/g2b-01-04.json,A build shows 11 tens. What does trading do with them?,Trade ten of the tens for one hundred,37,45,no,no,PASS,place-value|place-value|place-value,0,PASS,KEEP
add-subtract-1000-g2,2,g2b-01-05,k3,no,content/courses/add-subtract-1000-g2/lessons/g2b-01-05.json,"While solving with 355, a student trades ten ones for a ten. Why is that allowed?",Because ten ones and one ten are equal amounts,46,42,no,no,PASS,authored-specific-rationale|place-value|authored-specific-rationale,0,PASS,KEEP
add-subtract-1000-g2,2,g2b-02-01,k3,no,content/courses/add-subtract-1000-g2/lessons/g2b-02-01.json,"Before computing 477 + 244, about how big should the answer be?",About 700 — round each and add,30,38,no,no,PASS,place-value|authored-specific-rationale|authored-specific-rationale,0,PASS,KEEP
add-subtract-1000-g2,2,g2b-02-02,k3,no,content/courses/add-subtract-1000-g2/lessons/g2b-02-02.json,"While solving with 338, a student trades ten ones for a ten. Why is that allowed?",Because ten ones and one ten are equal amounts,46,42,no,no,PASS,authored-specific-rationale|place-value|authored-specific-rationale,0,PASS,KEEP
add-subtract-1000-g2,2,g2b-02-03,k3,no,content/courses/add-subtract-1000-g2/lessons/g2b-02-03.json,A build shows 14 tens. What does trading do with them?,Trade ten of the tens for one hundred,37,45,no,no,PASS,place-value|place-value|place-value,0,PASS,KEEP
add-subtract-1000-g2,2,g2b-02-04,k3,no,content/courses/add-subtract-1000-g2/lessons/g2b-02-04.json,"While solving with 256, a student trades ten ones for a ten. Why is that allowed?",Because ten ones and one ten are equal amounts,46,42,no,no,PASS,authored-specific-rationale|place-value|authored-specific-rationale,0,PASS,KEEP
add-subtract-1000-g2,2,g2b-03-01,k3,no,content/courses/add-subtract-1000-g2/lessons/g2b-03-01.json,You want to add 199 + 350 in your head. Which tool fits?,An open number line with friendly jumps,39,33,no,no,PASS,authored-specific-rationale|authored-specific-rationale|place-value,0,PASS,KEEP
add-subtract-1000-g2,2,g2b-03-02,k3,no,content/courses/add-subtract-1000-g2/lessons/g2b-03-02.json,A build shows 12 tens. What does trading do with them?,Trade ten of the tens for one hundred,37,45,no,no,PASS,place-value|place-value|place-value,0,PASS,KEEP
add-subtract-1000-g2,2,g2b-03-03,k1,no,content/courses/add-subtract-1000-g2/lessons/g2b-03-03.json,"While solving with 345, a student trades ten ones for a ten. Why is that allowed?",Because ten ones and one ten are equal amounts,46,42,no,no,PASS,authored-specific-rationale|place-value|authored-specific-rationale,0,PASS,KEEP
add-subtract-1000-g2,2,g2b-03-03,k2,no,content/courses/add-subtract-1000-g2/lessons/g2b-03-03.json,"While solving with 567, a student trades ten ones for a ten. Why is that allowed?",Because ten ones and one ten are equal amounts,46,42,no,no,PASS,authored-specific-rationale|place-value|authored-specific-rationale,0,PASS,KEEP
add-subtract-1000-g2,2,g2b-03-03,ch1,no,content/courses/add-subtract-1000-g2/lessons/g2b-03-03.json,"While solving with 248, a student trades ten ones for a ten. Why is that allowed?",Because ten ones and one ten are equal amounts,46,42,no,no,PASS,authored-specific-rationale|place-value|authored-specific-rationale,0,PASS,KEEP
add-subtract-1000-g2,2,g2b-03-03,rem-g2b-explain-k,yes,content/courses/add-subtract-1000-g2/lessons/g2b-03-03.json,"While solving with 345, a student trades ten ones for a ten. Why is that allowed?",Because ten ones and one ten are equal amounts,46,42,no,no,PASS,authored-specific-rationale|place-value|authored-specific-rationale,0,PASS,KEEP
add-subtract-1000-g2,2,g2b-03-05,k1,no,content/courses/add-subtract-1000-g2/lessons/g2b-03-05.json,Which method fits 402 − 188 best?,Column work with trading,24,27,no,no,PASS,authored-specific-rationale|authored-specific-rationale|authored-specific-rationale,0,PASS,KEEP
add-subtract-1000-g2,2,g2b-03-05,k2,no,content/courses/add-subtract-1000-g2/lessons/g2b-03-05.json,Which method fits 499 + 400 best?,Mental math — just add the hundreds,35,27,no,yes,FAIL,place-value|authored-specific-rationale|authored-specific-rationale,0,PASS,REMEDIATE
add-subtract-1000-g2,2,g2b-03-05,k3,no,content/courses/add-subtract-1000-g2/lessons/g2b-03-05.json,"Before computing 273 + 242, about how big should the answer be?",About 500 — round each and add,30,38,no,no,PASS,place-value|authored-specific-rationale|authored-specific-rationale,0,PASS,KEEP
add-subtract-1000-g2,2,g2b-03-05,ch1,no,content/courses/add-subtract-1000-g2/lessons/g2b-03-05.json,Which method fits 402 − 178 best?,Column work with trading,24,27,no,no,PASS,authored-specific-rationale|authored-specific-rationale|authored-specific-rationale,0,PASS,KEEP
add-subtract-1000-g2,2,g2b-03-05,rem-g2b-method-k,yes,content/courses/add-subtract-1000-g2/lessons/g2b-03-05.json,Which method fits 402 − 188 best?,Column work with trading,24,27,no,no,PASS,authored-specific-rationale|authored-specific-rationale|authored-specific-rationale,0,PASS,KEEP
add-subtract-1000-g3,3,g3a-02-01,k2,no,content/courses/add-subtract-1000-g3/lessons/g3a-02-01.json,"In 503 − 267, why must the trade start at the HUNDREDS?","The tens are 0, so they have nothing to lend until they borrow first",68,47,yes,no,FAIL,place-value|place-value|authored-specific-rationale,0,PASS,REMEDIATE
add-subtract-1000-g3,3,g3a-02-02,k2,no,content/courses/add-subtract-1000-g3/lessons/g3a-02-02.json,On an open number line you start at 347 and want to add 200. Which jump set is most efficient?,Two jumps of 100,16,22,no,no,PASS,authored-specific-rationale|place-value|authored-specific-rationale,0,PASS,KEEP
add-subtract-1000-g3,3,g3a-02-03,k1,no,content/courses/add-subtract-1000-g3/lessons/g3a-02-03.json,"To add 298 + 145 mentally, Sam adds 300 + 145 = 445 first. What must Sam do next?",Subtract 2 — he added 2 too many,32,35,no,no,PASS,authored-specific-rationale|place-value|place-value,0,PASS,KEEP
add-subtract-1000-g3,3,g3a-02-03,k3,no,content/courses/add-subtract-1000-g3/lessons/g3a-02-03.json,"To add 298 + 145 mentally, Sam adds 300 + 145 = 445 first. What must Sam do next?",Subtract 2 — he added 2 too many,32,35,no,no,PASS,authored-specific-rationale|place-value|place-value,0,PASS,KEEP
add-subtract-1000-g3,3,g3a-02-03,rem-g3a-compensate-k,yes,content/courses/add-subtract-1000-g3/lessons/g3a-02-03.json,"To add 298 + 145 mentally, Sam adds 300 + 145 = 445 first. What must Sam do next?",Subtract 2 — he added 2 too many,32,35,no,no,PASS,authored-specific-rationale|place-value|place-value,0,PASS,KEEP
add-subtract-1000-g3,3,g3a-03-01,k1,no,content/courses/add-subtract-1000-g3/lessons/g3a-03-01.json,You compute 632 − 178 = 454. Which check confirms it WITHOUT redoing the subtraction?,Add 454 + 178 and see if you get 632,36,24,no,no,PASS,authored-specific-rationale|representation-read|authored-specific-rationale,0,PASS,KEEP
add-subtract-1000-g3,3,g3a-03-01,ch1,no,content/courses/add-subtract-1000-g3/lessons/g3a-03-01.json,You compute 632 − 178 = 454. Which check confirms it WITHOUT redoing the subtraction?,Add 454 + 178 and see if you get 632,36,24,no,no,PASS,authored-specific-rationale|representation-read|authored-specific-rationale,0,PASS,KEEP
add-subtract-1000-g3,3,g3a-03-01,rem-g3a-check-inverse-k,yes,content/courses/add-subtract-1000-g3/lessons/g3a-03-01.json,You compute 632 − 178 = 454. Which check confirms it WITHOUT redoing the subtraction?,Add 454 + 178 and see if you get 632,36,24,no,no,PASS,authored-specific-rationale|representation-read|authored-specific-rationale,0,PASS,KEEP
add-subtract-1000-g3,3,g3a-03-03,k1,no,content/courses/add-subtract-1000-g3/lessons/g3a-03-03.json,"Which is fastest for 245 + 398, and why?","Compensation: 245 + 400 = 645, then subtract 2",46,51,no,yes,FAIL,place-value|place-value|place-value,0,PASS,REMEDIATE
add-subtract-1000-g3,3,g3a-03-03,k2,no,content/courses/add-subtract-1000-g3/lessons/g3a-03-03.json,"Compare 760 and 756: <, =, or >?",>,1,1,no,no,PASS,place-value|representation-read,0,PASS,KEEP
add-subtract-1000-g3,3,g3a-03-03,k3,no,content/courses/add-subtract-1000-g3/lessons/g3a-03-03.json,"Which is fastest for 245 + 398, and why?","Compensation: 245 + 400 = 645, then subtract 2",46,51,no,yes,FAIL,place-value|place-value|place-value,0,PASS,REMEDIATE
add-subtract-1000-g3,3,g3a-03-03,rem-g3a-strategy-k,yes,content/courses/add-subtract-1000-g3/lessons/g3a-03-03.json,"Which is fastest for 245 + 398, and why?","Compensation: 245 + 400 = 645, then subtract 2",46,51,no,yes,FAIL,place-value|place-value|place-value,0,PASS,REMEDIATE
add-subtract-20,1,as-01-01,k3,no,content/courses/add-subtract-20/lessons/as-01-01.json,What's the FAST way to add 9 + 2?,"Start at 9, hop: 10, 11",23,42,no,yes,FAIL,authored-specific-rationale|authored-specific-rationale,0,PASS,REMEDIATE
add-subtract-20,1,as-01-03,k2,no,content/courses/add-subtract-20/lessons/as-01-03.json,"To add 4 + 7 with the FEWEST hops, where should you start?","Start at 7, hop 4",17,28,no,no,PASS,authored-specific-rationale|authored-specific-rationale,0,PASS,KEEP
add-subtract-20,1,as-02-01,k3,no,content/courses/add-subtract-20/lessons/as-02-01.json,Which pair are partners of ten?,7 and 3,7,7,no,no,PASS,authored-specific-rationale|authored-specific-rationale,0,PASS,KEEP
add-subtract-20,1,as-02-02,k3,no,content/courses/add-subtract-20/lessons/as-02-02.json,"To add 8 + 5 by making ten, how do you split the 5?",Into 2 and 3,12,12,no,no,PASS,authored-specific-rationale|authored-specific-rationale,0,PASS,KEEP
add-subtract-20,1,as-02-04,k3,no,content/courses/add-subtract-20/lessons/as-02-04.json,"To add 6 + 8 by making ten, which do you fill to ten first?",Fill the 8 (it needs 2),23,23,no,no,PASS,authored-specific-rationale|authored-specific-rationale,0,PASS,KEEP
add-subtract-20,1,as-03-01,k3,no,content/courses/add-subtract-20/lessons/as-03-01.json,What does 7 − 3 mean?,"Start with 7, take away 3",25,20,no,no,PASS,sign-direction|authored-specific-rationale,0,PASS,KEEP
add-subtract-20,1,as-03-02,k3,no,content/courses/add-subtract-20/lessons/as-03-02.json,"To count back 3 from 9, your FIRST hop lands on...?",8,1,1,no,no,PASS,authored-specific-rationale|authored-specific-rationale,0,PASS,KEEP
add-subtract-20,1,as-03-03,k3,no,content/courses/add-subtract-20/lessons/as-03-03.json,How do you find how many more 9 is than 7?,Count up from 7 to 9,20,15,no,no,PASS,authored-specific-rationale|authored-specific-rationale,0,PASS,KEEP
add-subtract-20,1,as-03-04,k3,no,content/courses/add-subtract-20/lessons/as-03-04.json,Which addition helps you solve 13 − 5?,8 + 5 = 13,10,11,no,no,PASS,inverse-confusion|authored-specific-rationale,0,PASS,KEEP
add-subtract-20,1,as-04-01,k3,no,content/courses/add-subtract-20/lessons/as-04-01.json,"Which fact is in the family 7, 6, 13?",13 − 6 = 7,10,10,no,no,PASS,authored-specific-rationale|authored-specific-rationale,0,PASS,KEEP
add-subtract-20,1,as-04-01,ch1,no,content/courses/add-subtract-20/lessons/as-04-01.json,"Which is NOT a fact of the family 7, 8, 15?",15 + 8 = 23,11,10,no,no,PASS,authored-specific-rationale|authored-specific-rationale,0,PASS,KEEP
add-subtract-20,1,as-04-02,k1,no,content/courses/add-subtract-20/lessons/as-04-02.json,True or false: 10 = 6 + 4,True — both sides are 10,24,40,no,no,PASS,authored-specific-rationale,0,PASS,KEEP
add-subtract-20,1,as-04-02,k2,no,content/courses/add-subtract-20/lessons/as-04-02.json,True or false: 3 + 4 = 4 + 3,True — both are 7,17,30,no,no,PASS,authored-specific-rationale,0,PASS,KEEP
add-subtract-20,1,as-04-02,rem-eq-k,yes,content/courses/add-subtract-20/lessons/as-04-02.json,True or false: 5 + 2 = 7,True — both sides are 7,23,5,yes,yes,FAIL,authored-specific-rationale,0,PASS,REMEDIATE
add-subtract-20,1,as-05-01,k1,no,content/courses/add-subtract-20/lessons/as-05-01.json,8 apples. 6 more apples come. Which equation finds how many?,8 + 6 = 14,10,10,no,no,PASS,authored-specific-rationale|authored-specific-rationale,0,PASS,KEEP
add-subtract-20,1,as-05-01,k3,no,content/courses/add-subtract-20/lessons/as-05-01.json,9 cats. 4 more cats come. Which equation finds how many?,9 + 4 = 13,10,10,no,no,PASS,authored-specific-rationale|authored-specific-rationale,0,PASS,KEEP
add-subtract-20,1,as-05-02,k3,no,content/courses/add-subtract-20/lessons/as-05-02.json,12 fruits in all. 8 are apples. Which equation finds the pears?,12 − 8 = 4,10,11,no,no,PASS,authored-specific-rationale|authored-specific-rationale,0,PASS,KEEP
add-subtract-20,1,as-05-03,k3,no,content/courses/add-subtract-20/lessons/as-05-03.json,8 boys and 5 girls. Which equation finds how many MORE boys?,8 − 5 = 3,9,10,no,no,PASS,authored-specific-rationale|authored-specific-rationale,0,PASS,KEEP
add-three-numbers-g1,1,g1t-01-01,k3,no,content/courses/add-three-numbers-g1/lessons/g1t-01-01.json,"Maggie finds 3 pinecones, then 6 more, then 4 more. Which equation matches?",3 + 6 + 4 = 13,14,10,no,no,PASS,authored-specific-rationale|authored-specific-rationale|authored-specific-rationale,0,PASS,KEEP
add-three-numbers-g1,1,g1t-01-02,k3,no,content/courses/add-three-numbers-g1/lessons/g1t-01-02.json,"To add 4 + 6 + 7, which two should you group first?",4 and 6,7,18,no,no,PASS,authored-specific-rationale|authored-specific-rationale|rate-vs-start,0,PASS,KEEP
add-three-numbers-g1,1,g1t-01-03,k3,no,content/courses/add-three-numbers-g1/lessons/g1t-01-03.json,Which strategy fits 3 + 4 + 3 best?,Any order — all three are small,31,29,no,yes,FAIL,authored-specific-rationale|authored-specific-rationale|authored-specific-rationale,0,PASS,REMEDIATE
add-three-numbers-g1,1,g1t-01-04,k1,no,content/courses/add-three-numbers-g1/lessons/g1t-01-04.json,"5 + 3 + 5 = 13. If you group a different pair first, what is the total?",13 — the same total,19,31,no,no,PASS,place-value|place-value|authored-specific-rationale,0,PASS,KEEP
add-three-numbers-g1,1,g1t-01-04,k3,no,content/courses/add-three-numbers-g1/lessons/g1t-01-04.json,"4 + 3 + 2 = 9. If you group a different pair first, what is the total?",9 — the same total,18,31,no,no,PASS,place-value|place-value|authored-specific-rationale,0,PASS,KEEP
add-three-numbers-g1,1,g1t-01-04,rem-g1t-any-order-k,yes,content/courses/add-three-numbers-g1/lessons/g1t-01-04.json,"5 + 3 + 5 = 13. If you group a different pair first, what is the total?",13 — the same total,19,31,no,no,PASS,place-value|place-value|authored-specific-rationale,0,PASS,KEEP
add-three-numbers-g1,1,g1t-02-01,k1,no,content/courses/add-three-numbers-g1/lessons/g1t-02-01.json,"To add 8 + 2 + 6, which two should you group first?",8 and 2,7,18,no,no,PASS,authored-specific-rationale|authored-specific-rationale|rate-vs-start,0,PASS,KEEP
add-three-numbers-g1,1,g1t-02-01,k2,no,content/courses/add-three-numbers-g1/lessons/g1t-02-01.json,Which strategy fits 2 + 2 + 2 best?,Any order — all three are small,31,29,no,yes,FAIL,authored-specific-rationale|authored-specific-rationale|authored-specific-rationale,0,PASS,REMEDIATE
add-three-numbers-g1,1,g1t-02-01,ch1,no,content/courses/add-three-numbers-g1/lessons/g1t-02-01.json,Which strategy fits 6 + 6 + 6 best?,Use the double 6 + 6 first,26,24,no,no,PASS,authored-specific-rationale|authored-specific-rationale|authored-specific-rationale,0,PASS,KEEP
add-three-numbers-g1,1,g1t-02-01,rem-g1t-grouping-k,yes,content/courses/add-three-numbers-g1/lessons/g1t-02-01.json,"To add 8 + 2 + 6, which two should you group first?",8 and 2,7,18,no,no,PASS,authored-specific-rationale|authored-specific-rationale|rate-vs-start,0,PASS,KEEP
add-three-numbers-g1,1,g1t-02-02,k1,no,content/courses/add-three-numbers-g1/lessons/g1t-02-02.json,"Maggie finds 6 pinecones, then 4 more, then 2 more. Which equation matches?",6 + 4 + 2 = 12,14,11,no,no,PASS,authored-specific-rationale|authored-specific-rationale|authored-specific-rationale,0,PASS,KEEP
add-three-numbers-g1,1,g1t-02-02,k3,no,content/courses/add-three-numbers-g1/lessons/g1t-02-02.json,"Maggie finds 4 pinecones, then 6 more, then 2 more. Which equation matches?",4 + 6 + 2 = 12,14,11,no,no,PASS,authored-specific-rationale|authored-specific-rationale|authored-specific-rationale,0,PASS,KEEP
add-three-numbers-g1,1,g1t-02-02,rem-g1t-story-k,yes,content/courses/add-three-numbers-g1/lessons/g1t-02-02.json,"Maggie finds 6 pinecones, then 4 more, then 2 more. Which equation matches?",6 + 4 + 2 = 12,14,11,no,no,PASS,authored-specific-rationale|authored-specific-rationale|authored-specific-rationale,0,PASS,KEEP
add-three-numbers-g1,1,g1t-02-03,k1,no,content/courses/add-three-numbers-g1/lessons/g1t-02-03.json,"To add 4 + 6 + 7, which two should you group first?",4 and 6,7,18,no,no,PASS,authored-specific-rationale|authored-specific-rationale|rate-vs-start,0,PASS,KEEP
add-three-numbers-g1,1,g1t-02-03,k2,no,content/courses/add-three-numbers-g1/lessons/g1t-02-03.json,"To add 8 + 2 + 4, which two should you group first?",8 and 2,7,18,no,no,PASS,authored-specific-rationale|authored-specific-rationale|rate-vs-start,0,PASS,KEEP
add-three-numbers-g1,1,g1t-02-03,rem-g1t-choose-pair-k,yes,content/courses/add-three-numbers-g1/lessons/g1t-02-03.json,"To add 4 + 6 + 7, which two should you group first?",4 and 6,7,18,no,no,PASS,authored-specific-rationale|authored-specific-rationale|rate-vs-start,0,PASS,KEEP
add-three-numbers-g1,1,g1t-03-01,k2,no,content/courses/add-three-numbers-g1/lessons/g1t-03-01.json,"Does 6 + 4 + 4 land short of ten, on ten, or past ten?",Past ten — it reaches 14,24,46,no,yes,FAIL,authored-specific-rationale|authored-specific-rationale|authored-specific-rationale,0,PASS,REMEDIATE
add-three-numbers-g1,1,g1t-03-03,k1,no,content/courses/add-three-numbers-g1/lessons/g1t-03-03.json,Which strategy fits 4 + 2 + 2 best?,Any order — all three are small,31,29,no,yes,FAIL,authored-specific-rationale|authored-specific-rationale|authored-specific-rationale,0,PASS,REMEDIATE
add-three-numbers-g1,1,g1t-03-03,k2,no,content/courses/add-three-numbers-g1/lessons/g1t-03-03.json,"2 + 4 + 5 = 11. If you group a different pair first, what is the total?",11 — the same total,19,31,no,no,PASS,place-value|place-value|authored-specific-rationale,0,PASS,KEEP
add-three-numbers-g1,1,g1t-03-03,k3,no,content/courses/add-three-numbers-g1/lessons/g1t-03-03.json,Which strategy fits 7 + 3 + 7 best?,Make ten with 7 and 3 first,27,33,no,no,PASS,authored-specific-rationale|representation-read|authored-specific-rationale,0,PASS,KEEP
add-three-numbers-g1,1,g1t-03-03,rem-g1t-strategy-choice-k,yes,content/courses/add-three-numbers-g1/lessons/g1t-03-03.json,Which strategy fits 4 + 2 + 2 best?,Any order — all three are small,31,29,no,yes,FAIL,authored-specific-rationale|authored-specific-rationale|authored-specific-rationale,0,PASS,REMEDIATE
add-within-100-g1,1,g1a-03-01,k1,no,content/courses/add-within-100-g1/lessons/g1a-03-01.json,8 + 7 = ? Which value makes this equation true?,15,2,2,no,no,PASS,authored-specific-rationale|authored-specific-rationale|authored-specific-rationale,0,PASS,KEEP
add-within-100-g1,1,g1a-03-01,k2,no,content/courses/add-within-100-g1/lessons/g1a-03-01.json,3 + 8 = ? Which value makes this equation true?,11,2,2,no,no,PASS,authored-specific-rationale|authored-specific-rationale|authored-specific-rationale,0,PASS,KEEP
add-within-100-g1,1,g1a-03-01,k3,no,content/courses/add-within-100-g1/lessons/g1a-03-01.json,7 + 3 = ? Which value makes this equation true?,10,2,2,no,no,PASS,authored-specific-rationale|authored-specific-rationale|authored-specific-rationale,0,PASS,KEEP
add-within-100-g1,1,g1a-03-01,ch1,no,content/courses/add-within-100-g1/lessons/g1a-03-01.json,8 + 5 = ? Which value makes this equation true?,13,2,2,no,no,PASS,authored-specific-rationale|authored-specific-rationale|authored-specific-rationale,0,PASS,KEEP
add-within-100-g1,1,g1a-03-01,rem-g1a-explain-k,yes,content/courses/add-within-100-g1/lessons/g1a-03-01.json,8 + 7 = ? Which value makes this equation true?,15,2,2,no,no,PASS,authored-specific-rationale|authored-specific-rationale|authored-specific-rationale,0,PASS,KEEP
add-within-100-g1,1,g1a-03-04,k1,no,content/courses/add-within-100-g1/lessons/g1a-03-04.json,Which addition fact helps solve 15 − 8?,8 + 7 = 15,10,11,no,no,PASS,authored-specific-rationale|authored-specific-rationale|authored-specific-rationale,0,PASS,KEEP
add-within-100-g1,1,g1a-03-04,k2,no,content/courses/add-within-100-g1/lessons/g1a-03-04.json,Which addition fact helps solve 11 − 8?,8 + 3 = 11,10,11,no,no,PASS,authored-specific-rationale|authored-specific-rationale|authored-specific-rationale,0,PASS,KEEP
add-within-100-g1,1,g1a-03-04,k3,no,content/courses/add-within-100-g1/lessons/g1a-03-04.json,Which addition fact helps solve 14 − 6?,6 + 8 = 14,10,11,no,no,PASS,authored-specific-rationale|authored-specific-rationale|authored-specific-rationale,0,PASS,KEEP
add-within-100-g1,1,g1a-03-04,ch1,no,content/courses/add-within-100-g1/lessons/g1a-03-04.json,Which addition fact helps solve 13 − 9?,9 + 4 = 13,10,11,no,no,PASS,authored-specific-rationale|authored-specific-rationale|authored-specific-rationale,0,PASS,KEEP
add-within-100-g1,1,g1a-03-04,rem-g1a-method-choice-k,yes,content/courses/add-within-100-g1/lessons/g1a-03-04.json,Which addition fact helps solve 15 − 8?,8 + 7 = 15,10,11,no,no,PASS,authored-specific-rationale|authored-specific-rationale|authored-specific-rationale,0,PASS,KEEP
area-surface-volume,6,asv-01-01,k2,no,content/courses/area-surface-volume/lessons/asv-01-01.json,"What does ""height"" mean in the triangle area formula?",The perpendicular distance from the base to the opposite vertex,63,40,yes,no,FAIL,authored-specific-rationale|authored-specific-rationale,0,PASS,REMEDIATE
area-surface-volume,6,asv-01-03,k3,no,content/courses/area-surface-volume/lessons/asv-01-03.json,"For fixed height and two DIFFERENT base lengths, why does the trapezoid formula average the bases instead of using just one?",Because the trapezoid blends properties of both bases — its area falls between what either base alone would give,112,60,yes,yes,FAIL,authored-specific-rationale|authored-specific-rationale,0,PASS,REMEDIATE
area-surface-volume,6,asv-02-03,k3,no,content/courses/area-surface-volume/lessons/asv-02-03.json,"For the three-piece floor plan (96 + 20 + 6 = 122), does grouping the addition differently — (20 + 6) + 96 instead — change the total?",No — addition gives the same total regardless of grouping,57,50,no,no,PASS,authored-specific-rationale|authored-specific-rationale,0,PASS,KEEP
area-surface-volume,6,asv-03-01,ch1,no,content/courses/area-surface-volume/lessons/asv-03-01.json,"A rectangle has corners (2,3), (8,3), and (8,6). What is the 4th corner?","(2, 6)",6,6,no,no,PASS,authored-specific-rationale|authored-specific-rationale,0,PASS,KEEP
area-surface-volume,6,asv-04-03,k2,no,content/courses/area-surface-volume/lessons/asv-04-03.json,"""How much cardboard is needed to make a closed box?"" Which measurement answers this?",Surface area — cardboard forms the outside faces,48,34,no,no,PASS,unit-conversion|unit-conversion,0,PASS,KEEP
area-surface-volume,6,asv-05-01,k2,no,content/courses/area-surface-volume/lessons/asv-05-01.json,"""How much sand fills a sandbox?"" — which measurement, and which units?","Volume, in cubic units",22,29,no,no,PASS,unit-conversion|unit-conversion,0,PASS,KEEP
arrays-even-odd-g2,2,g2a-01-01,k3,no,content/courses/arrays-even-odd-g2/lessons/g2a-01-01.json,Which of these numbers is even?,28,2,2,no,no,PASS,authored-specific-rationale|authored-specific-rationale|authored-specific-rationale,0,PASS,KEEP
arrays-even-odd-g2,2,g2a-01-02,k1,no,content/courses/arrays-even-odd-g2/lessons/g2a-01-02.json,Which of these numbers is even?,24,2,2,no,no,PASS,authored-specific-rationale|authored-specific-rationale|authored-specific-rationale,0,PASS,KEEP
arrays-even-odd-g2,2,g2a-01-02,k3,no,content/courses/arrays-even-odd-g2/lessons/g2a-01-02.json,Which of these numbers is even?,28,2,2,no,no,PASS,authored-specific-rationale|authored-specific-rationale|authored-specific-rationale,0,PASS,KEEP
arrays-even-odd-g2,2,g2a-01-02,rem-g2a-odd-even-k,yes,content/courses/arrays-even-odd-g2/lessons/g2a-01-02.json,Which of these numbers is even?,24,2,2,no,no,PASS,authored-specific-rationale|authored-specific-rationale|authored-specific-rationale,0,PASS,KEEP
arrays-even-odd-g2,2,g2a-01-03,k2,no,content/courses/arrays-even-odd-g2/lessons/g2a-01-03.json,What kind of number is an even number plus an even number?,even,4,29,no,no,PASS,authored-specific-rationale|authored-specific-rationale|authored-specific-rationale,0,PASS,KEEP
arrays-even-odd-g2,2,g2a-01-04,k1,no,content/courses/arrays-even-odd-g2/lessons/g2a-01-04.json,Which addition shows 14 as a double?,7 + 7,5,7,no,no,PASS,authored-specific-rationale|authored-specific-rationale|authored-specific-rationale,0,PASS,KEEP
arrays-even-odd-g2,2,g2a-01-04,k3,no,content/courses/arrays-even-odd-g2/lessons/g2a-01-04.json,What kind of number is an odd number plus an odd number?,even,4,29,no,no,PASS,authored-specific-rationale|authored-specific-rationale|authored-specific-rationale,0,PASS,KEEP
arrays-even-odd-g2,2,g2a-01-04,ch1,no,content/courses/arrays-even-odd-g2/lessons/g2a-01-04.json,Which addition shows 20 as a double?,10 + 10,7,7,no,no,PASS,authored-specific-rationale|authored-specific-rationale|authored-specific-rationale,0,PASS,KEEP
arrays-even-odd-g2,2,g2a-01-04,rem-g2a-even-equation-k,yes,content/courses/arrays-even-odd-g2/lessons/g2a-01-04.json,Which addition shows 14 as a double?,7 + 7,5,7,no,no,PASS,authored-specific-rationale|authored-specific-rationale|authored-specific-rationale,0,PASS,KEEP
arrays-even-odd-g2,2,g2a-02-01,k2,no,content/courses/arrays-even-odd-g2/lessons/g2a-02-01.json,An array has 4 rows with 5 dots in each row. Which repeated sum counts it BY ROWS?,5 + 5 + 5 + 5,13,17,no,no,PASS,representation-read|representation-read|representation-read,0,PASS,KEEP
arrays-even-odd-g2,2,g2a-02-02,k3,no,content/courses/arrays-even-odd-g2/lessons/g2a-02-02.json,An array has 4 rows with 5 dots in each row. Which repeated sum counts it BY ROWS?,5 + 5 + 5 + 5,13,17,no,no,PASS,representation-read|representation-read|representation-read,0,PASS,KEEP
arrays-even-odd-g2,2,g2a-02-03,k3,no,content/courses/arrays-even-odd-g2/lessons/g2a-02-03.json,A 2-by-8 array and a 4-by-4 array both use 16 dots. What does that show?,The same total can make differently shaped arrays,49,32,no,no,PASS,authored-specific-rationale|place-value|representation-read,0,PASS,KEEP
arrays-even-odd-g2,2,g2a-03-01,k1,no,content/courses/arrays-even-odd-g2/lessons/g2a-03-01.json,An array has 4 rows with 6 dots in each row. Which repeated sum counts it BY ROWS?,6 + 6 + 6 + 6,13,21,no,no,PASS,representation-read|representation-read|representation-read,0,PASS,KEEP
arrays-even-odd-g2,2,g2a-03-01,k3,no,content/courses/arrays-even-odd-g2/lessons/g2a-03-01.json,An array has 3 rows with 6 dots in each row. Which repeated sum counts it BY ROWS?,6 + 6 + 6,9,21,no,no,PASS,representation-read|representation-read|representation-read,0,PASS,KEEP
arrays-even-odd-g2,2,g2a-03-01,rem-g2a-repeated-sum-k,yes,content/courses/arrays-even-odd-g2/lessons/g2a-03-01.json,An array has 4 rows with 6 dots in each row. Which repeated sum counts it BY ROWS?,6 + 6 + 6 + 6,13,21,no,no,PASS,representation-read|representation-read|representation-read,0,PASS,KEEP
arrays-even-odd-g2,2,g2a-03-02,k1,no,content/courses/arrays-even-odd-g2/lessons/g2a-03-02.json,A 2-by-8 array and a 4-by-4 array both use 16 dots. What does that show?,The same total can make differently shaped arrays,49,32,no,no,PASS,authored-specific-rationale|place-value|representation-read,0,PASS,KEEP
arrays-even-odd-g2,2,g2a-03-02,k3,no,content/courses/arrays-even-odd-g2/lessons/g2a-03-02.json,A 2-by-9 array and a 3-by-6 array both use 18 dots. What does that show?,The same total can make differently shaped arrays,49,32,no,no,PASS,authored-specific-rationale|place-value|representation-read,0,PASS,KEEP
arrays-even-odd-g2,2,g2a-03-02,rem-g2a-array-shapes-k,yes,content/courses/arrays-even-odd-g2/lessons/g2a-03-02.json,A 2-by-8 array and a 4-by-4 array both use 16 dots. What does that show?,The same total can make differently shaped arrays,49,32,no,no,PASS,authored-specific-rationale|place-value|representation-read,0,PASS,KEEP
arrays-even-odd-g2,2,g2a-03-03,k2,no,content/courses/arrays-even-odd-g2/lessons/g2a-03-03.json,An array has 4 rows with 5 dots in each row. Which repeated sum counts it BY ROWS?,5 + 5 + 5 + 5,13,17,no,no,PASS,representation-read|representation-read|representation-read,0,PASS,KEEP
binomial-theorem,12,bt-01-01,k3,no,content/courses/binomial-theorem/lessons/bt-01-01.json,Put a = 1 and b = 1. What do (a + b)² and a² + b² come to?,4 and 2 — they disagree,23,20,no,no,PASS,authored-specific-rationale|authored-specific-rationale,0,PASS,KEEP
binomial-theorem,12,bt-01-02,k3,no,content/courses/binomial-theorem/lessons/bt-01-02.json,"Row 6 begins 1, 6, 15, 20, … What are its LAST two entries?","6, 1",4,5,no,no,PASS,representation-read|authored-specific-rationale,0,PASS,KEEP
binomial-theorem,12,bt-01-03,k3,no,content/courses/binomial-theorem/lessons/bt-01-03.json,Why is Pascal's triangle symmetric?,Choosing k brackets to give b is the same as choosing the other n−k to give a,77,40,yes,no,FAIL,authored-specific-rationale|representation-read,0,PASS,REMEDIATE
binomial-theorem,12,bt-02-01,k3,no,content/courses/binomial-theorem/lessons/bt-02-01.json,Which of these CANNOT be a term of (a + b)⁶?,20a³b²,6,6,no,no,PASS,authored-specific-rationale|authored-specific-rationale,0,PASS,KEEP
binomial-theorem,12,bt-02-02,k3,no,content/courses/binomial-theorem/lessons/bt-02-02.json,"Counting from the start, which term of (a + b)⁷ contains b³?",The 4th,7,7,no,no,PASS,authored-specific-rationale|authored-specific-rationale,0,PASS,KEEP
binomial-theorem,12,bt-02-03,k2,no,content/courses/binomial-theorem/lessons/bt-02-03.json,What is the probability of getting exactly 4 heads in four fair flips?,1/16,4,4,no,no,PASS,rate-vs-start|authored-specific-rationale,0,PASS,KEEP
bivariate-statistics,8,bv-01-01,k1,no,content/courses/bivariate-statistics/lessons/bv-01-01.json,"On a study-time scatter plot (x = hours, y = problems solved), a dot sits at across-position 4, up-position 7. What pair does it show?","4 hours, 7 problems",19,19,no,no,PASS,authored-specific-rationale|authored-specific-rationale|representation-read,0,PASS,KEEP
bivariate-statistics,8,bv-01-01,k2,no,content/courses/bivariate-statistics/lessons/bv-01-01.json,"On a scatter plot of 10 students' height and shoe size, how many dots appear?",10 — one dot per student,24,23,no,no,PASS,authored-specific-rationale|authored-specific-rationale|authored-specific-rationale,0,PASS,KEEP
bivariate-statistics,8,bv-01-01,k3,no,content/courses/bivariate-statistics/lessons/bv-01-01.json,What can a scatter plot show that a plot of just one measurement cannot?,Whether the two measurements are related,40,36,no,no,PASS,authored-specific-rationale|authored-specific-rationale|authored-specific-rationale,0,PASS,KEEP
bivariate-statistics,8,bv-01-01,rem-bv0101-k,yes,content/courses/bivariate-statistics/lessons/bv-01-01.json,"A scatter-plot dot sits at across-position 3, up-position 6. What pair does it represent?","(3, 6)",6,6,no,no,PASS,authored-specific-rationale|authored-specific-rationale|authored-specific-rationale,0,PASS,KEEP
bivariate-statistics,8,bv-01-02,i1,no,content/courses/bivariate-statistics/lessons/bv-01-02.json,"On a scatter plot, the dots rise from the lower-left to the upper-right. What association is this?",Positive — y goes up as x goes up,33,14,yes,yes,FAIL,sign-direction|sign-direction|sign-direction,0,PASS,REMEDIATE
bivariate-statistics,8,bv-01-02,k1,no,content/courses/bivariate-statistics/lessons/bv-01-02.json,The dots fall from the upper-left to the lower-right. What association is this?,Negative — y goes down as x goes up,35,14,yes,yes,FAIL,sign-direction|sign-direction|sign-direction,0,PASS,REMEDIATE
bivariate-statistics,8,bv-01-02,i2,no,content/courses/bivariate-statistics/lessons/bv-01-02.json,"As a candle burns longer, its height gets smaller. What association do burn-time and height have?",Negative,8,26,no,no,PASS,sign-direction|sign-direction|sign-direction,0,PASS,KEEP
bivariate-statistics,8,bv-01-02,k2,no,content/courses/bivariate-statistics/lessons/bv-01-02.json,A scatter plot of students' shoe sizes vs. their math scores shows dots scattered with no clear direction. What association is this?,No association,14,8,no,no,PASS,sign-direction|sign-direction|sign-direction,0,PASS,KEEP
bivariate-statistics,8,bv-01-02,k3,no,content/courses/bivariate-statistics/lessons/bv-01-02.json,"The more hours players practice free throws, the more baskets they tend to make. What association is this?",Positive,8,14,no,no,PASS,sign-direction|sign-direction|sign-direction,0,PASS,KEEP
bivariate-statistics,8,bv-01-02,rem-bv0102-k,yes,content/courses/bivariate-statistics/lessons/bv-01-02.json,The dots on a scatter plot rise from lower-left to upper-right. What association is this?,Positive,8,14,no,no,PASS,sign-direction|sign-direction|sign-direction,0,PASS,KEEP
bivariate-statistics,8,bv-01-03,i1,no,content/courses/bivariate-statistics/lessons/bv-01-03.json,"Most dots on a scatter plot lie along a rising band, but one dot sits far above and to the left, alone. What is that dot?",An outlier,10,22,no,no,PASS,authored-specific-rationale|authored-specific-rationale|sign-direction,0,PASS,KEEP
bivariate-statistics,8,bv-01-03,k1,no,content/courses/bivariate-statistics/lessons/bv-01-03.json,"The dots on a scatter plot follow a straight, steadily rising path. What is the form?",Linear,6,9,no,no,PASS,authored-specific-rationale|authored-specific-rationale|authored-specific-rationale,0,PASS,KEEP
bivariate-statistics,8,bv-01-03,i2,no,content/courses/bivariate-statistics/lessons/bv-01-03.json,"The dots rise steeply at first, then level off into a flat curve. What is the form?",Nonlinear,9,14,no,no,PASS,authored-specific-rationale|sign-direction|authored-specific-rationale,0,PASS,KEEP
bivariate-statistics,8,bv-01-03,k2,no,content/courses/bivariate-statistics/lessons/bv-01-03.json,"On a scatter plot, several dots are tightly bunched in the lower-left corner. What does this cluster tell you?",Many items share similar low values for both measurements,57,27,yes,no,FAIL,authored-specific-rationale|sign-direction|authored-specific-rationale,0,PASS,REMEDIATE
bivariate-statistics,8,bv-01-03,k3,no,content/courses/bivariate-statistics/lessons/bv-01-03.json,Why is it important to notice an outlier before drawing a summary line?,It can pull the line away from the main pattern,47,32,no,no,PASS,authored-specific-rationale|representation-read|authored-specific-rationale,0,PASS,KEEP
bivariate-statistics,8,bv-01-03,rem-bv0103-k,yes,content/courses/bivariate-statistics/lessons/bv-01-03.json,The dots on a scatter plot rise then bend into a curve. What is the form?,Nonlinear,9,7,no,no,PASS,authored-specific-rationale|authored-specific-rationale|authored-specific-rationale,0,PASS,KEEP
bivariate-statistics,8,bv-02-01,i1,no,content/courses/bivariate-statistics/lessons/bv-02-01.json,What is the job of a line of best fit on a scatter plot?,To summarize the overall trend with one straight line,53,33,yes,no,FAIL,authored-specific-rationale|authored-specific-rationale|authored-specific-rationale,0,PASS,REMEDIATE
bivariate-statistics,8,bv-02-01,k1,no,content/courses/bivariate-statistics/lessons/bv-02-01.json,Must a line of best fit pass through at least one data point?,No — it just needs to sit close to the whole cloud,50,38,no,no,PASS,authored-specific-rationale|authored-specific-rationale|authored-specific-rationale,0,PASS,KEEP
bivariate-statistics,8,bv-02-01,k2,no,content/courses/bivariate-statistics/lessons/bv-02-01.json,The dots show a positive association. Which way should the line of best fit slope?,Upward to the right,19,21,no,no,PASS,sign-direction|sign-direction|sign-direction,0,PASS,KEEP
bivariate-statistics,8,bv-02-01,k3,no,content/courses/bivariate-statistics/lessons/bv-02-01.json,Why summarize a scatter plot with a line of best fit?,It turns a scattered cloud into one simple trend you can use,60,37,yes,no,FAIL,authored-specific-rationale|authored-specific-rationale|authored-specific-rationale,0,PASS,REMEDIATE
bivariate-statistics,8,bv-02-01,ch1,no,content/courses/bivariate-statistics/lessons/bv-02-01.json,"A student draws a line that runs along the very top of the cloud, with almost every dot below it. Is this a good line of best fit?",No — it isn't balanced; most dots are on one side,49,33,no,yes,FAIL,authored-specific-rationale|authored-specific-rationale|rate-vs-start,0,PASS,REMEDIATE
bivariate-statistics,8,bv-02-01,rem-bv0201-k,yes,content/courses/bivariate-statistics/lessons/bv-02-01.json,Where should a line of best fit run relative to the cloud of dots?,"Through the middle, balanced above and below",44,26,yes,no,FAIL,authored-specific-rationale|authored-specific-rationale|authored-specific-rationale,0,PASS,REMEDIATE
bivariate-statistics,8,bv-02-02,k1,no,content/courses/bivariate-statistics/lessons/bv-02-02.json,Cloud X's dots hug a straight path tightly; Cloud Y's dots are widely spread. Whose best-fit line will have smaller gaps?,Cloud X — its dots are tightly clustered,40,37,no,no,PASS,authored-specific-rationale|authored-specific-rationale|place-value,0,PASS,KEEP
bivariate-statistics,8,bv-02-02,k2,no,content/courses/bivariate-statistics/lessons/bv-02-02.json,What single idea best measures how good a line of best fit is?,How far the dots sit from the line overall,42,30,no,no,PASS,authored-specific-rationale|rate-vs-start|authored-specific-rationale,0,PASS,KEEP
bivariate-statistics,8,bv-02-02,k3,no,content/courses/bivariate-statistics/lessons/bv-02-02.json,A line stays close to the dots but has every dot slightly above it. How could it improve?,Shift it up so dots are balanced above and below,48,40,no,no,PASS,authored-specific-rationale|authored-specific-rationale|authored-specific-rationale,0,PASS,KEEP
bivariate-statistics,8,bv-02-02,ch1,no,content/courses/bivariate-statistics/lessons/bv-02-02.json,"Line P: dots split evenly above and below, all fairly close. Line Q: also close, but every dot sits above it. Which fits better?",Line P — close AND balanced,27,32,no,no,PASS,authored-specific-rationale|authored-specific-rationale|authored-specific-rationale,0,PASS,KEEP
bivariate-statistics,8,bv-02-02,rem-bv0202-k,yes,content/courses/bivariate-statistics/lessons/bv-02-02.json,Line A's dots hug it closely; Line B's dots are far from it. Which fits better?,Line A,6,7,no,no,PASS,authored-specific-rationale|authored-specific-rationale|authored-specific-rationale,0,PASS,KEEP
bivariate-statistics,8,bv-03-02,i1,no,content/courses/bivariate-statistics/lessons/bv-03-02.json,"A phone-plan cost fits y = 2x + 10, where x is gigabytes used and y is dollars. What does the slope 2 mean?",Each extra gigabyte adds $2 to the cost,39,24,no,no,PASS,rate-vs-start|rate-vs-start|rate-vs-start,0,PASS,KEEP
bivariate-statistics,8,bv-03-02,k1,no,content/courses/bivariate-statistics/lessons/bv-03-02.json,"For the phone plan y = 2x + 10 (x = gigabytes, y = dollars), what does the intercept 10 mean?",The base cost is $10 before any data is used,44,30,no,no,PASS,rate-vs-start|rate-vs-start|representation-read,0,PASS,KEEP
bivariate-statistics,8,bv-03-02,k2,no,content/courses/bivariate-statistics/lessons/bv-03-02.json,"Savings fit y = 20x + 50, where x is weeks and y is dollars. What does the slope 20 mean?",$20 is saved each week,22,28,no,no,PASS,rate-vs-start|rate-vs-start|rate-vs-start,0,PASS,KEEP
bivariate-statistics,8,bv-03-02,k3,no,content/courses/bivariate-statistics/lessons/bv-03-02.json,"For savings y = 20x + 50 (x = weeks, y = dollars), what does the intercept 50 mean?",The account started with $50,28,25,no,no,PASS,rate-vs-start|rate-vs-start|rate-vs-start,0,PASS,KEEP
bivariate-statistics,8,bv-03-02,rem-bv0302-k,yes,content/courses/bivariate-statistics/lessons/bv-03-02.json,A cost fits y = 5x + 8. What does the slope 5 represent?,The amount y changes for each extra unit of x,45,27,yes,no,FAIL,unit-conversion|unit-conversion|unit-conversion,0,PASS,REMEDIATE
bivariate-statistics,8,bv-03-03,i1,no,content/courses/bivariate-statistics/lessons/bv-03-03.json,A line is fit to data from x = 1 to x = 10. A prediction at x = 5 is likely more trustworthy than one at x = 40 because…,x = 5 is inside the measured range; x = 40 is far beyond it,59,25,yes,yes,FAIL,authored-specific-rationale|authored-specific-rationale|authored-specific-rationale,0,PASS,REMEDIATE
bivariate-statistics,8,bv-03-03,k1,no,content/courses/bivariate-statistics/lessons/bv-03-03.json,Using a line fit to ages 6–12 to predict a 40-year-old's height is an example of…,Extrapolation — predicting far beyond the data,46,21,yes,yes,FAIL,authored-specific-rationale|rate-vs-start|authored-specific-rationale,0,PASS,REMEDIATE
bivariate-statistics,8,bv-03-03,i2,no,content/courses/bivariate-statistics/lessons/bv-03-03.json,A line fit to a plant's first 6 weeks predicts it will be 3 meters tall at week 100. What's the problem?,The plant likely stops growing — the line can't be trusted that far out,71,28,yes,yes,FAIL,rate-vs-start|authored-specific-rationale|unit-conversion,0,PASS,REMEDIATE
bivariate-statistics,8,bv-03-03,k2,no,content/courses/bivariate-statistics/lessons/bv-03-03.json,A line is fit to data from x = 1 to x = 12. Which prediction is the most trustworthy?,x = 8,5,7,no,no,PASS,authored-specific-rationale|authored-specific-rationale|authored-specific-rationale,0,PASS,KEEP
bivariate-statistics,8,bv-03-03,k3,no,content/courses/bivariate-statistics/lessons/bv-03-03.json,Why can a line of best fit give a bad prediction far outside the data range?,The real trend may curve or level off out there,47,28,yes,no,FAIL,authored-specific-rationale|rate-vs-start|authored-specific-rationale,0,PASS,REMEDIATE
bivariate-statistics,8,bv-03-03,rem-bv0303-k,yes,content/courses/bivariate-statistics/lessons/bv-03-03.json,A line is fit to data from x = 1 to x = 12. Which prediction is most trustworthy?,x = 7,5,7,no,no,PASS,authored-specific-rationale|authored-specific-rationale|authored-specific-rationale,0,PASS,KEEP
bivariate-statistics,8,bv-04-03,k1,no,content/courses/bivariate-statistics/lessons/bv-04-03.json,Why compare relative frequencies (rates) instead of raw counts across rows?,"The rows can have different totals, so counts alone aren't a fair comparison",76,26,yes,no,FAIL,rate-vs-start|rate-vs-start|authored-specific-rationale,0,PASS,REMEDIATE
bivariate-statistics,8,bv-04-03,i2,no,content/courses/bivariate-statistics/lessons/bv-04-03.json,"In a table, 70% of teens and 68% of adults chose the same brand. Are choice and age strongly associated?","No — the rates are nearly equal, so little association",54,27,yes,no,FAIL,rate-vs-start|rate-vs-start|rate-vs-start,0,PASS,REMEDIATE
bivariate-statistics,8,bv-04-03,k2,no,content/courses/bivariate-statistics/lessons/bv-04-03.json,"Among students, 90% of athletes but only 30% of non-athletes ate breakfast. Are being an athlete and eating breakfast associated?",Yes — the rates differ a lot (90% vs 30%),41,33,no,yes,FAIL,authored-specific-rationale|rate-vs-start|rate-vs-start,0,PASS,REMEDIATE
bivariate-statistics,8,bv-04-03,ch1,no,content/courses/bivariate-statistics/lessons/bv-04-03.json,Children prefer cats at about 33% (10 of 30); adults at 75% (15 of 20). What do these rates show?,Age and pet preference are associated — the rates differ sharply,64,41,yes,no,FAIL,rate-vs-start|rate-vs-start|inside-vs-derivative,0,PASS,REMEDIATE
bivariate-statistics,8,bv-04-03,rem-bv0403-k,yes,content/courses/bivariate-statistics/lessons/bv-04-03.json,Group A chose an option at 80% and Group B at 78%. Is there a strong association?,No — the rates are nearly equal,31,24,no,no,PASS,rate-vs-start|rate-vs-start|rate-vs-start,0,PASS,KEEP
bivariate-statistics,8,bv-05-01,k2,no,content/courses/bivariate-statistics/lessons/bv-05-01.json,A point has residual 0. Where is it?,Exactly on the line,19,26,no,no,PASS,authored-specific-rationale|inside-vs-derivative,0,PASS,KEEP
bivariate-statistics,8,bv-05-01,k3,no,content/courses/bivariate-statistics/lessons/bv-05-01.json,"Under ŷ = 2x + 1, which point does the line miss WORST: (1,4), (2,4), or (4,12)?","(4, 12) — residual +3",21,20,no,no,PASS,inside-vs-derivative|inside-vs-derivative,0,PASS,KEEP
bivariate-statistics,8,bv-05-01,ch1,no,content/courses/bivariate-statistics/lessons/bv-05-01.json,"Point (4, 8). Line A: ŷ = x + 2. Line B: ŷ = 3x − 2. Which line misses it by less?",Neither — both miss by exactly 2,32,6,yes,yes,FAIL,authored-specific-rationale|authored-specific-rationale,0,PASS,REMEDIATE
bivariate-statistics,8,bv-05-02,i1,no,content/courses/bivariate-statistics/lessons/bv-05-02.json,"A line was fit to data. Reading left to right, the residuals run: +3, +1, −1, −2, −1, +1, +3 — positive, dipping negative, positive again. Verdict?",The relationship curves — a line was the wrong tool,51,51,no,no,PASS,sign-direction|inside-vs-derivative,0,PASS,KEEP
bivariate-statistics,8,bv-05-02,k1,no,content/courses/bivariate-statistics/lessons/bv-05-02.json,Which residual picture says 'the line fits well'?,"Signs mixed, no trend, similar sizes everywhere",47,36,no,no,PASS,authored-specific-rationale|representation-read,0,PASS,KEEP
bivariate-statistics,8,bv-05-02,k2,no,content/courses/bivariate-statistics/lessons/bv-05-02.json,Every residual comes out positive. The fitted line is…,Too low — the whole cloud floats above it,41,28,no,no,PASS,sign-direction|sign-direction,0,PASS,KEEP
bivariate-statistics,8,bv-05-02,ch1,no,content/courses/bivariate-statistics/lessons/bv-05-02.json,"Data: (1,2), (2,4), (3,4), (4,5). Line: ŷ = x + 1. What do the residuals say?","0, +1, 0, 0 — no pattern; the line fits",39,34,no,yes,FAIL,authored-specific-rationale|sign-direction,0,PASS,REMEDIATE
bivariate-statistics,8,bv-05-02,k3,no,content/courses/bivariate-statistics/lessons/bv-05-02.json,Why plot residuals instead of just eyeballing the line through the scatter?,Removing the trend magnifies the misses the eye skips over,58,34,yes,no,FAIL,inside-vs-derivative|authored-specific-rationale,0,PASS,REMEDIATE
bivariate-statistics,8,bv-05-03,k2,no,content/courses/bivariate-statistics/lessons/bv-05-03.json,"Shifting the line up by 1 would hit (2, 6) exactly. Worth it?",No — three zero-residuals become −1s to fix one +1,50,32,yes,no,FAIL,authored-specific-rationale|authored-specific-rationale,0,PASS,REMEDIATE
bivariate-statistics,8,bv-05-03,ch1,no,content/courses/bivariate-statistics/lessons/bv-05-03.json,Can the best-fit line pass through NONE of the data points?,Yes — it balances misses; touching points is irrelevant,55,31,yes,yes,FAIL,authored-specific-rationale|authored-specific-rationale,0,PASS,REMEDIATE
bivariate-statistics,8,bv-05-03,k3,no,content/courses/bivariate-statistics/lessons/bv-05-03.json,"Software reports 'least-squares line'. Least WHAT, exactly?",The sum of squared residuals,28,27,no,no,PASS,authored-specific-rationale|rate-vs-start,0,PASS,KEEP
circle-theorems,10,cr-01-01,k3,no,content/courses/circle-theorems/lessons/cr-01-01.json,An arc measures 230°. How is it classified and named?,"Major arc — three letters, like arc ACB",39,33,no,no,PASS,authored-specific-rationale|authored-specific-rationale|authored-specific-rationale,0,PASS,KEEP
circle-theorems,10,cr-01-02,i2,no,content/courses/circle-theorems/lessons/cr-01-02.json,"Which vertex placement makes an INSCRIBED angle (not central, not other)?","Vertex on the circle, both sides chords of the circle",53,44,no,no,PASS,authored-specific-rationale|authored-specific-rationale|authored-specific-rationale,0,PASS,KEEP
circle-theorems,10,cr-01-03,i2,no,content/courses/circle-theorems/lessons/cr-01-03.json,"A carpenter slides a square (a rigid 90° corner) so both edges touch two fixed nails, marking where the corner sits. What does the corner trace, and why?","A circle through the nails — by the converse, the corner always sees the nail-segment as a diameter",99,37,yes,yes,FAIL,authored-specific-rationale|authored-specific-rationale|authored-specific-rationale,0,PASS,REMEDIATE
circle-theorems,10,cr-02-01,k3,no,content/courses/circle-theorems/lessons/cr-02-01.json,Two arcs in the same circle both measure 110°. What follows about their chords?,The chords are congruent — the arc-chord lock runs both directions,66,51,no,no,PASS,authored-specific-rationale|authored-specific-rationale|authored-specific-rationale,0,PASS,KEEP
circle-theorems,10,cr-02-02,k3,no,content/courses/circle-theorems/lessons/cr-02-02.json,You have a fragment of a broken circular plate. How do you locate the original center?,Draw two chords on the rim arc; their perpendicular bisectors intersect at the center,85,55,yes,yes,FAIL,unit-conversion|authored-specific-rationale|authored-specific-rationale,0,PASS,REMEDIATE
circle-theorems,10,cr-02-03,k2,no,content/courses/circle-theorems/lessons/cr-02-03.json,"Three chords of one circle sit at distances 6, 4, and 9 from the center. Which is LONGEST?",The chord at distance 4,23,39,no,no,PASS,authored-specific-rationale|authored-specific-rationale|authored-specific-rationale,0,PASS,KEEP
circle-theorems,10,cr-02-03,rem-cr-chord-dist-k,yes,content/courses/circle-theorems/lessons/cr-02-03.json,Chords of length 10 and 14 sit in the same circle. Which is closer to the center?,The 14-chord — longer means closer,34,28,no,yes,FAIL,authored-specific-rationale|authored-specific-rationale|authored-specific-rationale,0,PASS,REMEDIATE
circle-theorems,10,cr-03-01,k3,no,content/courses/circle-theorems/lessons/cr-03-01.json,"In the right triangle formed by center O, external point P, and tangency point T, the right angle sits at:",T — where the radius meets the tangent,38,43,no,no,PASS,authored-specific-rationale|authored-specific-rationale|authored-specific-rationale,0,PASS,KEEP
circle-theorems,10,cr-03-02,i2,no,content/courses/circle-theorems/lessons/cr-03-02.json,"A straight belt leaves a circular pulley. At the exact point where the belt lifts off the pulley, the belt is:",Tangent to the pulley — perpendicular to the radius at the lift-off point,73,38,yes,yes,FAIL,authored-specific-rationale|sign-direction|place-value,0,PASS,REMEDIATE
circle-theorems,10,cr-03-03,i1,no,content/courses/circle-theorems/lessons/cr-03-03.json,Every triangle has an inscribed circle. Which construction-course fact delivers its center?,The three angle bisectors meet at one point equidistant from all three sides — that's the center,96,64,yes,no,FAIL,authored-specific-rationale|authored-specific-rationale|authored-specific-rationale,0,PASS,REMEDIATE
circle-theorems,10,cr-04-01,i1,no,content/courses/circle-theorems/lessons/cr-04-01.json,Vertex at the center: angle = arc. On the circle: half the arc. Inside: half the sum. Outside: half the difference. What single story unifies them?,"As the vertex moves outward, the angle seeing a fixed arc shrinks — center (full), rim (half), and beyond the rim the near arc subtracts",136,47,yes,yes,FAIL,authored-specific-rationale|rate-vs-start|rate-vs-start,0,PASS,REMEDIATE
circle-theorems,10,cr-04-01,k3,no,content/courses/circle-theorems/lessons/cr-04-01.json,A photographer outside a circular fountain sights along two tangent lines to its rim. Which formula gives the angle between the sight lines?,Half the difference of the two intercepted arcs,47,28,yes,no,FAIL,authored-specific-rationale|authored-specific-rationale|authored-specific-rationale,0,PASS,REMEDIATE
circle-theorems,10,cr-04-02,i2,no,content/courses/circle-theorems/lessons/cr-04-02.json,Why is the tangent-chord rule “the inscribed angle theorem in the limit”?,"Slide one chord of an inscribed angle until its far endpoint merges with the vertex — the chord becomes the tangent, and half-the-arc persists",142,45,yes,no,FAIL,sign-direction|boundary-endpoint|authored-specific-rationale,0,PASS,REMEDIATE
circle-theorems,10,cr-04-02,k3,no,content/courses/circle-theorems/lessons/cr-04-02.json,A tangent-chord angle halves “the intercepted arc.” Which arc is that?,The arc lying inside the angle — between the chord and the tangent direction it opens toward,92,20,yes,yes,FAIL,authored-specific-rationale|authored-specific-rationale|authored-specific-rationale,0,PASS,REMEDIATE
circle-theorems,10,cr-04-03,i1,no,content/courses/circle-theorems/lessons/cr-04-03.json,The crossing-chords proof joins chord endpoints to form two triangles. Why are they similar?,Two pairs of inscribed angles stand on the same arcs (plus vertical angles at P) — AA similarity,96,28,yes,yes,FAIL,inside-vs-derivative|authored-specific-rationale|authored-specific-rationale,0,PASS,REMEDIATE
circle-theorems,10,cr-05-03,k2,no,content/courses/circle-theorems/lessons/cr-05-03.json,"A quadrilateral has consecutive angles 88°, 105°, 92°, 75°. Is it cyclic?","Yes — opposite pairs (88, 92) and (105, 75) each sum to 180°",60,32,yes,no,FAIL,authored-specific-rationale|authored-specific-rationale|sign-direction,0,PASS,REMEDIATE
circle-theorems,10,cr-05-03,k3,no,content/courses/circle-theorems/lessons/cr-05-03.json,"From the quadrilateral course's cast, which is ALWAYS cyclic?","The rectangle — every angle 90°, so opposite pairs always hit 180°",66,21,yes,yes,FAIL,authored-specific-rationale|authored-specific-rationale|authored-specific-rationale,0,PASS,REMEDIATE
circle-theorems,10,cr-06-01,k2,no,content/courses/circle-theorems/lessons/cr-06-01.json,"Circle A has radius 3 (2r = 6). Circle B has radius 9, three times as large. What is Circle B's 2r?","18 — three times Circle A's 2r, matching the tripled radius",59,29,yes,no,FAIL,authored-specific-rationale|exponent-rule|authored-specific-rationale,0,PASS,REMEDIATE
circle-theorems,10,cr-06-01,ch1,no,content/courses/circle-theorems/lessons/cr-06-01.json,Radius doubles from 4 to 8. The 2r piece goes from 8 to 16. The r² piece goes from 16 to 64. Which piece grew by the LARGER factor?,"r² — it quadrupled, while 2r only doubled",41,73,no,no,PASS,representation-read|authored-specific-rationale|representation-read,0,PASS,KEEP
compare-numbers-k,0,kcm-01-01,k1,no,content/courses/compare-numbers-k/lessons/kcm-01-01.json,There are 8 stars and 7 hearts. Which statement is true?,More stars,10,15,no,no,PASS,authored-specific-rationale|authored-specific-rationale|authored-specific-rationale,0,PASS,KEEP
compare-numbers-k,0,kcm-01-01,k2,no,content/courses/compare-numbers-k/lessons/kcm-01-01.json,How does pairing one to one settle which group is bigger?,The side left with unmatched things is the bigger group,55,46,no,no,PASS,authored-specific-rationale|place-value|authored-specific-rationale,0,PASS,KEEP
compare-numbers-k,0,kcm-01-01,ch1,no,content/courses/compare-numbers-k/lessons/kcm-01-01.json,There are 5 stars and 6 hearts. Which statement is true?,More hearts,11,15,no,no,PASS,authored-specific-rationale|authored-specific-rationale|authored-specific-rationale,0,PASS,KEEP
compare-numbers-k,0,kcm-01-01,rem-kcm-more-fewer-same-k,yes,content/courses/compare-numbers-k/lessons/kcm-01-01.json,There are 8 stars and 7 hearts. Which statement is true?,More stars,10,15,no,no,PASS,authored-specific-rationale|authored-specific-rationale|authored-specific-rationale,0,PASS,KEEP
compare-numbers-k,0,kcm-01-02,k1,no,content/courses/compare-numbers-k/lessons/kcm-01-02.json,"After pairing, two hearts stand unmatched. What does that show?",There are two more hearts than stars,36,29,no,no,PASS,sign-direction|authored-specific-rationale|authored-specific-rationale,0,PASS,KEEP
compare-numbers-k,0,kcm-01-02,k2,no,content/courses/compare-numbers-k/lessons/kcm-01-02.json,There are 3 stars and 4 hearts. Which statement is true?,More hearts,11,15,no,no,PASS,authored-specific-rationale|authored-specific-rationale|authored-specific-rationale,0,PASS,KEEP
compare-numbers-k,0,kcm-01-02,ch1,no,content/courses/compare-numbers-k/lessons/kcm-01-02.json,There are 8 stars and 8 hearts. Which statement is true?,They are equal,14,15,no,no,PASS,authored-specific-rationale|authored-specific-rationale|authored-specific-rationale,0,PASS,KEEP
compare-numbers-k,0,kcm-01-02,rem-kcm-match-pairs-k,yes,content/courses/compare-numbers-k/lessons/kcm-01-02.json,"After pairing, two hearts stand unmatched. What does that show?",There are two more hearts than stars,36,29,no,no,PASS,sign-direction|authored-specific-rationale|authored-specific-rationale,0,PASS,KEEP
compare-numbers-k,0,kcm-01-03,k1,no,content/courses/compare-numbers-k/lessons/kcm-01-03.json,There are 8 stars and 7 hearts. Which statement is true?,More stars,10,15,no,no,PASS,authored-specific-rationale|authored-specific-rationale|authored-specific-rationale,0,PASS,KEEP
compare-numbers-k,0,kcm-01-03,k2,no,content/courses/compare-numbers-k/lessons/kcm-01-03.json,When can your eyes alone compare two groups safely?,When one group is clearly much bigger than the other,52,30,yes,no,FAIL,authored-specific-rationale|authored-specific-rationale|authored-specific-rationale,0,PASS,REMEDIATE
compare-numbers-k,0,kcm-01-03,ch1,no,content/courses/compare-numbers-k/lessons/kcm-01-03.json,There are 8 stars and 10 hearts. Which statement is true?,More hearts,11,15,no,no,PASS,authored-specific-rationale|authored-specific-rationale|authored-specific-rationale,0,PASS,KEEP
compare-numbers-k,0,kcm-01-03,rem-kcm-bigger-group-k,yes,content/courses/compare-numbers-k/lessons/kcm-01-03.json,There are 8 stars and 7 hearts. Which statement is true?,More stars,10,15,no,no,PASS,authored-specific-rationale|authored-specific-rationale|authored-specific-rationale,0,PASS,KEEP
compare-numbers-k,0,kcm-01-04,k1,no,content/courses/compare-numbers-k/lessons/kcm-01-04.json,There are 8 stars and 10 hearts. Which statement is true?,More hearts,11,15,no,no,PASS,authored-specific-rationale|authored-specific-rationale|authored-specific-rationale,0,PASS,KEEP
compare-numbers-k,0,kcm-01-04,k3,no,content/courses/compare-numbers-k/lessons/kcm-01-04.json,How does pairing one to one settle which group is bigger?,The side left with unmatched things is the bigger group,55,46,no,no,PASS,authored-specific-rationale|place-value|authored-specific-rationale,0,PASS,KEEP
compare-numbers-k,0,kcm-01-04,ch1,no,content/courses/compare-numbers-k/lessons/kcm-01-04.json,There are 8 stars and 6 hearts. Which statement is true?,More stars,10,15,no,no,PASS,authored-specific-rationale|authored-specific-rationale|authored-specific-rationale,0,PASS,KEEP
compare-numbers-k,0,kcm-01-04,rem-kcm-smaller-group-k,yes,content/courses/compare-numbers-k/lessons/kcm-01-04.json,There are 8 stars and 10 hearts. Which statement is true?,More hearts,11,15,no,no,PASS,authored-specific-rationale|authored-specific-rationale|authored-specific-rationale,0,PASS,KEEP
compare-numbers-k,0,kcm-02-01,k1,no,content/courses/compare-numbers-k/lessons/kcm-02-01.json,There are 4 stars and 4 hearts. Which statement is true?,They are equal,14,15,no,no,PASS,authored-specific-rationale|authored-specific-rationale|authored-specific-rationale,0,PASS,KEEP
compare-numbers-k,0,kcm-02-01,k2,no,content/courses/compare-numbers-k/lessons/kcm-02-01.json,Compare 4 and 4. Which statement is true?,They are equal,14,27,no,no,PASS,authored-specific-rationale|authored-specific-rationale|authored-specific-rationale,0,PASS,KEEP
compare-numbers-k,0,kcm-02-01,ch1,no,content/courses/compare-numbers-k/lessons/kcm-02-01.json,There are 8 stars and 8 hearts. Which statement is true?,They are equal,14,15,no,no,PASS,authored-specific-rationale|authored-specific-rationale|authored-specific-rationale,0,PASS,KEEP
compare-numbers-k,0,kcm-02-01,rem-kcm-equal-groups-k,yes,content/courses/compare-numbers-k/lessons/kcm-02-01.json,There are 4 stars and 4 hearts. Which statement is true?,They are equal,14,15,no,no,PASS,authored-specific-rationale|authored-specific-rationale|authored-specific-rationale,0,PASS,KEEP
compare-numbers-k,0,kcm-02-02,k1,no,content/courses/compare-numbers-k/lessons/kcm-02-02.json,When can your eyes alone compare two groups safely?,When one group is clearly much bigger than the other,52,30,yes,no,FAIL,authored-specific-rationale|authored-specific-rationale|authored-specific-rationale,0,PASS,REMEDIATE
compare-numbers-k,0,kcm-02-02,k2,no,content/courses/compare-numbers-k/lessons/kcm-02-02.json,There are 5 stars and 6 hearts. Which statement is true?,More hearts,11,15,no,no,PASS,authored-specific-rationale|authored-specific-rationale|authored-specific-rationale,0,PASS,KEEP
compare-numbers-k,0,kcm-02-02,ch1,no,content/courses/compare-numbers-k/lessons/kcm-02-02.json,There are 8 stars and 6 hearts. Which statement is true?,More stars,10,15,no,no,PASS,authored-specific-rationale|authored-specific-rationale|authored-specific-rationale,0,PASS,KEEP
compare-numbers-k,0,kcm-02-02,rem-kcm-compare-visual-k,yes,content/courses/compare-numbers-k/lessons/kcm-02-02.json,When can your eyes alone compare two groups safely?,When one group is clearly much bigger than the other,52,30,yes,no,FAIL,authored-specific-rationale|authored-specific-rationale|authored-specific-rationale,0,PASS,REMEDIATE
compare-numbers-k,0,kcm-02-03,k1,no,content/courses/compare-numbers-k/lessons/kcm-02-03.json,The groups look close. What settles which has more?,Count both and compare the two last numbers,43,30,no,no,PASS,authored-specific-rationale|authored-specific-rationale|authored-specific-rationale,0,PASS,KEEP
compare-numbers-k,0,kcm-02-03,k2,no,content/courses/compare-numbers-k/lessons/kcm-02-03.json,There are 5 stars and 6 hearts. Which statement is true?,More hearts,11,15,no,no,PASS,authored-specific-rationale|authored-specific-rationale|authored-specific-rationale,0,PASS,KEEP
compare-numbers-k,0,kcm-02-03,ch1,no,content/courses/compare-numbers-k/lessons/kcm-02-03.json,Which number comes between 5 and 7?,6,1,1,no,no,PASS,boundary-endpoint|boundary-endpoint|boundary-endpoint,0,PASS,KEEP
compare-numbers-k,0,kcm-02-03,rem-kcm-compare-count-k,yes,content/courses/compare-numbers-k/lessons/kcm-02-03.json,The groups look close. What settles which has more?,Count both and compare the two last numbers,43,30,no,no,PASS,authored-specific-rationale|authored-specific-rationale|authored-specific-rationale,0,PASS,KEEP
compare-numbers-k,0,kcm-02-04,k1,no,content/courses/compare-numbers-k/lessons/kcm-02-04.json,"Why is 8 greater than 6, just from the counting song?","8 comes later in the song, and later always means more",54,27,yes,no,FAIL,authored-specific-rationale|authored-specific-rationale|authored-specific-rationale,0,PASS,REMEDIATE
compare-numbers-k,0,kcm-02-04,k2,no,content/courses/compare-numbers-k/lessons/kcm-02-04.json,What number comes right after 17?,18,2,2,no,no,PASS,authored-specific-rationale|authored-specific-rationale|authored-specific-rationale,0,PASS,KEEP
compare-numbers-k,0,kcm-02-04,ch1,no,content/courses/compare-numbers-k/lessons/kcm-02-04.json,Which number comes between 7 and 9?,8,1,2,no,no,PASS,boundary-endpoint|boundary-endpoint|boundary-endpoint,0,PASS,KEEP
compare-numbers-k,0,kcm-02-04,rem-kcm-greater-numeral-k,yes,content/courses/compare-numbers-k/lessons/kcm-02-04.json,"Why is 8 greater than 6, just from the counting song?","8 comes later in the song, and later always means more",54,27,yes,no,FAIL,authored-specific-rationale|authored-specific-rationale|authored-specific-rationale,0,PASS,REMEDIATE
compare-numbers-k,0,kcm-03-01,k2,no,content/courses/compare-numbers-k/lessons/kcm-03-01.json,What number comes right after 5?,6,1,1,no,no,PASS,authored-specific-rationale|authored-specific-rationale|authored-specific-rationale,0,PASS,KEEP
compare-numbers-k,0,kcm-03-01,k3,no,content/courses/compare-numbers-k/lessons/kcm-03-01.json,"Why is 8 greater than 6, just from the counting song?","8 comes later in the song, and later always means more",54,27,yes,no,FAIL,authored-specific-rationale|authored-specific-rationale|authored-specific-rationale,0,PASS,REMEDIATE
compare-numbers-k,0,kcm-03-01,ch1,no,content/courses/compare-numbers-k/lessons/kcm-03-01.json,Which number comes between 2 and 4?,3,1,1,no,no,PASS,boundary-endpoint|boundary-endpoint|boundary-endpoint,0,PASS,KEEP
compare-numbers-k,0,kcm-03-02,k1,no,content/courses/compare-numbers-k/lessons/kcm-03-02.json,5 pebbles and 5 feathers — which group has more things?,Neither because both groups have 5,34,37,no,no,PASS,authored-specific-rationale|authored-specific-rationale|authored-specific-rationale,0,PASS,KEEP
compare-numbers-k,0,kcm-03-02,k2,no,content/courses/compare-numbers-k/lessons/kcm-03-02.json,Compare 2 and 2. Which statement is true?,They are equal,14,27,no,no,PASS,authored-specific-rationale|authored-specific-rationale|authored-specific-rationale,0,PASS,KEEP
compare-numbers-k,0,kcm-03-02,ch1,no,content/courses/compare-numbers-k/lessons/kcm-03-02.json,There are 3 stars and 3 hearts. Which statement is true?,They are equal,14,15,no,no,PASS,authored-specific-rationale|authored-specific-rationale|authored-specific-rationale,0,PASS,KEEP
compare-numbers-k,0,kcm-03-02,rem-kcm-same-numeral-k,yes,content/courses/compare-numbers-k/lessons/kcm-03-02.json,5 pebbles and 5 feathers — which group has more things?,Neither because both groups have 5,34,37,no,no,PASS,authored-specific-rationale|authored-specific-rationale|authored-specific-rationale,0,PASS,KEEP
compare-numbers-k,0,kcm-03-03,k2,no,content/courses/compare-numbers-k/lessons/kcm-03-03.json,What number comes right after 16?,17,2,2,no,no,PASS,authored-specific-rationale|authored-specific-rationale|authored-specific-rationale,0,PASS,KEEP
compare-numbers-k,0,kcm-03-03,ch1,no,content/courses/compare-numbers-k/lessons/kcm-03-03.json,Which number comes between 6 and 8?,7,1,1,no,no,PASS,boundary-endpoint|boundary-endpoint|boundary-endpoint,0,PASS,KEEP
compare-numbers-k,0,kcm-03-04,k1,no,content/courses/compare-numbers-k/lessons/kcm-03-04.json,"Three numbers: 4, 9, 2. How do you find the greatest?",The one latest in the counting song — here 9,44,35,no,no,PASS,authored-specific-rationale|authored-specific-rationale|authored-specific-rationale,0,PASS,KEEP
compare-numbers-k,0,kcm-03-04,ch1,no,content/courses/compare-numbers-k/lessons/kcm-03-04.json,There are 7 stars and 6 hearts. Which statement is true?,More stars,10,15,no,no,PASS,authored-specific-rationale|authored-specific-rationale|authored-specific-rationale,0,PASS,KEEP
compare-numbers-k,0,kcm-03-04,rem-kcm-greatest-least-k,yes,content/courses/compare-numbers-k/lessons/kcm-03-04.json,"Three numbers: 4, 9, 2. How do you find the greatest?",The one latest in the counting song — here 9,44,35,no,no,PASS,authored-specific-rationale|authored-specific-rationale|authored-specific-rationale,0,PASS,KEEP
complex-numbers,11,cn-01-01,k1,no,content/courses/complex-numbers/lessons/cn-01-01.json,Which is a perfect square trinomial?,x² + 8x + 16,12,12,no,no,PASS,authored-specific-rationale|authored-specific-rationale|exponent-rule,0,PASS,KEEP
complex-numbers,11,cn-01-01,k3,no,content/courses/complex-numbers/lessons/cn-01-01.json,x² − 10x + 25 equals…,(x − 5)²,8,14,no,no,PASS,sign-direction|authored-specific-rationale|authored-specific-rationale,0,PASS,KEEP
complex-numbers,11,cn-01-02,k3,no,content/courses/complex-numbers/lessons/cn-01-02.json,"In this method, why add (b/2)² to both sides?",it turns the left side into the perfect square (x + b/2)²,57,32,yes,no,FAIL,authored-specific-rationale|authored-specific-rationale|authored-specific-rationale,0,PASS,REMEDIATE
complex-numbers,11,cn-01-03,k1,no,content/courses/complex-numbers/lessons/cn-01-03.json,What is the vertex form of y = x² + 4x + 1?,y = (x + 2)² − 3,16,16,no,no,PASS,authored-specific-rationale|authored-specific-rationale|sign-direction,0,PASS,KEEP
complex-numbers,11,cn-01-03,k3,no,content/courses/complex-numbers/lessons/cn-01-03.json,"After completing the square on y = x² − 2x + 7, what is the vertex?","(1, 6)",6,7,no,no,PASS,authored-specific-rationale|authored-specific-rationale|rate-vs-start,0,PASS,KEEP
complex-numbers,11,cn-02-01,i2,no,content/courses/complex-numbers/lessons/cn-02-01.json,What are the solutions of x² = −16?,x = ±4i,7,12,no,no,PASS,authored-specific-rationale|sign-direction|authored-specific-rationale,0,PASS,KEEP
complex-numbers,11,cn-02-01,rem-cn0201-k,yes,content/courses/complex-numbers/lessons/cn-02-01.json,What is √(−36)?,6i,2,3,no,no,PASS,sign-direction|authored-specific-rationale|authored-specific-rationale,0,PASS,KEEP
complex-numbers,11,cn-02-02,k1,no,content/courses/complex-numbers/lessons/cn-02-02.json,What is i¹⁰?,−1,2,2,no,no,PASS,authored-specific-rationale|authored-specific-rationale|authored-specific-rationale,0,PASS,KEEP
complex-numbers,11,cn-02-02,i2,no,content/courses/complex-numbers/lessons/cn-02-02.json,What is i²³?,−i,2,2,no,no,PASS,authored-specific-rationale|authored-specific-rationale|authored-specific-rationale,0,PASS,KEEP
complex-numbers,11,cn-02-02,k2,no,content/courses/complex-numbers/lessons/cn-02-02.json,What is i⁴⁰?,1,1,2,no,no,PASS,authored-specific-rationale|authored-specific-rationale|authored-specific-rationale,0,PASS,KEEP
complex-numbers,11,cn-02-02,rem-cn0202-k,yes,content/courses/complex-numbers/lessons/cn-02-02.json,What is i⁶?,−1,2,2,no,no,PASS,authored-specific-rationale|authored-specific-rationale|authored-specific-rationale,0,PASS,KEEP
complex-numbers,11,cn-02-03,i1,no,content/courses/complex-numbers/lessons/cn-02-03.json,What is the REAL part of 4 − 7i?,4,1,3,no,no,PASS,authored-specific-rationale|authored-specific-rationale|authored-specific-rationale,0,PASS,KEEP
complex-numbers,11,cn-02-03,i2,no,content/courses/complex-numbers/lessons/cn-02-03.json,Which number sits ON the imaginary (vertical) axis?,5i,2,5,no,no,PASS,representation-read|unit-conversion|representation-read,0,PASS,KEEP
complex-numbers,11,cn-02-03,k2,no,content/courses/complex-numbers/lessons/cn-02-03.json,What is the IMAGINARY part of 6 + 5i?,5,1,2,no,no,PASS,authored-specific-rationale|authored-specific-rationale|rate-vs-start,0,PASS,KEEP
complex-numbers,11,cn-02-03,ch1,no,content/courses/complex-numbers/lessons/cn-02-03.json,A point sits 2 units right and 5 units up. Which complex number is it?,2 + 5i,6,7,no,no,PASS,authored-specific-rationale|unit-conversion|unit-conversion,0,PASS,KEEP
complex-numbers,11,cn-03-01,i2,no,content/courses/complex-numbers/lessons/cn-03-01.json,What is (6 + 2i) − (4 + 5i)?,2 − 3i,6,7,no,no,PASS,authored-specific-rationale|authored-specific-rationale|authored-specific-rationale,0,PASS,KEEP
complex-numbers,11,cn-03-01,k3,no,content/courses/complex-numbers/lessons/cn-03-01.json,Why can't 4 + 6i be simplified to a single number like 10 or 10i?,"real and imaginary parts are unlike terms, like 4 + 6x",54,36,yes,no,FAIL,sign-direction|authored-specific-rationale|representation-read,0,PASS,REMEDIATE
complex-numbers,11,cn-03-02,k3,no,content/courses/complex-numbers/lessons/cn-03-02.json,What is (5i)(2i)?,−10,3,3,no,no,PASS,sign-direction|authored-specific-rationale|authored-specific-rationale,0,PASS,KEEP
complex-numbers,11,cn-03-03,k1,no,content/courses/complex-numbers/lessons/cn-03-03.json,What is the conjugate of −2 + 7i?,−2 − 7i,7,6,no,no,PASS,sign-direction|sign-direction|sign-direction,0,PASS,KEEP
complex-numbers,11,cn-03-03,k2,no,content/courses/complex-numbers/lessons/cn-03-03.json,Simplify (3 + i)/(1 − i).,1 + 2i,6,6,no,no,PASS,fraction-denominator|authored-specific-rationale|sign-direction,0,PASS,KEEP
complex-numbers,11,cn-03-03,rem-cn0303-k,yes,content/courses/complex-numbers/lessons/cn-03-03.json,What is the conjugate of 4 + 3i?,4 − 3i,6,7,no,no,PASS,sign-direction|sign-direction|sign-direction,0,PASS,KEEP
complex-numbers,11,cn-04-01,i1,no,content/courses/complex-numbers/lessons/cn-04-01.json,What are the solutions of x² = −36?,x = ±6i,7,11,no,no,PASS,authored-specific-rationale|sign-direction|authored-specific-rationale,0,PASS,KEEP
complex-numbers,11,cn-04-01,i2,no,content/courses/complex-numbers/lessons/cn-04-01.json,What are the solutions of (x + 1)² = −25?,x = −1 ± 5i,11,10,no,no,PASS,inverse-confusion|authored-specific-rationale|authored-specific-rationale,0,PASS,KEEP
complex-numbers,11,cn-04-01,k3,no,content/courses/complex-numbers/lessons/cn-04-01.json,Is x = 3i a solution of x² + 9 = 0?,"yes — (3i)² = −9, and −9 + 9 = 0",32,43,no,no,PASS,sign-direction|authored-specific-rationale|authored-specific-rationale,0,PASS,KEEP
complex-numbers,11,cn-04-01,rem-cn0401-k,yes,content/courses/complex-numbers/lessons/cn-04-01.json,What are the solutions of x² = −4?,x = ±2i,7,11,no,no,PASS,sign-direction|authored-specific-rationale|sign-direction,0,PASS,KEEP
complex-numbers,11,cn-04-03,i1,no,content/courses/complex-numbers/lessons/cn-04-03.json,"For x² + x + 1 = 0, D = 1 − 4 = −3. What does that mean now?",two complex conjugate roots,27,23,no,no,PASS,authored-specific-rationale|representation-read|boundary-endpoint,0,PASS,KEEP
complex-numbers,11,cn-04-03,k2,no,content/courses/complex-numbers/lessons/cn-04-03.json,For what value of c does x² + 6x + c = 0 have exactly one repeated root?,c = 9,5,6,no,no,PASS,authored-specific-rationale|authored-specific-rationale|authored-specific-rationale,0,PASS,KEEP
complex-numbers,11,cn-04-03,k3,no,content/courses/complex-numbers/lessons/cn-04-03.json,Which value of b gives x² + bx + 16 = 0 exactly one repeated root?,b = 8,5,6,no,no,PASS,authored-specific-rationale|authored-specific-rationale|authored-specific-rationale,0,PASS,KEEP
complex-numbers,11,cn-05-02,i1,no,content/courses/complex-numbers/lessons/cn-05-02.json,Which quadratic has roots 3 ± 2i?,x² − 6x + 13,12,12,no,no,PASS,authored-specific-rationale|inside-vs-derivative|sign-direction,0,PASS,KEEP
complex-numbers,11,cn-05-02,k3,no,content/courses/complex-numbers/lessons/cn-05-02.json,Does x = 1 + i satisfy x² − 2x + 2 = 0?,"yes — (1 + i)² = 2i, and 2i − (2 + 2i) + 2 = 0",46,49,no,no,PASS,authored-specific-rationale|authored-specific-rationale|authored-specific-rationale,0,PASS,KEEP
complex-numbers,11,cn-05-02,rem-cn0502-k,yes,content/courses/complex-numbers/lessons/cn-05-02.json,Which quadratic has roots 1 ± i?,x² − 2x + 2,11,11,no,no,PASS,authored-specific-rationale|inside-vs-derivative|sign-direction,0,PASS,KEEP
complex-numbers,11,cn-05-03,i2,no,content/courses/complex-numbers/lessons/cn-05-03.json,Solve x² − 2x − 15 = 0 by the quickest route.,x = 5 or x = −3,15,15,no,no,PASS,sign-direction|authored-specific-rationale|sign-direction,0,PASS,KEEP
complex-numbers,11,cn-05-03,k3,no,content/courses/complex-numbers/lessons/cn-05-03.json,Which method is guaranteed to solve ANY quadratic equation?,the quadratic formula,21,17,no,no,PASS,authored-specific-rationale|authored-specific-rationale|representation-read,0,PASS,KEEP
complex-numbers,11,cn-05-03,ch1,no,content/courses/complex-numbers/lessons/cn-05-03.json,Solve 2x² − 4x + 10 = 0.,x = 1 ± 2i,10,11,no,no,PASS,authored-specific-rationale|authored-specific-rationale|authored-specific-rationale,0,PASS,KEEP
complex-numbers,11,cn-05-03,rem-cn0503-k,yes,content/courses/complex-numbers/lessons/cn-05-03.json,What is the fastest method for x² = 81?,square roots,12,21,no,no,PASS,authored-specific-rationale|authored-specific-rationale|authored-specific-rationale,0,PASS,KEEP
compose-shapes-g1,1,g1s-01-01,k2,no,content/courses/compose-shapes-g1/lessons/g1s-01-01.json,What makes a shape a square?,Having 4 straight sides,23,15,no,no,PASS,authored-specific-rationale|authored-specific-rationale|authored-specific-rationale,0,PASS,KEEP
compose-shapes-g1,1,g1s-01-02,k1,no,content/courses/compose-shapes-g1/lessons/g1s-01-02.json,Which of these can change WITHOUT a triangle stopping being a triangle?,Its color,9,30,no,no,PASS,authored-specific-rationale|authored-specific-rationale|authored-specific-rationale,0,PASS,KEEP
compose-shapes-g1,1,g1s-01-02,k3,no,content/courses/compose-shapes-g1/lessons/g1s-01-02.json,Which of these can change WITHOUT a rectangle stopping being a rectangle?,Its color,9,30,no,no,PASS,authored-specific-rationale|authored-specific-rationale|authored-specific-rationale,0,PASS,KEEP
compose-shapes-g1,1,g1s-01-02,ch1,no,content/courses/compose-shapes-g1/lessons/g1s-01-02.json,What makes a shape a rectangle?,Having 4 straight sides,23,15,no,no,PASS,authored-specific-rationale|authored-specific-rationale|authored-specific-rationale,0,PASS,KEEP
compose-shapes-g1,1,g1s-01-02,rem-g1s-nondefining-k,yes,content/courses/compose-shapes-g1/lessons/g1s-01-02.json,Which of these can change WITHOUT a triangle stopping being a triangle?,Its color,9,30,no,no,PASS,authored-specific-rationale|authored-specific-rationale|authored-specific-rationale,0,PASS,KEEP
compose-shapes-g1,1,g1s-01-03,k1,no,content/courses/compose-shapes-g1/lessons/g1s-01-03.json,What makes a shape a rectangle?,Having 4 straight sides,23,15,no,no,PASS,authored-specific-rationale|authored-specific-rationale|authored-specific-rationale,0,PASS,KEEP
compose-shapes-g1,1,g1s-01-03,k3,no,content/courses/compose-shapes-g1/lessons/g1s-01-03.json,Which of these can change WITHOUT a triangle stopping being a triangle?,Its color,9,30,no,no,PASS,authored-specific-rationale|authored-specific-rationale|authored-specific-rationale,0,PASS,KEEP
compose-shapes-g1,1,g1s-01-03,rem-g1s-sort-defining-k,yes,content/courses/compose-shapes-g1/lessons/g1s-01-03.json,What makes a shape a rectangle?,Having 4 straight sides,23,15,no,no,PASS,authored-specific-rationale|authored-specific-rationale|authored-specific-rationale,0,PASS,KEEP
compose-shapes-g1,1,g1s-02-01,k1,no,content/courses/compose-shapes-g1/lessons/g1s-02-01.json,What new shape do two triangles make when joined?,A square,8,33,no,no,PASS,authored-specific-rationale|authored-specific-rationale|inside-vs-derivative,0,PASS,KEEP
compose-shapes-g1,1,g1s-02-01,k3,no,content/courses/compose-shapes-g1/lessons/g1s-02-01.json,What new shape do two squares make when joined?,A rectangle,11,33,no,no,PASS,authored-specific-rationale|authored-specific-rationale|inside-vs-derivative,0,PASS,KEEP
compose-shapes-g1,1,g1s-02-01,rem-g1s-compose-two-k,yes,content/courses/compose-shapes-g1/lessons/g1s-02-01.json,What new shape do two triangles make when joined?,A square,8,33,no,no,PASS,authored-specific-rationale|authored-specific-rationale|inside-vs-derivative,0,PASS,KEEP
compose-shapes-g1,1,g1s-02-02,k2,no,content/courses/compose-shapes-g1/lessons/g1s-02-02.json,What new shape do two squares make when joined?,A rectangle,11,33,no,no,PASS,authored-specific-rationale|authored-specific-rationale|inside-vs-derivative,0,PASS,KEEP
compose-shapes-g1,1,g1s-02-02,ch1,no,content/courses/compose-shapes-g1/lessons/g1s-02-02.json,What makes a shape a rectangle?,Having 4 straight sides,23,15,no,no,PASS,authored-specific-rationale|authored-specific-rationale|authored-specific-rationale,0,PASS,KEEP
compose-shapes-g1,1,g1s-02-03,k1,no,content/courses/compose-shapes-g1/lessons/g1s-02-03.json,What new shape do two triangles make when joined?,A square,8,33,no,no,PASS,authored-specific-rationale|authored-specific-rationale|inside-vs-derivative,0,PASS,KEEP
compose-shapes-g1,1,g1s-02-03,k3,no,content/courses/compose-shapes-g1/lessons/g1s-02-03.json,What new shape do six triangles make when joined?,A hexagon,9,33,no,no,PASS,authored-specific-rationale|authored-specific-rationale|inside-vs-derivative,0,PASS,KEEP
compose-shapes-g1,1,g1s-02-03,rem-g1s-make-hexagon-k,yes,content/courses/compose-shapes-g1/lessons/g1s-02-03.json,What new shape do two triangles make when joined?,A square,8,33,no,no,PASS,authored-specific-rationale|authored-specific-rationale|inside-vs-derivative,0,PASS,KEEP
compose-shapes-g1,1,g1s-02-04,k1,no,content/courses/compose-shapes-g1/lessons/g1s-02-04.json,You fill an outline with 4 pattern blocks. What must be true when you finish?,Cover it completely with no gaps or overlaps,44,33,no,no,PASS,authored-specific-rationale|authored-specific-rationale|authored-specific-rationale,0,PASS,KEEP
compose-shapes-g1,1,g1s-02-04,k3,no,content/courses/compose-shapes-g1/lessons/g1s-02-04.json,You fill an outline with 8 pattern blocks. What must be true when you finish?,Cover it completely with no gaps or overlaps,44,33,no,no,PASS,authored-specific-rationale|authored-specific-rationale|authored-specific-rationale,0,PASS,KEEP
compose-shapes-g1,1,g1s-02-04,ch1,no,content/courses/compose-shapes-g1/lessons/g1s-02-04.json,What new shape do six triangles make when joined?,A hexagon,9,33,no,no,PASS,authored-specific-rationale|authored-specific-rationale|inside-vs-derivative,0,PASS,KEEP
compose-shapes-g1,1,g1s-02-04,rem-g1s-fill-outline-k,yes,content/courses/compose-shapes-g1/lessons/g1s-02-04.json,You fill an outline with 4 pattern blocks. What must be true when you finish?,Cover it completely with no gaps or overlaps,44,33,no,no,PASS,authored-specific-rationale|authored-specific-rationale|authored-specific-rationale,0,PASS,KEEP
compose-shapes-g1,1,g1s-03-01,k1,no,content/courses/compose-shapes-g1/lessons/g1s-03-01.json,Is a sphere a flat (2D) shape or a solid (3D) shape?,3D,2,12,no,no,PASS,authored-specific-rationale|authored-specific-rationale|authored-specific-rationale,0,PASS,KEEP
compose-shapes-g1,1,g1s-03-01,k3,no,content/courses/compose-shapes-g1/lessons/g1s-03-01.json,Is a sphere a flat (2D) shape or a solid (3D) shape?,3D,2,12,no,no,PASS,authored-specific-rationale|authored-specific-rationale|authored-specific-rationale,0,PASS,KEEP
compose-shapes-g1,1,g1s-03-01,rem-g1s-compose-solid-k,yes,content/courses/compose-shapes-g1/lessons/g1s-03-01.json,Is a sphere a flat (2D) shape or a solid (3D) shape?,3D,2,12,no,no,PASS,authored-specific-rationale|authored-specific-rationale|authored-specific-rationale,0,PASS,KEEP
compose-shapes-g1,1,g1s-03-02,k1,no,content/courses/compose-shapes-g1/lessons/g1s-03-02.json,How can a rectangle be taken apart?,Into two squares,16,30,no,no,PASS,authored-specific-rationale|inside-vs-derivative|authored-specific-rationale,0,PASS,KEEP
compose-shapes-g1,1,g1s-03-02,k3,no,content/courses/compose-shapes-g1/lessons/g1s-03-02.json,How can a rectangle be taken apart?,Into two squares,16,30,no,no,PASS,authored-specific-rationale|inside-vs-derivative|authored-specific-rationale,0,PASS,KEEP
compose-shapes-g1,1,g1s-03-02,rem-g1s-decompose-k,yes,content/courses/compose-shapes-g1/lessons/g1s-03-02.json,How can a rectangle be taken apart?,Into two squares,16,30,no,no,PASS,authored-specific-rationale|inside-vs-derivative|authored-specific-rationale,0,PASS,KEEP
compose-shapes-g1,1,g1s-03-03,k2,no,content/courses/compose-shapes-g1/lessons/g1s-03-03.json,What new shape do six triangles make when joined?,A hexagon,9,33,no,no,PASS,authored-specific-rationale|authored-specific-rationale|inside-vs-derivative,0,PASS,KEEP
compose-shapes-g1,1,g1s-03-03,k3,no,content/courses/compose-shapes-g1/lessons/g1s-03-03.json,How can a hexagon be taken apart?,Into six triangles,18,30,no,no,PASS,authored-specific-rationale|inside-vs-derivative|authored-specific-rationale,0,PASS,KEEP
compose-shapes-g1,1,g1s-03-03,ch1,no,content/courses/compose-shapes-g1/lessons/g1s-03-03.json,What makes a shape a square?,Having 4 straight sides,23,15,no,no,PASS,authored-specific-rationale|authored-specific-rationale|authored-specific-rationale,0,PASS,KEEP
conditional-probability,10,cpr-01-01,k1,no,content/courses/conditional-probability/lessons/cpr-01-01.json,Which set is A ∩ B (the outcomes in A **and** B)?,{18},4,37,no,no,PASS,authored-specific-rationale|rate-vs-start|authored-specific-rationale,0,PASS,KEEP
conditional-probability,10,cpr-01-01,rk1,yes,content/courses/conditional-probability/lessons/cpr-01-01.json,"For any two events, which statement is always true?",A ∩ B can never be larger than A ∪ B,36,41,no,no,PASS,representation-read|authored-specific-rationale,0,PASS,KEEP
conditional-probability,10,cpr-01-02,k1,no,content/courses/conditional-probability/lessons/cpr-01-02.json,"Three coins are flipped. What is the complement of ""at least one head""?",No heads at all (TTT),21,17,no,no,PASS,authored-specific-rationale|authored-specific-rationale|authored-specific-rationale,0,PASS,KEEP
conditional-probability,10,cpr-01-03,k1,no,content/courses/conditional-probability/lessons/cpr-01-03.json,One card is drawn from cards 1–20. Which pair of events is mutually exclusive?,"""the number is even"" and ""the number is odd""",44,67,no,no,PASS,authored-specific-rationale|authored-specific-rationale|authored-specific-rationale,0,PASS,KEEP
conditional-probability,10,cpr-01-03,rk1,yes,content/courses/conditional-probability/lessons/cpr-01-03.json,"Roll one die. Are ""the roll is even"" and ""the roll is greater than 4"" mutually exclusive?",No — the roll 6 is in both events,33,36,no,no,PASS,authored-specific-rationale|authored-specific-rationale,0,PASS,KEEP
conditional-probability,10,cpr-02-01,k1,no,content/courses/conditional-probability/lessons/cpr-02-01.json,Which expression gives P(heart or face card)?,13/52 + 12/52 − 3/52,20,27,no,no,PASS,authored-specific-rationale|authored-specific-rationale|inside-vs-derivative,0,PASS,KEEP
conditional-probability,10,cpr-02-02,k3,no,content/courses/conditional-probability/lessons/cpr-02-02.json,Which of these is a **marginal** probability?,P(walks) = 100/200,18,35,no,no,PASS,authored-specific-rationale|authored-specific-rationale|representation-read,0,PASS,KEEP
conditional-probability,10,cpr-02-03,k2,no,content/courses/conditional-probability/lessons/cpr-02-03.json,Why do we subtract the 40 when we add the bus row (100) to the sport column (110)?,"Those 40 students sit in both the row and the column, so they are counted twice.",80,53,yes,no,FAIL,authored-specific-rationale|authored-specific-rationale|representation-read,0,PASS,REMEDIATE
conditional-probability,10,cpr-02-03,k4,no,content/courses/conditional-probability/lessons/cpr-02-03.json,A student is picked at random. Which pair of events are complements?,"""Bus or sport"" and ""walks and no sport""",39,35,no,no,PASS,authored-specific-rationale|authored-specific-rationale|authored-specific-rationale,0,PASS,KEEP
conditional-probability,10,cpr-03-01,k1,no,content/courses/conditional-probability/lessons/cpr-03-01.json,"Being told ""the roll is even"" raises P(6) from 1/6 to 1/3. Why?","The set of possible outcomes shrank from 6 to 3, while the 6 is still one outcome.",82,43,yes,no,FAIL,authored-specific-rationale|fraction-denominator|authored-specific-rationale,0,PASS,REMEDIATE
conditional-probability,10,cpr-03-01,k4,no,content/courses/conditional-probability/lessons/cpr-03-01.json,You are told the card is a **heart**. What is P(king | heart)?,1/13,4,5,no,no,PASS,authored-specific-rationale|authored-specific-rationale|authored-specific-rationale,0,PASS,KEEP
conditional-probability,10,cpr-03-02,k3,no,content/courses/conditional-probability/lessons/cpr-03-02.json,"""Of the students who walk, 70% play a sport."" Which probability is that?",P(plays a sport | walks) = 70/100,33,35,no,no,PASS,authored-specific-rationale|authored-specific-rationale|authored-specific-rationale,0,PASS,KEEP
conditional-probability,10,cpr-03-02,rk1,yes,content/courses/conditional-probability/lessons/cpr-03-02.json,"In P(plays a sport | takes the bus), which number goes on the bottom?",100 — the bus riders,20,23,no,no,PASS,fraction-denominator|fraction-denominator,0,PASS,KEEP
conditional-probability,10,cpr-03-03,k1,no,content/courses/conditional-probability/lessons/cpr-03-03.json,"P(bus) = 0.50, P(sport) = 0.55, P(sport | bus) = 0.40. Which product gives P(bus and sport)?",0.50 × 0.40,11,18,no,no,PASS,rate-vs-start|inside-vs-derivative|authored-specific-rationale,0,PASS,KEEP
conditional-probability,10,cpr-03-03,k4,no,content/courses/conditional-probability/lessons/cpr-03-03.json,When can you compute P(A and B) as simply P(A) × P(B)?,When knowing A leaves the chance of B unchanged.,48,43,no,no,PASS,rate-vs-start|sign-direction|authored-specific-rationale,0,PASS,KEEP
conditional-probability,10,cpr-03-04,k4,no,content/courses/conditional-probability/lessons/cpr-03-04.json,"On the tree, why do the second-stage branches use 7 instead of 8?","The first marble was not put back, so only 7 remain to choose from.",67,62,no,no,PASS,fraction-denominator|authored-specific-rationale|fraction-denominator,0,PASS,KEEP
conditional-probability,10,cpr-04-01,k1,no,content/courses/conditional-probability/lessons/cpr-04-01.json,P(king) = 1/13 and P(king | heart) = 1/13. What does that tell you?,Suit and rank are independent — knowing the suit tells you nothing about the rank.,82,43,yes,yes,FAIL,authored-specific-rationale|authored-specific-rationale|authored-specific-rationale,0,PASS,REMEDIATE
conditional-probability,10,cpr-04-01,k2,no,content/courses/conditional-probability/lessons/cpr-04-01.json,For the 200 students: P(sport) = 0.55 and P(sport | bus) = 0.40. Are travel and sport independent?,Dependent — knowing they take the bus changes the sport probability.,68,58,no,no,PASS,authored-specific-rationale|authored-specific-rationale|inside-vs-derivative,0,PASS,KEEP
conditional-probability,10,cpr-04-01,rk1,yes,content/courses/conditional-probability/lessons/cpr-04-01.json,P(rain) = 0.20 and P(rain | cloudy morning) = 0.60. Independent or dependent?,Dependent,9,11,no,no,PASS,authored-specific-rationale,0,PASS,KEEP
conditional-probability,10,cpr-04-02,rk1,yes,content/courses/conditional-probability/lessons/cpr-04-02.json,"100 people, P(A) = 0.4, P(B) = 0.5, and the A-and-B cell holds 20. Independent?",Independent — the product predicts 20 and the cell holds 20.,60,46,no,no,PASS,inside-vs-derivative,0,PASS,KEEP
conditional-probability,10,cpr-04-03,k1,no,content/courses/conditional-probability/lessons/cpr-04-03.json,"One die. A = ""even"", B = ""shows a 5"". These are mutually exclusive. Are they independent?",Dependent — knowing it is a 5 drops P(even) from 1/2 to 0.,58,51,no,no,PASS,authored-specific-rationale|inside-vs-derivative|authored-specific-rationale,0,PASS,KEEP
conditional-probability,10,cpr-04-03,rk1,yes,content/courses/conditional-probability/lessons/cpr-04-03.json,Can two events with P(A) = 0.4 and P(B) = 0.3 be mutually exclusive AND independent?,They cannot be both.,20,39,no,yes,FAIL,authored-specific-rationale,0,PASS,REMEDIATE
conditional-probability,10,cpr-05-01,k1,no,content/courses/conditional-probability/lessons/cpr-05-01.json,Why is the medal count 5 × 4 × 3 rather than 5 × 5 × 5?,"A runner can win only one medal, so each pick removes someone from the pool.",76,58,no,no,PASS,authored-specific-rationale|authored-specific-rationale|authored-specific-rationale,0,PASS,KEEP
conditional-probability,10,cpr-05-03,k2,no,content/courses/conditional-probability/lessons/cpr-05-03.json,"P(all red) = 10/56 uses combinations top and bottom. What happens if you use C(5,3) = 10 over 8P3 = 336?",It is wrong — the top counts groups while the bottom counts ordered picks.,74,52,yes,no,FAIL,fraction-denominator|authored-specific-rationale|fraction-denominator,0,PASS,REMEDIATE
conic-sections,12,co-01-01,k3,no,content/courses/conic-sections/lessons/co-01-01.json,Where is the focus of y = x²/8?,"(0, 2)",6,6,no,no,PASS,authored-specific-rationale|authored-specific-rationale,0,PASS,KEEP
conic-sections,12,co-01-02,i1,no,content/courses/conic-sections/lessons/co-01-02.json,What is the vertex of (x − 2)² = 8(y + 1)?,"(2, −1)",7,7,no,no,PASS,sign-direction|authored-specific-rationale,0,PASS,KEEP
conic-sections,12,co-01-02,k1,no,content/courses/conic-sections/lessons/co-01-02.json,"For (x − 2)² = 8(y + 1), where is the focus?","(2, 1)",6,7,no,no,PASS,authored-specific-rationale|authored-specific-rationale,0,PASS,KEEP
conic-sections,12,co-01-02,k2,no,content/courses/conic-sections/lessons/co-01-02.json,Which way does y² = −4x open?,Left,4,5,no,no,PASS,exponent-rule|sign-direction,0,PASS,KEEP
conic-sections,12,co-01-02,rem-co0102-k,yes,content/courses/conic-sections/lessons/co-01-02.json,The vertex of (x − 4)² = 4(y − 1) is:,"(4, 1)",6,8,no,no,PASS,authored-specific-rationale|authored-specific-rationale,0,PASS,KEEP
conic-sections,12,co-01-03,i1,no,content/courses/conic-sections/lessons/co-01-03.json,A satellite dish is a parabola. Where should the receiver be placed to catch all incoming parallel signals?,At the focus,12,16,no,no,PASS,authored-specific-rationale|authored-specific-rationale,0,PASS,KEEP
conic-sections,12,co-01-03,k2,no,content/courses/conic-sections/lessons/co-01-03.json,"In a flashlight with a parabolic mirror, placing the bulb at the focus produces:",A parallel beam of light,24,31,no,no,PASS,authored-specific-rationale|authored-specific-rationale,0,PASS,KEEP
conic-sections,12,co-01-03,rem-co0103-k,yes,content/courses/conic-sections/lessons/co-01-03.json,Incoming parallel radio waves on a parabolic dish converge at the:,Focus,5,6,no,no,PASS,authored-specific-rationale|authored-specific-rationale,0,PASS,KEEP
conic-sections,12,co-02-01,k3,no,content/courses/conic-sections/lessons/co-02-01.json,"For x²/25 + y²/9 = 1, the major (long) axis is:",horizontal (along the x-axis),29,27,no,no,PASS,fraction-denominator|fraction-denominator,0,PASS,KEEP
conic-sections,12,co-02-02,k1,no,content/courses/conic-sections/lessons/co-02-02.json,"For x²/25 + y²/9 = 1 (a = 5, b = 3, c = 4), the foci are at:","(±4, 0)",7,7,no,no,PASS,authored-specific-rationale|representation-read,0,PASS,KEEP
conic-sections,12,co-02-03,i1,no,content/courses/conic-sections/lessons/co-02-03.json,What is the center of (x − 2)²/25 + (y + 1)²/9 = 1?,"(2, −1)",7,7,no,no,PASS,sign-direction|authored-specific-rationale,0,PASS,KEEP
conic-sections,12,co-02-03,k1,no,content/courses/conic-sections/lessons/co-02-03.json,"For (x − 2)²/25 + (y + 1)²/9 = 1 (c = 4), one focus is at:","(6, −1)",7,7,no,no,PASS,representation-read|authored-specific-rationale,0,PASS,KEEP
conic-sections,12,co-02-03,k3,no,content/courses/conic-sections/lessons/co-02-03.json,An ellipse with eccentricity e = 0.05 is:,almost a perfect circle,23,18,no,no,PASS,authored-specific-rationale|authored-specific-rationale,0,PASS,KEEP
conic-sections,12,co-03-01,k2,no,content/courses/conic-sections/lessons/co-03-01.json,"For x²/9 − y²/16 = 1, the vertices are at:","(±3, 0)",7,7,no,no,PASS,authored-specific-rationale|rate-vs-start,0,PASS,KEEP
conic-sections,12,co-03-01,k3,no,content/courses/conic-sections/lessons/co-03-01.json,A hyperbola x²/9 − y²/16 = 1 opens:,left and right (along the x-axis),33,22,no,no,PASS,sign-direction|sign-direction,0,PASS,KEEP
conic-sections,12,co-03-02,i1,no,content/courses/conic-sections/lessons/co-03-02.json,"For x²/9 − y²/16 = 1 (a = 3, b = 4), the asymptotes are:",y = ±(4/3)x,11,11,no,no,PASS,rate-vs-start|rate-vs-start,0,PASS,KEEP
conic-sections,12,co-03-02,k3,no,content/courses/conic-sections/lessons/co-03-02.json,How does the hyperbola's focus rule differ from the ellipse's?,Hyperbola ADDS (c² = a² + b²); ellipse SUBTRACTS,48,31,no,yes,FAIL,sign-direction|authored-specific-rationale,0,PASS,REMEDIATE
conic-sections,12,co-03-03,i2,no,content/courses/conic-sections/lessons/co-03-03.json,The hyperbola y²/25 − x²/9 = 1 has the y² term positive. It opens:,up and down (vertical),22,27,no,no,PASS,sign-direction|sign-direction,0,PASS,KEEP
conic-sections,12,co-03-03,k1,no,content/courses/conic-sections/lessons/co-03-03.json,"For y²/9 − x²/16 = 1 (c = 5), the foci are at:","(0, ±5)",7,7,no,no,PASS,sign-direction|authored-specific-rationale,0,PASS,KEEP
conic-sections,12,co-04-01,i1,no,content/courses/conic-sections/lessons/co-04-01.json,"If A = C (equal, same sign), as in x² + y² − 6x + 4y + 9 = 0, the conic is a:",circle,6,9,no,no,PASS,exponent-rule|sign-direction,0,PASS,KEEP
conic-sections,12,co-04-01,k1,no,content/courses/conic-sections/lessons/co-04-01.json,"Classify x² + 4y² − 2x − 15 = 0 (A = 1, C = 4).",ellipse,7,9,no,no,PASS,authored-specific-rationale|sign-direction,0,PASS,KEEP
conic-sections,12,co-04-01,k2,no,content/courses/conic-sections/lessons/co-04-01.json,"Classify 9x² − 4y² − 36 = 0 (A = 9, C = −4).",hyperbola,9,7,no,no,PASS,sign-direction|sign-direction,0,PASS,KEEP
conic-sections,12,co-04-01,k3,no,content/courses/conic-sections/lessons/co-04-01.json,Classify y² − 8x = 0 (only y is squared).,parabola,8,9,no,no,PASS,authored-specific-rationale|exponent-rule,0,PASS,KEEP
conic-sections,12,co-04-01,ch1,no,content/courses/conic-sections/lessons/co-04-01.json,Classify 3x² + 3y² − 12 = 0.,circle,6,8,no,no,PASS,authored-specific-rationale|authored-specific-rationale,0,PASS,KEEP
conic-sections,12,co-04-01,rem-co0401-k,yes,content/courses/conic-sections/lessons/co-04-01.json,"Classify x² − y² − 1 = 0 (A = 1, C = −1).",hyperbola,9,7,no,no,PASS,sign-direction|sign-direction,0,PASS,KEEP
conic-sections,12,co-04-02,k1,no,content/courses/conic-sections/lessons/co-04-02.json,"Completing the square, x² + y² − 6x + 4y + 9 = 0 becomes (x − 3)² + (y + 2)² = 4. Its center is:","(3, −2)",7,7,no,no,PASS,sign-direction|authored-specific-rationale,0,PASS,KEEP
conic-sections,12,co-04-03,k2,no,content/courses/conic-sections/lessons/co-04-03.json,Which conic does NOT require dividing to make the right side equal 1?,the parabola (only one squared term),36,13,yes,no,FAIL,authored-specific-rationale|authored-specific-rationale,0,PASS,REMEDIATE
conic-sections,12,co-05-01,i1,no,content/courses/conic-sections/lessons/co-05-01.json,A conic has eccentricity e = 0.5. It is a(n):,ellipse,7,9,no,no,PASS,authored-specific-rationale|authored-specific-rationale,0,PASS,KEEP
conic-sections,12,co-05-01,k1,no,content/courses/conic-sections/lessons/co-05-01.json,Which eccentricity gives a parabola?,exactly e = 1,13,9,no,no,PASS,authored-specific-rationale|authored-specific-rationale,0,PASS,KEEP
conic-sections,12,co-05-01,k2,no,content/courses/conic-sections/lessons/co-05-01.json,A conic has e = 1.5. It is a(n):,hyperbola,9,8,no,no,PASS,authored-specific-rationale|authored-specific-rationale,0,PASS,KEEP
conic-sections,12,co-05-01,rem-co0501-k,yes,content/courses/conic-sections/lessons/co-05-01.json,A conic with e = 0.3 is a(n):,ellipse,7,9,no,no,PASS,authored-specific-rationale|authored-specific-rationale,0,PASS,KEEP
conic-sections,12,co-05-02,k1,no,content/courses/conic-sections/lessons/co-05-02.json,"For an ellipse (e < 1), the distance to the focus compared to the distance to the directrix is:",smaller (ratio < 1),19,18,no,no,PASS,authored-specific-rationale|authored-specific-rationale,0,PASS,KEEP
conic-sections,12,co-05-03,k1,no,content/courses/conic-sections/lessons/co-05-03.json,Earth's orbit has eccentricity e ≈ 0.017. This means its orbit is:,nearly a perfect circle,23,20,no,no,PASS,authored-specific-rationale|authored-specific-rationale,0,PASS,KEEP
conic-sections,12,co-05-03,k1b,no,content/courses/conic-sections/lessons/co-05-03.json,An interstellar object passes the Sun on a path with e = 1.2. It will:,pass once and never return (unbound),36,27,no,no,PASS,authored-specific-rationale|authored-specific-rationale,0,PASS,KEEP
conic-sections,12,co-05-03,k2,no,content/courses/conic-sections/lessons/co-05-03.json,A satellite dish concentrates parallel incoming signals at one point. Its cross-section is a:,parabola,8,9,no,no,PASS,authored-specific-rationale|authored-specific-rationale,0,PASS,KEEP
conic-sections,12,co-05-03,ch1,no,content/courses/conic-sections/lessons/co-05-03.json,A comet has orbital eccentricity e = 0.97. Its orbit is:,"a very elongated ellipse (bound, it returns)",44,30,no,no,PASS,authored-specific-rationale|authored-specific-rationale,0,PASS,KEEP
conic-sections,12,co-05-03,rem-co0503-k,yes,content/courses/conic-sections/lessons/co-05-03.json,An orbit with e = 0.5 is:,a bound ellipse that returns,28,28,no,no,PASS,authored-specific-rationale|authored-specific-rationale,0,PASS,KEEP
constructions-and-proof,10,cp-01-01,k1,no,content/courses/constructions-and-proof/lessons/cp-01-01.json,Why do classical constructions forbid using the ruler's measurement marks?,"So the result is provably exact, not just measured close",56,47,no,no,PASS,rate-vs-start|rate-vs-start|authored-specific-rationale,0,PASS,KEEP
constructions-and-proof,10,cp-01-01,k2,no,content/courses/constructions-and-proof/lessons/cp-01-01.json,"After copying, why is CD exactly equal to AB?",Both equal the same unchanged compass radius,44,40,no,no,PASS,rate-vs-start|authored-specific-rationale|authored-specific-rationale,0,PASS,KEEP
constructions-and-proof,10,cp-01-01,i3,no,content/courses/constructions-and-proof/lessons/cp-01-01.json,"Your compass slips and the drawing looks lopsided, but you followed every step correctly. Is the construction still valid?",Yes — the LOGIC guarantees exactness even if the picture is messy,65,47,yes,no,FAIL,authored-specific-rationale|authored-specific-rationale|authored-specific-rationale,0,PASS,REMEDIATE
constructions-and-proof,10,cp-01-01,ch,no,content/courses/constructions-and-proof/lessons/cp-01-01.json,"Using only a compass set to length AB (and a straightedge for the ray), how do you construct a segment of length 2·AB from point C?","Mark D at AB from C, then mark E at AB from D — CE = 2·AB",57,56,no,yes,FAIL,authored-specific-rationale|authored-specific-rationale|unit-conversion,0,PASS,REMEDIATE
constructions-and-proof,10,cp-01-01,rem-cp-tool-rules-k,yes,content/courses/constructions-and-proof/lessons/cp-01-01.json,Which tool can carry a length from one place to another?,the compass,11,39,no,no,PASS,authored-specific-rationale|authored-specific-rationale|authored-specific-rationale,0,PASS,KEEP
constructions-and-proof,10,cp-01-02,k1,no,content/courses/constructions-and-proof/lessons/cp-01-02.json,Why must the compass be opened WIDER than half of AB?,Otherwise the two arcs are too short to cross,45,48,no,no,PASS,authored-specific-rationale|authored-specific-rationale|authored-specific-rationale,0,PASS,KEEP
constructions-and-proof,10,cp-01-02,k2,no,content/courses/constructions-and-proof/lessons/cp-01-02.json,What property of X and Y proves line XY is the perpendicular bisector of AB?,Each of X and Y is equidistant from A and B,43,46,no,no,PASS,authored-specific-rationale|authored-specific-rationale|authored-specific-rationale,0,PASS,KEEP
constructions-and-proof,10,cp-01-02,ch,no,content/courses/constructions-and-proof/lessons/cp-01-02.json,You need to construct the MIDPOINT of a segment — no perpendicular required. Which construction gives it to you?,the perpendicular bisector — its crossing with the segment IS the midpoint,74,44,yes,yes,FAIL,inside-vs-derivative|boundary-endpoint|boundary-endpoint,0,PASS,REMEDIATE
constructions-and-proof,10,cp-01-02,rem-cp-perp-bisector-k,yes,content/courses/constructions-and-proof/lessons/cp-01-02.json,"In the perpendicular-bisector construction, why is XA = XB?",Both were drawn with the same compass radius,44,31,no,no,PASS,authored-specific-rationale|authored-specific-rationale|authored-specific-rationale,0,PASS,KEEP
constructions-and-proof,10,cp-01-03,k1,no,content/courses/constructions-and-proof/lessons/cp-01-03.json,Why does ray VF split the angle into two EQUAL parts?,"Triangles VDF and VEF are congruent (SSS), so the angles at V match",67,47,yes,no,FAIL,authored-specific-rationale|authored-specific-rationale|authored-specific-rationale,0,PASS,REMEDIATE
constructions-and-proof,10,cp-01-03,k2,no,content/courses/constructions-and-proof/lessons/cp-01-03.json,A point lies on the bisector of an angle. What is it equidistant from?,the two sides of the angle,26,30,no,no,PASS,boundary-endpoint|authored-specific-rationale|authored-specific-rationale,0,PASS,KEEP
constructions-and-proof,10,cp-01-03,ch,no,content/courses/constructions-and-proof/lessons/cp-01-03.json,"Using only compass and straightedge, how do you construct a 45° angle?","Construct a 90° angle, then bisect it",37,53,no,no,PASS,authored-specific-rationale|authored-specific-rationale|authored-specific-rationale,0,PASS,KEEP
constructions-and-proof,10,cp-01-03,rem-cp-angle-bisector-k,yes,content/courses/constructions-and-proof/lessons/cp-01-03.json,Which congruence makes the two halves of the bisected angle equal?,SSS — three pairs of equal sides,32,40,no,no,PASS,authored-specific-rationale|authored-specific-rationale|unit-conversion,0,PASS,KEEP
constructions-and-proof,10,cp-02-01,k1,no,content/courses/constructions-and-proof/lessons/cp-02-01.json,"What guarantees PQ ⊥ the line, without measuring?","Both P and Q are equidistant from A and B, so PQ is the perpendicular bisector of AB",84,38,yes,no,FAIL,authored-specific-rationale|authored-specific-rationale|authored-specific-rationale,0,PASS,REMEDIATE
constructions-and-proof,10,cp-02-01,k3,no,content/courses/constructions-and-proof/lessons/cp-02-01.json,Raising a perpendicular at a point on a line is secretly the same as…,bisecting the straight angle at that point,42,36,no,no,PASS,inside-vs-derivative|authored-specific-rationale|authored-specific-rationale,0,PASS,KEEP
constructions-and-proof,10,cp-02-01,ch,no,content/courses/constructions-and-proof/lessons/cp-02-01.json,"You raise a perpendicular to line ℓ at point P, and another perpendicular to ℓ at a different point R. How are the two perpendiculars related?",They are parallel to each other,31,39,no,no,PASS,authored-specific-rationale|sign-direction|authored-specific-rationale,0,PASS,KEEP
constructions-and-proof,10,cp-02-01,rem-cp-perp-at-point-k,yes,content/courses/constructions-and-proof/lessons/cp-02-01.json,"In the construction, why does point Q lie on the perpendicular bisector of AB?",Equal-radius arcs from A and B make QA = QB,43,34,no,no,PASS,authored-specific-rationale|authored-specific-rationale|authored-specific-rationale,0,PASS,KEEP
constructions-and-proof,10,cp-02-02,k1,no,content/courses/constructions-and-proof/lessons/cp-02-02.json,Line PE is perpendicular to the original line because…,"P and E are both equidistant from C and D, so PE is the perpendicular bisector of CD",84,53,yes,no,FAIL,authored-specific-rationale|authored-specific-rationale|authored-specific-rationale,0,PASS,REMEDIATE
constructions-and-proof,10,cp-02-02,k2,no,content/courses/constructions-and-proof/lessons/cp-02-02.json,"Among all segments from P down to the line, which is the shortest?",the perpendicular one,21,40,no,no,PASS,authored-specific-rationale|authored-specific-rationale|authored-specific-rationale,0,PASS,KEEP
constructions-and-proof,10,cp-02-02,i3,no,content/courses/constructions-and-proof/lessons/cp-02-02.json,"In the drop-a-perpendicular construction, what is the relationship between P and the point E on the far side?",E is the reflection of P over the line,38,46,no,no,PASS,boundary-endpoint|authored-specific-rationale|authored-specific-rationale,0,PASS,KEEP
constructions-and-proof,10,cp-02-02,rem-cp-perp-from-point-k,yes,content/courses/constructions-and-proof/lessons/cp-02-02.json,The distance from a point P to a line is measured along…,the perpendicular from P to the line,36,50,no,no,PASS,authored-specific-rationale|authored-specific-rationale|authored-specific-rationale,0,PASS,KEEP
constructions-and-proof,10,cp-02-03,k1,no,content/courses/constructions-and-proof/lessons/cp-02-03.json,Copying the angle from Q up to P guarantees the lines are parallel because…,equal corresponding angles imply the lines are parallel,55,48,no,no,PASS,authored-specific-rationale|authored-specific-rationale|authored-specific-rationale,0,PASS,KEEP
constructions-and-proof,10,cp-02-03,ch,no,content/courses/constructions-and-proof/lessons/cp-02-03.json,"Through a point P not on line ℓ, how many lines can be drawn parallel to ℓ?",exactly one,11,48,no,no,PASS,authored-specific-rationale|authored-specific-rationale|authored-specific-rationale,0,PASS,KEEP
constructions-and-proof,10,cp-02-03,rem-cp-parallel-through-point-k,yes,content/courses/constructions-and-proof/lessons/cp-02-03.json,A transversal crosses two parallel lines; one angle is 70°. Its CORRESPONDING angle is…,70°,3,4,no,no,PASS,authored-specific-rationale|authored-specific-rationale|authored-specific-rationale,0,PASS,KEEP
constructions-and-proof,10,cp-03-01,k1,no,content/courses/constructions-and-proof/lessons/cp-03-01.json,Why does the radius step around a circle exactly six times?,"Each step spans a 60° central angle, and a 60° chord equals the radius",70,50,yes,no,FAIL,authored-specific-rationale|authored-specific-rationale|authored-specific-rationale,0,PASS,REMEDIATE
constructions-and-proof,10,cp-03-01,ch,no,content/courses/constructions-and-proof/lessons/cp-03-01.json,"Starting from an inscribed hexagon, you connect every OTHER vertex. What shape appears?",an equilateral triangle,23,18,no,no,PASS,inside-vs-derivative|authored-specific-rationale|authored-specific-rationale,0,PASS,KEEP
constructions-and-proof,10,cp-03-02,i3,no,content/courses/constructions-and-proof/lessons/cp-03-02.json,Why do equal central angles guarantee a REGULAR polygon (all sides and angles equal)?,"Equal central angles cut equal-length chords, and equal chords make the polygon regular",87,46,yes,no,FAIL,authored-specific-rationale|authored-specific-rationale|authored-specific-rationale,0,PASS,REMEDIATE
constructions-and-proof,10,cp-03-02,ch,no,content/courses/constructions-and-proof/lessons/cp-03-02.json,Which inscribed polygon is built from two PERPENDICULAR diameters?,the square,10,24,no,no,PASS,unit-conversion|unit-conversion|unit-conversion,0,PASS,KEEP
constructions-and-proof,10,cp-03-03,i1,no,content/courses/constructions-and-proof/lessons/cp-03-03.json,"In the perpendicular-bisector construction, two same-opening arcs from A and from B cross at points X and Y. Which lengths are EQUAL by the compass alone?",XA = XB and YA = YB (each arc-pair shares one radius),53,45,no,no,PASS,authored-specific-rationale|authored-specific-rationale|authored-specific-rationale,0,PASS,KEEP
constructions-and-proof,10,cp-03-03,k1,no,content/courses/constructions-and-proof/lessons/cp-03-03.json,The perpendicular-bisector proof concludes the two triangles are congruent by which criterion?,SSS (three pairs of equal sides),32,38,no,no,PASS,authored-specific-rationale|authored-specific-rationale|authored-specific-rationale,0,PASS,KEEP
constructions-and-proof,10,cp-03-03,k0,no,content/courses/constructions-and-proof/lessons/cp-03-03.json,"Once a construction proof shows two triangles are congruent, what can it conclude?",every pair of corresponding sides and angles is equal,53,42,no,no,PASS,inside-vs-derivative|authored-specific-rationale|authored-specific-rationale,0,PASS,KEEP
constructions-and-proof,10,cp-03-03,ch,no,content/courses/constructions-and-proof/lessons/cp-03-03.json,Why isn't a very carefully measured drawing enough to PROVE a construction works?,A drawing can be slightly off in ways too small to see; only a logical chain from guaranteed facts is certain,109,48,yes,yes,FAIL,authored-specific-rationale|authored-specific-rationale|authored-specific-rationale,0,PASS,REMEDIATE
constructions-and-proof,10,cp-03-03,rem-cp-why-works-k,yes,content/courses/constructions-and-proof/lessons/cp-03-03.json,What fact does a construction proof almost always start from?,"equal radii, guaranteed by same-opening compass arcs",52,40,no,no,PASS,authored-specific-rationale|authored-specific-rationale|authored-specific-rationale,0,PASS,KEEP
constructions-and-proof,10,cp-04-01,i2,no,content/courses/constructions-and-proof/lessons/cp-04-01.json,"A student checks a conjecture on 1,000 cases and every one works. What has been established?","Strong evidence for the conjecture, but not a proof",51,42,no,no,PASS,authored-specific-rationale|authored-specific-rationale|authored-specific-rationale,0,PASS,KEEP
constructions-and-proof,10,cp-04-01,k2,no,content/courses/constructions-and-proof/lessons/cp-04-01.json,Why couldn't a carefully measured construction be accepted on the drawing alone?,"A drawing is just one more example, and examples can't prove a universal claim",78,47,yes,no,FAIL,rate-vs-start|authored-specific-rationale|authored-specific-rationale,0,PASS,REMEDIATE
constructions-and-proof,10,cp-04-01,i3,no,content/courses/constructions-and-proof/lessons/cp-04-01.json,"""The angle bisector construction always works — I tested it on twenty different angles."" This reasoning is…","evidence for the claim, but not a proof",39,44,no,no,PASS,authored-specific-rationale|authored-specific-rationale|authored-specific-rationale,0,PASS,KEEP
constructions-and-proof,10,cp-04-01,ch,no,content/courses/constructions-and-proof/lessons/cp-04-01.json,"Conjecture: ""For any acute angle, the supplement is exactly 90° larger than the complement."" Which is the correct verdict?","It's true — for any angle a, (180 − a) − (90 − a) = 90, with no counterexample",78,48,yes,no,FAIL,authored-specific-rationale|authored-specific-rationale|authored-specific-rationale,0,PASS,REMEDIATE
constructions-and-proof,10,cp-04-02,k1,no,content/courses/constructions-and-proof/lessons/cp-04-02.json,What must the FIRST statement of a two-column proof be based on?,the given information,21,33,no,no,PASS,authored-specific-rationale|authored-specific-rationale|authored-specific-rationale,0,PASS,KEEP
constructions-and-proof,10,cp-04-02,i2,no,content/courses/constructions-and-proof/lessons/cp-04-02.json,"A proof writes: ""∠A = ∠B and ∠B = ∠C, therefore ∠A = ∠C."" Which property is this?",Transitive Property,19,26,no,no,PASS,authored-specific-rationale|authored-specific-rationale|authored-specific-rationale,0,PASS,KEEP
constructions-and-proof,10,cp-04-02,k2,no,content/courses/constructions-and-proof/lessons/cp-04-02.json,"In a proof, two triangles share side XY, and the proof writes ""XY = XY."" What is the reason?",Reflexive Property,18,24,no,no,PASS,authored-specific-rationale|authored-specific-rationale|authored-specific-rationale,0,PASS,KEEP
constructions-and-proof,10,cp-04-02,ch,no,content/courses/constructions-and-proof/lessons/cp-04-02.json,Which of these makes a two-column-proof line INVALID?,Its reason cites a statement that appears later in the proof,60,45,no,no,PASS,authored-specific-rationale|authored-specific-rationale|authored-specific-rationale,0,PASS,KEEP
constructions-and-proof,10,cp-04-02,rem-cp-two-column-k,yes,content/courses/constructions-and-proof/lessons/cp-04-02.json,"Which is a valid reason for the statement ""PQ = PQ""?",Reflexive Property,18,19,no,no,PASS,authored-specific-rationale|authored-specific-rationale|authored-specific-rationale,0,PASS,KEEP
constructions-and-proof,10,cp-04-03,k1,no,content/courses/constructions-and-proof/lessons/cp-04-03.json,Why does a linear pair of angles always sum to 180°?,"Together they form a straight angle, which is 180°",50,39,no,no,PASS,authored-specific-rationale|authored-specific-rationale|authored-specific-rationale,0,PASS,KEEP
constructions-and-proof,10,cp-04-03,k2,no,content/courses/constructions-and-proof/lessons/cp-04-03.json,"In the vertical-angles proof, what single move turns the two linear-pair equations into ∠1 = ∠3?",Subtracting the shared angle ∠2 from both equal sums,52,37,no,no,PASS,authored-specific-rationale|authored-specific-rationale|authored-specific-rationale,0,PASS,KEEP
constructions-and-proof,10,cp-05-01,i3,no,content/courses/constructions-and-proof/lessons/cp-05-01.json,You KNOW corresponding angles are equal. Which additional fact lets you conclude alternate interior angles are equal too?,a corresponding angle and an alternate interior angle are vertical angles,73,56,no,no,PASS,authored-specific-rationale|authored-specific-rationale|authored-specific-rationale,0,PASS,KEEP
constructions-and-proof,10,cp-05-02,k1,no,content/courses/constructions-and-proof/lessons/cp-05-02.json,The alternate-interior proof has ∠1 = ∠2 and ∠2 = ∠3. What property gives ∠1 = ∠3?,Transitive Property,19,30,no,no,PASS,authored-specific-rationale|authored-specific-rationale|authored-specific-rationale,0,PASS,KEEP
constructions-and-proof,10,cp-05-02,k2,no,content/courses/constructions-and-proof/lessons/cp-05-02.json,A transversal proof needs to conclude two angles are SUPPLEMENTARY (sum 180°). Which fact does it most naturally use?,a linear pair (two angles on a straight line),45,26,yes,no,FAIL,authored-specific-rationale|inside-vs-derivative|authored-specific-rationale,0,PASS,REMEDIATE
constructions-and-proof,10,cp-05-02,i3,no,content/courses/constructions-and-proof/lessons/cp-05-02.json,"Starting from the Corresponding Angles Postulate, proving ALTERNATE EXTERIOR angles equal needs which single added step?",a vertical-angle step (an alternate exterior angle is vertical to a corresponding one),86,24,yes,no,FAIL,authored-specific-rationale|authored-specific-rationale|authored-specific-rationale,0,PASS,REMEDIATE
constructions-and-proof,10,cp-05-02,rem-cp-proving-transversal-k,yes,content/courses/constructions-and-proof/lessons/cp-05-02.json,"To prove two transversal angles are EQUAL, which fact is the natural tool?",vertical angles are equal,25,30,no,no,PASS,authored-specific-rationale|authored-specific-rationale|authored-specific-rationale,0,PASS,KEEP
constructions-and-proof,10,cp-05-03,i1,no,content/courses/constructions-and-proof/lessons/cp-05-03.json,"Theorem: ""If lines are parallel, then alternate interior angles are equal."" What is its CONVERSE?","If alternate interior angles are equal, then the lines are parallel",67,75,no,no,PASS,inverse-confusion|sign-direction|authored-specific-rationale,0,PASS,KEEP
constructions-and-proof,10,cp-05-03,k1,no,content/courses/constructions-and-proof/lessons/cp-05-03.json,"How do you form the converse of ""If P, then Q""?","Swap them: ""If Q, then P""",25,39,no,no,PASS,inverse-confusion|sign-direction|representation-read,0,PASS,KEEP
constructions-and-proof,10,cp-05-03,i2,no,content/courses/constructions-and-proof/lessons/cp-05-03.json,"""If a number is divisible by 4, it is divisible by 2"" is true. Is its CONVERSE (""if divisible by 2, then divisible by 4"") also true?",No — 6 is divisible by 2 but not by 4,37,34,no,no,PASS,authored-specific-rationale|authored-specific-rationale|authored-specific-rationale,0,PASS,KEEP
constructions-and-proof,10,cp-05-03,k2,no,content/courses/constructions-and-proof/lessons/cp-05-03.json,Why does the parallel-through-a-point construction actually produce a parallel line?,The CONVERSE of the corresponding-angles theorem: equal corresponding angles ⇒ parallel,87,65,no,yes,FAIL,sign-direction|authored-specific-rationale|authored-specific-rationale,0,PASS,REMEDIATE
constructions-and-proof,10,cp-05-03,rem-cp-converses-k,yes,content/courses/constructions-and-proof/lessons/cp-05-03.json,"Which statement is the CONVERSE of ""If it rains, the ground is wet""?","If the ground is wet, then it rains",35,46,no,no,PASS,inverse-confusion|sign-direction|authored-specific-rationale,0,PASS,KEEP
coordinate-geometry,5,cg-01-01,ch1,no,content/courses/coordinate-geometry/lessons/cg-01-01.json,"Point P is at (3, 6) and point Q is at (3, 1). What is true about P and Q?","They line up vertically — same distance right, different heights",64,66,no,no,PASS,authored-specific-rationale|representation-read,0,PASS,KEEP
coordinate-geometry,5,cg-01-01,rem-cr-k,yes,content/courses/coordinate-geometry/lessons/cg-01-01.json,Which pair names the point 3 units right and 1 unit up?,"(3, 1)",6,6,no,no,PASS,authored-specific-rationale|authored-specific-rationale,0,PASS,KEEP
coordinate-geometry,5,cg-01-02,ch1,no,content/courses/coordinate-geometry/lessons/cg-01-02.json,"Three corners of a rectangle are (1, 1), (6, 1), and (6, 4). Where is the fourth corner?","(1, 4)",6,6,no,no,PASS,authored-specific-rationale|place-value,0,PASS,KEEP
coordinate-geometry,5,cg-02-01,k2,no,content/courses/coordinate-geometry/lessons/cg-02-01.json,"The pairs are (2, 4), (4, 8), (6, 12). What is true of EVERY pair?",The second number is double the first,37,42,no,no,PASS,representation-read|authored-specific-rationale,0,PASS,KEEP
coordinate-geometry,5,cg-02-01,ch1,no,content/courses/coordinate-geometry/lessons/cg-02-01.json,"Rule C: start at 0, add 3 (0, 3, 6, 9). Rule D: start at 0, add 6 (0, 6, 12, 18). What is true of every corresponding pair?",Each D-term is double its C-term,32,37,no,no,PASS,authored-specific-rationale|authored-specific-rationale,0,PASS,KEEP
coordinate-geometry,5,cg-02-02,k2,no,content/courses/coordinate-geometry/lessons/cg-02-02.json,Why do the pattern's points line up in a straight line?,Each step moves right 1 and up 2 — the same move every time,59,43,no,yes,FAIL,authored-specific-rationale|authored-specific-rationale,0,PASS,REMEDIATE
coordinate-geometry,5,cg-02-02,ch1,no,content/courses/coordinate-geometry/lessons/cg-02-02.json,"Rule A: start at 1, add 1. Rule B: start at 3, add 3. The points are (1, 3), (2, 6), (3, 9), (4, 12)… Which point does the pattern pass through at x = 6?","(6, 18)",7,7,no,no,PASS,authored-specific-rationale|authored-specific-rationale,0,PASS,KEEP
coordinate-geometry,5,cg-03-02,k1,no,content/courses/coordinate-geometry/lessons/cg-03-02.json,Every square is a rectangle. What EXTRA attribute makes a square special among rectangles?,All four sides are equal,24,31,no,no,PASS,authored-specific-rationale|authored-specific-rationale,0,PASS,KEEP
coordinate-geometry,5,cg-03-02,k2,no,content/courses/coordinate-geometry/lessons/cg-03-02.json,"Using our definition (exactly one pair of parallel sides), is a parallelogram a trapezoid?","No — it has two pairs of parallel sides, one too many",53,27,yes,no,FAIL,authored-specific-rationale|authored-specific-rationale,0,PASS,REMEDIATE
coordinate-geometry,5,cg-03-02,ch1,no,content/courses/coordinate-geometry/lessons/cg-03-02.json,Exactly ONE of these claims is true. Which?,Every square is a rhombus,25,34,no,no,PASS,authored-specific-rationale|authored-specific-rationale,0,PASS,KEEP
coordinate-geometry,5,cg-03-02,rem-qf-k,yes,content/courses/coordinate-geometry/lessons/cg-03-02.json,A parallelogram has all sides equal but NO right angles. What is it?,A rhombus,9,11,no,no,PASS,authored-specific-rationale|authored-specific-rationale,0,PASS,KEEP
coordinate-geometry,5,cg-04-01,k1,no,content/courses/coordinate-geometry/lessons/cg-04-01.json,All you're told: a quadrilateral has all four sides equal. What is the most specific name the clues GUARANTEE?,Rhombus,7,13,no,no,PASS,authored-specific-rationale|authored-specific-rationale,0,PASS,KEEP
coordinate-geometry,5,cg-04-01,k2,no,content/courses/coordinate-geometry/lessons/cg-04-01.json,A shape is called a parallelogram — nothing more. Which property is NOT guaranteed?,It has a right angle,20,34,no,no,PASS,authored-specific-rationale|authored-specific-rationale,0,PASS,KEEP
coordinate-geometry,5,cg-04-01,k3,no,content/courses/coordinate-geometry/lessons/cg-04-01.json,A quadrilateral has EXACTLY one pair of parallel sides. What is it?,A trapezoid,11,15,no,no,PASS,authored-specific-rationale|authored-specific-rationale,0,PASS,KEEP
coordinate-geometry,5,cg-04-01,ch1,no,content/courses/coordinate-geometry/lessons/cg-04-01.json,"A shape has 4 sides, two pairs of parallel sides, 4 right angles, and every side is 6 units. What is the MOST specific name?",Square,6,9,no,no,PASS,authored-specific-rationale|authored-specific-rationale,0,PASS,KEEP
coordinate-geometry,5,cg-04-01,rem-cp2-k,yes,content/courses/coordinate-geometry/lessons/cg-04-01.json,A parallelogram has 4 right angles and sides that are NOT all equal. Most specific name?,Rectangle,9,7,no,no,PASS,authored-specific-rationale|authored-specific-rationale,0,PASS,KEEP
coordinate-proofs,10,cx-01-01,i1,no,content/courses/coordinate-proofs/lessons/cx-01-01.json,"Compute d(A, B) and d(B, A) with the distance formula. How do they compare?","Always equal — swapping the points negates both differences, and squaring erases the negation",93,38,yes,yes,FAIL,sign-direction|sign-direction|authored-specific-rationale,0,PASS,REMEDIATE
coordinate-proofs,10,cx-01-02,i2,no,content/courses/coordinate-proofs/lessons/cx-01-02.json,Why does averaging the x-coordinates land halfway along the segment (not just halfway horizontally)?,Similar right triangles: halving the run forces halving the rise and the hypotenuse too — the halves travel together,116,45,yes,yes,FAIL,authored-specific-rationale|authored-specific-rationale|authored-specific-rationale,0,PASS,REMEDIATE
coordinate-proofs,10,cx-01-03,k3,no,content/courses/coordinate-proofs/lessons/cx-01-03.json,"A triangle's squared side lengths are 20, 45, and 65. Classify it.","Right — 20 + 45 = 65, the Pythagorean converse fires",52,35,no,no,PASS,sign-direction|authored-specific-rationale|authored-specific-rationale,0,PASS,KEEP
coordinate-proofs,10,cx-01-03,i2,no,content/courses/coordinate-proofs/lessons/cx-01-03.json,"In k2's triangle, the side from (0, 0) to (6, 0) needed no formula. Why?","Both endpoints share y = 0, so the length is just the x-gap: |6 − 0| = 6",72,40,yes,yes,FAIL,authored-specific-rationale|authored-specific-rationale|representation-read,0,PASS,REMEDIATE
coordinate-proofs,10,cx-02-01,k3,no,content/courses/coordinate-proofs/lessons/cx-02-01.json,"Same segment, but now P divides it 1 : 3 measured FROM B. Where does P land?","(8, 6) — a quarter of the way from B toward A",45,34,no,yes,FAIL,authored-specific-rationale|authored-specific-rationale|boundary-endpoint,0,PASS,REMEDIATE
coordinate-proofs,10,cx-02-02,k3,no,content/courses/coordinate-proofs/lessons/cx-02-02.json,Which fact makes the translation proof work?,Translations preserve segment directions and lengths — the slope triangle lands unchanged on the parallel line,110,44,yes,yes,FAIL,sign-direction|sign-direction|place-value,0,PASS,REMEDIATE
coordinate-proofs,10,cx-02-03,k3,no,content/courses/coordinate-proofs/lessons/cx-02-03.json,Lines x = 3 and y = −2: perpendicular?,"Yes — vertical meets horizontal at 90°, the case the product rule can't express",79,38,yes,no,FAIL,rate-vs-start|authored-specific-rationale|authored-specific-rationale,0,PASS,REMEDIATE
coordinate-proofs,10,cx-03-01,k1,no,content/courses/coordinate-proofs/lessons/cx-03-01.json,"Triangle with A(0, 0), B(6, 0), C(3, 5). The side audit says:","Isosceles — AC² = BC² = 34, but AB² = 36 differs",48,38,no,no,PASS,authored-specific-rationale|authored-specific-rationale|authored-specific-rationale,0,PASS,KEEP
coordinate-proofs,10,cx-03-01,k3,no,content/courses/coordinate-proofs/lessons/cx-03-01.json,"Same triangle A(1, 1), B(5, 3), C(3, 7). Full classification:","Right AND isosceles — legs √20 = √20, and 20 + 20 = 40 = AC² confirms the right angle",85,23,yes,yes,FAIL,authored-specific-rationale|authored-specific-rationale|authored-specific-rationale,0,PASS,REMEDIATE
coordinate-proofs,10,cx-03-01,rem-cx-classify-tri-k,yes,content/courses/coordinate-proofs/lessons/cx-03-01.json,"Triangle (0, 0), (3, 4), (6, 0). Side audit verdict:","Isosceles — two squared sides equal 25, the base squares to 36",62,11,yes,yes,FAIL,authored-specific-rationale|authored-specific-rationale|authored-specific-rationale,0,PASS,REMEDIATE
coordinate-proofs,10,cx-03-02,k1,no,content/courses/coordinate-proofs/lessons/cx-03-02.json,"P(1, 2), Q(6, 3), R(7, 7), S(2, 6). The slope audit (PQ, QR, RS, SP) finds:",PQ ∥ SR (both 1/5) and QR ∥ PS (both 4) — a parallelogram,57,36,yes,no,FAIL,authored-specific-rationale|authored-specific-rationale|authored-specific-rationale,0,PASS,REMEDIATE
coordinate-proofs,10,cx-03-02,k2,no,content/courses/coordinate-proofs/lessons/cx-03-02.json,Same PQRS. Checking upgrades — rhombus (equal sides) and rectangle (equal diagonals):,Neither — PQ² = 26 ≠ 17 = QR² kills rhombus; PR² = 61 ≠ 25 = QS² kills rectangle. Most specific name: parallelogram,115,29,yes,yes,FAIL,authored-specific-rationale|authored-specific-rationale|authored-specific-rationale,0,PASS,REMEDIATE
coordinate-proofs,10,cx-03-02,ch,no,content/courses/coordinate-proofs/lessons/cx-03-02.json,"W(0, 0), X(7, 3), Y(6, 8), Z(−1, 5). Most specific name, with the fastest base certificate?","Parallelogram — diagonal midpoints BOTH land on (3, 4); sides 58/26 and diagonals 100/68 block both upgrades",108,43,yes,yes,FAIL,authored-specific-rationale|authored-specific-rationale|authored-specific-rationale,0,PASS,REMEDIATE
coordinate-proofs,10,cx-03-02,rem-cx-classify-quad-k,yes,content/courses/coordinate-proofs/lessons/cx-03-02.json,"Quadrilateral (0,0), (5,1), (4,6), (−1,5). Its diagonal midpoints both equal (2, 3). What's certified?",Parallelogram — diagonals bisecting each other is a complete test,65,20,yes,yes,FAIL,authored-specific-rationale|authored-specific-rationale|authored-specific-rationale,0,PASS,REMEDIATE
coordinate-proofs,10,cx-03-03,k3,no,content/courses/coordinate-proofs/lessons/cx-03-03.json,The figure shows each midpoint-parallelogram side parallel to a diagonal. Why does that prove Varignon for EVERY quadrilateral?,"Each midpoint segment is a triangle midsegment over a diagonal — both segments of a pair copy the same diagonal, so they're parallel to each other",146,45,yes,yes,FAIL,rate-vs-start|authored-specific-rationale|authored-specific-rationale,0,PASS,REMEDIATE
coordinate-proofs,10,cx-04-03,k3,no,content/courses/coordinate-proofs/lessons/cx-04-03.json,Run the shoelace on the SAME quadrilateral but list the vertices clockwise. The result:,"The raw sum flips sign (−88), and the absolute value restores the same area, 44",79,29,yes,no,FAIL,sign-direction|sign-direction|unit-conversion,0,PASS,REMEDIATE
coordinate-proofs,10,cx-04-03,i2,no,content/courses/coordinate-proofs/lessons/cx-04-03.json,"A student shoelaces (0,0), (10,8), (8,2), (2,6) — the same four points, scrambled — and gets a different area. What happened?","Scrambled order traces a self-CROSSING path — the shoelace prices the path you list, not the shape you meant",108,39,yes,yes,FAIL,authored-specific-rationale|sign-direction|representation-read,0,PASS,REMEDIATE
coordinate-proofs,10,cx-05-01,k2,no,content/courses/coordinate-proofs/lessons/cx-05-01.json,The circle (x + 4)² + (y − 5)² = 9 has:,"Center (−4, 5), radius 3",24,24,no,no,PASS,sign-direction|exponent-rule|authored-specific-rationale,0,PASS,KEEP
coordinate-proofs,10,cx-05-01,i2,no,content/courses/coordinate-proofs/lessons/cx-05-01.json,The equation keeps r² (not r) on the right because:,"Squaring both sides of distance = r removes the root once and for all — membership checks become pure arithmetic, no radicals",125,27,yes,yes,FAIL,exponent-rule|sign-direction|rate-vs-start,0,PASS,REMEDIATE
coordinate-proofs,10,cx-05-01,rem-cx-circle-eq-k,yes,content/courses/coordinate-proofs/lessons/cx-05-01.json,The circle (x − 2)² + (y + 1)² = 16 has:,"Center (2, −1), radius 4",24,25,no,no,PASS,sign-direction|authored-specific-rationale|authored-specific-rationale,0,PASS,KEEP
coordinate-proofs,10,cx-05-02,k1,no,content/courses/coordinate-proofs/lessons/cx-05-02.json,"Against the figure's circle (x − 3)² + (y − 2)² = 25, the point (7, 2) is:",Inside — (7−3)² + (2−2)² = 16 < 25,34,47,no,yes,FAIL,authored-specific-rationale|authored-specific-rationale|authored-specific-rationale,0,PASS,REMEDIATE
coordinate-proofs,10,cx-05-02,ch,no,content/courses/coordinate-proofs/lessons/cx-05-02.json,"A delivery zone centered at (4, 3) is drawn just large enough to include the house at (10, 11). Is the warehouse at (0, 0) inside the zone?","Yes — the zone's r² = 100, and the origin evaluates to only 25: deep inside",75,50,yes,yes,FAIL,authored-specific-rationale|boundary-endpoint|exponent-rule,0,PASS,REMEDIATE
coordinate-proofs,10,cx-05-02,rem-cx-circle-position-k,yes,content/courses/coordinate-proofs/lessons/cx-05-02.json,"Circle (x − 1)² + (y − 1)² = 16. The point (4, 1) is:",Inside — it evaluates to 9 < 16,31,13,yes,yes,FAIL,authored-specific-rationale|authored-specific-rationale|authored-specific-rationale,0,PASS,REMEDIATE
coordinate-proofs,10,cx-05-03,k2,no,content/courses/coordinate-proofs/lessons/cx-05-03.json,Unmask x² + y² + 8x − 2y + 8 = 0:,"Center (−4, 1), radius 3",24,24,no,no,PASS,sign-direction|authored-specific-rationale|authored-specific-rationale,0,PASS,KEEP
coordinate-proofs,10,cx-05-03,k3,no,content/courses/coordinate-proofs/lessons/cx-05-03.json,"Using k1's unmasked circle (center (3, 2), r² = 25): where does (0, 6) sit?",On the circle — 9 + 16 = 25 exactly (another 3-4-5),51,13,yes,yes,FAIL,authored-specific-rationale|boundary-endpoint|authored-specific-rationale,0,PASS,REMEDIATE
coordinate-proofs,10,cx-05-03,i2,no,content/courses/coordinate-proofs/lessons/cx-05-03.json,Substituting a line into a circle's equation yields a quadratic. Its number of REAL solutions tells you:,"2 = the line crosses (a chord), 1 = it's tangent, 0 = it misses — the discriminant is doing cr's tangency geometry",114,19,yes,yes,FAIL,authored-specific-rationale|authored-specific-rationale|authored-specific-rationale,0,PASS,REMEDIATE
counting-120,1,c120-01-01,k3,no,content/courses/counting-120/lessons/c120-01-01.json,Which list is in counting order?,"43, 44, 45",10,10,no,no,PASS,authored-specific-rationale|authored-specific-rationale,0,PASS,KEEP
counting-120,1,c120-01-02,k3,no,content/courses/counting-120/lessons/c120-01-02.json,"After 59, what comes next?",60,2,3,no,no,PASS,authored-specific-rationale|authored-specific-rationale,0,PASS,KEEP
counting-120,1,c120-01-03,k3,no,content/courses/counting-120/lessons/c120-01-03.json,Which list counts up correctly?,"47, 48, 49, 50",14,14,no,no,PASS,authored-specific-rationale|authored-specific-rationale,0,PASS,KEEP
counting-120,1,c120-02-01,k3,no,content/courses/counting-120/lessons/c120-02-01.json,Which number ends a row?,40,2,2,no,no,PASS,representation-read|representation-read,0,PASS,KEEP
counting-120,1,c120-02-02,k3,no,content/courses/counting-120/lessons/c120-02-02.json,Which row is 68 in?,the sixties (61–70),19,21,no,no,PASS,place-value|place-value,0,PASS,KEEP
counting-120,1,c120-02-02,rem-find-k,yes,content/courses/counting-120/lessons/c120-02-02.json,Which row is 53 in?,the fifties (51–60),19,20,no,no,PASS,place-value,0,PASS,KEEP
counting-120,1,c120-02-03,k3,no,content/courses/counting-120/lessons/c120-02-03.json,What do all the numbers in one column share?,the same ones digit,19,19,no,no,PASS,place-value|place-value,0,PASS,KEEP
counting-120,1,c120-03-01,k2,no,content/courses/counting-120/lessons/c120-03-01.json,What is 59 made of?,5 tens and 9 ones,17,17,no,no,PASS,place-value|place-value,0,PASS,KEEP
counting-120,1,c120-03-02,k1,no,content/courses/counting-120/lessons/c120-03-02.json,Which is 1 ten and 3 ones?,13,2,3,no,no,PASS,place-value|place-value,0,PASS,KEEP
counting-120,1,c120-03-02,k3,no,content/courses/counting-120/lessons/c120-03-02.json,Which numeral is 'fourteen'?,14,2,2,no,no,PASS,place-value|place-value,0,PASS,KEEP
counting-120,1,c120-03-03,k3,no,content/courses/counting-120/lessons/c120-03-03.json,How many tens make 120?,12 tens,7,8,no,no,PASS,place-value|place-value,0,PASS,KEEP
counting-120,1,c120-04-01,k3,no,content/courses/counting-120/lessons/c120-04-01.json,"Counting 26, 36, 46, 56 — what stays the same?",the ones digit (6),18,14,no,no,PASS,place-value|place-value,0,PASS,KEEP
counting-120,1,c120-04-02,k3,no,content/courses/counting-120/lessons/c120-04-02.json,Which is bigger: 62 or 58?,62 (6 tens),11,13,no,no,PASS,place-value|place-value,0,PASS,KEEP
counting-120,1,c120-04-03,k3,no,content/courses/counting-120/lessons/c120-04-03.json,"Counting by ones, what comes right after 100?",101,3,3,no,no,PASS,place-value|authored-specific-rationale,0,PASS,KEEP
counting-120,1,c120-05-01,k3,no,content/courses/counting-120/lessons/c120-05-01.json,What is one LESS than 70?,69,2,2,no,no,PASS,authored-specific-rationale|authored-specific-rationale,0,PASS,KEEP
counting-120,1,c120-05-02,k2,no,content/courses/counting-120/lessons/c120-05-02.json,"When you add ten to 34, what stays the same?",the ones digit (4),18,14,no,no,PASS,place-value|place-value,0,PASS,KEEP
counting-120,1,c120-05-02,k3,no,content/courses/counting-120/lessons/c120-05-02.json,What is ten more than 58?,68,2,2,no,no,PASS,authored-specific-rationale|authored-specific-rationale,0,PASS,KEEP
counting-120,1,c120-05-03,k3,no,content/courses/counting-120/lessons/c120-05-03.json,A ten jump changes which digit?,the tens digit,14,14,no,no,PASS,place-value|place-value,0,PASS,KEEP
counting-to-100-k,0,k100-01-01,k3,no,content/courses/counting-to-100-k/lessons/k100-01-01.json,"Fill the missing number: 24, 25, __, 27.",26,2,2,no,no,PASS,authored-specific-rationale|authored-specific-rationale|authored-specific-rationale,0,PASS,KEEP
counting-to-100-k,0,k100-01-02,k2,no,content/courses/counting-to-100-k/lessons/k100-01-02.json,What number comes right after 39?,40,2,2,no,no,PASS,authored-specific-rationale|authored-specific-rationale|authored-specific-rationale,0,PASS,KEEP
counting-to-100-k,0,k100-01-02,k3,no,content/courses/counting-to-100-k/lessons/k100-01-02.json,"Fill the missing number: 28, 29, __, 31.",30,2,2,no,no,PASS,authored-specific-rationale|authored-specific-rationale|authored-specific-rationale,0,PASS,KEEP
counting-to-100-k,0,k100-01-03,k3,no,content/courses/counting-to-100-k/lessons/k100-01-03.json,"Fill the missing number: 44, 45, __, 47.",46,2,2,no,no,PASS,authored-specific-rationale|authored-specific-rationale|authored-specific-rationale,0,PASS,KEEP
counting-to-100-k,0,k100-01-04,k3,no,content/courses/counting-to-100-k/lessons/k100-01-04.json,"Fill the missing number: 58, 59, __, 61.",60,2,2,no,no,PASS,authored-specific-rationale|authored-specific-rationale|authored-specific-rationale,0,PASS,KEEP
counting-to-100-k,0,k100-01-05,k3,no,content/courses/counting-to-100-k/lessons/k100-01-05.json,"Fill the missing number: 87, 88, __, 90.",89,2,2,no,no,PASS,authored-specific-rationale|authored-specific-rationale|authored-specific-rationale,0,PASS,KEEP
counting-to-100-k,0,k100-01-06,k2,no,content/courses/counting-to-100-k/lessons/k100-01-06.json,"Fill the missing number: 96, 97, __, 99.",98,2,3,no,no,PASS,authored-specific-rationale|authored-specific-rationale|authored-specific-rationale,0,PASS,KEEP
counting-to-100-k,0,k100-01-06,k3,no,content/courses/counting-to-100-k/lessons/k100-01-06.json,What number comes right after 99?,100,3,2,no,no,PASS,authored-specific-rationale|authored-specific-rationale|authored-specific-rationale,0,PASS,KEEP
counting-to-100-k,0,k100-02-01,k2,no,content/courses/counting-to-100-k/lessons/k100-02-01.json,Counting by tens — what comes after 30?,40,2,2,no,no,PASS,authored-specific-rationale|place-value|authored-specific-rationale,0,PASS,KEEP
counting-to-100-k,0,k100-02-01,k3,no,content/courses/counting-to-100-k/lessons/k100-02-01.json,"Fill the missing number: 21, 22, __, 24.",23,2,2,no,no,PASS,authored-specific-rationale|authored-specific-rationale|authored-specific-rationale,0,PASS,KEEP
counting-to-100-k,0,k100-02-02,k2,no,content/courses/counting-to-100-k/lessons/k100-02-02.json,Counting by tens — what comes after 80?,90,2,2,no,no,PASS,authored-specific-rationale|place-value|authored-specific-rationale,0,PASS,KEEP
counting-to-100-k,0,k100-02-02,k3,no,content/courses/counting-to-100-k/lessons/k100-02-02.json,Counting by tens — what comes after 90?,100,3,2,no,no,PASS,authored-specific-rationale|place-value|authored-specific-rationale,0,PASS,KEEP
counting-to-100-k,0,k100-02-03,k1,no,content/courses/counting-to-100-k/lessons/k100-02-03.json,"On the hundred chart, what number sits directly BELOW 23?",33,2,2,no,no,PASS,representation-read|representation-read|authored-specific-rationale,0,PASS,KEEP
counting-to-100-k,0,k100-02-03,k2,no,content/courses/counting-to-100-k/lessons/k100-02-03.json,"On the hundred chart, what number sits directly BELOW 45?",55,2,2,no,no,PASS,representation-read|representation-read|authored-specific-rationale,0,PASS,KEEP
counting-to-100-k,0,k100-02-03,k3,no,content/courses/counting-to-100-k/lessons/k100-02-03.json,"A chart row reads 31, 32, __, 34. What is missing?",33,2,2,no,no,PASS,authored-specific-rationale|authored-specific-rationale|representation-read,0,PASS,KEEP
counting-to-100-k,0,k100-02-03,ch1,no,content/courses/counting-to-100-k/lessons/k100-02-03.json,"On the hundred chart, what number sits directly BELOW 67?",77,2,2,no,no,PASS,representation-read|representation-read|authored-specific-rationale,0,PASS,KEEP
counting-to-100-k,0,k100-02-04,k1,no,content/courses/counting-to-100-k/lessons/k100-02-04.json,Counting by tens — what comes after 30?,40,2,2,no,no,PASS,authored-specific-rationale|place-value|authored-specific-rationale,0,PASS,KEEP
counting-to-100-k,0,k100-02-04,k3,no,content/courses/counting-to-100-k/lessons/k100-02-04.json,Counting by tens — what comes after 80?,90,2,2,no,no,PASS,authored-specific-rationale|place-value|authored-specific-rationale,0,PASS,KEEP
counting-to-100-k,0,k100-02-04,ch1,no,content/courses/counting-to-100-k/lessons/k100-02-04.json,Counting by tens — what comes after 60?,70,2,2,no,no,PASS,authored-specific-rationale|place-value|authored-specific-rationale,0,PASS,KEEP
counting-to-100-k,0,k100-02-05,k3,no,content/courses/counting-to-100-k/lessons/k100-02-05.json,Counting by tens — what comes after 20?,30,2,2,no,no,PASS,authored-specific-rationale|place-value|authored-specific-rationale,0,PASS,KEEP
counting-to-100-k,0,k100-03-01,k3,no,content/courses/counting-to-100-k/lessons/k100-03-01.json,"Fill the missing number: 11, 12, __, 14.",13,2,2,no,no,PASS,authored-specific-rationale|authored-specific-rationale|authored-specific-rationale,0,PASS,KEEP
counting-to-100-k,0,k100-03-02,k3,no,content/courses/counting-to-100-k/lessons/k100-03-02.json,"Fill the missing number: 57, 58, __, 60.",59,2,2,no,no,PASS,authored-specific-rationale|authored-specific-rationale|authored-specific-rationale,0,PASS,KEEP
counting-to-100-k,0,k100-03-03,k3,no,content/courses/counting-to-100-k/lessons/k100-03-03.json,"Fill the missing number: 47, 48, __, 50.",49,2,2,no,no,PASS,authored-specific-rationale|authored-specific-rationale|authored-specific-rationale,0,PASS,KEEP
counting-to-100-k,0,k100-03-04,k3,no,content/courses/counting-to-100-k/lessons/k100-03-04.json,"Fill the missing number: 88, 89, __, 91.",90,2,2,no,no,PASS,authored-specific-rationale|authored-specific-rationale|authored-specific-rationale,0,PASS,KEEP
counting-to-100-k,0,k100-03-05,k2,no,content/courses/counting-to-100-k/lessons/k100-03-05.json,"On the hundred chart, what number sits directly BELOW 52?",62,2,2,no,no,PASS,representation-read|representation-read|authored-specific-rationale,0,PASS,KEEP
counting-to-100-k,0,k100-03-05,k3,no,content/courses/counting-to-100-k/lessons/k100-03-05.json,"Fill the missing number: 36, 37, __, 39.",38,2,2,no,no,PASS,authored-specific-rationale|authored-specific-rationale|authored-specific-rationale,0,PASS,KEEP
counting-to-100-k,0,k100-03-06,k1,no,content/courses/counting-to-100-k/lessons/k100-03-06.json,"A chart row reads 41, 42, __, 44. What is missing?",43,2,2,no,no,PASS,authored-specific-rationale|authored-specific-rationale|representation-read,0,PASS,KEEP
counting-to-100-k,0,k100-03-06,k2,no,content/courses/counting-to-100-k/lessons/k100-03-06.json,"A chart row reads 64, 65, __, 67. What is missing?",66,2,2,no,no,PASS,authored-specific-rationale|authored-specific-rationale|representation-read,0,PASS,KEEP
counting-to-100-k,0,k100-03-06,k3,no,content/courses/counting-to-100-k/lessons/k100-03-06.json,"On the hundred chart, what number sits directly BELOW 38?",48,2,2,no,no,PASS,representation-read|representation-read|authored-specific-rationale,0,PASS,KEEP
counting-to-100-k,0,k100-03-06,ch1,no,content/courses/counting-to-100-k/lessons/k100-03-06.json,"A chart row reads 84, 85, __, 87. What is missing?",86,2,2,no,no,PASS,authored-specific-rationale|authored-specific-rationale|representation-read,0,PASS,KEEP
counting-to-100-k,0,k100-03-07,k3,no,content/courses/counting-to-100-k/lessons/k100-03-07.json,"Fill the missing number: 14, 15, __, 17.",16,2,2,no,no,PASS,authored-specific-rationale|authored-specific-rationale|authored-specific-rationale,0,PASS,KEEP
counting-to-20-k,0,kc-01-01,k3,no,content/courses/counting-to-20-k/lessons/kc-01-01.json,"Maya counts her toys: 1, 2, 3, 4, 5, 6. How many toys does she have?",6,1,1,no,no,PASS,authored-specific-rationale|authored-specific-rationale|authored-specific-rationale,0,PASS,KEEP
counting-to-20-k,0,kc-01-02,k1,no,content/courses/counting-to-20-k/lessons/kc-01-02.json,A ten-frame has no dots in it. Which number tells how many dots?,0,1,2,no,no,PASS,authored-specific-rationale|authored-specific-rationale|authored-specific-rationale,0,PASS,KEEP
counting-to-20-k,0,kc-01-03,rem-kc0103-k,yes,content/courses/counting-to-20-k/lessons/kc-01-03.json,What number comes right after 4?,5,1,1,no,no,PASS,authored-specific-rationale|authored-specific-rationale|authored-specific-rationale,0,PASS,KEEP
counting-to-20-k,0,kc-02-01,k2,no,content/courses/counting-to-20-k/lessons/kc-02-01.json,There are 7 pencils and 7 crayons. Which is true?,They are equal,14,13,no,no,PASS,authored-specific-rationale|authored-specific-rationale|authored-specific-rationale,0,PASS,KEEP
counting-to-20-k,0,kc-02-01,rem-kc0201-k,yes,content/courses/counting-to-20-k/lessons/kc-02-01.json,There are 5 heads and 3 hats. Which is fewer?,Hats,4,8,no,no,PASS,authored-specific-rationale|authored-specific-rationale|authored-specific-rationale,0,PASS,KEEP
counting-to-20-k,0,kc-02-02,k2,no,content/courses/counting-to-20-k/lessons/kc-02-02.json,Compare 7 and 7. Which is true?,They are equal,14,23,no,no,PASS,authored-specific-rationale|authored-specific-rationale|authored-specific-rationale,0,PASS,KEEP
counting-to-20-k,0,kc-02-02,rem-kc0202-k,yes,content/courses/counting-to-20-k/lessons/kc-02-02.json,Which is greater: 2 or 6?,6,1,14,no,no,PASS,authored-specific-rationale|authored-specific-rationale|authored-specific-rationale,0,PASS,KEEP
counting-to-20-k,0,kc-02-03,k2,no,content/courses/counting-to-20-k/lessons/kc-02-03.json,Which number comes between 7 and 9?,8,1,2,no,no,PASS,authored-specific-rationale|authored-specific-rationale|authored-specific-rationale,0,PASS,KEEP
counting-to-20-k,0,kc-02-03,rem-kc0203-k,yes,content/courses/counting-to-20-k/lessons/kc-02-03.json,Which number comes between 5 and 7?,6,1,1,no,no,PASS,authored-specific-rationale|authored-specific-rationale|authored-specific-rationale,0,PASS,KEEP
counting-to-20-k,0,kc-03-01,rem-kc0301-k,yes,content/courses/counting-to-20-k/lessons/kc-03-01.json,13 is ten and how many more?,3,1,2,no,no,PASS,authored-specific-rationale|authored-specific-rationale|place-value,0,PASS,KEEP
counting-to-20-k,0,kc-03-02,rem-kc0302-k,yes,content/courses/counting-to-20-k/lessons/kc-03-02.json,What comes right after 16?,17,2,2,no,no,PASS,authored-specific-rationale|authored-specific-rationale|authored-specific-rationale,0,PASS,KEEP
counting-to-20-k,0,kc-03-03,k2,no,content/courses/counting-to-20-k/lessons/kc-03-03.json,"Counting by tens from 0, how many hops reach 100?",10,2,3,no,no,PASS,place-value|authored-specific-rationale|authored-specific-rationale,0,PASS,KEEP
counting-to-20-k,0,kc-03-03,ch1,no,content/courses/counting-to-20-k/lessons/kc-03-03.json,"Counting 6, 7, 8 helps you count which tens?","60, 70, 80",10,13,no,no,PASS,place-value|place-value|place-value,0,PASS,KEEP
counting-to-20-k,0,kc-03-03,rem-kc0303-k,yes,content/courses/counting-to-20-k/lessons/kc-03-03.json,"Counting by tens: 10, 20, ? What comes next?",30,2,2,no,no,PASS,authored-specific-rationale|authored-specific-rationale|place-value,0,PASS,KEEP
counting-to-20-k,0,kc-04-01,k3,no,content/courses/counting-to-20-k/lessons/kc-04-01.json,A basket holds 8 eggs. You add 0 eggs. How many now?,8,1,2,no,no,PASS,authored-specific-rationale|authored-specific-rationale|authored-specific-rationale,0,PASS,KEEP
counting-to-20-k,0,kc-04-01,ch1,no,content/courses/counting-to-20-k/lessons/kc-04-01.json,"A jar holds 2 red, 3 blue, and 4 green marbles. How many marbles in all?",9,1,2,no,no,PASS,authored-specific-rationale|authored-specific-rationale|authored-specific-rationale,0,PASS,KEEP
counting-to-20-k,0,kc-04-01,rem-kc0401-k,yes,content/courses/counting-to-20-k/lessons/kc-04-01.json,4 ducks swim. 2 more join. How many ducks in all?,6,1,1,no,no,PASS,authored-specific-rationale|inside-vs-derivative|authored-specific-rationale,0,PASS,KEEP
counting-to-20-k,0,kc-04-02,i2,no,content/courses/counting-to-20-k/lessons/kc-04-02.json,6 birds sit on a fence. 4 fly away. How many are left?,2,1,2,no,no,PASS,authored-specific-rationale|authored-specific-rationale|authored-specific-rationale,0,PASS,KEEP
counting-to-20-k,0,kc-04-02,k2,no,content/courses/counting-to-20-k/lessons/kc-04-02.json,You have 5 stickers and give all 5 away. How many are left?,0,1,2,no,no,PASS,authored-specific-rationale|authored-specific-rationale|authored-specific-rationale,0,PASS,KEEP
counting-to-20-k,0,kc-04-02,k3,no,content/courses/counting-to-20-k/lessons/kc-04-02.json,7 fish in a tank. 0 swim away. How many are left?,7,1,2,no,no,PASS,authored-specific-rationale|authored-specific-rationale|authored-specific-rationale,0,PASS,KEEP
counting-to-20-k,0,kc-04-02,rem-kc0402-k,yes,content/courses/counting-to-20-k/lessons/kc-04-02.json,6 apples. You eat 2. How many are left?,4,1,1,no,no,PASS,authored-specific-rationale|authored-specific-rationale|authored-specific-rationale,0,PASS,KEEP
counting-to-20-k,0,kc-04-03,k2,no,content/courses/counting-to-20-k/lessons/kc-04-03.json,6 cherries shared EQUALLY between two bowls. How many in each bowl?,3,1,1,no,no,PASS,authored-specific-rationale|authored-specific-rationale|authored-specific-rationale,0,PASS,KEEP
counting-to-20-k,0,kc-04-03,ch1,no,content/courses/counting-to-20-k/lessons/kc-04-03.json,Which pair is NOT a split of 5?,1 and 3,7,7,no,no,PASS,authored-specific-rationale|authored-specific-rationale|authored-specific-rationale,0,PASS,KEEP
counting-to-20-k,0,kc-04-03,rem-kc0403-k,yes,content/courses/counting-to-20-k/lessons/kc-04-03.json,5 candies split between two hands. One hand has 2. How many in the other?,3,1,1,no,no,PASS,authored-specific-rationale|authored-specific-rationale|authored-specific-rationale,0,PASS,KEEP
counting-to-20-k,0,kc-05-01,ch1,no,content/courses/counting-to-20-k/lessons/kc-05-01.json,Which pair makes TEN?,5 and 5,7,7,no,no,PASS,authored-specific-rationale|authored-specific-rationale|authored-specific-rationale,0,PASS,KEEP
counting-to-20-k,0,kc-05-01,rem-kc0501-k,yes,content/courses/counting-to-20-k/lessons/kc-05-01.json,8 dots are in the ten frame. How many MORE make ten?,2,1,2,no,no,PASS,authored-specific-rationale|authored-specific-rationale|authored-specific-rationale,0,PASS,KEEP
curve-analysis,13,ca-01-01,k2,no,content/courses/curve-analysis/lessons/ca-01-01.json,Why does the definition include 'f′ does not exist' as well as 'f′ = 0'?,"Because |x| has a minimum at its corner, where f′ does not exist at all.",72,44,yes,no,FAIL,authored-specific-rationale|authored-specific-rationale|authored-specific-rationale,0,PASS,REMEDIATE
curve-analysis,13,ca-01-01,k3,no,content/courses/curve-analysis/lessons/ca-01-01.json,f(x) = x³ has a critical point at x = 0. What is it?,"Neither a peak nor a valley — f′ = 3x² is positive on BOTH sides, so f keeps climbing.",86,19,yes,yes,FAIL,authored-specific-rationale|authored-specific-rationale|sign-direction,0,PASS,REMEDIATE
curve-analysis,13,ca-01-02,k3,no,content/courses/curve-analysis/lessons/ca-01-02.json,"f′ is positive on (−∞, −2), negative on (−2, 2), positive on (2, ∞). Where is f DECREASING?","On (−2, 2) — the interval where f′ is negative.",47,42,no,no,PASS,sign-direction|authored-specific-rationale|representation-read,0,PASS,KEEP
curve-analysis,13,ca-01-02,rk1,yes,content/courses/curve-analysis/lessons/ca-01-02.json,"f′ is negative just left of c, and positive just right of it. What is at c?",A local minimum,15,15,no,no,PASS,authored-specific-rationale,0,PASS,KEEP
curve-analysis,13,ca-01-03,k2,no,content/courses/curve-analysis/lessons/ca-01-03.json,"Why does f(x) = x on the OPEN interval (0, 1) have no maximum?",It climbs all the way to 1 but never reaches it — the endpoint is not included.,79,29,yes,yes,FAIL,boundary-endpoint|authored-specific-rationale|authored-specific-rationale,0,PASS,REMEDIATE
curve-analysis,13,ca-02-01,k1,no,content/courses/curve-analysis/lessons/ca-02-01.json,A curve has f′ < 0 and f″ > 0. What is it doing?,"Falling, but the fall is levelling off — bending back upward.",61,31,yes,yes,FAIL,authored-specific-rationale|sign-direction|authored-specific-rationale,0,PASS,REMEDIATE
curve-analysis,13,ca-02-01,k2,no,content/courses/curve-analysis/lessons/ca-02-01.json,What makes x = c an inflection point?,f″ CHANGES SIGN at c — the bend switches direction.,51,34,no,yes,FAIL,sign-direction|authored-specific-rationale|sign-direction,0,PASS,REMEDIATE
curve-analysis,13,ca-02-01,k3,no,content/courses/curve-analysis/lessons/ca-02-01.json,f(x) = x⁴ has f″(0) = 0. Is x = 0 an inflection point?,"No — f″ = 12x² is positive on BOTH sides, so the bend never changes.",68,32,yes,yes,FAIL,authored-specific-rationale|authored-specific-rationale|sign-direction,0,PASS,REMEDIATE
curve-analysis,13,ca-02-01,rk1,yes,content/courses/curve-analysis/lessons/ca-02-01.json,f″(x) = 6x. Is the curve concave up or down at x = −1?,Concave down — f″(−1) = −6 < 0.,31,10,yes,yes,FAIL,sign-direction,0,PASS,REMEDIATE
curve-analysis,13,ca-02-02,k2,no,content/courses/curve-analysis/lessons/ca-02-02.json,f′(c) = 0 and f″(c) = 0. What can you conclude?,Nothing — use the sign chart of f′ instead.,43,26,no,yes,FAIL,sign-direction|authored-specific-rationale|authored-specific-rationale,0,PASS,REMEDIATE
curve-analysis,13,ca-02-02,k3,no,content/courses/curve-analysis/lessons/ca-02-02.json,"f has a critical point at a CORNER, where f′ does not exist. Which test can classify it?",The first-derivative test — look at the sign of f′ on either side.,66,39,yes,no,FAIL,authored-specific-rationale|sign-direction|authored-specific-rationale,0,PASS,REMEDIATE
curve-analysis,13,ca-02-02,rk1,yes,content/courses/curve-analysis/lessons/ca-02-02.json,f′(c) = 0 and f″(c) = −4. What is at c?,A local maximum,15,15,no,no,PASS,authored-specific-rationale,0,PASS,KEEP
curve-analysis,13,ca-02-03,k1,no,content/courses/curve-analysis/lessons/ca-02-03.json,"For f = x⁴ − 4x³, x = 0 is a critical point with no sign change in f′, AND a sign change in f″. What is it?",A saddle AND an inflection point — the two charts describe different things.,76,55,yes,no,FAIL,sign-direction|authored-specific-rationale|sign-direction,0,PASS,REMEDIATE
curve-analysis,13,ca-02-03,k2,no,content/courses/curve-analysis/lessons/ca-02-03.json,"On an interval, f′ > 0 and f″ < 0. What is the curve doing, and what is it approaching?","Rising, but levelling off — heading toward a maximum.",53,26,yes,yes,FAIL,rate-vs-start|authored-specific-rationale|sign-direction,0,PASS,REMEDIATE
curve-analysis,13,ca-02-03,rk1,yes,content/courses/curve-analysis/lessons/ca-02-03.json,f′ < 0 and f″ > 0. What is the curve doing?,"Falling, but the fall is easing off.",36,26,no,no,PASS,sign-direction,0,PASS,KEEP
curve-analysis,13,ca-03-01,k2,no,content/courses/curve-analysis/lessons/ca-03-01.json,"f(x) = |x| − 1 on [−1, 1] has f(−1) = f(1) = 0, yet f′ is never zero. Which hypothesis fails?",Differentiability — there is a corner at x = 0.,47,29,yes,no,FAIL,rate-vs-start|authored-specific-rationale|authored-specific-rationale,0,PASS,REMEDIATE
curve-analysis,13,ca-03-02,k2,no,content/courses/curve-analysis/lessons/ca-03-02.json,Two cameras 120 miles apart photograph you 2 hours apart. The limit is 55 mph. What does the MVT prove?,At some instant your actual speed was exactly 60 mph — so you were speeding.,76,62,no,no,PASS,rate-vs-start|authored-specific-rationale|authored-specific-rationale,0,PASS,KEEP
curve-analysis,13,ca-03-02,k3,no,content/courses/curve-analysis/lessons/ca-03-02.json,"f(0) = 2 and f(4) = 10, and f is differentiable. Which must be TRUE?","f′(c) = 2 for some c in (0, 4).",31,43,no,no,PASS,authored-specific-rationale|authored-specific-rationale|authored-specific-rationale,0,PASS,KEEP
curve-analysis,13,ca-03-03,k1,no,content/courses/curve-analysis/lessons/ca-03-03.json,"f′(x) = 0 for every x. What follows, and why?",f is constant — the MVT forces f(x₂) − f(x₁) = 0·(x₂ − x₁) = 0 for any two points.,82,33,yes,yes,FAIL,rate-vs-start|authored-specific-rationale|authored-specific-rationale,0,PASS,REMEDIATE
curve-analysis,13,ca-03-03,k3,no,content/courses/curve-analysis/lessons/ca-03-03.json,"Why is every antiderivative of f of the form F + C, with no exceptions?","Two antiderivatives have the same derivative, so their difference has derivative 0 — and the MVT says that makes it constant.",125,39,yes,yes,FAIL,authored-specific-rationale|sign-direction|authored-specific-rationale,0,PASS,REMEDIATE
curve-analysis,13,ca-04-01,k2,no,content/courses/curve-analysis/lessons/ca-04-01.json,f(x) = (2x + 1)/(x − 3). What happens at x = 3?,A vertical asymptote — the bottom vanishes and the top does not.,64,16,yes,yes,FAIL,fraction-denominator|fraction-denominator|authored-specific-rationale,0,PASS,REMEDIATE
curve-analysis,13,ca-04-01,k3,no,content/courses/curve-analysis/lessons/ca-04-01.json,f(x) = x⁴ − 4x³. What happens as x → −∞?,f → +∞ — the x⁴ term dominates and is positive for negative x.,62,6,yes,yes,FAIL,sign-direction|sign-direction|representation-read,0,PASS,REMEDIATE
curve-analysis,13,ca-04-02,k2,no,content/courses/curve-analysis/lessons/ca-04-02.json,"For f = x³ − 6x² + 5, describe the curve on the interval (0, 2).","Falling, and the fall is steepening (f′ < 0, f″ < 0).",53,27,yes,no,FAIL,sign-direction|sign-direction|boundary-endpoint,0,PASS,REMEDIATE
curve-analysis,13,ca-04-02,k3,no,content/courses/curve-analysis/lessons/ca-04-02.json,"A student claims f′ > 0 on all of (1, 5), and that f has a maximum at x = 3. What is wrong?","An interior maximum needs f′ to change sign — but f′ never changes sign on (1, 5).",82,52,yes,no,FAIL,authored-specific-rationale|sign-direction|sign-direction,0,PASS,REMEDIATE
curve-analysis,13,ca-04-02,rk1,yes,content/courses/curve-analysis/lessons/ca-04-02.json,Which chart tells you where the inflection points are?,The sign chart of f″,20,20,no,no,PASS,sign-direction,0,PASS,KEEP
curve-analysis,13,ca-04-03,k1,no,content/courses/curve-analysis/lessons/ca-04-03.json,The graph of f′ crosses the axis from ABOVE to BELOW at x = 2. What is at x = 2 on the graph of f?,A local maximum of f.,21,25,no,no,PASS,authored-specific-rationale|authored-specific-rationale|authored-specific-rationale,0,PASS,KEEP
curve-analysis,13,ca-04-03,k2,no,content/courses/curve-analysis/lessons/ca-04-03.json,"The graph of f′ has a MAXIMUM at x = 1 (it peaks and comes back down, staying positive). What is at x = 1 on f?",An inflection point — and the steepest climb of f.,50,15,yes,yes,FAIL,sign-direction|authored-specific-rationale|representation-read,0,PASS,REMEDIATE
curve-analysis,13,ca-04-03,rk1,yes,content/courses/curve-analysis/lessons/ca-04-03.json,"On the graph of f′, the height at x = 2 is 3. What does that tell you about f?","f is rising at x = 2, with slope 3.",35,8,yes,yes,FAIL,rate-vs-start,0,PASS,REMEDIATE
curve-analysis,13,ca-05-01,k1,no,content/courses/curve-analysis/lessons/ca-05-01.json,Two numbers add to 20. You want the largest possible product. What should you maximise?,"P = x(20 − x), where x is one of the numbers.",45,14,yes,yes,FAIL,authored-specific-rationale|authored-specific-rationale|inside-vs-derivative,0,PASS,REMEDIATE
curve-analysis,13,ca-05-01,rk1,yes,content/courses/curve-analysis/lessons/ca-05-01.json,Two numbers add to 12. Write their product with ONE variable.,P = x(12 − x),13,6,no,no,PASS,authored-specific-rationale,0,PASS,KEEP
curve-analysis,13,ca-05-02,k1,no,content/courses/curve-analysis/lessons/ca-05-02.json,"V = 4x³ − 48x² + 144x. Which is V′, factored?",12(x − 2)(x − 6),16,16,no,no,PASS,sign-direction|authored-specific-rationale|authored-specific-rationale,0,PASS,KEEP
curve-analysis,13,ca-05-02,k3,no,content/courses/curve-analysis/lessons/ca-05-02.json,V′ = 12(x − 2)(x − 6) has a critical point at x = 6. Why is it useless?,"At x = 6 the base is 12 − 12 = 0 — there is no box, and V = 0. It is the degenerate edge of the domain.",103,55,yes,yes,FAIL,authored-specific-rationale|authored-specific-rationale|authored-specific-rationale,0,PASS,REMEDIATE
curve-analysis,13,ca-05-03,k1,no,content/courses/curve-analysis/lessons/ca-05-03.json,"100 m of fence, three sides only (the wall is the fourth). Which area formula is right?",A = x(100 − 2x),15,14,no,no,PASS,authored-specific-rationale|authored-specific-rationale|authored-specific-rationale,0,PASS,KEEP
curve-analysis,13,ca-05-03,k3,no,content/courses/curve-analysis/lessons/ca-05-03.json,"A profit function P(x) has P′(x) > 0 for every x in the allowed range [0, 40]. Where is the maximum profit?",At x = 40 — the right endpoint. Profit is still climbing when the range runs out.,81,44,yes,yes,FAIL,authored-specific-rationale|authored-specific-rationale|sign-direction,0,PASS,REMEDIATE
curve-analysis,13,ca-05-03,rk1,yes,content/courses/curve-analysis/lessons/ca-05-03.json,"A pen against a wall uses 100 m of fence on three sides — two of depth x, one of width y. What is the constraint?",2x + y = 100,12,13,no,no,PASS,authored-specific-rationale,0,PASS,KEEP
data-and-models,9,dm-01-01,ch1,no,content/courses/data-and-models/lessons/dm-01-01.json,Class B has the same median as Class A but scores ranging from 70 to 100. What would Class B's box plot look like next to Class A's?,"About the same centre, but a much wider box — less consistent",61,49,no,yes,FAIL,authored-specific-rationale|representation-read|authored-specific-rationale,0,PASS,REMEDIATE
data-and-models,9,dm-02-01,k2,no,content/courses/data-and-models/lessons/dm-02-01.json,What does it mean for a line to 'fit' a scatter of points well?,"The gaps between the points and the line are small overall, balanced above and below",84,46,yes,no,FAIL,authored-specific-rationale|authored-specific-rationale|rate-vs-start,0,PASS,REMEDIATE
data-and-models,9,dm-02-01,ch1,no,content/courses/data-and-models/lessons/dm-02-01.json,"A store's calculator fits weekly revenue to y = 8x + 200, where x is ads run. What do the 8 and the 200 mean?",$8 more revenue per extra ad; $200 in revenue with zero ads,59,58,no,no,PASS,rate-vs-start|rate-vs-start|rate-vs-start,0,PASS,KEEP
data-and-models,9,dm-02-02,k2,no,content/courses/data-and-models/lessons/dm-02-02.json,"A residual of −1, compared to a residual of −15 on the same scale, tells you the line's prediction was:",Much closer for the −1 point than the −15 point,47,46,no,no,PASS,sign-direction|inverse-confusion|authored-specific-rationale,0,PASS,KEEP
data-and-models,9,dm-02-02,ch1,no,content/courses/data-and-models/lessons/dm-02-02.json,Dataset A has r = 0.8. Dataset B has r = −0.95. Which has the STRONGER linear relationship?,Dataset B — 0.95 in magnitude beats 0.8,39,53,no,yes,FAIL,sign-direction|authored-specific-rationale|sign-direction,0,PASS,REMEDIATE
data-and-models,9,dm-03-01,k1,no,content/courses/data-and-models/lessons/dm-03-01.json,The fitted rate comes out to 2.5 cm/day. A report writes it as '2.50000 cm/day'. Is that appropriate?,"No — the data was only measured to the nearest cm, so five decimals is false precision",86,61,yes,no,FAIL,place-value|rate-vs-start|authored-specific-rationale,0,PASS,REMEDIATE
data-and-models,9,dm-03-01,ch1,no,content/courses/data-and-models/lessons/dm-03-01.json,A car's trip odometer reads distance to the nearest 0.1 mile. A phone app computes average speed as '47.28193651 mph'. What's wrong?,"The distance was only measured to one decimal place, so the speed shouldn't claim eight",87,61,yes,no,FAIL,authored-specific-rationale|rate-vs-start|place-value,0,PASS,REMEDIATE
data-and-models,9,dm-03-01,rem-dp-k,yes,content/courses/data-and-models/lessons/dm-03-01.json,One length is measured to the nearest cm (5 cm); another to the nearest mm (3.2 cm). Their sum should be reported to the nearest:,Whole cm — matching the coarser measurement,43,43,no,no,PASS,authored-specific-rationale,0,PASS,KEEP
data-distributions,6,dd-01-01,i1,no,content/courses/data-distributions/lessons/dd-01-01.json,Which question is STATISTICAL?,How many minutes do students at this school spend on homework each night?,73,54,yes,no,FAIL,authored-specific-rationale|authored-specific-rationale,0,PASS,REMEDIATE
data-distributions,6,dd-01-01,k1,no,content/courses/data-distributions/lessons/dd-01-01.json,What makes a question statistical?,It anticipates variability — many different answers are expected,64,19,yes,yes,FAIL,authored-specific-rationale|authored-specific-rationale,0,PASS,REMEDIATE
data-distributions,6,dd-01-01,k2,no,content/courses/data-distributions/lessons/dd-01-01.json,"""How far did Ava throw the ball?"" isn't statistical. Which rewrite MAKES it statistical?",How far do the students in gym class throw the ball?,52,47,no,no,PASS,unit-conversion|representation-read,0,PASS,KEEP
data-distributions,6,dd-01-01,k3,no,content/courses/data-distributions/lessons/dd-01-01.json,"Is ""How many sides does a hexagon have?"" a statistical question?",No — the answer is a fixed fact (6) with no variability,55,31,yes,no,FAIL,authored-specific-rationale|authored-specific-rationale,0,PASS,REMEDIATE
data-distributions,6,dd-01-01,ch1,no,content/courses/data-distributions/lessons/dd-01-01.json,Which is the statistical question?,What time do the students in this school go to bed?,51,46,no,no,PASS,representation-read|authored-specific-rationale,0,PASS,KEEP
data-distributions,6,dd-01-01,rem-sq-k,yes,content/courses/data-distributions/lessons/dd-01-01.json,Which is statistical?,How many books did students in class read this month?,53,39,no,no,PASS,authored-specific-rationale|authored-specific-rationale,0,PASS,KEEP
data-distributions,6,dd-01-02,k1,no,content/courses/data-distributions/lessons/dd-01-02.json,"Two students both answered ""1 pet."" In the data set, is that one value or two?",Two values — each student's answer counts separately,52,69,no,no,PASS,authored-specific-rationale|authored-specific-rationale,0,PASS,KEEP
data-distributions,6,dd-01-02,k2,no,content/courses/data-distributions/lessons/dd-01-02.json,"A survey sheet accidentally mixes answers to ""how many pets?"" and ""how many siblings?"" into one list. Why is that a problem?","The values answer different questions, so no single pattern can be read from them",81,56,yes,no,FAIL,authored-specific-rationale|representation-read,0,PASS,REMEDIATE
data-distributions,6,dd-01-03,k1,no,content/courses/data-distributions/lessons/dd-01-03.json,"A student plans a survey around ""How tall is the school flagpole?"" Where does the pipeline break?",Step one — the question isn't statistical (one fixed answer),60,44,no,no,PASS,authored-specific-rationale|authored-specific-rationale,0,PASS,KEEP
data-distributions,6,dd-01-03,k2,no,content/courses/data-distributions/lessons/dd-01-03.json,A survey's answers are all different from each other. Did something go wrong?,No — variability is exactly what the statistical question anticipated,69,52,no,no,PASS,inverse-confusion|sign-direction,0,PASS,KEEP
data-distributions,6,dd-01-03,k3,no,content/courses/data-distributions/lessons/dd-01-03.json,Which version is READY for data collection?,How many minutes did each student in class read last night?,59,23,yes,no,FAIL,authored-specific-rationale|authored-specific-rationale,0,PASS,REMEDIATE
data-distributions,6,dd-01-03,ch1,no,content/courses/data-distributions/lessons/dd-01-03.json,You want a 12-value data set about a 12-player team. Which plan delivers it?,Ask each player how many goals they scored this season,54,46,no,no,PASS,authored-specific-rationale|representation-read,0,PASS,KEEP
data-distributions,6,dd-01-03,rem-qc-k,yes,content/courses/data-distributions/lessons/dd-01-03.json,What is the FIRST step of the data pipeline?,Pose a statistical question,27,18,no,no,PASS,authored-specific-rationale|authored-specific-rationale,0,PASS,KEEP
data-distributions,6,dd-02-01,k2,no,content/courses/data-distributions/lessons/dd-02-01.json,"A dot plot shows 2 dots over 10, 3 over 15, 2 over 20, and 1 over 25. Which data set does it show?","10, 10, 15, 15, 15, 20, 20, 25",30,14,no,no,PASS,authored-specific-rationale|authored-specific-rationale,0,PASS,KEEP
data-distributions,6,dd-02-01,k3,no,content/courses/data-distributions/lessons/dd-02-01.json,A dot plot of quiz scores has no dots above 7. What does that mean?,No student scored 7,19,26,no,no,PASS,representation-read|authored-specific-rationale,0,PASS,KEEP
data-distributions,6,dd-02-02,k2,no,content/courses/data-distributions/lessons/dd-02-02.json,The 10-14 bar has height 4. Can you tell the four exact scores from the histogram?,No — the histogram only records that they fell between 10 and 14,64,36,yes,no,FAIL,authored-specific-rationale|authored-specific-rationale,0,PASS,REMEDIATE
data-distributions,6,dd-02-02,k3,no,content/courses/data-distributions/lessons/dd-02-02.json,"You have 200 race times spread from 12 to 47 minutes. Which display fits better, and why?",Histogram — many spread-out values group cleanly into bins,58,34,yes,no,FAIL,authored-specific-rationale|authored-specific-rationale,0,PASS,REMEDIATE
data-distributions,6,dd-02-02,ch1,no,content/courses/data-distributions/lessons/dd-02-02.json,"A student's histogram uses bins 0-4, 5-9, and 10-19. What's wrong with it?",The bins aren't equal width — 10-19 is twice as wide as the others,66,23,yes,no,FAIL,authored-specific-rationale|authored-specific-rationale,0,PASS,REMEDIATE
data-distributions,6,dd-02-03,k1,no,content/courses/data-distributions/lessons/dd-02-03.json,"The plot of 1,2,2,3,3,3,4,4,5 peaks at 3, with 3 dots below the peak and 3 above. What's its shape?",Roughly symmetric — it mirrors around the peak,46,30,no,no,PASS,authored-specific-rationale|authored-specific-rationale,0,PASS,KEEP
data-distributions,6,dd-02-03,k2,no,content/courses/data-distributions/lessons/dd-02-03.json,"In the plot of 1,1,1,2,2,3,4,8 — what is the 8?","An outlier — it sits far from the cluster, past a gap",53,34,yes,no,FAIL,authored-specific-rationale|authored-specific-rationale,0,PASS,REMEDIATE
data-distributions,6,dd-02-03,ch1,no,content/courses/data-distributions/lessons/dd-02-03.json,"Absences this month: 0,0,0,1,1,2,6. Which description tells the full story?",Clustered at 0-1 with a gap from 3-5 and an outlier at 6,56,25,yes,no,FAIL,representation-read|authored-specific-rationale,0,PASS,REMEDIATE
data-distributions,6,dd-03-01,k3,no,content/courses/data-distributions/lessons/dd-03-01.json,"The books data 3, 5, 7, 9 has mean 6 — but NOBODY read 6 books. What does the 6 tell you?",It's the fair-share value — everyone's count if the total were split equally,76,52,yes,no,FAIL,authored-specific-rationale|authored-specific-rationale,0,PASS,REMEDIATE
data-distributions,6,dd-03-02,i2,no,content/courses/data-distributions/lessons/dd-03-02.json,"For the sorted data 3, 5, 8, 12, 14, 16 — which TWO values are the middle pair?",8 and 12,8,9,no,no,PASS,authored-specific-rationale|authored-specific-rationale,0,PASS,KEEP
data-distributions,6,dd-03-02,k3,no,content/courses/data-distributions/lessons/dd-03-02.json,"Jae finds the median of 9, 2, 7, 4 by averaging 2 and 7 — 'the two middle numbers.' The right answer is 5.5. What went wrong?","Jae never sorted — the middle pair of the SORTED list 2, 4, 7, 9 is 4 and 7",75,50,yes,yes,FAIL,authored-specific-rationale|representation-read,0,PASS,REMEDIATE
data-distributions,6,dd-03-03,k2,no,content/courses/data-distributions/lessons/dd-03-03.json,A street has nine similar homes and one giant mansion. A report wants ONE number for the 'typical' home price. Which summary — and why?,Median — the mansion would drag the mean above almost every real home,69,53,no,no,PASS,rate-vs-start|authored-specific-rationale,0,PASS,KEEP
data-distributions,6,dd-03-03,k3,no,content/courses/data-distributions/lessons/dd-03-03.json,"A data set reports mean 42 and median 20. Without seeing the values, what's the most likely story?",Some very LARGE values are dragging the mean up past the middle,63,62,no,no,PASS,authored-specific-rationale|authored-specific-rationale,0,PASS,KEEP
data-distributions,6,dd-04-02,k3,no,content/courses/data-distributions/lessons/dd-04-02.json,"A wild value of 100 joins the data 2, 4, 6, 8, 10, 12, 14, 16. Which spread measure changes the most?","The range — it leaps from 14 to 98, while the IQR barely moves",62,47,no,no,PASS,inverse-confusion|authored-specific-rationale,0,PASS,KEEP
data-distributions,6,dd-04-03,k2,no,content/courses/data-distributions/lessons/dd-04-03.json,"A librarian wants the class whose students read the MOST SIMILAR amounts. Class A: center 7, IQR 4. Class B: center 7, IQR 10. Which class — and on what evidence?",Class A — its smaller IQR means the middle half bunches tightly,63,52,no,no,PASS,authored-specific-rationale|authored-specific-rationale,0,PASS,KEEP
data-distributions,6,dd-04-03,ch1,no,content/courses/data-distributions/lessons/dd-04-03.json,Which report FULLY describes Class B's reading hours with two numbers?,"""Median 7 hours, IQR 10 hours"" — a center plus a spread",55,54,no,no,PASS,authored-specific-rationale|authored-specific-rationale,0,PASS,KEEP
data-distributions,6,dd-04b-01,k2,no,content/courses/data-distributions/lessons/dd-04b-01.json,"About what share of the data sits inside the box, between Q1 and Q3?",About half of it,16,21,no,no,PASS,authored-specific-rationale|authored-specific-rationale,0,PASS,KEEP
data-distributions,6,dd-04b-01,k3,no,content/courses/data-distributions/lessons/dd-04b-01.json,On one box plot the upper whisker is much longer than the lower whisker. What does that tell you?,The top quarter of the values is more spread out than the bottom quarter,72,64,no,no,PASS,authored-specific-rationale|authored-specific-rationale,0,PASS,KEEP
data-distributions,6,dd-04b-02,k1,no,content/courses/data-distributions/lessons/dd-04b-02.json,"Class A and Class B both have a median of 13, but B's box and whiskers are much wider. What is the fair comparison?",Typical scores are the same; Class B's scores vary much more,60,58,no,yes,FAIL,sign-direction|authored-specific-rationale,0,PASS,REMEDIATE
data-distributions,6,dd-04b-02,k2,no,content/courses/data-distributions/lessons/dd-04b-02.json,A's box runs 11 to 15; B's box runs 9 to 17. How do the two middle halves relate?,A's middle half sits entirely inside the range of B's middle half,65,43,yes,no,FAIL,authored-specific-rationale|authored-specific-rationale,0,PASS,REMEDIATE
data-distributions,6,dd-04b-02,k3,no,content/courses/data-distributions/lessons/dd-04b-02.json,You suspect a data set has a gap — no values at all between 10 and 14. Which display would show it?,"A dot plot, because it draws every individual value",51,53,no,no,PASS,authored-specific-rationale|authored-specific-rationale,0,PASS,KEEP
data-distributions,6,dd-04b-02,rem-bpc-k,yes,content/courses/data-distributions/lessons/dd-04b-02.json,Team P's box runs 26 to 30. Team Q's box runs 22 to 34. Which team is more consistent?,Team P — its box is narrower,28,47,no,no,PASS,unit-conversion|representation-read,0,PASS,KEEP
data-distributions,6,dd-04b-03,k2,no,content/courses/data-distributions/lessons/dd-04b-03.json,"Two data sets have the same mean, but one has a MAD of 0.8 and the other a MAD of 7.5. What does the MAD of 0.8 tell you?",Its values sit close to the mean — a tightly clustered set,58,57,no,yes,FAIL,inverse-confusion|authored-specific-rationale,0,PASS,REMEDIATE
data-distributions,6,dd-04b-03,k3,no,content/courses/data-distributions/lessons/dd-04b-03.json,House prices on one street include a single enormous mansion. Which summary pair describes that street more fairly?,Median with IQR — both resist the one extreme value,51,56,no,no,PASS,authored-specific-rationale|authored-specific-rationale,0,PASS,KEEP
data-distributions,6,dd-05-01,k2,no,content/courses/data-distributions/lessons/dd-05-01.json,Which report of the trip data is INCOMPLETE as a description of the distribution?,"""The average is 15.""",20,74,no,yes,FAIL,authored-specific-rationale|authored-specific-rationale,0,PASS,REMEDIATE
data-distributions,6,dd-05-01,ch1,no,content/courses/data-distributions/lessons/dd-05-01.json,Pick the BEST one-sentence description of the trip data.,"""Trips cluster symmetrically around a median of 15 minutes, with the middle half spanning just 10 minutes.""",107,38,yes,no,FAIL,authored-specific-rationale|authored-specific-rationale,0,PASS,REMEDIATE
data-distributions,6,dd-05-01,rem-ds-k,yes,content/courses/data-distributions/lessons/dd-05-01.json,"""The middle half spans 10 minutes"" — which lens is that?",Spread,6,6,no,no,PASS,authored-specific-rationale|authored-specific-rationale,0,PASS,KEEP
data-distributions,6,dd-05-02,k2,no,content/courses/data-distributions/lessons/dd-05-02.json,"For the allowances 10, 12, 12, 14, 14, 16, 18, 64 — which number honestly answers 'what's a TYPICAL allowance?'","The median, 14 — it sits inside the actual cluster",50,43,no,no,PASS,place-value|authored-specific-rationale,0,PASS,KEEP
data-distributions,6,dd-05-02,k3,no,content/courses/data-distributions/lessons/dd-05-02.json,A data set you HAVEN'T seen reports mean 20 and median 14. What does the gap suggest about its shape?,A high outlier or long high tail is pulling the mean up,55,38,no,no,PASS,authored-specific-rationale|authored-specific-rationale,0,PASS,KEEP
data-distributions,6,dd-05-02,rem-sy-k,yes,content/courses/data-distributions/lessons/dd-05-02.json,"Data: 2, 3, 4, 91. Mean = 25, median = 3.5. Which center better describes a TYPICAL value?","The median, 3.5",15,20,no,yes,FAIL,place-value|authored-specific-rationale,0,PASS,REMEDIATE
data-distributions,6,dd-05-03,k1,no,content/courses/data-distributions/lessons/dd-05-03.json,"Plot 0, 1, 1, 2, 2, 2, 3, 3, 4, 12 mentally. Which shape description fits?","Clustered at 0–4 with a gap, plus a high outlier at 12",54,44,no,yes,FAIL,authored-specific-rationale|authored-specific-rationale,0,PASS,REMEDIATE
data-distributions,6,dd-05-03,k3,no,content/courses/data-distributions/lessons/dd-05-03.json,Which report should the detective file for the borrowing data?,"""Most students borrow 0–4 books (median 2, IQR 2); one outlier borrows 12""",74,47,yes,yes,FAIL,authored-specific-rationale|authored-specific-rationale,0,PASS,REMEDIATE
data-distributions,6,dd-05-03,rem-dc-k,yes,content/courses/data-distributions/lessons/dd-05-03.json,"The data 1, 2, 3, 50 has an outlier. Which CENTER should the report lead with?","The median, 2.5 — it resists the 50",35,34,no,yes,FAIL,authored-specific-rationale,0,PASS,REMEDIATE
data-graphs-g1,1,dgr1-01-01,k1,no,content/courses/data-graphs-g1/lessons/dgr1-01-01.json,A class wants to collect data about favorite pets. Which is a good survey question?,Which pet do you like best?,27,20,no,no,PASS,authored-specific-rationale|representation-read|authored-specific-rationale,0,PASS,KEEP
data-graphs-g1,1,dgr1-01-01,k2,no,content/courses/data-graphs-g1/lessons/dgr1-01-01.json,You are sorting by color. Where does a red apple belong?,Red things,10,12,no,no,PASS,authored-specific-rationale|authored-specific-rationale,0,PASS,KEEP
data-graphs-g1,1,dgr1-01-01,k3,no,content/courses/data-graphs-g1/lessons/dgr1-01-01.json,A class wants to collect data about favorite fruits. Which is a good survey question?,Which fruit do you like best?,29,20,no,no,PASS,representation-read|authored-specific-rationale|authored-specific-rationale,0,PASS,KEEP
data-graphs-g1,1,dgr1-01-01,ch1,no,content/courses/data-graphs-g1/lessons/dgr1-01-01.json,A class wants to collect data about favorite colors. Which is a good survey question?,Which color do you like best?,29,20,no,no,PASS,representation-read|authored-specific-rationale|authored-specific-rationale,0,PASS,KEEP
data-graphs-g1,1,dgr1-01-01,rem-g1d-question-k,yes,content/courses/data-graphs-g1/lessons/dgr1-01-01.json,A class wants to collect data about favorite pets. Which is a good survey question?,Which pet do you like best?,27,20,no,no,PASS,authored-specific-rationale|representation-read|authored-specific-rationale,0,PASS,KEEP
data-graphs-g1,1,dgr1-01-02,k1,no,content/courses/data-graphs-g1/lessons/dgr1-01-02.json,You are sorting by what it does. Where does a toy car belong?,Things that roll,16,16,no,no,PASS,authored-specific-rationale|authored-specific-rationale,0,PASS,KEEP
data-graphs-g1,1,dgr1-01-02,k2,no,content/courses/data-graphs-g1/lessons/dgr1-01-02.json,A class wants to collect data about favorite sports. Which is a good survey question?,Which sport do you like best?,29,20,no,no,PASS,representation-read|authored-specific-rationale|authored-specific-rationale,0,PASS,KEEP
data-graphs-g1,1,dgr1-01-02,k3,no,content/courses/data-graphs-g1/lessons/dgr1-01-02.json,You are sorting by shape. Where does a triangle belong?,Shapes with 3 sides,19,19,no,no,PASS,authored-specific-rationale|authored-specific-rationale,0,PASS,KEEP
data-graphs-g1,1,dgr1-01-02,ch1,no,content/courses/data-graphs-g1/lessons/dgr1-01-02.json,You are sorting by color. Where does a red apple belong?,Red things,10,12,no,no,PASS,authored-specific-rationale|authored-specific-rationale,0,PASS,KEEP
data-graphs-g1,1,dgr1-01-02,rem-g1d-sort-k,yes,content/courses/data-graphs-g1/lessons/dgr1-01-02.json,You are sorting by what it does. Where does a toy car belong?,Things that roll,16,16,no,no,PASS,authored-specific-rationale|authored-specific-rationale,0,PASS,KEEP
data-graphs-g1,1,dgr1-02-01,k1,no,content/courses/data-graphs-g1/lessons/dgr1-02-01.json,"Votes: Cats 6, Dogs 3, Fish 5. Which got the MOST votes?",Cats,4,4,no,no,PASS,authored-specific-rationale|authored-specific-rationale,0,PASS,KEEP
data-graphs-g1,1,dgr1-02-01,ch1,no,content/courses/data-graphs-g1/lessons/dgr1-02-01.json,"Votes: Red 7, Blue 4, Green 2. Which got the MOST votes?",Red,3,5,no,no,PASS,authored-specific-rationale|authored-specific-rationale,0,PASS,KEEP
data-graphs-g1,1,dgr1-02-01,rem-g1d-build-pictograph-k,yes,content/courses/data-graphs-g1/lessons/dgr1-02-01.json,"Votes: Cats 6, Dogs 3, Fish 5. Which got the MOST votes?",Cats,4,4,no,no,PASS,authored-specific-rationale|authored-specific-rationale,0,PASS,KEEP
data-graphs-g1,1,dgr1-02-02,k3,no,content/courses/data-graphs-g1/lessons/dgr1-02-02.json,"Votes: Soccer 8, Tag 5, Jump rope 3. Which got the MOST votes?",Soccer,6,9,no,no,PASS,authored-specific-rationale|authored-specific-rationale,0,PASS,KEEP
data-graphs-g1,1,dgr1-02-03,k2,no,content/courses/data-graphs-g1/lessons/dgr1-02-03.json,"Votes: Cats 6, Dogs 3, Fish 5. Which got the MOST votes?",Cats,4,4,no,no,PASS,authored-specific-rationale|authored-specific-rationale,0,PASS,KEEP
data-graphs-g1,1,dgr1-02-04,k2,no,content/courses/data-graphs-g1/lessons/dgr1-02-04.json,"Votes: Pizza 7, Tacos 5, Soup 2. Which got the FEWEST votes?",Soup,4,5,no,no,PASS,authored-specific-rationale|authored-specific-rationale,0,PASS,KEEP
data-graphs-g1,1,dgr1-03-03,k1,no,content/courses/data-graphs-g1/lessons/dgr1-03-03.json,"Votes: Red 7, Blue 4, Green 2. Which got the MOST votes?",Red,3,5,no,no,PASS,authored-specific-rationale|authored-specific-rationale,0,PASS,KEEP
data-graphs-g1,1,dgr1-03-03,k2,no,content/courses/data-graphs-g1/lessons/dgr1-03-03.json,"Votes: Red 7, Blue 4, Green 2. Which got the FEWEST votes?",Green,5,4,no,no,PASS,authored-specific-rationale|authored-specific-rationale,0,PASS,KEEP
data-graphs-g1,1,dgr1-03-03,k3,no,content/courses/data-graphs-g1/lessons/dgr1-03-03.json,"Votes: Ham 3, Egg 6, Jam 5. Which got the MOST votes?",Egg,3,3,no,no,PASS,authored-specific-rationale|authored-specific-rationale,0,PASS,KEEP
data-graphs-g1,1,dgr1-03-03,ch1,no,content/courses/data-graphs-g1/lessons/dgr1-03-03.json,"Votes: Ham 3, Egg 6, Jam 5. Which got the FEWEST votes?",Ham,3,3,no,no,PASS,authored-specific-rationale|authored-specific-rationale,0,PASS,KEEP
data-graphs-g1,1,dgr1-03-03,rem-g1d-most-least-k,yes,content/courses/data-graphs-g1/lessons/dgr1-03-03.json,"Votes: Red 7, Blue 4, Green 2. Which got the MOST votes?",Red,3,5,no,no,PASS,authored-specific-rationale|authored-specific-rationale,0,PASS,KEEP
data-graphs-g1,1,dgr1-03-04,k1,no,content/courses/data-graphs-g1/lessons/dgr1-03-04.json,"Votes: Cats 8, Dogs 5, Fish 3. Which sentence tells the data's story truthfully?",Cats got the most votes,23,33,no,no,PASS,authored-specific-rationale|authored-specific-rationale|authored-specific-rationale,0,PASS,KEEP
data-graphs-g1,1,dgr1-03-04,k2,no,content/courses/data-graphs-g1/lessons/dgr1-03-04.json,"Votes: Sun 9, Rain 4, Snow 2. Which sentence tells the data's story truthfully?",Sun got the most votes,22,33,no,no,PASS,authored-specific-rationale|authored-specific-rationale|authored-specific-rationale,0,PASS,KEEP
data-graphs-g1,1,dgr1-03-04,k3,no,content/courses/data-graphs-g1/lessons/dgr1-03-04.json,"Votes: Ants 2, Bees 7, Moths 4. Which sentence tells the data's story truthfully?",Bees got the most votes,23,33,no,no,PASS,authored-specific-rationale|authored-specific-rationale|authored-specific-rationale,0,PASS,KEEP
data-graphs-g1,1,dgr1-03-04,ch1,no,content/courses/data-graphs-g1/lessons/dgr1-03-04.json,"Votes: Oak 5, Pine 8, Elm 3. Which sentence tells the data's story truthfully?",Pine got the most votes,23,33,no,no,PASS,authored-specific-rationale|authored-specific-rationale|authored-specific-rationale,0,PASS,KEEP
data-graphs-g1,1,dgr1-03-04,rem-g1d-interpret-k,yes,content/courses/data-graphs-g1/lessons/dgr1-03-04.json,"Votes: Cats 8, Dogs 5, Fish 3. Which sentence tells the data's story truthfully?",Cats got the most votes,23,33,no,no,PASS,authored-specific-rationale|authored-specific-rationale|authored-specific-rationale,0,PASS,KEEP
data-line-plots-g2,2,g2g-01-01,k1,no,content/courses/data-line-plots-g2/lessons/g2g-01-01.json,"To measure every ribbon in a group fairly, what must stay the SAME for all of them?",The unit — every ribbon in centimeters,38,34,no,no,PASS,unit-conversion|unit-conversion|unit-conversion,0,PASS,KEEP
data-line-plots-g2,2,g2g-01-01,rem-g2g-measure-group-k,yes,content/courses/data-line-plots-g2/lessons/g2g-01-01.json,"To measure every ribbon in a group fairly, what must stay the SAME for all of them?",The unit — every ribbon in centimeters,38,34,no,no,PASS,unit-conversion|unit-conversion|unit-conversion,0,PASS,KEEP
data-line-plots-g2,2,g2g-01-02,k1,no,content/courses/data-line-plots-g2/lessons/g2g-01-02.json,"You measured five ribbons: 6, 8, 6, 7, 6 cm. Which record keeps ALL the information?","6, 8, 6, 7, 6 — every measurement, repeats included",51,35,no,no,PASS,authored-specific-rationale|authored-specific-rationale|inside-vs-derivative,0,PASS,KEEP
data-line-plots-g2,2,g2g-01-02,k3,no,content/courses/data-line-plots-g2/lessons/g2g-01-02.json,"You measured five ribbons: 6, 8, 6, 7, 6 cm. Which record keeps ALL the information?","6, 8, 6, 7, 6 — every measurement, repeats included",51,35,no,no,PASS,authored-specific-rationale|authored-specific-rationale|inside-vs-derivative,0,PASS,KEEP
data-line-plots-g2,2,g2g-01-02,rem-g2g-record-k,yes,content/courses/data-line-plots-g2/lessons/g2g-01-02.json,"You measured five ribbons: 6, 8, 6, 7, 6 cm. Which record keeps ALL the information?","6, 8, 6, 7, 6 — every measurement, repeats included",51,35,no,no,PASS,authored-specific-rationale|authored-specific-rationale|inside-vs-derivative,0,PASS,KEEP
data-line-plots-g2,2,g2g-01-03,k3,no,content/courses/data-line-plots-g2/lessons/g2g-01-03.json,"You measured five ribbons: 6, 8, 6, 7, 6 cm. Which record keeps ALL the information?","6, 8, 6, 7, 6 — every measurement, repeats included",51,35,no,no,PASS,authored-specific-rationale|authored-specific-rationale|inside-vs-derivative,0,PASS,KEEP
data-line-plots-g2,2,g2g-01-05,k1,no,content/courses/data-line-plots-g2/lessons/g2g-01-05.json,"A line plot shows stacks of 2, 5, 3, and 1 x's above 5, 6, 7, and 8 inches. Which measurement is most common?",6 inches — its stack is tallest,31,28,no,no,PASS,unit-conversion|unit-conversion|authored-specific-rationale,0,PASS,KEEP
data-line-plots-g2,2,g2g-01-05,k3,no,content/courses/data-line-plots-g2/lessons/g2g-01-05.json,"A line plot shows stacks of 2, 6, 3, and 1 x's above 5, 6, 7, and 8 inches. Which measurement is most common?",6 inches — its stack is tallest,31,28,no,no,PASS,unit-conversion|unit-conversion|authored-specific-rationale,0,PASS,KEEP
data-line-plots-g2,2,g2g-01-05,rem-g2g-mode-k,yes,content/courses/data-line-plots-g2/lessons/g2g-01-05.json,"A line plot shows stacks of 2, 5, 3, and 1 x's above 5, 6, 7, and 8 inches. Which measurement is most common?",6 inches — its stack is tallest,31,28,no,no,PASS,unit-conversion|unit-conversion|authored-specific-rationale,0,PASS,KEEP
data-line-plots-g2,2,g2g-02-01,k3,no,content/courses/data-line-plots-g2/lessons/g2g-02-01.json,The class voted for a field-trip spot among four choices. Which display fits the votes?,A bar graph or picture graph,28,30,no,no,PASS,place-value|authored-specific-rationale|authored-specific-rationale,0,PASS,KEEP
data-line-plots-g2,2,g2g-02-03,k3,no,content/courses/data-line-plots-g2/lessons/g2g-02-03.json,You measured 20 ribbons to the nearest centimeter and want to see which lengths repeat. Which display fits?,A line plot over a number line,30,34,no,no,PASS,unit-conversion|inside-vs-derivative|authored-specific-rationale,0,PASS,KEEP
data-line-plots-g2,2,g2g-03-03,k1,no,content/courses/data-line-plots-g2/lessons/g2g-03-03.json,You measured 20 ribbons to the nearest centimeter and want to see which lengths repeat. Which display fits?,A line plot over a number line,30,34,no,no,PASS,unit-conversion|inside-vs-derivative|authored-specific-rationale,0,PASS,KEEP
data-line-plots-g2,2,g2g-03-03,k2,no,content/courses/data-line-plots-g2/lessons/g2g-03-03.json,The class voted for a field-trip spot among four choices. Which display fits the votes?,A bar graph or picture graph,28,30,no,no,PASS,place-value|authored-specific-rationale|authored-specific-rationale,0,PASS,KEEP
data-line-plots-g2,2,g2g-03-03,k3,no,content/courses/data-line-plots-g2/lessons/g2g-03-03.json,"A line plot shows stacks of 2, 4, 3, and 1 x's above 5, 6, 7, and 8 inches. Which measurement is most common?",6 inches — its stack is tallest,31,28,no,no,PASS,unit-conversion|unit-conversion|authored-specific-rationale,0,PASS,KEEP
data-line-plots-g2,2,g2g-03-03,rem-g2g-choose-graph-k,yes,content/courses/data-line-plots-g2/lessons/g2g-03-03.json,You measured 20 ribbons to the nearest centimeter and want to see which lengths repeat. Which display fits?,A line plot over a number line,30,34,no,no,PASS,unit-conversion|inside-vs-derivative|authored-specific-rationale,0,PASS,KEEP
decimal-fluency-g5,5,g5d-01-02,k1,no,content/courses/decimal-fluency-g5/lessons/g5d-01-02.json,"Adding 3.4 + 2.25, why line up the decimal points rather than the right-hand digits?",Matching place values line up,29,44,no,no,PASS,place-value|authored-specific-rationale|authored-specific-rationale,0,PASS,KEEP
decimal-fluency-g5,5,g5d-01-02,k3,no,content/courses/decimal-fluency-g5/lessons/g5d-01-02.json,"Adding 3.4 + 2.25, why line up the decimal points rather than the right-hand digits?",Matching place values line up,29,44,no,no,PASS,place-value|authored-specific-rationale|authored-specific-rationale,0,PASS,KEEP
decimal-fluency-g5,5,g5d-01-02,rem-g5dc-align-k,yes,content/courses/decimal-fluency-g5/lessons/g5d-01-02.json,"Adding 3.4 + 2.25, why line up the decimal points rather than the right-hand digits?",Matching place values line up,29,44,no,no,PASS,place-value|authored-specific-rationale|authored-specific-rationale,0,PASS,KEEP
decimal-fluency-g5,5,g5d-01-03,k1,no,content/courses/decimal-fluency-g5/lessons/g5d-01-03.json,"Subtracting 5.2 − 1.47, what does writing 5.2 as 5.20 do?",It fills the hundredths place,29,23,no,no,PASS,authored-specific-rationale|authored-specific-rationale|authored-specific-rationale,0,PASS,KEEP
decimal-fluency-g5,5,g5d-01-03,rem-g5dc-add-ragged-k,yes,content/courses/decimal-fluency-g5/lessons/g5d-01-03.json,"Subtracting 5.2 − 1.47, what does writing 5.2 as 5.20 do?",It fills the hundredths place,29,23,no,no,PASS,authored-specific-rationale|authored-specific-rationale|authored-specific-rationale,0,PASS,KEEP
decimal-fluency-g5,5,g5d-01-04,k3,no,content/courses/decimal-fluency-g5/lessons/g5d-01-04.json,"Adding 3.4 + 2.25, why line up the decimal points rather than the right-hand digits?",Matching place values line up,29,44,no,no,PASS,place-value|authored-specific-rationale|authored-specific-rationale,0,PASS,KEEP
decimal-fluency-g5,5,g5d-01-05,k1,no,content/courses/decimal-fluency-g5/lessons/g5d-01-05.json,"Subtracting 5.2 − 1.47, what does writing 5.2 as 5.20 do?",It fills the hundredths place,29,23,no,no,PASS,authored-specific-rationale|authored-specific-rationale|authored-specific-rationale,0,PASS,KEEP
decimal-fluency-g5,5,g5d-01-05,ch1,no,content/courses/decimal-fluency-g5/lessons/g5d-01-05.json,"Subtracting 5.2 − 1.47, what does writing 5.2 as 5.20 do?",It fills the hundredths place,29,23,no,no,PASS,authored-specific-rationale|authored-specific-rationale|authored-specific-rationale,0,PASS,KEEP
decimal-fluency-g5,5,g5d-01-05,rem-g5dc-pad-k,yes,content/courses/decimal-fluency-g5/lessons/g5d-01-05.json,"Subtracting 5.2 − 1.47, what does writing 5.2 as 5.20 do?",It fills the hundredths place,29,23,no,no,PASS,authored-specific-rationale|authored-specific-rationale|authored-specific-rationale,0,PASS,KEEP
decimal-fluency-g5,5,g5d-01-06,k3,no,content/courses/decimal-fluency-g5/lessons/g5d-01-06.json,"Before computing 4.9 × 6, which estimate is most useful?","5 × 6 = 30, so a little under 30",32,53,no,no,PASS,unit-conversion|operation-swap|authored-specific-rationale,0,PASS,KEEP
decimal-fluency-g5,5,g5d-02-01,k1,no,content/courses/decimal-fluency-g5/lessons/g5d-02-01.json,"Before computing 4.9 × 6, which estimate is most useful?","5 × 6 = 30, so a little under 30",32,53,no,no,PASS,unit-conversion|operation-swap|authored-specific-rationale,0,PASS,KEEP
decimal-fluency-g5,5,g5d-02-01,k3,no,content/courses/decimal-fluency-g5/lessons/g5d-02-01.json,A student computes 3.6 × 4 and gets 1.44. What does an estimate reveal?,Wrong — the product should be near 14,37,40,no,no,PASS,authored-specific-rationale|place-value|authored-specific-rationale,0,PASS,KEEP
decimal-fluency-g5,5,g5d-02-01,rem-g5dc-estimate-product-k,yes,content/courses/decimal-fluency-g5/lessons/g5d-02-01.json,"Before computing 4.9 × 6, which estimate is most useful?","5 × 6 = 30, so a little under 30",32,53,no,no,PASS,unit-conversion|operation-swap|authored-specific-rationale,0,PASS,KEEP
decimal-fluency-g5,5,g5d-02-02,k1,no,content/courses/decimal-fluency-g5/lessons/g5d-02-02.json,Computing 0.4 × 0.3 in hundredths gives 12. Where does the point go?,0.12 — two decimal places,25,28,no,no,PASS,place-value|place-value|place-value,0,PASS,KEEP
decimal-fluency-g5,5,g5d-02-02,k3,no,content/courses/decimal-fluency-g5/lessons/g5d-02-02.json,Computing 0.4 × 0.3 in hundredths gives 12. Where does the point go?,0.12 — two decimal places,25,28,no,no,PASS,place-value|place-value|place-value,0,PASS,KEEP
decimal-fluency-g5,5,g5d-02-02,ch1,no,content/courses/decimal-fluency-g5/lessons/g5d-02-02.json,"Before computing 4.9 × 6, which estimate is most useful?","5 × 6 = 30, so a little under 30",32,53,no,no,PASS,unit-conversion|operation-swap|authored-specific-rationale,0,PASS,KEEP
decimal-fluency-g5,5,g5d-02-02,rem-g5dc-mult-decimal-k,yes,content/courses/decimal-fluency-g5/lessons/g5d-02-02.json,Computing 0.4 × 0.3 in hundredths gives 12. Where does the point go?,0.12 — two decimal places,25,28,no,no,PASS,place-value|place-value|place-value,0,PASS,KEEP
decimal-fluency-g5,5,g5d-02-03,k1,no,content/courses/decimal-fluency-g5/lessons/g5d-02-03.json,Computing 0.4 × 0.3 in hundredths gives 12. Where does the point go?,0.12 — two decimal places,25,28,no,no,PASS,place-value|place-value|place-value,0,PASS,KEEP
decimal-fluency-g5,5,g5d-02-03,k3,no,content/courses/decimal-fluency-g5/lessons/g5d-02-03.json,A student computes 3.6 × 4 and gets 1.44. What does an estimate reveal?,Wrong — the product should be near 14,37,40,no,no,PASS,authored-specific-rationale|place-value|authored-specific-rationale,0,PASS,KEEP
decimal-fluency-g5,5,g5d-02-03,rem-g5dc-place-point-k,yes,content/courses/decimal-fluency-g5/lessons/g5d-02-03.json,Computing 0.4 × 0.3 in hundredths gives 12. Where does the point go?,0.12 — two decimal places,25,28,no,no,PASS,place-value|place-value|place-value,0,PASS,KEEP
decimal-fluency-g5,5,g5d-02-04,k3,no,content/courses/decimal-fluency-g5/lessons/g5d-02-04.json,A student computes 3.6 × 4 and gets 1.44. What does an estimate reveal?,Wrong — the product should be near 14,37,40,no,no,PASS,authored-specific-rationale|place-value|authored-specific-rationale,0,PASS,KEEP
decimal-fluency-g5,5,g5d-02-05,k1,no,content/courses/decimal-fluency-g5/lessons/g5d-02-05.json,"To compute 7.2 ÷ 0.9, why multiply BOTH numbers by 10 first?",Scaling both numbers keeps the quotient unchanged,49,44,no,no,PASS,authored-specific-rationale|authored-specific-rationale|authored-specific-rationale,0,PASS,KEEP
decimal-fluency-g5,5,g5d-02-05,k3,no,content/courses/decimal-fluency-g5/lessons/g5d-02-05.json,"To compute 7.2 ÷ 0.9, why multiply BOTH numbers by 10 first?",Scaling both numbers keeps the quotient unchanged,49,44,no,no,PASS,authored-specific-rationale|authored-specific-rationale|authored-specific-rationale,0,PASS,KEEP
decimal-fluency-g5,5,g5d-02-05,rem-g5dc-div-decimal-k,yes,content/courses/decimal-fluency-g5/lessons/g5d-02-05.json,"To compute 7.2 ÷ 0.9, why multiply BOTH numbers by 10 first?",Scaling both numbers keeps the quotient unchanged,49,44,no,no,PASS,authored-specific-rationale|authored-specific-rationale|authored-specific-rationale,0,PASS,KEEP
decimal-fluency-g5,5,g5d-03-01,k1,no,content/courses/decimal-fluency-g5/lessons/g5d-03-01.json,"To compute 7.2 ÷ 0.9, why multiply BOTH numbers by 10 first?",Scaling both numbers keeps the quotient unchanged,49,44,no,no,PASS,authored-specific-rationale|authored-specific-rationale|authored-specific-rationale,0,PASS,KEEP
decimal-fluency-g5,5,g5d-03-01,k3,no,content/courses/decimal-fluency-g5/lessons/g5d-03-01.json,Computing 0.4 × 0.3 in hundredths gives 12. Where does the point go?,0.12 — two decimal places,25,28,no,no,PASS,place-value|place-value|place-value,0,PASS,KEEP
decimal-fluency-g5,5,g5d-03-01,rem-g5dc-shift-k,yes,content/courses/decimal-fluency-g5/lessons/g5d-03-01.json,"To compute 7.2 ÷ 0.9, why multiply BOTH numbers by 10 first?",Scaling both numbers keeps the quotient unchanged,49,44,no,no,PASS,authored-specific-rationale|authored-specific-rationale|authored-specific-rationale,0,PASS,KEEP
decimal-fluency-g5,5,g5d-03-02,k1,no,content/courses/decimal-fluency-g5/lessons/g5d-03-02.json,A student computes 3.6 × 4 and gets 1.44. What does an estimate reveal?,Wrong — the product should be near 14,37,40,no,no,PASS,authored-specific-rationale|place-value|authored-specific-rationale,0,PASS,KEEP
decimal-fluency-g5,5,g5d-03-02,k3,no,content/courses/decimal-fluency-g5/lessons/g5d-03-02.json,"Before computing 4.9 × 6, which estimate is most useful?","5 × 6 = 30, so a little under 30",32,53,no,no,PASS,unit-conversion|operation-swap|authored-specific-rationale,0,PASS,KEEP
decimal-fluency-g5,5,g5d-03-02,rem-g5dc-check-k,yes,content/courses/decimal-fluency-g5/lessons/g5d-03-02.json,A student computes 3.6 × 4 and gets 1.44. What does an estimate reveal?,Wrong — the product should be near 14,37,40,no,no,PASS,authored-specific-rationale|place-value|authored-specific-rationale,0,PASS,KEEP
decimal-fluency-g5,5,g5d-03-05,k3,no,content/courses/decimal-fluency-g5/lessons/g5d-03-05.json,A student computes 3.6 × 4 and gets 1.44. What does an estimate reveal?,Wrong — the product should be near 14,37,40,no,no,PASS,authored-specific-rationale|place-value|authored-specific-rationale,0,PASS,KEEP
decimal-operations,5,dop-01-01,i2,no,content/courses/decimal-operations/lessons/dop-01-01.json,What is 6 + 8 ÷ 2?,10,2,1,no,no,PASS,authored-specific-rationale|authored-specific-rationale,0,PASS,KEEP
decimal-operations,5,dop-01-03,i2,no,content/courses/decimal-operations/lessons/dop-01-03.json,"Without computing it, what does 3 × (12 + 7) represent?",Three times the sum of 12 and 7,31,37,no,no,PASS,authored-specific-rationale|representation-read,0,PASS,KEEP
decimal-operations,5,dop-01-03,k3,no,content/courses/decimal-operations/lessons/dop-01-03.json,Which words match (8 + 2) × 5?,Five times the sum of 8 and 2,29,21,no,no,PASS,authored-specific-rationale|authored-specific-rationale,0,PASS,KEEP
decimal-operations,5,dop-02-01,i2,no,content/courses/decimal-operations/lessons/dop-02-01.json,"To find 52 × 7 with partial products, which split do you use?",(50 × 7) + (2 × 7),18,19,no,no,PASS,authored-specific-rationale|authored-specific-rationale,0,PASS,KEEP
decimal-operations,5,dop-02-02,i2,no,content/courses/decimal-operations/lessons/dop-02-02.json,"In the standard algorithm, why do you carry a digit from the ones step into the tens step?",The ones product spilled past 9 into the tens place,51,31,yes,no,FAIL,place-value|place-value,0,PASS,REMEDIATE
decimal-operations,5,dop-02-03,i2,no,content/courses/decimal-operations/lessons/dop-02-03.json,Why does the second row of a 2-digit × 2-digit product start with a 0 in the ones place?,"Because that row multiplies by the tens digit, which stands for a multiple of ten",81,47,yes,no,FAIL,place-value|place-value,0,PASS,REMEDIATE
decimal-operations,5,dop-03-01,i2,no,content/courses/decimal-operations/lessons/dop-03-01.json,What does an estimate give you before you do the full division?,"A rough size for the answer, to catch big mistakes",50,19,yes,no,FAIL,authored-specific-rationale|authored-specific-rationale,0,PASS,REMEDIATE
decimal-operations,5,dop-04-03,i2,no,content/courses/decimal-operations/lessons/dop-04-03.json,"""A trail is 5.0 km. You've walked 2.35 km. How much is LEFT?"" What operation finds the answer?",Subtract: 5.0 − 2.35,20,27,no,no,PASS,authored-specific-rationale|authored-specific-rationale,0,PASS,KEEP
decimal-operations,5,dop-05-01,i2,no,content/courses/decimal-operations/lessons/dop-05-01.json,"In the product 1.2 × 0.5, how many decimal places should the answer have?",Two,3,4,no,no,PASS,authored-specific-rationale|authored-specific-rationale,0,PASS,KEEP
decimal-operations,5,dop-05-02,i2,no,content/courses/decimal-operations/lessons/dop-05-02.json,"4.2 × 0.3: the digits give 42 × 3 = 126. Estimating 4 × 0.3 ≈ 1.2, which product is right?",1.26,4,5,no,no,PASS,place-value|place-value,0,PASS,KEEP
decimals-intro-g4,4,dg4-01-01,k3,no,content/courses/decimals-intro-g4/lessons/dg4-01-01.json,Which fraction names the same amount as 0.4?,4/10,4,5,no,no,PASS,fraction-denominator|authored-specific-rationale|fraction-denominator,0,PASS,KEEP
decimals-intro-g4,4,dg4-01-02,k2,no,content/courses/decimals-intro-g4/lessons/dg4-01-02.json,Which fraction names the same amount as 0.9?,9/10,4,5,no,no,PASS,fraction-denominator|authored-specific-rationale|fraction-denominator,0,PASS,KEEP
decimals-intro-g4,4,dg4-01-03,k2,no,content/courses/decimals-intro-g4/lessons/dg4-01-03.json,Which fraction names the same amount as 0.6?,6/10,4,5,no,no,PASS,fraction-denominator|authored-specific-rationale|fraction-denominator,0,PASS,KEEP
decimals-intro-g4,4,dg4-01-04,k1,no,content/courses/decimals-intro-g4/lessons/dg4-01-04.json,Which fraction names the same amount as 0.7?,7/10,4,5,no,no,PASS,fraction-denominator|authored-specific-rationale|fraction-denominator,0,PASS,KEEP
decimals-intro-g4,4,dg4-01-04,k3,no,content/courses/decimals-intro-g4/lessons/dg4-01-04.json,Which fraction names the same amount as 0.2?,2/10,4,5,no,no,PASS,fraction-denominator|authored-specific-rationale|fraction-denominator,0,PASS,KEEP
decimals-intro-g4,4,dg4-01-06,k3,no,content/courses/decimals-intro-g4/lessons/dg4-01-06.json,How is the decimal 0.07 read as a number name?,7 hundredths,12,13,no,no,PASS,place-value|representation-read|authored-specific-rationale,0,PASS,KEEP
decimals-intro-g4,4,dg4-02-04,k1,no,content/courses/decimals-intro-g4/lessons/dg4-02-04.json,How is the decimal 0.62 read as a number name?,62 hundredths,13,12,no,no,PASS,authored-specific-rationale|place-value|authored-specific-rationale,0,PASS,KEEP
decimals-intro-g4,4,dg4-02-04,k2,no,content/courses/decimals-intro-g4/lessons/dg4-02-04.json,How is the decimal 0.09 read as a number name?,9 hundredths,12,13,no,no,PASS,place-value|representation-read|authored-specific-rationale,0,PASS,KEEP
decimals-intro-g4,4,dg4-02-04,k3,no,content/courses/decimals-intro-g4/lessons/dg4-02-04.json,How is the decimal 0.45 read as a number name?,45 hundredths,13,12,no,no,PASS,authored-specific-rationale|place-value|authored-specific-rationale,0,PASS,KEEP
decimals-intro-g4,4,dg4-02-04,ch1,no,content/courses/decimals-intro-g4/lessons/dg4-02-04.json,How is the decimal 0.03 read as a number name?,3 hundredths,12,13,no,no,PASS,place-value|representation-read|authored-specific-rationale,0,PASS,KEEP
decimals-intro-g4,4,dg4-02-04,rem-g4d-read-decimal-k,yes,content/courses/decimals-intro-g4/lessons/dg4-02-04.json,How is the decimal 0.62 read as a number name?,62 hundredths,13,12,no,no,PASS,authored-specific-rationale|place-value|authored-specific-rationale,0,PASS,KEEP
decimals-intro-g4,4,dg4-02-05,k1,no,content/courses/decimals-intro-g4/lessons/dg4-02-05.json,"In the decimal 0.58, which place does the digit 5 occupy?",tenths,6,10,no,no,PASS,authored-specific-rationale|place-value|place-value,0,PASS,KEEP
decimals-intro-g4,4,dg4-02-05,k2,no,content/courses/decimals-intro-g4/lessons/dg4-02-05.json,"In the decimal 0.27, which place does the digit 7 occupy?",hundredths,10,6,no,no,PASS,authored-specific-rationale|place-value|place-value,0,PASS,KEEP
decimals-intro-g4,4,dg4-02-05,k3,no,content/courses/decimals-intro-g4/lessons/dg4-02-05.json,"In the decimal 0.91, which place does the digit 9 occupy?",tenths,6,10,no,no,PASS,authored-specific-rationale|place-value|place-value,0,PASS,KEEP
decimals-intro-g4,4,dg4-02-05,ch1,no,content/courses/decimals-intro-g4/lessons/dg4-02-05.json,"In the decimal 0.36, which place does the digit 6 occupy?",hundredths,10,6,no,no,PASS,authored-specific-rationale|place-value|place-value,0,PASS,KEEP
decimals-intro-g4,4,dg4-02-05,rem-g4d-place-names-k,yes,content/courses/decimals-intro-g4/lessons/dg4-02-05.json,"In the decimal 0.58, which place does the digit 5 occupy?",tenths,6,10,no,no,PASS,authored-specific-rationale|place-value|place-value,0,PASS,KEEP
decimals-intro-g4,4,dg4-03-01,k1,no,content/courses/decimals-intro-g4/lessons/dg4-03-01.json,Which fraction names the same amount as 0.43?,43/100,6,6,no,no,PASS,fraction-denominator|authored-specific-rationale|place-value,0,PASS,KEEP
decimals-intro-g4,4,dg4-03-01,k2,no,content/courses/decimals-intro-g4/lessons/dg4-03-01.json,Which fraction names the same amount as 0.76?,76/100,6,6,no,no,PASS,fraction-denominator|authored-specific-rationale|place-value,0,PASS,KEEP
decimals-intro-g4,4,dg4-03-01,k3,no,content/courses/decimals-intro-g4/lessons/dg4-03-01.json,Which fraction names the same amount as 0.19?,19/100,6,6,no,no,PASS,fraction-denominator|authored-specific-rationale|place-value,0,PASS,KEEP
decimals-intro-g4,4,dg4-03-01,ch1,no,content/courses/decimals-intro-g4/lessons/dg4-03-01.json,Which fraction names the same amount as 0.88?,88/100,6,5,no,no,PASS,fraction-denominator|authored-specific-rationale|authored-specific-rationale,0,PASS,KEEP
decimals-place-value,5,dpv-01-01,k1,no,content/courses/decimals-place-value/lessons/dpv-01-01.json,Which fraction equals 0.7?,7/10,4,5,no,no,PASS,authored-specific-rationale|authored-specific-rationale|authored-specific-rationale,0,PASS,KEEP
decimals-place-value,5,dpv-01-01,k3,no,content/courses/decimals-place-value/lessons/dpv-01-01.json,"Which lists 0.3, 0.7, and 0.5 from LEAST to greatest?","0.3, 0.5, 0.7",13,13,no,no,PASS,authored-specific-rationale|authored-specific-rationale|authored-specific-rationale,0,PASS,KEEP
decimals-place-value,5,dpv-01-01,rem-ti-k,yes,content/courses/decimals-place-value/lessons/dpv-01-01.json,"5 of 10 equal parts are shaded. As a decimal, that's:",0.5,3,4,no,no,PASS,authored-specific-rationale|authored-specific-rationale,0,PASS,KEEP
decimals-place-value,5,dpv-01-02,k2,no,content/courses/decimals-place-value/lessons/dpv-01-02.json,"In the number 0.375, which digit is in the THOUSANDTHS place?",5 — the third place after the point,35,22,no,no,PASS,authored-specific-rationale|authored-specific-rationale|place-value,0,PASS,KEEP
decimals-place-value,5,dpv-01-02,rem-sr-k,yes,content/courses/decimals-place-value/lessons/dpv-01-02.json,"In 0.04, the digit 4 is in which place?",Hundredths,10,11,no,no,PASS,authored-specific-rationale|authored-specific-rationale,0,PASS,KEEP
decimals-place-value,5,dpv-02-01,i1,no,content/courses/decimals-place-value/lessons/dpv-02-01.json,"In 0.28, which place is the 8 in?",Hundredths — the second place after the point,45,11,yes,yes,FAIL,authored-specific-rationale|authored-specific-rationale|place-value,0,PASS,REMEDIATE
decimals-place-value,5,dpv-02-01,k3,no,content/courses/decimals-place-value/lessons/dpv-02-01.json,How do you read 0.6 aloud?,Six tenths,10,14,no,no,PASS,authored-specific-rationale|authored-specific-rationale|authored-specific-rationale,0,PASS,KEEP
decimals-place-value,5,dpv-02-01,rem-dpn-k,yes,content/courses/decimals-place-value/lessons/dpv-02-01.json,The FIRST place right of the decimal point is called:,Tenths,6,10,no,no,PASS,authored-specific-rationale|place-value,0,PASS,KEEP
decimals-place-value,5,dpv-02-02,rem-def-k,yes,content/courses/decimals-place-value/lessons/dpv-02-02.json,The expanded form of 0.5 is:,5/10,4,6,no,no,PASS,authored-specific-rationale|authored-specific-rationale,0,PASS,KEEP
decimals-place-value,5,dpv-02-03,i1,no,content/courses/decimals-place-value/lessons/dpv-02-03.json,"0.28 is read ""twenty-eight ___."" Which place name fills the blank?",hundredths,10,14,no,no,PASS,authored-specific-rationale|authored-specific-rationale|place-value,0,PASS,KEEP
decimals-place-value,5,dpv-02-03,rem-dwf-k,yes,content/courses/decimals-place-value/lessons/dpv-02-03.json,How do you say 0.7 in words?,seven tenths,12,16,no,no,PASS,authored-specific-rationale|authored-specific-rationale,0,PASS,KEEP
decimals-place-value,5,dpv-03-02,i1,no,content/courses/decimals-place-value/lessons/dpv-03-02.json,Which statement about 0.5 and 0.50 is true?,They are equal,14,35,no,no,PASS,authored-specific-rationale|authored-specific-rationale,0,PASS,KEEP
decimals-place-value,5,dpv-03-02,k1,no,content/courses/decimals-place-value/lessons/dpv-03-02.json,"0.4, 0.40, and 0.400 — how do they compare?",All three are equal,19,20,no,no,PASS,authored-specific-rationale|authored-specific-rationale,0,PASS,KEEP
decimals-place-value,5,dpv-03-02,k3,no,content/courses/decimals-place-value/lessons/dpv-03-02.json,Are 0.5 and 0.05 equal?,No — 0.05 is ten times smaller,30,29,no,yes,FAIL,authored-specific-rationale|authored-specific-rationale,0,PASS,REMEDIATE
decimals-place-value,5,dpv-03-02,rem-tz-k,yes,content/courses/decimals-place-value/lessons/dpv-03-02.json,Is 0.3 equal to 0.30?,Yes — they're equal,19,19,no,yes,FAIL,authored-specific-rationale|sign-direction,0,PASS,REMEDIATE
decimals-place-value,5,dpv-03-03,rem-od-k,yes,content/courses/decimals-place-value/lessons/dpv-03-03.json,Which is less: 0.5 or 0.42?,0.42,4,5,no,no,PASS,authored-specific-rationale|authored-specific-rationale,0,PASS,KEEP
decimals-place-value,5,dpv-04-02,i2,no,content/courses/decimals-place-value/lessons/dpv-04-02.json,"To round 2.735 to the nearest hundredth, which digit do you check?",The thousandths digit (5),25,24,no,no,PASS,authored-specific-rationale|authored-specific-rationale|place-value,0,PASS,KEEP
derivative-rules,13,dr-01-01,k1,no,content/courses/derivative-rules/lessons/dr-01-01.json,You traced f′ for f(x) = x². What kind of object is f′?,"A function — one slope for each input, here f′(x) = 2x.",55,34,yes,no,FAIL,rate-vs-start|rate-vs-start|authored-specific-rationale,0,PASS,REMEDIATE
derivative-rules,13,dr-01-01,k2,no,content/courses/derivative-rules/lessons/dr-01-01.json,f(x) = x². Simplify [f(x+h) − f(x)]/h before taking the limit.,2x + h,6,7,no,no,PASS,authored-specific-rationale|authored-specific-rationale|authored-specific-rationale,0,PASS,KEEP
derivative-rules,13,dr-01-02,k1,no,content/courses/derivative-rules/lessons/dr-01-02.json,"For f(x) = x³, f′(0) = 0. Does f have a peak or a valley at x = 0?",Neither — it flattens and keeps climbing. f′ never changes sign.,64,42,yes,yes,FAIL,authored-specific-rationale|authored-specific-rationale|sign-direction,0,PASS,REMEDIATE
derivative-rules,13,dr-01-02,rk1,yes,content/courses/derivative-rules/lessons/dr-01-02.json,f′(x) = 3x² is zero at x = 0. Is x = 0 a turning point of f?,"No — f′ is positive on both sides, so f keeps rising.",53,38,no,no,PASS,sign-direction,0,PASS,KEEP
derivative-rules,13,dr-01-03,k1,no,content/courses/derivative-rules/lessons/dr-01-03.json,|x| is continuous at x = 0 but has no derivative there. What does that tell you?,"Continuity is necessary for differentiability, but not sufficient.",66,52,no,no,PASS,authored-specific-rationale|rate-vs-start|rate-vs-start,0,PASS,KEEP
derivative-rules,13,dr-01-03,k3,no,content/courses/derivative-rules/lessons/dr-01-03.json,You magnify a graph at a point and it becomes indistinguishable from a straight line. What have you shown?,f is differentiable there — locally straight is what having a derivative looks like.,84,46,yes,no,FAIL,authored-specific-rationale|rate-vs-start|authored-specific-rationale,0,PASS,REMEDIATE
derivative-rules,13,dr-01-03,rk1,yes,content/courses/derivative-rules/lessons/dr-01-03.json,"At the corner of |x|, the left slope is −1 and the right slope is +1. Does f′(0) exist?","No — the two sides disagree, so the limit has no single value.",62,27,yes,no,FAIL,authored-specific-rationale,0,PASS,REMEDIATE
derivative-rules,13,dr-02-02,k1,no,content/courses/derivative-rules/lessons/dr-02-02.json,Why is d/dx[x² + 7] the same as d/dx[x²]?,"Adding 7 raises the whole curve without tilting it, so every slope is unchanged.",80,42,yes,no,FAIL,authored-specific-rationale|rate-vs-start|authored-specific-rationale,0,PASS,REMEDIATE
derivative-rules,13,dr-02-03,k2,no,content/courses/derivative-rules/lessons/dr-02-03.json,"At time t, a car has f′(t) = 20 and f″(t) = −4. What is it doing?","Moving forward, and slowing down.",33,31,no,no,PASS,authored-specific-rationale|sign-direction|authored-specific-rationale,0,PASS,KEEP
derivative-rules,13,dr-02-03,k3,no,content/courses/derivative-rules/lessons/dr-02-03.json,f(x) = x² has f′(0) = 0 and f″(0) = 2. What is at x = 0?,"A minimum — flat, and bending upward.",37,37,no,yes,FAIL,sign-direction|authored-specific-rationale|authored-specific-rationale,0,PASS,REMEDIATE
derivative-rules,13,dr-03-02,rk1,yes,content/courses/derivative-rules/lessons/dr-03-02.json,Which is the correct numerator of (u/v)′?,u′v − uv′,9,9,no,no,PASS,sign-direction,0,PASS,KEEP
derivative-rules,13,dr-03-03,rk1,yes,content/courses/derivative-rules/lessons/dr-03-03.json,How would you differentiate (x + 1)(x + 2)?,"Expand to x² + 3x + 2, or use the product rule — both give 2x + 3.",66,36,yes,yes,FAIL,authored-specific-rationale,0,PASS,REMEDIATE
derivative-rules,13,dr-04-01,k1,no,content/courses/derivative-rules/lessons/dr-04-01.json,"For f(x) = (3x + 1)⁵, what is the derivative?",15(3x + 1)⁴,11,11,no,no,PASS,authored-specific-rationale|exponent-rule|exponent-rule,0,PASS,KEEP
derivative-rules,13,dr-04-02,k1,no,content/courses/derivative-rules/lessons/dr-04-02.json,How many factors will the derivative of √((2x + 1)³) have?,"Three — one for the root, one for the cube, one for the bracket.",64,37,yes,no,FAIL,inside-vs-derivative|exponent-rule|authored-specific-rationale,0,PASS,REMEDIATE
derivative-rules,13,dr-04-02,k3,no,content/courses/derivative-rules/lessons/dr-04-02.json,Differentiating y² with respect to x gives what?,2y·(dy/dx),10,22,no,no,PASS,inside-vs-derivative|exponent-rule|authored-specific-rationale,0,PASS,KEEP
derivative-rules,13,dr-04-02,rk1,yes,content/courses/derivative-rules/lessons/dr-04-02.json,Differentiate y³ with respect to x.,3y²·(dy/dx),11,3,no,no,PASS,inside-vs-derivative,0,PASS,KEEP
derivative-rules,13,dr-04-03,k1,no,content/courses/derivative-rules/lessons/dr-04-03.json,"On x² + y² = 25, why does dy/dx = −x/y depend on y as well as x?","Because the curve has two points above most x-values, with opposite slopes — and only y can distinguish them.",109,62,yes,no,FAIL,inside-vs-derivative|authored-specific-rationale|authored-specific-rationale,0,PASS,REMEDIATE
derivative-rules,13,dr-05-02,k2,no,content/courses/derivative-rules/lessons/dr-05-02.json,Why does (cos x)′ = −sin x carry a minus sign?,"Just past x = 0 the cosine is falling, so its derivative must be negative — and sin x is positive there.",104,38,yes,yes,FAIL,sign-direction|authored-specific-rationale|sign-direction,0,PASS,REMEDIATE
derivative-rules,13,dr-05-03,k2,no,content/courses/derivative-rules/lessons/dr-05-03.json,f(3) = 10 and f′(3) = 5. What is (f⁻¹)′(10)?,1/5,3,4,no,no,PASS,fraction-denominator|authored-specific-rationale|authored-specific-rationale,0,PASS,KEEP
derivatives-in-context,13,dc-01-01,k3,no,content/courses/derivatives-in-context/lessons/dc-01-01.json,At t = 2: v = −3 and a = 0. What is the particle doing?,"Moving backward at a steady speed, for that instant.",52,13,yes,no,FAIL,sign-direction|sign-direction|authored-specific-rationale,0,PASS,REMEDIATE
derivatives-in-context,13,dc-01-02,k1,no,content/courses/derivatives-in-context/lessons/dc-01-02.json,v = −5 and a = −2. Is the particle speeding up or slowing down?,"Speeding up — both are negative, so the acceleration pushes it further in the direction it is already going.",108,51,yes,yes,FAIL,sign-direction|sign-direction|sign-direction,0,PASS,REMEDIATE
derivatives-in-context,13,dc-01-02,k2,no,content/courses/derivatives-in-context/lessons/dc-01-02.json,"v = 3(t − 1)(t − 3) and a = 6t − 12. What is happening on the interval (1, 2)?","Moving backward and SPEEDING UP — v < 0 and a < 0, the same sign.",65,33,yes,yes,FAIL,sign-direction|sign-direction|authored-specific-rationale,0,PASS,REMEDIATE
derivatives-in-context,13,dc-01-02,rk1,yes,content/courses/derivatives-in-context/lessons/dc-01-02.json,v = 3 and a = −1. Speeding up or slowing down?,Slowing down,12,11,no,no,PASS,sign-direction,0,PASS,KEEP
derivatives-in-context,13,dc-02-01,k1,no,content/courses/derivatives-in-context/lessons/dc-02-01.json,A circle's area is A = πr². Differentiate with respect to TIME.,dA/dt = 2πr · (dr/dt),21,11,no,no,PASS,authored-specific-rationale|authored-specific-rationale|inside-vs-derivative,0,PASS,KEEP
derivatives-in-context,13,dc-02-01,k2,no,content/courses/derivatives-in-context/lessons/dc-02-01.json,"To find dA/dt when r = 3, a student writes A = π(3²) = 9π and then differentiates. What goes wrong?","9π is a constant, so its derivative is 0 — the substitution destroyed the very change being measured.",101,33,yes,no,FAIL,representation-read|authored-specific-rationale|authored-specific-rationale,0,PASS,REMEDIATE
derivatives-in-context,13,dc-02-01,rk1,yes,content/courses/derivatives-in-context/lessons/dc-02-01.json,A cube has volume V = s³. Differentiate with respect to time.,dV/dt = 3s²·(ds/dt),19,11,no,no,PASS,authored-specific-rationale,0,PASS,KEEP
derivatives-in-context,13,dc-02-02,k1,no,content/courses/derivatives-in-context/lessons/dc-02-02.json,Differentiate x² + y² = 100 with respect to time.,2x(dx/dt) + 2y(dy/dt) = 0,25,27,no,no,PASS,authored-specific-rationale|authored-specific-rationale|authored-specific-rationale,0,PASS,KEEP
derivatives-in-context,13,dc-02-03,k1,no,content/courses/derivatives-in-context/lessons/dc-02-03.json,A person walks away from a lamppost; their shadow lengthens. Which relation should you use?,Similar triangles — the lamp/person/shadow makes two triangles of the same shape.,81,22,yes,yes,FAIL,authored-specific-rationale|authored-specific-rationale|authored-specific-rationale,0,PASS,REMEDIATE
derivatives-in-context,13,dc-02-03,k3,no,content/courses/derivatives-in-context/lessons/dc-02-03.json,"V = (1/3)πr²h, and the cone's shape forces r = h/2. What should you differentiate?","V = (1/12)πh³ — substitute r = h/2 FIRST, so only h remains.",60,38,yes,yes,FAIL,rate-vs-start|rate-vs-start|authored-specific-rationale,0,PASS,REMEDIATE
derivatives-in-context,13,dc-02-03,rk1,yes,content/courses/derivatives-in-context/lessons/dc-02-03.json,A ladder slides down a wall. Which relation ties its two ends together?,x² + y² = (ladder length)²,26,21,no,no,PASS,authored-specific-rationale,0,PASS,KEEP
derivatives-in-context,13,dc-03-01,k3,no,content/courses/derivatives-in-context/lessons/dc-03-01.json,√x is concave down. Is the linear estimate of √9.1 too big or too small?,Too big — the tangent to a concave-down curve lies above it.,60,40,yes,yes,FAIL,authored-specific-rationale|authored-specific-rationale|sign-direction,0,PASS,REMEDIATE
derivatives-in-context,13,dc-03-02,k3,no,content/courses/derivatives-in-context/lessons/dc-03-02.json,A quantity s is measured with a 4% error. What is the error in √s?,"About 2% — the exponent is 1/2, so the relative error is halved.",64,23,yes,no,FAIL,exponent-rule|authored-specific-rationale|exponent-rule,0,PASS,REMEDIATE
derivatives-in-context,13,dc-03-03,k1,no,content/courses/derivatives-in-context/lessons/dc-03-03.json,"The error in a linear approximation grows like (x − a)². If you double the distance from a, roughly what happens to the error?",It quadruples.,14,18,no,no,PASS,representation-read|authored-specific-rationale|authored-specific-rationale,0,PASS,KEEP
derivatives-in-context,13,dc-03-03,k2,no,content/courses/derivatives-in-context/lessons/dc-03-03.json,"Two curves are linearised at the same point. One has |f″| = 0.01, the other |f″| = 100. Which linearisation is trustworthy over a wider range?",The one with |f″| = 0.01 — it is nearly straight already.,57,29,yes,yes,FAIL,authored-specific-rationale|authored-specific-rationale|authored-specific-rationale,0,PASS,REMEDIATE
derivatives-in-context,13,dc-03-03,k3,no,content/courses/derivatives-in-context/lessons/dc-03-03.json,Why can f(x) = |x| not be linearised at x = 0?,"f′(0) does not exist — there is no tangent line, so there is nothing to build L(x) from.",88,36,yes,no,FAIL,rate-vs-start|authored-specific-rationale|rate-vs-start,0,PASS,REMEDIATE
derivatives-in-context,13,dc-03-03,rk1,yes,content/courses/derivatives-in-context/lessons/dc-03-03.json,"Using the tangent to √x at x = 9, which estimate is more trustworthy?",√9.1,4,3,no,yes,FAIL,unit-conversion,0,PASS,REMEDIATE
derivatives-in-context,13,dc-04-01,k3,no,content/courses/derivatives-in-context/lessons/dc-04-01.json,lim(x→0) (x² + 1)/(x + 1). A student applies L'Hôpital and gets 2x/1 = 0. What went wrong?,"The form is not indeterminate — substitution gives 1/1 = 1. L'Hôpital does not apply, and using it produced a wrong answer.",123,40,yes,no,FAIL,authored-specific-rationale|authored-specific-rationale|authored-specific-rationale,0,PASS,REMEDIATE
derivatives-in-context,13,dc-04-01,rk1,yes,content/courses/derivatives-in-context/lessons/dc-04-01.json,lim(x→0) (x² − x)/(x + 1). Does L'Hôpital apply?,"No — substitution gives 0/1 = 0, an ordinary number.",52,24,yes,no,FAIL,authored-specific-rationale,0,PASS,REMEDIATE
derivatives-in-context,13,dc-04-02,k2,no,content/courses/derivatives-in-context/lessons/dc-04-02.json,lim(x→0⁺) x·ln x is the indeterminate form 0·(−∞). How do you make L'Hôpital applicable?,"Rewrite as (ln x)/(1/x) — now it is −∞/∞, which the rule handles.",65,43,yes,yes,FAIL,inside-vs-derivative|authored-specific-rationale|authored-specific-rationale,0,PASS,REMEDIATE
derivatives-in-context,13,dc-04-02,rk1,yes,content/courses/derivatives-in-context/lessons/dc-04-02.json,Rewrite x·ln x as a quotient.,(ln x)/(1/x),12,12,no,no,PASS,authored-specific-rationale,0,PASS,KEEP
differential-equations,13,de-01-01,k2,no,content/courses/differential-equations/lessons/de-01-01.json,How many curves obey the instructions of a slope field?,Infinitely many — one through every starting point. The initial condition picks one.,84,39,yes,no,FAIL,rate-vs-start|authored-specific-rationale|authored-specific-rationale,0,PASS,REMEDIATE
differential-equations,13,de-01-01,k3,no,content/courses/differential-equations/lessons/de-01-01.json,"For dy/dx = 0.5y, what happens to the field as you move upward (larger y)?","The segments get STEEPER — the bigger y is, the faster it grows.",64,19,yes,yes,FAIL,rate-vs-start|authored-specific-rationale|sign-direction,0,PASS,REMEDIATE
differential-equations,13,de-01-02,k2,no,content/courses/differential-equations/lessons/de-01-02.json,Solutions near y = 4 move TOWARD it from both sides. Solutions near y = 0 move AWAY from it. What are these two equilibria?,y = 4 is stable (it attracts); y = 0 is unstable (it repels).,61,35,yes,no,FAIL,representation-read|representation-read|inverse-confusion,0,PASS,REMEDIATE
differential-equations,13,de-02-01,k2,no,content/courses/differential-equations/lessons/de-02-01.json,ln|y| = x² + C. Solve for y.,"y = Ae^(x²), where A = e^C",26,14,no,no,PASS,exponent-rule|exponent-rule|exponent-rule,0,PASS,KEEP
differential-equations,13,de-02-01,ch1,no,content/courses/differential-equations/lessons/de-02-01.json,Separating dy/dx = 2xy required dividing by y. Which solution did that step lose?,"y = 0 — the equilibrium. Both sides are zero there, so it IS a solution, but dividing by y excluded it.",103,36,yes,no,FAIL,authored-specific-rationale|authored-specific-rationale|sign-direction,0,PASS,REMEDIATE
differential-equations,13,de-02-01,rk1,yes,content/courses/differential-equations/lessons/de-02-01.json,Separate dy/dx = y/x.,(1/y) dy = (1/x) dx,19,11,no,no,PASS,authored-specific-rationale,0,PASS,KEEP
differential-equations,13,de-03-01,k1,no,content/courses/differential-equations/lessons/de-03-01.json,A bacterial colony grows at a rate proportional to its size. Which equation says that?,dP/dt = kP,10,10,no,no,PASS,exponent-rule|rate-vs-start|rate-vs-start,0,PASS,KEEP
differential-equations,13,de-03-01,ch1,no,content/courses/differential-equations/lessons/de-03-01.json,Two samples of the same substance start with 1 kg and 1 microgram. Which halves faster?,Neither — the half-life is the same. The y₀ cancels: T = ln2/k.,63,36,yes,yes,FAIL,authored-specific-rationale|authored-specific-rationale|authored-specific-rationale,0,PASS,REMEDIATE
differential-equations,13,de-03-01,rk1,yes,content/courses/differential-equations/lessons/de-03-01.json,'A drug leaves the blood at a rate proportional to the amount present.' Which equation?,dA/dt = −kA,11,10,no,no,PASS,rate-vs-start,0,PASS,KEEP
differential-equations,13,de-03-02,k1,no,content/courses/differential-equations/lessons/de-03-02.json,"In dP/dt = kP(1 − P/K), what happens when P is very small compared with K?","The bracket is nearly 1, so dP/dt ≈ kP — it grows exponentially.",64,21,yes,yes,FAIL,representation-read|sign-direction|exponent-rule,0,PASS,REMEDIATE
differential-equations,13,de-03-02,k3,no,content/courses/differential-equations/lessons/de-03-02.json,A logistic population sits between K/2 and K. What is it doing?,"Still growing, but ever more slowly — easing toward the ceiling.",64,26,yes,yes,FAIL,sign-direction|rate-vs-start|authored-specific-rationale,0,PASS,REMEDIATE
differential-equations,13,de-04-01,k3,no,content/courses/differential-equations/lessons/de-04-01.json,Euler gives 2.25 where the true answer is e ≈ 2.718. Why the undershoot?,"y = eˣ is concave UP, so every tangent step lies below the curve.",65,24,yes,no,FAIL,sign-direction|authored-specific-rationale|inside-vs-derivative,0,PASS,REMEDIATE
division-fluency-g3,3,df3-03-02,k1,no,content/courses/division-fluency-g3/lessons/df3-03-02.json,What is 7 ÷ 0?,Undefined — division by zero has no answer,42,1,yes,yes,FAIL,authored-specific-rationale|authored-specific-rationale|authored-specific-rationale,0,PASS,REMEDIATE
division-fluency-g3,3,df3-03-02,k3,no,content/courses/division-fluency-g3/lessons/df3-03-02.json,What is 12 ÷ 0?,Undefined — division by zero has no answer,42,2,yes,yes,FAIL,authored-specific-rationale|authored-specific-rationale|authored-specific-rationale,0,PASS,REMEDIATE
division-fluency-g3,3,df3-03-02,ch1,no,content/courses/division-fluency-g3/lessons/df3-03-02.json,Which of these has an answer?,0 ÷ 8,5,21,no,no,PASS,authored-specific-rationale|authored-specific-rationale|authored-specific-rationale,0,PASS,KEEP
division-fluency-g3,3,df3-03-02,rem-g3d-zero-k,yes,content/courses/division-fluency-g3/lessons/df3-03-02.json,What is 7 ÷ 0?,Undefined — division by zero has no answer,42,1,yes,yes,FAIL,authored-specific-rationale|authored-specific-rationale|authored-specific-rationale,0,PASS,REMEDIATE
division-fluency-g3,3,df3-03-04,k1,no,content/courses/division-fluency-g3/lessons/df3-03-04.json,There are 6 bags with 7 apples in each bag. Which operation finds the total number of apples?,Multiply,8,8,no,no,PASS,authored-specific-rationale|authored-specific-rationale,0,PASS,KEEP
division-fluency-g3,3,df3-03-04,k2,no,content/courses/division-fluency-g3/lessons/df3-03-04.json,There are 42 apples split evenly into 6 bags. Which operation finds how many apples are in each bag?,Divide,6,8,no,no,PASS,authored-specific-rationale|representation-read,0,PASS,KEEP
division-fluency-g3,3,df3-03-04,rem-g3d-choose-k,yes,content/courses/division-fluency-g3/lessons/df3-03-04.json,There are 6 bags with 7 apples in each bag. Which operation finds the total number of apples?,Multiply,8,8,no,no,PASS,authored-specific-rationale|authored-specific-rationale,0,PASS,KEEP
equations-unknowns-g1,1,g1e-01-01,k1,no,content/courses/equations-unknowns-g1/lessons/g1e-01-01.json,7 + 3 = ? Which value makes this equation true?,10,2,2,no,no,PASS,authored-specific-rationale|authored-specific-rationale|authored-specific-rationale,0,PASS,KEEP
equations-unknowns-g1,1,g1e-01-01,k2,no,content/courses/equations-unknowns-g1/lessons/g1e-01-01.json,4 + 4 = ? Which value makes this equation true?,8,1,2,no,no,PASS,authored-specific-rationale|authored-specific-rationale|authored-specific-rationale,0,PASS,KEEP
equations-unknowns-g1,1,g1e-01-01,ch1,no,content/courses/equations-unknowns-g1/lessons/g1e-01-01.json,Which of these equations is TRUE?,6 + 6 = 12,10,14,no,no,PASS,authored-specific-rationale|authored-specific-rationale|authored-specific-rationale,0,PASS,KEEP
equations-unknowns-g1,1,g1e-01-01,rem-g1e-equal-meaning-k,yes,content/courses/equations-unknowns-g1/lessons/g1e-01-01.json,7 + 3 = ? Which value makes this equation true?,10,2,2,no,no,PASS,authored-specific-rationale|authored-specific-rationale|authored-specific-rationale,0,PASS,KEEP
equations-unknowns-g1,1,g1e-01-02,k1,no,content/courses/equations-unknowns-g1/lessons/g1e-01-02.json,Which of these equations is TRUE?,7 + 2 = 9,9,10,no,no,PASS,authored-specific-rationale|authored-specific-rationale|authored-specific-rationale,0,PASS,KEEP
equations-unknowns-g1,1,g1e-01-02,k2,no,content/courses/equations-unknowns-g1/lessons/g1e-01-02.json,Which of these equations is TRUE?,5 + 2 = 7,9,9,no,no,PASS,authored-specific-rationale|authored-specific-rationale|authored-specific-rationale,0,PASS,KEEP
equations-unknowns-g1,1,g1e-01-02,k3,no,content/courses/equations-unknowns-g1/lessons/g1e-01-02.json,3 + 6 = ? Which value makes this equation true?,9,1,2,no,no,PASS,authored-specific-rationale|authored-specific-rationale|authored-specific-rationale,0,PASS,KEEP
equations-unknowns-g1,1,g1e-01-02,ch1,no,content/courses/equations-unknowns-g1/lessons/g1e-01-02.json,Which of these equations is TRUE?,8 + 6 = 14,10,10,no,no,PASS,authored-specific-rationale|authored-specific-rationale|authored-specific-rationale,0,PASS,KEEP
equations-unknowns-g1,1,g1e-01-02,rem-g1e-true-false-k,yes,content/courses/equations-unknowns-g1/lessons/g1e-01-02.json,Which of these equations is TRUE?,7 + 2 = 9,9,10,no,no,PASS,authored-specific-rationale|authored-specific-rationale|authored-specific-rationale,0,PASS,KEEP
equations-unknowns-g1,1,g1e-01-04,k1,no,content/courses/equations-unknowns-g1/lessons/g1e-01-04.json,15 = 2 + __. Which number completes the true equation?,13,2,2,no,no,PASS,authored-specific-rationale|authored-specific-rationale|authored-specific-rationale,0,PASS,KEEP
equations-unknowns-g1,1,g1e-01-04,k2,no,content/courses/equations-unknowns-g1/lessons/g1e-01-04.json,9 = 2 + __. Which number completes the true equation?,7,1,2,no,no,PASS,authored-specific-rationale|authored-specific-rationale|authored-specific-rationale,0,PASS,KEEP
equations-unknowns-g1,1,g1e-01-04,k3,no,content/courses/equations-unknowns-g1/lessons/g1e-01-04.json,13 = 10 + __. Which number completes the true equation?,3,1,2,no,no,PASS,authored-specific-rationale|authored-specific-rationale|authored-specific-rationale,0,PASS,KEEP
equations-unknowns-g1,1,g1e-01-04,rem-g1e-right-side-k,yes,content/courses/equations-unknowns-g1/lessons/g1e-01-04.json,15 = 2 + __. Which number completes the true equation?,13,2,2,no,no,PASS,authored-specific-rationale|authored-specific-rationale|authored-specific-rationale,0,PASS,KEEP
equations-unknowns-g1,1,g1e-01-05,k3,no,content/courses/equations-unknowns-g1/lessons/g1e-01-05.json,Which of these equations is TRUE?,8 + 4 = 12,10,10,no,no,PASS,authored-specific-rationale|authored-specific-rationale|authored-specific-rationale,0,PASS,KEEP
equations-unknowns-g1,1,g1e-03-01,k2,no,content/courses/equations-unknowns-g1/lessons/g1e-03-01.json,Which addition fact helps solve 12 − 4?,4 + 8 = 12,10,11,no,no,PASS,authored-specific-rationale|authored-specific-rationale|authored-specific-rationale,0,PASS,KEEP
equations-unknowns-g1,1,g1e-03-02,k1,no,content/courses/equations-unknowns-g1/lessons/g1e-03-02.json,You solved x + 6 = 10 and got x = 4. How do you check it?,4 + 6 = 10 is true,18,52,no,no,PASS,authored-specific-rationale|sign-direction|sign-direction,0,PASS,KEEP
equations-unknowns-g1,1,g1e-03-02,k2,no,content/courses/equations-unknowns-g1/lessons/g1e-03-02.json,Is x = 3 a solution of x + 4 = 7?,Yes — 3 + 4 = 7,15,37,no,no,PASS,authored-specific-rationale|authored-specific-rationale|authored-specific-rationale,0,PASS,KEEP
equations-unknowns-g1,1,g1e-03-02,k3,no,content/courses/equations-unknowns-g1/lessons/g1e-03-02.json,Is x = 8 a solution of x + 6 = 13?,"No — 8 + 6 = 14, not 13",23,37,no,no,PASS,authored-specific-rationale|authored-specific-rationale|authored-specific-rationale,0,PASS,KEEP
equations-unknowns-g1,1,g1e-03-02,ch1,no,content/courses/equations-unknowns-g1/lessons/g1e-03-02.json,You solved x + 5 = 13 and got x = 8. How do you check it?,Substitute 8: verify 8 + 5 = 13,31,52,no,yes,FAIL,authored-specific-rationale|sign-direction|sign-direction,0,PASS,REMEDIATE
equations-unknowns-g1,1,g1e-03-02,rem-g1e-check-k,yes,content/courses/equations-unknowns-g1/lessons/g1e-03-02.json,You solved x + 6 = 10 and got x = 4. How do you check it?,4 + 6 = 10 is true,18,52,no,no,PASS,authored-specific-rationale|sign-direction|sign-direction,0,PASS,KEEP
equations-unknowns-g1,1,g1e-03-03,k1,no,content/courses/equations-unknowns-g1/lessons/g1e-03-03.json,You want to write your own TRUE equation. Which one works?,6 + 6 = 12,10,10,no,no,PASS,authored-specific-rationale|sign-direction|sign-direction,0,PASS,KEEP
equations-unknowns-g1,1,g1e-03-03,k2,no,content/courses/equations-unknowns-g1/lessons/g1e-03-03.json,Which choice is an equation rather than only an expression?,3 + 7 = 10,10,7,no,no,PASS,authored-specific-rationale|sign-direction|sign-direction,0,PASS,KEEP
equations-unknowns-g1,1,g1e-03-03,k3,no,content/courses/equations-unknowns-g1/lessons/g1e-03-03.json,You want to write your own TRUE equation. Which one works?,2 + 7 = 9,9,10,no,no,PASS,authored-specific-rationale|sign-direction|sign-direction,0,PASS,KEEP
equations-unknowns-g1,1,g1e-03-03,rem-g1e-write-true-k,yes,content/courses/equations-unknowns-g1/lessons/g1e-03-03.json,You want to write your own TRUE equation. Which one works?,6 + 6 = 12,10,10,no,no,PASS,authored-specific-rationale|sign-direction|sign-direction,0,PASS,KEEP
expected-value,11,ev-01-01,k3,no,content/courses/expected-value/lessons/ev-01-01.json,"Which of these is a random VARIABLE, not an outcome?",The number of heads in three flips,34,16,yes,no,FAIL,authored-specific-rationale|authored-specific-rationale,0,PASS,REMEDIATE
expected-value,11,ev-01-02,k2,no,content/courses/expected-value/lessons/ev-01-02.json,Which table CANNOT be a probability distribution?,"0.6, −0.1, 0.5",14,15,no,no,PASS,sign-direction|authored-specific-rationale,0,PASS,KEEP
expected-value,11,ev-01-02,k3,no,content/courses/expected-value/lessons/ev-01-02.json,"On that 8-sector wheel with 5 prize sectors, what is the chance of NOT winning?",3/8,3,3,no,no,PASS,authored-specific-rationale|authored-specific-rationale,0,PASS,KEEP
expected-value,11,ev-01-03,k3,no,content/courses/expected-value/lessons/ev-01-03.json,Must an expected value be one of the variable's possible values?,No — but it always lies between the smallest and largest,56,47,no,no,PASS,authored-specific-rationale|authored-specific-rationale,0,PASS,KEEP
expected-value,11,ev-02-01,k3,no,content/courses/expected-value/lessons/ev-02-01.json,A game has an expected net of −$0.50 per play. What does that mean?,Over many plays you lose about 50 cents each time,49,36,no,no,PASS,inside-vs-derivative|authored-specific-rationale,0,PASS,KEEP
expected-value,11,ev-02-02,k3,no,content/courses/expected-value/lessons/ev-02-02.json,Which game is FAIR?,Expected net $0.00,18,44,no,no,PASS,rate-vs-start|authored-specific-rationale,0,PASS,KEEP
expected-value,11,ev-02-03,k1,no,content/courses/expected-value/lessons/ev-02-03.json,"A shop chooses between two products it will stock every week for years: A expects $12 profit, B expects $9. Which should it stock?",A — expectation governs over many repetitions,45,45,no,no,PASS,authored-specific-rationale|inside-vs-derivative,0,PASS,KEEP
expected-value,11,ev-02-03,k2,no,content/courses/expected-value/lessons/ev-02-03.json,Insurance has a NEGATIVE expected value for the buyer. Why do sensible people buy it?,"It removes a catastrophic risk, which is worth more than the small average loss",79,58,yes,no,FAIL,sign-direction|authored-specific-rationale,0,PASS,REMEDIATE
expected-value,11,ev-02-03,rem-ev-decisions-k,yes,content/courses/expected-value/lessons/ev-02-03.json,"A shop chooses between two products it will stock every week for years: A expects $12 profit, B expects $9. Which should it stock?",A — expectation governs over many repetitions,45,45,no,no,PASS,authored-specific-rationale|inside-vs-derivative,0,PASS,KEEP
exponential-functions,9,exp-01-02,k1,no,content/courses/exponential-functions/lessons/exp-01-02.json,Is f(x) = 4 * 3^x growth or decay?,Growth,6,7,no,no,PASS,representation-read|exponent-rule,0,PASS,KEEP
exponential-functions,9,exp-01-02,k2,no,content/courses/exponential-functions/lessons/exp-01-02.json,Which base b gives exponential decay?,b = 1/3,7,5,no,no,PASS,representation-read|representation-read,0,PASS,KEEP
exponential-functions,9,exp-01-03,i3,no,content/courses/exponential-functions/lessons/exp-01-03.json,"The sequence 4, 12, 36, 108 grows by...",multiplying by 3,16,16,no,no,PASS,authored-specific-rationale|authored-specific-rationale,0,PASS,KEEP
exponential-functions,9,exp-02-03,k1,no,content/courses/exponential-functions/lessons/exp-02-03.json,A quantity loses 25% each step. What is its decay factor?,3/4,3,3,no,no,PASS,authored-specific-rationale|rate-vs-start,0,PASS,KEEP
exponential-functions,9,exp-02-03,k3,no,content/courses/exponential-functions/lessons/exp-02-03.json,A quantity grows 100% each step. What is its growth factor?,2,1,3,no,no,PASS,representation-read|rate-vs-start,0,PASS,KEEP
exponential-functions,9,exp-02-03,rem-epct-k,yes,content/courses/exponential-functions/lessons/exp-02-03.json,A quantity grows 50% each step. What is its growth factor?,3/2,3,3,no,no,PASS,authored-specific-rationale|authored-specific-rationale,0,PASS,KEEP
exponential-functions,9,exp-03-01,k3,no,content/courses/exponential-functions/lessons/exp-03-01.json,Solve 4^x = 8.,3/2,3,3,no,no,PASS,authored-specific-rationale|authored-specific-rationale,0,PASS,KEEP
exponential-functions,9,exp-04-01,i2,no,content/courses/exponential-functions/lessons/exp-04-01.json,A graph rises steeply left to right and crosses the y-axis at 2. Which function is it?,f(x) = 2 * 3^x,14,18,no,no,PASS,authored-specific-rationale|representation-read,0,PASS,KEEP
exponential-functions,9,exp-04-01,k2,no,content/courses/exponential-functions/lessons/exp-04-01.json,Which describes the graph of f(x) = 6 * (1/2)^x?,"decay, y-intercept 6",20,22,no,no,PASS,rate-vs-start|rate-vs-start,0,PASS,KEEP
exponential-functions,9,exp-04-02,i2,no,content/courses/exponential-functions/lessons/exp-04-02.json,f(x) = 2 * 3^x grows by ×3 each step; g(x) = 10 * 2^x grows by ×2. Which grows faster?,f (base 3),10,26,no,no,PASS,authored-specific-rationale|rate-vs-start,0,PASS,KEEP
exponential-functions,9,exp-04-02,k2,no,content/courses/exponential-functions/lessons/exp-04-02.json,Which grows faster: f(x) = 5 * 2^x or g(x) = 1 * 4^x?,g (base 4),10,10,no,no,PASS,representation-read|rate-vs-start,0,PASS,KEEP
exponential-functions,9,exp-04-02,rem-ecmp-k,yes,content/courses/exponential-functions/lessons/exp-04-02.json,Which grows faster: f(x) = 2 * 3^x or g(x) = 10 * 2^x?,f (base 3),10,10,no,no,PASS,representation-read|rate-vs-start,0,PASS,KEEP
exponential-functions,9,exp-04-03,i1,no,content/courses/exponential-functions/lessons/exp-04-03.json,"The sequence 2, 4, 8, 16 is...",exponential (×2),16,11,no,no,PASS,authored-specific-rationale|exponent-rule,0,PASS,KEEP
exponential-functions,9,exp-04-03,k1,no,content/courses/exponential-functions/lessons/exp-04-03.json,"The sequence 3, 6, 9, 12 is...",linear (+3),11,16,no,no,PASS,exponent-rule|exponent-rule,0,PASS,KEEP
exponential-functions,9,exp-04-03,i3,no,content/courses/exponential-functions/lessons/exp-04-03.json,"The table 5, 10, 20, 40 has equal...",ratios (×2) → exponential,25,20,no,no,PASS,exponent-rule|exponent-rule,0,PASS,KEEP
exponential-functions,9,exp-04-03,k3,no,content/courses/exponential-functions/lessons/exp-04-03.json,"Which eventually grows larger: linear +100 each step, or exponential ×2 each step?",the exponential (×2),20,17,no,no,PASS,authored-specific-rationale|exponent-rule,0,PASS,KEEP
exponential-functions,9,exp-04-03,rem-evl-k,yes,content/courses/exponential-functions/lessons/exp-04-03.json,"The sequence 2, 4, 8, 16 is...",exponential (×2),16,11,no,no,PASS,authored-specific-rationale|exponent-rule,0,PASS,KEEP
exponents-polynomials,9,ep-01-02,i2,no,content/courses/exponents-polynomials/lessons/ep-01-02.json,Simplify (2x)^3.,8x^3,4,4,no,no,PASS,exponent-rule|exponent-rule,0,PASS,KEEP
exponents-polynomials,9,ep-01-02,k3,no,content/courses/exponents-polynomials/lessons/ep-01-02.json,Simplify (3x^2)^2.,9x^4,4,4,no,no,PASS,exponent-rule|exponent-rule,0,PASS,KEEP
exponents-polynomials,9,ep-01-03,i2,no,content/courses/exponents-polynomials/lessons/ep-01-03.json,What is 2^-3 as a fraction?,1/8,3,3,no,no,PASS,sign-direction|exponent-rule,0,PASS,KEEP
exponents-polynomials,9,ep-01-03,k3,no,content/courses/exponents-polynomials/lessons/ep-01-03.json,What is 3^-2 as a fraction?,1/9,3,3,no,no,PASS,sign-direction|exponent-rule,0,PASS,KEEP
exponents-polynomials,9,ep-02-02,i2,no,content/courses/exponents-polynomials/lessons/ep-02-02.json,What is the sum of (x^3 + 4x - 1) and (2x^3 - x + 6)?,3x^3 + 3x + 5,13,13,no,no,PASS,authored-specific-rationale|authored-specific-rationale,0,PASS,KEEP
exponents-polynomials,9,ep-03-02,k3,no,content/courses/exponents-polynomials/lessons/ep-03-02.json,Multiply (2x + 1)(x + 3).,2x^2 + 7x + 3,13,13,no,no,PASS,authored-specific-rationale|authored-specific-rationale,0,PASS,KEEP
exponents-polynomials,9,ep-03-02,ch1,no,content/courses/exponents-polynomials/lessons/ep-03-02.json,Multiply (x + 3)(x - 3).,x^2 - 9,7,12,no,no,PASS,authored-specific-rationale|authored-specific-rationale,0,PASS,KEEP
exponents-polynomials,9,ep-03-03,k3,no,content/courses/exponents-polynomials/lessons/ep-03-03.json,Multiply (3x - 1)(3x + 1).,9x^2 - 1,8,8,no,no,PASS,authored-specific-rationale|authored-specific-rationale,0,PASS,KEEP
exponents-polynomials,9,ep-03-03,ch1,no,content/courses/exponents-polynomials/lessons/ep-03-03.json,Multiply (2x + 3)(2x + 3).,4x^2 + 12x + 9,14,14,no,no,PASS,authored-specific-rationale|authored-specific-rationale,0,PASS,KEEP
exponents-polynomials,9,ep-04-01,i2,no,content/courses/exponents-polynomials/lessons/ep-04-01.json,Factor (6x^2 + 9x).,3x(2x + 3),10,12,no,no,PASS,authored-specific-rationale|authored-specific-rationale,0,PASS,KEEP
exponents-polynomials,9,ep-04-02,i2,no,content/courses/exponents-polynomials/lessons/ep-04-02.json,Factor (x^2 + 7x + 12).,(x + 3)(x + 4),14,14,no,no,PASS,authored-specific-rationale|authored-specific-rationale,0,PASS,KEEP
exponents-polynomials,9,ep-04-03,i2,no,content/courses/exponents-polynomials/lessons/ep-04-03.json,Factor (x^2 - 36).,(x + 6)(x - 6),14,14,no,no,PASS,authored-specific-rationale|sign-direction,0,PASS,KEEP
exponents-scientific-notation,8,esn-01-01,rem-esn0101-k,yes,content/courses/exponents-scientific-notation/lessons/esn-01-01.json,10³ = ?,"1,000",5,6,no,no,PASS,authored-specific-rationale|exponent-rule|authored-specific-rationale,0,PASS,KEEP
exponents-scientific-notation,8,esn-01b-01,k3,no,content/courses/exponents-scientific-notation/lessons/esn-01b-01.json,Which expression CANNOT be written as a single power?,2⁴ · 3²,7,7,no,no,PASS,authored-specific-rationale|authored-specific-rationale|authored-specific-rationale,0,PASS,KEEP
exponents-scientific-notation,8,esn-01b-02,k2,no,content/courses/exponents-scientific-notation/lessons/esn-01b-02.json,Which is equal to (ab)³?,a³b³,4,8,no,no,PASS,exponent-rule|exponent-rule|authored-specific-rationale,0,PASS,KEEP
exponents-scientific-notation,8,esn-01b-02,k3,no,content/courses/exponents-scientific-notation/lessons/esn-01b-02.json,Simplify (3x)².,9x²,3,3,no,no,PASS,exponent-rule|authored-specific-rationale|exponent-rule,0,PASS,KEEP
exponents-scientific-notation,8,esn-01b-03,k2,no,content/courses/exponents-scientific-notation/lessons/esn-01b-03.json,What does 2⁻² equal?,1/4,3,4,no,no,PASS,sign-direction|sign-direction|sign-direction,0,PASS,KEEP
exponents-scientific-notation,8,esn-02-01,i1,no,content/courses/exponents-scientific-notation/lessons/esn-02-01.json,Which values solve x² = 25?,x = 5 or x = −5,15,11,no,no,PASS,sign-direction|sign-direction|authored-specific-rationale,0,PASS,KEEP
exponents-scientific-notation,8,esn-02-01,i3,no,content/courses/exponents-scientific-notation/lessons/esn-02-01.json,Which values solve x² = 36?,x = 6 or x = −6,15,14,no,no,PASS,sign-direction|authored-specific-rationale|authored-specific-rationale,0,PASS,KEEP
exponents-scientific-notation,8,esn-02-01,rem-esn0201-k,yes,content/courses/exponents-scientific-notation/lessons/esn-02-01.json,Which values solve x² = 9?,x = 3 or x = −3,15,10,no,no,PASS,sign-direction|authored-specific-rationale|authored-specific-rationale,0,PASS,KEEP
exponents-scientific-notation,8,esn-02-02,i2,no,content/courses/exponents-scientific-notation/lessons/esn-02-02.json,Which value solves x³ = −8?,x = −2 (only one solution),26,16,no,no,PASS,sign-direction|sign-direction|sign-direction,0,PASS,KEEP
exponents-scientific-notation,8,esn-02-02,rem-esn0202-k,yes,content/courses/exponents-scientific-notation/lessons/esn-02-02.json,Which value solves x³ = 8?,x = 2 (only one solution),25,16,no,no,PASS,authored-specific-rationale|authored-specific-rationale|authored-specific-rationale,0,PASS,KEEP
exponents-scientific-notation,8,esn-02-03,k2,no,content/courses/exponents-scientific-notation/lessons/esn-02-03.json,A cube-shaped tank has a volume of 64 cubic meters. Which equation finds its edge length e?,e³ = 64,7,10,no,no,PASS,authored-specific-rationale|exponent-rule|authored-specific-rationale,0,PASS,KEEP
exponents-scientific-notation,8,esn-03-01,i1,no,content/courses/exponents-scientific-notation/lessons/esn-03-01.json,"320,000,000 in scientific notation is:",3.2 × 10⁸,9,9,no,no,PASS,authored-specific-rationale|authored-specific-rationale|exponent-rule,0,PASS,KEEP
exponents-scientific-notation,8,esn-03-01,i3,no,content/courses/exponents-scientific-notation/lessons/esn-03-01.json,"9,300,000 in scientific notation is:",9.3 × 10⁶,9,10,no,no,PASS,authored-specific-rationale|authored-specific-rationale|authored-specific-rationale,0,PASS,KEEP
exponents-scientific-notation,8,esn-03-01,rem-esn0301-k,yes,content/courses/exponents-scientific-notation/lessons/esn-03-01.json,"50,000 in scientific notation is:",5 × 10⁴,7,8,no,no,PASS,authored-specific-rationale|authored-specific-rationale|exponent-rule,0,PASS,KEEP
exponents-scientific-notation,8,esn-03-02,i1,no,content/courses/exponents-scientific-notation/lessons/esn-03-02.json,0.0056 in scientific notation is:,5.6 × 10⁻³,10,10,no,no,PASS,sign-direction|authored-specific-rationale|authored-specific-rationale,0,PASS,KEEP
exponents-scientific-notation,8,esn-03-02,i3,no,content/courses/exponents-scientific-notation/lessons/esn-03-02.json,0.0000002 in scientific notation is:,2 × 10⁻⁷,8,10,no,no,PASS,sign-direction|authored-specific-rationale|authored-specific-rationale,0,PASS,KEEP
exponents-scientific-notation,8,esn-03-02,rem-esn0302-k,yes,content/courses/exponents-scientific-notation/lessons/esn-03-02.json,0.008 in scientific notation is:,8 × 10⁻³,8,9,no,no,PASS,sign-direction|authored-specific-rationale|authored-specific-rationale,0,PASS,KEEP
exponents-scientific-notation,8,esn-03-03,k2,no,content/courses/exponents-scientific-notation/lessons/esn-03-03.json,Which is bigger: 9 × 10⁴ or 2 × 10⁵?,"2 × 10⁵, because its exponent is bigger",39,46,no,no,PASS,exponent-rule|authored-specific-rationale|exponent-rule,0,PASS,KEEP
exponents-scientific-notation,8,esn-03-03,k3,no,content/courses/exponents-scientific-notation/lessons/esn-03-03.json,Which is bigger: 3.1 × 10⁶ or 7.5 × 10⁶?,"7.5 × 10⁶, since the exponents match, compare coefficients",58,37,yes,no,FAIL,authored-specific-rationale|authored-specific-rationale|exponent-rule,0,PASS,REMEDIATE
exponents-scientific-notation,8,esn-03-03,rem-esn0303-k,yes,content/courses/exponents-scientific-notation/lessons/esn-03-03.json,Which is bigger: 4 × 10³ or 2 × 10⁴?,"2 × 10⁴, because its exponent is bigger",39,44,no,no,PASS,exponent-rule|authored-specific-rationale|exponent-rule,0,PASS,KEEP
exponents-scientific-notation,8,esn-04-01,i1,no,content/courses/exponents-scientific-notation/lessons/esn-04-01.json,(3 × 10⁴) × (2 × 10³) = ?,6 × 10⁷,7,8,no,no,PASS,exponent-rule|authored-specific-rationale|exponent-rule,0,PASS,KEEP
exponents-scientific-notation,8,esn-04-01,i2,no,content/courses/exponents-scientific-notation/lessons/esn-04-01.json,(6 × 10⁵) ÷ (2 × 10²) = ?,3 × 10³,7,7,no,no,PASS,exponent-rule|authored-specific-rationale|exponent-rule,0,PASS,KEEP
exponents-scientific-notation,8,esn-04-01,rem-esn0401-k,yes,content/courses/exponents-scientific-notation/lessons/esn-04-01.json,(2 × 10³) × (4 × 10²) = ?,8 × 10⁵,7,7,no,no,PASS,exponent-rule|authored-specific-rationale|exponent-rule,0,PASS,KEEP
exponents-scientific-notation,8,esn-04-02,i1,no,content/courses/exponents-scientific-notation/lessons/esn-04-02.json,(2.5 × 10⁴) + (3 × 10³) = ?,2.8 × 10⁴,9,9,no,no,PASS,exponent-rule|exponent-rule|exponent-rule,0,PASS,KEEP
exponents-scientific-notation,8,esn-04-02,i2,no,content/courses/exponents-scientific-notation/lessons/esn-04-02.json,(1 × 10⁶) + (5 × 10⁴) = ?,1.05 × 10⁶,10,10,no,no,PASS,exponent-rule|exponent-rule|exponent-rule,0,PASS,KEEP
exponents-scientific-notation,8,esn-04-02,rem-esn0402-k,yes,content/courses/exponents-scientific-notation/lessons/esn-04-02.json,(3 × 10⁴) + (5 × 10³) = ?,3.5 × 10⁴,9,9,no,no,PASS,exponent-rule|exponent-rule|exponent-rule,0,PASS,KEEP
exponents-scientific-notation,8,esn-04-03,i1,no,content/courses/exponents-scientific-notation/lessons/esn-04-03.json,"A beehive has 3 × 10⁴ bees, and the colony needs 2 × 10² grams of honey per bee each year. How much honey does the colony need in total?",6 × 10⁶ grams,13,13,no,no,PASS,rate-vs-start|exponent-rule|rate-vs-start,0,PASS,KEEP
exponents-scientific-notation,8,esn-04-03,i2,no,content/courses/exponents-scientific-notation/lessons/esn-04-03.json,City A has a population of 2 × 10⁶ and nearby City B has 5 × 10⁵. What is their combined population?,2.5 × 10⁶,9,9,no,no,PASS,exponent-rule|exponent-rule|authored-specific-rationale,0,PASS,KEEP
exponents-scientific-notation,8,esn-04-03,rem-esn0403-k,yes,content/courses/exponents-scientific-notation/lessons/esn-04-03.json,"A warehouse stores 2 × 10³ pallets, each weighing 4 × 10² kilograms. What is the total weight?",8 × 10⁵ kilograms,17,17,no,no,PASS,authored-specific-rationale|exponent-rule|rate-vs-start,0,PASS,KEEP
expressions-equations,6,ee-01-01,k2,no,content/courses/expressions-equations/lessons/ee-01-01.json,Which correctly explains 3^2?,3 × 3 = 9 — two copies of the base multiplied,45,31,no,no,PASS,exponent-rule|exponent-rule,0,PASS,KEEP
expressions-equations,6,ee-02-03,i1,no,content/courses/expressions-equations/lessons/ee-02-03.json,"Which expression means ""7 more than n""?",n + 7,5,5,no,no,PASS,sign-direction|authored-specific-rationale,0,PASS,KEEP
expressions-equations,6,ee-02-03,k1,no,content/courses/expressions-equations/lessons/ee-02-03.json,"Which expression means ""3 less than x""?",x − 3,5,5,no,no,PASS,authored-specific-rationale|authored-specific-rationale,0,PASS,KEEP
expressions-equations,6,ee-02-03,k2,no,content/courses/expressions-equations/lessons/ee-02-03.json,"Which expression means ""4 more than twice n""?",2n + 4,6,8,no,no,PASS,authored-specific-rationale|authored-specific-rationale,0,PASS,KEEP
expressions-equations,6,ee-02-03,rem-we-k,yes,content/courses/expressions-equations/lessons/ee-02-03.json,"Which means ""2 less than x""?",x − 2,5,5,no,no,PASS,authored-specific-rationale|authored-specific-rationale,0,PASS,KEEP
expressions-equations,6,ee-02b-01,k3,no,content/courses/expressions-equations/lessons/ee-02b-01.json,"In the expression 6n, what are 6 and n?",factors of a single term,24,18,no,no,PASS,sign-direction|authored-specific-rationale|authored-specific-rationale,0,PASS,KEEP
expressions-equations,6,ee-02b-02,k2,no,content/courses/expressions-equations/lessons/ee-02b-02.json,"In the expression 5 − k, what is the coefficient of k?",−1,2,2,no,no,PASS,authored-specific-rationale|authored-specific-rationale|sign-direction,0,PASS,KEEP
expressions-equations,6,ee-02b-03,k1,no,content/courses/expressions-equations/lessons/ee-02b-03.json,"Which expression is 'the sum of x and 5, doubled'?",2(x + 5),8,8,no,no,PASS,authored-specific-rationale|authored-specific-rationale|authored-specific-rationale,0,PASS,KEEP
expressions-equations,6,ee-02b-03,k2,no,content/courses/expressions-equations/lessons/ee-02b-03.json,Which phrase describes 4n − 1?,one less than four times n,26,27,no,no,PASS,authored-specific-rationale|authored-specific-rationale|authored-specific-rationale,0,PASS,KEEP
expressions-equations,6,ee-02b-03,ch1,no,content/courses/expressions-equations/lessons/ee-02b-03.json,'Five times the sum of a number and 4' — which pair of forms is correct?,"5(n + 4), which equals 5n + 20",30,29,no,no,PASS,authored-specific-rationale|authored-specific-rationale|authored-specific-rationale,0,PASS,KEEP
expressions-equations,6,ee-03-01,k2,no,content/courses/expressions-equations/lessons/ee-03-01.json,Which expression equals 2(n + 5)?,2n + 10,7,6,no,no,PASS,authored-specific-rationale|authored-specific-rationale,0,PASS,KEEP
expressions-equations,6,ee-03-01,i2,no,content/courses/expressions-equations/lessons/ee-03-01.json,Factor 4x + 12 by pulling out the greatest common factor.,4(x + 3),8,9,no,no,PASS,authored-specific-rationale|authored-specific-rationale,0,PASS,KEEP
expressions-equations,6,ee-03-01,rem-dv-k,yes,content/courses/expressions-equations/lessons/ee-03-01.json,Which equals 2(x + 3)?,2x + 6,6,6,no,no,PASS,authored-specific-rationale|authored-specific-rationale,0,PASS,KEEP
expressions-equations,6,ee-03-02,k1,no,content/courses/expressions-equations/lessons/ee-03-02.json,Simplify 6m − 2m.,4m,2,2,no,no,PASS,authored-specific-rationale|authored-specific-rationale,0,PASS,KEEP
expressions-equations,6,ee-03-02,k3,no,content/courses/expressions-equations/lessons/ee-03-02.json,Simplify 4n + 3 + 2n.,6n + 3,6,6,no,no,PASS,authored-specific-rationale|authored-specific-rationale,0,PASS,KEEP
expressions-equations,6,ee-03-02,rem-lt-k,yes,content/courses/expressions-equations/lessons/ee-03-02.json,Simplify 5y + 2y.,7y,2,3,no,no,PASS,authored-specific-rationale|authored-specific-rationale,0,PASS,KEEP
expressions-equations,6,ee-04-01,i1,no,content/courses/expressions-equations/lessons/ee-04-01.json,Is x = 4 a solution of x + 3 = 7?,Yes — 4 + 3 = 7 is true,23,35,no,no,PASS,authored-specific-rationale|authored-specific-rationale,0,PASS,KEEP
expressions-equations,6,ee-04-01,k1,no,content/courses/expressions-equations/lessons/ee-04-01.json,Is x = 5 a solution of x + 3 = 7?,"No — 5 + 3 = 8, not 7",21,40,no,no,PASS,authored-specific-rationale|authored-specific-rationale,0,PASS,KEEP
expressions-equations,6,ee-04-01,k3,no,content/courses/expressions-equations/lessons/ee-04-01.json,What's the key difference between an equation and an expression?,An equation has an equals sign making a claim; an expression doesn't,68,46,yes,yes,FAIL,sign-direction|inside-vs-derivative,0,PASS,REMEDIATE
expressions-equations,6,ee-04-01,ch1,no,content/courses/expressions-equations/lessons/ee-04-01.json,"For 3x = 21, which is the solution: x = 7 or x = 9?",x = 7 — 3 × 7 = 21,18,32,no,no,PASS,authored-specific-rationale|authored-specific-rationale,0,PASS,KEEP
expressions-equations,6,ee-04-01,rem-em-k,yes,content/courses/expressions-equations/lessons/ee-04-01.json,Is x = 7 a solution of x + 2 = 9?,Yes — 7 + 2 = 9,15,21,no,no,PASS,authored-specific-rationale|authored-specific-rationale,0,PASS,KEEP
expressions-equations,6,ee-04-02,k1,no,content/courses/expressions-equations/lessons/ee-04-02.json,You solved x + 3 = 7 and got x = 4. How do you check it?,Substitute 4 back into x + 3 and see if it equals 7,51,45,no,no,PASS,authored-specific-rationale|authored-specific-rationale,0,PASS,KEEP
expressions-equations,6,ee-04-02,i2,no,content/courses/expressions-equations/lessons/ee-04-02.json,"To solve x + 9 = 15, what should you do to both sides?",Subtract 9,10,13,no,no,PASS,inverse-confusion|inverse-confusion,0,PASS,KEEP
expressions-equations,6,ee-04-03,i2,no,content/courses/expressions-equations/lessons/ee-04-03.json,"To solve x ÷ 4 = 9, what should you do to both sides?",Multiply by 4,13,11,no,no,PASS,inverse-confusion|inverse-confusion,0,PASS,KEEP
expressions-equations,6,ee-05-02,k3,no,content/courses/expressions-equations/lessons/ee-05-02.json,"The graph shows x < 0 (open circle at 0, arrow left). Does x = -3 satisfy it?",Yes — -3 is less than 0,23,42,no,no,PASS,sign-direction|sign-direction,0,PASS,KEEP
expressions-equations,6,ee-05-02,ch1,no,content/courses/expressions-equations/lessons/ee-05-02.json,"A cooler holds ""at most 8"" drinks: w ≤ 8. On the graph (closed circle at 8, arrow left), does w = 8 itself satisfy the inequality?","Yes — 8 ≤ 8 is true, and the circle is closed",45,35,no,no,PASS,authored-specific-rationale|authored-specific-rationale,0,PASS,KEEP
expressions-equations,6,ee-05-02,rem-gi-k,yes,content/courses/expressions-equations/lessons/ee-05-02.json,"Graphing x ≥ 2, what circle and arrow direction do you use?","Closed circle, arrow right",26,25,no,no,PASS,boundary-endpoint|representation-read,0,PASS,KEEP
expressions-equations,6,ee-05-03,k1,no,content/courses/expressions-equations/lessons/ee-05-03.json,"In pay = 8h, which variable is independent?",h (hours) — you choose how many hours to work,45,36,no,no,PASS,authored-specific-rationale|authored-specific-rationale,0,PASS,KEEP
expressions-equations,6,ee-05-03,k3,no,content/courses/expressions-equations/lessons/ee-05-03.json,A track is 400m per lap. Distance = 400 × (number of laps). Which is the INDEPENDENT variable?,Number of laps,14,10,no,no,PASS,authored-specific-rationale|unit-conversion,0,PASS,KEEP
expressions-equations,6,ee-05-03,rem-di-k,yes,content/courses/expressions-equations/lessons/ee-05-03.json,"In cost = 4 × items, which is the independent variable?",items,5,4,no,no,PASS,authored-specific-rationale|authored-specific-rationale,0,PASS,KEEP
expressions-patterns-g5,5,g5e-01-01,k1,no,content/courses/expressions-patterns-g5/lessons/g5e-01-01.json,Why does 3 + 4 × 5 equal 23 rather than 35?,Multiplication comes before addition,36,37,no,no,PASS,authored-specific-rationale|authored-specific-rationale|representation-read,0,PASS,KEEP
expressions-patterns-g5,5,g5e-01-01,k3,no,content/courses/expressions-patterns-g5/lessons/g5e-01-01.json,Why does 3 + 4 × 5 equal 23 rather than 35?,Multiplication comes before addition,36,37,no,no,PASS,authored-specific-rationale|authored-specific-rationale|representation-read,0,PASS,KEEP
expressions-patterns-g5,5,g5e-01-01,rem-g5e-order-k,yes,content/courses/expressions-patterns-g5/lessons/g5e-01-01.json,Why does 3 + 4 × 5 equal 23 rather than 35?,Multiplication comes before addition,36,37,no,no,PASS,authored-specific-rationale|authored-specific-rationale|representation-read,0,PASS,KEEP
expressions-patterns-g5,5,g5e-01-02,k1,no,content/courses/expressions-patterns-g5/lessons/g5e-01-02.json,What do the brackets change in (3 + 4) × 5?,"They force the addition first, so the product becomes 7 × 5",59,45,no,no,PASS,authored-specific-rationale|authored-specific-rationale|authored-specific-rationale,0,PASS,KEEP
expressions-patterns-g5,5,g5e-01-02,k3,no,content/courses/expressions-patterns-g5/lessons/g5e-01-02.json,What do the brackets change in (3 + 4) × 5?,"They force the addition first, so the product becomes 7 × 5",59,45,no,no,PASS,authored-specific-rationale|authored-specific-rationale|authored-specific-rationale,0,PASS,KEEP
expressions-patterns-g5,5,g5e-01-02,rem-g5e-parentheses-k,yes,content/courses/expressions-patterns-g5/lessons/g5e-01-02.json,What do the brackets change in (3 + 4) × 5?,"They force the addition first, so the product becomes 7 × 5",59,45,no,no,PASS,authored-specific-rationale|authored-specific-rationale|authored-specific-rationale,0,PASS,KEEP
expressions-patterns-g5,5,g5e-01-03,k1,no,content/courses/expressions-patterns-g5/lessons/g5e-01-03.json,"In 2 × [3 + (4 × 2)], which part is computed first?","(4 × 2), the innermost grouping",31,47,no,no,PASS,authored-specific-rationale|authored-specific-rationale|inside-vs-derivative,0,PASS,KEEP
expressions-patterns-g5,5,g5e-01-03,k3,no,content/courses/expressions-patterns-g5/lessons/g5e-01-03.json,"In 2 × [3 + (4 × 2)], which part is computed first?","(4 × 2), the innermost grouping",31,47,no,no,PASS,authored-specific-rationale|authored-specific-rationale|inside-vs-derivative,0,PASS,KEEP
expressions-patterns-g5,5,g5e-01-03,rem-g5e-brackets-k,yes,content/courses/expressions-patterns-g5/lessons/g5e-01-03.json,"In 2 × [3 + (4 × 2)], which part is computed first?","(4 × 2), the innermost grouping",31,47,no,no,PASS,authored-specific-rationale|authored-specific-rationale|inside-vs-derivative,0,PASS,KEEP
expressions-patterns-g5,5,g5e-02-01,k1,no,content/courses/expressions-patterns-g5/lessons/g5e-02-01.json,"""Add 6 and 4, then multiply the result by 3."" Which expression records it?",(6 + 4) × 3,11,11,no,no,PASS,authored-specific-rationale|authored-specific-rationale|authored-specific-rationale,0,PASS,KEEP
expressions-patterns-g5,5,g5e-02-01,k3,no,content/courses/expressions-patterns-g5/lessons/g5e-02-01.json,"""Add 6 and 4, then multiply the result by 3."" Which expression records it?",(6 + 4) × 3,11,11,no,no,PASS,authored-specific-rationale|authored-specific-rationale|authored-specific-rationale,0,PASS,KEEP
expressions-patterns-g5,5,g5e-02-01,rem-g5e-write-k,yes,content/courses/expressions-patterns-g5/lessons/g5e-02-01.json,"""Add 6 and 4, then multiply the result by 3."" Which expression records it?",(6 + 4) × 3,11,11,no,no,PASS,authored-specific-rationale|authored-specific-rationale|authored-specific-rationale,0,PASS,KEEP
expressions-patterns-g5,5,g5e-02-02,k1,no,content/courses/expressions-patterns-g5/lessons/g5e-02-02.json,How should 3 × (12 + 5) be read aloud so a listener could rewrite it exactly?,Three times the sum of twelve and five,38,39,no,no,PASS,authored-specific-rationale|authored-specific-rationale|place-value,0,PASS,KEEP
expressions-patterns-g5,5,g5e-02-02,k3,no,content/courses/expressions-patterns-g5/lessons/g5e-02-02.json,How should 3 × (12 + 5) be read aloud so a listener could rewrite it exactly?,Three times the sum of twelve and five,38,39,no,no,PASS,authored-specific-rationale|authored-specific-rationale|place-value,0,PASS,KEEP
expressions-patterns-g5,5,g5e-02-02,ch1,no,content/courses/expressions-patterns-g5/lessons/g5e-02-02.json,"""Add 6 and 4, then multiply the result by 3."" Which expression records it?",(6 + 4) × 3,11,11,no,no,PASS,authored-specific-rationale|authored-specific-rationale|authored-specific-rationale,0,PASS,KEEP
expressions-patterns-g5,5,g5e-02-02,rem-g5e-read-k,yes,content/courses/expressions-patterns-g5/lessons/g5e-02-02.json,How should 3 × (12 + 5) be read aloud so a listener could rewrite it exactly?,Three times the sum of twelve and five,38,39,no,no,PASS,authored-specific-rationale|authored-specific-rationale|place-value,0,PASS,KEEP
expressions-patterns-g5,5,g5e-02-03,k1,no,content/courses/expressions-patterns-g5/lessons/g5e-02-03.json,"Without computing, how does 4 × (37 + 15) compare with (37 + 15)?","It is 4 times as large, whatever the bracket equals",51,40,no,no,PASS,authored-specific-rationale|authored-specific-rationale|authored-specific-rationale,0,PASS,KEEP
expressions-patterns-g5,5,g5e-02-03,k3,no,content/courses/expressions-patterns-g5/lessons/g5e-02-03.json,"Without computing, how does 4 × (37 + 15) compare with (37 + 15)?","It is 4 times as large, whatever the bracket equals",51,40,no,no,PASS,authored-specific-rationale|authored-specific-rationale|authored-specific-rationale,0,PASS,KEEP
expressions-patterns-g5,5,g5e-02-03,rem-g5e-compare-k,yes,content/courses/expressions-patterns-g5/lessons/g5e-02-03.json,"Without computing, how does 4 × (37 + 15) compare with (37 + 15)?","It is 4 times as large, whatever the bracket equals",51,40,no,no,PASS,authored-specific-rationale|authored-specific-rationale|authored-specific-rationale,0,PASS,KEEP
expressions-patterns-g5,5,g5e-03-01,k1,no,content/courses/expressions-patterns-g5/lessons/g5e-03-01.json,Rule A adds 3 each step from 0; rule B adds 6 each step from 0. How do their terms relate?,Every B term is twice the matching A term,41,26,no,no,PASS,representation-read|rate-vs-start|authored-specific-rationale,0,PASS,KEEP
expressions-patterns-g5,5,g5e-03-01,k3,no,content/courses/expressions-patterns-g5/lessons/g5e-03-01.json,Rule A adds 3 each step from 0; rule B adds 6 each step from 0. How do their terms relate?,Every B term is twice the matching A term,41,26,no,no,PASS,representation-read|rate-vs-start|authored-specific-rationale,0,PASS,KEEP
expressions-patterns-g5,5,g5e-03-01,rem-g5e-two-rules-k,yes,content/courses/expressions-patterns-g5/lessons/g5e-03-01.json,Rule A adds 3 each step from 0; rule B adds 6 each step from 0. How do their terms relate?,Every B term is twice the matching A term,41,26,no,no,PASS,representation-read|rate-vs-start|authored-specific-rationale,0,PASS,KEEP
expressions-patterns-g5,5,g5e-03-02,k1,no,content/courses/expressions-patterns-g5/lessons/g5e-03-02.json,Rules A (add 2 from 0) and B (add 4 from 0) give ordered pairs. What is the third pair?,"(6, 12), taking the third term of each",38,29,no,no,PASS,authored-specific-rationale|authored-specific-rationale|authored-specific-rationale,0,PASS,KEEP
expressions-patterns-g5,5,g5e-03-02,k3,no,content/courses/expressions-patterns-g5/lessons/g5e-03-02.json,Rules A (add 2 from 0) and B (add 4 from 0) give ordered pairs. What is the third pair?,"(6, 12), taking the third term of each",38,29,no,no,PASS,authored-specific-rationale|authored-specific-rationale|authored-specific-rationale,0,PASS,KEEP
expressions-patterns-g5,5,g5e-03-02,rem-g5e-ordered-pairs-k,yes,content/courses/expressions-patterns-g5/lessons/g5e-03-02.json,Rules A (add 2 from 0) and B (add 4 from 0) give ordered pairs. What is the third pair?,"(6, 12), taking the third term of each",38,29,no,no,PASS,authored-specific-rationale|authored-specific-rationale|authored-specific-rationale,0,PASS,KEEP
expressions-patterns-g5,5,g5e-03-03,k1,no,content/courses/expressions-patterns-g5/lessons/g5e-03-03.json,Rules A (add 2 from 0) and B (add 4 from 0) give ordered pairs. What is the third pair?,"(6, 12), taking the third term of each",38,29,no,no,PASS,authored-specific-rationale|authored-specific-rationale|authored-specific-rationale,0,PASS,KEEP
expressions-patterns-g5,5,g5e-03-03,k3,no,content/courses/expressions-patterns-g5/lessons/g5e-03-03.json,Rule A adds 3 each step from 0; rule B adds 6 each step from 0. How do their terms relate?,Every B term is twice the matching A term,41,26,no,no,PASS,representation-read|rate-vs-start|authored-specific-rationale,0,PASS,KEEP
expressions-patterns-g5,5,g5e-03-03,rem-g5e-graph-k,yes,content/courses/expressions-patterns-g5/lessons/g5e-03-03.json,Rules A (add 2 from 0) and B (add 4 from 0) give ordered pairs. What is the third pair?,"(6, 12), taking the third term of each",38,29,no,no,PASS,authored-specific-rationale|authored-specific-rationale|authored-specific-rationale,0,PASS,KEEP
expressions-patterns-g5,5,g5e-03-04,k3,no,content/courses/expressions-patterns-g5/lessons/g5e-03-04.json,"The pattern 3, 9, 27 grows. What is the rule?",Multiply by 3,13,13,no,no,PASS,authored-specific-rationale|authored-specific-rationale|authored-specific-rationale,0,PASS,KEEP
expressions-patterns-g5,5,g5e-03-05,k1,no,content/courses/expressions-patterns-g5/lessons/g5e-03-05.json,"Why does ""add 6"" always give terms twice those of ""add 3"" from the same start?","Because each step of B covers two of A's steps, and both start at 0",67,46,yes,no,FAIL,authored-specific-rationale|authored-specific-rationale|authored-specific-rationale,0,PASS,REMEDIATE
expressions-patterns-g5,5,g5e-03-05,k2,no,content/courses/expressions-patterns-g5/lessons/g5e-03-05.json,Rule A adds 3 each step from 0; rule B adds 6 each step from 0. How do their terms relate?,Every B term is twice the matching A term,41,26,no,no,PASS,representation-read|rate-vs-start|authored-specific-rationale,0,PASS,KEEP
expressions-patterns-g5,5,g5e-03-05,ch1,no,content/courses/expressions-patterns-g5/lessons/g5e-03-05.json,"Why does ""add 6"" always give terms twice those of ""add 3"" from the same start?","Because each step of B covers two of A's steps, and both start at 0",67,46,yes,no,FAIL,authored-specific-rationale|authored-specific-rationale|authored-specific-rationale,0,PASS,REMEDIATE
expressions-patterns-g5,5,g5e-03-05,rem-g5e-explain-k,yes,content/courses/expressions-patterns-g5/lessons/g5e-03-05.json,"Why does ""add 6"" always give terms twice those of ""add 3"" from the same start?","Because each step of B covers two of A's steps, and both start at 0",67,46,yes,no,FAIL,authored-specific-rationale|authored-specific-rationale|authored-specific-rationale,0,PASS,REMEDIATE
four-addends-g2,2,g2n-01-01,k3,no,content/courses/four-addends-g2/lessons/g2n-01-01.json,You add 17 + 25 + 3 as (17 + 3) + 25. Is the total allowed to change?,No — regrouping addends never changes a sum,43,33,no,no,PASS,authored-specific-rationale|place-value|authored-specific-rationale,0,PASS,KEEP
four-addends-g2,2,g2n-01-02,k3,no,content/courses/four-addends-g2/lessons/g2n-01-02.json,You add 17 + 25 + 3 as (17 + 3) + 25. Is the total allowed to change?,No — regrouping addends never changes a sum,43,33,no,no,PASS,authored-specific-rationale|place-value|authored-specific-rationale,0,PASS,KEEP
four-addends-g2,2,g2n-01-03,k3,no,content/courses/four-addends-g2/lessons/g2n-01-03.json,"In 26 + 14 + 24, which two addends make the friendliest pair to add FIRST?",26 and 24 — their ones make a ten,33,27,no,no,PASS,place-value|place-value|authored-specific-rationale,0,PASS,KEEP
four-addends-g2,2,g2n-02-01,k1,no,content/courses/four-addends-g2/lessons/g2n-02-01.json,Split 37 + 23 by place before adding. Which split is right?,30 + 20 and 7 + 3,17,17,no,no,PASS,unit-conversion|place-value|place-value,0,PASS,KEEP
four-addends-g2,2,g2n-02-01,k3,no,content/courses/four-addends-g2/lessons/g2n-02-01.json,Split 15 + 11 by place before adding. Which split is right?,10 + 10 and 5 + 1,17,17,no,no,PASS,unit-conversion|place-value|place-value,0,PASS,KEEP
four-addends-g2,2,g2n-02-01,rem-g2n-by-place-k,yes,content/courses/four-addends-g2/lessons/g2n-02-01.json,Split 37 + 23 by place before adding. Which split is right?,30 + 20 and 7 + 3,17,17,no,no,PASS,unit-conversion|place-value|place-value,0,PASS,KEEP
four-addends-g2,2,g2n-02-02,k3,no,content/courses/four-addends-g2/lessons/g2n-02-02.json,"In 13 + 24 + 27, which two addends make the friendliest pair to add FIRST?",13 and 27 — their ones make a ten,33,27,no,no,PASS,place-value|place-value|authored-specific-rationale,0,PASS,KEEP
four-addends-g2,2,g2n-02-03,k3,no,content/courses/four-addends-g2/lessons/g2n-02-03.json,You add 17 + 25 + 3 as (17 + 3) + 25. Is the total allowed to change?,No — regrouping addends never changes a sum,43,33,no,no,PASS,authored-specific-rationale|place-value|authored-specific-rationale,0,PASS,KEEP
four-addends-g2,2,g2n-03-01,k3,no,content/courses/four-addends-g2/lessons/g2n-03-01.json,"In 25 + 24 + 15, which two addends make the friendliest pair to add FIRST?",25 and 15 — their ones make a ten,33,27,no,no,PASS,place-value|place-value|authored-specific-rationale,0,PASS,KEEP
four-addends-g2,2,g2n-03-02,k3,no,content/courses/four-addends-g2/lessons/g2n-03-02.json,You add 17 + 25 + 3 as (17 + 3) + 25. Is the total allowed to change?,No — regrouping addends never changes a sum,43,33,no,no,PASS,authored-specific-rationale|place-value|authored-specific-rationale,0,PASS,KEEP
fraction-division-g5,5,g5f-01-01,k1,no,content/courses/fraction-division-g5/lessons/g5f-01-01.json,3 sandwiches shared equally among 4 people. How much does each get?,3/4 of a sandwich each,22,39,no,no,PASS,authored-specific-rationale|authored-specific-rationale|authored-specific-rationale,0,PASS,KEEP
fraction-division-g5,5,g5f-01-01,k3,no,content/courses/fraction-division-g5/lessons/g5f-01-01.json,3 sandwiches shared equally among 4 people. How much does each get?,3/4 of a sandwich each,22,39,no,no,PASS,authored-specific-rationale|authored-specific-rationale|authored-specific-rationale,0,PASS,KEEP
fraction-division-g5,5,g5f-01-01,rem-g5fd-uneven-share-k,yes,content/courses/fraction-division-g5/lessons/g5f-01-01.json,3 sandwiches shared equally among 4 people. How much does each get?,3/4 of a sandwich each,22,39,no,no,PASS,authored-specific-rationale|authored-specific-rationale|authored-specific-rationale,0,PASS,KEEP
fraction-division-g5,5,g5f-01-02,k1,no,content/courses/fraction-division-g5/lessons/g5f-01-02.json,Why does a ÷ b equal a/b?,Because sharing a wholes among b people gives each a of the b-th pieces,71,60,no,no,PASS,authored-specific-rationale|authored-specific-rationale|authored-specific-rationale,0,PASS,KEEP
fraction-division-g5,5,g5f-01-02,k3,no,content/courses/fraction-division-g5/lessons/g5f-01-02.json,Why does a ÷ b equal a/b?,Because sharing a wholes among b people gives each a of the b-th pieces,71,60,no,no,PASS,authored-specific-rationale|authored-specific-rationale|authored-specific-rationale,0,PASS,KEEP
fraction-division-g5,5,g5f-01-02,rem-g5fd-as-fraction-k,yes,content/courses/fraction-division-g5/lessons/g5f-01-02.json,Why does a ÷ b equal a/b?,Because sharing a wholes among b people gives each a of the b-th pieces,71,60,no,no,PASS,authored-specific-rationale|authored-specific-rationale|authored-specific-rationale,0,PASS,KEEP
fraction-division-g5,5,g5f-01-03,k1,no,content/courses/fraction-division-g5/lessons/g5f-01-03.json,"13 ÷ 4 gives 3 remainder 1. When is the answer 3 1/4 rather than ""3 remainder 1""?",When the leftover can be shared equally,39,37,no,no,PASS,authored-specific-rationale|authored-specific-rationale|authored-specific-rationale,0,PASS,KEEP
fraction-division-g5,5,g5f-01-03,ch1,no,content/courses/fraction-division-g5/lessons/g5f-01-03.json,"13 ÷ 4 gives 3 remainder 1. When is the answer 3 1/4 rather than ""3 remainder 1""?",When the leftover can be shared equally,39,37,no,no,PASS,authored-specific-rationale|authored-specific-rationale|authored-specific-rationale,0,PASS,KEEP
fraction-division-g5,5,g5f-01-03,rem-g5fd-interpret-k,yes,content/courses/fraction-division-g5/lessons/g5f-01-03.json,"13 ÷ 4 gives 3 remainder 1. When is the answer 3 1/4 rather than ""3 remainder 1""?",When the leftover can be shared equally,39,37,no,no,PASS,authored-specific-rationale|authored-specific-rationale|authored-specific-rationale,0,PASS,KEEP
fraction-division-g5,5,g5f-01-04,k3,no,content/courses/fraction-division-g5/lessons/g5f-01-04.json,3 sandwiches shared equally among 4 people. How much does each get?,3/4 of a sandwich each,22,39,no,no,PASS,authored-specific-rationale|authored-specific-rationale|authored-specific-rationale,0,PASS,KEEP
fraction-division-g5,5,g5f-02-02,k2,no,content/courses/fraction-division-g5/lessons/g5f-02-02.json,"To model 3 ÷ 1/4, what does the picture show?",12 fourths fit in 3 wholes,26,41,no,no,PASS,authored-specific-rationale|authored-specific-rationale|authored-specific-rationale,0,PASS,KEEP
fraction-division-g5,5,g5f-02-03,k1,no,content/courses/fraction-division-g5/lessons/g5f-02-03.json,"To model 3 ÷ 1/4, what does the picture show?",12 fourths fit in 3 wholes,26,41,no,no,PASS,authored-specific-rationale|authored-specific-rationale|authored-specific-rationale,0,PASS,KEEP
fraction-division-g5,5,g5f-02-03,ch1,no,content/courses/fraction-division-g5/lessons/g5f-02-03.json,"To model 3 ÷ 1/4, what does the picture show?",12 fourths fit in 3 wholes,26,41,no,no,PASS,authored-specific-rationale|authored-specific-rationale|authored-specific-rationale,0,PASS,KEEP
fraction-division-g5,5,g5f-02-03,rem-g5fd-visual-k,yes,content/courses/fraction-division-g5/lessons/g5f-02-03.json,"To model 3 ÷ 1/4, what does the picture show?",12 fourths fit in 3 wholes,26,41,no,no,PASS,authored-specific-rationale|authored-specific-rationale|authored-specific-rationale,0,PASS,KEEP
fraction-division-g5,5,g5f-02-04,k3,no,content/courses/fraction-division-g5/lessons/g5f-02-04.json,"Roughly how big is 5 ÷ 1/3, without computing exactly?",About 15 because each whole has 3 thirds,40,41,no,no,PASS,authored-specific-rationale|authored-specific-rationale|authored-specific-rationale,0,PASS,KEEP
fraction-division-g5,5,g5f-03-02,k1,no,content/courses/fraction-division-g5/lessons/g5f-03-02.json,"""A 4-metre ribbon is cut into 1/2-metre pieces."" Which computation fits?","4 ÷ 1/2 = 8, because you count how many halves fit",50,42,no,no,PASS,authored-specific-rationale|authored-specific-rationale|authored-specific-rationale,0,PASS,KEEP
fraction-division-g5,5,g5f-03-02,ch1,no,content/courses/fraction-division-g5/lessons/g5f-03-02.json,"""A 4-metre ribbon is cut into 1/2-metre pieces."" Which computation fits?","4 ÷ 1/2 = 8, because you count how many halves fit",50,42,no,no,PASS,authored-specific-rationale|authored-specific-rationale|authored-specific-rationale,0,PASS,KEEP
fraction-division-g5,5,g5f-03-02,rem-g5fd-choose-k,yes,content/courses/fraction-division-g5/lessons/g5f-03-02.json,"""A 4-metre ribbon is cut into 1/2-metre pieces."" Which computation fits?","4 ÷ 1/2 = 8, because you count how many halves fit",50,42,no,no,PASS,authored-specific-rationale|authored-specific-rationale|authored-specific-rationale,0,PASS,KEEP
fraction-division-g5,5,g5f-03-03,k3,no,content/courses/fraction-division-g5/lessons/g5f-03-03.json,"""A 4-metre ribbon is cut into 1/2-metre pieces."" Which computation fits?","4 ÷ 1/2 = 8, because you count how many halves fit",50,42,no,no,PASS,authored-specific-rationale|authored-specific-rationale|authored-specific-rationale,0,PASS,KEEP
fraction-division-g5,5,g5f-03-04,k1,no,content/courses/fraction-division-g5/lessons/g5f-03-04.json,"Roughly how big is 5 ÷ 1/3, without computing exactly?",About 15 because each whole has 3 thirds,40,41,no,no,PASS,authored-specific-rationale|authored-specific-rationale|authored-specific-rationale,0,PASS,KEEP
fraction-division-g5,5,g5f-03-04,k3,no,content/courses/fraction-division-g5/lessons/g5f-03-04.json,"Roughly how big is 5 ÷ 1/3, without computing exactly?",About 15 because each whole has 3 thirds,40,41,no,no,PASS,authored-specific-rationale|authored-specific-rationale|authored-specific-rationale,0,PASS,KEEP
fraction-division-g5,5,g5f-03-04,rem-g5fd-estimate-k,yes,content/courses/fraction-division-g5/lessons/g5f-03-04.json,"Roughly how big is 5 ÷ 1/3, without computing exactly?",About 15 because each whole has 3 thirds,40,41,no,no,PASS,authored-specific-rationale|authored-specific-rationale|authored-specific-rationale,0,PASS,KEEP
fraction-multiply-g4,4,g4x-01-01,k2,no,content/courses/fraction-multiply-g4/lessons/g4x-01-01.json,2/5 + 2/5 + 2/5 written as multiplication is…,3 × 2/5,7,15,no,no,PASS,authored-specific-rationale|authored-specific-rationale|fraction-denominator,0,PASS,KEEP
fraction-multiply-g4,4,g4x-01-02,k1,no,content/courses/fraction-multiply-g4/lessons/g4x-01-02.json,Maya finds 3 × 3/4. Which expression matches?,(3 × 3)/4,9,15,no,no,PASS,fraction-denominator|fraction-denominator|authored-specific-rationale,0,PASS,KEEP
fraction-multiply-g4,4,g4x-01-02,k3,no,content/courses/fraction-multiply-g4/lessons/g4x-01-02.json,Maya finds 4 × 2/6. Which expression matches?,(4 × 2)/6,9,15,no,no,PASS,fraction-denominator|fraction-denominator|authored-specific-rationale,0,PASS,KEEP
fraction-multiply-g4,4,g4x-01-02,rem-g4x-as-mult-k,yes,content/courses/fraction-multiply-g4/lessons/g4x-01-02.json,Maya finds 3 × 3/4. Which expression matches?,(3 × 3)/4,9,15,no,no,PASS,fraction-denominator|fraction-denominator|authored-specific-rationale,0,PASS,KEEP
fraction-multiply-g4,4,g4x-01-03,k3,no,content/courses/fraction-multiply-g4/lessons/g4x-01-03.json,2/5 + 2/5 + 2/5 written as multiplication is…,3 × 2/5,7,15,no,no,PASS,authored-specific-rationale|authored-specific-rationale|fraction-denominator,0,PASS,KEEP
fraction-multiply-g4,4,g4x-01-04,k2,no,content/courses/fraction-multiply-g4/lessons/g4x-01-04.json,Maya finds 6 × 3/5. Which expression matches?,(6 × 3)/5,9,15,no,no,PASS,fraction-denominator|fraction-denominator|authored-specific-rationale,0,PASS,KEEP
fraction-multiply-g4,4,g4x-02-01,k1,no,content/courses/fraction-multiply-g4/lessons/g4x-02-01.json,"On a number line marked in fifths, how do you show 3 × 2/5?","Three jumps of 2/5 each, landing on 6/5",39,32,no,no,PASS,authored-specific-rationale|authored-specific-rationale|authored-specific-rationale,0,PASS,KEEP
fraction-multiply-g4,4,g4x-02-01,k3,no,content/courses/fraction-multiply-g4/lessons/g4x-02-01.json,"On a number line marked in fifths, how do you show 3 × 2/5?","Three jumps of 2/5 each, landing on 6/5",39,32,no,no,PASS,authored-specific-rationale|authored-specific-rationale|authored-specific-rationale,0,PASS,KEEP
fraction-multiply-g4,4,g4x-02-01,rem-g4x-line-model-k,yes,content/courses/fraction-multiply-g4/lessons/g4x-02-01.json,"On a number line marked in fifths, how do you show 3 × 2/5?","Three jumps of 2/5 each, landing on 6/5",39,32,no,no,PASS,authored-specific-rationale|authored-specific-rationale|authored-specific-rationale,0,PASS,KEEP
fraction-multiply-g4,4,g4x-02-02,k1,no,content/courses/fraction-multiply-g4/lessons/g4x-02-02.json,"An area model for 4 × 3/8 shows four rows, each with 3 of 8 parts shaded. What does the shading total?","12/8, because 12 eighth-pieces are shaded",41,40,no,no,PASS,representation-read|fraction-denominator|representation-read,0,PASS,KEEP
fraction-multiply-g4,4,g4x-02-02,k3,no,content/courses/fraction-multiply-g4/lessons/g4x-02-02.json,"An area model for 4 × 3/8 shows four rows, each with 3 of 8 parts shaded. What does the shading total?","12/8, because 12 eighth-pieces are shaded",41,40,no,no,PASS,representation-read|fraction-denominator|representation-read,0,PASS,KEEP
fraction-multiply-g4,4,g4x-02-02,rem-g4x-area-model-k,yes,content/courses/fraction-multiply-g4/lessons/g4x-02-02.json,"An area model for 4 × 3/8 shows four rows, each with 3 of 8 parts shaded. What does the shading total?","12/8, because 12 eighth-pieces are shaded",41,40,no,no,PASS,representation-read|fraction-denominator|representation-read,0,PASS,KEEP
fraction-multiply-g4,4,g4x-02-03,k1,no,content/courses/fraction-multiply-g4/lessons/g4x-02-03.json,Why is 5 × 3/4 greater than one whole?,Because 15 fourths is far more than the 4 fourths in one whole,62,51,no,no,PASS,inside-vs-derivative|authored-specific-rationale|authored-specific-rationale,0,PASS,KEEP
fraction-multiply-g4,4,g4x-02-03,k3,no,content/courses/fraction-multiply-g4/lessons/g4x-02-03.json,"Order 7/8, 2/8, and 5/8 from least to greatest. Which one is in the MIDDLE?",5/8,3,3,no,no,PASS,authored-specific-rationale|authored-specific-rationale,0,PASS,KEEP
fraction-multiply-g4,4,g4x-02-03,rem-g4x-past-one-k,yes,content/courses/fraction-multiply-g4/lessons/g4x-02-03.json,Why is 5 × 3/4 greater than one whole?,Because 15 fourths is far more than the 4 fourths in one whole,62,51,no,no,PASS,inside-vs-derivative|authored-specific-rationale|authored-specific-rationale,0,PASS,KEEP
fraction-multiply-g4,4,g4x-03-03,k1,no,content/courses/fraction-multiply-g4/lessons/g4x-03-03.json,A runner covers 3/8 mile per lap and runs 6 laps. Which computes the distance?,6 × 3/8 = 18/8 miles,20,36,no,no,PASS,authored-specific-rationale|authored-specific-rationale|authored-specific-rationale,0,PASS,KEEP
fraction-multiply-g4,4,g4x-03-03,k3,no,content/courses/fraction-multiply-g4/lessons/g4x-03-03.json,A runner covers 3/8 mile per lap and runs 6 laps. Which computes the distance?,6 × 3/8 = 18/8 miles,20,36,no,no,PASS,authored-specific-rationale|authored-specific-rationale|authored-specific-rationale,0,PASS,KEEP
fraction-multiply-g4,4,g4x-03-03,rem-g4x-distance-k,yes,content/courses/fraction-multiply-g4/lessons/g4x-03-03.json,A runner covers 3/8 mile per lap and runs 6 laps. Which computes the distance?,6 × 3/8 = 18/8 miles,20,36,no,no,PASS,authored-specific-rationale|authored-specific-rationale|authored-specific-rationale,0,PASS,KEEP
fraction-multiply-g4,4,g4x-03-04,k1,no,content/courses/fraction-multiply-g4/lessons/g4x-03-04.json,"Roughly how big is 7 × 5/6, without computing exactly?","A little less than 7, since 5/6 is nearly a whole",49,38,no,no,PASS,authored-specific-rationale|authored-specific-rationale|inside-vs-derivative,0,PASS,KEEP
fraction-multiply-g4,4,g4x-03-04,k3,no,content/courses/fraction-multiply-g4/lessons/g4x-03-04.json,"Roughly how big is 7 × 5/6, without computing exactly?","A little less than 7, since 5/6 is nearly a whole",49,38,no,no,PASS,authored-specific-rationale|authored-specific-rationale|inside-vs-derivative,0,PASS,KEEP
fraction-multiply-g4,4,g4x-03-04,rem-g4x-estimate-k,yes,content/courses/fraction-multiply-g4/lessons/g4x-03-04.json,"Roughly how big is 7 × 5/6, without computing exactly?","A little less than 7, since 5/6 is nearly a whole",49,38,no,no,PASS,authored-specific-rationale|authored-specific-rationale|inside-vs-derivative,0,PASS,KEEP
fractions,3,fr-01-01,k1,no,content/courses/fractions/lessons/fr-01-01.json,A sandwich is cut into 3 pieces. When is each piece a THIRD?,Only when the 3 pieces are equal,32,34,no,no,PASS,authored-specific-rationale|authored-specific-rationale|authored-specific-rationale,0,PASS,KEEP
fractions,3,fr-01-01,k2,no,content/courses/fractions/lessons/fr-01-01.json,A ribbon is fair-cut into 6 pieces. What is each piece called?,A sixth,7,7,no,no,PASS,authored-specific-rationale|authored-specific-rationale|authored-specific-rationale,0,PASS,KEEP
fractions,3,fr-01-01,k3,no,content/courses/fractions/lessons/fr-01-01.json,Why do fractions DEMAND equal pieces?,So a piece's name tells its true size — 'a fourth' must always mean the same amount of that whole,97,44,yes,no,FAIL,authored-specific-rationale|authored-specific-rationale|authored-specific-rationale,0,PASS,REMEDIATE
fractions,3,fr-01-01,rem-ep-k,yes,content/courses/fractions/lessons/fr-01-01.json,"A pie is cut into 4 pieces, but one is bigger than the rest. Are the pieces fourths?",Not fourths — the pieces don't match,36,36,no,no,PASS,authored-specific-rationale|authored-specific-rationale,0,PASS,KEEP
fractions,3,fr-01-02,k2,no,content/courses/fractions/lessons/fr-01-02.json,Which of these is a UNIT fraction?,1/6,3,3,no,no,PASS,unit-conversion|unit-conversion|unit-conversion,0,PASS,KEEP
fractions,3,fr-01-02,rem-uf-k,yes,content/courses/fractions/lessons/fr-01-02.json,One piece of a fair 4-cut is…,1/4,3,3,no,no,PASS,authored-specific-rationale|authored-specific-rationale,0,PASS,KEEP
fractions,3,fr-01-03,k1,no,content/courses/fractions/lessons/fr-01-03.json,What does the TOP number of 5/6 count?,The pieces you're taking,24,23,no,no,PASS,authored-specific-rationale|place-value|authored-specific-rationale,0,PASS,KEEP
fractions,3,fr-01-03,k3,no,content/courses/fractions/lessons/fr-01-03.json,Which sum builds 3/4?,1/4 + 1/4 + 1/4,15,15,no,no,PASS,authored-specific-rationale|authored-specific-rationale|authored-specific-rationale,0,PASS,KEEP
fractions,3,fr-01-03,rem-bf-k,yes,content/courses/fractions/lessons/fr-01-03.json,2/3 is the same as…,1/3 + 1/3,9,9,no,no,PASS,authored-specific-rationale|authored-specific-rationale,0,PASS,KEEP
fractions,3,fr-01-04,k1,no,content/courses/fractions/lessons/fr-01-04.json,"In 4/9, the 9 is the…",Denominator — the whole was cut into 9 pieces,45,38,no,no,PASS,fraction-denominator|authored-specific-rationale|fraction-denominator,0,PASS,KEEP
fractions,3,fr-01-04,k2,no,content/courses/fractions/lessons/fr-01-04.json,Keep the top at 1 and turn the bottom dial up: 1/3 becomes 1/9. Your amount of the whole…,Shrinks — the cut got finer,27,26,no,no,PASS,representation-read|authored-specific-rationale|authored-specific-rationale,0,PASS,KEEP
fractions,3,fr-01-04,rem-nd-k,yes,content/courses/fractions/lessons/fr-01-04.json,"In 2/7, which number tells you the KIND of piece?",The 7 — the pieces are sevenths,31,29,no,no,PASS,authored-specific-rationale|authored-specific-rationale,0,PASS,KEEP
fractions,3,fr-02-01,k1,no,content/courses/fractions/lessons/fr-02-01.json,A 0→1 number line is cut into 5 equal jumps. How much of the trip is ONE jump?,1/5,3,3,no,no,PASS,authored-specific-rationale|authored-specific-rationale|authored-specific-rationale,0,PASS,KEEP
fractions,3,fr-02-01,k3,no,content/courses/fractions/lessons/fr-02-01.json,Why must the jumps on the line be EQUAL?,So each landing spot's name tells its true distance from 0,58,44,no,no,PASS,authored-specific-rationale|authored-specific-rationale|authored-specific-rationale,0,PASS,KEEP
fractions,3,fr-02-01,rem-np-k,yes,content/courses/fractions/lessons/fr-02-01.json,The 0→1 trip is cut into 3 equal jumps. One jump covers…,1/3 of the trip,15,15,no,no,PASS,authored-specific-rationale|authored-specific-rationale,0,PASS,KEEP
fractions,3,fr-02-02,k3,no,content/courses/fractions/lessons/fr-02-02.json,Which spot is CLOSER to 0: 1/8 or 1/3?,1/8,3,18,no,no,PASS,authored-specific-rationale|authored-specific-rationale|authored-specific-rationale,0,PASS,KEEP
fractions,3,fr-02-02,rem-nu-k,yes,content/courses/fractions/lessons/fr-02-02.json,"On a 4-jump line from 0 to 1, where is 1/4?",The first mark after 0,22,15,no,no,PASS,authored-specific-rationale|authored-specific-rationale,0,PASS,KEEP
fractions,3,fr-02-03,k2,no,content/courses/fractions/lessons/fr-02-03.json,"Counting by fourths from 0, where do you stand after your THIRD jump?",3/4,3,12,no,no,PASS,authored-specific-rationale|authored-specific-rationale|authored-specific-rationale,0,PASS,KEEP
fractions,3,fr-02-03,k3,no,content/courses/fractions/lessons/fr-02-03.json,Where does 2/4 land?,Exactly halfway — the same spot as 1/2,38,20,yes,yes,FAIL,authored-specific-rationale|authored-specific-rationale|authored-specific-rationale,0,PASS,REMEDIATE
fractions,3,fr-02-03,rem-nf-k,yes,content/courses/fractions/lessons/fr-02-03.json,"On a 3-jump line from 0 to 1, where are you after 2 jumps?",2/3,3,12,no,no,PASS,authored-specific-rationale|authored-specific-rationale,0,PASS,KEEP
fractions,3,fr-02-04,k1,no,content/courses/fractions/lessons/fr-02-04.json,Where does 7/4 live on the line?,Between 1 and 2,15,15,no,no,PASS,authored-specific-rationale|authored-specific-rationale|place-value,0,PASS,KEEP
fractions,3,fr-02-04,k3,no,content/courses/fractions/lessons/fr-02-04.json,Where does 9/9 land?,Exactly on 1,12,15,no,no,PASS,authored-specific-rationale|authored-specific-rationale|authored-specific-rationale,0,PASS,KEEP
fractions,3,fr-02-04,rem-nb-k,yes,content/courses/fractions/lessons/fr-02-04.json,"A frog jumps in HALVES. After 5 jumps, where is it?",2 wholes and one more half-jump,31,15,no,no,PASS,authored-specific-rationale|authored-specific-rationale,0,PASS,KEEP
fractions,3,fr-03-01,k1,no,content/courses/fractions/lessons/fr-03-01.json,2/4 and 1/2 are equivalent. What does that mean?,They name the exact same point — the same amount,48,48,no,yes,FAIL,authored-specific-rationale|authored-specific-rationale|place-value,0,PASS,REMEDIATE
fractions,3,fr-03-01,k3,no,content/courses/fractions/lessons/fr-03-01.json,Rio says 2/4 is MORE than 1/2 'because two pieces beat one piece.' What's the repair?,The pieces are different sizes — two fourths together cover exactly one half,76,54,yes,no,FAIL,authored-specific-rationale|authored-specific-rationale|authored-specific-rationale,0,PASS,REMEDIATE
fractions,3,fr-03-01,rem-eq-k,yes,content/courses/fractions/lessons/fr-03-01.json,2/4 and 1/2 name…,The same point,14,40,no,no,PASS,authored-specific-rationale|authored-specific-rationale,0,PASS,KEEP
fractions,3,fr-03-02,k1,no,content/courses/fractions/lessons/fr-03-02.json,A bar has 1/2 shaded. You cut every piece in half. The shaded part now reads…,"2/4 — the same amount, renamed",30,23,no,no,PASS,authored-specific-rationale|authored-specific-rationale|authored-specific-rationale,0,PASS,KEEP
fractions,3,fr-03-02,k3,no,content/courses/fractions/lessons/fr-03-02.json,Which is a FAIR trade for 2/3?,4/6,3,3,no,no,PASS,authored-specific-rationale|representation-read|representation-read,0,PASS,KEEP
fractions,3,fr-03-02,rem-em-k,yes,content/courses/fractions/lessons/fr-03-02.json,One HALF of a bar trades fairly for how many FOURTH-pieces?,2,1,1,no,no,PASS,authored-specific-rationale|authored-specific-rationale,0,PASS,KEEP
fractions,3,fr-03-03,k1,no,content/courses/fractions/lessons/fr-03-03.json,Which fraction equals exactly 3?,12/4,4,3,no,no,PASS,authored-specific-rationale|authored-specific-rationale|authored-specific-rationale,0,PASS,KEEP
fractions,3,fr-03-03,k3,no,content/courses/fractions/lessons/fr-03-03.json,Why does 5/5 equal 1?,Five fifth-pieces are every piece of the whole — together they rebuild it exactly,81,34,yes,no,FAIL,authored-specific-rationale|authored-specific-rationale|authored-specific-rationale,0,PASS,REMEDIATE
fractions,3,fr-03-03,rem-wf-k,yes,content/courses/fractions/lessons/fr-03-03.json,10/5 = ?,2,1,2,no,no,PASS,authored-specific-rationale|operation-swap,0,PASS,KEEP
fractions,3,fr-04-01,k3,no,content/courses/fractions/lessons/fr-04-01.json,Why can the TOPS settle it when the bottoms match?,Matching bottoms mean matching piece sizes — so more pieces really is more,74,46,yes,no,FAIL,authored-specific-rationale|authored-specific-rationale|authored-specific-rationale,0,PASS,REMEDIATE
fractions,3,fr-04-01,rem-cd-k,yes,content/courses/fractions/lessons/fr-04-01.json,Which is more of the same pie: 2/9 or 7/9?,7/9,3,13,no,no,PASS,authored-specific-rationale|authored-specific-rationale,0,PASS,KEEP
fractions,3,fr-04-02,k2,no,content/courses/fractions/lessons/fr-04-02.json,Priya says 3/10 is bigger than 3/4 'because 10 is bigger than 4.' What's the repair?,The 10 means a ten-way cut — slivers. Three quarter-slabs beat three slivers.,77,35,yes,yes,FAIL,authored-specific-rationale|authored-specific-rationale|authored-specific-rationale,0,PASS,REMEDIATE
fractions,3,fr-04-02,k3,no,content/courses/fractions/lessons/fr-04-02.json,"Rank these, biggest first: 4/5, 4/7, 4/9.",4/5 > 4/7 > 4/9,15,26,no,no,PASS,authored-specific-rationale|authored-specific-rationale|authored-specific-rationale,0,PASS,KEEP
fractions,3,fr-04-02,rem-cn-k,yes,content/courses/fractions/lessons/fr-04-02.json,Which is more of the same bar: 1/4 or 1/6?,1/4,3,13,no,no,PASS,authored-specific-rationale|authored-specific-rationale,0,PASS,KEEP
fractions,3,fr-04-03,k1,no,content/courses/fractions/lessons/fr-04-03.json,Which is more of the same sandwich: 1/3 or 1/4?,1/3,3,32,no,no,PASS,authored-specific-rationale|authored-specific-rationale|authored-specific-rationale,0,PASS,KEEP
fractions,3,fr-04-03,k3,no,content/courses/fractions/lessons/fr-04-03.json,"Which is the SMALLEST piece of the same pie: 1/5, 1/9, or 1/2?",1/9,3,17,no,no,PASS,representation-read|authored-specific-rationale|authored-specific-rationale,0,PASS,KEEP
fractions,3,fr-04-03,rem-us-k,yes,content/courses/fractions/lessons/fr-04-03.json,"Same pie: which is the BIGGER piece, 1/6 or 1/3?",1/3,3,9,no,no,PASS,representation-read|authored-specific-rationale,0,PASS,KEEP
fractions,3,fr-04-04,k1,no,content/courses/fractions/lessons/fr-04-04.json,Marta says: '1/4 of my sticky note equals 1/4 of your poster — a fourth is a fourth!' Is she right?,Not necessarily — a fourth's amount depends on the whole it comes from,70,42,yes,no,FAIL,authored-specific-rationale|authored-specific-rationale|authored-specific-rationale,0,PASS,REMEDIATE
fractions,3,fr-04-04,k2,no,content/courses/fractions/lessons/fr-04-04.json,Leo ate 1/2 of a MINI pizza; Ana ate 1/4 of a FAMILY-SIZE one. Leo says: 'I ate more — 1/2 beats 1/4!' What's wrong?,The pizzas aren't the same size — a family-size fourth could easily be more food than a mini half,97,30,yes,no,FAIL,authored-specific-rationale|authored-specific-rationale|authored-specific-rationale,0,PASS,REMEDIATE
fractions,3,fr-04-04,k3,no,content/courses/fractions/lessons/fr-04-04.json,Two fractions can be fairly compared only when…,"They describe the same whole, or same-size wholes",49,26,yes,no,FAIL,authored-specific-rationale|authored-specific-rationale|authored-specific-rationale,0,PASS,REMEDIATE
fractions,3,fr-04-04,ch1,no,content/courses/fractions/lessons/fr-04-04.json,Kim ate 2/3 of her small bag of trail mix; Raj ate 2/5 of his — their bags are identical. Nia ate 3/4 of a JUMBO bag. Which comparisons have real verdicts?,Only Kim vs Raj — and Kim ate more (2/3 > 2/5); Nia's jumbo bag breaks her matchups,83,55,yes,yes,FAIL,representation-read|authored-specific-rationale|authored-specific-rationale,0,PASS,REMEDIATE
fractions,3,fr-04-04,rem-sw-k,yes,content/courses/fractions/lessons/fr-04-04.json,Can you fairly compare 1/2 of a juice box with 1/3 of a barrel?,Not fairly — the wholes are different sizes,43,27,no,no,PASS,authored-specific-rationale|authored-specific-rationale,0,PASS,KEEP
fractions-add,4,fa-01-01,k1,no,content/courses/fractions-add/lessons/fa-01-01.json,Does 2/3 name the same amount as 4/6 (of the same whole)?,Yes — both cover the same shaded area,37,52,no,no,PASS,authored-specific-rationale|authored-specific-rationale|authored-specific-rationale,0,PASS,KEEP
fractions-add,4,fa-01-01,k2,no,content/courses/fractions-add/lessons/fa-01-01.json,"In 1/4 = 3/12, what happened to the top and bottom numbers?",Both were multiplied by 3,25,44,no,no,PASS,authored-specific-rationale|authored-specific-rationale|authored-specific-rationale,0,PASS,KEEP
fractions-add,4,fa-01-01,rem-er-k,yes,content/courses/fractions-add/lessons/fa-01-01.json,2/3 = ?/9. What number goes on top?,6,1,1,no,no,PASS,authored-specific-rationale|authored-specific-rationale,0,PASS,KEEP
fractions-add,4,fa-01-02,rem-tn-k,yes,content/courses/fractions-add/lessons/fa-01-02.json,"1/2, with every piece sliced into 4, becomes…",4/8,3,3,no,no,PASS,authored-specific-rationale|authored-specific-rationale,0,PASS,KEEP
fractions-add,4,fa-01-03,rem-sf-k,yes,content/courses/fractions-add/lessons/fa-01-03.json,Simplify 4/6 to lowest terms.,2/3,3,3,no,no,PASS,authored-specific-rationale|authored-specific-rationale,0,PASS,KEEP
fractions-add,4,fa-02-01,rem-bh-k,yes,content/courses/fractions-add/lessons/fa-02-01.json,"Is 3/5 more than, less than, or exactly 1/2?",More than 1/2,13,13,no,no,PASS,authored-specific-rationale|authored-specific-rationale,0,PASS,KEEP
fractions-add,4,fa-02-03,k3,no,content/courses/fractions-add/lessons/fa-02-03.json,"Order 1/5, 3/4, and 4/9 from least to greatest. Which one is in the MIDDLE?",4/9,3,26,no,no,PASS,authored-specific-rationale|authored-specific-rationale|place-value,0,PASS,KEEP
fractions-add,4,fa-02-03,rem-bo-k,yes,content/courses/fractions-add/lessons/fa-02-03.json,"Among 1/9, 5/9, and 8/9, which is SMALLEST?",1/9,3,3,no,no,PASS,authored-specific-rationale|authored-specific-rationale,0,PASS,KEEP
fractions-add,4,fa-03-01,k2,no,content/courses/fractions-add/lessons/fa-03-01.json,Sam adds 2/7 + 3/7 and writes 5/14. What went wrong?,"Sam added the denominators too — the pieces stayed the same size, so the answer is 5/7",86,43,yes,no,FAIL,fraction-denominator|fraction-denominator|fraction-denominator,0,PASS,REMEDIATE
fractions-add,4,fa-03-01,rem-al-k,yes,content/courses/fractions-add/lessons/fa-03-01.json,What is 2/6 + 3/6?,5/6,3,4,no,no,PASS,fraction-denominator|fraction-denominator,0,PASS,KEEP
fractions-add,4,fa-03-02,k2,no,content/courses/fractions-add/lessons/fa-03-02.json,Priya subtracts 9/10 − 4/10 and writes 5/0. What went wrong?,"Priya subtracted the denominators too — the pieces stayed tenths, so the answer is 5/10",87,40,yes,no,FAIL,fraction-denominator|fraction-denominator|fraction-denominator,0,PASS,REMEDIATE
fractions-add,4,fa-03-02,rem-sl-k,yes,content/courses/fractions-add/lessons/fa-03-02.json,What is 5/8 − 2/8?,3/8,3,3,no,no,PASS,fraction-denominator|authored-specific-rationale,0,PASS,KEEP
fractions-add,4,fa-03-03,k2,no,content/courses/fractions-add/lessons/fa-03-03.json,"Is 5/8 + 6/8 less than, exactly, or more than one whole?",More than one whole — the numerator (11) passes the denominator (8),67,38,yes,yes,FAIL,authored-specific-rationale|fraction-denominator|fraction-denominator,0,PASS,REMEDIATE
fractions-add,4,fa-03-03,rem-wp-k,yes,content/courses/fractions-add/lessons/fa-03-03.json,Ana has 2/5 liter of juice. She adds 1/5 liter more. How much juice does she have now?,3/5 liter,9,10,no,no,PASS,fraction-denominator|operation-swap,0,PASS,KEEP
fractions-add,4,fa-04-01,rem-im-k,yes,content/courses/fractions-add/lessons/fa-04-01.json,Convert 9/4 to a mixed number.,2 1/4,5,5,no,no,PASS,authored-specific-rationale|fraction-denominator,0,PASS,KEEP
fractions-add,4,fa-04-02,rem-mi-k,yes,content/courses/fractions-add/lessons/fa-04-02.json,Convert 2 1/3 to an improper fraction.,7/3,3,3,no,no,PASS,authored-specific-rationale|authored-specific-rationale,0,PASS,KEEP
fractions-add,4,fa-04-03,rem-ms-k,yes,content/courses/fractions-add/lessons/fa-04-03.json,What is 2 1/3 − 1 2/3?,2/3,3,5,no,no,PASS,place-value|place-value,0,PASS,KEEP
fractions-add,4,fa-05-01,k2,no,content/courses/fractions-add/lessons/fa-05-01.json,5×(2/9) equals 2/9 added to itself 5 times. What's the fastest way to find the numerator?,Multiply 2 × 5,14,40,no,no,PASS,fraction-denominator|authored-specific-rationale|fraction-denominator,0,PASS,KEEP
fractions-add,4,fa-05-01,rem-fw-k,yes,content/courses/fractions-add/lessons/fa-05-01.json,What is 2×(1/4)?,2/4,3,3,no,no,PASS,fraction-denominator|fraction-denominator,0,PASS,KEEP
fractions-add,4,fa-05-02,rem-sw-k,yes,content/courses/fractions-add/lessons/fa-05-02.json,What is 3 × (2/7)?,6/7,3,4,no,no,PASS,fraction-denominator|authored-specific-rationale,0,PASS,KEEP
fractions-deeper-g3,3,g3f-01-01,k1,no,content/courses/fractions-deeper-g3/lessons/g3f-01-01.json,"A circle is cut into 3 pieces, but one piece is much larger than the others. Are these thirds?",No — thirds must be three EQUAL pieces,38,37,no,no,PASS,authored-specific-rationale|authored-specific-rationale|authored-specific-rationale,0,PASS,KEEP
fractions-deeper-g3,3,g3f-01-01,k3,no,content/courses/fractions-deeper-g3/lessons/g3f-01-01.json,"A circle is cut into 3 pieces, but one piece is much larger than the others. Are these thirds?",No — thirds must be three EQUAL pieces,38,37,no,no,PASS,authored-specific-rationale|authored-specific-rationale|authored-specific-rationale,0,PASS,KEEP
fractions-deeper-g3,3,g3f-01-01,rem-g3f-equal-parts-k,yes,content/courses/fractions-deeper-g3/lessons/g3f-01-01.json,"A circle is cut into 3 pieces, but one piece is much larger than the others. Are these thirds?",No — thirds must be three EQUAL pieces,38,37,no,no,PASS,authored-specific-rationale|authored-specific-rationale|authored-specific-rationale,0,PASS,KEEP
fractions-deeper-g3,3,g3f-01-02,k1,no,content/courses/fractions-deeper-g3/lessons/g3f-01-02.json,A pizza is split into 3 equal parts. What do you call each slice?,a third,7,8,no,no,PASS,authored-specific-rationale|authored-specific-rationale,0,PASS,KEEP
fractions-deeper-g3,3,g3f-01-02,k2,no,content/courses/fractions-deeper-g3/lessons/g3f-01-02.json,Which is smaller: a half or a fourth?,a fourth,8,21,no,no,PASS,authored-specific-rationale|authored-specific-rationale,0,PASS,KEEP
fractions-deeper-g3,3,g3f-01-02,k3,no,content/courses/fractions-deeper-g3/lessons/g3f-01-02.json,A pizza is split into 3 equal parts. What do you call each slice?,a third,7,8,no,no,PASS,authored-specific-rationale|authored-specific-rationale,0,PASS,KEEP
fractions-deeper-g3,3,g3f-01-02,ch1,no,content/courses/fractions-deeper-g3/lessons/g3f-01-02.json,Which is bigger: a half or a fourth?,a half,6,21,no,no,PASS,authored-specific-rationale|authored-specific-rationale,0,PASS,KEEP
fractions-deeper-g3,3,g3f-01-02,rem-g3f-unit-name-k,yes,content/courses/fractions-deeper-g3/lessons/g3f-01-02.json,A pizza is split into 3 equal parts. What do you call each slice?,a third,7,8,no,no,PASS,authored-specific-rationale|authored-specific-rationale,0,PASS,KEEP
fractions-deeper-g3,3,g3f-01-04,k2,no,content/courses/fractions-deeper-g3/lessons/g3f-01-04.json,Which is bigger: a third or a fourth?,a third,7,21,no,no,PASS,authored-specific-rationale|authored-specific-rationale,0,PASS,KEEP
fractions-deeper-g3,3,g3f-01-04,ch1,no,content/courses/fractions-deeper-g3/lessons/g3f-01-04.json,A ribbon is cut into 6 equal pieces and 5 are used. Which fraction names what was used?,5/6 — five of six equal pieces,30,27,no,no,PASS,authored-specific-rationale|authored-specific-rationale|authored-specific-rationale,0,PASS,KEEP
fractions-deeper-g3,3,g3f-01-05,k1,no,content/courses/fractions-deeper-g3/lessons/g3f-01-05.json,"On a ruler marked in eighths, which mark lands exactly on 1/2?",The 4/8 mark,12,21,no,no,PASS,authored-specific-rationale|authored-specific-rationale|authored-specific-rationale,0,PASS,KEEP
fractions-deeper-g3,3,g3f-01-05,k3,no,content/courses/fractions-deeper-g3/lessons/g3f-01-05.json,"On a ruler marked in eighths, which mark lands exactly on 1/2?",The 4/8 mark,12,21,no,no,PASS,authored-specific-rationale|authored-specific-rationale|authored-specific-rationale,0,PASS,KEEP
fractions-deeper-g3,3,g3f-01-05,rem-g3f-ruler-k,yes,content/courses/fractions-deeper-g3/lessons/g3f-01-05.json,"On a ruler marked in eighths, which mark lands exactly on 1/2?",The 4/8 mark,12,21,no,no,PASS,authored-specific-rationale|authored-specific-rationale|authored-specific-rationale,0,PASS,KEEP
fractions-deeper-g3,3,g3f-02-02,k1,no,content/courses/fractions-deeper-g3/lessons/g3f-02-02.json,Which is bigger: a half or a third?,a half,6,21,no,no,PASS,authored-specific-rationale|authored-specific-rationale,0,PASS,KEEP
fractions-deeper-g3,3,g3f-02-02,ch1,no,content/courses/fractions-deeper-g3/lessons/g3f-02-02.json,Which is smaller: a half or a fourth?,a fourth,8,21,no,no,PASS,authored-specific-rationale|authored-specific-rationale,0,PASS,KEEP
fractions-deeper-g3,3,g3f-02-02,rem-g3f-sixths-eighths-k,yes,content/courses/fractions-deeper-g3/lessons/g3f-02-02.json,Which is bigger: a half or a third?,a half,6,21,no,no,PASS,authored-specific-rationale|authored-specific-rationale,0,PASS,KEEP
fractions-deeper-g3,3,g3f-02-04,ch1,no,content/courses/fractions-deeper-g3/lessons/g3f-02-04.json,"On a ruler marked in eighths, which mark lands exactly on 1/2?",The 4/8 mark,12,21,no,no,PASS,authored-specific-rationale|authored-specific-rationale|authored-specific-rationale,0,PASS,KEEP
fractions-deeper-g3,3,g3f-03-02,k1,no,content/courses/fractions-deeper-g3/lessons/g3f-03-02.json,Maya eats 1/2 of a small pizza. Ben eats 1/4 of a giant pizza. Ben's piece is bigger. Does that mean 1/4 > 1/2?,No — the wholes were different sizes,36,31,no,no,PASS,authored-specific-rationale|authored-specific-rationale|authored-specific-rationale,0,PASS,KEEP
fractions-deeper-g3,3,g3f-03-02,k2,no,content/courses/fractions-deeper-g3/lessons/g3f-03-02.json,"Two identical wholes are cut into sixths. Which is greater, 4/6 or 5/6?",5/6,3,23,no,no,PASS,authored-specific-rationale|authored-specific-rationale|authored-specific-rationale,0,PASS,KEEP
fractions-deeper-g3,3,g3f-03-02,k3,no,content/courses/fractions-deeper-g3/lessons/g3f-03-02.json,Maya eats 1/2 of a small pizza. Ben eats 1/4 of a giant pizza. Ben's piece is bigger. Does that mean 1/4 > 1/2?,No — the wholes were different sizes,36,31,no,no,PASS,authored-specific-rationale|authored-specific-rationale|authored-specific-rationale,0,PASS,KEEP
fractions-deeper-g3,3,g3f-03-02,ch1,no,content/courses/fractions-deeper-g3/lessons/g3f-03-02.json,"Two identical wholes are cut into thirds. Which is greater, 1/3 or 2/3?",2/3,3,23,no,no,PASS,authored-specific-rationale|authored-specific-rationale|authored-specific-rationale,0,PASS,KEEP
fractions-deeper-g3,3,g3f-03-02,rem-g3f-same-whole-k,yes,content/courses/fractions-deeper-g3/lessons/g3f-03-02.json,Maya eats 1/2 of a small pizza. Ben eats 1/4 of a giant pizza. Ben's piece is bigger. Does that mean 1/4 > 1/2?,No — the wholes were different sizes,36,31,no,no,PASS,authored-specific-rationale|authored-specific-rationale|authored-specific-rationale,0,PASS,KEEP
fractions-deeper-g3,3,g3f-03-03,k1,no,content/courses/fractions-deeper-g3/lessons/g3f-03-03.json,"Order 3/6, 5/6, and 4/6 from least to greatest. Which one is in the MIDDLE?",4/6,3,3,no,no,PASS,authored-specific-rationale|authored-specific-rationale,0,PASS,KEEP
fractions-deeper-g3,3,g3f-03-03,k3,no,content/courses/fractions-deeper-g3/lessons/g3f-03-03.json,"Order 4/6, 1/6, and 5/6 from least to greatest. Which one is in the MIDDLE?",4/6,3,3,no,no,PASS,authored-specific-rationale|authored-specific-rationale,0,PASS,KEEP
fractions-deeper-g3,3,g3f-03-03,ch1,no,content/courses/fractions-deeper-g3/lessons/g3f-03-03.json,"Two identical wholes are cut into sixths. Which is greater, 1/6 or 4/6?",4/6,3,23,no,no,PASS,authored-specific-rationale|authored-specific-rationale|authored-specific-rationale,0,PASS,KEEP
fractions-deeper-g3,3,g3f-03-03,rem-g3f-order-three-k,yes,content/courses/fractions-deeper-g3/lessons/g3f-03-03.json,"Order 3/6, 5/6, and 4/6 from least to greatest. Which one is in the MIDDLE?",4/6,3,3,no,no,PASS,authored-specific-rationale|authored-specific-rationale,0,PASS,KEEP
fractions-deeper-g3,3,g3f-03-04,k1,no,content/courses/fractions-deeper-g3/lessons/g3f-03-04.json,A ribbon is cut into 6 equal pieces and 5 are used. Which fraction names what was used?,5/6 — five of six equal pieces,30,27,no,no,PASS,authored-specific-rationale|authored-specific-rationale|authored-specific-rationale,0,PASS,KEEP
fractions-deeper-g3,3,g3f-03-04,k3,no,content/courses/fractions-deeper-g3/lessons/g3f-03-04.json,A ribbon is cut into 6 equal pieces and 5 are used. Which fraction names what was used?,5/6 — five of six equal pieces,30,27,no,no,PASS,authored-specific-rationale|authored-specific-rationale|authored-specific-rationale,0,PASS,KEEP
fractions-deeper-g3,3,g3f-03-04,rem-g3f-story-k,yes,content/courses/fractions-deeper-g3/lessons/g3f-03-04.json,A ribbon is cut into 6 equal pieces and 5 are used. Which fraction names what was used?,5/6 — five of six equal pieces,30,27,no,no,PASS,authored-specific-rationale|authored-specific-rationale|authored-specific-rationale,0,PASS,KEEP
fractions-multiply,5,fm-01-01,i2,no,content/courses/fractions-multiply/lessons/fm-01-01.json,"For 1/2 and 3/8, what is the least common denominator?",8,1,2,no,no,PASS,authored-specific-rationale|fraction-denominator,0,PASS,KEEP
fractions-multiply,5,fm-01-02,rem-au-k,yes,content/courses/fractions-multiply/lessons/fm-01-02.json,1/3 + 1/6 = ? (rewrite 1/3 as 2/6),1/2,3,3,no,no,PASS,authored-specific-rationale|authored-specific-rationale,0,PASS,KEEP
fractions-multiply,5,fm-01-03,rem-su-k,yes,content/courses/fractions-multiply/lessons/fm-01-03.json,3/4 − 1/2 = ? (rewrite 1/2 as 2/4),1/4,3,3,no,no,PASS,fraction-denominator|authored-specific-rationale,0,PASS,KEEP
fractions-multiply,5,fm-02-01,rem-gf-k,yes,content/courses/fractions-multiply/lessons/fm-02-01.json,2 × 1/4 = ?,1/2,3,3,no,no,PASS,fraction-denominator|fraction-denominator,0,PASS,KEEP
fractions-multiply,5,fm-03-01,k3,no,content/courses/fractions-multiply/lessons/fm-03-01.json,Without computing exactly: 1/3 × 1/4 is —,smaller than both 1/3 and 1/4,29,16,no,no,PASS,representation-read|inside-vs-derivative,0,PASS,KEEP
fractions-multiply,5,fm-03-01,rem-am-k,yes,content/courses/fractions-multiply/lessons/fm-03-01.json,"1/2 × 1/4 = ? (grid 2 × 4 = 8 cells, overlap 1 cell)",1/8,3,3,no,no,PASS,authored-specific-rationale|authored-specific-rationale,0,PASS,KEEP
fractions-multiply,5,fm-03-02,rem-ma-k,yes,content/courses/fractions-multiply/lessons/fm-03-02.json,"1/2 × 2/3 = ? (multiply across, then simplify)",1/3,3,3,no,no,PASS,authored-specific-rationale|authored-specific-rationale,0,PASS,KEEP
fractions-multiply,5,fm-04-01,k1,no,content/courses/fractions-multiply/lessons/fm-04-01.json,"Is 8 × 7/6 bigger than 8, smaller than 8, or exactly 8?",Bigger than 8,13,14,no,no,PASS,representation-read|authored-specific-rationale,0,PASS,KEEP
fractions-multiply,5,fm-04-01,k2,no,content/courses/fractions-multiply/lessons/fm-04-01.json,"Is 10 × 3/3 bigger than 10, smaller than 10, or exactly 10?",Exactly 10,10,15,no,no,PASS,representation-read|authored-specific-rationale,0,PASS,KEEP
fractions-multiply,5,fm-04-01,i2,no,content/courses/fractions-multiply/lessons/fm-04-01.json,Which multiplier would make a number BIGGER?,5/4,3,3,no,no,PASS,representation-read|representation-read,0,PASS,KEEP
fractions-multiply,5,fm-04-01,k3,no,content/courses/fractions-multiply/lessons/fm-04-01.json,"Is 12 × 5/6 bigger than 12, smaller than 12, or exactly 12?",Smaller than 12,15,14,no,no,PASS,representation-read|authored-specific-rationale,0,PASS,KEEP
fractions-multiply,5,fm-04-01,ch1,no,content/courses/fractions-multiply/lessons/fm-04-01.json,"Without computing: is 9 × 4/3 bigger than 9, smaller than 9, or exactly 9?",Bigger than 9,13,14,no,no,PASS,representation-read|authored-specific-rationale,0,PASS,KEEP
fractions-multiply,5,fm-04-01,rem-sc-k,yes,content/courses/fractions-multiply/lessons/fm-04-01.json,"Is 10 × 2/3 bigger than 10, smaller than 10, or exactly 10?",Smaller than 10,15,14,no,no,PASS,authored-specific-rationale|authored-specific-rationale,0,PASS,KEEP
fractions-multiply,5,fm-04-02,i1,no,content/courses/fractions-multiply/lessons/fm-04-02.json,"Without computing: is 3/4 × 8 more than 8, less than 8, or equal to 8?",Less than 8,11,11,no,no,PASS,authored-specific-rationale|inside-vs-derivative,0,PASS,KEEP
fractions-multiply,5,fm-04-02,k1,no,content/courses/fractions-multiply/lessons/fm-04-02.json,"Is 7/6 × 8 more than 8, less than 8, or equal to 8?",More than 8,11,11,no,no,PASS,representation-read|inside-vs-derivative,0,PASS,KEEP
fractions-multiply,5,fm-04-02,k2,no,content/courses/fractions-multiply/lessons/fm-04-02.json,Which is bigger: 2/3 × 10 or 5/4 × 10?,5/4 × 10,8,13,no,no,PASS,representation-read|inside-vs-derivative,0,PASS,KEEP
fractions-multiply,5,fm-04-02,k3,no,content/courses/fractions-multiply/lessons/fm-04-02.json,"Which product is the largest: 1/2 × 20, 3/4 × 20, or 5/4 × 20?",5/4 × 20,8,8,no,no,PASS,representation-read|authored-specific-rationale,0,PASS,KEEP
fractions-multiply,5,fm-04-02,ch1,no,content/courses/fractions-multiply/lessons/fm-04-02.json,Which is bigger: 3/5 × 12 or 7/6 × 12?,7/6 × 12,8,13,no,no,PASS,representation-read|inside-vs-derivative,0,PASS,KEEP
fractions-multiply,5,fm-04-02,rem-sr-k,yes,content/courses/fractions-multiply/lessons/fm-04-02.json,"Is 2/5 × 10 more than 10, less than 10, or equal to 10?",Less than 10,12,12,no,no,PASS,authored-specific-rationale|authored-specific-rationale,0,PASS,KEEP
fractions-multiply,5,fm-05-03,i1,no,content/courses/fractions-multiply/lessons/fm-05-03.json,A 1/2 pan of brownies is shared equally by 3 friends. Which computation gives each share?,1/2 ÷ 3,7,7,no,no,PASS,authored-specific-rationale|authored-specific-rationale,0,PASS,KEEP
fractions-multiply,5,fm-05-03,k2,no,content/courses/fractions-multiply/lessons/fm-05-03.json,How many 1/4-cup scoops are in 3 cups? Which computation?,3 ÷ 1/4,7,7,no,no,PASS,authored-specific-rationale|authored-specific-rationale,0,PASS,KEEP
fractions-multiply,5,fm-05-03,rem-fw-k,yes,content/courses/fractions-multiply/lessons/fm-05-03.json,A 1/2 pizza is shared equally by 2 people. Each share is —,1/4,3,3,no,no,PASS,authored-specific-rationale|authored-specific-rationale,0,PASS,KEEP
function-analysis,12,fna-01-02,k2,no,content/courses/function-analysis/lessons/fna-01-02.json,A secant through two points on a curve is perfectly horizontal. What does that say about the function on that interval?,Its average rate of change there is 0 — it ends at the height it started,72,54,no,yes,FAIL,boundary-endpoint|rate-vs-start,0,PASS,REMEDIATE
function-analysis,12,fna-01-02,ch1,no,content/courses/function-analysis/lessons/fna-01-02.json,"A curve passes through (0, 1), (2, 9), and (5, 25). Which interval has the greater average rate of change?","[2, 5]",6,14,no,no,PASS,rate-vs-start|rate-vs-start,0,PASS,KEEP
function-analysis,12,fna-01-03,k2,no,content/courses/function-analysis/lessons/fna-01-03.json,H(t) is the height of water in a reservoir. The average rate of change of H over a week is −2 feet per day. What happened?,"The water level dropped, on average 2 feet each day",51,39,no,no,PASS,unit-conversion|sign-direction,0,PASS,KEEP
function-analysis,12,fna-01-03,k3,no,content/courses/function-analysis/lessons/fna-01-03.json,Ava walks 10 km in 2 hours. Ben walks 12 km in 3 hours. Whose average speed is greater?,Ava's (5 km/h vs 4 km/h),24,32,no,no,PASS,rate-vs-start|authored-specific-rationale,0,PASS,KEEP
function-analysis,12,fna-02-01,ch1,no,content/courses/function-analysis/lessons/fna-02-01.json,"What is y = x³ − 3x doing on the interval (1, ∞)?",Increasing the whole way,24,24,no,no,PASS,authored-specific-rationale|sign-direction,0,PASS,KEEP
function-analysis,12,fna-02-01,rem-fna0201-k,yes,content/courses/function-analysis/lessons/fna-02-01.json,On which interval is y = x² decreasing?,"(−∞, 0)",7,6,no,no,PASS,authored-specific-rationale,0,PASS,KEEP
function-analysis,12,fna-02-02,k2,no,content/courses/function-analysis/lessons/fna-02-02.json,"Why is the peak of y = x³ − 3x at (−1, 2) a LOCAL but not an ABSOLUTE maximum?",The function later climbs above 2 and keeps going forever,57,47,no,no,PASS,authored-specific-rationale|authored-specific-rationale,0,PASS,KEEP
function-analysis,12,fna-02-02,ch1,no,content/courses/function-analysis/lessons/fna-02-02.json,Which point is the local minimum of y = x³ − 3x?,"(1, −2)",7,7,no,no,PASS,representation-read|sign-direction,0,PASS,KEEP
function-analysis,12,fna-02-03,k2,no,content/courses/function-analysis/lessons/fna-02-03.json,y = x³ − 3x has a local max value 2 and a local min value −2. What is its range?,All real numbers,16,7,no,no,PASS,authored-specific-rationale|authored-specific-rationale,0,PASS,KEEP
function-analysis,12,fna-02-03,k3,no,content/courses/function-analysis/lessons/fna-02-03.json,"H(t) graphs a ball's height over time: increasing on (0, 2), decreasing on (2, 4), maximum point (2, 20). What does (2, 20) mean?","At 2 seconds the ball reaches its greatest height, 20 meters",60,57,no,no,PASS,unit-conversion|representation-read,0,PASS,KEEP
function-analysis,12,fna-02-03,rem-fna0203-k,yes,content/courses/function-analysis/lessons/fna-02-03.json,What is the range of y = x²?,"[0, ∞)",6,7,no,no,PASS,sign-direction,0,PASS,KEEP
function-analysis,12,fna-03-01,k1,no,content/courses/function-analysis/lessons/fna-03-01.json,Classify g(x) = x³ − 3x.,Odd,3,7,no,no,PASS,sign-direction|authored-specific-rationale,0,PASS,KEEP
function-analysis,12,fna-03-01,k2,no,content/courses/function-analysis/lessons/fna-03-01.json,Classify h(x) = x² + x.,Neither even nor odd,20,4,no,no,PASS,exponent-rule|sign-direction,0,PASS,KEEP
function-analysis,12,fna-03-01,k3,no,content/courses/function-analysis/lessons/fna-03-01.json,A graph is symmetric about the y-axis. What must be true?,f(−x) = f(x) for every x — the function is even,47,47,no,no,PASS,representation-read|sign-direction,0,PASS,KEEP
function-analysis,12,fna-03-01,ch1,no,content/courses/function-analysis/lessons/fna-03-01.json,Classify k(x) = 5x⁶ − 2x⁴ + 7.,Even,4,26,no,no,PASS,sign-direction|exponent-rule,0,PASS,KEEP
function-analysis,12,fna-03-01,rem-fna0301-k,yes,content/courses/function-analysis/lessons/fna-03-01.json,Classify m(x) = x⁵ + 4x.,Odd,3,4,no,no,PASS,authored-specific-rationale,0,PASS,KEEP
function-analysis,12,fna-03-02,k3,no,content/courses/function-analysis/lessons/fna-03-02.json,Why is the pair of conditions written as x < 2 and x ≥ 2 (rather than x ≤ 2 and x ≥ 2)?,So every input has exactly one owning rule — otherwise x = 2 would get two different outputs,92,34,yes,yes,FAIL,authored-specific-rationale|sign-direction,0,PASS,REMEDIATE
function-analysis,12,fna-03-03,k3,no,content/courses/function-analysis/lessons/fna-03-03.json,What happens to C(w) as a parcel's weight crosses from 2 kg to just over 2 kg?,The cost jumps from $7 to $10 — no price in between is ever charged,67,41,yes,yes,FAIL,authored-specific-rationale|authored-specific-rationale,0,PASS,REMEDIATE
function-analysis,12,fna-03-03,ch1,no,content/courses/function-analysis/lessons/fna-03-03.json,Which piecewise definition equals |x − 3|?,3 − x if x < 3;  x − 3 if x ≥ 3,31,31,no,no,PASS,authored-specific-rationale|sign-direction,0,PASS,KEEP
function-analysis,12,fna-04-01,k3,no,content/courses/function-analysis/lessons/fna-04-01.json,"With f(x) = 2x − 1 and g(x) = x², which is the rule for f(g(x))?",2x² − 1,7,9,no,no,PASS,authored-specific-rationale|authored-specific-rationale,0,PASS,KEEP
function-analysis,12,fna-04-02,k1,no,content/courses/function-analysis/lessons/fna-04-02.json,f(x) = 1/x and g(x) = √(x − 2). What is the domain of f(g(x))?,x > 2,5,5,no,no,PASS,boundary-endpoint|sign-direction,0,PASS,KEEP
function-analysis,12,fna-04-02,k3,no,content/courses/function-analysis/lessons/fna-04-02.json,g(x) = √x and f(x) = x². The composite f(g(x)) = (√x)² simplifies to x. What is the domain of f(g(x))?,x ≥ 0 — the inner √x sets the domain before simplification,58,42,no,yes,FAIL,authored-specific-rationale|authored-specific-rationale,0,PASS,REMEDIATE
function-analysis,12,fna-04-03,i1,no,content/courses/function-analysis/lessons/fna-04-03.json,"To write h(x) = (3x + 1)⁴ as f(g(x)), what should the INNER function g be?",g(x) = 3x + 1,13,9,no,no,PASS,exponent-rule|exponent-rule,0,PASS,KEEP
function-analysis,12,fna-04-03,k3,no,content/courses/function-analysis/lessons/fna-04-03.json,g(m) gives gallons used for m miles; C(g) gives the cost of g gallons. Which composition gives cost as a function of MILES?,C(g(m)),7,7,no,no,PASS,authored-specific-rationale|authored-specific-rationale,0,PASS,KEEP
function-analysis,12,fna-04-03,rem-fna0403-k,yes,content/courses/function-analysis/lessons/fna-04-03.json,"To write h(x) = √(x + 6) as f(g(x)) with f(x) = √x, what is g(x)?",g(x) = x + 6,12,9,no,no,PASS,authored-specific-rationale|authored-specific-rationale,0,PASS,KEEP
function-analysis,12,fna-05-01,k1,no,content/courses/function-analysis/lessons/fna-05-01.json,Why does f(x) = x² (all real x) have no inverse function?,An inverse would need to send 9 to both 3 and −3 — a function can't do that,75,34,yes,yes,FAIL,sign-direction|inverse-confusion,0,PASS,REMEDIATE
function-analysis,12,fna-05-01,k2,no,content/courses/function-analysis/lessons/fna-05-01.json,Which function passes the horizontal line test on its full domain?,f(x) = x³,9,10,no,no,PASS,authored-specific-rationale|authored-specific-rationale,0,PASS,KEEP
function-analysis,12,fna-05-01,ch1,no,content/courses/function-analysis/lessons/fna-05-01.json,"A table gives f(1)=5, f(2)=8, f(3)=5, f(4)=11. Does f have an inverse function?",No — the output 5 is shared by x = 1 and x = 3,46,40,no,no,PASS,inverse-confusion|authored-specific-rationale,0,PASS,KEEP
function-analysis,12,fna-05-02,k2,no,content/courses/function-analysis/lessons/fna-05-02.json,Which restriction ALSO makes f(x) = (x − 3)² one-to-one?,x ≤ 3 (the left branch),23,10,no,no,PASS,authored-specific-rationale|authored-specific-rationale,0,PASS,KEEP
function-analysis,12,fna-05-02,k3,no,content/courses/function-analysis/lessons/fna-05-02.json,f(x) = x² on x ≥ 0 has range y ≥ 0. What is the DOMAIN of f⁻¹(x) = √x?,x ≥ 0 — the inverse's domain is f's range,41,16,yes,yes,FAIL,sign-direction|inverse-confusion,0,PASS,REMEDIATE
function-analysis,12,fna-05-03,k1,no,content/courses/function-analysis/lessons/fna-05-03.json,Simplify f(g(x)) = 2·((x − 6)/2) + 6 fully.,x,1,5,no,no,PASS,authored-specific-rationale|authored-specific-rationale,0,PASS,KEEP
function-analysis,12,fna-05-03,k3,no,content/courses/function-analysis/lessons/fna-05-03.json,h(x) = 3x + 1 and j(x) = x/3 + 1. Compute h(j(3)). Are they inverses?,"h(j(3)) = 7 ≠ 3, so no — j undoes the operations in the wrong order",67,53,no,no,PASS,inverse-confusion|authored-specific-rationale,0,PASS,KEEP
function-analysis,12,fna-06-01,k2,no,content/courses/function-analysis/lessons/fna-06-01.json,"For a function with a CONSTANT rate of change, which representation makes finding that rate fastest?",A table — subtract consecutive y-values directly,48,53,no,no,PASS,rate-vs-start|rate-vs-start|rate-vs-start,0,PASS,KEEP
function-analysis,12,fna-06-01,ch1,no,content/courses/function-analysis/lessons/fna-06-01.json,"Function P: y = 2x + 7 (equation). Function Q: table showing (0,3), (1,5), (2,7). Function R: a graph crossing the y-axis at 10. Which has the SMALLEST y-intercept?",Q — its intercept is 3,22,56,no,no,PASS,rate-vs-start|rate-vs-start|authored-specific-rationale,0,PASS,KEEP
function-transformations,11,ft-01-01,k1,no,content/courses/function-transformations/lessons/ft-01-01.json,Which parent function's graph has a sharp corner at the origin?,y = |x|,7,6,no,no,PASS,authored-specific-rationale|authored-specific-rationale|place-value,0,PASS,KEEP
function-transformations,11,ft-01-01,k2,no,content/courses/function-transformations/lessons/ft-01-01.json,Which parent function is only defined for x ≥ 0?,y = √x,6,7,no,no,PASS,sign-direction|sign-direction|sign-direction,0,PASS,KEEP
function-transformations,11,ft-01-01,ch1,no,content/courses/function-transformations/lessons/ft-01-01.json,"A graph is S-shaped: it falls on the far left, rises on the far right, passes smoothly through the origin, and has no corner. Which parent is it?",y = x³,6,7,no,no,PASS,authored-specific-rationale|authored-specific-rationale|authored-specific-rationale,0,PASS,KEEP
function-transformations,11,ft-01-01,rem-ft0101-k,yes,content/courses/function-transformations/lessons/ft-01-01.json,A graph is a V: two straight rays meeting in a sharp point at the origin. Which parent is it?,y = |x|,7,6,no,no,PASS,authored-specific-rationale|authored-specific-rationale,0,PASS,KEEP
function-transformations,11,ft-01-02,k3,no,content/courses/function-transformations/lessons/ft-01-02.json,What is the domain of y = x²?,all real numbers,16,5,no,no,PASS,exponent-rule|fraction-denominator|sign-direction,0,PASS,KEEP
function-transformations,11,ft-01-03,i1,no,content/courses/function-transformations/lessons/ft-01-03.json,What is the range of y = |x|?,y ≥ 0,5,16,no,no,PASS,sign-direction|authored-specific-rationale|authored-specific-rationale,0,PASS,KEEP
function-transformations,11,ft-01-03,k3,no,content/courses/function-transformations/lessons/ft-01-03.json,What is the range of y = x³?,all real numbers,16,5,no,no,PASS,sign-direction|sign-direction|authored-specific-rationale,0,PASS,KEEP
function-transformations,11,ft-02-01,i2,no,content/courses/function-transformations/lessons/ft-02-01.json,Which rule moves the graph of y = |x| DOWN 7 units?,y = |x| − 7,11,11,no,no,PASS,authored-specific-rationale|authored-specific-rationale|sign-direction,0,PASS,KEEP
function-transformations,11,ft-02-01,k3,no,content/courses/function-transformations/lessons/ft-02-01.json,"Compared to y = √x, the graph of y = √x + 3 is moved…",up 3,4,7,no,no,PASS,authored-specific-rationale|authored-specific-rationale|authored-specific-rationale,0,PASS,KEEP
function-transformations,11,ft-02-02,k2,no,content/courses/function-transformations/lessons/ft-02-02.json,Which rule shifts y = √x LEFT 2 units?,y = √(x + 2),12,12,no,no,PASS,authored-specific-rationale|authored-specific-rationale|authored-specific-rationale,0,PASS,KEEP
function-transformations,11,ft-02-03,i2,no,content/courses/function-transformations/lessons/ft-02-03.json,What is the vertex of y = (x + 3)² − 5?,"(−3, −5)",8,7,no,no,PASS,authored-specific-rationale|sign-direction|authored-specific-rationale,0,PASS,KEEP
function-transformations,11,ft-02-03,ch1,no,content/courses/function-transformations/lessons/ft-02-03.json,Which rule moves y = |x| RIGHT 4 and DOWN 3?,y = |x − 4| − 3,15,15,no,no,PASS,authored-specific-rationale|authored-specific-rationale|sign-direction,0,PASS,KEEP
function-transformations,11,ft-02-03,rem-ft0203-k,yes,content/courses/function-transformations/lessons/ft-02-03.json,What is the vertex of y = (x − 5)² + 1?,"(5, 1)",6,7,no,no,PASS,authored-specific-rationale|sign-direction,0,PASS,KEEP
function-transformations,11,ft-03-01,k1,no,content/courses/function-transformations/lessons/ft-03-01.json,What does the graph of y = −|x| look like?,"an upside-down V, opening downward",34,32,no,no,PASS,authored-specific-rationale|representation-read|representation-read,0,PASS,KEEP
function-transformations,11,ft-03-01,k3,no,content/courses/function-transformations/lessons/ft-03-01.json,Which rule reflects y = √x over the y-axis?,y = √(−x),9,10,no,no,PASS,representation-read|representation-read|authored-specific-rationale,0,PASS,KEEP
function-transformations,11,ft-03-02,i2,no,content/courses/function-transformations/lessons/ft-03-02.json,"Compared to y = |x|, the graph of y = 4|x| is…",steeper and narrower,20,17,no,no,PASS,representation-read|authored-specific-rationale|authored-specific-rationale,0,PASS,KEEP
function-transformations,11,ft-03-02,k3,no,content/courses/function-transformations/lessons/ft-03-02.json,For which value of a is y = a·x² WIDER (flatter) than the parent y = x²?,a = ⅓,5,6,no,no,PASS,representation-read|representation-read|authored-specific-rationale,0,PASS,KEEP
function-transformations,11,ft-03-03,i1,no,content/courses/function-transformations/lessons/ft-03-03.json,"In y = −2(x − 1)² + 8, which number controls the FLIP?",the −2 in front,15,14,no,no,PASS,sign-direction|sign-direction|exponent-rule,0,PASS,KEEP
function-transformations,11,ft-03-03,rem-ft0303-k,yes,content/courses/function-transformations/lessons/ft-03-03.json,What is the vertex of y = 2(x + 4)² + 3?,"(−4, 3)",7,7,no,no,PASS,authored-specific-rationale|exponent-rule,0,PASS,KEEP
function-transformations,11,ft-04-01,k3,no,content/courses/function-transformations/lessons/ft-04-01.json,What does (f − g)(x) mean?,"evaluate f(x) and g(x) separately, then subtract g's output from f's",68,39,yes,no,FAIL,sign-direction|sign-direction|authored-specific-rationale,0,PASS,REMEDIATE
function-transformations,11,ft-04-03,i2,no,content/courses/function-transformations/lessons/ft-04-03.json,"With f(x) = 2x and g(x) = x − 4, which formula is g(f(x))?",2x − 4,6,8,no,no,PASS,authored-specific-rationale|authored-specific-rationale|authored-specific-rationale,0,PASS,KEEP
function-transformations,11,ft-04-03,k3,no,content/courses/function-transformations/lessons/ft-04-03.json,h(x) = (x − 5)² equals f(g(x)) for which pair?,g(x) = x − 5 and f(x) = x²,26,26,no,no,PASS,authored-specific-rationale|authored-specific-rationale|authored-specific-rationale,0,PASS,KEEP
function-transformations,11,ft-04-03,rem-ft0403-k,yes,content/courses/function-transformations/lessons/ft-04-03.json,"With f(x) = x² and g(x) = x − 2, which formula is f(g(x))?",(x − 2)²,8,7,no,no,PASS,authored-specific-rationale|authored-specific-rationale,0,PASS,KEEP
function-transformations,11,ft-05-01,k1,no,content/courses/function-transformations/lessons/ft-05-01.json,"If f(4) = 9, what is f⁻¹(9)?",4,1,30,no,no,PASS,fraction-denominator|authored-specific-rationale|inverse-confusion,0,PASS,KEEP
function-transformations,11,ft-05-01,k3,no,content/courses/function-transformations/lessons/ft-05-01.json,Which statement is always true about an inverse function?,"if f(a) = b, then f⁻¹(b) = a",28,28,no,no,PASS,fraction-denominator|authored-specific-rationale|inverse-confusion,0,PASS,KEEP
function-transformations,11,ft-05-02,k1,no,content/courses/function-transformations/lessons/ft-05-02.json,What is the inverse of f(x) = 3x − 4?,f⁻¹(x) = (x + 4)/3,18,19,no,no,PASS,inverse-confusion|inverse-confusion|fraction-denominator,0,PASS,KEEP
function-transformations,11,ft-05-02,k2,no,content/courses/function-transformations/lessons/ft-05-02.json,What is the inverse of g(x) = x/2 + 3?,g⁻¹(x) = 2x − 6,15,18,no,no,PASS,inverse-confusion|sign-direction|inverse-confusion,0,PASS,KEEP
function-transformations,11,ft-05-02,rem-ft0502-k,yes,content/courses/function-transformations/lessons/ft-05-02.json,What is the inverse of f(x) = 4x?,f⁻¹(x) = x/4,12,14,no,no,PASS,fraction-denominator|inverse-confusion|operation-swap,0,PASS,KEEP
function-transformations,11,ft-05-03,k2,no,content/courses/function-transformations/lessons/ft-05-03.json,A function's graph and its inverse's graph are mirror images across which line?,y = x,5,10,no,no,PASS,representation-read|representation-read|sign-direction,0,PASS,KEEP
function-transformations,11,ft-05-03,k3,no,content/courses/function-transformations/lessons/ft-05-03.json,The horizontal line test says a function has an inverse function only if no horizontal line hits its graph twice. Which parent FAILS the test?,y = x²,6,9,no,no,PASS,inverse-confusion|authored-specific-rationale|authored-specific-rationale,0,PASS,KEEP
function-transformations,11,ft-05-03,rem-ft0503-k,yes,content/courses/function-transformations/lessons/ft-05-03.json,"f contains the point (1, 4). Which point is on f⁻¹?","(4, 1)",6,8,no,no,PASS,inverse-confusion|inverse-confusion|authored-specific-rationale,0,PASS,KEEP
functions-and-sequences,9,fn-01-02,i1,no,content/courses/functions-and-sequences/lessons/fn-01-02.json,"For the pairs (1,5), (2,7), (3,9), what is the range?","{5, 7, 9}",9,18,no,no,PASS,authored-specific-rationale|authored-specific-rationale,0,PASS,KEEP
functions-and-sequences,9,fn-01-02,i2,no,content/courses/functions-and-sequences/lessons/fn-01-02.json,Which set of pairs is a function?,"(1,2), (2,4), (3,6)",19,19,no,no,PASS,authored-specific-rationale|authored-specific-rationale,0,PASS,KEEP
functions-and-sequences,9,fn-01-02,k2,no,content/courses/functions-and-sequences/lessons/fn-01-02.json,"For the pairs (2,1), (4,1), (6,1), is it a function?",Yes — each input has one output,31,29,no,no,PASS,authored-specific-rationale|authored-specific-rationale,0,PASS,KEEP
functions-and-sequences,9,fn-01-02,ch1,no,content/courses/functions-and-sequences/lessons/fn-01-02.json,Which set of pairs is NOT a function?,"(4,1), (4,2), (5,3)",19,19,no,no,PASS,authored-specific-rationale|authored-specific-rationale,0,PASS,KEEP
functions-and-sequences,9,fn-01-02,rem-fdr-k,yes,content/courses/functions-and-sequences/lessons/fn-01-02.json,"For the pairs (1,5), (2,7), (3,9), what is the range?","{5, 7, 9}",9,18,no,no,PASS,authored-specific-rationale|authored-specific-rationale,0,PASS,KEEP
functions-and-sequences,9,fn-04-01,k1,no,content/courses/functions-and-sequences/lessons/fn-04-01.json,"Which kind of sequence is 2, 6, 18, 54?",Geometric,9,10,no,no,PASS,authored-specific-rationale|authored-specific-rationale,0,PASS,KEEP
functions-and-sequences,9,fn-04-01,i2,no,content/courses/functions-and-sequences/lessons/fn-04-01.json,"Which kind of sequence is 4, 8, 16, 32?",Geometric,9,10,no,no,PASS,authored-specific-rationale|authored-specific-rationale,0,PASS,KEEP
functions-and-sequences,9,fn-04-01,i3,no,content/courses/functions-and-sequences/lessons/fn-04-01.json,"Which kind of sequence is 1, 4, 9, 16?",Neither,7,10,no,no,PASS,authored-specific-rationale|authored-specific-rationale,0,PASS,KEEP
functions-and-sequences,9,fn-04-01,k2,no,content/courses/functions-and-sequences/lessons/fn-04-01.json,"Which kind of sequence is 10, 20, 30, 40?",Arithmetic,10,9,no,no,PASS,authored-specific-rationale|authored-specific-rationale,0,PASS,KEEP
functions-and-sequences,9,fn-04-01,k3,no,content/courses/functions-and-sequences/lessons/fn-04-01.json,"Which kind of sequence is 1, 2, 4, 8?",Geometric,9,10,no,no,PASS,authored-specific-rationale|authored-specific-rationale,0,PASS,KEEP
functions-and-sequences,9,fn-04-01,ch1,no,content/courses/functions-and-sequences/lessons/fn-04-01.json,"Which kind of sequence is 5, 10, 15, 20?",Arithmetic,10,9,no,no,PASS,authored-specific-rationale|authored-specific-rationale,0,PASS,KEEP
functions-and-sequences,9,fn-04-01,rem-fcl-k,yes,content/courses/functions-and-sequences/lessons/fn-04-01.json,"Which kind of sequence is 2, 6, 18, 54?",Geometric,9,10,no,no,PASS,authored-specific-rationale|authored-specific-rationale,0,PASS,KEEP
functions-g8,8,fg-01-01,i1,no,content/courses/functions-g8/lessons/fg-01-01.json,Which of these acts like a function?,A vending machine where button B3 always gives the same snack,61,56,no,no,PASS,authored-specific-rationale|inside-vs-derivative|inside-vs-derivative,0,PASS,KEEP
functions-g8,8,fg-01-01,k1,no,content/courses/functions-g8/lessons/fg-01-01.json,Is the rule 'each person → their birthday' a function?,Yes — each person has exactly one birthday,42,48,no,no,PASS,authored-specific-rationale|authored-specific-rationale|authored-specific-rationale,0,PASS,KEEP
functions-g8,8,fg-01-01,k2,no,content/courses/functions-g8/lessons/fg-01-01.json,Rule: 'each student → their homeroom teacher.' Thirty students share Mr. Lee. Is it a function?,Yes — each student has exactly one teacher,42,46,no,no,PASS,authored-specific-rationale|authored-specific-rationale|authored-specific-rationale,0,PASS,KEEP
functions-g8,8,fg-01-01,k3,no,content/courses/functions-g8/lessons/fg-01-01.json,Which of these is a FUNCTION?,Each number → the number that adds with it to make 10,53,38,no,no,PASS,authored-specific-rationale|authored-specific-rationale|authored-specific-rationale,0,PASS,KEEP
functions-g8,8,fg-01-01,rem-fg0101-k,yes,content/courses/functions-g8/lessons/fg-01-01.json,Is 'each number → its square' a function?,Yes — each number has exactly one square,40,38,no,no,PASS,authored-specific-rationale|authored-specific-rationale|sign-direction,0,PASS,KEEP
functions-g8,8,fg-01-02,i1,no,content/courses/functions-g8/lessons/fg-01-02.json,"Is this a function? (1, 5), (2, 7), (3, 9)",Yes — each input appears once with one output,45,34,no,no,PASS,authored-specific-rationale|authored-specific-rationale|authored-specific-rationale,0,PASS,KEEP
functions-g8,8,fg-01-02,k1,no,content/courses/functions-g8/lessons/fg-01-02.json,"Is this a function? (4, 1), (5, 3), (4, 9)",No — input 4 appears twice with different outputs,49,38,no,no,PASS,authored-specific-rationale|authored-specific-rationale|authored-specific-rationale,0,PASS,KEEP
functions-g8,8,fg-01-02,i2,no,content/courses/functions-g8/lessons/fg-01-02.json,"Is this a function? (1, 8), (2, 8), (3, 8)",Yes — each input appears once (the repeated output is fine),59,37,yes,no,FAIL,authored-specific-rationale|authored-specific-rationale|authored-specific-rationale,0,PASS,REMEDIATE
functions-g8,8,fg-01-02,k2,no,content/courses/functions-g8/lessons/fg-01-02.json,"A table has inputs 1, 2, 3, 2 with outputs 4, 5, 6, 8. Is it a function?",No — input 2 appears twice with outputs 5 and 8,47,35,no,no,PASS,authored-specific-rationale|authored-specific-rationale|authored-specific-rationale,0,PASS,KEEP
functions-g8,8,fg-01-02,k3,no,content/courses/functions-g8/lessons/fg-01-02.json,"Is this a function? (2, 1), (4, 1), (6, 1)",Yes — each input appears once,29,39,no,no,PASS,authored-specific-rationale|authored-specific-rationale|authored-specific-rationale,0,PASS,KEEP
functions-g8,8,fg-01-02,rem-fg0102-k,yes,content/courses/functions-g8/lessons/fg-01-02.json,"Is this a function? (3, 1), (5, 4), (3, 2)",No — input 3 appears twice with different outputs,49,27,yes,no,FAIL,authored-specific-rationale|authored-specific-rationale|authored-specific-rationale,0,PASS,REMEDIATE
functions-g8,8,fg-01-03,k1,no,content/courses/functions-g8/lessons/fg-01-03.json,Does a slanted straight line (like y = 2x) pass the vertical line test?,Yes — every vertical line crosses it exactly once,49,34,no,no,PASS,authored-specific-rationale|authored-specific-rationale|sign-direction,0,PASS,KEEP
functions-g8,8,fg-01-03,i2,no,content/courses/functions-g8/lessons/fg-01-03.json,Does a VERTICAL line (like x = 3) pass the vertical line test?,No — one x-value has infinitely many y-outputs,46,37,no,no,PASS,authored-specific-rationale|authored-specific-rationale|representation-read,0,PASS,KEEP
functions-g8,8,fg-01-03,k2,no,content/courses/functions-g8/lessons/fg-01-03.json,A sideways U-shape (opening to the right) — does it pass the vertical line test?,No — many vertical lines cross it twice,39,35,no,no,PASS,authored-specific-rationale|sign-direction|authored-specific-rationale,0,PASS,KEEP
functions-g8,8,fg-01-03,k3,no,content/courses/functions-g8/lessons/fg-01-03.json,"An upright U-shape (like y = x², opening upward) — does it pass the vertical line test?",Yes — every vertical line crosses it exactly once,49,24,yes,no,FAIL,authored-specific-rationale|sign-direction|authored-specific-rationale,0,PASS,REMEDIATE
functions-g8,8,fg-01-03,rem-fg0103-k,yes,content/courses/functions-g8/lessons/fg-01-03.json,Does a horizontal line pass the vertical line test?,Yes — every vertical line crosses it exactly once,49,38,no,no,PASS,authored-specific-rationale|authored-specific-rationale|representation-read,0,PASS,KEEP
functions-g8,8,fg-02-02,k3,no,content/courses/functions-g8/lessons/fg-02-02.json,"What is the slope of the line through (0, 0) and (3, 2)?",2/3,3,3,no,no,PASS,rate-vs-start|rate-vs-start|rate-vs-start,0,PASS,KEEP
functions-g8,8,fg-02-03,k3,no,content/courses/functions-g8/lessons/fg-02-03.json,A linear function has slope 3 and initial value 2. What is its equation?,y = 3x + 2,10,10,no,no,PASS,rate-vs-start|authored-specific-rationale|rate-vs-start,0,PASS,KEEP
functions-g8,8,fg-02-03,ch1,no,content/courses/functions-g8/lessons/fg-02-03.json,"A line passes through (0, 1) and (2, 7). What is its equation?",y = 3x + 1,10,10,no,no,PASS,authored-specific-rationale|rate-vs-start|rate-vs-start,0,PASS,KEEP
functions-g8,8,fg-02-03,rem-fg0203-k,yes,content/courses/functions-g8/lessons/fg-02-03.json,"In y = 2x + 5, what is the initial value?",5,1,1,no,no,PASS,rate-vs-start|authored-specific-rationale|authored-specific-rationale,0,PASS,KEEP
functions-g8,8,fg-03-01,k2,no,content/courses/functions-g8/lessons/fg-03-01.json,"Is the table (0,3), (1,5), (2,7) the same function as y = 2x + 3?",Yes — both have slope 2 and initial value 3,43,49,no,no,PASS,rate-vs-start|rate-vs-start|rate-vs-start,0,PASS,KEEP
functions-g8,8,fg-03-01,ch1,no,content/courses/functions-g8/lessons/fg-03-01.json,Three of these are the same function. Which is the ODD ONE OUT?,"The table (1,3), (2,5), (3,7)",29,34,no,no,PASS,rate-vs-start|rate-vs-start|authored-specific-rationale,0,PASS,KEEP
functions-g8,8,fg-03-01,rem-fg0301-k,yes,content/courses/functions-g8/lessons/fg-03-01.json,Which table matches y = 2x?,"(1,2), (2,4), (3,6)",19,19,no,no,PASS,authored-specific-rationale|authored-specific-rationale|authored-specific-rationale,0,PASS,KEEP
functions-g8,8,fg-04-01,i1,no,content/courses/functions-g8/lessons/fg-04-01.json,"A table gives outputs 1, 4, 7, 10 for inputs 0, 1, 2, 3. Linear or nonlinear?",Linear — the output rises by 3 each step,40,41,no,no,PASS,representation-read|authored-specific-rationale|representation-read,0,PASS,KEEP
functions-g8,8,fg-04-01,k1,no,content/courses/functions-g8/lessons/fg-04-01.json,"A table gives outputs 0, 1, 4, 9 for inputs 0, 1, 2, 3. Linear or nonlinear?","Nonlinear — the differences 1, 3, 5 aren't equal",48,38,no,no,PASS,representation-read|authored-specific-rationale|authored-specific-rationale,0,PASS,KEEP
functions-g8,8,fg-04-01,i2,no,content/courses/functions-g8/lessons/fg-04-01.json,"A table gives outputs 2, 4, 8, 16 for inputs 1, 2, 3, 4. Linear or nonlinear?","Nonlinear — the differences 2, 4, 8 aren't equal",48,39,no,no,PASS,representation-read|sign-direction|authored-specific-rationale,0,PASS,KEEP
functions-g8,8,fg-04-01,k2,no,content/courses/functions-g8/lessons/fg-04-01.json,"A table gives outputs 10, 8, 6, 4 for inputs 0, 1, 2, 3. Linear or nonlinear?",Linear — the output falls by 2 each step,40,40,no,no,PASS,authored-specific-rationale|sign-direction|authored-specific-rationale,0,PASS,KEEP
functions-g8,8,fg-04-01,k3,no,content/courses/functions-g8/lessons/fg-04-01.json,Which equation is NONLINEAR?,y = x²,6,11,no,no,PASS,authored-specific-rationale|authored-specific-rationale|authored-specific-rationale,0,PASS,KEEP
functions-g8,8,fg-04-01,rem-fg0401-k,yes,content/courses/functions-g8/lessons/fg-04-01.json,"A table gives outputs 2, 5, 8, 11 for inputs 0, 1, 2, 3. Linear or nonlinear?",Linear — the output rises by 3 each step,40,30,no,no,PASS,representation-read|authored-specific-rationale|representation-read,0,PASS,KEEP
geometry-foundations,10,gf-01-01,k1,no,content/courses/geometry-foundations/lessons/gf-01-01.json,"Why does geometry leave point, line, and plane UNDEFINED?","Every definition uses earlier terms, so some terms must come first, undefined",77,46,yes,no,FAIL,rate-vs-start|authored-specific-rationale|representation-read,0,PASS,REMEDIATE
geometry-foundations,10,gf-01-01,k2,no,content/courses/geometry-foundations/lessons/gf-01-01.json,Which of these is guaranteed to name the SAME object as line PQ?,line QP,7,10,no,no,PASS,authored-specific-rationale|authored-specific-rationale|boundary-endpoint,0,PASS,KEEP
geometry-foundations,10,gf-01-01,i3,no,content/courses/geometry-foundations/lessons/gf-01-01.json,Two DISTINCT lines are drawn in a plane. How many points can they have in common?,0 or 1,6,30,no,no,PASS,authored-specific-rationale|authored-specific-rationale|authored-specific-rationale,0,PASS,KEEP
geometry-foundations,10,gf-01-01,ch,no,content/courses/geometry-foundations/lessons/gf-01-01.json,Suppose someone claims TWO different lines both pass through points X and Y. Which postulate does the claim break?,Through any two distinct points there is exactly one line,57,41,no,no,PASS,sign-direction|boundary-endpoint|authored-specific-rationale,0,PASS,KEEP
geometry-foundations,10,gf-01-01,rem-gf-undefined-terms-k,yes,content/courses/geometry-foundations/lessons/gf-01-01.json,Which of these is one of geometry's three UNDEFINED terms?,plane,5,7,no,no,PASS,boundary-endpoint|boundary-endpoint|authored-specific-rationale,0,PASS,KEEP
geometry-foundations,10,gf-01-02,k1,no,content/courses/geometry-foundations/lessons/gf-01-02.json,"Using the precise definition, which points make up circle with center O and radius 5?",Every point at distance exactly 5 from O,40,52,no,no,PASS,boundary-endpoint|authored-specific-rationale|authored-specific-rationale,0,PASS,KEEP
geometry-foundations,10,gf-01-02,k2,no,content/courses/geometry-foundations/lessons/gf-01-02.json,Which angle name has its vertex at T?,∠STU,4,4,no,no,PASS,authored-specific-rationale|authored-specific-rationale|authored-specific-rationale,0,PASS,KEEP
geometry-foundations,10,gf-01-02,ch,no,content/courses/geometry-foundations/lessons/gf-01-02.json,∠ABD has vertex B; point C lies on ray BD beyond D. Which is a VALID alternate name for ∠ABD?,∠ABC,4,4,no,no,PASS,authored-specific-rationale|authored-specific-rationale|authored-specific-rationale,0,PASS,KEEP
geometry-foundations,10,gf-01-02,rem-gf-notation-k,yes,content/courses/geometry-foundations/lessons/gf-01-02.json,What is the vertex of ∠PQR?,Q,1,1,no,no,PASS,authored-specific-rationale|authored-specific-rationale,0,PASS,KEEP
geometry-foundations,10,gf-01-03,k1,no,content/courses/geometry-foundations/lessons/gf-01-03.json,Segments AB and CD match exactly. Which statement is written correctly?,AB = CD (comparing the lengths),31,31,no,no,PASS,authored-specific-rationale|authored-specific-rationale|authored-specific-rationale,0,PASS,KEEP
geometry-foundations,10,gf-01-03,i2,no,content/courses/geometry-foundations/lessons/gf-01-03.json,A student writes: “m∠P ≅ m∠Q”. Which correction makes it right?,m∠P = m∠Q,9,31,no,no,PASS,authored-specific-rationale|authored-specific-rationale|authored-specific-rationale,0,PASS,KEEP
geometry-foundations,10,gf-01-03,k2,no,content/courses/geometry-foundations/lessons/gf-01-03.json,An angle at vertex A measures 40 degrees. Which statement records that correctly?,m∠A = 40°,9,9,no,no,PASS,authored-specific-rationale|authored-specific-rationale|authored-specific-rationale,0,PASS,KEEP
geometry-foundations,10,gf-01-03,i3,no,content/courses/geometry-foundations/lessons/gf-01-03.json,Two distinct planes intersect (like two walls of a room). Their intersection is…,a line,6,9,no,no,PASS,authored-specific-rationale|authored-specific-rationale|authored-specific-rationale,0,PASS,KEEP
geometry-foundations,10,gf-01-03,ch,no,content/courses/geometry-foundations/lessons/gf-01-03.json,Which notebook line is correctly written?,XY = 7,6,14,no,no,PASS,authored-specific-rationale|authored-specific-rationale|authored-specific-rationale,0,PASS,KEEP
geometry-foundations,10,gf-01-03,rem-gf-definitions-k,yes,content/courses/geometry-foundations/lessons/gf-01-03.json,Which is the PRECISE definition of parallel lines?,coplanar lines that do not intersect,36,37,no,no,PASS,authored-specific-rationale|authored-specific-rationale|authored-specific-rationale,0,PASS,KEEP
geometry-foundations,10,gf-02-02,i2,no,content/courses/geometry-foundations/lessons/gf-02-02.json,Ray BD lies inside ∠ABC. Measurements: m∠ABD = 26° and m∠DBC = 26°. What does this tell you?,"BD bisects ∠ABC, which measures 52°",35,39,no,no,PASS,authored-specific-rationale|authored-specific-rationale|authored-specific-rationale,0,PASS,KEEP
geometry-foundations,10,gf-02-03,i2,no,content/courses/geometry-foundations/lessons/gf-02-03.json,Ray QR bisects ∠PQS. m∠PQR = 3x + 5 and m∠RQS = 5x − 17. Which equation does the geometry give you?,3x + 5 = 5x − 17,16,26,no,no,PASS,authored-specific-rationale|authored-specific-rationale|authored-specific-rationale,0,PASS,KEEP
geometry-foundations,10,gf-02-03,rem-gf-algebra-measures-k,yes,content/courses/geometry-foundations/lessons/gf-02-03.json,M is the midpoint of segment AB. AM = 4x and MB = x + 12. Which equation is right?,4x = x + 12,11,19,no,no,PASS,authored-specific-rationale|authored-specific-rationale|authored-specific-rationale,0,PASS,KEEP
geometry-foundations,10,gf-03-01,k2,no,content/courses/geometry-foundations/lessons/gf-03-01.json,"A translation sends A(3, 5) to A′(8, 2). What is the rule?","(x, y) → (x + 5, y − 3)",23,23,no,no,PASS,authored-specific-rationale|representation-read|sign-direction,0,PASS,KEEP
geometry-foundations,10,gf-03-02,i1,no,content/courses/geometry-foundations/lessons/gf-03-02.json,"What is the image of (3, 7) reflected over the x-axis?","(3, −7)",7,8,no,no,PASS,representation-read|sign-direction|representation-read,0,PASS,KEEP
geometry-foundations,10,gf-03-02,k2,no,content/courses/geometry-foundations/lessons/gf-03-02.json,P′ is the reflection of P over line m (and P is not on m). What is the exact relationship between m and segment PP′?,m is the perpendicular bisector of PP′,38,41,no,no,PASS,authored-specific-rationale|authored-specific-rationale|authored-specific-rationale,0,PASS,KEEP
geometry-foundations,10,gf-03-02,ch,no,content/courses/geometry-foundations/lessons/gf-03-02.json,"The point (4, 4) lies ON the line y = x. Where does the reflection over y = x send it?",Nowhere new — it is its own image (a fixed point),49,46,no,yes,FAIL,sign-direction|authored-specific-rationale|authored-specific-rationale,0,PASS,REMEDIATE
geometry-foundations,10,gf-03-02,rem-gf-reflection-rule-k,yes,content/courses/geometry-foundations/lessons/gf-03-02.json,"Reflect (5, 3) over the x-axis. Where is the image?","(5, −3)",7,7,no,no,PASS,representation-read|sign-direction|representation-read,0,PASS,KEEP
geometry-foundations,10,gf-03-03,i1,no,content/courses/geometry-foundations/lessons/gf-03-03.json,"What is the image of (3, 5) rotated 180° about the origin?","(−3, −5)",8,8,no,no,PASS,sign-direction|sign-direction|representation-read,0,PASS,KEEP
geometry-foundations,10,gf-03-03,i2,no,content/courses/geometry-foundations/lessons/gf-03-03.json,"A rotation about the origin sends (2, 6) to (6, −2). Which rotation is it?",270° counterclockwise,21,20,no,no,PASS,authored-specific-rationale|sign-direction|authored-specific-rationale,0,PASS,KEEP
geometry-foundations,10,gf-03-03,ch,no,content/courses/geometry-foundations/lessons/gf-03-03.json,"Apply a 90° counterclockwise rotation to (5, 2), then apply it AGAIN to the result. Where does the point end up?","(−5, −2)",8,7,no,no,PASS,authored-specific-rationale|authored-specific-rationale|authored-specific-rationale,0,PASS,KEEP
geometry-foundations,10,gf-03-03,rem-gf-rotation-rule-k,yes,content/courses/geometry-foundations/lessons/gf-03-03.json,"Rotate (2, 7) by 180° about the origin. Where is the image?","(−2, −7)",8,8,no,no,PASS,sign-direction|representation-read|representation-read,0,PASS,KEEP
geometry-foundations,10,gf-04-01,k2,no,content/courses/geometry-foundations/lessons/gf-04-01.json,"Motion R = reflect over the y-axis; motion T = (x, y) → (x + 4, y). Starting from (1, 3), do R-then-T and T-then-R land in the same place?","They differ: R-then-T gives (3, 3) but T-then-R gives (−5, 3)",61,52,no,yes,FAIL,authored-specific-rationale|place-value|authored-specific-rationale,0,PASS,REMEDIATE
geometry-foundations,10,gf-04-01,i2,no,content/courses/geometry-foundations/lessons/gf-04-01.json,Left and right footprints alternate along a straight walking line — each print is the previous one slid forward AND mirrored across the line. Which single named motion carries one print to the next?,a glide reflection,18,13,no,no,PASS,unit-conversion|authored-specific-rationale|authored-specific-rationale,0,PASS,KEEP
geometry-foundations,10,gf-04-01,ch,no,content/courses/geometry-foundations/lessons/gf-04-01.json,"Take (2, 6). Reflect over the line y = x, then rotate the result 180° about the origin. Final position?","(−6, −2)",8,8,no,no,PASS,authored-specific-rationale|sign-direction|representation-read,0,PASS,KEEP
geometry-foundations,10,gf-04-02,i2,no,content/courses/geometry-foundations/lessons/gf-04-02.json,How many lines of symmetry does a circle have?,Infinitely many — every line through the center,47,3,yes,yes,FAIL,unit-conversion|sign-direction|unit-conversion,0,PASS,REMEDIATE
geometry-foundations,10,gf-04-02,ch,no,content/courses/geometry-foundations/lessons/gf-04-02.json,Which shape has EXACTLY 4 lines of symmetry?,a square,8,33,no,no,PASS,authored-specific-rationale|authored-specific-rationale|authored-specific-rationale,0,PASS,KEEP
geometry-foundations,10,gf-04-03,k2,no,content/courses/geometry-foundations/lessons/gf-04-03.json,Which letter has rotational symmetry of order 2 (matches itself after a 180° turn)?,N,1,1,no,no,PASS,authored-specific-rationale|authored-specific-rationale|authored-specific-rationale,0,PASS,KEEP
geometry-foundations,10,gf-04-03,ch,no,content/courses/geometry-foundations/lessons/gf-04-03.json,Which shape has ROTATIONAL symmetry but NO line symmetry?,"a parallelogram (no right angles, unequal sides)",48,39,no,no,PASS,authored-specific-rationale|authored-specific-rationale|authored-specific-rationale,0,PASS,KEEP
geometry-foundations,10,gf-05-01,i1,no,content/courses/geometry-foundations/lessons/gf-05-01.json,Which of these is NOT a rigid motion?,a dilation with scale factor 2,30,13,no,no,PASS,authored-specific-rationale|authored-specific-rationale|authored-specific-rationale,0,PASS,KEEP
geometry-foundations,10,gf-05-01,k1,no,content/courses/geometry-foundations/lessons/gf-05-01.json,"By definition, ΔABC ≅ ΔDEF means…",some rigid motion maps ΔABC exactly onto ΔDEF,45,59,no,no,PASS,authored-specific-rationale|authored-specific-rationale|authored-specific-rationale,0,PASS,KEEP
geometry-foundations,10,gf-05-01,rem-gf-congruence-def-k,yes,content/courses/geometry-foundations/lessons/gf-05-01.json,Segment GH has length 4. Which segment is guaranteed congruent to it?,a segment of length 4 anywhere in the plane,43,34,no,no,PASS,authored-specific-rationale|unit-conversion|authored-specific-rationale,0,PASS,KEEP
geometry-foundations,10,gf-05-02,i2,no,content/courses/geometry-foundations/lessons/gf-05-02.json,"A(2, 3) and B(5, 1) map to A′(−2, 3) and B′(−5, 1). Which motion is it?",reflection over the y-axis,26,32,no,no,PASS,representation-read|sign-direction|authored-specific-rationale,0,PASS,KEEP
geometry-foundations,10,gf-05-02,k2,no,content/courses/geometry-foundations/lessons/gf-05-02.json,"A(1, 4) and B(3, 1) map to A′(−1, −4) and B′(−3, −1). Which motion is it?",a 180° rotation about the origin,32,30,no,no,PASS,representation-read|representation-read|sign-direction,0,PASS,KEEP
geometry-foundations,10,gf-05-02,ch,no,content/courses/geometry-foundations/lessons/gf-05-02.json,"A(0, 0), B(5, 0) — so AB = 5. C(2, 1), D(2, 7) — so CD = 6. Is there a rigid motion mapping segment AB onto segment CD?","No — the lengths differ (5 vs 6), and rigid motions preserve length",67,65,no,no,PASS,boundary-endpoint|sign-direction|representation-read,0,PASS,KEEP
geometry-foundations,10,gf-05-02,rem-gf-find-motion-k,yes,content/courses/geometry-foundations/lessons/gf-05-02.json,"Two points move: (6, 2) → (6, −2) and (1, 5) → (1, −5). Which motion fits?",reflection over the x-axis,26,26,no,no,PASS,representation-read|sign-direction|authored-specific-rationale,0,PASS,KEEP
geometry-foundations,10,gf-05-03,k1,no,content/courses/geometry-foundations/lessons/gf-05-03.json,ΔGHJ ≅ ΔPQR. Which segment is congruent to HJ?,QR,2,2,no,no,PASS,authored-specific-rationale|authored-specific-rationale|authored-specific-rationale,0,PASS,KEEP
geometry-foundations,10,gf-05-03,i2,no,content/courses/geometry-foundations/lessons/gf-05-03.json,"Given ΔABC ≅ ΔDEF, complete the rewrite: ΔBCA ≅ Δ___",EFD,3,3,no,no,PASS,authored-specific-rationale|authored-specific-rationale|authored-specific-rationale,0,PASS,KEEP
geometry-foundations,10,gf-05-03,ch,no,content/courses/geometry-foundations/lessons/gf-05-03.json,"Given ΔABC ≅ ΔDEF, complete: ΔCAB ≅ Δ___",FDE,3,3,no,no,PASS,authored-specific-rationale|authored-specific-rationale|authored-specific-rationale,0,PASS,KEEP
geometry-foundations,10,gf-05-03,rem-gf-corresponding-parts-k,yes,content/courses/geometry-foundations/lessons/gf-05-03.json,ΔJKL ≅ ΔXYZ. Which angle corresponds to ∠K?,∠Y,2,2,no,no,PASS,authored-specific-rationale|representation-read|sign-direction,0,PASS,KEEP
geometry-g7,7,g7-01-01,k2,no,content/courses/geometry-g7/lessons/g7-01-01.json,A blueprint's scale is 1 cm = 2 m. What does this mean?,Each centimeter on the blueprint stands for 2 real meters,57,26,yes,no,FAIL,authored-specific-rationale|unit-conversion|unit-conversion,0,PASS,REMEDIATE
geometry-g7,7,g7-01-02,k3,no,content/courses/geometry-g7/lessons/g7-01-02.json,You know a real length and want its length in the scale drawing. What do you do with the scale amount?,Divide the real length by it,28,30,no,no,PASS,authored-specific-rationale|rate-vs-start|unit-conversion,0,PASS,KEEP
geometry-g7,7,g7-02-01,i2,no,content/courses/geometry-g7/lessons/g7-02-01.json,What does the number π tell you about every circle?,The distance around is π times the diameter,43,28,no,no,PASS,unit-conversion|authored-specific-rationale|authored-specific-rationale,0,PASS,KEEP
geometry-g7,7,g7-02-02,k3,no,content/courses/geometry-g7/lessons/g7-02-02.json,Why do C = πd and C = 2πr always give the same answer?,Because d = 2r — they're the same formula written two ways,58,25,yes,no,FAIL,authored-specific-rationale|authored-specific-rationale|authored-specific-rationale,0,PASS,REMEDIATE
geometry-g7,7,g7-02-03,k3,no,content/courses/geometry-g7/lessons/g7-02-03.json,A gardener needs fencing around a circular bed AND grass seed to fill it. Which formula goes with which?,Fencing: C = 2πr; grass: A = πr²,32,32,no,no,PASS,authored-specific-rationale|authored-specific-rationale|authored-specific-rationale,0,PASS,KEEP
geometry-g7,7,g7-03-01,k3,no,content/courses/geometry-g7/lessons/g7-03-01.json,Why can't an angle of 95° have a complement?,"Complementary pairs total 90°, and 95° is already past it",57,33,yes,no,FAIL,authored-specific-rationale|authored-specific-rationale|authored-specific-rationale,0,PASS,REMEDIATE
geometry-g7,7,g7-03-03,i2,no,content/courses/geometry-g7/lessons/g7-03-03.json,Angles x and (x + 20) fit a square corner. Which equation finds x?,x + (x + 20) = 90,17,18,no,no,PASS,authored-specific-rationale|authored-specific-rationale|authored-specific-rationale,0,PASS,KEEP
geometry-g7,7,g7-03b-01,k1,no,content/courses/geometry-g7/lessons/g7-03b-01.json,"How many triangles can be built with sides 2, 3 and 6?",None,4,15,no,no,PASS,authored-specific-rationale|authored-specific-rationale|authored-specific-rationale,0,PASS,KEEP
geometry-g7,7,g7-03b-01,k2,no,content/courses/geometry-g7/lessons/g7-03b-01.json,Sides of 5 and 8 with a 60° angle BETWEEN them. How many triangles?,Exactly one,11,15,no,no,PASS,authored-specific-rationale|authored-specific-rationale|authored-specific-rationale,0,PASS,KEEP
geometry-g7,7,g7-03b-01,k3,no,content/courses/geometry-g7/lessons/g7-03b-01.json,Which set of side lengths CAN form a triangle?,"5, 7, 11",8,7,no,no,PASS,authored-specific-rationale|authored-specific-rationale|authored-specific-rationale,0,PASS,KEEP
geometry-g7,7,g7-03b-01,ch1,no,content/courses/geometry-g7/lessons/g7-03b-01.json,"How many triangles have sides 4, 6 and 10?",None,4,15,no,no,PASS,authored-specific-rationale|authored-specific-rationale|authored-specific-rationale,0,PASS,KEEP
geometry-g7,7,g7-03b-01,rem-tcu-k,yes,content/courses/geometry-g7/lessons/g7-03b-01.json,"Can sides 2, 4 and 9 form a triangle?",No,2,16,no,no,PASS,authored-specific-rationale|authored-specific-rationale,0,PASS,KEEP
geometry-g7,7,g7-03b-02,k1,no,content/courses/geometry-g7/lessons/g7-03b-02.json,Which set of conditions can describe TWO different triangles?,Two sides and an angle NOT between them,39,36,no,no,PASS,authored-specific-rationale|authored-specific-rationale|authored-specific-rationale,0,PASS,KEEP
geometry-g7,7,g7-03b-02,k2,no,content/courses/geometry-g7/lessons/g7-03b-02.json,"How many triangles have angles 50°, 60° and 70°?",Infinitely many,15,11,no,no,PASS,authored-specific-rationale|authored-specific-rationale|authored-specific-rationale,0,PASS,KEEP
geometry-g7,7,g7-03b-02,k3,no,content/courses/geometry-g7/lessons/g7-03b-02.json,"How many triangles have angles 90°, 60° and 40°?",None,4,15,no,no,PASS,authored-specific-rationale|authored-specific-rationale|authored-specific-rationale,0,PASS,KEEP
geometry-g7,7,g7-03b-02,ch1,no,content/courses/geometry-g7/lessons/g7-03b-02.json,"Two angles of 50° and 60°, plus a side that is NOT between them. How many triangles?",Exactly one,11,15,no,no,PASS,authored-specific-rationale|authored-specific-rationale|authored-specific-rationale,0,PASS,KEEP
geometry-g7,7,g7-03b-03,k1,no,content/courses/geometry-g7/lessons/g7-03b-03.json,Why does every arc crossing lie on the perpendicular bisector of AB?,"Both arcs use the same radius, so each crossing is equally far from A and from B",80,54,yes,no,FAIL,authored-specific-rationale|authored-specific-rationale|authored-specific-rationale,0,PASS,REMEDIATE
geometry-g7,7,g7-03b-03,k3,no,content/courses/geometry-g7/lessons/g7-03b-03.json,Why prefer a compass construction to measuring with a protractor?,"The construction is exact by argument, not by eye",49,42,no,no,PASS,authored-specific-rationale|authored-specific-rationale|authored-specific-rationale,0,PASS,KEEP
geometry-g7,7,g7-03b-03,ch1,no,content/courses/geometry-g7/lessons/g7-03b-03.json,"To construct a triangle with sides 4, 5 and 6, you draw the 6 first. What comes next?",Swing an arc of radius 4 from one end and radius 5 from the other; they cross at the third vertex,97,48,yes,yes,FAIL,authored-specific-rationale|authored-specific-rationale|authored-specific-rationale,0,PASS,REMEDIATE
geometry-g7,7,g7-04-01,i1,no,content/courses/geometry-g7/lessons/g7-04-01.json,"Can the lengths 5, 5, and 9 form a triangle?","Yes — 5 + 5 = 10, which beats 9",31,35,no,no,PASS,authored-specific-rationale|authored-specific-rationale|authored-specific-rationale,0,PASS,KEEP
geometry-g7,7,g7-04-01,k1,no,content/courses/geometry-g7/lessons/g7-04-01.json,"Can the lengths 1, 2, and 3 form a triangle?","No — 1 + 2 only equals 3, so the sides lie flat",47,31,no,no,PASS,authored-specific-rationale|authored-specific-rationale|authored-specific-rationale,0,PASS,KEEP
geometry-g7,7,g7-04-01,k2,no,content/courses/geometry-g7/lessons/g7-04-01.json,What exactly must be true of three lengths to form a triangle?,The two shorter sides must sum to MORE than the longest,55,54,no,no,PASS,authored-specific-rationale|authored-specific-rationale|authored-specific-rationale,0,PASS,KEEP
geometry-g7,7,g7-04-01,rem-g70401-k,yes,content/courses/geometry-g7/lessons/g7-04-01.json,"Can the lengths 2, 3, and 6 form a triangle?",No — 2 + 3 = 5 can't reach across 6,35,31,no,no,PASS,authored-specific-rationale|authored-specific-rationale|authored-specific-rationale,0,PASS,KEEP
geometry-g7,7,g7-04-02,i1,no,content/courses/geometry-g7/lessons/g7-04-02.json,A cylinder is sliced parallel to its base. What shape is the cross-section?,A circle,8,11,no,no,PASS,authored-specific-rationale|authored-specific-rationale|authored-specific-rationale,0,PASS,KEEP
geometry-g7,7,g7-04-02,k1,no,content/courses/geometry-g7/lessons/g7-04-02.json,"A square pyramid is sliced parallel to its base, halfway up. What is the cross-section?",A smaller square,16,20,no,no,PASS,authored-specific-rationale|authored-specific-rationale|representation-read,0,PASS,KEEP
geometry-g7,7,g7-04-02,i2,no,content/courses/geometry-g7/lessons/g7-04-02.json,"A square pyramid is sliced vertically, straight down through its apex (tip). What is the cross-section?",A triangle,10,11,no,no,PASS,authored-specific-rationale|representation-read|authored-specific-rationale,0,PASS,KEEP
geometry-g7,7,g7-04-02,k2,no,content/courses/geometry-g7/lessons/g7-04-02.json,A rectangular box is sliced parallel to its bottom face. What is the cross-section?,A rectangle matching the bottom face,36,10,yes,no,FAIL,authored-specific-rationale|authored-specific-rationale|authored-specific-rationale,0,PASS,REMEDIATE
geometry-g7,7,g7-04-02,ch1,no,content/courses/geometry-g7/lessons/g7-04-02.json,"A cone is sliced twice: once parallel to its base, once straight down through its tip. What are the two cross-sections, in that order?","A smaller circle, then a triangle",33,28,no,no,PASS,authored-specific-rationale|authored-specific-rationale|authored-specific-rationale,0,PASS,KEEP
geometry-g7,7,g7-04-02,rem-g70402-k,yes,content/courses/geometry-g7/lessons/g7-04-02.json,A cylinder is sliced straight down through its center. What is the cross-section?,A rectangle,11,10,no,no,PASS,authored-specific-rationale|representation-read|authored-specific-rationale,0,PASS,KEEP
geometry-g7,7,sa7-01-01,k1,no,content/courses/geometry-g7/lessons/sa7-01-01.json,How many rectangles appear in the net of a rectangular prism?,6,1,2,no,no,PASS,authored-specific-rationale|authored-specific-rationale,0,PASS,KEEP
geometry-g7,7,sa7-01-01,k3,no,content/courses/geometry-g7/lessons/sa7-01-01.json,"If you increase ONLY the height of a box, how many of its six faces change area?",4,1,1,no,no,PASS,authored-specific-rationale|authored-specific-rationale,0,PASS,KEEP
geometry-g7,7,sa7-01-01,rem-sa7-nets-prisms-k,yes,content/courses/geometry-g7/lessons/sa7-01-01.json,How many rectangles appear in the net of a rectangular prism?,6,1,2,no,no,PASS,authored-specific-rationale|authored-specific-rationale,0,PASS,KEEP
geometry-g7,7,sa7-01-02,k1,no,content/courses/geometry-g7/lessons/sa7-01-02.json,You want to PAINT the outside of a storage chest. Which measure do you need?,Surface area,12,9,no,no,PASS,authored-specific-rationale|unit-conversion,0,PASS,KEEP
geometry-g7,7,sa7-01-02,rem-sa7-sa-rectangular-k,yes,content/courses/geometry-g7/lessons/sa7-01-02.json,You want to PAINT the outside of a storage chest. Which measure do you need?,Surface area,12,9,no,no,PASS,authored-specific-rationale|unit-conversion,0,PASS,KEEP
geometry-g7,7,sa7-01-03,k3,no,content/courses/geometry-g7/lessons/sa7-01-03.json,How many faces does a square pyramid have?,5 — a square base and four triangles,36,22,no,no,PASS,authored-specific-rationale|authored-specific-rationale,0,PASS,KEEP
geometry-g7,7,sa7-02-03,k1,no,content/courses/geometry-g7/lessons/sa7-02-03.json,Which measure tells you how much SAND fits in the crate?,Volume,6,14,no,no,PASS,rate-vs-start|authored-specific-rationale,0,PASS,KEEP
geometry-g7,7,sa7-02-03,rem-sa7-asv-context-k,yes,content/courses/geometry-g7/lessons/sa7-02-03.json,Which measure tells you how much SAND fits in the crate?,Volume,6,14,no,no,PASS,rate-vs-start|authored-specific-rationale,0,PASS,KEEP
how-many-k,0,khm-01-01,k1,no,content/courses/how-many-k/lessons/khm-01-01.json,Why do we touch each toy while counting?,So every toy gets exactly one number,36,31,no,no,PASS,authored-specific-rationale|authored-specific-rationale|authored-specific-rationale,0,PASS,KEEP
how-many-k,0,khm-01-01,k2,no,content/courses/how-many-k/lessons/khm-01-01.json,"Mina counts her blocks: 1, 2, 3, 4, 5, 6, 7, 8, 9. How many blocks does she have?",9,1,2,no,no,PASS,authored-specific-rationale|authored-specific-rationale|authored-specific-rationale,0,PASS,KEEP
how-many-k,0,khm-01-01,ch1,no,content/courses/how-many-k/lessons/khm-01-01.json,"Noor counts her blocks: 1, 2, 3, 4, 5. How many blocks does she have?",5,1,1,no,no,PASS,authored-specific-rationale|authored-specific-rationale|authored-specific-rationale,0,PASS,KEEP
how-many-k,0,khm-01-01,rem-kch-one-to-one-k,yes,content/courses/how-many-k/lessons/khm-01-01.json,Why do we touch each toy while counting?,So every toy gets exactly one number,36,31,no,no,PASS,authored-specific-rationale|authored-specific-rationale|authored-specific-rationale,0,PASS,KEEP
how-many-k,0,khm-01-02,k1,no,content/courses/how-many-k/lessons/khm-01-02.json,"Ravi counts her blocks: 1, 2, 3, 4, 5, 6, 7, 8. How many blocks does she have?",8,1,2,no,no,PASS,authored-specific-rationale|authored-specific-rationale|authored-specific-rationale,0,PASS,KEEP
how-many-k,0,khm-01-02,k2,no,content/courses/how-many-k/lessons/khm-01-02.json,Sam counts 5 blocks but says only four numbers. What happened?,"One block was skipped, so a block got no number",47,30,no,no,PASS,authored-specific-rationale|inverse-confusion|authored-specific-rationale,0,PASS,KEEP
how-many-k,0,khm-01-02,ch1,no,content/courses/how-many-k/lessons/khm-01-02.json,"Lena counts her blocks: 1, 2, 3, 4, 5, 6. How many blocks does she have?",6,1,1,no,no,PASS,authored-specific-rationale|authored-specific-rationale|authored-specific-rationale,0,PASS,KEEP
how-many-k,0,khm-01-02,rem-kch-no-skip-k,yes,content/courses/how-many-k/lessons/khm-01-02.json,"Ravi counts her blocks: 1, 2, 3, 4, 5, 6, 7, 8. How many blocks does she have?",8,1,2,no,no,PASS,authored-specific-rationale|authored-specific-rationale|authored-specific-rationale,0,PASS,KEEP
how-many-k,0,khm-01-03,k1,no,content/courses/how-many-k/lessons/khm-01-03.json,"Kai counts her blocks: 1, 2, 3. How many blocks does she have?",3,1,1,no,no,PASS,authored-specific-rationale|authored-specific-rationale|authored-specific-rationale,0,PASS,KEEP
how-many-k,0,khm-01-03,k2,no,content/courses/how-many-k/lessons/khm-01-03.json,Which number comes between 3 and 5?,4,1,1,no,no,PASS,boundary-endpoint|boundary-endpoint|boundary-endpoint,0,PASS,KEEP
how-many-k,0,khm-01-03,ch1,no,content/courses/how-many-k/lessons/khm-01-03.json,"Mina counts her blocks: 1, 2, 3, 4, 5. How many blocks does she have?",5,1,1,no,no,PASS,authored-specific-rationale|authored-specific-rationale|authored-specific-rationale,0,PASS,KEEP
how-many-k,0,khm-01-03,rem-kch-count-line-k,yes,content/courses/how-many-k/lessons/khm-01-03.json,"Kai counts her blocks: 1, 2, 3. How many blocks does she have?",3,1,1,no,no,PASS,authored-specific-rationale|authored-specific-rationale|authored-specific-rationale,0,PASS,KEEP
how-many-k,0,khm-01-04,k1,no,content/courses/how-many-k/lessons/khm-01-04.json,"Counting beads in a circle, what must you remember?",Remember where you started,26,32,no,no,PASS,authored-specific-rationale|authored-specific-rationale|authored-specific-rationale,0,PASS,KEEP
how-many-k,0,khm-01-04,k2,no,content/courses/how-many-k/lessons/khm-01-04.json,"Noor counts her blocks: 1, 2, 3, 4, 5. How many blocks does she have?",5,1,1,no,no,PASS,authored-specific-rationale|authored-specific-rationale|authored-specific-rationale,0,PASS,KEEP
how-many-k,0,khm-01-04,ch1,no,content/courses/how-many-k/lessons/khm-01-04.json,"Kai counts her blocks: 1, 2, 3, 4, 5, 6, 7, 8, 9. How many blocks does she have?",9,1,2,no,no,PASS,authored-specific-rationale|authored-specific-rationale|authored-specific-rationale,0,PASS,KEEP
how-many-k,0,khm-01-04,rem-kch-count-circle-k,yes,content/courses/how-many-k/lessons/khm-01-04.json,"Counting beads in a circle, what must you remember?",Remember where you started,26,32,no,no,PASS,authored-specific-rationale|authored-specific-rationale|authored-specific-rationale,0,PASS,KEEP
how-many-k,0,khm-01-05,k1,no,content/courses/how-many-k/lessons/khm-01-05.json,"Tally counts her blocks: 1, 2, 3, 4, 5, 6, 7, 8. How many blocks does she have?",8,1,2,no,no,PASS,authored-specific-rationale|authored-specific-rationale|authored-specific-rationale,0,PASS,KEEP
how-many-k,0,khm-01-05,k2,no,content/courses/how-many-k/lessons/khm-01-05.json,The stickers are scattered everywhere. What is the best counting plan?,Mark or move each one as it is counted,38,33,no,no,PASS,authored-specific-rationale|place-value|authored-specific-rationale,0,PASS,KEEP
how-many-k,0,khm-01-05,ch1,no,content/courses/how-many-k/lessons/khm-01-05.json,"Tally counts her blocks: 1, 2, 3, 4, 5, 6, 7, 8. How many blocks does she have?",8,1,2,no,no,PASS,authored-specific-rationale|authored-specific-rationale|authored-specific-rationale,0,PASS,KEEP
how-many-k,0,khm-01-05,rem-kch-count-fixed-k,yes,content/courses/how-many-k/lessons/khm-01-05.json,"Tally counts her blocks: 1, 2, 3, 4, 5, 6, 7, 8. How many blocks does she have?",8,1,2,no,no,PASS,authored-specific-rationale|authored-specific-rationale|authored-specific-rationale,0,PASS,KEEP
how-many-k,0,khm-02-01,k1,no,content/courses/how-many-k/lessons/khm-02-01.json,"After counting “1, 2, 3, 4, 5”, what does the 5 tell you?",How many there are in the whole group,37,29,no,no,PASS,authored-specific-rationale|authored-specific-rationale|authored-specific-rationale,0,PASS,KEEP
how-many-k,0,khm-02-01,k2,no,content/courses/how-many-k/lessons/khm-02-01.json,"Noor counts her blocks: 1, 2, 3. How many blocks does she have?",3,1,1,no,no,PASS,authored-specific-rationale|authored-specific-rationale|authored-specific-rationale,0,PASS,KEEP
how-many-k,0,khm-02-01,ch1,no,content/courses/how-many-k/lessons/khm-02-01.json,A group shows 5 dots. Which numeral names that amount?,5,1,1,no,no,PASS,authored-specific-rationale|authored-specific-rationale|authored-specific-rationale,0,PASS,KEEP
how-many-k,0,khm-02-01,rem-kch-cardinality-k,yes,content/courses/how-many-k/lessons/khm-02-01.json,"After counting “1, 2, 3, 4, 5”, what does the 5 tell you?",How many there are in the whole group,37,29,no,no,PASS,authored-specific-rationale|authored-specific-rationale|authored-specific-rationale,0,PASS,KEEP
how-many-k,0,khm-02-02,k1,no,content/courses/how-many-k/lessons/khm-02-02.json,You counted 6 shells. Someone asks “how many?” Must you recount?,No — the last number of the count already answers it,52,40,no,no,PASS,authored-specific-rationale|authored-specific-rationale|authored-specific-rationale,0,PASS,KEEP
how-many-k,0,khm-02-02,k2,no,content/courses/how-many-k/lessons/khm-02-02.json,"Tally counts her blocks: 1, 2, 3, 4, 5, 6, 7, 8, 9. How many blocks does she have?",9,1,2,no,no,PASS,authored-specific-rationale|authored-specific-rationale|authored-specific-rationale,0,PASS,KEEP
how-many-k,0,khm-02-02,ch1,no,content/courses/how-many-k/lessons/khm-02-02.json,Compare 4 and 4. Which statement is true?,They are equal,14,27,no,no,PASS,authored-specific-rationale|authored-specific-rationale|authored-specific-rationale,0,PASS,KEEP
how-many-k,0,khm-02-02,rem-kch-recount-k,yes,content/courses/how-many-k/lessons/khm-02-02.json,You counted 6 shells. Someone asks “how many?” Must you recount?,No — the last number of the count already answers it,52,40,no,no,PASS,authored-specific-rationale|authored-specific-rationale|authored-specific-rationale,0,PASS,KEEP
how-many-k,0,khm-02-03,k1,no,content/courses/how-many-k/lessons/khm-02-03.json,Counting the same 5 toys from the left or from the right — what happens?,Both counts end at 5,20,38,no,no,PASS,sign-direction|sign-direction|authored-specific-rationale,0,PASS,KEEP
how-many-k,0,khm-02-03,k2,no,content/courses/how-many-k/lessons/khm-02-03.json,"Mina counts her blocks: 1, 2, 3, 4, 5, 6, 7. How many blocks does she have?",7,1,1,no,no,PASS,authored-specific-rationale|authored-specific-rationale|authored-specific-rationale,0,PASS,KEEP
how-many-k,0,khm-02-03,ch1,no,content/courses/how-many-k/lessons/khm-02-03.json,"Lena counts her blocks: 1, 2, 3, 4, 5, 6, 7, 8. How many blocks does she have?",8,1,2,no,no,PASS,authored-specific-rationale|authored-specific-rationale|authored-specific-rationale,0,PASS,KEEP
how-many-k,0,khm-02-03,rem-kch-order-irrelevance-k,yes,content/courses/how-many-k/lessons/khm-02-03.json,Counting the same 5 toys from the left or from the right — what happens?,Both counts end at 5,20,38,no,no,PASS,sign-direction|sign-direction|authored-specific-rationale,0,PASS,KEEP
how-many-k,0,khm-02-04,k1,no,content/courses/how-many-k/lessons/khm-02-04.json,5 buttons are spread far apart. Are there more buttons now?,No because the count stays 5,28,29,no,no,PASS,authored-specific-rationale|authored-specific-rationale|authored-specific-rationale,0,PASS,KEEP
how-many-k,0,khm-02-04,k2,no,content/courses/how-many-k/lessons/khm-02-04.json,Compare 9 and 9. Which statement is true?,They are equal,14,27,no,no,PASS,authored-specific-rationale|authored-specific-rationale|authored-specific-rationale,0,PASS,KEEP
how-many-k,0,khm-02-04,ch1,no,content/courses/how-many-k/lessons/khm-02-04.json,"Ravi counts her blocks: 1, 2, 3, 4. How many blocks does she have?",4,1,1,no,no,PASS,authored-specific-rationale|authored-specific-rationale|authored-specific-rationale,0,PASS,KEEP
how-many-k,0,khm-02-04,rem-kch-conservation-k,yes,content/courses/how-many-k/lessons/khm-02-04.json,5 buttons are spread far apart. Are there more buttons now?,No because the count stays 5,28,29,no,no,PASS,authored-specific-rationale|authored-specific-rationale|authored-specific-rationale,0,PASS,KEEP
how-many-k,0,khm-02-05,k1,no,content/courses/how-many-k/lessons/khm-02-05.json,The stickers are scattered everywhere. What is the best counting plan?,Mark or move each one as it is counted,38,33,no,no,PASS,authored-specific-rationale|place-value|authored-specific-rationale,0,PASS,KEEP
how-many-k,0,khm-02-05,k2,no,content/courses/how-many-k/lessons/khm-02-05.json,"Noor counts her blocks: 1, 2, 3, 4, 5. How many blocks does she have?",5,1,1,no,no,PASS,authored-specific-rationale|authored-specific-rationale|authored-specific-rationale,0,PASS,KEEP
how-many-k,0,khm-02-05,ch1,no,content/courses/how-many-k/lessons/khm-02-05.json,"Noor counts her blocks: 1, 2, 3, 4. How many blocks does she have?",4,1,1,no,no,PASS,authored-specific-rationale|authored-specific-rationale|authored-specific-rationale,0,PASS,KEEP
how-many-k,0,khm-02-05,rem-kch-count-scattered-k,yes,content/courses/how-many-k/lessons/khm-02-05.json,The stickers are scattered everywhere. What is the best counting plan?,Mark or move each one as it is counted,38,33,no,no,PASS,authored-specific-rationale|place-value|authored-specific-rationale,0,PASS,KEEP
how-many-k,0,khm-03-01,k1,no,content/courses/how-many-k/lessons/khm-03-01.json,What number comes right after 14?,15,2,2,no,no,PASS,authored-specific-rationale|authored-specific-rationale|authored-specific-rationale,0,PASS,KEEP
how-many-k,0,khm-03-01,k3,no,content/courses/how-many-k/lessons/khm-03-01.json,What number comes right after 13?,14,2,2,no,no,PASS,authored-specific-rationale|authored-specific-rationale|authored-specific-rationale,0,PASS,KEEP
how-many-k,0,khm-03-01,ch1,no,content/courses/how-many-k/lessons/khm-03-01.json,Which number comes between 5 and 7?,6,1,1,no,no,PASS,boundary-endpoint|boundary-endpoint|boundary-endpoint,0,PASS,KEEP
how-many-k,0,khm-03-01,rem-kch-one-larger-k,yes,content/courses/how-many-k/lessons/khm-03-01.json,What number comes right after 14?,15,2,2,no,no,PASS,authored-specific-rationale|authored-specific-rationale|authored-specific-rationale,0,PASS,KEEP
how-many-k,0,khm-03-02,k2,no,content/courses/how-many-k/lessons/khm-03-02.json,What number comes right after 15?,16,2,2,no,no,PASS,authored-specific-rationale|authored-specific-rationale|authored-specific-rationale,0,PASS,KEEP
how-many-k,0,khm-03-02,ch1,no,content/courses/how-many-k/lessons/khm-03-02.json,What number comes right after 15?,16,2,2,no,no,PASS,authored-specific-rationale|authored-specific-rationale|authored-specific-rationale,0,PASS,KEEP
how-many-k,0,khm-03-03,k1,no,content/courses/how-many-k/lessons/khm-03-03.json,"Ana has 6 grapes. Ben has 1 more than Ana. Who has more, and how many?",Ben has 7 grapes,16,32,no,no,PASS,authored-specific-rationale|authored-specific-rationale|authored-specific-rationale,0,PASS,KEEP
how-many-k,0,khm-03-03,k2,no,content/courses/how-many-k/lessons/khm-03-03.json,There are 8 stars and 3 hearts. Which statement is true?,More stars,10,15,no,no,PASS,authored-specific-rationale|authored-specific-rationale|authored-specific-rationale,0,PASS,KEEP
how-many-k,0,khm-03-03,ch1,no,content/courses/how-many-k/lessons/khm-03-03.json,There are 6 stars and 5 hearts. Which statement is true?,More stars,10,15,no,no,PASS,authored-specific-rationale|authored-specific-rationale|authored-specific-rationale,0,PASS,KEEP
how-many-k,0,khm-03-03,rem-kch-one-more-group-k,yes,content/courses/how-many-k/lessons/khm-03-03.json,"Ana has 6 grapes. Ben has 1 more than Ana. Who has more, and how many?",Ben has 7 grapes,16,32,no,no,PASS,authored-specific-rationale|authored-specific-rationale|authored-specific-rationale,0,PASS,KEEP
how-many-k,0,khm-03-04,k1,no,content/courses/how-many-k/lessons/khm-03-04.json,You must hand over exactly 7 crayons from a big pile. What do you do?,Count crayons out one at a time and stop at 7,45,46,no,no,PASS,authored-specific-rationale|authored-specific-rationale|authored-specific-rationale,0,PASS,KEEP
how-many-k,0,khm-03-04,k2,no,content/courses/how-many-k/lessons/khm-03-04.json,A group shows 6 dots. Which numeral names that amount?,6,1,1,no,no,PASS,authored-specific-rationale|authored-specific-rationale|authored-specific-rationale,0,PASS,KEEP
how-many-k,0,khm-03-04,ch1,no,content/courses/how-many-k/lessons/khm-03-04.json,"Mina counts her blocks: 1, 2, 3, 4, 5. How many blocks does she have?",5,1,1,no,no,PASS,authored-specific-rationale|authored-specific-rationale|authored-specific-rationale,0,PASS,KEEP
how-many-k,0,khm-03-04,rem-kch-count-out-k,yes,content/courses/how-many-k/lessons/khm-03-04.json,You must hand over exactly 7 crayons from a big pile. What do you do?,Count crayons out one at a time and stop at 7,45,46,no,no,PASS,authored-specific-rationale|authored-specific-rationale|authored-specific-rationale,0,PASS,KEEP
how-many-k,0,khm-03-05,k1,no,content/courses/how-many-k/lessons/khm-03-05.json,A quick look tells you “4” without counting. How?,Small groups have shapes your eyes recognise at once,52,36,no,no,PASS,authored-specific-rationale|authored-specific-rationale|authored-specific-rationale,0,PASS,KEEP
how-many-k,0,khm-03-05,rem-kch-subitize-k,yes,content/courses/how-many-k/lessons/khm-03-05.json,A quick look tells you “4” without counting. How?,Small groups have shapes your eyes recognise at once,52,36,no,no,PASS,authored-specific-rationale|authored-specific-rationale|authored-specific-rationale,0,PASS,KEEP
how-many-k,0,khm-03-06,k1,no,content/courses/how-many-k/lessons/khm-03-06.json,Why does a ten-frame make a quick look easier?,Rows make a known dot pattern,29,31,no,no,PASS,authored-specific-rationale|authored-specific-rationale|exponent-rule,0,PASS,KEEP
how-many-k,0,khm-03-06,rem-kch-subitize-frame-k,yes,content/courses/how-many-k/lessons/khm-03-06.json,Why does a ten-frame make a quick look easier?,Rows make a known dot pattern,29,31,no,no,PASS,authored-specific-rationale|authored-specific-rationale|exponent-rule,0,PASS,KEEP
inequalities-and-regions,9,iar-01-01,k1,no,content/courses/inequalities-and-regions/lessons/iar-01-01.json,"The line is y = x + 1. Where is the point (0, 3)?",Above the line,14,14,no,no,PASS,authored-specific-rationale|authored-specific-rationale,0,PASS,KEEP
inequalities-and-regions,9,iar-01-01,k2,no,content/courses/inequalities-and-regions/lessons/iar-01-01.json,"No graph: is (4, 2) above, below, or on y = x + 1?",Below,5,5,no,no,PASS,authored-specific-rationale|authored-specific-rationale,0,PASS,KEEP
inequalities-and-regions,9,iar-01-01,ch1,no,content/courses/inequalities-and-regions/lessons/iar-01-01.json,"For ANY number a, where is the point (a, a) relative to y = x + 1?",Always below,12,12,no,no,PASS,authored-specific-rationale|authored-specific-rationale,0,PASS,KEEP
inequalities-and-regions,9,iar-01-02,k1,no,content/courses/inequalities-and-regions/lessons/iar-01-02.json,The test gave 0 > −1 (true). Which side of y = 2x − 1 gets shaded?,"The side containing (0, 0)",26,17,no,no,PASS,authored-specific-rationale|authored-specific-rationale,0,PASS,KEEP
inequalities-and-regions,9,iar-01-02,k2,no,content/courses/inequalities-and-regions/lessons/iar-01-02.json,"Test (0, 0) in y < x − 2. What happens?",0 < −2 is false — shade the side away from the origin,53,40,no,no,PASS,sign-direction|authored-specific-rationale,0,PASS,KEEP
inequalities-and-regions,9,iar-01-02,ch1,no,content/courses/inequalities-and-regions/lessons/iar-01-02.json,"For y > 2x, why can't (0, 0) be the test point — and what do you do?","It's on the boundary (0 = 2·0); use another point like (1, 0)",61,31,yes,yes,FAIL,authored-specific-rationale|boundary-endpoint,0,PASS,REMEDIATE
inequalities-and-regions,9,iar-01-03,k1,no,content/courses/inequalities-and-regions/lessons/iar-01-03.json,"(2, 3) sits on y = x + 1. Which inequalities does it satisfy?",y ≥ x + 1 only,14,14,no,no,PASS,authored-specific-rationale|authored-specific-rationale,0,PASS,KEEP
inequalities-and-regions,9,iar-01-03,k2,no,content/courses/inequalities-and-regions/lessons/iar-01-03.json,How is the boundary of y ≤ 3x − 2 drawn?,Solid — boundary points are solutions,37,37,no,no,PASS,boundary-endpoint|authored-specific-rationale,0,PASS,KEEP
inequalities-and-regions,9,iar-01-03,ch1,no,content/courses/inequalities-and-regions/lessons/iar-01-03.json,Exactly which points satisfy y ≥ x + 1 but NOT y > x + 1?,The points on the line y = x + 1,32,29,no,no,PASS,authored-specific-rationale|authored-specific-rationale,0,PASS,KEEP
inequalities-and-regions,9,iar-01-03,rem-iar-boundary-membership-k,yes,content/courses/inequalities-and-regions/lessons/iar-01-03.json,"(2, 3) sits on y = x + 1. Which inequalities does it satisfy?",y ≥ x + 1 only,14,14,no,no,PASS,authored-specific-rationale|authored-specific-rationale,0,PASS,KEEP
inequalities-and-regions,9,iar-02-01,k1,no,content/courses/inequalities-and-regions/lessons/iar-02-01.json,"Is (2, 3) a solution of the system y > x, y < 4?",Yes — it passes both tests,26,19,no,no,PASS,authored-specific-rationale|authored-specific-rationale,0,PASS,KEEP
inequalities-and-regions,9,iar-02-01,k2,no,content/courses/inequalities-and-regions/lessons/iar-02-01.json,"(1, 5) is not in the region of y > x, y < 4. Which test does it fail?",y < 4 — it's above the ceiling,30,31,no,no,PASS,authored-specific-rationale|authored-specific-rationale,0,PASS,KEEP
inequalities-and-regions,9,iar-02-01,ch1,no,content/courses/inequalities-and-regions/lessons/iar-02-01.json,"What is the solution region of the system y > 3, y < 1?",Empty — no point satisfies both,31,33,no,yes,FAIL,authored-specific-rationale|authored-specific-rationale,0,PASS,REMEDIATE
inequalities-and-regions,9,iar-02-02,k1,no,content/courses/inequalities-and-regions/lessons/iar-02-02.json,How is a region's corner computed?,Solve the two boundary equations simultaneously,47,28,yes,no,FAIL,rate-vs-start|authored-specific-rationale,0,PASS,REMEDIATE
inequalities-and-regions,9,iar-02-03,k1,no,content/courses/inequalities-and-regions/lessons/iar-02-03.json,"Check (2, 3) against x ≥ 0, y ≥ 0, x + y ≤ 6.",Inside — passes all three,25,25,no,no,PASS,authored-specific-rationale|sign-direction,0,PASS,KEEP
inequalities-and-regions,9,iar-02-03,k2,no,content/courses/inequalities-and-regions/lessons/iar-02-03.json,"(5, 3) is outside x ≥ 0, y ≥ 0, x + y ≤ 6. Which fence broke?",x + y ≤ 6 — the sum is 8,24,5,yes,yes,FAIL,sign-direction|sign-direction,0,PASS,REMEDIATE
inequalities-and-regions,9,iar-02-03,rem-iar-multi-check-k,yes,content/courses/inequalities-and-regions/lessons/iar-02-03.json,"Check (2, 3) against x ≥ 0, y ≥ 0, x + y ≤ 6.",Inside — passes all three,25,25,no,no,PASS,authored-specific-rationale|sign-direction,0,PASS,KEEP
inequalities-and-regions,9,iar-03-01,k1,no,content/courses/inequalities-and-regions/lessons/iar-03-01.json,"x batches of muffins, y of scones, one oven-hour each, 6 oven-hours total. Which system says 'possible plans only'?","x ≥ 0, y ≥ 0, x + y ≤ 6",23,23,no,no,PASS,authored-specific-rationale|authored-specific-rationale,0,PASS,KEEP
inequalities-and-regions,9,iar-03-01,k2,no,content/courses/inequalities-and-regions/lessons/iar-03-01.json,"The corners of the feasible triangle x ≥ 0, y ≥ 0, x + y ≤ 6 are…","(0, 0), (6, 0), (0, 6)",22,22,no,no,PASS,boundary-endpoint|authored-specific-rationale,0,PASS,KEEP
inequalities-and-regions,9,iar-03-01,ch1,no,content/courses/inequalities-and-regions/lessons/iar-03-01.json,"Add a flour limit x ≤ 4. What happens to the corner (6, 0)?","It leaves the region; (4, 0) and (4, 2) become corners",54,36,yes,yes,FAIL,authored-specific-rationale|authored-specific-rationale,0,PASS,REMEDIATE
inequalities-and-regions,9,iar-03-02,ch1,no,content/courses/inequalities-and-regions/lessons/iar-03-02.json,"Under P = x + y, corners (6, 0) and (0, 6) tie at 6. Which feasible plans achieve the maximum?",Every point on the edge x + y = 6,33,28,no,no,PASS,authored-specific-rationale|authored-specific-rationale,0,PASS,KEEP
inequalities-and-regions,9,iar-03-03,k1,no,content/courses/inequalities-and-regions/lessons/iar-03-03.json,Which system is the feasible region?,"x ≥ 0, y ≥ 0, x + 2y ≤ 8, x ≤ 4",31,31,no,no,PASS,authored-specific-rationale|sign-direction,0,PASS,KEEP
inequalities-and-regions,9,iar-03-03,rem-iar-lp-model-k,yes,content/courses/inequalities-and-regions/lessons/iar-03-03.json,Which system is the feasible region?,"x ≥ 0, y ≥ 0, x + 2y ≤ 8, x ≤ 4",31,31,no,no,PASS,authored-specific-rationale|sign-direction,0,PASS,KEEP
integration-accumulation,13,in-01-01,k1,no,content/courses/integration-accumulation/lessons/in-01-01.json,"On a rising curve, why does the left-endpoint rule always underestimate?","Each rectangle is only as tall as the LOWEST point of its strip, so it fits under the curve with room to spare.",111,43,yes,no,FAIL,boundary-endpoint|sign-direction|authored-specific-rationale,0,PASS,REMEDIATE
integration-accumulation,13,in-01-01,k2,no,content/courses/integration-accumulation/lessons/in-01-01.json,"For f(x) = 2x (a straight line), which rule gives the EXACT area even with one strip?",The trapezoid rule — a slanted top matches a straight line perfectly.,69,33,yes,no,FAIL,authored-specific-rationale|authored-specific-rationale|authored-specific-rationale,0,PASS,REMEDIATE
integration-accumulation,13,in-01-02,k1,no,content/courses/integration-accumulation/lessons/in-01-02.json,The gap between the left and right sums is [f(b) − f(a)]·h. Why does it vanish as n → ∞?,"h = (b − a)/n shrinks to 0, and the height difference is a fixed number.",72,40,yes,no,FAIL,authored-specific-rationale|inside-vs-derivative|authored-specific-rationale,0,PASS,REMEDIATE
integration-accumulation,13,in-01-02,k2,no,content/courses/integration-accumulation/lessons/in-01-02.json,"For x² on [0, 2] with 2 strips, the left sum is 1 and the right sum is 5. What have you PROVED?",The true area is somewhere between 1 and 5.,43,50,no,no,PASS,authored-specific-rationale|authored-specific-rationale|authored-specific-rationale,0,PASS,KEEP
integration-accumulation,13,in-01-02,rk1,yes,content/courses/integration-accumulation/lessons/in-01-02.json,The left sum is 6 and the right sum is 12 for a rising function. Which value could NOT be the true area?,13,2,1,no,no,PASS,authored-specific-rationale,0,PASS,KEEP
integration-accumulation,13,in-01-03,k3,no,content/courses/integration-accumulation/lessons/in-01-03.json,"f is above the axis with area 5, then below it with area 3. What is ∫ f, and what is the total geometric area?",∫ f = 2; the geometric area is 8.,33,33,no,no,PASS,sign-direction|sign-direction|sign-direction,0,PASS,KEEP
integration-accumulation,13,in-02-01,k2,no,content/courses/integration-accumulation/lessons/in-02-01.json,"In A(x) = ∫₀ˣ f(t) dt, what is t?",A dummy variable — it sweeps across the interval and then disappears.,69,21,yes,yes,FAIL,boundary-endpoint|rate-vs-start|authored-specific-rationale,0,PASS,REMEDIATE
integration-accumulation,13,in-02-02,k1,no,content/courses/integration-accumulation/lessons/in-02-02.json,f(x) = x − 2. Where is the accumulation A(x) = ∫₀ˣ f smallest?,"At x = 2, where f crosses zero from below.",42,33,no,no,PASS,sign-direction|sign-direction|sign-direction,0,PASS,KEEP
integration-accumulation,13,in-02-02,rk1,yes,content/courses/integration-accumulation/lessons/in-02-02.json,f is negative on an interval. What is A doing there?,Falling — area is being subtracted.,35,40,no,yes,FAIL,sign-direction,0,PASS,REMEDIATE
integration-accumulation,13,in-02-03,k1,no,content/courses/integration-accumulation/lessons/in-02-03.json,v(t) is measured in miles per hour and t in hours. What does ∫₀³ v(t) dt measure?,Miles — a distance.,19,41,no,no,PASS,authored-specific-rationale|authored-specific-rationale|exponent-rule,0,PASS,KEEP
integration-accumulation,13,in-02-03,k2,no,content/courses/integration-accumulation/lessons/in-02-03.json,"A runner goes forward, then back. ∫ v dt = 2 while ∫ |v| dt = 8. What do the two numbers mean?","She ended 2 miles from where she started, having run 8 miles in total.",70,38,yes,no,FAIL,authored-specific-rationale|sign-direction|sign-direction,0,PASS,REMEDIATE
integration-accumulation,13,in-02-03,rk1,yes,content/courses/integration-accumulation/lessons/in-02-03.json,r(t) is in litres per minute and t in minutes. What are the units of ∫ r dt?,Litres,6,17,no,no,PASS,authored-specific-rationale,0,PASS,KEEP
integration-accumulation,13,in-03-01,k1,no,content/courses/integration-accumulation/lessons/in-03-01.json,What is d/dx [ ∫₁ˣ t³ dt ] ?,x³,2,4,no,no,PASS,authored-specific-rationale|authored-specific-rationale|boundary-endpoint,0,PASS,KEEP
integration-accumulation,13,in-03-01,k2,no,content/courses/integration-accumulation/lessons/in-03-01.json,How does d/dx[∫₅ˣ t³ dt] compare with d/dx[∫₁ˣ t³ dt]?,They are identical — both are x³. The lower limit only shifts A by a constant.,78,24,yes,yes,FAIL,authored-specific-rationale|rate-vs-start|authored-specific-rationale,0,PASS,REMEDIATE
integration-accumulation,13,in-03-01,k3,no,content/courses/integration-accumulation/lessons/in-03-01.json,What is d/dx [ ∫₀^(x²) t³ dt ] ?,2x⁷,3,4,no,no,PASS,boundary-endpoint|authored-specific-rationale|authored-specific-rationale,0,PASS,KEEP
integration-accumulation,13,in-03-01,rk1,yes,content/courses/integration-accumulation/lessons/in-03-01.json,What is d/dx [ ∫₀ˣ t² dt ] ?,x²,2,2,no,no,PASS,authored-specific-rationale,0,PASS,KEEP
integration-accumulation,13,in-03-02,k2,no,content/courses/integration-accumulation/lessons/in-03-02.json,Why can you use ANY antiderivative F when evaluating ∫ₐᵇ f?,"Two antiderivatives differ by a constant, and the constant cancels in F(b) − F(a).",82,54,yes,no,FAIL,authored-specific-rationale|authored-specific-rationale|authored-specific-rationale,0,PASS,REMEDIATE
integration-accumulation,13,in-03-03,rk1,yes,content/courses/integration-accumulation/lessons/in-03-03.json,What is d/dx[∫₀ˣ t⁴ dt]?,x⁴,2,4,no,no,PASS,authored-specific-rationale,0,PASS,KEEP
integration-accumulation,13,in-04-01,k1,no,content/courses/integration-accumulation/lessons/in-04-01.json,What is ∫ x³ dx?,x⁴/4 + C,8,8,no,no,PASS,exponent-rule|exponent-rule|exponent-rule,0,PASS,KEEP
integration-accumulation,13,in-04-01,k3,no,content/courses/integration-accumulation/lessons/in-04-01.json,When does the + C actually matter?,For indefinite integrals — a definite integral subtracts it away.,65,41,yes,no,FAIL,authored-specific-rationale|place-value|authored-specific-rationale,0,PASS,REMEDIATE
integration-accumulation,13,in-04-01,rk1,yes,content/courses/integration-accumulation/lessons/in-04-01.json,What is ∫ x⁴ dx?,x⁵/5 + C,8,7,no,no,PASS,exponent-rule,0,PASS,KEEP
integration-accumulation,13,in-04-02,k3,no,content/courses/integration-accumulation/lessons/in-04-02.json,You know a tank's inflow rate for the whole day but not how full it started. What can you find?,How much water was ADDED — but not how much is in the tank.,59,48,no,yes,FAIL,authored-specific-rationale|authored-specific-rationale|authored-specific-rationale,0,PASS,REMEDIATE
integration-accumulation,13,in-04-03,k1,no,content/courses/integration-accumulation/lessons/in-04-03.json,What is ∫ sin x dx?,−cos x + C,10,10,no,no,PASS,sign-direction|authored-specific-rationale|authored-specific-rationale,0,PASS,KEEP
integration-accumulation,13,in-04-03,k2,no,content/courses/integration-accumulation/lessons/in-04-03.json,Why does ∫ x⁻¹ dx not follow the power rule?,"The rule divides by n + 1, which is 0 when n = −1 — the formula breaks down.",76,45,yes,yes,FAIL,sign-direction|place-value|sign-direction,0,PASS,REMEDIATE
integration-accumulation,13,in-04-03,rk1,yes,content/courses/integration-accumulation/lessons/in-04-03.json,What is ∫ cos x dx?,sin x + C,9,10,no,no,PASS,sign-direction,0,PASS,KEEP
integration-accumulation,13,in-05-01,k1,no,content/courses/integration-accumulation/lessons/in-05-01.json,"In ∫ 2x(x² + 1)³ dx, what should u be?","u = x² + 1 — the inside of the bracket, whose derivative 2x is right there as a factor.",87,13,yes,yes,FAIL,exponent-rule|exponent-rule|inside-vs-derivative,0,PASS,REMEDIATE
integration-accumulation,13,in-05-01,rk1,yes,content/courses/integration-accumulation/lessons/in-05-01.json,"For ∫ 3x²(x³ + 5)⁴ dx, what is u?",u = x³ + 5,10,7,no,no,PASS,exponent-rule,0,PASS,KEEP
integration-accumulation,13,in-05-02,k1,no,content/courses/integration-accumulation/lessons/in-05-02.json,"For ∫₀² x(x² + 1)³ dx with u = x² + 1, what do the limits become?",u runs from 1 to 5.,19,25,no,no,PASS,inside-vs-derivative|authored-specific-rationale|authored-specific-rationale,0,PASS,KEEP
integration-accumulation,13,in-05-02,rk1,yes,content/courses/integration-accumulation/lessons/in-05-02.json,∫₁² f(x + 3) dx with u = x + 3. What are the new limits?,u from 4 to 5,13,13,no,no,PASS,authored-specific-rationale,0,PASS,KEEP
integration-accumulation,13,in-05-03,k1,no,content/courses/integration-accumulation/lessons/in-05-03.json,"For ∫ x²(x³ + 1)⁵ dx, what is u?","u = x³ + 1 — and du = 3x² dx, so x² dx = du/3.",46,20,yes,yes,FAIL,inside-vs-derivative|inside-vs-derivative|authored-specific-rationale,0,PASS,REMEDIATE
integration-accumulation,13,in-05-03,rk1,yes,content/courses/integration-accumulation/lessons/in-05-03.json,Which one can be done by substitution?,∫ x·sin(x²) dx,14,12,no,no,PASS,inside-vs-derivative,0,PASS,KEEP
integration-applications,13,ia-01-01,k1,no,content/courses/integration-applications/lessons/ia-01-01.json,"On the interval (0, 1), which of y = x and y = x² is on top?",y = x — test x = 0.5: it gives 0.5 against 0.25.,48,38,no,yes,FAIL,authored-specific-rationale|authored-specific-rationale|authored-specific-rationale,0,PASS,REMEDIATE
integration-applications,13,ia-01-02,k1,no,content/courses/integration-applications/lessons/ia-01-02.json,A region under y = f(x) is revolved about the x-axis. What is the radius of the disc at x?,f(x) — the height of the curve above the axis.,46,6,yes,yes,FAIL,representation-read|authored-specific-rationale|authored-specific-rationale,0,PASS,REMEDIATE
integration-applications,13,ia-01-02,k3,no,content/courses/integration-applications/lessons/ia-01-02.json,"Which is the disc-method volume: π∫[f(x)]² dx, or π(∫f(x) dx)²?","π∫[f(x)]² dx — square the FUNCTION, then integrate.",51,38,no,no,PASS,rate-vs-start|authored-specific-rationale|authored-specific-rationale,0,PASS,KEEP
integration-applications,13,ia-01-03,k1,no,content/courses/integration-applications/lessons/ia-01-03.json,A washer has outer radius 3 and inner radius 1. What is its face area?,π(3² − 1²) = 8π,15,16,no,no,PASS,authored-specific-rationale|authored-specific-rationale|authored-specific-rationale,0,PASS,KEEP
integration-applications,13,ia-02-01,k2,no,content/courses/integration-applications/lessons/ia-02-01.json,"The slices are equilateral TRIANGLES of side s = f(x), instead of squares. What changes?","Only the constant: multiply the same ∫[f(x)]² dx by √3/4, the triangle's area coefficient.",90,39,yes,yes,FAIL,authored-specific-rationale|exponent-rule|rate-vs-start,0,PASS,REMEDIATE
integration-applications,13,ia-03-01,k3,no,content/courses/integration-applications/lessons/ia-03-01.json,"For f(x) = x² on [0, 3], the average of the endpoint values is 4.5, but the true average value is 3. Why?","The integral weights every x equally, and x² is LOW for most of the interval — so the true average is dragged down.",115,78,yes,no,FAIL,boundary-endpoint|boundary-endpoint|boundary-endpoint,0,PASS,REMEDIATE
integration-applications,13,ia-04-01,rk1,yes,content/courses/integration-applications/lessons/ia-04-01.json,Which integral gives the TOTAL DISTANCE travelled?,∫|v| dt,7,5,no,no,PASS,authored-specific-rationale,0,PASS,KEEP
length-problems-g2,2,g2p-01-01,k3,no,content/courses/length-problems-g2/lessons/g2p-01-01.json,The ribbon is 12 inches. The shoelace is 15 inches. The bookmark is 22 inches. The straw is 7 inches. Which is the shortest?,straw,5,8,no,no,PASS,unit-conversion|unit-conversion|unit-conversion,0,PASS,KEEP
length-problems-g2,2,g2p-01-02,k1,no,content/courses/length-problems-g2/lessons/g2p-01-02.json,The ribbon is 10 inches. The shoelace is 15 inches. The bookmark is 18 inches. The straw is 7 inches. Which is the longest?,bookmark,8,8,no,no,PASS,unit-conversion|unit-conversion|unit-conversion,0,PASS,KEEP
length-problems-g2,2,g2p-01-02,k3,no,content/courses/length-problems-g2/lessons/g2p-01-02.json,The ribbon is 8 inches. The shoelace is 10 inches. The bookmark is 16 inches. The straw is 6 inches. Which is the shortest?,straw,5,8,no,no,PASS,unit-conversion|unit-conversion|unit-conversion,0,PASS,KEEP
length-problems-g2,2,g2p-01-02,rem-g2p-compare-two-k,yes,content/courses/length-problems-g2/lessons/g2p-01-02.json,The ribbon is 10 inches. The shoelace is 15 inches. The bookmark is 18 inches. The straw is 7 inches. Which is the longest?,bookmark,8,8,no,no,PASS,unit-conversion|unit-conversion|unit-conversion,0,PASS,KEEP
length-problems-g2,2,g2p-01-03,k3,no,content/courses/length-problems-g2/lessons/g2p-01-03.json,Two trail legs of 32 m and 25 m give a computed total of 30 m. Reasonable?,No because 30 is less than the 32 m part,40,30,no,no,PASS,authored-specific-rationale|authored-specific-rationale|authored-specific-rationale,0,PASS,KEEP
length-problems-g2,2,g2p-02-01,k3,no,content/courses/length-problems-g2/lessons/g2p-02-01.json,"To show a 34 cm piece joined to a 20 cm piece on a number line, what is the drawing?",Jump 34 then 20 to land on 54,29,42,no,no,PASS,authored-specific-rationale|authored-specific-rationale|authored-specific-rationale,0,PASS,KEEP
length-problems-g2,2,g2p-02-02,k3,no,content/courses/length-problems-g2/lessons/g2p-02-02.json,Maggie computes that a pencil measured from the 3 cm mark to the 11 cm mark is 14 cm long. Reasonable?,Too long — the marks are only 8 apart,37,38,no,no,PASS,sign-direction|authored-specific-rationale|authored-specific-rationale,0,PASS,KEEP
length-problems-g2,2,g2p-02-03,k3,no,content/courses/length-problems-g2/lessons/g2p-02-03.json,"A drawing shows two bars: a 40 cm bar, and under it a 25 cm bar plus a mystery piece reaching the same end. What is the mystery piece?",The missing length: 40 − 25 = 15 cm,35,33,no,no,PASS,authored-specific-rationale|authored-specific-rationale|authored-specific-rationale,0,PASS,KEEP
length-problems-g2,2,g2p-03-01,k1,no,content/courses/length-problems-g2/lessons/g2p-03-01.json,"A drawing shows two bars: a 40 cm bar, and under it a 25 cm bar plus a mystery piece reaching the same end. What is the mystery piece?",The missing length: 40 − 25 = 15 cm,35,33,no,no,PASS,authored-specific-rationale|authored-specific-rationale|authored-specific-rationale,0,PASS,KEEP
length-problems-g2,2,g2p-03-01,k3,no,content/courses/length-problems-g2/lessons/g2p-03-01.json,"A drawing shows two bars: a 40 cm bar, and under it a 25 cm bar plus a mystery piece reaching the same end. What is the mystery piece?",The missing length: 40 − 25 = 15 cm,35,33,no,no,PASS,authored-specific-rationale|authored-specific-rationale|authored-specific-rationale,0,PASS,KEEP
length-problems-g2,2,g2p-03-01,rem-g2p-draw-model-k,yes,content/courses/length-problems-g2/lessons/g2p-03-01.json,"A drawing shows two bars: a 40 cm bar, and under it a 25 cm bar plus a mystery piece reaching the same end. What is the mystery piece?",The missing length: 40 − 25 = 15 cm,35,33,no,no,PASS,authored-specific-rationale|authored-specific-rationale|authored-specific-rationale,0,PASS,KEEP
length-problems-g2,2,g2p-03-02,k1,no,content/courses/length-problems-g2/lessons/g2p-03-02.json,"To show a 34 cm piece joined to a 20 cm piece on a number line, what is the drawing?",Jump 34 then 20 to land on 54,29,42,no,no,PASS,authored-specific-rationale|authored-specific-rationale|authored-specific-rationale,0,PASS,KEEP
length-problems-g2,2,g2p-03-02,rem-g2p-line-model-k,yes,content/courses/length-problems-g2/lessons/g2p-03-02.json,"To show a 34 cm piece joined to a 20 cm piece on a number line, what is the drawing?",Jump 34 then 20 to land on 54,29,42,no,no,PASS,authored-specific-rationale|authored-specific-rationale|authored-specific-rationale,0,PASS,KEEP
length-problems-g2,2,g2p-03-03,k3,no,content/courses/length-problems-g2/lessons/g2p-03-03.json,Maggie computes that a pencil measured from the 3 cm mark to the 11 cm mark is 14 cm long. Reasonable?,Too long — the marks are only 8 apart,37,38,no,no,PASS,sign-direction|authored-specific-rationale|authored-specific-rationale,0,PASS,KEEP
length-problems-g2,2,g2p-03-04,k1,no,content/courses/length-problems-g2/lessons/g2p-03-04.json,Two trail legs of 32 m and 25 m give a computed total of 30 m. Reasonable?,No because 30 is less than the 32 m part,40,30,no,no,PASS,authored-specific-rationale|authored-specific-rationale|authored-specific-rationale,0,PASS,KEEP
length-problems-g2,2,g2p-03-04,k3,no,content/courses/length-problems-g2/lessons/g2p-03-04.json,Two trail legs of 32 m and 25 m give a computed total of 30 m. Reasonable?,No because 30 is less than the 32 m part,40,30,no,no,PASS,authored-specific-rationale|authored-specific-rationale|authored-specific-rationale,0,PASS,KEEP
length-problems-g2,2,g2p-03-04,rem-g2p-reasonable-k,yes,content/courses/length-problems-g2/lessons/g2p-03-04.json,Two trail legs of 32 m and 25 m give a computed total of 30 m. Reasonable?,No because 30 is less than the 32 m part,40,30,no,no,PASS,authored-specific-rationale|authored-specific-rationale|authored-specific-rationale,0,PASS,KEEP
limits-continuity,12,lc-01-01,k3,no,content/courses/limits-continuity/lessons/lc-01-01.json,"If f(x) approaches 5 as x → 3, but f(3) = 1 (a lone point off the curve), then lim(x→3) f(x) is:",5 (the approach wins),21,20,no,no,PASS,authored-specific-rationale|authored-specific-rationale,0,PASS,KEEP
limits-continuity,12,lc-01-02,k2,no,content/courses/limits-continuity/lessons/lc-01-02.json,"The curve approaches y = 4 at x = 2, but a filled dot marks (2, 1). Then lim(x→2) f(x) equals:",4,1,12,no,no,PASS,authored-specific-rationale|authored-specific-rationale,0,PASS,KEEP
limits-continuity,12,lc-01-03,k1,no,content/courses/limits-continuity/lessons/lc-01-03.json,"For f(x) = 1/x² as x → 0, the values grow 100, 10 000, 1 000 000, … So lim(x→0) f(x):",does not exist (grows without bound),36,4,yes,no,FAIL,authored-specific-rationale|representation-read,0,PASS,REMEDIATE
limits-continuity,12,lc-01-03,k2,no,content/courses/limits-continuity/lessons/lc-01-03.json,A step function equals 1 for x < 0 and 2 for x ≥ 0. What is lim(x→0) f(x)?,does not exist,14,3,no,no,PASS,authored-specific-rationale|authored-specific-rationale,0,PASS,KEEP
limits-continuity,12,lc-01-03,ch1,no,content/courses/limits-continuity/lessons/lc-01-03.json,"At x = 1, a graph jumps from y = −2 (left) to y = +2 (right). Then lim(x→1) f(x):",does not exist,14,4,no,no,PASS,authored-specific-rationale|authored-specific-rationale,0,PASS,KEEP
limits-continuity,12,lc-01-03,rem-lc0103-k,yes,content/courses/limits-continuity/lessons/lc-01-03.json,"Near x = 2, f → 4 from the left and 7 from the right. The limit:",does not exist,14,6,no,no,PASS,authored-specific-rationale|authored-specific-rationale,0,PASS,KEEP
limits-continuity,12,lc-02-03,i1,no,content/courses/limits-continuity/lessons/lc-02-03.json,"To resolve (√(x + 4) − 2)/x, you multiply numerator and denominator by:",√(x + 4) + 2 (the conjugate),28,34,no,no,PASS,sign-direction|authored-specific-rationale,0,PASS,KEEP
limits-continuity,12,lc-02-03,k3,no,content/courses/limits-continuity/lessons/lc-02-03.json,Substituting gives 0/0 in (√(x + 1) − 1)/x. The right technique is:,multiply by the conjugate,25,21,no,no,PASS,fraction-denominator|authored-specific-rationale,0,PASS,KEEP
limits-continuity,12,lc-03-01,k2,no,content/courses/limits-continuity/lessons/lc-03-01.json,"With lim(x→2⁻) = 3 and lim(x→2⁺) = 4, the two-sided lim(x→2) f(x):",does not exist (3 ≠ 4),22,6,no,no,PASS,authored-specific-rationale|authored-specific-rationale,0,PASS,KEEP
limits-continuity,12,lc-03-01,ch1,no,content/courses/limits-continuity/lessons/lc-03-01.json,f = x² for x < 1 and 3x for x ≥ 1. Then lim(x→1) f(x):,does not exist (1 ≠ 3),22,4,yes,no,FAIL,authored-specific-rationale|authored-specific-rationale,0,PASS,REMEDIATE
limits-continuity,12,lc-03-03,k1,no,content/courses/limits-continuity/lessons/lc-03-03.json,"For end behavior of (7x³ + 2x)/(x³ − 1) as x → ∞, which terms decide the limit?",the leading terms 7x³ and x³ (ratio 7),38,18,yes,no,FAIL,authored-specific-rationale|unit-conversion,0,PASS,REMEDIATE
limits-continuity,12,lc-03-03,k2,no,content/courses/limits-continuity/lessons/lc-03-03.json,"As x → ∞, (−2x³ + 5)/(x² + 1) behaves like:",→ −∞ (grows negatively without bound),37,4,yes,no,FAIL,sign-direction|unit-conversion,0,PASS,REMEDIATE
limits-continuity,12,lc-03-03,k3,no,content/courses/limits-continuity/lessons/lc-03-03.json,"For (3x + 2)/(x² + 1) as x → ∞, the limit is:",0 (horizontal asymptote y = 0),30,2,yes,no,FAIL,unit-conversion|unit-conversion,0,PASS,REMEDIATE
limits-continuity,12,lc-03-03,ch1,no,content/courses/limits-continuity/lessons/lc-03-03.json,"As x → ∞, (x³ + 1)/(2x + 5):","grows without bound (→ +∞), no horizontal asymptote",51,14,yes,no,FAIL,unit-conversion|authored-specific-rationale,0,PASS,REMEDIATE
limits-continuity,12,lc-03-03,rem-lc0303-k,yes,content/courses/limits-continuity/lessons/lc-03-03.json,"As x → ∞, (x² + 1)/(x + 1):",grows without bound (→ +∞),26,12,no,no,PASS,unit-conversion|authored-specific-rationale,0,PASS,KEEP
limits-continuity,12,lc-04-01,k1,no,content/courses/limits-continuity/lessons/lc-04-01.json,A function has a hole at x = 2: the limit exists (= 4) but f(2) is undefined. Continuity fails because:,f(2) is not defined,19,30,no,no,PASS,authored-specific-rationale|authored-specific-rationale,0,PASS,KEEP
limits-continuity,12,lc-04-01,k3,no,content/courses/limits-continuity/lessons/lc-04-01.json,Continuity at x = a requires:,"f(a) defined, the limit exists, and they are equal",50,26,yes,no,FAIL,authored-specific-rationale|authored-specific-rationale,0,PASS,REMEDIATE
limits-continuity,12,lc-04-02,k2,no,content/courses/limits-continuity/lessons/lc-04-02.json,A piecewise function approaches 1 from the left of x = 0 and 3 from the right. At x = 0 it has a:,jump discontinuity,18,23,no,no,PASS,authored-specific-rationale|authored-specific-rationale,0,PASS,KEEP
limits-continuity,12,lc-04-02,k3,no,content/courses/limits-continuity/lessons/lc-04-02.json,f(x) = 1/x has what kind of discontinuity at x = 0?,infinite (vertical asymptote),29,9,yes,no,FAIL,authored-specific-rationale|authored-specific-rationale,0,PASS,REMEDIATE
limits-continuity,12,lc-04-02,rem-lc0402-k,yes,content/courses/limits-continuity/lessons/lc-04-02.json,f(x) = 1/x² at x = 0 has what type of discontinuity?,infinite,8,9,no,no,PASS,representation-read|authored-specific-rationale,0,PASS,KEEP
limits-continuity,12,lc-04-03,i1,no,content/courses/limits-continuity/lessons/lc-04-03.json,"f is continuous with f(1) = −1 and f(2) = 2. The IVT guarantees f(c) = 0 for some c in (1, 2) because:",0 lies between −1 and 2,23,26,no,no,PASS,authored-specific-rationale|authored-specific-rationale,0,PASS,KEEP
limits-continuity,12,lc-04-03,k1,no,content/courses/limits-continuity/lessons/lc-04-03.json,"For f(x) = x² − 2, we compute f(1) = −1 and f(2) = 2. What does the IVT guarantee?","a root (f = 0) somewhere in (1, 2)",34,27,no,no,PASS,authored-specific-rationale|sign-direction,0,PASS,KEEP
limits-continuity,12,lc-04-03,k3,no,content/courses/limits-continuity/lessons/lc-04-03.json,"Why does the IVT require f to be continuous on [a, b]?",A discontinuous function could jump over the value without hitting it,69,44,yes,no,FAIL,authored-specific-rationale|authored-specific-rationale,0,PASS,REMEDIATE
limits-continuity,12,lc-05-01,k2,no,content/courses/limits-continuity/lessons/lc-05-01.json,The average rate of change (f(a + h) − f(a))/h is also called the:,difference quotient,19,12,no,no,PASS,rate-vs-start|authored-specific-rationale,0,PASS,KEEP
limits-continuity,12,lc-05-02,k1,no,content/courses/limits-continuity/lessons/lc-05-02.json,Taking h → 0 in the difference quotient 2a + h gives the derivative f′(a) =,2a,2,6,no,no,PASS,authored-specific-rationale|authored-specific-rationale,0,PASS,KEEP
limits-continuity,12,lc-05-03,k3,no,content/courses/limits-continuity/lessons/lc-05-03.json,The repeating decimal 0.999… equals which number exactly?,exactly 1,9,12,no,no,PASS,authored-specific-rationale|authored-specific-rationale,0,PASS,KEEP
linear-equations-systems,8,les-01-02,k2,no,content/courses/linear-equations-systems/lessons/les-01-02.json,Why must 3x be subtracted from BOTH sides of 5x + 2 = 3x + 10?,To keep both sides equal — the balance must stay level,54,34,yes,yes,FAIL,authored-specific-rationale|authored-specific-rationale|sign-direction,0,PASS,REMEDIATE
linear-equations-systems,8,les-01-03,k1,no,content/courses/linear-equations-systems/lessons/les-01-03.json,Which is the correct expansion of 4(x + 3)?,4x + 12,7,6,no,no,PASS,authored-specific-rationale|authored-specific-rationale|authored-specific-rationale,0,PASS,KEEP
linear-equations-systems,8,les-01-03,rem-les0103-k,yes,content/courses/linear-equations-systems/lessons/les-01-03.json,Which is the correct expansion of 2(x + 6)?,2x + 12,7,6,no,no,PASS,authored-specific-rationale|authored-specific-rationale|authored-specific-rationale,0,PASS,KEEP
linear-equations-systems,8,les-02-01,k2,no,content/courses/linear-equations-systems/lessons/les-02-01.json,Which equation has NO solution?,3x + 7 = 3x + 2,15,15,no,no,PASS,authored-specific-rationale|authored-specific-rationale|authored-specific-rationale,0,PASS,KEEP
linear-equations-systems,8,les-02-01,ch1,no,content/courses/linear-equations-systems/lessons/les-02-01.json,Which value of ▢ makes 6x + 1 = 6x + ▢ have NO solution?,Any number except 1 (like 9),28,12,no,no,PASS,authored-specific-rationale|authored-specific-rationale|authored-specific-rationale,0,PASS,KEEP
linear-equations-systems,8,les-02-02,k2,no,content/courses/linear-equations-systems/lessons/les-02-02.json,Which equation has INFINITELY many solutions?,4(x + 1) = 4x + 4,17,17,no,no,PASS,authored-specific-rationale|authored-specific-rationale|authored-specific-rationale,0,PASS,KEEP
linear-equations-systems,8,les-02-02,k3,no,content/courses/linear-equations-systems/lessons/les-02-02.json,"After the variable cancels, you're left with 0 = 0. What does this mean?",Infinitely many solutions — it's always true,44,38,no,no,PASS,authored-specific-rationale|authored-specific-rationale|authored-specific-rationale,0,PASS,KEEP
linear-equations-systems,8,les-02-02,ch1,no,content/courses/linear-equations-systems/lessons/les-02-02.json,Which value of ▢ makes 5x + 3 = 5x + ▢ have INFINITELY many solutions?,3,1,19,no,no,PASS,authored-specific-rationale|authored-specific-rationale|authored-specific-rationale,0,PASS,KEEP
linear-equations-systems,8,les-02-03,i1,no,content/courses/linear-equations-systems/lessons/les-02-03.json,You solve an equation and reach x = 7. How many solutions?,One solution,12,15,no,no,PASS,authored-specific-rationale|authored-specific-rationale|authored-specific-rationale,0,PASS,KEEP
linear-equations-systems,8,les-02-03,k1,no,content/courses/linear-equations-systems/lessons/les-02-03.json,How many solutions does 2x + 5 = 3x − 1 have?,One solution,12,15,no,no,PASS,authored-specific-rationale|authored-specific-rationale|authored-specific-rationale,0,PASS,KEEP
linear-equations-systems,8,les-02-03,k2,no,content/courses/linear-equations-systems/lessons/les-02-03.json,How many solutions does 7x + 2 = 7x + 2 have?,Infinitely many,15,12,no,no,PASS,authored-specific-rationale|authored-specific-rationale|authored-specific-rationale,0,PASS,KEEP
linear-equations-systems,8,les-02-03,k3,no,content/courses/linear-equations-systems/lessons/les-02-03.json,How many solutions does 2(3x + 1) = 6x + 2 have?,Infinitely many,15,12,no,no,PASS,authored-specific-rationale|authored-specific-rationale|authored-specific-rationale,0,PASS,KEEP
linear-equations-systems,8,les-02-03,ch1,no,content/courses/linear-equations-systems/lessons/les-02-03.json,Classify: 3(x + 2) = 3x + 6.,Infinitely many solutions,25,23,no,no,PASS,authored-specific-rationale|authored-specific-rationale|authored-specific-rationale,0,PASS,KEEP
linear-equations-systems,8,les-02-03,rem-les0203-k,yes,content/courses/linear-equations-systems/lessons/les-02-03.json,How many solutions does 3x + 2 = 5x − 4 have?,One solution,12,15,no,no,PASS,authored-specific-rationale|authored-specific-rationale|authored-specific-rationale,0,PASS,KEEP
linear-equations-systems,8,les-03-01,k1,no,content/courses/linear-equations-systems/lessons/les-03-01.json,"Is (1, 3) a solution of the system y = 2x + 1 and y = x + 1?",It fails the second equation,28,29,no,no,PASS,authored-specific-rationale|authored-specific-rationale|authored-specific-rationale,0,PASS,KEEP
linear-equations-systems,8,les-03-01,i2,no,content/courses/linear-equations-systems/lessons/les-03-01.json,"Point (4, 2) is on the line y = x − 2. Is it a solution of the system y = x − 2 and y = 2x − 5?",No — it must also satisfy y = 2x − 5,36,30,no,no,PASS,authored-specific-rationale|authored-specific-rationale|authored-specific-rationale,0,PASS,KEEP
linear-equations-systems,8,les-03-01,k2,no,content/courses/linear-equations-systems/lessons/les-03-01.json,Which point solves the system y = −x + 4 and y = 2x − 5?,"(3, 1)",6,6,no,no,PASS,authored-specific-rationale|authored-specific-rationale|authored-specific-rationale,0,PASS,KEEP
linear-equations-systems,8,les-03-01,k3,no,content/courses/linear-equations-systems/lessons/les-03-01.json,"On a graph, where is the solution of a system of two lines?",At the point where the two lines cross,38,31,no,no,PASS,authored-specific-rationale|rate-vs-start|authored-specific-rationale,0,PASS,KEEP
linear-equations-systems,8,les-03-01,ch1,no,content/courses/linear-equations-systems/lessons/les-03-01.json,Which point solves the system y = 3x − 4 and y = x + 2?,"(3, 5)",6,6,no,no,PASS,authored-specific-rationale|authored-specific-rationale|authored-specific-rationale,0,PASS,KEEP
linear-equations-systems,8,les-03-01,rem-les0301-k,yes,content/courses/linear-equations-systems/lessons/les-03-01.json,Which point solves the system y = x + 1 and y = −x + 5?,"(2, 3)",6,6,no,no,PASS,authored-specific-rationale|authored-specific-rationale|authored-specific-rationale,0,PASS,KEEP
linear-equations-systems,8,les-03-03,i1,no,content/courses/linear-equations-systems/lessons/les-03-03.json,How many solutions does the system y = 2x + 1 and y = 3x − 1 have?,One solution,12,15,no,no,PASS,rate-vs-start|rate-vs-start|rate-vs-start,0,PASS,KEEP
linear-equations-systems,8,les-03-03,k1,no,content/courses/linear-equations-systems/lessons/les-03-03.json,How many solutions does the system y = 2x + 1 and y = 2x − 3 have?,No solution,11,15,no,no,PASS,rate-vs-start|rate-vs-start|authored-specific-rationale,0,PASS,KEEP
linear-equations-systems,8,les-03-03,i2,no,content/courses/linear-equations-systems/lessons/les-03-03.json,How many solutions does the system y = 4x + 2 and y = 4x + 2 have?,Infinitely many,15,12,no,no,PASS,rate-vs-start|authored-specific-rationale|authored-specific-rationale,0,PASS,KEEP
linear-equations-systems,8,les-03-03,k2,no,content/courses/linear-equations-systems/lessons/les-03-03.json,How many solutions does the system y = x + 4 and y = x − 4 have?,No solution,11,15,no,no,PASS,rate-vs-start|rate-vs-start|authored-specific-rationale,0,PASS,KEEP
linear-equations-systems,8,les-03-03,k3,no,content/courses/linear-equations-systems/lessons/les-03-03.json,How many solutions does the system y = ½x + 3 and y = ½x − 1 have?,No solution,11,15,no,no,PASS,rate-vs-start|rate-vs-start|authored-specific-rationale,0,PASS,KEEP
linear-equations-systems,8,les-03-03,ch1,no,content/courses/linear-equations-systems/lessons/les-03-03.json,How many solutions does the system y = −x + 4 and y = −x + 4 have?,Infinitely many,15,12,no,no,PASS,rate-vs-start|authored-specific-rationale|authored-specific-rationale,0,PASS,KEEP
linear-equations-systems,8,les-03-03,rem-les0303-k,yes,content/courses/linear-equations-systems/lessons/les-03-03.json,How many solutions does the system y = 3x + 2 and y = 5x − 1 have?,One solution,12,15,no,no,PASS,rate-vs-start|rate-vs-start|rate-vs-start,0,PASS,KEEP
linear-functions,9,lf-01-01,i3,no,content/courses/linear-functions/lessons/lf-01-01.json,Two lines go up as they move right. Which is STEEPER: a slope of 5 or a slope of 2?,slope 5,7,22,no,no,PASS,rate-vs-start|rate-vs-start,0,PASS,KEEP
linear-functions,9,lf-01-02,i2,no,content/courses/linear-functions/lessons/lf-01-02.json,"To find the slope through (1, 5) and (4, 2), which computation is set up correctly?",(2 − 5) ÷ (4 − 1),17,17,no,no,PASS,sign-direction|sign-direction,0,PASS,KEEP
linear-functions,9,lf-01-02,k3,no,content/courses/linear-functions/lessons/lf-01-02.json,"What is the slope of the line through (1, 1) and (5, 3)?",1/2,3,3,no,no,PASS,rate-vs-start|inside-vs-derivative,0,PASS,KEEP
linear-functions,9,lf-01-03,i1,no,content/courses/linear-functions/lessons/lf-01-03.json,"As you read a line left to right, y keeps going DOWN. What is the sign of its slope?",negative,8,8,no,no,PASS,sign-direction|sign-direction,0,PASS,KEEP
linear-functions,9,lf-01-03,rem-ss-k,yes,content/courses/linear-functions/lessons/lf-01-03.json,"A line goes through (1, 6) and (5, 2). What is the sign of its slope?",negative,8,8,no,no,PASS,sign-direction|sign-direction,0,PASS,KEEP
linear-functions,9,lf-02-01,i1,no,content/courses/linear-functions/lessons/lf-02-01.json,"In y = 3x + 2, what is the slope m?",3,1,1,no,no,PASS,rate-vs-start|rate-vs-start,0,PASS,KEEP
linear-functions,9,lf-02-01,k1,no,content/courses/linear-functions/lessons/lf-02-01.json,"In y = 3x + 2, what is the y-intercept b?",2,1,2,no,no,PASS,rate-vs-start|rate-vs-start,0,PASS,KEEP
linear-functions,9,lf-02-01,i2,no,content/courses/linear-functions/lessons/lf-02-01.json,What is the slope m of y = -x + 4?,-1,2,1,no,no,PASS,rate-vs-start|sign-direction,0,PASS,KEEP
linear-functions,9,lf-02-01,k3,no,content/courses/linear-functions/lessons/lf-02-01.json,What is the slope m of y = (1/2)x - 3?,1/2,3,2,no,no,PASS,rate-vs-start|authored-specific-rationale,0,PASS,KEEP
linear-functions,9,lf-02-01,rem-sir-k,yes,content/courses/linear-functions/lessons/lf-02-01.json,"In y = 6x + 2, what is the slope m?",6,1,1,no,no,PASS,rate-vs-start,0,PASS,KEEP
linear-functions,9,lf-02-02,i1,no,content/courses/linear-functions/lessons/lf-02-02.json,"To graph y = 3x + 2, where do you put your first point?","(0, 2), on the y-axis",21,21,no,no,PASS,rate-vs-start|rate-vs-start,0,PASS,KEEP
linear-functions,9,lf-02-02,k2,no,content/courses/linear-functions/lessons/lf-02-02.json,"Starting at the y-intercept (0, 1) with slope 2, which point comes next on the line?","(1, 3)",6,6,no,no,PASS,rate-vs-start|rate-vs-start,0,PASS,KEEP
linear-functions,9,lf-02-02,rem-sig-k,yes,content/courses/linear-functions/lessons/lf-02-02.json,"To graph y = 2x + 3, where is your first point?","(0, 3)",6,6,no,no,PASS,rate-vs-start|rate-vs-start,0,PASS,KEEP
linear-functions,9,lf-02-03,i1,no,content/courses/linear-functions/lessons/lf-02-03.json,"At the x-intercept, which coordinate is 0?",y is 0,6,18,no,no,PASS,rate-vs-start|rate-vs-start,0,PASS,KEEP
linear-functions,9,lf-02-03,i2,no,content/courses/linear-functions/lessons/lf-02-03.json,"A line passes through (0, 4) on the y-axis. What is the point (0, 4)?",the y-intercept,15,15,no,no,PASS,rate-vs-start|rate-vs-start,0,PASS,KEEP
linear-functions,9,lf-03-01,k1,no,content/courses/linear-functions/lessons/lf-03-01.json,"In y − 4 = 2(x − 1), what point does the line pass through?","(1, 4)",6,8,no,no,PASS,representation-read|authored-specific-rationale,0,PASS,KEEP
linear-functions,9,lf-03-01,k2,no,content/courses/linear-functions/lessons/lf-03-01.json,"In y + 2 = 4(x − 3), what point does the line pass through?","(3, -2)",7,7,no,no,PASS,sign-direction|sign-direction,0,PASS,KEEP
linear-functions,9,lf-03-01,rem-psr-k,yes,content/courses/linear-functions/lessons/lf-03-01.json,"In y − 3 = 4(x − 2), what point does the line pass through?","(2, 3)",6,6,no,no,PASS,representation-read,0,PASS,KEEP
linear-functions,9,lf-03-02,i1,no,content/courses/linear-functions/lessons/lf-03-02.json,What is the correct first step in converting y − 3 = 2(x − 1)?,distribute the 2: y − 3 = 2x − 2,32,35,no,no,PASS,authored-specific-rationale|authored-specific-rationale,0,PASS,KEEP
linear-functions,9,lf-03-02,i2,no,content/courses/linear-functions/lessons/lf-03-02.json,Which equation is y − 5 = 2(x − 1) written in slope-intercept form?,y = 2x + 3,10,10,no,no,PASS,authored-specific-rationale|sign-direction,0,PASS,KEEP
linear-functions,9,lf-03-02,i3,no,content/courses/linear-functions/lessons/lf-03-02.json,"The line y = 2x + 1 passes through (3, 7). Which point-slope equation fits?",y − 7 = 2(x − 3),16,16,no,no,PASS,representation-read|rate-vs-start,0,PASS,KEEP
linear-functions,9,lf-03-03,i1,no,content/courses/linear-functions/lessons/lf-03-03.json,Which equation is written in standard form?,3x + 2y = 12,12,16,no,no,PASS,rate-vs-start|rate-vs-start,0,PASS,KEEP
linear-functions,9,lf-03-03,i3,no,content/courses/linear-functions/lessons/lf-03-03.json,Which is y = 2x − 5 in standard form (with A > 0)?,2x − y = 5,10,12,no,no,PASS,sign-direction|authored-specific-rationale,0,PASS,KEEP
linear-functions,9,lf-03-03,k3,no,content/courses/linear-functions/lessons/lf-03-03.json,What is the slope of the line 3x + 2y = 12?,−3/2,4,4,no,no,PASS,sign-direction|rate-vs-start,0,PASS,KEEP
linear-functions,9,lf-04-01,k1,no,content/courses/linear-functions/lessons/lf-04-01.json,"Which equation is the line through (1, 5) with slope 2?",y = 2x + 3,10,10,no,no,PASS,authored-specific-rationale|sign-direction,0,PASS,KEEP
linear-functions,9,lf-04-01,i3,no,content/courses/linear-functions/lessons/lf-04-01.json,"What is the line through (2, 5) with slope 0?",y = 5,5,5,no,no,PASS,rate-vs-start|representation-read,0,PASS,KEEP
linear-functions,9,lf-04-01,k3,no,content/courses/linear-functions/lessons/lf-04-01.json,"Which equation is the line through (4, 1) with slope -2?",y = -2x + 9,11,11,no,no,PASS,authored-specific-rationale|sign-direction,0,PASS,KEEP
linear-functions,9,lf-04-02,i2,no,content/courses/linear-functions/lessons/lf-04-02.json,"Which equation is the line through (-1, -1) and (2, 5)?",y = 2x + 1,10,10,no,no,PASS,rate-vs-start|rate-vs-start,0,PASS,KEEP
linear-functions,9,lf-04-02,i3,no,content/courses/linear-functions/lessons/lf-04-02.json,"What is the line through (3, 1) and (3, 6)?",x = 3,5,5,no,no,PASS,authored-specific-rationale|representation-read,0,PASS,KEEP
linear-functions,9,lf-04-03,k1,no,content/courses/linear-functions/lessons/lf-04-03.json,What slope is perpendicular to y = 2x + 1?,-1/2,4,3,no,no,PASS,sign-direction|authored-specific-rationale,0,PASS,KEEP
linear-functions,9,lf-04-03,k3,no,content/courses/linear-functions/lessons/lf-04-03.json,What slope is perpendicular to y = 4x + 1?,-1/4,4,3,no,no,PASS,sign-direction|authored-specific-rationale,0,PASS,KEEP
linear-functions,9,lf-04-03,rem-pp-k,yes,content/courses/linear-functions/lessons/lf-04-03.json,What slope is perpendicular to y = 3x + 5?,-1/3,4,1,no,no,PASS,rate-vs-start,0,PASS,KEEP
lines-angles,4,la-01-01,k1,no,content/courses/lines-angles/lessons/la-01-01.json,"A flashlight beam starts at the flashlight and travels straight ahead, seemingly forever. Which term fits best?","Ray — one endpoint, one direction",33,35,no,no,PASS,sign-direction|boundary-endpoint|authored-specific-rationale,0,PASS,KEEP
lines-angles,4,la-01-01,k2,no,content/courses/lines-angles/lessons/la-01-01.json,"A fence runs between two fence posts, stopping at each one. What is this best described as?",A line segment — two endpoints,30,32,no,no,PASS,boundary-endpoint|boundary-endpoint|authored-specific-rationale,0,PASS,KEEP
lines-angles,4,la-01-01,k3,no,content/courses/lines-angles/lessons/la-01-01.json,"A single dot marks an exact spot on a map, with no length or width. What term fits?",Point,5,12,no,no,PASS,sign-direction|boundary-endpoint|authored-specific-rationale,0,PASS,KEEP
lines-angles,4,la-01-01,ch1,no,content/courses/lines-angles/lessons/la-01-01.json,"On a city map, Main Street runs between First Avenue and Fifth Avenue, stopping at each. What term best describes this stretch of Main Street?",Line segment — it stops at both avenues,39,37,no,no,PASS,boundary-endpoint|authored-specific-rationale|authored-specific-rationale,0,PASS,KEEP
lines-angles,4,la-01-01,rem-gb-k,yes,content/courses/lines-angles/lessons/la-01-01.json,A pencil has two visible ends. What term fits?,Line segment,12,4,no,no,PASS,boundary-endpoint|boundary-endpoint,0,PASS,KEEP
lines-angles,4,la-01-02,i1,no,content/courses/lines-angles/lessons/la-01-02.json,"Two rays share a starting point at point B, then spread apart toward points A and C. What is point B called?",The vertex,10,18,no,no,PASS,authored-specific-rationale|boundary-endpoint|unit-conversion,0,PASS,KEEP
lines-angles,4,la-01-02,k1,no,content/courses/lines-angles/lessons/la-01-02.json,An angle is formed by two rays meeting at a vertex. What are the two rays called?,The sides of the angle,22,13,no,no,PASS,authored-specific-rationale|boundary-endpoint|unit-conversion,0,PASS,KEEP
lines-angles,4,la-01-02,k2,no,content/courses/lines-angles/lessons/la-01-02.json,An angle is named XYZ. Which point is the vertex?,Y — the middle letter,21,22,no,no,PASS,authored-specific-rationale|authored-specific-rationale|authored-specific-rationale,0,PASS,KEEP
lines-angles,4,la-01-02,k3,no,content/courses/lines-angles/lessons/la-01-02.json,Do angle ABC and angle CBA name the same angle?,"Yes — B is the vertex in both, just the outer letters swapped",61,57,no,no,PASS,authored-specific-rationale|authored-specific-rationale|authored-specific-rationale,0,PASS,KEEP
lines-angles,4,la-01-02,ch1,no,content/courses/lines-angles/lessons/la-01-02.json,A gate's hinge is at point H. The gate swings between point G (fence) and point F (open gate). Which correctly names this angle?,Angle GHF — H (the hinge) is in the middle,42,30,no,no,PASS,authored-specific-rationale|authored-specific-rationale|authored-specific-rationale,0,PASS,KEEP
lines-angles,4,la-01-02,rem-af-k,yes,content/courses/lines-angles/lessons/la-01-02.json,An angle is named RST. Which point is the vertex?,S,1,1,no,no,PASS,authored-specific-rationale|authored-specific-rationale,0,PASS,KEEP
lines-angles,4,la-01-03,k1,no,content/courses/lines-angles/lessons/la-01-03.json,A figure shows ray AB and ray AC. Which point is the vertex of the angle they form?,A — it's in both ray names,26,53,no,no,PASS,boundary-endpoint|authored-specific-rationale|authored-specific-rationale,0,PASS,KEEP
lines-angles,4,la-01-03,k3,no,content/courses/lines-angles/lessons/la-01-03.json,"A complex figure includes points D, E, F, G, and H. It contains angle DEF. What is this angle's vertex?",E — the middle letter of DEF,28,44,no,no,PASS,authored-specific-rationale|authored-specific-rationale|authored-specific-rationale,0,PASS,KEEP
lines-angles,4,la-01-03,rem-rf-k,yes,content/courses/lines-angles/lessons/la-01-03.json,A figure shows ray JK. What best describes it?,"Starts at J, extends through K forever",38,34,no,no,PASS,authored-specific-rationale|sign-direction,0,PASS,KEEP
lines-angles,4,la-02-01,k1,no,content/courses/lines-angles/lessons/la-02-01.json,"Two lines are the same distance apart everywhere and, when extended forever, never touch. What are they?",Parallel lines,14,19,no,no,PASS,authored-specific-rationale|authored-specific-rationale|sign-direction,0,PASS,KEEP
lines-angles,4,la-02-01,k2,no,content/courses/lines-angles/lessons/la-02-01.json,"In a diagram, line P and line R both have a single arrowhead mark; line Q has a double arrowhead mark. Which lines are parallel to each other?",P and R,7,15,no,no,PASS,authored-specific-rationale|representation-read|authored-specific-rationale,0,PASS,KEEP
lines-angles,4,la-02-01,k3,no,content/courses/lines-angles/lessons/la-02-01.json,"Two lines point in almost the same direction, but they're slowly getting closer together. Are they parallel?",They aren't — getting closer means they'll eventually meet,58,45,no,no,PASS,sign-direction|authored-specific-rationale|authored-specific-rationale,0,PASS,KEEP
lines-angles,4,la-02-01,ch1,no,content/courses/lines-angles/lessons/la-02-01.json,"A parking lot has painted lines dividing it into equal-width spaces, each line staying the same distance from its neighbors along its whole length. Are neighboring lines parallel?",Yes — they stay the same distance apart everywhere,50,47,no,no,PASS,authored-specific-rationale|authored-specific-rationale|authored-specific-rationale,0,PASS,KEEP
lines-angles,4,la-02-01,rem-pl-k,yes,content/courses/lines-angles/lessons/la-02-01.json,"Two fence lines run side by side, always the same distance apart. Are they parallel?",Yes,3,25,no,no,PASS,authored-specific-rationale|authored-specific-rationale,0,PASS,KEEP
lines-angles,4,la-02-02,k1,no,content/courses/lines-angles/lessons/la-02-02.json,"Two lines cross, forming a perfect right angle. What are they?",Perpendicular lines,19,23,no,no,PASS,authored-specific-rationale|authored-specific-rationale|sign-direction,0,PASS,KEEP
lines-angles,4,la-02-02,k2,no,content/courses/lines-angles/lessons/la-02-02.json,Two lines cross at 89°. Are they perpendicular?,They aren't — perpendicular requires exactly 90°,48,37,no,no,PASS,authored-specific-rationale|authored-specific-rationale|authored-specific-rationale,0,PASS,KEEP
lines-angles,4,la-02-02,k3,no,content/courses/lines-angles/lessons/la-02-02.json,A diagram marks a crossing point with a small square symbol. What does this indicate?,"The lines are perpendicular, crossing at 90°",44,45,no,no,PASS,authored-specific-rationale|authored-specific-rationale|authored-specific-rationale,0,PASS,KEEP
lines-angles,4,la-02-02,ch1,no,content/courses/lines-angles/lessons/la-02-02.json,"A bookshelf's vertical side meets its flat, level shelf at exactly 90°. What is this relationship called?",Perpendicular,13,65,no,no,PASS,authored-specific-rationale|authored-specific-rationale|authored-specific-rationale,0,PASS,KEEP
lines-angles,4,la-02-02,rem-pp-k,yes,content/courses/lines-angles/lessons/la-02-02.json,The two strokes of a plus sign (+) cross at exactly 90°. What is this relationship?,Perpendicular,13,16,no,no,PASS,authored-specific-rationale|sign-direction,0,PASS,KEEP
lines-angles,4,la-02-03,k3,no,content/courses/lines-angles/lessons/la-02-03.json,"In a rectangle, how does a diagonal line (corner to corner) relate to the top side?",Neither parallel nor perpendicular — it crosses at some other angle,67,45,yes,no,FAIL,authored-specific-rationale|authored-specific-rationale|authored-specific-rationale,0,PASS,REMEDIATE
lines-angles,4,la-02-03,rem-pi-k,yes,content/courses/lines-angles/lessons/la-02-03.json,"A door frame's two vertical sides run straight up, the same distance apart everywhere. How do they relate?",Parallel,8,13,no,no,PASS,authored-specific-rationale|authored-specific-rationale,0,PASS,KEEP
lines-angles,4,la-03-01,k1,no,content/courses/lines-angles/lessons/la-03-01.json,"A triangle has angles 120°, 30°, and 30°. What type of triangle is it?",Obtuse — 120° is over 90°,25,36,no,no,PASS,authored-specific-rationale|authored-specific-rationale|authored-specific-rationale,0,PASS,KEEP
lines-angles,4,la-03-01,k2,no,content/courses/lines-angles/lessons/la-03-01.json,Could a triangle have two obtuse angles (both over 90°)?,No triangle can — two such angles would already exceed 180° alone,65,40,yes,yes,FAIL,authored-specific-rationale|authored-specific-rationale|place-value,0,PASS,REMEDIATE
lines-angles,4,la-03-01,k3,no,content/courses/lines-angles/lessons/la-03-01.json,"A triangle has angles 55°, 65°, and 60°. What type is it?",Acute — every angle is under 90°,32,50,no,no,PASS,authored-specific-rationale|authored-specific-rationale|authored-specific-rationale,0,PASS,KEEP
lines-angles,4,la-03-01,ch1,no,content/courses/lines-angles/lessons/la-03-01.json,"A roof truss forms a triangle with angles 90°, 53°, and 37°. What type of triangle is it?",Right — one angle is exactly 90°,32,38,no,no,PASS,authored-specific-rationale|authored-specific-rationale|authored-specific-rationale,0,PASS,KEEP
lines-angles,4,la-03-01,rem-tc-k,yes,content/courses/lines-angles/lessons/la-03-01.json,"A triangle has angles 40°, 40°, and 100°. What type is it?",Obtuse,6,5,no,no,PASS,authored-specific-rationale|authored-specific-rationale,0,PASS,KEEP
lines-angles,4,la-03-02,rem-ts-k,yes,content/courses/lines-angles/lessons/la-03-02.json,A triangle has angles 30° and 90°. What is the third angle?,60°,3,4,no,no,PASS,authored-specific-rationale|authored-specific-rationale,0,PASS,KEEP
lines-angles,4,la-03-03,k1,no,content/courses/lines-angles/lessons/la-03-03.json,A quadrilateral has three angles of exactly 90° and one angle of 85°. Does it belong to the rectangle club?,No club membership — one angle fails the entry rule,51,39,no,no,PASS,authored-specific-rationale|authored-specific-rationale|authored-specific-rationale,0,PASS,KEEP
lines-angles,4,la-03-03,k2,no,content/courses/lines-angles/lessons/la-03-03.json,A four-sided shape has no angles that measure exactly 90°. Is it still a valid quadrilateral?,"Yes — quadrilateral only requires 4 sides, not any right angles",63,55,no,no,PASS,authored-specific-rationale|authored-specific-rationale|authored-specific-rationale,0,PASS,KEEP
lines-angles,4,la-03-03,k3,no,content/courses/lines-angles/lessons/la-03-03.json,Could a quadrilateral have EXACTLY three right angles (and a fourth angle that isn't 90°)?,No — the fourth angle would be forced to be 90° too,51,41,no,no,PASS,authored-specific-rationale|authored-specific-rationale|authored-specific-rationale,0,PASS,KEEP
lines-angles,4,la-03-03,ch1,no,content/courses/lines-angles/lessons/la-03-03.json,"A picture frame has corners measuring 90°, 90°, 90°, and 88°. Is it a true rectangle?",No — the 88° corner fails the all-four-90° entry rule,53,52,no,no,PASS,authored-specific-rationale|authored-specific-rationale|authored-specific-rationale,0,PASS,KEEP
lines-angles,4,la-03-03,rem-qc-k,yes,content/courses/lines-angles/lessons/la-03-03.json,"A quadrilateral has angles 90°, 90°, 90°, and 80°. Is it a rectangle?",No,2,26,no,no,PASS,authored-specific-rationale|inside-vs-derivative,0,PASS,KEEP
lines-angles,4,la-04-01,k1,no,content/courses/lines-angles/lessons/la-04-01.json,"Folding a shape along a certain line makes the two halves match perfectly, like a mirror. What is this line called?",A line of symmetry,18,20,no,no,PASS,authored-specific-rationale|inside-vs-derivative|boundary-endpoint,0,PASS,KEEP
lines-angles,4,la-04-01,k2,no,content/courses/lines-angles/lessons/la-04-01.json,"A square is folded along a line that's close to the middle, but not exactly centered. Do the halves match?",No — an off-center fold doesn't produce a true match,52,38,no,no,PASS,inside-vs-derivative|authored-specific-rationale|authored-specific-rationale,0,PASS,KEEP
lines-angles,4,la-04-01,k3,no,content/courses/lines-angles/lessons/la-04-01.json,"A shape has three sides, all different lengths, and three different angles. How many lines of symmetry does it have?",0 — no fold produces matching halves,36,32,no,no,PASS,authored-specific-rationale|authored-specific-rationale|authored-specific-rationale,0,PASS,KEEP
lines-angles,4,la-04-01,ch1,no,content/courses/lines-angles/lessons/la-04-01.json,A stop sign is shaped like a regular octagon — 8 equal sides and 8 equal angles. Folding it straight down the middle through two opposite corners: do the halves match?,Yes — equal sides and angles mean this fold produces a match,60,45,no,no,PASS,authored-specific-rationale|inside-vs-derivative|authored-specific-rationale,0,PASS,KEEP
lines-angles,4,la-04-01,rem-sc-k,yes,content/courses/lines-angles/lessons/la-04-01.json,Folding a butterfly picture down the middle of its body makes both wings match exactly. Is this a line of symmetry?,Yes,3,29,no,no,PASS,authored-specific-rationale|inside-vs-derivative,0,PASS,KEEP
lines-angles,4,la-04-02,rem-sf-k,yes,content/courses/lines-angles/lessons/la-04-02.json,A regular pentagon has 5 equal sides. How many lines of symmetry does it have?,5,1,2,no,no,PASS,authored-specific-rationale|authored-specific-rationale,0,PASS,KEEP
lines-angles,4,la-04-03,k1,no,content/courses/lines-angles/lessons/la-04-03.json,Does the block capital letter T have a vertical line of symmetry?,Yes — folding down the middle matches both halves,49,36,no,no,PASS,inside-vs-derivative|authored-specific-rationale|authored-specific-rationale,0,PASS,KEEP
lines-angles,4,la-04-03,k2,no,content/courses/lines-angles/lessons/la-04-03.json,The letter N looks the same when spun upside down (180°). Does N have a LINE of symmetry?,"No — that's rotational symmetry, a different idea from folding",62,56,no,no,PASS,authored-specific-rationale|authored-specific-rationale|inside-vs-derivative,0,PASS,KEEP
lines-angles,4,la-04-03,rem-sa-k,yes,content/courses/lines-angles/lessons/la-04-03.json,Does the block capital letter M have a vertical line of symmetry?,Yes,3,17,no,no,PASS,inside-vs-derivative|authored-specific-rationale,0,PASS,KEEP
logarithms,11,lg-01-01,k1,no,content/courses/logarithms/lessons/lg-01-01.json,Rewrite log₃ 81 = 4 in exponential form.,3⁴ = 81,7,7,no,no,PASS,exponent-rule|exponent-rule|exponent-rule,0,PASS,KEEP
logarithms,11,lg-01-01,i2,no,content/courses/logarithms/lessons/lg-01-01.json,Rewrite 2⁶ = 64 in logarithmic form.,log₂ 64 = 6,11,11,no,no,PASS,exponent-rule|exponent-rule|exponent-rule,0,PASS,KEEP
logarithms,11,lg-01-01,k3,no,content/courses/logarithms/lessons/lg-01-01.json,The exact solution of 2^x = 10 is:,"x = log₂ 10, a number between 3 and 4",37,12,yes,no,FAIL,exponent-rule|sign-direction|operation-swap,0,PASS,REMEDIATE
logarithms,11,lg-01-02,k2,no,content/courses/logarithms/lessons/lg-01-02.json,Evaluate log₁₆ 4.,1/2,3,2,no,no,PASS,exponent-rule|exponent-rule|sign-direction,0,PASS,KEEP
logarithms,11,lg-01-02,ch1,no,content/courses/logarithms/lessons/lg-01-02.json,Evaluate log₄ (1/2).,−1/2,4,3,no,no,PASS,sign-direction|authored-specific-rationale|sign-direction,0,PASS,KEEP
logarithms,11,lg-01-03,k1,no,content/courses/logarithms/lessons/lg-01-03.json,What is the domain of f(x) = log₂ x?,x > 0,5,16,no,no,PASS,authored-specific-rationale|authored-specific-rationale|sign-direction,0,PASS,KEEP
logarithms,11,lg-01-03,i2,no,content/courses/logarithms/lessons/lg-01-03.json,Where does y = log₂ x cross the x-axis?,"(1, 0)",6,6,no,no,PASS,exponent-rule|authored-specific-rationale|representation-read,0,PASS,KEEP
logarithms,11,lg-01-03,k2,no,content/courses/logarithms/lessons/lg-01-03.json,"As x approaches 0 from the right, what does log₂ x do?",plunges toward −∞,17,17,no,no,PASS,sign-direction|authored-specific-rationale|exponent-rule,0,PASS,KEEP
logarithms,11,lg-01-03,k3,no,content/courses/logarithms/lessons/lg-01-03.json,"For large x, the graph of y = log₂ x:","keeps rising forever, ever more slowly",38,36,no,no,PASS,rate-vs-start|exponent-rule|authored-specific-rationale,0,PASS,KEEP
logarithms,11,lg-01-03,ch1,no,content/courses/logarithms/lessons/lg-01-03.json,Profile g(x) = log₂(x − 3): vertical asymptote and domain?,asymptote x = 3; domain x > 3,29,33,no,no,PASS,sign-direction|authored-specific-rationale|authored-specific-rationale,0,PASS,KEEP
logarithms,11,lg-01-03,rem-lg0103-k,yes,content/courses/logarithms/lessons/lg-01-03.json,"y = 2ˣ passes through (0, 1). Which point is on y = log₂ x?","(1, 0)",6,7,no,no,PASS,exponent-rule|authored-specific-rationale|authored-specific-rationale,0,PASS,KEEP
logarithms,11,lg-02-01,k1,no,content/courses/logarithms/lessons/lg-02-01.json,Expand log₅ (25y).,2 + log₅ y,10,16,no,no,PASS,inside-vs-derivative|authored-specific-rationale|authored-specific-rationale,0,PASS,KEEP
logarithms,11,lg-02-01,k2,no,content/courses/logarithms/lessons/lg-02-01.json,Which expression can the product property rewrite?,log₂ (8x),9,16,no,no,PASS,authored-specific-rationale|inside-vs-derivative|inside-vs-derivative,0,PASS,KEEP
logarithms,11,lg-02-02,i2,no,content/courses/logarithms/lessons/lg-02-02.json,Rewrite log₅ (√x) using the power property.,(1/2) log₅ x,12,15,no,no,PASS,exponent-rule|exponent-rule|exponent-rule,0,PASS,KEEP
logarithms,11,lg-02-03,i1,no,content/courses/logarithms/lessons/lg-02-03.json,Condense 2 log x + log y (base 10).,log (x²y),9,12,no,no,PASS,exponent-rule|inside-vs-derivative|authored-specific-rationale,0,PASS,KEEP
logarithms,11,lg-02-03,k1,no,content/courses/logarithms/lessons/lg-02-03.json,Condense 4 log₃ x − log₃ y.,log₃ (x⁴/y),11,13,no,no,PASS,fraction-denominator|authored-specific-rationale|exponent-rule,0,PASS,KEEP
logarithms,11,lg-02-03,i2,no,content/courses/logarithms/lessons/lg-02-03.json,Expand log₅ (x²/y³).,2 log₅ x − 3 log₅ y,19,19,no,no,PASS,authored-specific-rationale|exponent-rule|exponent-rule,0,PASS,KEEP
logarithms,11,lg-02-03,k3,no,content/courses/logarithms/lessons/lg-02-03.json,Which equals log₂ x − log₂ y?,log₂ (x/y),10,19,no,no,PASS,authored-specific-rationale|authored-specific-rationale|inside-vs-derivative,0,PASS,KEEP
logarithms,11,lg-03-01,k1,no,content/courses/logarithms/lessons/lg-03-01.json,Rewrite log₇ 30 for a base-10 calculator.,(log 30)/(log 7),16,16,no,no,PASS,fraction-denominator|authored-specific-rationale|rate-vs-start,0,PASS,KEEP
logarithms,11,lg-03-01,i2,no,content/courses/logarithms/lessons/lg-03-01.json,"Without a calculator, log₃ 50 must sit between which whole numbers?",3 and 4,7,9,no,no,PASS,exponent-rule|authored-specific-rationale|exponent-rule,0,PASS,KEEP
logarithms,11,lg-03-01,k3,no,content/courses/logarithms/lessons/lg-03-01.json,Evaluate log₄ 32 by changing to base 2.,5/2,3,9,no,no,PASS,authored-specific-rationale|authored-specific-rationale|exponent-rule,0,PASS,KEEP
logarithms,11,lg-03-02,i1,no,content/courses/logarithms/lessons/lg-03-02.json,"After taking log of both sides of 3^x = 7, the equation becomes:",x · log 3 = log 7,17,17,no,no,PASS,exponent-rule|authored-specific-rationale|exponent-rule,0,PASS,KEEP
logarithms,11,lg-03-02,k1,no,content/courses/logarithms/lessons/lg-03-02.json,The exact solution of 7^x = 20 is:,x = (log 20)/(log 7),20,20,no,no,PASS,fraction-denominator|authored-specific-rationale|exponent-rule,0,PASS,KEEP
logarithms,11,lg-03-02,k3,no,content/courses/logarithms/lessons/lg-03-02.json,Solve 2^(x+1) = 10 (using log₂ 10 ≈ 3.32).,x ≈ 2.32,8,8,no,no,PASS,exponent-rule|authored-specific-rationale|authored-specific-rationale,0,PASS,KEEP
logarithms,11,lg-03-02,rem-lg0302-k,yes,content/courses/logarithms/lessons/lg-03-02.json,log(5^x) = ?,x · log 5,9,13,no,no,PASS,exponent-rule|exponent-rule|exponent-rule,0,PASS,KEEP
logarithms,11,lg-03-03,i2,no,content/courses/logarithms/lessons/lg-03-03.json,Solving log(x) + log(x − 3) = 1 gives candidates x = 5 and x = −2. The verdict?,keep 5; reject −2 (it makes the insides negative),49,17,yes,no,FAIL,sign-direction|authored-specific-rationale|sign-direction,0,PASS,REMEDIATE
logarithms,11,lg-03-03,k2,no,content/courses/logarithms/lessons/lg-03-03.json,Solve log₂ x + log₂(x − 2) = 3.,x = 4,5,15,no,no,PASS,sign-direction|authored-specific-rationale|inside-vs-derivative,0,PASS,KEEP
logarithms,11,lg-03-03,k3,no,content/courses/logarithms/lessons/lg-03-03.json,Why can condensing log x + log(x − 3) into log(x(x − 3)) create extraneous candidates?,the product can be positive while each factor is negative,57,39,yes,no,FAIL,authored-specific-rationale|unit-conversion|inside-vs-derivative,0,PASS,REMEDIATE
logarithms,11,lg-04-01,k1,no,content/courses/logarithms/lessons/lg-04-01.json,"For large positive x, how does eˣ compare to 2ˣ and 3ˣ?","between them: faster than 2ˣ, slower than 3ˣ",44,23,yes,yes,FAIL,authored-specific-rationale|authored-specific-rationale|representation-read,0,PASS,REMEDIATE
logarithms,11,lg-04-01,k2,no,content/courses/logarithms/lessons/lg-04-01.json,Is f(x) = 5e⁻ˣ growth or decay?,decay — the base is effectively 1/e < 1,39,24,no,no,PASS,exponent-rule|authored-specific-rationale|rate-vs-start,0,PASS,KEEP
logarithms,11,lg-04-02,i2,no,content/courses/logarithms/lessons/lg-04-02.json,Rewrite ln(x³) using the power property.,3 ln x,6,11,no,no,PASS,exponent-rule|exponent-rule|exponent-rule,0,PASS,KEEP
logarithms,11,lg-04-02,k2,no,content/courses/logarithms/lessons/lg-04-02.json,Expand fully: ln(5x/y).,ln 5 + ln x − ln y,18,18,no,no,PASS,authored-specific-rationale|inside-vs-derivative|exponent-rule,0,PASS,KEEP
logarithms,11,lg-04-03,i1,no,content/courses/logarithms/lessons/lg-04-03.json,"To solve eˣ = 42, the first move is:",take ln of both sides: x = ln 42,32,30,no,yes,FAIL,authored-specific-rationale|exponent-rule|exponent-rule,0,PASS,REMEDIATE
logarithms,11,lg-04-03,i2,no,content/courses/logarithms/lessons/lg-04-03.json,Solve ln x = 3 exactly.,x = e³,6,8,no,no,PASS,exponent-rule|inverse-confusion|exponent-rule,0,PASS,KEEP
logarithms,11,lg-04-03,k2,no,content/courses/logarithms/lessons/lg-04-03.json,Solve 2 ln x = 8 exactly.,x = e⁴,6,8,no,no,PASS,exponent-rule|exponent-rule|authored-specific-rationale,0,PASS,KEEP
logarithms,11,lg-04-03,k3,no,content/courses/logarithms/lessons/lg-04-03.json,Solve ln(x + 5) = 0.,"x = −4 — and it's valid, since x + 5 = 1 > 0",44,27,no,yes,FAIL,sign-direction|authored-specific-rationale|authored-specific-rationale,0,PASS,REMEDIATE
logarithms,11,lg-04-03,rem-lg0403-k,yes,content/courses/logarithms/lessons/lg-04-03.json,Solve eˣ = 7 exactly.,x = ln 7,8,9,no,no,PASS,exponent-rule|authored-specific-rationale|exponent-rule,0,PASS,KEEP
logarithms,11,lg-05-01,k1,no,content/courses/logarithms/lessons/lg-05-01.json,"For A = 450·e^(0.03t), the starting amount and continuous rate are:",450 and 3%,10,13,no,no,PASS,place-value|exponent-rule|representation-read,0,PASS,KEEP
logarithms,11,lg-05-01,k2,no,content/courses/logarithms/lessons/lg-05-01.json,How does the doubling time of A = P·e^(rt) depend on the starting amount P?,"it doesn't — P cancels, leaving t = (ln 2)/r",44,23,yes,yes,FAIL,rate-vs-start|rate-vs-start|inverse-confusion,0,PASS,REMEDIATE
logarithms,11,lg-05-02,k1,no,content/courses/logarithms/lessons/lg-05-02.json,"For N = 500·(1/2)^(t/12), the starting amount and half-life are:",500 and 12,10,11,no,no,PASS,authored-specific-rationale|authored-specific-rationale|authored-specific-rationale,0,PASS,KEEP
logarithms,11,lg-05-02,k2,no,content/courses/logarithms/lessons/lg-05-02.json,Half-life 8 days. What fraction survives after 4 days?,(1/2)^(1/2) = 1/√2 ≈ 71%,24,11,no,no,PASS,boundary-endpoint|authored-specific-rationale|authored-specific-rationale,0,PASS,KEEP
logarithms,11,lg-05-03,k2,no,content/courses/logarithms/lessons/lg-05-03.json,Magnitude 6.5 vs magnitude 5: about how many times more shaking?,≈ 32× (10^1.5),14,11,no,yes,FAIL,exponent-rule|authored-specific-rationale|authored-specific-rationale,0,PASS,REMEDIATE
logarithms,11,lg-05-03,k3,no,content/courses/logarithms/lessons/lg-05-03.json,Why measure earthquakes on a log scale instead of raw shaking intensity?,"intensities span billions-to-1; logs compress that into small, comparable numbers",81,31,yes,yes,FAIL,authored-specific-rationale|place-value|rate-vs-start,0,PASS,REMEDIATE
long-division-g5,5,g5l-01-01,k1,no,content/courses/long-division-g5/lessons/g5l-01-01.json,"Estimating 552 ÷ 24, which pair of compatible numbers helps most?","600 ÷ 25 = 24, since 25 divides 600 exactly",43,36,no,no,PASS,authored-specific-rationale|authored-specific-rationale|authored-specific-rationale,0,PASS,KEEP
long-division-g5,5,g5l-01-01,rem-g5ld-compatible-k,yes,content/courses/long-division-g5/lessons/g5l-01-01.json,"Estimating 552 ÷ 24, which pair of compatible numbers helps most?","600 ÷ 25 = 24, since 25 divides 600 exactly",43,36,no,no,PASS,authored-specific-rationale|authored-specific-rationale|authored-specific-rationale,0,PASS,KEEP
long-division-g5,5,g5l-01-02,k1,no,content/courses/long-division-g5/lessons/g5l-01-02.json,Why is dividing by 30 easier than dividing by 27?,Because 30 is 3 × 10,20,21,no,no,PASS,authored-specific-rationale|authored-specific-rationale|authored-specific-rationale,0,PASS,KEEP
long-division-g5,5,g5l-01-02,rem-g5ld-mult-ten-k,yes,content/courses/long-division-g5/lessons/g5l-01-02.json,Why is dividing by 30 easier than dividing by 27?,Because 30 is 3 × 10,20,21,no,no,PASS,authored-specific-rationale|authored-specific-rationale|authored-specific-rationale,0,PASS,KEEP
long-division-g5,5,g5l-02-01,k1,no,content/courses/long-division-g5/lessons/g5l-02-01.json,"In partial quotients, why may you take 20 groups of 24 before taking 3 more?",Groups may be removed in batches and totalled,45,42,no,no,PASS,authored-specific-rationale|place-value|authored-specific-rationale,0,PASS,KEEP
long-division-g5,5,g5l-02-01,rem-g5ld-partial-k,yes,content/courses/long-division-g5/lessons/g5l-02-01.json,"In partial quotients, why may you take 20 groups of 24 before taking 3 more?",Groups may be removed in batches and totalled,45,42,no,no,PASS,authored-specific-rationale|place-value|authored-specific-rationale,0,PASS,KEEP
long-division-g5,5,g5l-02-02,k1,no,content/courses/long-division-g5/lessons/g5l-02-02.json,How does the standard algorithm differ from partial quotients?,It uses fixed place value batches,33,36,no,no,PASS,authored-specific-rationale|authored-specific-rationale|place-value,0,PASS,KEEP
long-division-g5,5,g5l-02-02,k3,no,content/courses/long-division-g5/lessons/g5l-02-02.json,"In partial quotients, why may you take 20 groups of 24 before taking 3 more?",Groups may be removed in batches and totalled,45,42,no,no,PASS,authored-specific-rationale|place-value|authored-specific-rationale,0,PASS,KEEP
long-division-g5,5,g5l-02-02,rem-g5ld-standard-k,yes,content/courses/long-division-g5/lessons/g5l-02-02.json,How does the standard algorithm differ from partial quotients?,It uses fixed place value batches,33,36,no,no,PASS,authored-specific-rationale|authored-specific-rationale|place-value,0,PASS,KEEP
long-division-g5,5,g5l-03-01,k1,no,content/courses/long-division-g5/lessons/g5l-03-01.json,"You try 4 as a digit, but 4 × 24 = 96 exceeds the 88 available. What now?",Lower the digit to 3 and multiply again,39,36,no,no,PASS,sign-direction|authored-specific-rationale|authored-specific-rationale,0,PASS,KEEP
long-division-g5,5,g5l-03-01,ch1,no,content/courses/long-division-g5/lessons/g5l-03-01.json,"You try 4 as a digit, but 4 × 24 = 96 exceeds the 88 available. What now?",Lower the digit to 3 and multiply again,39,36,no,no,PASS,sign-direction|authored-specific-rationale|authored-specific-rationale,0,PASS,KEEP
long-division-g5,5,g5l-03-01,rem-g5ld-adjust-k,yes,content/courses/long-division-g5/lessons/g5l-03-01.json,"You try 4 as a digit, but 4 × 24 = 96 exceeds the 88 available. What now?",Lower the digit to 3 and multiply again,39,36,no,no,PASS,sign-direction|authored-specific-rationale|authored-specific-rationale,0,PASS,KEEP
long-division-g5,5,g5l-03-02,k1,no,content/courses/long-division-g5/lessons/g5l-03-02.json,"A division gives quotient 23 remainder 8, with divisor 24. How do you check it?",23 × 24 + 8 rebuilds it and 8 < 24,34,41,no,no,PASS,authored-specific-rationale|authored-specific-rationale|authored-specific-rationale,0,PASS,KEEP
long-division-g5,5,g5l-03-02,rem-g5ld-check-k,yes,content/courses/long-division-g5/lessons/g5l-03-02.json,"A division gives quotient 23 remainder 8, with divisor 24. How do you check it?",23 × 24 + 8 rebuilds it and 8 < 24,34,41,no,no,PASS,authored-specific-rationale|authored-specific-rationale|authored-specific-rationale,0,PASS,KEEP
measure-compare-k,0,kmd-01-01,k1,no,content/courses/measure-compare-k/lessons/kmd-01-01.json,A pencil can be measured in more than one way. Which list is right?,Its length AND its weight,25,35,no,no,PASS,authored-specific-rationale|unit-conversion|authored-specific-rationale,0,PASS,KEEP
measure-compare-k,0,kmd-01-01,k3,no,content/courses/measure-compare-k/lessons/kmd-01-01.json,"Which question does a seesaw answer, and which does a ruler answer?",Seesaw: which is heavier. Ruler: which is longer,48,28,yes,yes,FAIL,authored-specific-rationale|unit-conversion|authored-specific-rationale,0,PASS,REMEDIATE
measure-compare-k,0,kmd-01-01,ch1,no,content/courses/measure-compare-k/lessons/kmd-01-01.json,Two bags sit on a seesaw and it stays level. What does that show?,The bags weigh the same,23,24,no,no,PASS,authored-specific-rationale|authored-specific-rationale|authored-specific-rationale,0,PASS,KEEP
measure-compare-k,0,kmd-01-01,rem-kmd-attributes-k,yes,content/courses/measure-compare-k/lessons/kmd-01-01.json,A pencil can be measured in more than one way. Which list is right?,Its length AND its weight,25,35,no,no,PASS,authored-specific-rationale|unit-conversion|authored-specific-rationale,0,PASS,KEEP
measure-compare-k,0,kmd-01-02,k1,no,content/courses/measure-compare-k/lessons/kmd-01-02.json,A tower is TALL and a snake is LONG. What do the two words share?,Both describe length,20,28,no,no,PASS,authored-specific-rationale|authored-specific-rationale|authored-specific-rationale,0,PASS,KEEP
measure-compare-k,0,kmd-01-02,rem-kmd-length-words-k,yes,content/courses/measure-compare-k/lessons/kmd-01-02.json,A tower is TALL and a snake is LONG. What do the two words share?,Both describe length,20,28,no,no,PASS,authored-specific-rationale|authored-specific-rationale|authored-specific-rationale,0,PASS,KEEP
measure-compare-k,0,kmd-01-03,k1,no,content/courses/measure-compare-k/lessons/kmd-01-03.json,A toy bear sits on a seesaw and its side goes down. What does that show about the bear?,The bear is heavier,19,23,no,no,PASS,authored-specific-rationale|authored-specific-rationale|authored-specific-rationale,0,PASS,KEEP
measure-compare-k,0,kmd-01-03,k3,no,content/courses/measure-compare-k/lessons/kmd-01-03.json,A big balloon and a small stone — which is heavier?,"The stone can be, though it is smaller",38,38,no,no,PASS,authored-specific-rationale|authored-specific-rationale|authored-specific-rationale,0,PASS,KEEP
measure-compare-k,0,kmd-01-03,ch1,no,content/courses/measure-compare-k/lessons/kmd-01-03.json,A toy bear sits on a seesaw and its side goes up. What does that show about the bear?,The bear is lighter,19,23,no,no,PASS,authored-specific-rationale|authored-specific-rationale|authored-specific-rationale,0,PASS,KEEP
measure-compare-k,0,kmd-01-03,rem-kmd-weight-words-k,yes,content/courses/measure-compare-k/lessons/kmd-01-03.json,A toy bear sits on a seesaw and its side goes down. What does that show about the bear?,The bear is heavier,19,23,no,no,PASS,authored-specific-rationale|authored-specific-rationale|authored-specific-rationale,0,PASS,KEEP
measure-compare-k,0,kmd-01-04,k1,no,content/courses/measure-compare-k/lessons/kmd-01-04.json,A tall thin glass and a wide bowl — which holds more?,Filling both is the only fair test,34,32,no,no,PASS,sign-direction|authored-specific-rationale|authored-specific-rationale,0,PASS,KEEP
measure-compare-k,0,kmd-01-04,ch1,no,content/courses/measure-compare-k/lessons/kmd-01-04.json,"Which question does a seesaw answer, and which does a ruler answer?",Seesaw: which is heavier. Ruler: which is longer,48,28,yes,yes,FAIL,authored-specific-rationale|unit-conversion|authored-specific-rationale,0,PASS,REMEDIATE
measure-compare-k,0,kmd-01-04,rem-kmd-capacity-words-k,yes,content/courses/measure-compare-k/lessons/kmd-01-04.json,A tall thin glass and a wide bowl — which holds more?,Filling both is the only fair test,34,32,no,no,PASS,sign-direction|authored-specific-rationale|authored-specific-rationale,0,PASS,KEEP
measure-compare-k,0,kmd-02-01,k3,no,content/courses/measure-compare-k/lessons/kmd-02-01.json,"Two runners race, but one starts ahead. Is the race a fair length test?",No — comparisons need one same start line,41,40,no,no,PASS,authored-specific-rationale|authored-specific-rationale|authored-specific-rationale,0,PASS,KEEP
measure-compare-k,0,kmd-02-02,k2,no,content/courses/measure-compare-k/lessons/kmd-02-02.json,A toy bear sits on a seesaw and its side goes up. What does that show about the bear?,The bear is lighter,19,23,no,no,PASS,authored-specific-rationale|authored-specific-rationale|authored-specific-rationale,0,PASS,KEEP
measure-compare-k,0,kmd-02-02,k3,no,content/courses/measure-compare-k/lessons/kmd-02-02.json,A big balloon and a small stone — which is heavier?,"The stone can be, though it is smaller",38,38,no,no,PASS,authored-specific-rationale|authored-specific-rationale|authored-specific-rationale,0,PASS,KEEP
measure-compare-k,0,kmd-02-02,ch1,no,content/courses/measure-compare-k/lessons/kmd-02-02.json,A toy bear sits on a seesaw and its side goes down. What does that show about the bear?,The bear is heavier,19,23,no,no,PASS,authored-specific-rationale|authored-specific-rationale|authored-specific-rationale,0,PASS,KEEP
measure-compare-k,0,kmd-02-03,k2,no,content/courses/measure-compare-k/lessons/kmd-02-03.json,"Two runners race, but one starts ahead. Is the race a fair length test?",No — comparisons need one same start line,41,40,no,no,PASS,authored-specific-rationale|authored-specific-rationale|authored-specific-rationale,0,PASS,KEEP
measure-compare-k,0,kmd-02-04,k2,no,content/courses/measure-compare-k/lessons/kmd-02-04.json,A tower is TALL and a snake is LONG. What do the two words share?,Both describe length,20,28,no,no,PASS,authored-specific-rationale|authored-specific-rationale|authored-specific-rationale,0,PASS,KEEP
measure-compare-k,0,kmd-03-01,k1,no,content/courses/measure-compare-k/lessons/kmd-03-01.json,You sort a yellow sock first by color and then by kind. Where does it go each time?,"Yellow group first, then clothing group",39,39,no,no,PASS,authored-specific-rationale|authored-specific-rationale|authored-specific-rationale,0,PASS,KEEP
measure-compare-k,0,kmd-03-01,k2,no,content/courses/measure-compare-k/lessons/kmd-03-01.json,"What makes a sort a SORT, instead of just piles?",One rule that every object is tested against,44,22,yes,no,FAIL,authored-specific-rationale|representation-read|authored-specific-rationale,0,PASS,REMEDIATE
measure-compare-k,0,kmd-03-01,ch1,no,content/courses/measure-compare-k/lessons/kmd-03-01.json,You sort a green sock first by color and then by kind. Where does it go each time?,"Green group first, then clothing group",38,38,no,no,PASS,authored-specific-rationale|authored-specific-rationale|authored-specific-rationale,0,PASS,KEEP
measure-compare-k,0,kmd-03-01,rem-kmd-sort-attribute-k,yes,content/courses/measure-compare-k/lessons/kmd-03-01.json,You sort a yellow sock first by color and then by kind. Where does it go each time?,"Yellow group first, then clothing group",39,39,no,no,PASS,authored-specific-rationale|authored-specific-rationale|authored-specific-rationale,0,PASS,KEEP
measure-compare-k,0,kmd-03-02,k1,no,content/courses/measure-compare-k/lessons/kmd-03-02.json,"What makes a sort a SORT, instead of just piles?",One rule that every object is tested against,44,22,yes,no,FAIL,authored-specific-rationale|representation-read|authored-specific-rationale,0,PASS,REMEDIATE
measure-compare-k,0,kmd-03-02,ch1,no,content/courses/measure-compare-k/lessons/kmd-03-02.json,You sort a blue sock first by color and then by kind. Where does it go each time?,"Blue group first, then clothing group",37,37,no,no,PASS,authored-specific-rationale|authored-specific-rationale|authored-specific-rationale,0,PASS,KEEP
measure-compare-k,0,kmd-03-02,rem-kmd-sort-size-k,yes,content/courses/measure-compare-k/lessons/kmd-03-02.json,"What makes a sort a SORT, instead of just piles?",One rule that every object is tested against,44,22,yes,no,FAIL,authored-specific-rationale|representation-read|authored-specific-rationale,0,PASS,REMEDIATE
measure-compare-k,0,kmd-03-03,k3,no,content/courses/measure-compare-k/lessons/kmd-03-03.json,"After sorting shapes into groups, what does counting each group add?","A number for each group, ready to compare",41,28,no,no,PASS,authored-specific-rationale|inverse-confusion|authored-specific-rationale,0,PASS,KEEP
measure-compare-k,0,kmd-03-04,k2,no,content/courses/measure-compare-k/lessons/kmd-03-04.json,There are 6 stars and 7 hearts. Which statement is true?,More hearts,11,15,no,no,PASS,authored-specific-rationale|authored-specific-rationale|authored-specific-rationale,0,PASS,KEEP
measure-compare-k,0,kmd-03-04,ch1,no,content/courses/measure-compare-k/lessons/kmd-03-04.json,"After sorting shapes into groups, what does counting each group add?","A number for each group, ready to compare",41,28,no,no,PASS,authored-specific-rationale|inverse-confusion|authored-specific-rationale,0,PASS,KEEP
measure-convert,4,mc-01-01,rem-mb-k,yes,content/courses/measure-convert/lessons/mc-01-01.json,1 kiloliter = how many liters?,"1,000 liters",12,10,no,no,PASS,authored-specific-rationale|authored-specific-rationale,0,PASS,KEEP
measure-convert,4,mc-01-02,rem-cl-k,yes,content/courses/measure-convert/lessons/mc-01-02.json,2 meters = how many centimeters?,200 cm,6,8,no,no,PASS,unit-conversion|unit-conversion,0,PASS,KEEP
measure-convert,4,mc-01-03,rem-mv-k,yes,content/courses/measure-convert/lessons/mc-01-03.json,3 kilograms = how many grams?,"3,000 g",7,5,no,no,PASS,authored-specific-rationale|authored-specific-rationale,0,PASS,KEEP
measure-convert,4,mc-02-01,rem-af-k,yes,content/courses/measure-convert/lessons/mc-02-01.json,A rectangle is 4 units by 3 units. What is its area?,12 square units,15,15,no,no,PASS,unit-conversion|unit-conversion,0,PASS,KEEP
measure-convert,4,mc-02-02,k2,no,content/courses/measure-convert/lessons/mc-02-02.json,A 3-by-8 rectangle and a 5-by-6 rectangle both have a perimeter of 22. Do they have the same area?,No — 3×8=24 but 5×6=30,22,47,no,no,PASS,unit-conversion|unit-conversion|authored-specific-rationale,0,PASS,KEEP
measure-convert,4,mc-02-02,rem-pf-k,yes,content/courses/measure-convert/lessons/mc-02-02.json,A rectangle is 5 units by 2 units. What is its perimeter?,14,2,2,no,no,PASS,unit-conversion|authored-specific-rationale,0,PASS,KEEP
measure-convert,4,mc-02-03,rem-wp-k,yes,content/courses/measure-convert/lessons/mc-02-03.json,A patio is 6 feet by 5 feet. How many square feet of tile are needed?,30 square feet,14,14,no,no,PASS,unit-conversion|unit-conversion,0,PASS,KEEP
measure-convert,4,mc-03-01,k3,no,content/courses/measure-convert/lessons/mc-03-01.json,Is a 45° angle smaller or larger than a right angle?,Smaller — 45° is half of the 90° right angle,44,39,no,no,PASS,unit-conversion|authored-specific-rationale|unit-conversion,0,PASS,KEEP
measure-convert,4,mc-03-01,rem-dm-k,yes,content/courses/measure-convert/lessons/mc-03-01.json,What is half of a full turn (360°)?,180°,4,4,no,no,PASS,authored-specific-rationale|authored-specific-rationale,0,PASS,KEEP
measure-convert,4,mc-03-02,k3,no,content/courses/measure-convert/lessons/mc-03-02.json,What is the SHORTER angle between 12 o'clock and 9 o'clock?,90° — going backward through 11 and 10 is only 3 hours,54,42,no,no,PASS,authored-specific-rationale|unit-conversion|authored-specific-rationale,0,PASS,KEEP
measure-convert,4,mc-03-02,rem-pr-k,yes,content/courses/measure-convert/lessons/mc-03-02.json,What is the angle from 12 o'clock to 3 o'clock?,90°,3,3,no,no,PASS,authored-specific-rationale|unit-conversion,0,PASS,KEEP
measure-convert,4,mc-03-03,k1,no,content/courses/measure-convert/lessons/mc-03-03.json,What family does a 150° angle belong to?,Obtuse — between 90° and 180°,29,23,no,no,PASS,authored-specific-rationale|authored-specific-rationale|authored-specific-rationale,0,PASS,KEEP
measure-convert,4,mc-03-03,k2,no,content/courses/measure-convert/lessons/mc-03-03.json,Is an 89° angle acute or right?,Acute — it's just under 90°,27,39,no,no,PASS,authored-specific-rationale|authored-specific-rationale|authored-specific-rationale,0,PASS,KEEP
measure-convert,4,mc-03-03,k3,no,content/courses/measure-convert/lessons/mc-03-03.json,Is a 179° angle obtuse or straight?,Obtuse — it's just under 180°,29,45,no,no,PASS,authored-specific-rationale|authored-specific-rationale|authored-specific-rationale,0,PASS,KEEP
measure-convert,4,mc-03-03,ch1,no,content/courses/measure-convert/lessons/mc-03-03.json,"A ladder leans against a wall, forming a 75° angle with the ground. What family is this angle?",Acute — 75° is less than 90°,28,50,no,no,PASS,authored-specific-rationale|authored-specific-rationale|authored-specific-rationale,0,PASS,KEEP
measure-convert,4,mc-03-03,rem-ac-k,yes,content/courses/measure-convert/lessons/mc-03-03.json,What family does a 30° angle belong to?,Acute,5,6,no,no,PASS,authored-specific-rationale|authored-specific-rationale,0,PASS,KEEP
measure-convert,4,mc-04-01,rem-aa-k,yes,content/courses/measure-convert/lessons/mc-04-01.json,A 20° angle sits next to a 30° angle. What is the combined angle?,50°,3,4,no,no,PASS,authored-specific-rationale|authored-specific-rationale,0,PASS,KEEP
measure-convert,4,mc-04-02,rem-ma-k,yes,content/courses/measure-convert/lessons/mc-04-02.json,Two angles sit on a straight line. One is 100°. What is the other?,80°,3,4,no,no,PASS,authored-specific-rationale|authored-specific-rationale,0,PASS,KEEP
measure-convert,4,mc-04-03,k2,no,content/courses/measure-convert/lessons/mc-04-03.json,A figure describes angles going 'all the way around a single point.' What do they total?,360°,4,39,no,no,PASS,authored-specific-rationale|authored-specific-rationale|inside-vs-derivative,0,PASS,KEEP
measure-convert,4,mc-04-03,rem-ba-k,yes,content/courses/measure-convert/lessons/mc-04-03.json,Four angles surround a point. Three are each 90°. What is the fourth?,90°,3,4,no,no,PASS,authored-specific-rationale|authored-specific-rationale,0,PASS,KEEP
measure-convert,4,mc-05-01,k3,no,content/courses/measure-convert/lessons/mc-05-01.json,A measurement reads 3/8 inch. What is its simplest form?,3/8 — it's already simplest,27,4,yes,yes,FAIL,fraction-denominator|fraction-denominator|authored-specific-rationale,0,PASS,REMEDIATE
measure-convert,4,mc-05-01,rem-fm-k,yes,content/courses/measure-convert/lessons/mc-05-01.json,"An object lands on the fourth tick mark past 0. Simplified, what is this measurement?",1/2 inch,8,8,no,no,PASS,unit-conversion|unit-conversion,0,PASS,KEEP
measure-convert,4,mc-05-02,k3,no,content/courses/measure-convert/lessons/mc-05-02.json,"For the six leaves (2 at 3/8, 3 at 1/2, 1 at 7/8), which tick has the TALLEST stack?","1/2 — 3 leaves, more than any other tick",40,34,no,no,PASS,authored-specific-rationale|authored-specific-rationale|authored-specific-rationale,0,PASS,KEEP
measure-convert,4,mc-05-02,rem-lb-k,yes,content/courses/measure-convert/lessons/mc-05-02.json,"Three measurements are 1/4, 1/4, and 1/2. How many marks stack above the 1/4 tick?",2,1,1,no,no,PASS,authored-specific-rationale|authored-specific-rationale,0,PASS,KEEP
measure-convert,4,mc-05-03,rem-lq-k,yes,content/courses/measure-convert/lessons/mc-05-03.json,"Two marks on a plot are both at 1/4. What is their combined length, simplified?",1/2,3,3,no,no,PASS,authored-specific-rationale|authored-specific-rationale,0,PASS,KEEP
measure-length-g1,1,g1m-01-01,k1,no,content/courses/measure-length-g1/lessons/g1m-01-01.json,Two ribbons lie side by side but one starts 3 units further along. What must you do before deciding which is longer?,Line up one end of both first,29,32,no,no,PASS,unit-conversion|authored-specific-rationale|authored-specific-rationale,0,PASS,KEEP
measure-length-g1,1,g1m-01-01,k3,no,content/courses/measure-length-g1/lessons/g1m-01-01.json,Two ribbons lie side by side but one starts 2 units further along. What must you do before deciding which is longer?,Line up one end of both first,29,32,no,no,PASS,unit-conversion|authored-specific-rationale|authored-specific-rationale,0,PASS,KEEP
measure-length-g1,1,g1m-01-01,rem-g1m-compare-two-k,yes,content/courses/measure-length-g1/lessons/g1m-01-01.json,Two ribbons lie side by side but one starts 3 units further along. What must you do before deciding which is longer?,Line up one end of both first,29,32,no,no,PASS,unit-conversion|authored-specific-rationale|authored-specific-rationale,0,PASS,KEEP
measure-length-g1,1,g1m-01-02,k2,no,content/courses/measure-length-g1/lessons/g1m-01-02.json,Two ribbons lie side by side but one starts 4 units further along. What must you do before deciding which is longer?,Line up one end of both first,29,32,no,no,PASS,unit-conversion|authored-specific-rationale|authored-specific-rationale,0,PASS,KEEP
measure-length-g1,1,g1m-01-03,k1,no,content/courses/measure-length-g1/lessons/g1m-01-03.json,"A pole is longer than a string (10 vs 6 units), and the string is longer than a rod (6 vs 5 units). What follows?",The first is longer than the third,34,38,no,no,PASS,sign-direction|authored-specific-rationale|authored-specific-rationale,0,PASS,KEEP
measure-length-g1,1,g1m-01-03,k3,no,content/courses/measure-length-g1/lessons/g1m-01-03.json,"A pole is longer than a string (7 vs 3 units), and the string is longer than a rod (3 vs 2 units). What follows?",The first is longer than the third,34,38,no,no,PASS,sign-direction|authored-specific-rationale|authored-specific-rationale,0,PASS,KEEP
measure-length-g1,1,g1m-01-03,rem-g1m-indirect-k,yes,content/courses/measure-length-g1/lessons/g1m-01-03.json,"A pole is longer than a string (10 vs 6 units), and the string is longer than a rod (6 vs 5 units). What follows?",The first is longer than the third,34,38,no,no,PASS,sign-direction|authored-specific-rationale|authored-specific-rationale,0,PASS,KEEP
measure-length-g1,1,g1m-01-04,k1,no,content/courses/measure-length-g1/lessons/g1m-01-04.json,"A pole is longer than a string (12 vs 8 units), and the string is longer than a rod (8 vs 7 units). What follows?",The first is longer than the third,34,38,no,no,PASS,sign-direction|authored-specific-rationale|authored-specific-rationale,0,PASS,KEEP
measure-length-g1,1,g1m-01-04,k2,no,content/courses/measure-length-g1/lessons/g1m-01-04.json,"A pole is longer than a string (11 vs 9 units), and the string is longer than a rod (9 vs 8 units). What follows?",The first is longer than the third,34,38,no,no,PASS,sign-direction|authored-specific-rationale|authored-specific-rationale,0,PASS,KEEP
measure-length-g1,1,g1m-01-04,rem-g1m-transitivity-k,yes,content/courses/measure-length-g1/lessons/g1m-01-04.json,"A pole is longer than a string (12 vs 8 units), and the string is longer than a rod (8 vs 7 units). What follows?",The first is longer than the third,34,38,no,no,PASS,sign-direction|authored-specific-rationale|authored-specific-rationale,0,PASS,KEEP
measure-length-g1,1,g1m-02-01,k1,no,content/courses/measure-length-g1/lessons/g1m-02-01.json,Exactly 9 same-size cubes cover a ribbon with no gaps and no overlaps. How long is the ribbon in cubes?,9,1,2,no,no,PASS,unit-conversion|unit-conversion|unit-conversion,0,PASS,KEEP
measure-length-g1,1,g1m-02-01,k3,no,content/courses/measure-length-g1/lessons/g1m-02-01.json,Exactly 8 same-size cubes cover a ribbon with no gaps and no overlaps. How long is the ribbon in cubes?,8,1,2,no,no,PASS,unit-conversion|unit-conversion|unit-conversion,0,PASS,KEEP
measure-length-g1,1,g1m-02-01,rem-g1m-iterate-k,yes,content/courses/measure-length-g1/lessons/g1m-02-01.json,Exactly 9 same-size cubes cover a ribbon with no gaps and no overlaps. How long is the ribbon in cubes?,9,1,2,no,no,PASS,unit-conversion|unit-conversion|unit-conversion,0,PASS,KEEP
measure-length-g1,1,g1m-02-02,k1,no,content/courses/measure-length-g1/lessons/g1m-02-02.json,A child lays 4 cubes along a stick but leaves small spaces between them. What is true of the count?,The count is wrong — gaps hide length,37,30,no,yes,FAIL,unit-conversion|unit-conversion|authored-specific-rationale,0,PASS,REMEDIATE
measure-length-g1,1,g1m-02-02,k2,no,content/courses/measure-length-g1/lessons/g1m-02-02.json,Exactly 5 same-size cubes cover a ribbon with no gaps and no overlaps. How long is the ribbon in cubes?,5,1,2,no,no,PASS,unit-conversion|unit-conversion|unit-conversion,0,PASS,KEEP
measure-length-g1,1,g1m-02-02,k3,no,content/courses/measure-length-g1/lessons/g1m-02-02.json,A child lays 7 cubes along a stick but leaves small spaces between them. What is true of the count?,The count is wrong — gaps hide length,37,30,no,yes,FAIL,unit-conversion|unit-conversion|authored-specific-rationale,0,PASS,REMEDIATE
measure-length-g1,1,g1m-02-02,rem-g1m-no-gaps-k,yes,content/courses/measure-length-g1/lessons/g1m-02-02.json,A child lays 4 cubes along a stick but leaves small spaces between them. What is true of the count?,The count is wrong — gaps hide length,37,30,no,yes,FAIL,unit-conversion|unit-conversion|authored-specific-rationale,0,PASS,REMEDIATE
measure-length-g1,1,g1m-02-03,k1,no,content/courses/measure-length-g1/lessons/g1m-02-03.json,Exactly 6 same-size cubes cover a ribbon with no gaps and no overlaps. How long is the ribbon in cubes?,6,1,2,no,no,PASS,unit-conversion|unit-conversion|unit-conversion,0,PASS,KEEP
measure-length-g1,1,g1m-02-03,k2,no,content/courses/measure-length-g1/lessons/g1m-02-03.json,Exactly 9 same-size cubes cover a ribbon with no gaps and no overlaps. How long is the ribbon in cubes?,9,1,2,no,no,PASS,unit-conversion|unit-conversion|unit-conversion,0,PASS,KEEP
measure-length-g1,1,g1m-02-03,rem-g1m-count-units-k,yes,content/courses/measure-length-g1/lessons/g1m-02-03.json,Exactly 6 same-size cubes cover a ribbon with no gaps and no overlaps. How long is the ribbon in cubes?,6,1,2,no,no,PASS,unit-conversion|unit-conversion|unit-conversion,0,PASS,KEEP
measure-length-g1,1,g1m-03-01,k1,no,content/courses/measure-length-g1/lessons/g1m-03-01.json,Exactly 9 same-size cubes cover a ribbon with no gaps and no overlaps. How long is the ribbon in cubes?,9,1,2,no,no,PASS,unit-conversion|unit-conversion|unit-conversion,0,PASS,KEEP
measure-length-g1,1,g1m-03-01,k3,no,content/courses/measure-length-g1/lessons/g1m-03-01.json,A child lays 4 cubes along a stick but leaves small spaces between them. What is true of the count?,The count is wrong — gaps hide length,37,30,no,yes,FAIL,unit-conversion|unit-conversion|authored-specific-rationale,0,PASS,REMEDIATE
measure-length-g1,1,g1m-03-01,rem-g1m-cubes-k,yes,content/courses/measure-length-g1/lessons/g1m-03-01.json,Exactly 9 same-size cubes cover a ribbon with no gaps and no overlaps. How long is the ribbon in cubes?,9,1,2,no,no,PASS,unit-conversion|unit-conversion|unit-conversion,0,PASS,KEEP
measure-length-g1,1,g1m-03-02,k1,no,content/courses/measure-length-g1/lessons/g1m-03-02.json,"A stick measures 12 small cubes. Measured with units twice as long, will the count be more or fewer?",Fewer big units than small units,32,31,no,no,PASS,unit-conversion|unit-conversion|unit-conversion,0,PASS,KEEP
measure-length-g1,1,g1m-03-02,k2,no,content/courses/measure-length-g1/lessons/g1m-03-02.json,Exactly 7 same-size cubes cover a ribbon with no gaps and no overlaps. How long is the ribbon in cubes?,7,1,2,no,no,PASS,unit-conversion|unit-conversion|unit-conversion,0,PASS,KEEP
measure-length-g1,1,g1m-03-02,ch1,no,content/courses/measure-length-g1/lessons/g1m-03-02.json,"A stick measures 8 small cubes. Measured with units twice as long, will the count be more or fewer?",Fewer big units than small units,32,31,no,no,PASS,unit-conversion|unit-conversion|unit-conversion,0,PASS,KEEP
measure-length-g1,1,g1m-03-02,rem-g1m-clips-k,yes,content/courses/measure-length-g1/lessons/g1m-03-02.json,"A stick measures 12 small cubes. Measured with units twice as long, will the count be more or fewer?",Fewer big units than small units,32,31,no,no,PASS,unit-conversion|unit-conversion|unit-conversion,0,PASS,KEEP
measure-length-g1,1,g1m-03-03,k1,no,content/courses/measure-length-g1/lessons/g1m-03-03.json,"A stick measures 12 small cubes. Measured with units twice as long, will the count be more or fewer?",Fewer big units than small units,32,31,no,no,PASS,unit-conversion|unit-conversion|unit-conversion,0,PASS,KEEP
measure-length-g1,1,g1m-03-03,k2,no,content/courses/measure-length-g1/lessons/g1m-03-03.json,"A stick measures 11 small cubes. Measured with units twice as long, will the count be more or fewer?",Fewer big units than small units,32,31,no,no,PASS,unit-conversion|unit-conversion|unit-conversion,0,PASS,KEEP
measure-length-g1,1,g1m-03-03,k3,no,content/courses/measure-length-g1/lessons/g1m-03-03.json,Exactly 8 same-size cubes cover a ribbon with no gaps and no overlaps. How long is the ribbon in cubes?,8,1,2,no,no,PASS,unit-conversion|unit-conversion|unit-conversion,0,PASS,KEEP
measure-length-g1,1,g1m-03-03,rem-g1m-unit-size-k,yes,content/courses/measure-length-g1/lessons/g1m-03-03.json,"A stick measures 12 small cubes. Measured with units twice as long, will the count be more or fewer?",Fewer big units than small units,32,31,no,no,PASS,unit-conversion|unit-conversion|unit-conversion,0,PASS,KEEP
measure-money-time,2,mmt-01-01,k2,no,content/courses/measure-money-time/lessons/mmt-01-01.json,Which unit is best to measure the length of a pencil?,inches,6,4,no,no,PASS,unit-conversion,0,PASS,KEEP
measure-money-time,2,mmt-01-01,k3,no,content/courses/measure-money-time/lessons/mmt-01-01.json,Which unit is best to measure the length of a hallway?,feet,4,6,no,no,PASS,unit-conversion,0,PASS,KEEP
measure-money-time,2,mmt-01-02,k2,no,content/courses/measure-money-time/lessons/mmt-01-02.json,Which unit is best to measure the length of a crayon?,inches,6,4,no,no,PASS,unit-conversion,0,PASS,KEEP
measure-money-time,2,mmt-01-02,k3,no,content/courses/measure-money-time/lessons/mmt-01-02.json,Which unit is best to measure the length of a playground?,feet,4,6,no,no,PASS,unit-conversion,0,PASS,KEEP
measure-money-time,2,mmt-01-03,i1,no,content/courses/measure-money-time/lessons/mmt-01-03.json,Which unit is best to measure the length of a book?,inches,6,4,no,no,PASS,unit-conversion,0,PASS,KEEP
measure-money-time,2,mmt-01-03,k1,no,content/courses/measure-money-time/lessons/mmt-01-03.json,Which unit is best to measure the length of a classroom?,feet,4,6,no,no,PASS,unit-conversion,0,PASS,KEEP
measure-money-time,2,mmt-01-03,i3,no,content/courses/measure-money-time/lessons/mmt-01-03.json,Which unit is best to measure the length of a car?,feet,4,6,no,no,PASS,unit-conversion,0,PASS,KEEP
measure-money-time,2,mmt-01-03,k3,no,content/courses/measure-money-time/lessons/mmt-01-03.json,Which unit is best to measure the length of a hand?,inches,6,4,no,no,PASS,unit-conversion,0,PASS,KEEP
measure-money-time,2,mmt-01-03,rem-muf-k,yes,content/courses/measure-money-time/lessons/mmt-01-03.json,Which unit is best to measure the length of a book?,inches,6,4,no,no,PASS,unit-conversion,0,PASS,KEEP
measure-money-time,2,mmt-02-01,k1,no,content/courses/measure-money-time/lessons/mmt-02-01.json,A crayon is about 6 inches long. Which is the best estimate?,7 inches,8,9,no,no,PASS,unit-conversion|unit-conversion,0,PASS,KEEP
measure-money-time,2,mmt-02-01,k2,no,content/courses/measure-money-time/lessons/mmt-02-01.json,A key is about 4 inches long. Which is the best estimate?,5 inches,8,9,no,no,PASS,unit-conversion|unit-conversion,0,PASS,KEEP
measure-money-time,2,mmt-02-01,k3,no,content/courses/measure-money-time/lessons/mmt-02-01.json,A notebook is about 11 inches long. Which is the best estimate?,10 inches,9,9,no,no,PASS,unit-conversion|unit-conversion,0,PASS,KEEP
measure-money-time,2,mmt-02-01,ch1,no,content/courses/measure-money-time/lessons/mmt-02-01.json,A ruler-shaped block is about 8 inches long. Which is the best estimate?,9 inches,8,9,no,no,PASS,unit-conversion|unit-conversion,0,PASS,KEEP
measure-money-time,2,mmt-02-02,i1,no,content/courses/measure-money-time/lessons/mmt-02-02.json,"A pencil is 6 inches long. A crayon is 3 inches long. Which is longer, the pencil or the crayon?",the pencil,10,10,no,no,PASS,unit-conversion,0,PASS,KEEP
measure-money-time,2,mmt-02-02,k1,no,content/courses/measure-money-time/lessons/mmt-02-02.json,"A key is 4 inches long. A ruler is 9 inches long. Which is shorter, the key or the ruler?",the key,7,9,no,no,PASS,unit-conversion,0,PASS,KEEP
measure-money-time,2,mmt-02-02,k2,no,content/courses/measure-money-time/lessons/mmt-02-02.json,"A book is 10 inches long. A phone is 7 inches long. Which is longer, the book or the phone?",the book,8,9,no,no,PASS,unit-conversion,0,PASS,KEEP
measure-money-time,2,mmt-02-02,rem-mlc-k,yes,content/courses/measure-money-time/lessons/mmt-02-02.json,"A pencil is 6 inches long. A crayon is 3 inches long. Which is longer, the pencil or the crayon?",the pencil,10,10,no,no,PASS,authored-specific-rationale,0,PASS,KEEP
measure-money-time,2,mmt-02-03,rem-mlo-k,yes,content/courses/measure-money-time/lessons/mmt-02-03.json,"Which is longest? The crayon is 4 inches, the marker is 9 inches, and the ruler is 6 inches.",the marker,10,10,no,no,PASS,authored-specific-rationale|authored-specific-rationale,0,PASS,KEEP
measure-money-time,2,mmt-03-01,i1,no,content/courses/measure-money-time/lessons/mmt-03-01.json,Which coin is worth 10 cents?,dime,4,6,no,no,PASS,authored-specific-rationale|authored-specific-rationale,0,PASS,KEEP
measure-money-time,2,mmt-03-01,k1,no,content/courses/measure-money-time/lessons/mmt-03-01.json,Which coin is worth 25 cents?,quarter,7,6,no,no,PASS,authored-specific-rationale|authored-specific-rationale,0,PASS,KEEP
measure-money-time,2,mmt-03-01,k2,no,content/courses/measure-money-time/lessons/mmt-03-01.json,Which coin is worth 1 cent?,penny,5,6,no,no,PASS,authored-specific-rationale|authored-specific-rationale,0,PASS,KEEP
measure-money-time,2,mmt-03-01,rem-mcn-k,yes,content/courses/measure-money-time/lessons/mmt-03-01.json,Which coin is worth 10 cents?,dime,4,6,no,no,PASS,authored-specific-rationale|authored-specific-rationale,0,PASS,KEEP
measure-money-time,2,mmt-04-02,rem-mt5-k,yes,content/courses/measure-money-time/lessons/mmt-04-02.json,The hour hand is between 3 and 4 and the minute hand points to 4. What time is it?,3:20,4,4,no,no,PASS,authored-specific-rationale|authored-specific-rationale,0,PASS,KEEP
measure-money-time,2,mmt-04-03,rem-mtm-k,yes,content/courses/measure-money-time/lessons/mmt-04-03.json,The hour hand is between 4 and 5 and the minute hand points to 3. What time is it?,4:15,4,4,no,no,PASS,authored-specific-rationale|authored-specific-rationale,0,PASS,KEEP
measure-problems-g4,4,g4v-01-01,k1,no,content/courses/measure-problems-g4/lessons/g4v-01-01.json,The same rope is measured in meters and in centimeters. Which measurement has the LARGER number?,Centimeters use smaller units,29,33,no,no,PASS,unit-conversion|unit-conversion|unit-conversion,0,PASS,KEEP
measure-problems-g4,4,g4v-01-01,k3,no,content/courses/measure-problems-g4/lessons/g4v-01-01.json,The same rope is measured in meters and in centimeters. Which measurement has the LARGER number?,Centimeters use smaller units,29,33,no,no,PASS,unit-conversion|unit-conversion|unit-conversion,0,PASS,KEEP
measure-problems-g4,4,g4v-01-01,rem-g4v-unit-size-k,yes,content/courses/measure-problems-g4/lessons/g4v-01-01.json,The same rope is measured in meters and in centimeters. Which measurement has the LARGER number?,Centimeters use smaller units,29,33,no,no,PASS,unit-conversion|unit-conversion|unit-conversion,0,PASS,KEEP
measure-problems-g4,4,g4v-01-02,k1,no,content/courses/measure-problems-g4/lessons/g4v-01-02.json,"A conversion table lists 1 m = 100 cm, 2 m = 200 cm, 3 m = 300 cm. What makes it a table rather than a list?",Every row follows one rule,26,27,no,no,PASS,representation-read|representation-read|unit-conversion,0,PASS,KEEP
measure-problems-g4,4,g4v-01-02,rem-g4v-table-k,yes,content/courses/measure-problems-g4/lessons/g4v-01-02.json,"A conversion table lists 1 m = 100 cm, 2 m = 200 cm, 3 m = 300 cm. What makes it a table rather than a list?",Every row follows one rule,26,27,no,no,PASS,representation-read|representation-read|unit-conversion,0,PASS,KEEP
measure-problems-g4,4,g4v-01-03,k3,no,content/courses/measure-problems-g4/lessons/g4v-01-03.json,"Converting 5 kilograms into grams, do you multiply or divide by 1,000?","Multiply — grams are smaller, so there are more of them",55,38,no,no,PASS,authored-specific-rationale|unit-conversion|unit-conversion,0,PASS,KEEP
measure-problems-g4,4,g4v-01-04,k2,no,content/courses/measure-problems-g4/lessons/g4v-01-04.json,"Converting 5 kilograms into grams, do you multiply or divide by 1,000?","Multiply — grams are smaller, so there are more of them",55,38,no,no,PASS,authored-specific-rationale|unit-conversion|unit-conversion,0,PASS,KEEP
measure-problems-g4,4,g4v-02-02,k3,no,content/courses/measure-problems-g4/lessons/g4v-02-02.json,"Converting 5 kilograms into grams, do you multiply or divide by 1,000?","Multiply — grams are smaller, so there are more of them",55,38,no,no,PASS,authored-specific-rationale|unit-conversion|unit-conversion,0,PASS,KEEP
measure-problems-g4,4,g4v-02-03,k2,no,content/courses/measure-problems-g4/lessons/g4v-02-03.json,"A bar diagram shows 6 equal parts of 400 m, with 150 m crossed off the end. What does it record?","(6 × 400) − 150 = 2,250 m",25,25,no,no,PASS,place-value|inside-vs-derivative|authored-specific-rationale,0,PASS,KEEP
measure-problems-g4,4,g4v-02-04,k2,no,content/courses/measure-problems-g4/lessons/g4v-02-04.json,"""A crew works 5 shifts of 30 minutes, then converts the total to hours."" What is the correct ORDER?","Multiply to find 150 minutes, then divide by 60",47,41,no,no,PASS,unit-conversion|authored-specific-rationale|authored-specific-rationale,0,PASS,KEEP
measure-problems-g4,4,g4v-03-01,k2,no,content/courses/measure-problems-g4/lessons/g4v-03-01.json,"A bar diagram shows 6 equal parts of 400 m, with 150 m crossed off the end. What does it record?","(6 × 400) − 150 = 2,250 m",25,25,no,no,PASS,place-value|inside-vs-derivative|authored-specific-rationale,0,PASS,KEEP
measure-problems-g4,4,g4v-03-02,k2,no,content/courses/measure-problems-g4/lessons/g4v-03-02.json,A line plot records lengths in quarter-inches. Eight marks sit at 1/4 inch. What total length is that?,"2 inches, because four quarter-inches make one inch",51,36,no,no,PASS,unit-conversion|unit-conversion|unit-conversion,0,PASS,KEEP
measure-problems-g4,4,g4v-03-03,k2,no,content/courses/measure-problems-g4/lessons/g4v-03-03.json,"""A crew works 5 shifts of 30 minutes, then converts the total to hours."" What is the correct ORDER?","Multiply to find 150 minutes, then divide by 60",47,41,no,no,PASS,unit-conversion|authored-specific-rationale|authored-specific-rationale,0,PASS,KEEP
measure-problems-g4,4,g4v-03-04,k1,no,content/courses/measure-problems-g4/lessons/g4v-03-04.json,"A bar diagram shows 6 equal parts of 400 m, with 150 m crossed off the end. What does it record?","(6 × 400) − 150 = 2,250 m",25,25,no,no,PASS,place-value|inside-vs-derivative|authored-specific-rationale,0,PASS,KEEP
measure-problems-g4,4,g4v-03-04,k3,no,content/courses/measure-problems-g4/lessons/g4v-03-04.json,"A bar diagram shows 6 equal parts of 400 m, with 150 m crossed off the end. What does it record?","(6 × 400) − 150 = 2,250 m",25,25,no,no,PASS,place-value|inside-vs-derivative|authored-specific-rationale,0,PASS,KEEP
measure-problems-g4,4,g4v-03-04,rem-g4v-diagram-k,yes,content/courses/measure-problems-g4/lessons/g4v-03-04.json,"A bar diagram shows 6 equal parts of 400 m, with 150 m crossed off the end. What does it record?","(6 × 400) − 150 = 2,250 m",25,25,no,no,PASS,place-value|inside-vs-derivative|authored-specific-rationale,0,PASS,KEEP
measurement-data,3,md-01-01,k3,no,content/courses/measurement-data/lessons/md-01-01.json,"At 7:30, where is the HOUR hand?",Halfway between the 7 and the 8,31,16,no,no,PASS,authored-specific-rationale|authored-specific-rationale|authored-specific-rationale,0,PASS,KEEP
measurement-data,3,md-01-01,ch1,no,content/courses/measurement-data/lessons/md-01-01.json,"A clock shows: SHORT hand a bit past the 2, LONG hand on the 4. Dee reads it as 4:10. What time is it really — and what went wrong?",2:20 — Dee swapped the hands (and read the 2-mark as ten minutes),65,19,yes,no,FAIL,authored-specific-rationale|authored-specific-rationale|authored-specific-rationale,0,PASS,REMEDIATE
measurement-data,3,md-01-01,rem-rc-k,yes,content/courses/measurement-data/lessons/md-01-01.json,"SHORT hand on the 3, LONG hand on the 12. The time is…",3:00,4,5,no,no,PASS,authored-specific-rationale|authored-specific-rationale,0,PASS,KEEP
measurement-data,3,md-01-02,k1,no,content/courses/measurement-data/lessons/md-01-02.json,Which is another name for 5:50?,Ten to six,10,14,no,no,PASS,authored-specific-rationale|authored-specific-rationale|authored-specific-rationale,0,PASS,KEEP
measurement-data,3,md-01-02,k3,no,content/courses/measurement-data/lessons/md-01-02.json,"Lila says 'quarter to 3' means 2:45, 'because a quarter-hour is 15 minutes.' Is she right?","Yes — quarter TO means 15 minutes before 3:00, which is 2:45",60,32,yes,no,FAIL,authored-specific-rationale|authored-specific-rationale|authored-specific-rationale,0,PASS,REMEDIATE
measurement-data,3,md-01-02,rem-tr-k,yes,content/courses/measurement-data/lessons/md-01-02.json,'Ten past 6' is…,6:10,4,4,no,no,PASS,authored-specific-rationale|authored-specific-rationale,0,PASS,KEEP
measurement-data,3,md-01-03,k3,no,content/courses/measurement-data/lessons/md-01-03.json,What's the fastest RELIABLE way to count the minutes from 6:35 to 7:10?,"Hop to 7:00 (that's 25 minutes), then 10 more — total 35",56,37,yes,yes,FAIL,authored-specific-rationale|authored-specific-rationale|authored-specific-rationale,0,PASS,REMEDIATE
measurement-data,3,md-01-03,rem-et-k,yes,content/courses/measurement-data/lessons/md-01-03.json,How many minutes from 2:50 to 3:10?,20,2,2,no,no,PASS,authored-specific-rationale|inverse-confusion,0,PASS,KEEP
measurement-data,3,md-02-01,k1,no,content/courses/measurement-data/lessons/md-02-01.json,About how much does one apple weigh?,About 200 grams,15,19,no,no,PASS,unit-conversion|authored-specific-rationale|rate-vs-start,0,PASS,KEEP
measurement-data,3,md-02-01,k3,no,content/courses/measurement-data/lessons/md-02-01.json,Which is heavier: 2 kilograms or 500 grams?,2 kilograms,11,29,no,no,PASS,unit-conversion|unit-conversion|unit-conversion,0,PASS,KEEP
measurement-data,3,md-02-01,rem-ms-k,yes,content/courses/measurement-data/lessons/md-02-01.json,1 kilogram = ?,"1,000 grams",11,9,no,no,PASS,authored-specific-rationale|authored-specific-rationale,0,PASS,KEEP
measurement-data,3,md-02-02,k1,no,content/courses/measurement-data/lessons/md-02-02.json,Which measurement is given in LITERS?,The water a fish tank holds,27,21,no,no,PASS,authored-specific-rationale|unit-conversion|authored-specific-rationale,0,PASS,KEEP
measurement-data,3,md-02-02,k2,no,content/courses/measurement-data/lessons/md-02-02.json,"A recipe needs flour. Even though flour pours, what unit does the recipe most likely use?","Grams — flour is weighed, not measured as a liquid",50,43,no,no,PASS,authored-specific-rationale|authored-specific-rationale|unit-conversion,0,PASS,KEEP
measurement-data,3,md-02-02,rem-vo-k,yes,content/courses/measurement-data/lessons/md-02-02.json,Which is measured in liters?,The juice a bottle holds,24,20,no,no,PASS,authored-specific-rationale|unit-conversion,0,PASS,KEEP
measurement-data,3,md-02-03,rem-mp-k,yes,content/courses/measurement-data/lessons/md-02-03.json,"A tank has 10 L. 4 L drain, then 2 L are added. How many liters now?",8 L,3,4,no,no,PASS,authored-specific-rationale|authored-specific-rationale,0,PASS,KEEP
measurement-data,3,md-03-01,k3,no,content/courses/measurement-data/lessons/md-03-01.json,Why do pictographs use a key like '🍎 = 2' instead of one symbol per vote?,So a few symbols can stand for a big count — the graph stays small,66,40,yes,yes,FAIL,representation-read|authored-specific-rationale|authored-specific-rationale,0,PASS,REMEDIATE
measurement-data,3,md-03-01,rem-pg-k,yes,content/courses/measurement-data/lessons/md-03-01.json,Key: each 🍎 = 2 votes. A row of 3 apples is worth…,6 votes,7,7,no,no,PASS,authored-specific-rationale|authored-specific-rationale,0,PASS,KEEP
measurement-data,3,md-03-02,k1,no,content/courses/measurement-data/lessons/md-03-02.json,"A bar graph of books read: Mon 4, Tue 7, Wed 7, Thu 2. Which statement is TRUE?",Tuesday and Wednesday tie for the most,38,21,no,no,PASS,authored-specific-rationale|authored-specific-rationale|authored-specific-rationale,0,PASS,KEEP
measurement-data,3,md-03-02,k3,no,content/courses/measurement-data/lessons/md-03-02.json,Why might a bar graph use a scale of 10s instead of 1s?,"So big amounts fit — a bar of 80 needs only 8 grid steps, not 80",64,37,yes,yes,FAIL,place-value|authored-specific-rationale|authored-specific-rationale,0,PASS,REMEDIATE
measurement-data,3,md-03-02,rem-bg-k,yes,content/courses/measurement-data/lessons/md-03-02.json,Scale climbs by 5s. A bar reaches the 2nd mark. Its value is…,10,2,1,no,no,PASS,authored-specific-rationale|authored-specific-rationale,0,PASS,KEEP
measurement-data,3,md-03-03,rem-gq-k,yes,content/courses/measurement-data/lessons/md-03-03.json,"Red bar 7, blue bar 4. 'How many more red than blue?' You should…",Subtract: 7 − 4 = 3,19,20,no,no,PASS,authored-specific-rationale|authored-specific-rationale,0,PASS,KEEP
measurement-data,3,md-03-04,k1,no,content/courses/measurement-data/lessons/md-03-04.json,"In that pencil plot (2 → 3 X's, 2½ → 1 X, 3 → 4 X's), which length is MOST common?",3 inches,8,17,no,no,PASS,unit-conversion|unit-conversion|unit-conversion,0,PASS,KEEP
measurement-data,3,md-03-04,k3,no,content/courses/measurement-data/lessons/md-03-04.json,"That ribbon plot has X's at 3, 3½, and 4 inches. Between which lengths do ALL the ribbons fall?",Between 3 and 4 inches,22,23,no,no,PASS,unit-conversion|unit-conversion|authored-specific-rationale,0,PASS,KEEP
measurement-data,3,md-03-04,rem-lp-k,yes,content/courses/measurement-data/lessons/md-03-04.json,A line plot has 3 X's stacked above the 5-inch mark. How many things measured 5 inches?,3,1,1,no,no,PASS,authored-specific-rationale|authored-specific-rationale,0,PASS,KEEP
measurement-data,3,md-04-01,k1,no,content/courses/measurement-data/lessons/md-04-01.json,A shape is covered by 12 one-centimeter squares. What is its area?,12 square centimeters,21,21,no,no,PASS,unit-conversion|unit-conversion|unit-conversion,0,PASS,KEEP
measurement-data,3,md-04-01,k2,no,content/courses/measurement-data/lessons/md-04-01.json,Which shape can cover a floor with NO gaps and NO overlaps?,Squares,7,36,no,no,PASS,authored-specific-rationale|authored-specific-rationale|authored-specific-rationale,0,PASS,KEEP
measurement-data,3,md-04-01,rem-ti-k,yes,content/courses/measurement-data/lessons/md-04-01.json,A shape is covered by exactly 5 unit squares. Its area is…,5 square units,14,15,no,no,PASS,unit-conversion|unit-conversion,0,PASS,KEEP
measurement-data,3,md-04-02,k2,no,content/courses/measurement-data/lessons/md-04-02.json,A 5-by-2 rectangle has area 10. What is the area of a 2-by-5 rectangle?,"10 — it's the same rectangle, turned",36,28,no,no,PASS,authored-specific-rationale|authored-specific-rationale|inside-vs-derivative,0,PASS,KEEP
measurement-data,3,md-04-02,k3,no,content/courses/measurement-data/lessons/md-04-02.json,"To find how many square tiles COVER a 7-by-3 floor, you should…",Multiply: 7 × 3 = 21,20,32,no,no,PASS,unit-conversion|representation-read|authored-specific-rationale,0,PASS,KEEP
measurement-data,3,md-04-02,rem-am-k,yes,content/courses/measurement-data/lessons/md-04-02.json,A rectangle is 2 rows of 4 unit squares. Its area is…,8 square units,14,15,no,no,PASS,unit-conversion|unit-conversion,0,PASS,KEEP
measurement-data,3,md-04-03,k3,no,content/courses/measurement-data/lessons/md-04-03.json,Why does breaking a rectangle into two pieces keep the same total area?,The cut only regroups the squares — none are added or lost,58,44,no,no,PASS,authored-specific-rationale|authored-specific-rationale|authored-specific-rationale,0,PASS,KEEP
measurement-data,3,md-04-03,rem-ad-k,yes,content/courses/measurement-data/lessons/md-04-03.json,A 4-by-3 (area 12) sits beside a 4-by-2 (area 8). Total area?,20,2,2,no,no,PASS,authored-specific-rationale|authored-specific-rationale,0,PASS,KEEP
measurement-data,3,md-04-04,rem-aa-k,yes,content/courses/measurement-data/lessons/md-04-04.json,An L-shape is a 6-square piece joined to a 4-square piece. Its area is…,10 square units,15,15,no,no,PASS,unit-conversion|unit-conversion,0,PASS,KEEP
measurement-data,3,md-05-01,rem-pm-k,yes,content/courses/measurement-data/lessons/md-05-01.json,A square has 5 cm sides. Its perimeter is…,20 cm,5,5,no,no,PASS,authored-specific-rationale|authored-specific-rationale,0,PASS,KEEP
measurement-data,3,md-05-03,k1,no,content/courses/measurement-data/lessons/md-05-03.json,A 1-by-5 pen and a 3-by-3 pen both use 12 m of fence. Which holds MORE space?,The 3-by-3 pen — it has more area (9 vs 5),42,35,no,no,PASS,unit-conversion|unit-conversion|authored-specific-rationale,0,PASS,KEEP
measurement-data,3,md-05-03,k2,no,content/courses/measurement-data/lessons/md-05-03.json,A 4-by-4 garden and a 2-by-8 garden both have area 16. Which needs MORE fence?,The 2-by-8 — it needs 20 of fence vs the square's 16,52,24,yes,no,FAIL,unit-conversion|unit-conversion|unit-conversion,0,PASS,REMEDIATE
measurement-data,3,md-05-03,rem-av-k,yes,content/courses/measurement-data/lessons/md-05-03.json,"To buy carpet for a 3-by-4 room, do you need area or perimeter — and what is it?",Area: 3 × 4 = 12 square units,29,29,no,no,PASS,unit-conversion|unit-conversion,0,PASS,KEEP
mult-div-fluency-g4,4,g4m-01-01,k2,no,content/courses/mult-div-fluency-g4/lessons/g4m-01-01.json,Why does knowing 3 × 4 = 12 immediately give you 30 × 4 = 120?,"Because the factor is built from tens, so the basic fact is scaled by 10.",73,62,no,no,PASS,place-value|authored-specific-rationale|inside-vs-derivative,0,PASS,KEEP
mult-div-fluency-g4,4,g4m-01-02,k2,no,content/courses/mult-div-fluency-g4/lessons/g4m-01-02.json,Which two partial products build the area model for 16 × 8?,10×8 and 6×8,12,14,no,no,PASS,authored-specific-rationale|authored-specific-rationale|authored-specific-rationale,0,PASS,KEEP
mult-div-fluency-g4,4,g4m-01-05,k2,no,content/courses/mult-div-fluency-g4/lessons/g4m-01-05.json,Which four partial products build the area model for 29 × 19?,"20×10, 20×9, 9×10, 9×9",22,22,no,no,PASS,authored-specific-rationale|authored-specific-rationale|authored-specific-rationale,0,PASS,KEEP
mult-div-fluency-g4,4,g4m-01-06,k2,no,content/courses/mult-div-fluency-g4/lessons/g4m-01-06.json,Which four partial products build the area model for 38 × 15?,"30×10, 30×5, 8×10, 8×5",22,22,no,no,PASS,authored-specific-rationale|authored-specific-rationale|authored-specific-rationale,0,PASS,KEEP
mult-div-fluency-g4,4,g4m-02-01,k1,no,content/courses/mult-div-fluency-g4/lessons/g4m-02-01.json,"Before computing 38 × 52, which estimate is most useful?","40 × 50 = 2,000",15,39,no,no,PASS,place-value|inside-vs-derivative|inside-vs-derivative,0,PASS,KEEP
mult-div-fluency-g4,4,g4m-02-01,k3,no,content/courses/mult-div-fluency-g4/lessons/g4m-02-01.json,"Before computing 38 × 52, which estimate is most useful?","40 × 50 = 2,000",15,39,no,no,PASS,place-value|inside-vs-derivative|inside-vs-derivative,0,PASS,KEEP
mult-div-fluency-g4,4,g4m-02-01,rem-g4m-estimate-product-k,yes,content/courses/mult-div-fluency-g4/lessons/g4m-02-01.json,"Before computing 38 × 52, which estimate is most useful?","40 × 50 = 2,000",15,39,no,no,PASS,place-value|inside-vs-derivative|inside-vs-derivative,0,PASS,KEEP
mult-div-fluency-g4,4,g4m-02-02,k1,no,content/courses/mult-div-fluency-g4/lessons/g4m-02-02.json,"A student computes 47 × 6 = 2,822. The estimate says about 50 × 6 = 300. What follows?","2,822 is wrong — it is about ten times too big",46,45,no,no,PASS,authored-specific-rationale|rate-vs-start|authored-specific-rationale,0,PASS,KEEP
mult-div-fluency-g4,4,g4m-02-02,k3,no,content/courses/mult-div-fluency-g4/lessons/g4m-02-02.json,"A student computes 47 × 6 = 2,822. The estimate says about 50 × 6 = 300. What follows?","2,822 is wrong — it is about ten times too big",46,45,no,no,PASS,authored-specific-rationale|rate-vs-start|authored-specific-rationale,0,PASS,KEEP
mult-div-fluency-g4,4,g4m-02-02,rem-g4m-check-product-k,yes,content/courses/mult-div-fluency-g4/lessons/g4m-02-02.json,"A student computes 47 × 6 = 2,822. The estimate says about 50 × 6 = 300. What follows?","2,822 is wrong — it is about ten times too big",46,45,no,no,PASS,authored-specific-rationale|rate-vs-start|authored-specific-rationale,0,PASS,KEEP
mult-div-fluency-g4,4,g4m-02-03,k1,no,content/courses/mult-div-fluency-g4/lessons/g4m-02-03.json,"Dividing 936 ÷ 3, why do you start with the hundreds?",Because the largest place decides where the quotient begins,59,43,no,no,PASS,authored-specific-rationale|authored-specific-rationale|authored-specific-rationale,0,PASS,KEEP
mult-div-fluency-g4,4,g4m-02-03,k3,no,content/courses/mult-div-fluency-g4/lessons/g4m-02-03.json,"Dividing 936 ÷ 3, why do you start with the hundreds?",Because the largest place decides where the quotient begins,59,43,no,no,PASS,authored-specific-rationale|authored-specific-rationale|authored-specific-rationale,0,PASS,KEEP
mult-div-fluency-g4,4,g4m-02-03,rem-g4m-div-place-k,yes,content/courses/mult-div-fluency-g4/lessons/g4m-02-03.json,"Dividing 936 ÷ 3, why do you start with the hundreds?",Because the largest place decides where the quotient begins,59,43,no,no,PASS,authored-specific-rationale|authored-specific-rationale|authored-specific-rationale,0,PASS,KEEP
mult-div-fluency-g4,4,g4m-02-04,k1,no,content/courses/mult-div-fluency-g4/lessons/g4m-02-04.json,"Finding successive chunks in 852 ÷ 4, a student takes 200 fours first. Why is that allowed?","Because any number of groups can be removed at once, in any order",65,53,no,no,PASS,authored-specific-rationale|authored-specific-rationale|authored-specific-rationale,0,PASS,KEEP
mult-div-fluency-g4,4,g4m-02-04,k3,no,content/courses/mult-div-fluency-g4/lessons/g4m-02-04.json,"Finding successive chunks in 852 ÷ 4, a student takes 200 fours first. Why is that allowed?","Because any number of groups can be removed at once, in any order",65,53,no,no,PASS,authored-specific-rationale|authored-specific-rationale|authored-specific-rationale,0,PASS,KEEP
mult-div-fluency-g4,4,g4m-02-04,rem-g4m-partial-quotient-k,yes,content/courses/mult-div-fluency-g4/lessons/g4m-02-04.json,"Finding successive chunks in 852 ÷ 4, a student takes 200 fours first. Why is that allowed?","Because any number of groups can be removed at once, in any order",65,53,no,no,PASS,authored-specific-rationale|authored-specific-rationale|authored-specific-rationale,0,PASS,KEEP
mult-div-fluency-g4,4,g4m-02-05,k3,no,content/courses/mult-div-fluency-g4/lessons/g4m-02-05.json,"Dividing 936 ÷ 3, why do you start with the hundreds?",Because the largest place decides where the quotient begins,59,43,no,no,PASS,authored-specific-rationale|authored-specific-rationale|authored-specific-rationale,0,PASS,KEEP
mult-div-fluency-g4,4,g4m-03-01,k2,no,content/courses/mult-div-fluency-g4/lessons/g4m-03-01.json,"Before computing 3,612 ÷ 6, which estimate helps most?","3,600 ÷ 6 = 600",15,23,no,no,PASS,authored-specific-rationale|authored-specific-rationale|authored-specific-rationale,0,PASS,KEEP
mult-div-fluency-g4,4,g4m-03-03,k2,no,content/courses/mult-div-fluency-g4/lessons/g4m-03-03.json,53 pencils are shared into packs of 8. The answer 6 R 5 can mean different things. Which question needs 7?,How many packs are needed so every pencil is packed?,52,31,yes,no,FAIL,authored-specific-rationale|authored-specific-rationale|authored-specific-rationale,0,PASS,REMEDIATE
mult-div-fluency-g4,4,g4m-03-04,k1,no,content/courses/mult-div-fluency-g4/lessons/g4m-03-04.json,"Before computing 3,612 ÷ 6, which estimate helps most?","3,600 ÷ 6 = 600",15,23,no,no,PASS,authored-specific-rationale|authored-specific-rationale|authored-specific-rationale,0,PASS,KEEP
mult-div-fluency-g4,4,g4m-03-04,k3,no,content/courses/mult-div-fluency-g4/lessons/g4m-03-04.json,"Before computing 3,612 ÷ 6, which estimate helps most?","3,600 ÷ 6 = 600",15,23,no,no,PASS,authored-specific-rationale|authored-specific-rationale|authored-specific-rationale,0,PASS,KEEP
mult-div-fluency-g4,4,g4m-03-04,rem-g4m-estimate-quotient-k,yes,content/courses/mult-div-fluency-g4/lessons/g4m-03-04.json,"Before computing 3,612 ÷ 6, which estimate helps most?","3,600 ÷ 6 = 600",15,23,no,no,PASS,authored-specific-rationale|authored-specific-rationale|authored-specific-rationale,0,PASS,KEEP
mult-div-fluency-g4,4,g4m-03-05,k1,no,content/courses/mult-div-fluency-g4/lessons/g4m-03-05.json,You compute 852 ÷ 4 = 213. Which check confirms it?,213 × 4 = 852,13,16,no,no,PASS,authored-specific-rationale|inverse-confusion|authored-specific-rationale,0,PASS,KEEP
mult-div-fluency-g4,4,g4m-03-05,k3,no,content/courses/mult-div-fluency-g4/lessons/g4m-03-05.json,You compute 852 ÷ 4 = 213. Which check confirms it?,213 × 4 = 852,13,16,no,no,PASS,authored-specific-rationale|inverse-confusion|authored-specific-rationale,0,PASS,KEEP
mult-div-fluency-g4,4,g4m-03-05,rem-g4m-check-quotient-k,yes,content/courses/mult-div-fluency-g4/lessons/g4m-03-05.json,You compute 852 ÷ 4 = 213. Which check confirms it?,213 × 4 = 852,13,16,no,no,PASS,authored-specific-rationale|inverse-confusion|authored-specific-rationale,0,PASS,KEEP
multiplication-division,3,mult-01-01,k1,no,content/courses/multiplication-division/lessons/mult-01-01.json,Which picture matches 3 × 4?,3 bags with 4 apples in each bag,32,32,no,no,PASS,authored-specific-rationale|sign-direction|authored-specific-rationale,0,PASS,KEEP
multiplication-division,3,mult-01-01,k3,no,content/courses/multiplication-division/lessons/mult-01-01.json,Leo reads 5 pages every night for 3 nights. Which one finds his total pages?,3 × 5,5,9,no,no,PASS,authored-specific-rationale|representation-read|authored-specific-rationale,0,PASS,KEEP
multiplication-division,3,mult-01-01,rem-eg-k,yes,content/courses/multiplication-division/lessons/mult-01-01.json,Which one shows equal groups?,3 boxes with 5 crayons in each,30,39,no,no,PASS,authored-specific-rationale|authored-specific-rationale,0,PASS,KEEP
multiplication-division,3,mult-01-01,rem-mm-k,yes,content/courses/multiplication-division/lessons/mult-01-01.json,What does 2 × 6 mean?,2 groups of 6,13,13,no,no,PASS,sign-direction|sign-direction,0,PASS,KEEP
multiplication-division,3,mult-01-02,k1,no,content/courses/multiplication-division/lessons/mult-01-02.json,Which array shows 4 × 3?,4 rows with 3 dots in each row,30,30,no,no,PASS,representation-read|representation-read|representation-read,0,PASS,KEEP
multiplication-division,3,mult-01-02,k3,no,content/courses/multiplication-division/lessons/mult-01-02.json,A choir stands in 4 rows with 6 singers in each row. Which finds the total number of singers?,4 × 6,5,5,no,no,PASS,representation-read|representation-read|representation-read,0,PASS,KEEP
multiplication-division,3,mult-01-02,rem-ar-k,yes,content/courses/multiplication-division/lessons/mult-01-02.json,An egg carton has 2 rows with 5 eggs in each row. How do you find the total?,2 × 5 = 10,10,9,no,no,PASS,representation-read|representation-read,0,PASS,KEEP
multiplication-division,3,mult-01-03,k1,no,content/courses/multiplication-division/lessons/mult-01-03.json,"Count by 5s: 5, 10, 15, __. What comes next?",20,2,2,no,no,PASS,authored-specific-rationale|authored-specific-rationale,0,PASS,KEEP
multiplication-division,3,mult-01-03,k3,no,content/courses/multiplication-division/lessons/mult-01-03.json,"Nora counts socks by 2s — one number for each pair: 2, 4, 6, … She has 7 pairs. How many numbers will she say?",7,1,2,no,no,PASS,authored-specific-rationale|authored-specific-rationale|authored-specific-rationale,0,PASS,KEEP
multiplication-division,3,mult-01-03,rem-sc-k,yes,content/courses/multiplication-division/lessons/mult-01-03.json,"Count by 2s: 2, 4, __. What comes next?",6,1,1,no,no,PASS,authored-specific-rationale|authored-specific-rationale,0,PASS,KEEP
multiplication-division,3,mult-01-04,k1,no,content/courses/multiplication-division/lessons/mult-01-04.json,"A number line shows a rabbit making 4 hops of 5, starting at 0. Which multiplication matches the picture?",4 × 5,5,5,no,no,PASS,authored-specific-rationale|authored-specific-rationale|authored-specific-rationale,0,PASS,KEEP
multiplication-division,3,mult-01-04,k3,no,content/courses/multiplication-division/lessons/mult-01-04.json,"A jump picture shows: start at 0, land on 18, using 6 equal hops. How long is each hop?",3,1,2,no,no,PASS,authored-specific-rationale|authored-specific-rationale|authored-specific-rationale,0,PASS,KEEP
multiplication-division,3,mult-01-04,rem-nl-k,yes,content/courses/multiplication-division/lessons/mult-01-04.json,"Starting at 0, you make 3 hops of 2. Where do you land?",6,1,1,no,no,PASS,rate-vs-start|authored-specific-rationale,0,PASS,KEEP
multiplication-division,3,mult-01-05,k1,no,content/courses/multiplication-division/lessons/mult-01-05.json,Which fact always has the SAME total as 6 × 3?,3 × 6,5,5,no,no,PASS,authored-specific-rationale|authored-specific-rationale|authored-specific-rationale,0,PASS,KEEP
multiplication-division,3,mult-01-05,rem-cm-k,yes,content/courses/multiplication-division/lessons/mult-01-05.json,Which fact always equals 5 × 2?,2 × 5,5,5,no,no,PASS,authored-specific-rationale|authored-specific-rationale,0,PASS,KEEP
multiplication-division,3,mult-02-01,k1,no,content/courses/multiplication-division/lessons/mult-02-01.json,15 grapes are shared equally among 5 kids. What does 15 ÷ 5 tell you?,How many grapes EACH kid gets,29,32,no,no,PASS,authored-specific-rationale|authored-specific-rationale|authored-specific-rationale,0,PASS,KEEP
multiplication-division,3,mult-02-01,k3,no,content/courses/multiplication-division/lessons/mult-02-01.json,Which story matches 10 ÷ 2 = 5?,10 marbles shared between 2 kids — each gets 5,46,34,no,yes,FAIL,authored-specific-rationale|authored-specific-rationale|authored-specific-rationale,0,PASS,REMEDIATE
multiplication-division,3,mult-02-01,rem-sd-k,yes,content/courses/multiplication-division/lessons/mult-02-01.json,8 crackers are shared equally between 2 kids. How many does each kid get?,4,1,2,no,no,PASS,authored-specific-rationale|authored-specific-rationale,0,PASS,KEEP
multiplication-division,3,mult-02-02,k1,no,content/courses/multiplication-division/lessons/mult-02-02.json,14 kids split into teams of 2. What does 14 ÷ 2 count in this story?,How many teams form,19,30,no,no,PASS,authored-specific-rationale|authored-specific-rationale|authored-specific-rationale,0,PASS,KEEP
multiplication-division,3,mult-02-02,k3,no,content/courses/multiplication-division/lessons/mult-02-02.json,Which story asks the GROUPING question for 18 ÷ 6 = 3?,18 apples packed 6 to a bag — how many bags?,44,46,no,no,PASS,authored-specific-rationale|authored-specific-rationale|authored-specific-rationale,0,PASS,KEEP
multiplication-division,3,mult-02-02,rem-gd-k,yes,content/courses/multiplication-division/lessons/mult-02-02.json,9 tennis balls are packed into cans of 3. How many cans?,3,1,2,no,no,PASS,authored-specific-rationale|authored-specific-rationale,0,PASS,KEEP
multiplication-division,3,mult-02-03,k1,no,content/courses/multiplication-division/lessons/mult-02-03.json,Which multiplication solves 24 ÷ 6?,6 × ___ = 24,12,12,no,no,PASS,sign-direction|authored-specific-rationale|authored-specific-rationale,0,PASS,KEEP
multiplication-division,3,mult-02-03,k3,no,content/courses/multiplication-division/lessons/mult-02-03.json,Tia saves $3 every week and wants $27. Which thinking finds how many weeks she needs?,"3 × ___ = 27, so 9 weeks",24,17,no,no,PASS,authored-specific-rationale|authored-specific-rationale|authored-specific-rationale,0,PASS,KEEP
multiplication-division,3,mult-02-03,rem-mf-k,yes,content/courses/multiplication-division/lessons/mult-02-03.json,Flip it: 3 × ___ = 12. So what is 12 ÷ 3?,4,1,2,no,no,PASS,authored-specific-rationale|authored-specific-rationale,0,PASS,KEEP
multiplication-division,3,mult-02-04,k1,no,content/courses/multiplication-division/lessons/mult-02-04.json,Which division belongs to the SAME family as 5 × 6 = 30?,30 ÷ 6 = 5,10,11,no,no,PASS,authored-specific-rationale|authored-specific-rationale|authored-specific-rationale,0,PASS,KEEP
multiplication-division,3,mult-02-04,k3,no,content/courses/multiplication-division/lessons/mult-02-04.json,"The family of 5, 5, and 25 — how many DIFFERENT facts does it have?",2 — just 5 × 5 = 25 and 25 ÷ 5 = 5,34,20,no,yes,FAIL,authored-specific-rationale|authored-specific-rationale|authored-specific-rationale,0,PASS,REMEDIATE
multiplication-division,3,mult-02-04,rem-ff-k,yes,content/courses/multiplication-division/lessons/mult-02-04.json,Which fact belongs to the family of 2 × 4 = 8?,8 ÷ 2 = 4,9,9,no,no,PASS,authored-specific-rationale|authored-specific-rationale,0,PASS,KEEP
multiplication-division,3,mult-02-05,k1,no,content/courses/multiplication-division/lessons/mult-02-05.json,Which of these is TRUE?,7 × 1 = 7,9,9,no,no,PASS,authored-specific-rationale|authored-specific-rationale|authored-specific-rationale,0,PASS,KEEP
multiplication-division,3,mult-02-05,k3,no,content/courses/multiplication-division/lessons/mult-02-05.json,A sticker machine gives 1 sticker per coin. Zoe puts in 8 coins. Which fact counts her stickers?,8 × 1 = 8,9,9,no,no,PASS,authored-specific-rationale|authored-specific-rationale|authored-specific-rationale,0,PASS,KEEP
multiplication-division,3,mult-02-05,rem-iz-k,yes,content/courses/multiplication-division/lessons/mult-02-05.json,What is 3 × 0?,0,1,2,no,no,PASS,authored-specific-rationale|authored-specific-rationale,0,PASS,KEEP
multiplication-division,3,mult-03-01,k1,no,content/courses/multiplication-division/lessons/mult-03-01.json,Which is the same as 7 × 2?,7 + 7,5,5,no,no,PASS,authored-specific-rationale|authored-specific-rationale|authored-specific-rationale,0,PASS,KEEP
multiplication-division,3,mult-03-01,k3,no,content/courses/multiplication-division/lessons/mult-03-01.json,Rico reads 9 pages every morning and 9 pages every evening. How many pages does he read each day?,9 × 2 = 18,10,10,no,no,PASS,authored-specific-rationale|authored-specific-rationale|authored-specific-rationale,0,PASS,KEEP
multiplication-division,3,mult-03-01,rem-t2-k,yes,content/courses/multiplication-division/lessons/mult-03-01.json,4 × 2 = ?,8,1,2,no,no,PASS,authored-specific-rationale|authored-specific-rationale,0,PASS,KEEP
multiplication-division,3,mult-03-02,k1,no,content/courses/multiplication-division/lessons/mult-03-02.json,Why does 6 × 10 = 60?,Each of the 6 ones becomes a ten — six tens make 60,51,55,no,yes,FAIL,place-value|place-value,0,PASS,REMEDIATE
multiplication-division,3,mult-03-02,rem-t5-k,yes,content/courses/multiplication-division/lessons/mult-03-02.json,5 × 10 = ?,50,2,3,no,no,PASS,place-value|authored-specific-rationale,0,PASS,KEEP
multiplication-division,3,mult-03-03,k3,no,content/courses/multiplication-division/lessons/mult-03-03.json,"Lena knows 9 × 2 = 18. If she doubles that answer ONCE more, which fact does she get?",9 × 4 = 36,10,10,no,no,PASS,authored-specific-rationale|authored-specific-rationale|authored-specific-rationale,0,PASS,KEEP
multiplication-division,3,mult-03-03,rem-dd-k,yes,content/courses/multiplication-division/lessons/mult-03-03.json,4 × 4 = ?,16,2,2,no,no,PASS,authored-specific-rationale|authored-specific-rationale,0,PASS,KEEP
multiplication-division,3,mult-03-04,k3,no,content/courses/multiplication-division/lessons/mult-03-04.json,Which is TRUE about every ×9 answer (from 9 × 1 up to 9 × 10)?,Its digits add up to 9,22,48,no,no,PASS,place-value|authored-specific-rationale|authored-specific-rationale,0,PASS,KEEP
multiplication-division,3,mult-03-04,rem-t9-k,yes,content/courses/multiplication-division/lessons/mult-03-04.json,9 × 5 = ?,45,2,2,no,no,PASS,authored-specific-rationale|authored-specific-rationale,0,PASS,KEEP
multiplication-division,3,mult-03-05,k1,no,content/courses/multiplication-division/lessons/mult-03-05.json,Which split correctly breaks apart 6 × 7?,6 × 5 + 6 × 2,13,13,no,no,PASS,authored-specific-rationale|authored-specific-rationale|authored-specific-rationale,0,PASS,KEEP
multiplication-division,3,mult-03-05,k3,no,content/courses/multiplication-division/lessons/mult-03-05.json,A garden has 8 rows of 7 plants. Kim counts it as 8 × 5 plus one more piece. Which piece?,8 × 2,5,6,no,no,PASS,authored-specific-rationale|authored-specific-rationale|representation-read,0,PASS,KEEP
multiplication-division,3,mult-03-05,rem-ds-k,yes,content/courses/multiplication-division/lessons/mult-03-05.json,Split the 6 into 5 + 1. What is 4 × 6?,24,2,2,no,no,PASS,authored-specific-rationale|authored-specific-rationale,0,PASS,KEEP
multiplication-division,3,mult-04-01,k1,no,content/courses/multiplication-division/lessons/mult-04-01.json,Mia has 3 red pens and 5 blue pens. Ben has 3 packs with 5 pens in each. Who needs MULTIPLICATION to count their pens?,Ben — his packs are equal groups,32,25,no,no,PASS,authored-specific-rationale|authored-specific-rationale|authored-specific-rationale,0,PASS,KEEP
multiplication-division,3,mult-04-01,k2,no,content/courses/multiplication-division/lessons/mult-04-01.json,Each of 4 kids brings 6 juice boxes. How many juice boxes in all — which fact finds it?,4 × 6,5,6,no,no,PASS,authored-specific-rationale|authored-specific-rationale|authored-specific-rationale,0,PASS,KEEP
multiplication-division,3,mult-04-01,k3,no,content/courses/multiplication-division/lessons/mult-04-01.json,A rope 12 metres long is cut into 3 equal pieces. Which finds each piece's length?,12 ÷ 3,6,6,no,no,PASS,authored-specific-rationale|authored-specific-rationale|authored-specific-rationale,0,PASS,KEEP
multiplication-division,3,mult-04-01,rem-oc-k,yes,content/courses/multiplication-division/lessons/mult-04-01.json,3 bags with 4 marbles in each bag. Which operation counts all the marbles?,Multiply: 3 × 4,15,13,no,no,PASS,authored-specific-rationale|operation-swap,0,PASS,KEEP
multiplication-division,3,mult-04-02,k1,no,content/courses/multiplication-division/lessons/mult-04-02.json,20 cupcakes are placed 5 to a plate. Which slot is the unknown?,The group count — how many plates,33,29,no,no,PASS,authored-specific-rationale|authored-specific-rationale|authored-specific-rationale,0,PASS,KEEP
multiplication-division,3,mult-04-02,k3,no,content/courses/multiplication-division/lessons/mult-04-02.json,Which story has the TOTAL as its unknown?,7 shelves with 3 trophies each — how many trophies?,51,61,no,no,PASS,authored-specific-rationale|authored-specific-rationale|authored-specific-rationale,0,PASS,KEEP
multiplication-division,3,mult-04-02,rem-up-k,yes,content/courses/multiplication-division/lessons/mult-04-02.json,12 eggs are packed 6 to a box. Which slot is unknown?,The group count (boxes),23,14,no,no,PASS,authored-specific-rationale|authored-specific-rationale,0,PASS,KEEP
multiplication-division,3,mult-04-03,k1,no,content/courses/multiplication-division/lessons/mult-04-03.json,"In the equation 5 × b = 30, what does b stand for?",The size of each of the 5 groups,32,41,no,no,PASS,sign-direction|authored-specific-rationale|authored-specific-rationale,0,PASS,KEEP
multiplication-division,3,mult-04-03,k3,no,content/courses/multiplication-division/lessons/mult-04-03.json,Zoe solves 8 × m = 56 and gets m = 7. What's the best way to CHECK her catch?,Swap the 7 back in: does 8 × 7 make 56?,39,40,no,yes,FAIL,authored-specific-rationale|authored-specific-rationale,0,PASS,REMEDIATE
multiplication-division,3,mult-04-03,rem-ul-k,yes,content/courses/multiplication-division/lessons/mult-04-03.json,4 × p = 20. What number is p?,5,1,2,no,no,PASS,authored-specific-rationale|authored-specific-rationale,0,PASS,KEEP
multiplication-division,3,mult-04-04,k1,no,content/courses/multiplication-division/lessons/mult-04-04.json,"Sam has 2 boxes of 6 eggs, plus 3 loose eggs. Which plan counts his eggs?","2 × 6 first, then + 3",21,21,no,no,PASS,authored-specific-rationale|authored-specific-rationale|authored-specific-rationale,0,PASS,KEEP
multiplication-division,3,mult-04-04,k3,no,content/courses/multiplication-division/lessons/mult-04-04.json,Which problem needs TWO steps?,6 vans each carry 5 kids; 4 kids stay home sick. How many kids ride?,68,45,yes,yes,FAIL,place-value|authored-specific-rationale|authored-specific-rationale,0,PASS,REMEDIATE
multiplication-division,3,mult-04-04,rem-ts-k,yes,content/courses/multiplication-division/lessons/mult-04-04.json,3 bags of 5 apples; then 2 apples are eaten. What is STEP ONE?,3 × 5,5,5,no,no,PASS,authored-specific-rationale|authored-specific-rationale,0,PASS,KEEP
multiplication-division,3,mult-04-05,k1,no,content/courses/multiplication-division/lessons/mult-04-05.json,"Liam computes: ""28 kids share 4 buses equally — that's 32 kids per bus."" Without redoing it, how do you KNOW he slipped?",32 is bigger than all 28 kids — a share can't beat the pile,59,37,yes,yes,FAIL,authored-specific-rationale|authored-specific-rationale|authored-specific-rationale,0,PASS,REMEDIATE
multiplication-division,3,mult-04-05,k2,no,content/courses/multiplication-division/lessons/mult-04-05.json,Rosa buys 6 packs of 9 cards. Which quick estimate tells her about how many cards to expect?,A bit less than 60 — think 6 × 10,33,31,no,no,PASS,authored-specific-rationale|authored-specific-rationale|authored-specific-rationale,0,PASS,KEEP
multiplication-division,3,mult-04-05,k3,no,content/courses/multiplication-division/lessons/mult-04-05.json,"36 riders take boats that hold 5 each. Tia says: ""7 full boats, with 1 rider left over."" What does the quick check say?","It fits: 7 × 5 = 35, plus 1 leftover, rebuilds all 36",53,59,no,yes,FAIL,authored-specific-rationale|representation-read|authored-specific-rationale,0,PASS,REMEDIATE
multiplication-division,3,mult-04-05,rem-rs-k,yes,content/courses/multiplication-division/lessons/mult-04-05.json,Which claim CAN'T be right?,20 ÷ 5 = 100,12,10,no,no,PASS,authored-specific-rationale|representation-read,0,PASS,KEEP
multiplication-division,3,mult-05-01,k1,no,content/courses/multiplication-division/lessons/mult-05-01.json,Fold the addition table along its doubles diagonal and the numbers match up perfectly. Why?,Because 3 + 5 = 5 + 3 — order never changes a sum,49,48,no,no,PASS,representation-read|representation-read|authored-specific-rationale,0,PASS,KEEP
multiplication-division,3,mult-05-01,k2,no,content/courses/multiplication-division/lessons/mult-05-01.json,Without adding them: 46 + 32 will be…,"Even — both numbers are even, so the pairs stay paired",54,33,yes,no,FAIL,authored-specific-rationale|authored-specific-rationale|authored-specific-rationale,0,PASS,REMEDIATE
multiplication-division,3,mult-05-01,rem-ap-k,yes,content/courses/multiplication-division/lessons/mult-05-01.json,Without adding: 6 + 8 will be…,Even,4,10,no,no,PASS,authored-specific-rationale|authored-specific-rationale,0,PASS,KEEP
multiplication-division,3,mult-05-02,k1,no,content/courses/multiplication-division/lessons/mult-05-02.json,Fold the multiplication table along its diagonal and the numbers match. Why?,Because a × b = b × a — the flip from Chapter 1,47,45,no,yes,FAIL,authored-specific-rationale|representation-read|authored-specific-rationale,0,PASS,REMEDIATE
multiplication-division,3,mult-05-02,k3,no,content/courses/multiplication-division/lessons/mult-05-02.json,Every number in the 10s row also appears in the 5s row. Why?,Each 10 is two 5s — the 10s row is every other number of the 5s row,67,35,yes,yes,FAIL,representation-read|authored-specific-rationale|representation-read,0,PASS,REMEDIATE
multiplication-division,3,mult-05-02,rem-mp-k,yes,content/courses/multiplication-division/lessons/mult-05-02.json,"In the 3s row, the cell right after 12 holds…",15,2,2,no,no,PASS,representation-read|representation-read,0,PASS,KEEP
multiplication-division,3,mult-05-03,k1,no,content/courses/multiplication-division/lessons/mult-05-03.json,"Before computing, you can promise 8 × 5 will be even. Why?","8 is even — the 8 groups pair up completely, so the total splits into two equal halves",86,38,yes,yes,FAIL,inside-vs-derivative|authored-specific-rationale|inside-vs-derivative,0,PASS,REMEDIATE
multiplication-division,3,mult-05-03,k2,no,content/courses/multiplication-division/lessons/mult-05-03.json,Two whole numbers multiply to 63 — an odd number. What do you know about the factors?,Both factors must be odd,24,36,no,no,PASS,inside-vs-derivative|inside-vs-derivative|inverse-confusion,0,PASS,KEEP
multiplication-division,3,mult-05-03,rem-py-k,yes,content/courses/multiplication-division/lessons/mult-05-03.json,Without multiplying: 2 × 9 will be…,Even,4,30,no,no,PASS,authored-specific-rationale|inside-vs-derivative,0,PASS,KEEP
multiplication-division,3,mult-05-04,k1,no,content/courses/multiplication-division/lessons/mult-05-04.json,"On a chart with rows of 10, the multiples of 10 form one straight column. What MAKES them line up?","Each new multiple is exactly one full row further — same spot, next row",71,40,yes,yes,FAIL,place-value|representation-read|representation-read,0,PASS,REMEDIATE
multiplication-division,3,mult-05-04,k2,no,content/courses/multiplication-division/lessons/mult-05-04.json,Which LIST shows numbers that 18 is a multiple of?,"2, 3, 6, and 9",14,28,no,no,PASS,authored-specific-rationale|authored-specific-rationale|authored-specific-rationale,0,PASS,KEEP
multiplication-division,3,mult-05-04,rem-mu-k,yes,content/courses/multiplication-division/lessons/mult-05-04.json,Which number is a multiple of 4?,12,2,2,no,no,PASS,authored-specific-rationale|authored-specific-rationale,0,PASS,KEEP
multiply-bigger,4,mb-01-01,k3,no,content/courses/multiply-bigger/lessons/mb-01-01.json,Sam has 10 cards; Dee has 12. Priya says 'Dee has 2 more.' Marco says 'Dee has 2 times as many.' Who's right?,Priya — 12 is 2 more than 10; 2 times as many would be 20,57,37,yes,yes,FAIL,authored-specific-rationale|authored-specific-rationale|authored-specific-rationale,0,PASS,REMEDIATE
multiply-bigger,4,mb-01-01,rem-tm-k,yes,content/courses/multiply-bigger/lessons/mb-01-01.json,Ana has 7 pens. Ben has 2 TIMES as many. Ben has…,14 pens,7,7,no,no,PASS,authored-specific-rationale|authored-specific-rationale,0,PASS,KEEP
multiply-bigger,4,mb-01-02,k3,no,content/courses/multiply-bigger/lessons/mb-01-02.json,'A 27-ft mural is 3 times as long as the sketch.' Which equation matches?,27 = 3 × s,10,10,no,no,PASS,inverse-confusion|unit-conversion|authored-specific-rationale,0,PASS,KEEP
multiply-bigger,4,mb-01-02,rem-ce-k,yes,content/courses/multiply-bigger/lessons/mb-01-02.json,'Bo has 2 times as many as Cy's 8.' Bo has…,16 — big = 2 × 8,16,17,no,no,PASS,authored-specific-rationale|authored-specific-rationale,0,PASS,KEEP
multiply-bigger,4,mb-01-03,k1,no,content/courses/multiply-bigger/lessons/mb-01-03.json,Ella has 4 shells. Which is MORE: '6 more than Ella' or '6 times as many as Ella'?,'6 times as many' — 24 beats 10,31,32,no,no,PASS,authored-specific-rationale|authored-specific-rationale|authored-specific-rationale,0,PASS,KEEP
multiply-bigger,4,mb-01-03,k3,no,content/courses/multiply-bigger/lessons/mb-01-03.json,Story: 'Sara has 3 more books than Ben's 12.' Leo answers 36. What did Leo do?,He read '3 more' as '3 times' — the answer is 12 + 3 = 15,57,15,yes,no,FAIL,authored-specific-rationale|authored-specific-rationale|authored-specific-rationale,0,PASS,REMEDIATE
multiply-bigger,4,mb-01-03,rem-av-k,yes,content/courses/multiply-bigger/lessons/mb-01-03.json,'2 more than 5' is…,7,1,2,no,no,PASS,authored-specific-rationale|authored-specific-rationale,0,PASS,KEEP
multiply-bigger,4,mb-02-01,k1,no,content/courses/multiply-bigger/lessons/mb-02-01.json,Is 4 a factor of 20?,Yes — 20 ÷ 4 = 5 with no leftover (a 4×5 rectangle),51,31,yes,no,FAIL,authored-specific-rationale|authored-specific-rationale|authored-specific-rationale,0,PASS,REMEDIATE
multiply-bigger,4,mb-02-01,k3,no,content/courses/multiply-bigger/lessons/mb-02-01.json,"Hunting factor pairs of 30 by climbing 1×30, 2×15, 3×10, 5×6… when do you know you've found them all?",When the pair's numbers meet or cross (6 would just repeat 5×6),63,40,yes,no,FAIL,authored-specific-rationale|sign-direction|authored-specific-rationale,0,PASS,REMEDIATE
multiply-bigger,4,mb-02-01,rem-fa-k,yes,content/courses/multiply-bigger/lessons/mb-02-01.json,Is 3 a factor of 15?,"Yes — 15 ÷ 3 = 5, no leftover",29,26,no,yes,FAIL,authored-specific-rationale|authored-specific-rationale,0,PASS,REMEDIATE
multiply-bigger,4,mb-02-02,k1,no,content/courses/multiply-bigger/lessons/mb-02-02.json,Is 51 a multiple of 3?,Yes — 51 ÷ 3 = 17 with no remainder,35,33,no,no,PASS,authored-specific-rationale|authored-specific-rationale|authored-specific-rationale,0,PASS,KEEP
multiply-bigger,4,mb-02-02,k2,no,content/courses/multiply-bigger/lessons/mb-02-02.json,"Since 8 × 4 = 32, which statement is correct?","8 is a factor of 32, and 32 is a multiple of 8",46,34,no,no,PASS,inverse-confusion|authored-specific-rationale|sign-direction,0,PASS,KEEP
multiply-bigger,4,mb-02-02,rem-mu-k,yes,content/courses/multiply-bigger/lessons/mb-02-02.json,Is 20 a multiple of 4?,"Yes — 20 ÷ 4 = 5, no remainder",30,26,no,yes,FAIL,authored-specific-rationale|authored-specific-rationale,0,PASS,REMEDIATE
multiply-bigger,4,mb-02-03,k1,no,content/courses/multiply-bigger/lessons/mb-02-03.json,Is 15 prime or composite?,Composite — it makes 1×15 AND 3×5,33,39,no,no,PASS,authored-specific-rationale|authored-specific-rationale|authored-specific-rationale,0,PASS,KEEP
multiply-bigger,4,mb-02-03,k2,no,content/courses/multiply-bigger/lessons/mb-02-03.json,"Is 1 prime, composite, or neither?","Neither — 1 has only one factor, but a prime needs exactly two",62,41,yes,no,FAIL,authored-specific-rationale|authored-specific-rationale|authored-specific-rationale,0,PASS,REMEDIATE
multiply-bigger,4,mb-02-03,k3,no,content/courses/multiply-bigger/lessons/mb-02-03.json,"Which of these is NOT actually prime: 5, 9, 11, or 23?","9 — it equals 3 × 3, so it's composite",38,2,yes,yes,FAIL,authored-specific-rationale|authored-specific-rationale|authored-specific-rationale,0,PASS,REMEDIATE
multiply-bigger,4,mb-02-03,rem-pc-k,yes,content/courses/multiply-bigger/lessons/mb-02-03.json,Is 7 prime or composite?,Prime — only 1×7 fits,21,9,no,yes,FAIL,authored-specific-rationale|authored-specific-rationale,0,PASS,REMEDIATE
multiply-bigger,4,mb-03-01,k3,no,content/courses/multiply-bigger/lessons/mb-03-01.json,"For 9 × 40, Sam wrote 36. What went wrong?",He found 9 × 4 but forgot the tens — it's 36 tens = 360,55,27,yes,no,FAIL,place-value|place-value|place-value,0,PASS,REMEDIATE
multiply-bigger,4,mb-03-01,rem-mt-k,yes,content/courses/multiply-bigger/lessons/mb-03-01.json,What is 4 × 20?,80,2,2,no,no,PASS,place-value|place-value,0,PASS,KEEP
multiply-bigger,4,mb-03-02,k3,no,content/courses/multiply-bigger/lessons/mb-03-02.json,"For 8 × 26, Mia found the tens rectangle 8 × 20 = 160 but stopped. Which rectangle did she forget?",8 × 6 = 48 — she still needs the ones rectangle (total 208),59,27,yes,no,FAIL,place-value|place-value|authored-specific-rationale,0,PASS,REMEDIATE
multiply-bigger,4,mb-03-02,rem-a1-k,yes,content/courses/multiply-bigger/lessons/mb-03-02.json,5 × 20 = 100 and 5 × 3 = 15. What is 5 × 23?,115,3,3,no,no,PASS,place-value|place-value,0,PASS,KEEP
multiply-bigger,4,mb-03-03,k3,no,content/courses/multiply-bigger/lessons/mb-03-03.json,"For 16 × 24, Leo added 200 + 40 + 120 = 360. Which rectangle did he forget?",6 × 4 = 24 — the ones-by-ones piece (true total 384),52,22,yes,no,FAIL,place-value|place-value|authored-specific-rationale,0,PASS,REMEDIATE
multiply-bigger,4,mb-03-03,rem-a2-k,yes,content/courses/multiply-bigger/lessons/mb-03-03.json,"The four rectangles of 11 × 12 are 100, 20, 10, and 2. What is 11 × 12?",132,3,3,no,no,PASS,authored-specific-rationale|place-value,0,PASS,KEEP
multiply-bigger,4,mb-04-01,k2,no,content/courses/multiply-bigger/lessons/mb-04-01.json,"Sam divides 31 by 6 and says 'quotient 4, remainder 7.' What's the fix?","The remainder (7) is bigger than the divisor (6) — one more group fits: quotient 5, remainder 1",95,44,yes,yes,FAIL,authored-specific-rationale|authored-specific-rationale|authored-specific-rationale,0,PASS,REMEDIATE
multiply-bigger,4,mb-04-01,rem-rm-k,yes,content/courses/multiply-bigger/lessons/mb-04-01.json,13 ÷ 4 — what is the remainder?,1,1,1,no,no,PASS,authored-specific-rationale|authored-specific-rationale,0,PASS,KEEP
multiply-bigger,4,mb-04-02,rem-db-k,yes,content/courses/multiply-bigger/lessons/mb-04-02.json,40 ÷ 4 = 10 and 24 ÷ 4 = 6. What is 64 ÷ 4?,16,2,2,no,no,PASS,authored-specific-rationale|authored-specific-rationale,0,PASS,KEEP
multiply-bigger,4,mb-04-03,k1,no,content/courses/multiply-bigger/lessons/mb-04-03.json,A boat holds 6 people; 34 people need to cross. How many boat trips are needed?,6 trips — the leftover 4 people still need a trip,49,30,yes,no,FAIL,authored-specific-rationale|authored-specific-rationale|authored-specific-rationale,0,PASS,REMEDIATE
multiply-bigger,4,mb-04-03,rem-ir-k,yes,content/courses/multiply-bigger/lessons/mb-04-03.json,23 kids each need a pencil; pencils come in packs of 5. How many packs are needed so every kid gets one?,5 packs,7,7,no,no,PASS,authored-specific-rationale|authored-specific-rationale,0,PASS,KEEP
multiply-bigger,4,mb-05-01,k2,no,content/courses/multiply-bigger/lessons/mb-05-01.json,"A pattern starts at 2 and adds 6 each time: 2, 8, 14, 20, 26… Which is true of EVERY term?",They're all even numbers,24,28,no,no,PASS,authored-specific-rationale|authored-specific-rationale|authored-specific-rationale,0,PASS,KEEP
multiply-bigger,4,mb-05-01,rem-pt-k,yes,content/courses/multiply-bigger/lessons/mb-05-01.json,"What comes next: 2, 5, 8, 11, ?",14,2,2,no,no,PASS,authored-specific-rationale|authored-specific-rationale,0,PASS,KEEP
multiply-bigger,4,mb-05-02,rem-ms-k,yes,content/courses/multiply-bigger/lessons/mb-05-02.json,"First find 2 × 5, then add 6. What's the final answer?",16,2,2,no,no,PASS,authored-specific-rationale|authored-specific-rationale,0,PASS,KEEP
multistep-g4,4,g4s-01-01,k2,no,content/courses/multistep-g4/lessons/g4s-01-01.json,"""7 packs of 8 markers, then 12 markers are lost."" Which equation records it?",(7 × 8) − 12,12,12,no,no,PASS,sign-direction|authored-specific-rationale|inside-vs-derivative,0,PASS,KEEP
multistep-g4,4,g4s-01-02,k2,no,content/courses/multistep-g4/lessons/g4s-01-02.json,"""6 boxes of 9 pencils, 14 given away, then 20 more bought."" What is the correct order?","Multiply, then subtract, then add",33,33,no,no,PASS,authored-specific-rationale|authored-specific-rationale|authored-specific-rationale,0,PASS,KEEP
multistep-g4,4,g4s-01-03,k2,no,content/courses/multistep-g4/lessons/g4s-01-03.json,Write “72 is 9 times as many as 8” as an equation.,72 = 9 × 8,10,10,no,no,PASS,authored-specific-rationale|authored-specific-rationale|authored-specific-rationale,0,PASS,KEEP
multistep-g4,4,g4s-01-03,k3,no,content/courses/multistep-g4/lessons/g4s-01-03.json,"""Ben has 4 more than Ana"" and ""Ben has 4 times as many as Ana"" — what is the difference?",'More than' adds a fixed amount; 'times as many' multiplies,59,45,no,yes,FAIL,authored-specific-rationale|authored-specific-rationale|authored-specific-rationale,0,PASS,REMEDIATE
multistep-g4,4,g4s-02-01,k3,no,content/courses/multistep-g4/lessons/g4s-02-01.json,74 hikers ride buses holding 9. The division gives 8 remainder 2. How many buses?,9 — the 2 leftover hikers still need a bus,42,35,no,no,PASS,place-value|authored-specific-rationale|authored-specific-rationale,0,PASS,KEEP
multistep-g4,4,g4s-02-02,k2,no,content/courses/multistep-g4/lessons/g4s-02-02.json,Write “81 is 9 times as many as 9” as an equation.,81 = 9 × 9,10,10,no,no,PASS,authored-specific-rationale|authored-specific-rationale|authored-specific-rationale,0,PASS,KEEP
multistep-g4,4,g4s-02-03,k1,no,content/courses/multistep-g4/lessons/g4s-02-03.json,A student computes 7 × 68 − 90 and gets 386. Estimating gives 7 × 70 − 90 = 400. What follows?,386 is reasonable because it is near 400,40,43,no,no,PASS,authored-specific-rationale|rate-vs-start|authored-specific-rationale,0,PASS,KEEP
multistep-g4,4,g4s-02-03,k3,no,content/courses/multistep-g4/lessons/g4s-02-03.json,A student computes 7 × 68 − 90 and gets 386. Estimating gives 7 × 70 − 90 = 400. What follows?,386 is reasonable because it is near 400,40,43,no,no,PASS,authored-specific-rationale|rate-vs-start|authored-specific-rationale,0,PASS,KEEP
multistep-g4,4,g4s-02-03,rem-g4ms-estimate-k,yes,content/courses/multistep-g4/lessons/g4s-02-03.json,A student computes 7 × 68 − 90 and gets 386. Estimating gives 7 × 70 − 90 = 400. What follows?,386 is reasonable because it is near 400,40,43,no,no,PASS,authored-specific-rationale|rate-vs-start|authored-specific-rationale,0,PASS,KEEP
multistep-g4,4,g4s-03-01,k1,no,content/courses/multistep-g4/lessons/g4s-03-01.json,You round 68 UP to 70 when estimating 7 × 68. Will the estimate be above or below the exact answer?,"Above, because each of the 7 groups was made larger",51,46,no,no,PASS,authored-specific-rationale|inside-vs-derivative|inside-vs-derivative,0,PASS,KEEP
multistep-g4,4,g4s-03-01,k3,no,content/courses/multistep-g4/lessons/g4s-03-01.json,A student computes 7 × 68 − 90 and gets 386. Estimating gives 7 × 70 − 90 = 400. What follows?,386 is reasonable because it is near 400,40,43,no,no,PASS,authored-specific-rationale|rate-vs-start|authored-specific-rationale,0,PASS,KEEP
multistep-g4,4,g4s-03-01,rem-g4ms-reasonable-k,yes,content/courses/multistep-g4/lessons/g4s-03-01.json,You round 68 UP to 70 when estimating 7 × 68. Will the estimate be above or below the exact answer?,"Above, because each of the 7 groups was made larger",51,46,no,no,PASS,authored-specific-rationale|inside-vs-derivative|inside-vs-derivative,0,PASS,KEEP
multistep-g4,4,g4s-03-02,k1,no,content/courses/multistep-g4/lessons/g4s-03-02.json,Why is stating your PLAN better than just showing the arithmetic?,A plan shows what each step finds,33,39,no,no,PASS,inside-vs-derivative|authored-specific-rationale|authored-specific-rationale,0,PASS,KEEP
multistep-g4,4,g4s-03-02,k3,no,content/courses/multistep-g4/lessons/g4s-03-02.json,"""6 boxes of 9 pencils, 14 given away, then 20 more bought."" What is the correct order?","Multiply, then subtract, then add",33,33,no,no,PASS,authored-specific-rationale|authored-specific-rationale|authored-specific-rationale,0,PASS,KEEP
multistep-g4,4,g4s-03-02,rem-g4ms-explain-k,yes,content/courses/multistep-g4/lessons/g4s-03-02.json,Why is stating your PLAN better than just showing the arithmetic?,A plan shows what each step finds,33,39,no,no,PASS,inside-vs-derivative|authored-specific-rationale|authored-specific-rationale,0,PASS,KEEP
nonlinear-systems,9,nls-01-01,k1,no,content/courses/nonlinear-systems/lessons/nls-01-01.json,"Is (2, 4) an intersection of y = x² and y = x + 2?",Yes — it satisfies both equations,33,30,no,no,PASS,authored-specific-rationale|authored-specific-rationale,0,PASS,KEEP
nonlinear-systems,9,nls-01-01,k2,no,content/courses/nonlinear-systems/lessons/nls-01-01.json,Combining y = x² and y = x + 2 into one equation gives…,x² − x − 2 = 0,14,14,no,no,PASS,sign-direction|authored-specific-rationale,0,PASS,KEEP
nonlinear-systems,9,nls-01-02,k1,no,content/courses/nonlinear-systems/lessons/nls-01-02.json,Substituting the line into the curve gives…,x² + 1 = 2x + 1,15,10,no,no,PASS,authored-specific-rationale|representation-read,0,PASS,KEEP
nonlinear-systems,9,nls-01-02,k3,no,content/courses/nonlinear-systems/lessons/nls-01-02.json,"A student claims (1, 3) is an intersection of y = x² + 1 and y = 2x + 1. The audit says…","On the line, off the curve — rejected",37,19,yes,no,FAIL,authored-specific-rationale|authored-specific-rationale,0,PASS,REMEDIATE
nonlinear-systems,9,nls-01-03,k1,no,content/courses/nonlinear-systems/lessons/nls-01-03.json,Substituting y = 2x − 1 into y = x² gives (x − 1)² = 0. Geometrically the line…,One point of contact,20,21,no,no,PASS,authored-specific-rationale|authored-specific-rationale,0,PASS,KEEP
nonlinear-systems,9,nls-01-03,k3,no,content/courses/nonlinear-systems/lessons/nls-01-03.json,A substituted system yields a quadratic with discriminant 25. The line and parabola…,Cross at two points,19,10,no,no,PASS,authored-specific-rationale|sign-direction,0,PASS,KEEP
nonlinear-systems,9,nls-01-03,rem-nls-solution-count-k,yes,content/courses/nonlinear-systems/lessons/nls-01-03.json,Substituting y = 2x − 1 into y = x² gives (x − 1)² = 0. Geometrically the line…,One point of contact,20,21,no,no,PASS,authored-specific-rationale|authored-specific-rationale,0,PASS,KEEP
nonlinear-systems,9,nls-02-01,k1,no,content/courses/nonlinear-systems/lessons/nls-02-01.json,"Is (3, 4) on the circle x² + y² = 25?",Yes — 9 + 16 = 25,17,35,no,no,PASS,authored-specific-rationale|representation-read,0,PASS,KEEP
nonlinear-systems,9,nls-02-01,k2,no,content/courses/nonlinear-systems/lessons/nls-02-01.json,"Where is (−4, 3) relative to x² + y² = 25?",On the circle — squaring erases the minus,41,34,no,no,PASS,sign-direction|sign-direction,0,PASS,KEEP
nonlinear-systems,9,nls-02-02,k1,no,content/courses/nonlinear-systems/lessons/nls-02-02.json,Substituting y = x + 1 into x² + y² = 25 and expanding gives…,2x² + 2x + 1 = 25,17,15,no,no,PASS,exponent-rule|exponent-rule,0,PASS,KEEP
nonlinear-systems,9,nls-02-02,k2,no,content/courses/nonlinear-systems/lessons/nls-02-02.json,2x² + 2x + 1 = 25 simplifies to…,x² + x − 12 = 0,15,33,no,no,PASS,sign-direction|authored-specific-rationale,0,PASS,KEEP
nonlinear-systems,9,nls-02-03,k2,no,content/courses/nonlinear-systems/lessons/nls-02-03.json,y = 5 meets x² + y² = 25 where x² = 0. Geometrically the line…,"Is tangent at (0, 5)",20,21,no,no,PASS,authored-specific-rationale|sign-direction,0,PASS,KEEP
nonlinear-systems,9,nls-02-03,k3,no,content/courses/nonlinear-systems/lessons/nls-02-03.json,How many times does y = −2 meet x² + y² = 25?,Twice — |−2| < 5,16,35,no,no,PASS,sign-direction|authored-specific-rationale,0,PASS,KEEP
number-line-g2,2,g2l-01-01,k1,no,content/courses/number-line-g2/lessons/g2l-01-01.json,"A line shows marks at 40, 50, 60, 70. Where does 70 sit?",Exactly on the mark labeled 70,30,31,no,no,PASS,authored-specific-rationale|authored-specific-rationale|authored-specific-rationale,0,PASS,KEEP
number-line-g2,2,g2l-01-01,k3,no,content/courses/number-line-g2/lessons/g2l-01-01.json,"A line shows marks at 40, 50, 60, 70. Where does 70 sit?",Exactly on the mark labeled 70,30,31,no,no,PASS,authored-specific-rationale|authored-specific-rationale|authored-specific-rationale,0,PASS,KEEP
number-line-g2,2,g2l-01-01,rem-g2l-locate-k,yes,content/courses/number-line-g2/lessons/g2l-01-01.json,"A line shows marks at 40, 50, 60, 70. Where does 70 sit?",Exactly on the mark labeled 70,30,31,no,no,PASS,authored-specific-rationale|authored-specific-rationale|authored-specific-rationale,0,PASS,KEEP
number-line-g2,2,g2l-01-02,k1,no,content/courses/number-line-g2/lessons/g2l-01-02.json,"One line has marks at 20, 30, 40, 50. Another has marks at 20, 25, 40, 50. Which line is drawn correctly?",The first — its gaps are all equal,34,37,no,no,PASS,authored-specific-rationale|place-value|authored-specific-rationale,0,PASS,KEEP
number-line-g2,2,g2l-01-02,k3,no,content/courses/number-line-g2/lessons/g2l-01-02.json,"One line has marks at 20, 30, 40, 50. Another has marks at 20, 25, 40, 50. Which line is drawn correctly?",The first — its gaps are all equal,34,37,no,no,PASS,authored-specific-rationale|place-value|authored-specific-rationale,0,PASS,KEEP
number-line-g2,2,g2l-01-02,rem-g2l-spacing-k,yes,content/courses/number-line-g2/lessons/g2l-01-02.json,"One line has marks at 20, 30, 40, 50. Another has marks at 20, 25, 40, 50. Which line is drawn correctly?",The first — its gaps are all equal,34,37,no,no,PASS,authored-specific-rationale|place-value|authored-specific-rationale,0,PASS,KEEP
number-line-g2,2,g2l-01-03,k1,no,content/courses/number-line-g2/lessons/g2l-01-03.json,Two marks read 50 and 60. What number sits exactly halfway between them?,55,2,28,no,no,PASS,authored-specific-rationale|authored-specific-rationale|authored-specific-rationale,0,PASS,KEEP
number-line-g2,2,g2l-01-03,k3,no,content/courses/number-line-g2/lessons/g2l-01-03.json,Two marks read 30 and 40. What number sits exactly halfway between them?,35,2,28,no,no,PASS,authored-specific-rationale|authored-specific-rationale|authored-specific-rationale,0,PASS,KEEP
number-line-g2,2,g2l-01-03,rem-g2l-between-k,yes,content/courses/number-line-g2/lessons/g2l-01-03.json,Two marks read 50 and 60. What number sits exactly halfway between them?,55,2,28,no,no,PASS,authored-specific-rationale|authored-specific-rationale|authored-specific-rationale,0,PASS,KEEP
number-line-g2,2,g2l-02-01,k3,no,content/courses/number-line-g2/lessons/g2l-02-01.json,Which line drawing shows 33 + 20?,"Start at 33, jump forward 2 tens",32,33,no,no,PASS,authored-specific-rationale|sign-direction|authored-specific-rationale,0,PASS,KEEP
number-line-g2,2,g2l-02-02,k3,no,content/courses/number-line-g2/lessons/g2l-02-02.json,Which line drawing shows 54 − 34 as a GAP?,Marks at 34 and 54; count the space between,43,38,no,no,PASS,representation-read|authored-specific-rationale|boundary-endpoint,0,PASS,KEEP
number-line-g2,2,g2l-02-03,k1,no,content/courses/number-line-g2/lessons/g2l-02-03.json,From 40 to 72: which jump plan is fastest to run?,"Three ten-jumps, then two one-jumps",35,21,no,no,PASS,authored-specific-rationale|place-value|authored-specific-rationale,0,PASS,KEEP
number-line-g2,2,g2l-02-03,ch1,no,content/courses/number-line-g2/lessons/g2l-02-03.json,From 40 to 72: which jump plan is fastest to run?,"Three ten-jumps, then two one-jumps",35,21,no,no,PASS,authored-specific-rationale|place-value|authored-specific-rationale,0,PASS,KEEP
number-line-g2,2,g2l-02-03,rem-g2l-jump-sizes-k,yes,content/courses/number-line-g2/lessons/g2l-02-03.json,From 40 to 72: which jump plan is fastest to run?,"Three ten-jumps, then two one-jumps",35,21,no,no,PASS,authored-specific-rationale|place-value|authored-specific-rationale,0,PASS,KEEP
number-line-g2,2,g2l-03-01,k1,no,content/courses/number-line-g2/lessons/g2l-03-01.json,Which line drawing shows 44 + 20?,"Start at 44, jump forward 2 tens",32,33,no,no,PASS,authored-specific-rationale|sign-direction|authored-specific-rationale,0,PASS,KEEP
number-line-g2,2,g2l-03-01,k3,no,content/courses/number-line-g2/lessons/g2l-03-01.json,Which line drawing shows 45 + 20?,"Start at 45, jump forward 2 tens",32,33,no,no,PASS,authored-specific-rationale|sign-direction|authored-specific-rationale,0,PASS,KEEP
number-line-g2,2,g2l-03-01,rem-g2l-show-sum-k,yes,content/courses/number-line-g2/lessons/g2l-03-01.json,Which line drawing shows 44 + 20?,"Start at 44, jump forward 2 tens",32,33,no,no,PASS,authored-specific-rationale|sign-direction|authored-specific-rationale,0,PASS,KEEP
number-line-g2,2,g2l-03-02,k1,no,content/courses/number-line-g2/lessons/g2l-03-02.json,Which line drawing shows 53 − 33 as a GAP?,Marks at 33 and 53; count the space between,43,38,no,no,PASS,representation-read|authored-specific-rationale|boundary-endpoint,0,PASS,KEEP
number-line-g2,2,g2l-03-02,rem-g2l-show-diff-k,yes,content/courses/number-line-g2/lessons/g2l-03-02.json,Which line drawing shows 53 − 33 as a GAP?,Marks at 33 and 53; count the space between,43,38,no,no,PASS,representation-read|authored-specific-rationale|boundary-endpoint,0,PASS,KEEP
number-line-g2,2,g2l-03-03,k3,no,content/courses/number-line-g2/lessons/g2l-03-03.json,Which line drawing shows 43 − 33 as a GAP?,Marks at 33 and 43; count the space between,43,38,no,no,PASS,representation-read|authored-specific-rationale|boundary-endpoint,0,PASS,KEEP
number-system,6,ns-01-01,k2,no,content/courses/number-system/lessons/ns-01-01.json,"Without computing exactly, is 5 ÷ 1/3 bigger or smaller than 5?",Bigger — dividing by a fraction under 1 always increases the number,67,45,yes,no,FAIL,representation-read|authored-specific-rationale,0,PASS,REMEDIATE
number-system,6,ns-02-02,i1,no,content/courses/number-system/lessons/ns-02-02.json,"To add 12.5 + 3.47, what should the 12.5 become so both numbers line up?",12.50,5,5,no,no,PASS,place-value|authored-specific-rationale,0,PASS,KEEP
number-system,6,ns-02-03,i1,no,content/courses/number-system/lessons/ns-02-03.json,"To multiply 2.5 × 1.4, you compute 25 × 14 = 350. How many decimal places does the final answer need?",2 — one place from each factor,30,39,no,no,PASS,place-value|inside-vs-derivative,0,PASS,KEEP
number-system,6,ns-03-01,k2,no,content/courses/number-system/lessons/ns-03-01.json,Which pair has a GCF of exactly 1 (relatively prime)?,9 and 16,8,8,no,no,PASS,authored-specific-rationale|authored-specific-rationale,0,PASS,KEEP
number-system,6,ns-03-03,k2,no,content/courses/number-system/lessons/ns-03-03.json,"A student writes 12 + 18 = 6 × (2 + 4). Expanding to check, what goes wrong?","6 × (2 + 4) = 36, but 12 + 18 = 30 — the second leftover should be 3, not 4",75,22,yes,no,FAIL,authored-specific-rationale|authored-specific-rationale,0,PASS,REMEDIATE
number-system,6,ns-04-01,i1,no,content/courses/number-system/lessons/ns-04-01.json,The temperature is 4 degrees below zero. Which number represents it?,-4,2,1,no,no,PASS,sign-direction|unit-conversion,0,PASS,KEEP
number-system,6,ns-04-02,rem-cn-k,yes,content/courses/number-system/lessons/ns-04-02.json,Which is greater: -1 or -4?,-1,2,5,no,no,PASS,authored-specific-rationale|authored-specific-rationale,0,PASS,KEEP
number-system,6,ns-04-03,k1,no,content/courses/number-system/lessons/ns-04-03.json,"In which quadrant is the point (-2, -5)?",Quadrant III,12,11,no,no,PASS,sign-direction|sign-direction,0,PASS,KEEP
number-system,6,ns-04-03,k2,no,content/courses/number-system/lessons/ns-04-03.json,"You plot (-4, 3) by going 4 left, then 3 up. Which quadrant is it in?",Quadrant II,11,12,no,no,PASS,sign-direction|sign-direction,0,PASS,KEEP
number-system,6,ns-04-03,k3,no,content/courses/number-system/lessons/ns-04-03.json,"Which quadrant contains the point (0, 4)?",None — it's on the y-axis,25,11,no,yes,FAIL,sign-direction|sign-direction,0,PASS,REMEDIATE
number-system,6,ns-04-03,ch1,no,content/courses/number-system/lessons/ns-04-03.json,"Reflect the point (3, -2) across the x-axis. In which quadrant does the reflected point land?",Quadrant I,10,17,no,no,PASS,sign-direction|sign-direction,0,PASS,KEEP
number-system,6,ns-04-03,rem-4q-k,yes,content/courses/number-system/lessons/ns-04-03.json,"In which quadrant is the point (4, 5)?",Quadrant I,10,11,no,no,PASS,sign-direction|sign-direction,0,PASS,KEEP
number-system,6,ns-04b-01,k1,no,content/courses/number-system/lessons/ns-04b-01.json,"In which quadrant does (-4, -1) lie?",Quadrant III,12,11,no,no,PASS,sign-direction|sign-direction|sign-direction,0,PASS,KEEP
number-system,6,ns-04b-01,k2,no,content/courses/number-system/lessons/ns-04b-01.json,"Reflect (5, 2) across the y-axis.","(-5, 2)",7,8,no,no,PASS,representation-read|sign-direction|representation-read,0,PASS,KEEP
number-system,6,ns-04b-01,k3,no,content/courses/number-system/lessons/ns-04b-01.json,"(-6, 2) and (6, 2) are reflections of each other. Across which axis?",The y-axis,10,34,no,no,PASS,representation-read|representation-read|sign-direction,0,PASS,KEEP
number-system,6,ns-04b-01,ch1,no,content/courses/number-system/lessons/ns-04b-01.json,"Both signs of (-3, 5) are flipped. Which quadrant does the new point sit in?",Quadrant IV,11,12,no,no,PASS,sign-direction|sign-direction|sign-direction,0,PASS,KEEP
number-system,6,ns-05-01,k2,no,content/courses/number-system/lessons/ns-05-01.json,Which is true about |-12| and |12|?,Both equal 12 — opposites are the same distance from zero,57,42,no,yes,FAIL,sign-direction|authored-specific-rationale,0,PASS,REMEDIATE
number-system,6,ns-05-02,k3,no,content/courses/number-system/lessons/ns-05-02.json,"Temperatures: -8, -3, and 5 degrees. Which is COLDEST?",-8 — the smallest value,23,28,no,no,PASS,authored-specific-rationale|sign-direction,0,PASS,KEEP
number-system,6,ns-05-02,rem-ac-k,yes,content/courses/number-system/lessons/ns-05-02.json,Which is GREATER: -1 or -9?,-1,2,5,no,no,PASS,sign-direction|authored-specific-rationale,0,PASS,KEEP
number-system,6,ns-05-03,rem-or-k,yes,content/courses/number-system/lessons/ns-05-03.json,Which is greater: 1/2 or 0.7?,0.7,3,5,no,yes,FAIL,authored-specific-rationale|authored-specific-rationale,0,PASS,REMEDIATE
number-writing-k,0,kcw-01-01,k1,no,content/courses/number-writing-k/lessons/kcw-01-01.json,"What is a written numeral, really?",A promise about how many,24,30,no,no,PASS,authored-specific-rationale|place-value|authored-specific-rationale,0,PASS,KEEP
number-writing-k,0,kcw-01-01,k2,no,content/courses/number-writing-k/lessons/kcw-01-01.json,A group shows 1 dots. Which numeral names that amount?,1,1,1,no,no,PASS,authored-specific-rationale|authored-specific-rationale|authored-specific-rationale,0,PASS,KEEP
number-writing-k,0,kcw-01-01,ch1,no,content/courses/number-writing-k/lessons/kcw-01-01.json,"Kai counts her blocks: 1, 2, 3. How many blocks does she have?",3,1,1,no,no,PASS,authored-specific-rationale|authored-specific-rationale|authored-specific-rationale,0,PASS,KEEP
number-writing-k,0,kcw-01-01,rem-kcw-write-123-k,yes,content/courses/number-writing-k/lessons/kcw-01-01.json,"What is a written numeral, really?",A promise about how many,24,30,no,no,PASS,authored-specific-rationale|place-value|authored-specific-rationale,0,PASS,KEEP
number-writing-k,0,kcw-01-02,k1,no,content/courses/number-writing-k/lessons/kcw-01-02.json,6 and 9 look like the same shape turned around. What tells them apart?,Which way up the loop sits,26,27,no,no,PASS,authored-specific-rationale|rate-vs-start|sign-direction,0,PASS,KEEP
number-writing-k,0,kcw-01-02,k2,no,content/courses/number-writing-k/lessons/kcw-01-02.json,A group shows 6 dots. Which numeral names that amount?,6,1,1,no,no,PASS,authored-specific-rationale|authored-specific-rationale|authored-specific-rationale,0,PASS,KEEP
number-writing-k,0,kcw-01-02,ch1,no,content/courses/number-writing-k/lessons/kcw-01-02.json,"Kai counts her blocks: 1, 2, 3, 4, 5, 6. How many blocks does she have?",6,1,1,no,no,PASS,authored-specific-rationale|authored-specific-rationale|authored-specific-rationale,0,PASS,KEEP
number-writing-k,0,kcw-01-02,rem-kcw-write-456-k,yes,content/courses/number-writing-k/lessons/kcw-01-02.json,6 and 9 look like the same shape turned around. What tells them apart?,Which way up the loop sits,26,27,no,no,PASS,authored-specific-rationale|rate-vs-start|sign-direction,0,PASS,KEEP
number-writing-k,0,kcw-01-03,k1,no,content/courses/number-writing-k/lessons/kcw-01-03.json,"A numeral written backwards, like a flipped 3 — what is the risk?",It may be misread or look like another mark,43,29,no,no,PASS,authored-specific-rationale|sign-direction|representation-read,0,PASS,KEEP
number-writing-k,0,kcw-01-03,k2,no,content/courses/number-writing-k/lessons/kcw-01-03.json,A group shows 7 dots. Which numeral names that amount?,7,1,1,no,no,PASS,authored-specific-rationale|authored-specific-rationale|authored-specific-rationale,0,PASS,KEEP
number-writing-k,0,kcw-01-03,rem-kcw-write-789-k,yes,content/courses/number-writing-k/lessons/kcw-01-03.json,"A numeral written backwards, like a flipped 3 — what is the risk?",It may be misread or look like another mark,43,29,no,no,PASS,authored-specific-rationale|sign-direction|representation-read,0,PASS,KEEP
number-writing-k,0,kcw-01-04,k1,no,content/courses/number-writing-k/lessons/kcw-01-04.json,What does the numeral 0 promise?,An empty group,14,19,no,no,PASS,authored-specific-rationale|authored-specific-rationale|authored-specific-rationale,0,PASS,KEEP
number-writing-k,0,kcw-01-04,k2,no,content/courses/number-writing-k/lessons/kcw-01-04.json,Why does writing ten take TWO marks — 1 and 0?,1 full ten and 0 extras,23,27,no,no,PASS,place-value|place-value|authored-specific-rationale,0,PASS,KEEP
number-writing-k,0,kcw-01-04,ch1,no,content/courses/number-writing-k/lessons/kcw-01-04.json,A group shows 8 dots. Which numeral names that amount?,8,1,2,no,no,PASS,authored-specific-rationale|authored-specific-rationale|authored-specific-rationale,0,PASS,KEEP
number-writing-k,0,kcw-01-04,rem-kcw-write-zero-ten-k,yes,content/courses/number-writing-k/lessons/kcw-01-04.json,What does the numeral 0 promise?,An empty group,14,19,no,no,PASS,authored-specific-rationale|authored-specific-rationale|authored-specific-rationale,0,PASS,KEEP
number-writing-k,0,kcw-01-05,k1,no,content/courses/number-writing-k/lessons/kcw-01-05.json,A group shows 3 dots. Which numeral names that amount?,3,1,1,no,no,PASS,authored-specific-rationale|authored-specific-rationale|authored-specific-rationale,0,PASS,KEEP
number-writing-k,0,kcw-01-05,ch1,no,content/courses/number-writing-k/lessons/kcw-01-05.json,A group shows 7 dots. Which numeral names that amount?,7,1,1,no,no,PASS,authored-specific-rationale|authored-specific-rationale|authored-specific-rationale,0,PASS,KEEP
number-writing-k,0,kcw-01-05,rem-kcw-match-numeral-k,yes,content/courses/number-writing-k/lessons/kcw-01-05.json,A group shows 3 dots. Which numeral names that amount?,3,1,1,no,no,PASS,authored-specific-rationale|authored-specific-rationale|authored-specific-rationale,0,PASS,KEEP
number-writing-k,0,kcw-02-01,k1,no,content/courses/number-writing-k/lessons/kcw-02-01.json,"Kai counts her blocks: 1, 2, 3, 4, 5, 6. How many blocks does she have?",6,1,1,no,no,PASS,authored-specific-rationale|authored-specific-rationale|authored-specific-rationale,0,PASS,KEEP
number-writing-k,0,kcw-02-01,k2,no,content/courses/number-writing-k/lessons/kcw-02-01.json,A group shows 8 dots. Which numeral names that amount?,8,1,2,no,no,PASS,authored-specific-rationale|authored-specific-rationale|authored-specific-rationale,0,PASS,KEEP
number-writing-k,0,kcw-02-01,ch1,no,content/courses/number-writing-k/lessons/kcw-02-01.json,"Lena counts her blocks: 1, 2, 3, 4, 5, 6, 7, 8, 9. How many blocks does she have?",9,1,2,no,no,PASS,authored-specific-rationale|authored-specific-rationale|authored-specific-rationale,0,PASS,KEEP
number-writing-k,0,kcw-02-01,rem-kcw-write-count-k,yes,content/courses/number-writing-k/lessons/kcw-02-01.json,"Kai counts her blocks: 1, 2, 3, 4, 5, 6. How many blocks does she have?",6,1,1,no,no,PASS,authored-specific-rationale|authored-specific-rationale|authored-specific-rationale,0,PASS,KEEP
number-writing-k,0,kcw-02-02,k1,no,content/courses/number-writing-k/lessons/kcw-02-02.json,What do the numerals 13 through 19 all share?,A 1 in front — the full ten each teen carries,45,14,yes,yes,FAIL,authored-specific-rationale|place-value|authored-specific-rationale,0,PASS,REMEDIATE
number-writing-k,0,kcw-02-02,k3,no,content/courses/number-writing-k/lessons/kcw-02-02.json,A group shows 19 dots. Which numeral names that amount?,19,2,2,no,no,PASS,authored-specific-rationale|authored-specific-rationale|authored-specific-rationale,0,PASS,KEEP
number-writing-k,0,kcw-02-02,rem-kcw-write-teens-k,yes,content/courses/number-writing-k/lessons/kcw-02-02.json,What do the numerals 13 through 19 all share?,A 1 in front — the full ten each teen carries,45,14,yes,yes,FAIL,authored-specific-rationale|place-value|authored-specific-rationale,0,PASS,REMEDIATE
number-writing-k,0,kcw-02-03,k1,no,content/courses/number-writing-k/lessons/kcw-02-03.json,12 and 21 use the same two digits. Same number?,No — position gives each digit its job,38,30,no,no,PASS,place-value|sign-direction|place-value,0,PASS,KEEP
number-writing-k,0,kcw-02-03,k3,no,content/courses/number-writing-k/lessons/kcw-02-03.json,A group shows 12 dots. Which numeral names that amount?,12,2,2,no,no,PASS,authored-specific-rationale|authored-specific-rationale|authored-specific-rationale,0,PASS,KEEP
number-writing-k,0,kcw-02-03,rem-kcw-write-11-12-k,yes,content/courses/number-writing-k/lessons/kcw-02-03.json,12 and 21 use the same two digits. Same number?,No — position gives each digit its job,38,30,no,no,PASS,place-value|sign-direction|place-value,0,PASS,KEEP
number-writing-k,0,kcw-02-04,k1,no,content/courses/number-writing-k/lessons/kcw-02-04.json,A group shows 13 dots. Which numeral names that amount?,13,2,2,no,no,PASS,authored-specific-rationale|authored-specific-rationale|authored-specific-rationale,0,PASS,KEEP
number-writing-k,0,kcw-02-04,k3,no,content/courses/number-writing-k/lessons/kcw-02-04.json,What do the numerals 13 through 19 all share?,A 1 in front — the full ten each teen carries,45,14,yes,yes,FAIL,authored-specific-rationale|place-value|authored-specific-rationale,0,PASS,REMEDIATE
number-writing-k,0,kcw-02-04,rem-kcw-write-13-19-k,yes,content/courses/number-writing-k/lessons/kcw-02-04.json,A group shows 13 dots. Which numeral names that amount?,13,2,2,no,no,PASS,authored-specific-rationale|authored-specific-rationale|authored-specific-rationale,0,PASS,KEEP
number-writing-k,0,kcw-02-05,k1,no,content/courses/number-writing-k/lessons/kcw-02-05.json,What does the numeral 20 report?,Two full tens and no extras,27,19,no,no,PASS,place-value|place-value|place-value,0,PASS,KEEP
number-writing-k,0,kcw-02-05,k2,no,content/courses/number-writing-k/lessons/kcw-02-05.json,Which pair makes exactly 10?,7 and 3,7,7,no,no,PASS,authored-specific-rationale|authored-specific-rationale|authored-specific-rationale,0,PASS,KEEP
number-writing-k,0,kcw-02-05,ch1,no,content/courses/number-writing-k/lessons/kcw-02-05.json,Why does writing ten take TWO marks — 1 and 0?,1 full ten and 0 extras,23,27,no,no,PASS,place-value|place-value|authored-specific-rationale,0,PASS,KEEP
number-writing-k,0,kcw-02-05,rem-kcw-write-20-k,yes,content/courses/number-writing-k/lessons/kcw-02-05.json,What does the numeral 20 report?,Two full tens and no extras,27,19,no,no,PASS,place-value|place-value|place-value,0,PASS,KEEP
number-writing-k,0,kcw-03-01,k1,no,content/courses/number-writing-k/lessons/kcw-03-01.json,A group shows 13 dots. Which numeral names that amount?,13,2,2,no,no,PASS,authored-specific-rationale|authored-specific-rationale|authored-specific-rationale,0,PASS,KEEP
number-writing-k,0,kcw-03-01,k3,no,content/courses/number-writing-k/lessons/kcw-03-01.json,"Kai counts her blocks: 1, 2, 3, 4, 5, 6, 7, 8, 9. How many blocks does she have?",9,1,2,no,no,PASS,authored-specific-rationale|authored-specific-rationale|authored-specific-rationale,0,PASS,KEEP
number-writing-k,0,kcw-03-01,ch1,no,content/courses/number-writing-k/lessons/kcw-03-01.json,A group shows 12 dots. Which numeral names that amount?,12,2,2,no,no,PASS,authored-specific-rationale|authored-specific-rationale|authored-specific-rationale,0,PASS,KEEP
number-writing-k,0,kcw-03-01,rem-kcw-write-count-teens-k,yes,content/courses/number-writing-k/lessons/kcw-03-01.json,A group shows 13 dots. Which numeral names that amount?,13,2,2,no,no,PASS,authored-specific-rationale|authored-specific-rationale|authored-specific-rationale,0,PASS,KEEP
number-writing-k,0,kcw-03-02,k1,no,content/courses/number-writing-k/lessons/kcw-03-02.json,The card says 7. What does “show that many” ask you to do?,Show exactly 7 objects,22,24,no,no,PASS,authored-specific-rationale|authored-specific-rationale|representation-read,0,PASS,KEEP
number-writing-k,0,kcw-03-02,k2,no,content/courses/number-writing-k/lessons/kcw-03-02.json,A group shows 9 dots. Which numeral names that amount?,9,1,2,no,no,PASS,authored-specific-rationale|authored-specific-rationale|authored-specific-rationale,0,PASS,KEEP
number-writing-k,0,kcw-03-02,ch1,no,content/courses/number-writing-k/lessons/kcw-03-02.json,"Ravi counts her blocks: 1, 2, 3, 4, 5, 6. How many blocks does she have?",6,1,1,no,no,PASS,authored-specific-rationale|authored-specific-rationale|authored-specific-rationale,0,PASS,KEEP
number-writing-k,0,kcw-03-02,rem-kcw-show-amount-k,yes,content/courses/number-writing-k/lessons/kcw-03-02.json,The card says 7. What does “show that many” ask you to do?,Show exactly 7 objects,22,24,no,no,PASS,authored-specific-rationale|authored-specific-rationale|representation-read,0,PASS,KEEP
number-writing-k,0,kcw-03-03,k1,no,content/courses/number-writing-k/lessons/kcw-03-03.json,"Asked to draw 5 circles, when should you stop drawing?",Stop when you reach 5,21,21,no,no,PASS,authored-specific-rationale|authored-specific-rationale|authored-specific-rationale,0,PASS,KEEP
number-writing-k,0,kcw-03-03,k2,no,content/courses/number-writing-k/lessons/kcw-03-03.json,"Noor counts her blocks: 1, 2, 3, 4, 5, 6, 7, 8. How many blocks does she have?",8,1,2,no,no,PASS,authored-specific-rationale|authored-specific-rationale|authored-specific-rationale,0,PASS,KEEP
number-writing-k,0,kcw-03-03,rem-kcw-draw-amount-k,yes,content/courses/number-writing-k/lessons/kcw-03-03.json,"Asked to draw 5 circles, when should you stop drawing?",Stop when you reach 5,21,21,no,no,PASS,authored-specific-rationale|authored-specific-rationale|authored-specific-rationale,0,PASS,KEEP
number-writing-k,0,kcw-03-04,k1,no,content/courses/number-writing-k/lessons/kcw-03-04.json,"Numeral 4, the word “four”, and a picture of 4 dots — how are they related?",Three ways of writing one same amount,37,26,no,no,PASS,authored-specific-rationale|authored-specific-rationale|authored-specific-rationale,0,PASS,KEEP
number-writing-k,0,kcw-03-04,k2,no,content/courses/number-writing-k/lessons/kcw-03-04.json,A group shows 6 dots. Which numeral names that amount?,6,1,1,no,no,PASS,authored-specific-rationale|authored-specific-rationale|authored-specific-rationale,0,PASS,KEEP
number-writing-k,0,kcw-03-04,rem-kcw-three-forms-k,yes,content/courses/number-writing-k/lessons/kcw-03-04.json,"Numeral 4, the word “four”, and a picture of 4 dots — how are they related?",Three ways of writing one same amount,37,26,no,no,PASS,authored-specific-rationale|authored-specific-rationale|authored-specific-rationale,0,PASS,KEEP
parametric-polar-calculus,13,pc-01-01,k2,no,content/courses/parametric-polar-calculus/lessons/pc-01-01.json,When does a parametric curve have a HORIZONTAL tangent?,When dy/dt = 0 and dx/dt ≠ 0 — y has stopped moving while x carries on.,71,19,yes,yes,FAIL,fraction-denominator|rate-vs-start|authored-specific-rationale,0,PASS,REMEDIATE
parametric-polar-calculus,13,pc-01-02,k3,no,content/courses/parametric-polar-calculus/lessons/pc-01-02.json,What IS the quantity √((dx/dt)² + (dy/dt)²)?,The SPEED of the point — the magnitude of its velocity vector.,62,25,yes,yes,FAIL,sign-direction|authored-specific-rationale|unit-conversion,0,PASS,REMEDIATE
parametric-polar-calculus,13,pc-02-01,k1,no,content/courses/parametric-polar-calculus/lessons/pc-02-01.json,Why does the polar area formula carry a ½?,"A thin wedge is a TRIANGLE, and a triangle's area is ½ · base · height.",71,39,yes,no,FAIL,rate-vs-start|authored-specific-rationale|exponent-rule,0,PASS,REMEDIATE
parametric-polar-calculus,13,pc-03-01,k2,no,content/courses/parametric-polar-calculus/lessons/pc-03-01.json,"A particle moves on the unit circle: r = ⟨cos t, sin t⟩. Its speed is 1 at every instant. Is it accelerating?","Yes — a = ⟨−cos t, −sin t⟩ has magnitude 1. The DIRECTION of the velocity keeps changing, even though its length does not.",122,58,yes,no,FAIL,sign-direction|authored-specific-rationale|authored-specific-rationale,0,PASS,REMEDIATE
patterns-factors-g4,4,g4p-01-01,k2,no,content/courses/patterns-factors-g4/lessons/g4p-01-01.json,How do you know you have found ALL the factor pairs of 24?,Test every number from 1 up until the pairs start repeating,59,47,no,no,PASS,authored-specific-rationale|authored-specific-rationale|authored-specific-rationale,0,PASS,KEEP
patterns-factors-g4,4,g4p-01-02,k1,no,content/courses/patterns-factors-g4/lessons/g4p-01-02.json,Which of these is a factor of 36?,9,1,1,no,no,PASS,authored-specific-rationale|authored-specific-rationale|authored-specific-rationale,0,PASS,KEEP
patterns-factors-g4,4,g4p-01-02,k3,no,content/courses/patterns-factors-g4/lessons/g4p-01-02.json,Which of these is a factor of 60?,30,2,1,no,no,PASS,authored-specific-rationale|authored-specific-rationale|authored-specific-rationale,0,PASS,KEEP
patterns-factors-g4,4,g4p-01-02,ch1,no,content/courses/patterns-factors-g4/lessons/g4p-01-02.json,Which of these is a factor of 36?,6,1,1,no,no,PASS,authored-specific-rationale|authored-specific-rationale|authored-specific-rationale,0,PASS,KEEP
patterns-factors-g4,4,g4p-01-02,rem-g4pf-is-factor-k,yes,content/courses/patterns-factors-g4/lessons/g4p-01-02.json,Which of these is a factor of 36?,9,1,1,no,no,PASS,authored-specific-rationale|authored-specific-rationale|authored-specific-rationale,0,PASS,KEEP
patterns-factors-g4,4,g4p-01-03,k1,no,content/courses/patterns-factors-g4/lessons/g4p-01-03.json,Which of these is a multiple of 6?,42,2,2,no,no,PASS,authored-specific-rationale|authored-specific-rationale|authored-specific-rationale,0,PASS,KEEP
patterns-factors-g4,4,g4p-01-03,k2,no,content/courses/patterns-factors-g4/lessons/g4p-01-03.json,Which of these is a multiple of 7?,28,2,2,no,no,PASS,authored-specific-rationale|authored-specific-rationale|authored-specific-rationale,0,PASS,KEEP
patterns-factors-g4,4,g4p-01-03,ch1,no,content/courses/patterns-factors-g4/lessons/g4p-01-03.json,Which of these is a multiple of 6?,24,2,2,no,no,PASS,authored-specific-rationale|authored-specific-rationale|authored-specific-rationale,0,PASS,KEEP
patterns-factors-g4,4,g4p-01-03,rem-g4pf-multiples-k,yes,content/courses/patterns-factors-g4/lessons/g4p-01-03.json,Which of these is a multiple of 6?,42,2,2,no,no,PASS,authored-specific-rationale|authored-specific-rationale|authored-specific-rationale,0,PASS,KEEP
patterns-factors-g4,4,g4p-01-04,k1,no,content/courses/patterns-factors-g4/lessons/g4p-01-04.json,Which of these is a multiple of 4?,24,2,2,no,no,PASS,authored-specific-rationale|authored-specific-rationale|authored-specific-rationale,0,PASS,KEEP
patterns-factors-g4,4,g4p-01-04,k2,no,content/courses/patterns-factors-g4/lessons/g4p-01-04.json,Which of these is a factor of 40?,20,2,1,no,no,PASS,authored-specific-rationale|authored-specific-rationale|authored-specific-rationale,0,PASS,KEEP
patterns-factors-g4,4,g4p-01-04,k3,no,content/courses/patterns-factors-g4/lessons/g4p-01-04.json,Which of these is a multiple of 8?,32,2,2,no,no,PASS,authored-specific-rationale|authored-specific-rationale|authored-specific-rationale,0,PASS,KEEP
patterns-factors-g4,4,g4p-01-04,rem-g4pf-is-multiple-k,yes,content/courses/patterns-factors-g4/lessons/g4p-01-04.json,Which of these is a multiple of 4?,24,2,2,no,no,PASS,authored-specific-rationale|authored-specific-rationale|authored-specific-rationale,0,PASS,KEEP
patterns-factors-g4,4,g4p-02-01,k1,no,content/courses/patterns-factors-g4/lessons/g4p-02-01.json,Is 25 prime or composite?,Composite,9,5,no,no,PASS,authored-specific-rationale,0,PASS,KEEP
patterns-factors-g4,4,g4p-02-01,k3,no,content/courses/patterns-factors-g4/lessons/g4p-02-01.json,Is 21 prime or composite?,Composite,9,5,no,no,PASS,authored-specific-rationale,0,PASS,KEEP
patterns-factors-g4,4,g4p-02-01,ch1,no,content/courses/patterns-factors-g4/lessons/g4p-02-01.json,Is 11 prime or composite?,Prime,5,9,no,no,PASS,authored-specific-rationale,0,PASS,KEEP
patterns-factors-g4,4,g4p-02-01,rem-g4pf-prime-composite-k,yes,content/courses/patterns-factors-g4/lessons/g4p-02-01.json,Is 25 prime or composite?,Composite,9,5,no,no,PASS,authored-specific-rationale,0,PASS,KEEP
patterns-factors-g4,4,g4p-02-02,k1,no,content/courses/patterns-factors-g4/lessons/g4p-02-02.json,"In a sieve you cross out multiples of 2, then 3, then 5. Why is 4 never used as a crossing-out number?",Every multiple of 4 is even,27,32,no,no,PASS,authored-specific-rationale|authored-specific-rationale|authored-specific-rationale,0,PASS,KEEP
patterns-factors-g4,4,g4p-02-02,k3,no,content/courses/patterns-factors-g4/lessons/g4p-02-02.json,"In a sieve you cross out multiples of 2, then 3, then 5. Why is 4 never used as a crossing-out number?",Every multiple of 4 is even,27,32,no,no,PASS,authored-specific-rationale|authored-specific-rationale|authored-specific-rationale,0,PASS,KEEP
patterns-factors-g4,4,g4p-02-02,ch1,no,content/courses/patterns-factors-g4/lessons/g4p-02-02.json,Is 11 prime or composite?,Prime,5,9,no,no,PASS,authored-specific-rationale,0,PASS,KEEP
patterns-factors-g4,4,g4p-02-02,rem-g4pf-sieve-k,yes,content/courses/patterns-factors-g4/lessons/g4p-02-02.json,"In a sieve you cross out multiples of 2, then 3, then 5. Why is 4 never used as a crossing-out number?",Every multiple of 4 is even,27,32,no,no,PASS,authored-specific-rationale|authored-specific-rationale|authored-specific-rationale,0,PASS,KEEP
patterns-factors-g4,4,g4p-03-01,k1,no,content/courses/patterns-factors-g4/lessons/g4p-03-01.json,"The pattern 2, 4, 8 grows. What is the rule?",Multiply by 2,13,13,no,no,PASS,authored-specific-rationale|authored-specific-rationale|authored-specific-rationale,0,PASS,KEEP
patterns-factors-g4,4,g4p-03-01,k3,no,content/courses/patterns-factors-g4/lessons/g4p-03-01.json,"A pattern follows the rule ""add 6"", starting at 4: 4, 10, 16, 22. What comes next?","28, because each term gains a fixed 6",37,31,no,no,PASS,authored-specific-rationale|authored-specific-rationale|authored-specific-rationale,0,PASS,KEEP
patterns-factors-g4,4,g4p-03-01,rem-g4pf-number-rule-k,yes,content/courses/patterns-factors-g4/lessons/g4p-03-01.json,"The pattern 2, 4, 8 grows. What is the rule?",Multiply by 2,13,13,no,no,PASS,authored-specific-rationale|authored-specific-rationale|authored-specific-rationale,0,PASS,KEEP
patterns-factors-g4,4,g4p-03-02,k1,no,content/courses/patterns-factors-g4/lessons/g4p-03-02.json,"A shape pattern adds 3 squares each step: 3, 6, 9, 12 squares. Which describes step 6?","18 squares, because step n uses 3 × n squares",45,42,no,no,PASS,authored-specific-rationale|authored-specific-rationale|representation-read,0,PASS,KEEP
patterns-factors-g4,4,g4p-03-02,k2,no,content/courses/patterns-factors-g4/lessons/g4p-03-02.json,"A pattern follows the rule ""add 6"", starting at 4: 4, 10, 16, 22. What comes next?","28, because each term gains a fixed 6",37,31,no,no,PASS,authored-specific-rationale|authored-specific-rationale|authored-specific-rationale,0,PASS,KEEP
patterns-factors-g4,4,g4p-03-02,ch1,no,content/courses/patterns-factors-g4/lessons/g4p-03-02.json,"A shape pattern adds 3 squares each step: 3, 6, 9, 12 squares. Which describes step 6?","18 squares, because step n uses 3 × n squares",45,42,no,no,PASS,authored-specific-rationale|authored-specific-rationale|representation-read,0,PASS,KEEP
patterns-factors-g4,4,g4p-03-02,rem-g4pf-shape-rule-k,yes,content/courses/patterns-factors-g4/lessons/g4p-03-02.json,"A shape pattern adds 3 squares each step: 3, 6, 9, 12 squares. Which describes step 6?","18 squares, because step n uses 3 × n squares",45,42,no,no,PASS,authored-specific-rationale|authored-specific-rationale|representation-read,0,PASS,KEEP
patterns-factors-g4,4,g4p-03-03,k1,no,content/courses/patterns-factors-g4/lessons/g4p-03-03.json,"The rule is ""add 3"", starting at 3: 3, 6, 9, 12, 15. Which feature does the rule NOT state, but the pattern shows?","The terms alternate odd, even, odd, even",40,39,no,no,PASS,authored-specific-rationale|rate-vs-start|sign-direction,0,PASS,KEEP
patterns-factors-g4,4,g4p-03-03,k2,no,content/courses/patterns-factors-g4/lessons/g4p-03-03.json,"A pattern follows the rule ""add 6"", starting at 4: 4, 10, 16, 22. What comes next?","28, because each term gains a fixed 6",37,31,no,no,PASS,authored-specific-rationale|authored-specific-rationale|authored-specific-rationale,0,PASS,KEEP
patterns-factors-g4,4,g4p-03-03,ch1,no,content/courses/patterns-factors-g4/lessons/g4p-03-03.json,"The rule is ""add 3"", starting at 3: 3, 6, 9, 12, 15. Which feature does the rule NOT state, but the pattern shows?","The terms alternate odd, even, odd, even",40,39,no,no,PASS,authored-specific-rationale|rate-vs-start|sign-direction,0,PASS,KEEP
patterns-factors-g4,4,g4p-03-03,rem-g4pf-hidden-feature-k,yes,content/courses/patterns-factors-g4/lessons/g4p-03-03.json,"The rule is ""add 3"", starting at 3: 3, 6, 9, 12, 15. Which feature does the rule NOT state, but the pattern shows?","The terms alternate odd, even, odd, even",40,39,no,no,PASS,authored-specific-rationale|rate-vs-start|sign-direction,0,PASS,KEEP
patterns-factors-g4,4,g4p-03-04,k1,no,content/courses/patterns-factors-g4/lessons/g4p-03-04.json,"Extending a pattern, why is stating the RULE better than just writing the next number?","A rule lets you find any term, not only the next one",52,40,no,no,PASS,rate-vs-start|authored-specific-rationale|authored-specific-rationale,0,PASS,KEEP
patterns-factors-g4,4,g4p-03-04,k3,no,content/courses/patterns-factors-g4/lessons/g4p-03-04.json,"The pattern 4, 12, 36 grows. What is the rule?",Multiply by 3,13,13,no,no,PASS,authored-specific-rationale|authored-specific-rationale|authored-specific-rationale,0,PASS,KEEP
patterns-factors-g4,4,g4p-03-04,ch1,no,content/courses/patterns-factors-g4/lessons/g4p-03-04.json,"Extending a pattern, why is stating the RULE better than just writing the next number?","A rule lets you find any term, not only the next one",52,40,no,no,PASS,rate-vs-start|authored-specific-rationale|authored-specific-rationale,0,PASS,KEEP
patterns-factors-g4,4,g4p-03-04,rem-g4pf-extend-k,yes,content/courses/patterns-factors-g4/lessons/g4p-03-04.json,"Extending a pattern, why is stating the RULE better than just writing the next number?","A rule lets you find any term, not only the next one",52,40,no,no,PASS,rate-vs-start|authored-specific-rationale|authored-specific-rationale,0,PASS,KEEP
place-value,3,pv-01-01,k1,no,content/courses/place-value/lessons/pv-01-01.json,"In the number 582, what is the 8 worth?",80,2,3,no,no,PASS,place-value|place-value|place-value,0,PASS,KEEP
place-value,3,pv-01-01,k2,no,content/courses/place-value/lessons/pv-01-01.json,Why can't 507 be written as 57?,"The 0 holds the tens spot open, so the 5 keeps meaning 500",58,51,no,no,PASS,place-value|authored-specific-rationale|place-value,0,PASS,KEEP
place-value,3,pv-01-01,rem-pv-k,yes,content/courses/place-value/lessons/pv-01-01.json,"In the number 74, what is the 7 worth?",70,2,3,no,no,PASS,place-value|place-value,0,PASS,KEEP
place-value,3,pv-01-02,k1,no,content/courses/place-value/lessons/pv-01-02.json,Which is 608 exploded into worth-pieces?,600 + 8,7,9,no,no,PASS,place-value|place-value|authored-specific-rationale,0,PASS,KEEP
place-value,3,pv-01-02,rem-ef-k,yes,content/courses/place-value/lessons/pv-01-02.json,Which is 83 exploded?,80 + 3,6,7,no,no,PASS,authored-specific-rationale|place-value,0,PASS,KEEP
place-value,3,pv-01-03,k1,no,content/courses/place-value/lessons/pv-01-03.json,Which is bigger — 399 or 401 — and what's the FASTEST way to know?,"401 — its hundreds digit wins (4 > 3), and the 99 can't catch up",64,33,yes,no,FAIL,place-value|place-value|authored-specific-rationale,0,PASS,REMEDIATE
place-value,3,pv-01-03,k2,no,content/courses/place-value/lessons/pv-01-03.json,"Tori says 275 > 312 ""because 7 is bigger than 1."" What went wrong?",She compared tens before hundreds — 312's 3 hundreds win first,62,47,no,no,PASS,place-value|place-value|authored-specific-rationale,0,PASS,KEEP
place-value,3,pv-01-03,rem-cn-k,yes,content/courses/place-value/lessons/pv-01-03.json,Which is bigger: 56 or 61?,"61 — the tens differ first, and 6 > 5",37,34,no,no,PASS,place-value|authored-specific-rationale,0,PASS,KEEP
place-value,3,pv-01-04,k1,no,content/courses/place-value/lessons/pv-01-04.json,Kai has 14 loose ones. He trades 10 of them for 1 ten. What does he hold now?,1 ten and 4 ones — still worth 14,33,40,no,no,PASS,place-value|place-value|place-value,0,PASS,KEEP
place-value,3,pv-01-04,rem-ut-k,yes,content/courses/place-value/lessons/pv-01-04.json,10 tens trade up into…,1 hundred,9,12,no,no,PASS,authored-specific-rationale|place-value,0,PASS,KEEP
place-value,3,pv-02-01,k1,no,content/courses/place-value/lessons/pv-02-01.json,Which two tens are 82's neighbors?,80 and 90,9,10,no,no,PASS,authored-specific-rationale|place-value|place-value,0,PASS,KEEP
place-value,3,pv-02-01,k3,no,content/courses/place-value/lessons/pv-02-01.json,Rounding 27 to the nearest ten gives 30. What does that mean?,30 is the ten closest to 27 — just 3 steps away,47,37,no,yes,FAIL,authored-specific-rationale|authored-specific-rationale|authored-specific-rationale,0,PASS,REMEDIATE
place-value,3,pv-02-01,rem-r10-k,yes,content/courses/place-value/lessons/pv-02-01.json,Round 52 to the nearest ten.,50,2,2,no,no,PASS,place-value|authored-specific-rationale,0,PASS,KEEP
place-value,3,pv-02-02,k1,no,content/courses/place-value/lessons/pv-02-02.json,Rounding 368 to the nearest hundred — which digit decides the answer?,The tens digit (6) — it says 400 is the closer neighbor,55,38,no,no,PASS,place-value|place-value|place-value,0,PASS,KEEP
place-value,3,pv-02-02,k3,no,content/courses/place-value/lessons/pv-02-02.json,Which of these numbers rounds to 500 (nearest hundred)?,451,3,3,no,no,PASS,place-value|authored-specific-rationale|authored-specific-rationale,0,PASS,KEEP
place-value,3,pv-02-02,rem-r100-k,yes,content/courses/place-value/lessons/pv-02-02.json,Round 280 to the nearest hundred.,300,3,3,no,no,PASS,place-value|authored-specific-rationale,0,PASS,KEEP
place-value,3,pv-02-03,k1,no,content/courses/place-value/lessons/pv-02-03.json,"Why do we need a special RULE for 45, but not for 47?","47 has a closer neighbor; 45's two distances tie, so distance can't decide",74,32,yes,yes,FAIL,place-value|authored-specific-rationale|authored-specific-rationale,0,PASS,REMEDIATE
place-value,3,pv-02-03,rem-rh-k,yes,content/courses/place-value/lessons/pv-02-03.json,Round 15 to the nearest ten.,20,2,2,no,no,PASS,authored-specific-rationale|authored-specific-rationale,0,PASS,KEEP
place-value,3,pv-02-04,k1,no,content/courses/place-value/lessons/pv-02-04.json,When is rounding-to-estimate the RIGHT move?,When 'about' is good enough — like checking if you have enough money,68,40,yes,no,FAIL,place-value|authored-specific-rationale|authored-specific-rationale,0,PASS,REMEDIATE
place-value,3,pv-02-04,k3,no,content/courses/place-value/lessons/pv-02-04.json,"Maya has $412; a bike costs $289. Using rounding, can she afford it — for CERTAIN?",Yes — even her money rounded DOWN (400) beats the price rounded UP (300),72,42,yes,no,FAIL,authored-specific-rationale|authored-specific-rationale|authored-specific-rationale,0,PASS,REMEDIATE
place-value,3,pv-02-04,rem-es-k,yes,content/courses/place-value/lessons/pv-02-04.json,About how much is 198 + 304?,About 500 — think 200 + 300,27,46,no,no,PASS,authored-specific-rationale|place-value,0,PASS,KEEP
place-value,3,pv-03-01,k1,no,content/courses/place-value/lessons/pv-03-01.json,You're adding 268 + 47 with friendly jumps. What's the SMARTEST first hop?,"+2, to land on 270",18,15,no,no,PASS,rate-vs-start|authored-specific-rationale|authored-specific-rationale,0,PASS,KEEP
place-value,3,pv-03-01,rem-ma-k,yes,content/courses/place-value/lessons/pv-03-01.json,38 + 9 = ?,47,2,2,no,no,PASS,authored-specific-rationale|authored-specific-rationale,0,PASS,KEEP
place-value,3,pv-03-02,k1,no,content/courses/place-value/lessons/pv-03-02.json,"In 38 + 26, a little 1 appears above the tens column. What is it?","A trade receipt: 8 + 6 = 14 ones, and ten of them traded up into 1 ten",70,49,yes,no,FAIL,authored-specific-rationale|place-value|place-value,0,PASS,REMEDIATE
place-value,3,pv-03-02,rem-ra-k,yes,content/courses/place-value/lessons/pv-03-02.json,26 + 17 = ?,43,2,3,no,no,PASS,place-value|place-value,0,PASS,KEEP
place-value,3,pv-03-03,k1,no,content/courses/place-value/lessons/pv-03-03.json,"In 63 − 38, the 6 becomes a 5 and the 3 becomes 13. What happened?","One ten traded down into 10 ones — 63 repackaged as 5 tens, 13 ones",67,47,yes,no,FAIL,place-value|place-value|place-value,0,PASS,REMEDIATE
place-value,3,pv-03-03,rem-rsu-k,yes,content/courses/place-value/lessons/pv-03-03.json,42 − 18 = ?,24,2,2,no,no,PASS,place-value|place-value,0,PASS,KEEP
place-value,3,pv-03-04,k1,no,content/courses/place-value/lessons/pv-03-04.json,Ben computes 623 − 385 and writes 762. How do you bust it in ONE glance?,762 is bigger than 623 — taking away can't grow the pile,56,46,no,yes,FAIL,authored-specific-rationale|authored-specific-rationale|authored-specific-rationale,0,PASS,REMEDIATE
place-value,3,pv-03-04,k3,no,content/courses/place-value/lessons/pv-03-04.json,"A hall seats 350. Classes of 98, 104, and 121 want in. Using estimates ALONE, can you be sure they all fit?","Yes — round every class UP (100 + 110 + 130 = 340), and they still fit",70,40,yes,no,FAIL,authored-specific-rationale|authored-specific-rationale|rate-vs-start,0,PASS,REMEDIATE
place-value,3,pv-03-04,rem-ec-k,yes,content/courses/place-value/lessons/pv-03-04.json,Which guard fits the problem 41 + 38?,40 + 40 = 80,12,30,no,no,PASS,authored-specific-rationale|place-value,0,PASS,KEEP
place-value,3,pv-04-01,k1,no,content/courses/place-value/lessons/pv-04-01.json,Which fact you ALREADY know unlocks 4 × 60?,4 × 6 — then read the answer in tens,36,42,no,no,PASS,place-value|authored-specific-rationale|place-value,0,PASS,KEEP
place-value,3,pv-04-01,rem-mt-k,yes,content/courses/place-value/lessons/pv-04-01.json,2 × 40 = ?,80,2,3,no,no,PASS,place-value|place-value,0,PASS,KEEP
place-value,3,pv-04-02,k1,no,content/courses/place-value/lessons/pv-04-02.json,"Why does 4 × 600 = 2,400 end in two zeros?","600 is 6 hundreds — the answer is 24 HUNDREDS, and hundreds end in two zeros",76,64,no,yes,FAIL,unit-conversion|place-value|place-value,0,PASS,REMEDIATE
place-value,3,pv-04-02,rem-zp-k,yes,content/courses/place-value/lessons/pv-04-02.json,4 × 50 = ?,200,3,4,no,no,PASS,place-value|place-value,0,PASS,KEEP
place-value,3,pv-04-03,k3,no,content/courses/place-value/lessons/pv-04-03.json,Tickets cost $20 each. Jo says 6 tickets cost $80 total. What does one glance tell you?,"Busted — six 20s make 12 tens, which is $120, not $80",53,36,no,no,PASS,authored-specific-rationale|place-value|authored-specific-rationale,0,PASS,KEEP
place-value,3,pv-04-03,rem-tp-k,yes,content/courses/place-value/lessons/pv-04-03.json,2 rows of 50 chairs — how many chairs?,100,3,2,no,no,PASS,place-value|place-value,0,PASS,KEEP
place-value-1000,2,pv1000-03-01,rem-pww-k,yes,content/courses/place-value-1000/lessons/pv1000-03-01.json,Write 347 in word form.,three hundred forty-seven,25,25,no,no,PASS,place-value|place-value,0,PASS,KEEP
place-value-1000,2,pv1000-03-02,rem-pcm-k,yes,content/courses/place-value-1000/lessons/pv1000-03-02.json,"Compare 275 and 312: <, =, or >?",<,1,1,no,no,PASS,place-value|place-value,0,PASS,KEEP
place-value-1000,2,pv1000-03-03,i1,no,content/courses/place-value-1000/lessons/pv1000-03-03.json,"Compare 340 and 304: <, =, or >?",>,1,1,no,no,PASS,place-value|place-value,0,PASS,KEEP
place-value-1000,2,pv1000-03-03,i3,no,content/courses/place-value-1000/lessons/pv1000-03-03.json,Write 730 in word form.,seven hundred thirty,20,19,no,no,PASS,place-value|place-value,0,PASS,KEEP
place-value-1000,2,pv1000-03-03,k2,no,content/courses/place-value-1000/lessons/pv1000-03-03.json,"Compare 456 and 459: <, =, or >?",<,1,1,no,no,PASS,place-value|place-value,0,PASS,KEEP
place-value-1000,2,pv1000-03-03,ch1,no,content/courses/place-value-1000/lessons/pv1000-03-03.json,"Compare 792 and 725: <, =, or >?",>,1,1,no,no,PASS,place-value|place-value,0,PASS,KEEP
place-value-1000,2,pv1000-03-03,rem-pom-k,yes,content/courses/place-value-1000/lessons/pv1000-03-03.json,"Compare 456 and 459: <, =, or >?",<,1,1,no,no,PASS,place-value|place-value,0,PASS,KEEP
place-value-million,4,pv2-01-01,k2,no,content/courses/place-value-million/lessons/pv2-01-01.json,What is 10 times 1 hundred-thousand?,1 million,9,14,no,no,PASS,authored-specific-rationale|authored-specific-rationale|authored-specific-rationale,0,PASS,KEEP
place-value-million,4,pv2-01-01,rem-pl-k,yes,content/courses/place-value-million/lessons/pv2-01-01.json,How many tens are in one hundred?,10,2,3,no,no,PASS,place-value|place-value,0,PASS,KEEP
place-value-million,4,pv2-01-02,rem-tt-k,yes,content/courses/place-value-million/lessons/pv2-01-02.json,What is 10 times 12?,120,3,4,no,no,PASS,authored-specific-rationale|authored-specific-rationale,0,PASS,KEEP
place-value-million,4,pv2-01-03,k2,no,content/courses/place-value-million/lessons/pv2-01-03.json,Which number equals 3 hundred-thousands + 2 ten-thousands + 5 ones?,"320,005",7,7,no,no,PASS,place-value|authored-specific-rationale|place-value,0,PASS,KEEP
place-value-million,4,pv2-01-03,rem-nm-k,yes,content/courses/place-value-million/lessons/pv2-01-03.json,"In 3,428, what is the value of the digit 4?",400,3,5,no,no,PASS,place-value|place-value,0,PASS,KEEP
place-value-million,4,pv2-02-01,k2,no,content/courses/place-value-million/lessons/pv2-02-01.json,"Which is the expanded form of 509,040?","500,000 + 9,000 + 40",20,22,no,no,PASS,place-value|authored-specific-rationale|place-value,0,PASS,KEEP
place-value-million,4,pv2-02-01,ch1,no,content/courses/place-value-million/lessons/pv2-02-01.json,"A number equals 800,000 + 6,000 + 30 + 1. Which is its word form?","eight hundred six thousand, thirty-one",38,45,no,no,PASS,authored-specific-rationale|authored-specific-rationale|authored-specific-rationale,0,PASS,KEEP
place-value-million,4,pv2-02-01,rem-nf-k,yes,content/courses/place-value-million/lessons/pv2-02-01.json,"3,000 + 200 + 5 in standard form is?","3,205",5,5,no,no,PASS,place-value|place-value,0,PASS,KEEP
place-value-million,4,pv2-02-02,k1,no,content/courses/place-value-million/lessons/pv2-02-02.json,"How do you read 500,009 aloud?","five hundred thousand, nine",27,29,no,no,PASS,place-value|authored-specific-rationale|authored-specific-rationale,0,PASS,KEEP
place-value-million,4,pv2-02-02,k2,no,content/courses/place-value-million/lessons/pv2-02-02.json,"How do you read 40,020 aloud?","forty thousand, twenty",22,29,no,no,PASS,authored-specific-rationale|place-value|authored-specific-rationale,0,PASS,KEEP
place-value-million,4,pv2-02-02,rem-rb-k,yes,content/courses/place-value-million/lessons/pv2-02-02.json,"How do you read 60,007 aloud?","sixty thousand, seven",21,23,no,no,PASS,place-value|authored-specific-rationale,0,PASS,KEEP
place-value-million,4,pv2-02-03,k1,no,content/courses/place-value-million/lessons/pv2-02-03.json,Which is the correctly comma-placed form of 9040?,"9,040",5,22,no,no,PASS,authored-specific-rationale|authored-specific-rationale|authored-specific-rationale,0,PASS,KEEP
place-value-million,4,pv2-02-03,k3,no,content/courses/place-value-million/lessons/pv2-02-03.json,"Priya writes 620345 as '6,20345.' What's wrong?","The last group must be exactly 3 digits — it should be 620,345",62,24,yes,no,FAIL,authored-specific-rationale|authored-specific-rationale|authored-specific-rationale,0,PASS,REMEDIATE
place-value-million,4,pv2-02-03,rem-cp-k,yes,content/courses/place-value-million/lessons/pv2-02-03.json,Which is the correctly comma-placed form of 8306?,"8,306",5,5,no,no,PASS,authored-specific-rationale|authored-specific-rationale,0,PASS,KEEP
place-value-million,4,pv2-03-01,rem-ra-k,yes,content/courses/place-value-million/lessons/pv2-03-01.json,"Round 4,700 to the nearest thousand.","5,000",5,5,no,no,PASS,place-value|authored-specific-rationale,0,PASS,KEEP
place-value-million,4,pv2-03-03,rem-fe-k,yes,content/courses/place-value-million/lessons/pv2-03-03.json,"Using front-end estimation, what does 6,842 become?","6,000",5,5,no,no,PASS,authored-specific-rationale|authored-specific-rationale,0,PASS,KEEP
place-value-million,4,pv2-04-01,k3,no,content/courses/place-value-million/lessons/pv2-04-01.json,The ones column sums to 14. You write 4 and carry the 1. Which column does that carried 1 join?,The tens column,15,22,no,no,PASS,place-value|place-value|place-value,0,PASS,KEEP
place-value-million,4,pv2-04-01,rem-ar-k,yes,content/courses/place-value-million/lessons/pv2-04-01.json,What is 26 + 17?,43,2,3,no,no,PASS,place-value|place-value,0,PASS,KEEP
place-value-million,4,pv2-04-02,k3,no,content/courses/place-value-million/lessons/pv2-04-02.json,"The hundreds digit breaks 1 into the tens column. Later, does the hundreds digit get that 1 back?",No — the break is spent for the rest of the problem,51,49,no,no,PASS,place-value|place-value|authored-specific-rationale,0,PASS,KEEP
place-value-million,4,pv2-04-02,rem-sr-k,yes,content/courses/place-value-million/lessons/pv2-04-02.json,What is 52 − 27?,25,2,2,no,no,PASS,place-value|place-value,0,PASS,KEEP
place-value-million,4,pv2-04-03,k3,no,content/courses/place-value-million/lessons/pv2-04-03.json,"When a borrow chain reaches past two zero digits to find a nonzero one, what happens to those two zeros?",Both become 9,13,27,no,no,PASS,place-value|authored-specific-rationale|authored-specific-rationale,0,PASS,KEEP
place-value-million,4,pv2-04-03,rem-sz-k,yes,content/courses/place-value-million/lessons/pv2-04-03.json,What is 703 − 256?,447,3,3,no,no,PASS,representation-read|place-value,0,PASS,KEEP
place-value-million,4,pv2-05-01,k1,no,content/courses/place-value-million/lessons/pv2-05-01.json,"Which is bigger: 999,999 or 1,000,000?","1,000,000 — it has 7 digits, one more than 999,999's 6",54,54,no,no,PASS,authored-specific-rationale|authored-specific-rationale|authored-specific-rationale,0,PASS,KEEP
place-value-million,4,pv2-05-01,k2,no,content/courses/place-value-million/lessons/pv2-05-01.json,"Compare 428,619 and 425,983 (same number of digits). Which is bigger, and why?","428,619 — they match until the thousands place, where 8 beats 5",63,61,no,no,PASS,authored-specific-rationale|authored-specific-rationale|authored-specific-rationale,0,PASS,KEEP
place-value-million,4,pv2-05-01,k3,no,content/courses/place-value-million/lessons/pv2-05-01.json,"Compare 87,654 and 876,540. Which is bigger?","876,540 — it has 6 digits, one more than 87,654's 5",51,54,no,no,PASS,authored-specific-rationale|authored-specific-rationale|authored-specific-rationale,0,PASS,KEEP
place-value-million,4,pv2-05-01,rem-cb-k,yes,content/courses/place-value-million/lessons/pv2-05-01.json,"Which is bigger: 999 or 5,200?","5,200 — it has 4 digits, one more than 999's 3",46,36,no,no,PASS,authored-specific-rationale|authored-specific-rationale,0,PASS,KEEP
place-value-million,4,pv2-05-02,k1,no,content/courses/place-value-million/lessons/pv2-05-02.json,"Ordering least to greatest, which comes FIRST: 62,900 or 62,400?","62,400",6,30,no,no,PASS,place-value|place-value|place-value,0,PASS,KEEP
place-value-million,4,pv2-05-02,k2,no,content/courses/place-value-million/lessons/pv2-05-02.json,"Among 450,000, 6,000, 45,300, and 45,000 — which is the SECOND-greatest?","45,300",6,7,no,no,PASS,authored-specific-rationale|place-value|authored-specific-rationale,0,PASS,KEEP
place-value-million,4,pv2-05-02,rem-ob-k,yes,content/courses/place-value-million/lessons/pv2-05-02.json,"Among 82, 900, and 75, which is GREATEST?",900,3,2,no,no,PASS,authored-specific-rationale|authored-specific-rationale,0,PASS,KEEP
polar-parametric,12,pp-01-01,k2,no,content/courses/polar-parametric/lessons/pp-01-01.json,"The polar point (−2, 0) is the same as which point?","(2, π)",6,7,no,no,PASS,sign-direction|sign-direction,0,PASS,KEEP
polar-parametric,12,pp-01-01,k3,no,content/courses/polar-parametric/lessons/pp-01-01.json,"Which is NOT the same point as (4, π/6)?","(4, 7π/6)",9,10,no,no,PASS,authored-specific-rationale|sign-direction,0,PASS,KEEP
polar-parametric,12,pp-01-01,ch1,no,content/courses/polar-parametric/lessons/pp-01-01.json,"Which is a valid negative-r name for (3, 3π/4)?","(−3, −π/4)",10,10,no,no,PASS,authored-specific-rationale|sign-direction,0,PASS,KEEP
polar-parametric,12,pp-01-01,rem-pp0101-k,yes,content/courses/polar-parametric/lessons/pp-01-01.json,"Where is the polar point (1, π/2)?","(0, 1)",6,7,no,no,PASS,authored-specific-rationale|authored-specific-rationale,0,PASS,KEEP
polar-parametric,12,pp-01-03,k1,no,content/courses/polar-parametric/lessons/pp-01-03.json,"For (1, √3), what is θ?",π/3,3,4,no,no,PASS,authored-specific-rationale|sign-direction,0,PASS,KEEP
polar-parametric,12,pp-01-03,k2,no,content/courses/polar-parametric/lessons/pp-01-03.json,"For (−1, √3), the correct polar angle is:",2π/3,4,4,no,no,PASS,authored-specific-rationale|authored-specific-rationale,0,PASS,KEEP
polar-parametric,12,pp-01-03,k3,no,content/courses/polar-parametric/lessons/pp-01-03.json,"For (−1, −1), the correct polar angle is:",5π/4,4,4,no,no,PASS,authored-specific-rationale|sign-direction,0,PASS,KEEP
polar-parametric,12,pp-02-01,k1,no,content/courses/polar-parametric/lessons/pp-02-01.json,The polar equation r = 2 cos θ graphs:,"A circle of radius 1 centered at (1, 0)",39,43,no,no,PASS,authored-specific-rationale|authored-specific-rationale,0,PASS,KEEP
polar-parametric,12,pp-02-01,k3,no,content/courses/polar-parametric/lessons/pp-02-01.json,At what angle does r = 2 cos θ pass through the pole (r = 0)?,θ = π/2,7,5,no,no,PASS,authored-specific-rationale|authored-specific-rationale,0,PASS,KEEP
polar-parametric,12,pp-02-01,rem-pp0201-k,yes,content/courses/polar-parametric/lessons/pp-02-01.json,r = 5 graphs:,A circle of radius 5 at the origin,34,27,no,no,PASS,authored-specific-rationale|authored-specific-rationale,0,PASS,KEEP
polar-parametric,12,pp-02-02,k3,no,content/courses/polar-parametric/lessons/pp-02-02.json,Describe r = 3 sin(5θ).,"5 petals, each 3 units long",27,28,no,no,PASS,unit-conversion|unit-conversion,0,PASS,KEEP
polar-parametric,12,pp-02-03,k1,no,content/courses/polar-parametric/lessons/pp-02-03.json,Which is a cardioid?,r = 3 + 3 cos θ,15,15,no,no,PASS,authored-specific-rationale|authored-specific-rationale,0,PASS,KEEP
polar-parametric,12,pp-02-03,k3,no,content/courses/polar-parametric/lessons/pp-02-03.json,What shape is r = 5 + 2 cos θ?,Convex (a/b = 2.5 ≥ 2),22,8,no,yes,FAIL,authored-specific-rationale|authored-specific-rationale,0,PASS,REMEDIATE
polar-parametric,12,pp-02-03,rem-pp0203-k,yes,content/courses/polar-parametric/lessons/pp-02-03.json,What shape is r = 2 + 2 cos θ?,Cardioid,8,10,no,no,PASS,authored-specific-rationale|authored-specific-rationale,0,PASS,KEEP
polar-parametric,12,pp-03-01,k2,no,content/courses/polar-parametric/lessons/pp-03-01.json,The argument of z = −1 + i is:,3π/4,4,4,no,no,PASS,authored-specific-rationale|authored-specific-rationale,0,PASS,KEEP
polar-parametric,12,pp-03-03,k1,no,content/courses/polar-parametric/lessons/pp-03-03.json,The three cube roots of 8 are spaced how far apart?,120° (2π/3),11,4,no,no,PASS,authored-specific-rationale|authored-specific-rationale,0,PASS,KEEP
polar-parametric,12,pp-03-03,k2,no,content/courses/polar-parametric/lessons/pp-03-03.json,Which is one of the cube roots of 8?,2 (the k = 0 root),18,1,no,no,PASS,authored-specific-rationale|inside-vs-derivative,0,PASS,KEEP
polar-parametric,12,pp-03-03,k3,no,content/courses/polar-parametric/lessons/pp-03-03.json,Which is a fourth root of 1?,i,1,5,no,no,PASS,unit-conversion|unit-conversion,0,PASS,KEEP
polar-parametric,12,pp-04-01,k1,no,content/courses/polar-parametric/lessons/pp-04-01.json,"For x = t + 1, y = 2t, as t increases the point moves:",up and to the right,19,20,no,no,PASS,sign-direction|representation-read,0,PASS,KEEP
polar-parametric,12,pp-04-01,k2,no,content/courses/polar-parametric/lessons/pp-04-01.json,"x = cos t, y = sin t starts at (1, 0). At t = π/2 it reaches (0, 1), so it travels:",counterclockwise,16,24,no,no,PASS,authored-specific-rationale|authored-specific-rationale,0,PASS,KEEP
polar-parametric,12,pp-04-01,k3,no,content/courses/polar-parametric/lessons/pp-04-01.json,"Why can x = t², y = t trace a curve that's NOT a function y = f(x)?",Different t values (like ±1) give the same x but different y,60,29,yes,no,FAIL,sign-direction|authored-specific-rationale,0,PASS,REMEDIATE
polar-parametric,12,pp-04-02,i1,no,content/courses/polar-parametric/lessons/pp-04-02.json,"x = t + 1, y = 2t. Eliminating t gives:",y = 2x − 2,10,10,no,no,PASS,sign-direction|authored-specific-rationale,0,PASS,KEEP
polar-parametric,12,pp-04-02,rem-pp0402-k,yes,content/courses/polar-parametric/lessons/pp-04-02.json,"Eliminate t from x = t, y = 3t.",y = 3x,6,9,no,no,PASS,authored-specific-rationale|inside-vs-derivative,0,PASS,KEEP
polar-parametric,12,pp-04-03,i1,no,content/courses/polar-parametric/lessons/pp-04-03.json,A parametrization of y = 3x + 1 is:,"x = t, y = 3t + 1",17,17,no,no,PASS,authored-specific-rationale|authored-specific-rationale,0,PASS,KEEP
polar-parametric,12,pp-04-03,rem-pp0403-k,yes,content/courses/polar-parametric/lessons/pp-04-03.json,Parametrize y = x².,"x = t, y = t²",13,13,no,no,PASS,authored-specific-rationale|authored-specific-rationale,0,PASS,KEEP
polar-parametric,12,pp-05-01,k1,no,content/courses/polar-parametric/lessons/pp-05-01.json,Why does the horizontal speed stay constant during flight?,"Gravity acts only vertically, leaving horizontal motion untouched",65,53,no,no,PASS,authored-specific-rationale|sign-direction,0,PASS,KEEP
polar-parametric,12,pp-05-01,k3,no,content/courses/polar-parametric/lessons/pp-05-01.json,"At the very top of its arc, the ball's VERTICAL velocity is:",zero,4,10,no,no,PASS,authored-specific-rationale|authored-specific-rationale,0,PASS,KEEP
polar-parametric,12,pp-05-03,i1,no,content/courses/polar-parametric/lessons/pp-05-03.json,"For x = 15t, solving for t gives:",t = x/15,8,10,no,no,PASS,authored-specific-rationale|inside-vs-derivative,0,PASS,KEEP
polar-parametric,12,pp-05-03,k1,no,content/courses/polar-parametric/lessons/pp-05-03.json,"After eliminating t, the trajectory y in terms of x is:",a downward parabola (negative x² coefficient),45,18,yes,no,FAIL,authored-specific-rationale|sign-direction,0,PASS,REMEDIATE
polygons-quadrilaterals,10,pq-01-02,i2,no,content/courses/polygons-quadrilaterals/lessons/pq-01-02.json,You need the interior angle sum of a 50-gon and also one exterior angle question. Which fact requires NO formula at all?,The exterior sum — it's 360° for every polygon,46,36,no,no,PASS,authored-specific-rationale|authored-specific-rationale|authored-specific-rationale,0,PASS,KEEP
polygons-quadrilaterals,10,pq-01-03,i1,no,content/courses/polygons-quadrilaterals/lessons/pq-01-03.json,"As a regular polygon gains more and more sides, what happens to each interior angle?",It climbs toward 180° without reaching it — the shape rounds toward a circle,76,31,yes,yes,FAIL,authored-specific-rationale|authored-specific-rationale|place-value,0,PASS,REMEDIATE
polygons-quadrilaterals,10,pq-02-01,i2,no,content/courses/polygons-quadrilaterals/lessons/pq-02-01.json,"In parallelogram ABCD (vertices in order), which side is OPPOSITE side AB?",CD,2,15,no,no,PASS,authored-specific-rationale|authored-specific-rationale|authored-specific-rationale,0,PASS,KEEP
polygons-quadrilaterals,10,pq-02-02,i1,no,content/courses/polygons-quadrilaterals/lessons/pq-02-02.json,∠A = 65° in parallelogram ABCD. What's the full angle inventory?,"65°, 115°, 65°, 115° — and they total 360°",42,42,no,yes,FAIL,authored-specific-rationale|authored-specific-rationale|authored-specific-rationale,0,PASS,REMEDIATE
polygons-quadrilaterals,10,pq-02-02,i2,no,content/courses/polygons-quadrilaterals/lessons/pq-02-02.json,"A quadrilateral has angles 70°, 110°, 70°, 110° in order around the shape. Could it be a parallelogram?","Yes — opposite angles match and consecutive ones supplement, exactly the parallelogram pattern",94,44,yes,no,FAIL,authored-specific-rationale|authored-specific-rationale|authored-specific-rationale,0,PASS,REMEDIATE
polygons-quadrilaterals,10,pq-02-03,k3,no,content/courses/polygons-quadrilaterals/lessons/pq-02-03.json,Which diagonal property holds in EVERY parallelogram?,They bisect each other,22,29,no,no,PASS,sign-direction|authored-specific-rationale|authored-specific-rationale,0,PASS,KEEP
polygons-quadrilaterals,10,pq-02-03,i2,no,content/courses/polygons-quadrilaterals/lessons/pq-02-03.json,AO = 2x + 3 and OC = x + 8 on diagonal AC of a parallelogram. Which equation finds x?,2x + 3 = x + 8,14,24,no,no,PASS,authored-specific-rationale|authored-specific-rationale|authored-specific-rationale,0,PASS,KEEP
polygons-quadrilaterals,10,pq-03-01,k2,no,content/courses/polygons-quadrilaterals/lessons/pq-03-01.json,"In rectangle ABCD with diagonals meeting at O, which statement is true because it's a RECTANGLE (not just a parallelogram)?",AC = BD,7,7,no,no,PASS,authored-specific-rationale|authored-specific-rationale|authored-specific-rationale,0,PASS,KEEP
polygons-quadrilaterals,10,pq-03-01,ch,no,content/courses/polygons-quadrilaterals/lessons/pq-03-01.json,A carpenter measures a doorframe's two diagonals and finds them equal (the frame's opposite sides are already equal). What's certified?,The frame is a true rectangle — right angles guaranteed,55,49,no,no,PASS,authored-specific-rationale|authored-specific-rationale|authored-specific-rationale,0,PASS,KEEP
polygons-quadrilaterals,10,pq-03-01,rem-pq-rectangle-k,yes,content/courses/polygons-quadrilaterals/lessons/pq-03-01.json,Diagonals that bisect each other: parallelogram property or rectangle upgrade?,Parallelogram property — every parallelogram's diagonals bisect each other,74,42,yes,no,FAIL,authored-specific-rationale|authored-specific-rationale|authored-specific-rationale,0,PASS,REMEDIATE
polygons-quadrilaterals,10,pq-03-03,k3,no,content/courses/polygons-quadrilaterals/lessons/pq-03-03.json,Which statement is TRUE?,"Every square is a rhombus, but not every rhombus is a square",60,60,no,no,PASS,authored-specific-rationale|authored-specific-rationale|authored-specific-rationale,0,PASS,KEEP
polygons-quadrilaterals,10,pq-03-03,ch,no,content/courses/polygons-quadrilaterals/lessons/pq-03-03.json,A quadrilateral is known to be a rectangle. Which ONE additional fact certifies it's a square?,Two consecutive sides are congruent,35,31,no,no,PASS,authored-specific-rationale|authored-specific-rationale|authored-specific-rationale,0,PASS,KEEP
polygons-quadrilaterals,10,pq-03-03,rem-pq-square-k,yes,content/courses/polygons-quadrilaterals/lessons/pq-03-03.json,A square's diagonals are perpendicular. Which parent supplies that property?,The rhombus side of the family (all sides congruent),52,51,no,no,PASS,authored-specific-rationale|authored-specific-rationale|authored-specific-rationale,0,PASS,KEEP
polygons-quadrilaterals,10,pq-04-01,i2,no,content/courses/polygons-quadrilaterals/lessons/pq-04-01.json,Congruent diagonals appear in which two families met so far?,Rectangles and isosceles trapezoids,35,37,no,no,PASS,authored-specific-rationale|authored-specific-rationale|authored-specific-rationale,0,PASS,KEEP
polygons-quadrilaterals,10,pq-04-02,i1,no,content/courses/polygons-quadrilaterals/lessons/pq-04-02.json,Shrink a trapezoid's top base toward length 0 (the shape becomes a triangle). What does m = (b₁ + b₂)/2 turn into?,m = b₁/2 — exactly the triangle midsegment theorem,50,40,no,no,PASS,authored-specific-rationale|authored-specific-rationale|authored-specific-rationale,0,PASS,KEEP
polygons-quadrilaterals,10,pq-04-03,i2,no,content/courses/polygons-quadrilaterals/lessons/pq-04-03.json,Why does Area = ½·d₁·d₂ work for rhombi too?,"A rhombus IS a kite (both consecutive pairs congruent — all four sides), and its diagonals are also perpendicular",113,43,yes,no,FAIL,authored-specific-rationale|exponent-rule|authored-specific-rationale,0,PASS,REMEDIATE
polygons-quadrilaterals,10,pq-04-03,rem-pq-kite-k,yes,content/courses/polygons-quadrilaterals/lessons/pq-04-03.json,A kite's diagonals always:,Meet at right angles,20,25,no,no,PASS,representation-read|authored-specific-rationale|authored-specific-rationale,0,PASS,KEEP
polygons-quadrilaterals,10,pq-05-01,i1,no,content/courses/polygons-quadrilaterals/lessons/pq-05-01.json,What's the logical difference between a parallelogram PROPERTY and a parallelogram TEST?,A property flows FROM knowing it's a parallelogram; a test flows TOWARD that conclusion — converse directions,109,43,yes,yes,FAIL,rate-vs-start|sign-direction|authored-specific-rationale,0,PASS,REMEDIATE
polygons-quadrilaterals,10,pq-05-01,k2,no,content/courses/polygons-quadrilaterals/lessons/pq-05-01.json,"“One pair of opposite sides is parallel, and the OTHER pair is congruent.” Which figure proves this is NOT a valid parallelogram test?",An isosceles trapezoid,22,33,no,no,PASS,authored-specific-rationale|authored-specific-rationale|authored-specific-rationale,0,PASS,KEEP
polygons-quadrilaterals,10,pq-05-01,k3,no,content/courses/polygons-quadrilaterals/lessons/pq-05-01.json,Which single fact about quadrilateral PQRS certifies it is a parallelogram?,"PQ ≅ SR and PQ ∥ SR (the same pair, both jobs)",46,41,no,no,PASS,authored-specific-rationale|authored-specific-rationale|authored-specific-rationale,0,PASS,KEEP
polygons-quadrilaterals,10,pq-05-01,ch,no,content/courses/polygons-quadrilaterals/lessons/pq-05-01.json,"A builder knows: AB ≅ CD, and AD ∥ BC. Which ONE additional measurement certifies a parallelogram?",Show AD ≅ BC — then the parallel pair is also congruent (test 4),64,38,yes,yes,FAIL,authored-specific-rationale|authored-specific-rationale|authored-specific-rationale,0,PASS,REMEDIATE
polygons-quadrilaterals,10,pq-05-01,rem-pq-para-tests-k,yes,content/courses/polygons-quadrilaterals/lessons/pq-05-01.json,Which is a VALID parallelogram test?,One pair of opposite sides is both congruent AND parallel,57,70,no,no,PASS,authored-specific-rationale|authored-specific-rationale|authored-specific-rationale,0,PASS,KEEP
polygons-quadrilaterals,10,pq-05-02,k1,no,content/courses/polygons-quadrilaterals/lessons/pq-05-02.json,"“A rectangle is a parallelogram.” Always, sometimes, or never?",Always — rectangle is DEFINED as a special parallelogram,56,40,no,no,PASS,authored-specific-rationale|authored-specific-rationale|authored-specific-rationale,0,PASS,KEEP
polygons-quadrilaterals,10,pq-05-02,k2,no,content/courses/polygons-quadrilaterals/lessons/pq-05-02.json,"“A parallelogram is a rectangle.” Always, sometimes, or never?",Sometimes — exactly when it has a right angle,45,48,no,no,PASS,authored-specific-rationale|authored-specific-rationale|authored-specific-rationale,0,PASS,KEEP
polygons-quadrilaterals,10,pq-05-02,k3,no,content/courses/polygons-quadrilaterals/lessons/pq-05-02.json,"Under this course's convention, “a parallelogram is a trapezoid” is:",Never true — exactly one parallel pair excludes two-pair figures,64,47,no,no,PASS,authored-specific-rationale|authored-specific-rationale|authored-specific-rationale,0,PASS,KEEP
polygons-quadrilaterals,10,pq-05-02,i2,no,content/courses/polygons-quadrilaterals/lessons/pq-05-02.json,"“A rhombus is a kite.” Under the standard (inclusive) kite definition used in ch4, this is:",Always — all four sides congruent gives BOTH consecutive pairs congruent,72,45,yes,no,FAIL,authored-specific-rationale|authored-specific-rationale|authored-specific-rationale,0,PASS,REMEDIATE
polygons-quadrilaterals,10,pq-05-02,ch,no,content/courses/polygons-quadrilaterals/lessons/pq-05-02.json,Verdicts for: (A) a square is a rectangle; (B) a rectangle is a square; (C) a rhombus is a trapezoid.,A: always. B: sometimes. C: never,33,40,no,no,PASS,authored-specific-rationale|authored-specific-rationale|authored-specific-rationale,0,PASS,KEEP
polygons-quadrilaterals,10,pq-05-02,rem-pq-hierarchy-k,yes,content/courses/polygons-quadrilaterals/lessons/pq-05-02.json,“A rhombus is a parallelogram” is:,Always true — up the tree,25,21,no,yes,FAIL,authored-specific-rationale|authored-specific-rationale|authored-specific-rationale,0,PASS,REMEDIATE
polygons-quadrilaterals,10,pq-05-03,k3,no,content/courses/polygons-quadrilaterals/lessons/pq-05-03.json,"A figure shows tick marks: the two TOP sides match each other, the two BOTTOM sides match each other (top ≠ bottom). No other marks. Most specific name?",Kite — two pairs of congruent CONSECUTIVE sides,47,44,no,no,PASS,authored-specific-rationale|authored-specific-rationale|authored-specific-rationale,0,PASS,KEEP
polygons-quadrilaterals,10,pq-05-03,i2,no,content/courses/polygons-quadrilaterals/lessons/pq-05-03.json,"You've certified a shape as an ISOSCELES TRAPEZOID and need a diagonal's length, knowing the other diagonal. What do you know instantly?",The diagonals are congruent — the unknown equals the known,58,46,no,no,PASS,authored-specific-rationale|place-value|authored-specific-rationale,0,PASS,KEEP
polygons-quadrilaterals,10,pq-05-03,rem-pq-capstone-k,yes,content/courses/polygons-quadrilaterals/lessons/pq-05-03.json,Diagonals bisect each other and are congruent — no other marks. Most specific name?,Rectangle,9,40,no,no,PASS,authored-specific-rationale|authored-specific-rationale|sign-direction,0,PASS,KEEP
polynomial-functions,11,pf-01-01,k3,no,content/courses/polynomial-functions/lessons/pf-01-01.json,Which of these is NOT a polynomial function?,f(x) = √x + 1,13,13,no,no,PASS,exponent-rule|unit-conversion|unit-conversion,0,PASS,KEEP
polynomial-functions,11,pf-01-02,i1,no,content/courses/polynomial-functions/lessons/pf-01-02.json,What is the end behavior of f(x) = x³?,"falls to the left, rises to the right",37,37,no,no,PASS,unit-conversion|sign-direction|sign-direction,0,PASS,KEEP
polynomial-functions,11,pf-01-02,k2,no,content/courses/polynomial-functions/lessons/pf-01-02.json,Which function RISES on both ends?,f(x) = 3x⁶ − x,14,14,no,no,PASS,unit-conversion|sign-direction|sign-direction,0,PASS,KEEP
polynomial-functions,11,pf-01-02,k3,no,content/courses/polynomial-functions/lessons/pf-01-02.json,"As x goes far NEGATIVE, what does f(x) = 5x⁷ + x² do?",plunges toward −∞,17,18,no,no,PASS,sign-direction|authored-specific-rationale|sign-direction,0,PASS,KEEP
polynomial-functions,11,pf-01-02,rem-pf0102-k,yes,content/courses/polynomial-functions/lessons/pf-01-02.json,What is the end behavior of f(x) = x⁴?,rises on both ends,18,23,no,no,PASS,sign-direction|unit-conversion|unit-conversion,0,PASS,KEEP
polynomial-functions,11,pf-01-03,k1,no,content/courses/polynomial-functions/lessons/pf-01-03.json,"For very large x, which term of f(x) = −3x⁴ + 100x³ − 500 controls the value?",−3x⁴,4,16,no,no,PASS,representation-read|exponent-rule|exponent-rule,0,PASS,KEEP
polynomial-functions,11,pf-01-03,k2,no,content/courses/polynomial-functions/lessons/pf-01-03.json,What is the end behavior of f(x) = −2x⁵ + 90x⁴ + 7x?,"rises to the left, falls to the right",37,37,no,no,PASS,sign-direction|unit-conversion|unit-conversion,0,PASS,KEEP
polynomial-functions,11,pf-01-03,rem-pf0103-k,yes,content/courses/polynomial-functions/lessons/pf-01-03.json,"At x = 100, which term of f(x) = x² + 10x is larger?","x², at 10,000",13,14,no,no,PASS,authored-specific-rationale|authored-specific-rationale|authored-specific-rationale,0,PASS,KEEP
polynomial-functions,11,pf-02-01,i1,no,content/courses/polynomial-functions/lessons/pf-02-01.json,What are the zeros of f(x) = (x − 4)(x + 1)(x − 2)?,"4, −1, and 2",12,14,no,no,PASS,authored-specific-rationale|sign-direction|sign-direction,0,PASS,KEEP
polynomial-functions,11,pf-02-01,rem-pf0201-k,yes,content/courses/polynomial-functions/lessons/pf-02-01.json,What are the zeros of f(x) = (x − 7)(x + 3)?,7 and −3,8,9,no,no,PASS,sign-direction|sign-direction|sign-direction,0,PASS,KEEP
polynomial-functions,11,pf-02-02,k1,no,content/courses/polynomial-functions/lessons/pf-02-02.json,"In f(x) = (x + 1)³(x − 2)², what does the graph do at x = −1?",crosses the axis (flattened),28,20,no,no,PASS,representation-read|authored-specific-rationale|authored-specific-rationale,0,PASS,KEEP
polynomial-functions,11,pf-02-02,i2,no,content/courses/polynomial-functions/lessons/pf-02-02.json,"Same function, f(x) = (x + 1)³(x − 2)². What happens at x = 2?",the graph bounces off the axis,30,26,no,no,PASS,sign-direction|authored-specific-rationale|authored-specific-rationale,0,PASS,KEEP
polynomial-functions,11,pf-02-02,ch1,no,content/courses/polynomial-functions/lessons/pf-02-02.json,"For f(x) = x²(x − 4), what does the graph do at its zeros?","bounces at 0, crosses at 4",26,26,no,no,PASS,authored-specific-rationale|sign-direction|authored-specific-rationale,0,PASS,KEEP
polynomial-functions,11,pf-02-02,rem-pf0202-k,yes,content/courses/polynomial-functions/lessons/pf-02-02.json,"For f(x) = (x − 6)², what does the graph do at x = 6?",bounces off the axis,20,22,no,no,PASS,sign-direction|representation-read|representation-read,0,PASS,KEEP
polynomial-functions,11,pf-02-03,k2,no,content/courses/polynomial-functions/lessons/pf-02-03.json,"Since f(−2) = 0 for f(x) = x³ + 8, which is guaranteed to be a factor?",(x + 2),7,8,no,no,PASS,authored-specific-rationale|authored-specific-rationale|authored-specific-rationale,0,PASS,KEEP
polynomial-functions,11,pf-02-03,k3,no,content/courses/polynomial-functions/lessons/pf-02-03.json,"If (x − 3) is a factor of f(x), what must be true?",f(3) = 0,8,9,no,no,PASS,rate-vs-start|authored-specific-rationale|authored-specific-rationale,0,PASS,KEEP
polynomial-functions,11,pf-03-01,i1,no,content/courses/polynomial-functions/lessons/pf-03-01.json,"Dividing (x² + 7x + 12) by (x + 3), what is the FIRST term of the quotient?",x,1,2,no,no,PASS,unit-conversion|authored-specific-rationale|authored-specific-rationale,0,PASS,KEEP
polynomial-functions,11,pf-03-01,k2,no,content/courses/polynomial-functions/lessons/pf-03-01.json,A division claims (x² + 3x + 5) = (x + 1)·q(x) + r. What is the fastest full check?,"expand (x + 1)·q(x), add r, compare to x² + 3x + 5",50,46,no,no,PASS,authored-specific-rationale|inside-vs-derivative|inside-vs-derivative,0,PASS,KEEP
polynomial-functions,11,pf-03-01,rem-pf0301-k,yes,content/courses/polynomial-functions/lessons/pf-03-01.json,"After the first pass leaves 4x + 4, what is the final quotient of (x² + 5x + 4) ÷ (x + 1)?",x + 4,5,6,no,no,PASS,authored-specific-rationale|authored-specific-rationale|authored-specific-rationale,0,PASS,KEEP
polynomial-functions,11,pf-03-02,i1,no,content/courses/polynomial-functions/lessons/pf-03-02.json,"To divide x³ − 2x² − 5x + 6 by (x − 1) synthetically, what number goes in the box, and what's the top row?","1, with coefficients 1, −2, −5, 6",33,34,no,no,PASS,authored-specific-rationale|representation-read|sign-direction,0,PASS,KEEP
polynomial-functions,11,pf-03-02,k3,no,content/courses/polynomial-functions/lessons/pf-03-02.json,"To divide by (x + 3) synthetically, what goes in the box?",−3,2,14,no,no,PASS,authored-specific-rationale|inside-vs-derivative|fraction-denominator,0,PASS,KEEP
polynomial-functions,11,pf-03-03,k3,no,content/courses/polynomial-functions/lessons/pf-03-03.json,You verified f(5) = 0 and then divide f by (x − 5). What remainder MUST appear?,0,1,26,no,no,PASS,authored-specific-rationale|rate-vs-start|authored-specific-rationale,0,PASS,KEEP
polynomial-functions,11,pf-03-03,rem-pf0303-k,yes,content/courses/polynomial-functions/lessons/pf-03-03.json,"Given f(2) = 0 for f(x) = x² − x − 2, what is the complete factorization?",(x − 2)(x + 1),14,14,no,no,PASS,authored-specific-rationale|authored-specific-rationale|authored-specific-rationale,0,PASS,KEEP
polynomial-functions,11,pf-04-01,i1,no,content/courses/polynomial-functions/lessons/pf-04-01.json,x⁴ − 5x² + 4 factors first as (x² − 4)(x² − 1). Why do those two numbers work?,−4 and −1 multiply to 4 and add to −5,37,37,no,no,PASS,authored-specific-rationale|sign-direction|authored-specific-rationale,0,PASS,KEEP
polynomial-functions,11,pf-04-01,i2,no,content/courses/polynomial-functions/lessons/pf-04-01.json,Factor 2x³ − 8x completely.,2x(x − 2)(x + 2),16,10,no,no,PASS,authored-specific-rationale|place-value|authored-specific-rationale,0,PASS,KEEP
polynomial-functions,11,pf-04-01,rem-pf0401-k,yes,content/courses/polynomial-functions/lessons/pf-04-01.json,What is the FIRST split of x⁴ − 3x² + 2?,(x² − 1)(x² − 2),16,16,no,no,PASS,sign-direction|authored-specific-rationale|inside-vs-derivative,0,PASS,KEEP
polynomial-functions,11,pf-04-02,i1,no,content/courses/polynomial-functions/lessons/pf-04-02.json,Group x³ + 5x² + 4x + 20 as x²(x + 5) + 4(x + 5). What comes next?,pull out (x + 5): (x + 5)(x² + 4),33,33,no,no,PASS,authored-specific-rationale|authored-specific-rationale|inside-vs-derivative,0,PASS,KEEP
polynomial-functions,11,pf-04-02,i2,no,content/courses/polynomial-functions/lessons/pf-04-02.json,Factor x³ − 2x² + 5x − 10 by grouping.,(x − 2)(x² + 5),15,19,no,no,PASS,sign-direction|sign-direction|authored-specific-rationale,0,PASS,KEEP
polynomial-functions,11,pf-04-02,k2,no,content/courses/polynomial-functions/lessons/pf-04-02.json,"After grouping, you get x²(x + 4) + 3(x + 2). What does this tell you?",the grouping failed — the binomials must match,46,27,yes,yes,FAIL,authored-specific-rationale|authored-specific-rationale|rate-vs-start,0,PASS,REMEDIATE
polynomial-functions,11,pf-04-02,rem-pf0402-k,yes,content/courses/polynomial-functions/lessons/pf-04-02.json,Group x³ + 4x² + 3x + 12 in pairs. What appears?,x²(x + 4) + 3(x + 4),20,20,no,no,PASS,authored-specific-rationale|authored-specific-rationale|authored-specific-rationale,0,PASS,KEEP
polynomial-functions,11,pf-04-03,i1,no,content/courses/polynomial-functions/lessons/pf-04-03.json,Factor x³ − 8.,(x − 2)(x² + 2x + 4),20,20,no,no,PASS,sign-direction|authored-specific-rationale|authored-specific-rationale,0,PASS,KEEP
polynomial-functions,11,pf-04-03,k2,no,content/courses/polynomial-functions/lessons/pf-04-03.json,How many REAL zeros does f(x) = x³ + 27 have?,one: x = −3,11,19,no,no,PASS,authored-specific-rationale|unit-conversion|authored-specific-rationale,0,PASS,KEEP
polynomial-functions,11,pf-04-03,rem-pf0403-k,yes,content/courses/polynomial-functions/lessons/pf-04-03.json,What is the first factor of x³ − 64?,(x − 4),7,8,no,no,PASS,authored-specific-rationale|sign-direction|authored-specific-rationale,0,PASS,KEEP
polynomial-functions,11,pf-05-01,i2,no,content/courses/polynomial-functions/lessons/pf-05-01.json,"Test x = 0, between the zeros of f(x) = (x + 2)(x − 1)². What does f(0) = 2 tell you?",the graph sits ABOVE the axis between −2 and 1,46,47,no,no,PASS,sign-direction|sign-direction|authored-specific-rationale,0,PASS,KEEP
polynomial-functions,11,pf-05-01,k3,no,content/courses/polynomial-functions/lessons/pf-05-01.json,"For g(x) = (x − 3)(x + 3) · x², what does the graph do at x = 0?",bounces on the axis at the origin,33,25,no,no,PASS,sign-direction|authored-specific-rationale|rate-vs-start,0,PASS,KEEP
polynomial-functions,11,pf-05-02,k1,no,content/courses/polynomial-functions/lessons/pf-05-02.json,A graph rises on BOTH ends and shows some turning points. Which count is possible?,3,1,1,no,no,PASS,authored-specific-rationale|authored-specific-rationale|authored-specific-rationale,0,PASS,KEEP
polynomial-functions,11,pf-05-02,k2,no,content/courses/polynomial-functions/lessons/pf-05-02.json,Can a degree-3 polynomial have 4 turning points?,no — a cubic allows at most 2,29,36,no,no,PASS,authored-specific-rationale|authored-specific-rationale|authored-specific-rationale,0,PASS,KEEP
polynomial-functions,11,pf-05-03,k1,no,content/courses/polynomial-functions/lessons/pf-05-03.json,A graph BOUNCES at x = 5 and CROSSES at x = −2. What is the smallest-degree monic polynomial matching it?,(x − 5)²(x + 2),15,16,no,no,PASS,authored-specific-rationale|sign-direction|authored-specific-rationale,0,PASS,KEEP
polynomial-functions,11,pf-05-03,k2,no,content/courses/polynomial-functions/lessons/pf-05-03.json,"Squares of side x are cut from the corners of a 10-by-8 sheet, and the sides fold up into a box. Which is the volume?",V(x) = x(10 − 2x)(8 − 2x),25,24,no,no,PASS,authored-specific-rationale|authored-specific-rationale|authored-specific-rationale,0,PASS,KEEP
polynomial-functions,11,pf-05-03,rem-pf0503-k,yes,content/courses/polynomial-functions/lessons/pf-05-03.json,What is the smallest monic polynomial with zeros 4 and −4?,(x − 4)(x + 4),14,16,no,no,PASS,sign-direction|sign-direction|authored-specific-rationale,0,PASS,KEEP
polynomial-rational-analysis,12,pra-01-01,k3,no,content/courses/polynomial-rational-analysis/lessons/pra-01-01.json,Which statement about the Rational Root Theorem is true?,"Every rational zero must appear on the list, but candidates can all fail",72,39,yes,no,FAIL,authored-specific-rationale|authored-specific-rationale,0,PASS,REMEDIATE
polynomial-rational-analysis,12,pra-01-02,k2,no,content/courses/polynomial-rational-analysis/lessons/pra-01-02.json,g(x) = 2x³ − 3x² − 3x + 2. Testing the candidate c = 1/2 gives g(1/2) = ?,0 — so (2x − 1) is a factor,27,27,no,no,PASS,authored-specific-rationale|authored-specific-rationale,0,PASS,KEEP
polynomial-rational-analysis,12,pra-01-02,k3,no,content/courses/polynomial-rational-analysis/lessons/pra-01-02.json,You run synthetic division of f by candidate c and the final (remainder) slot shows 0. What have you learned?,c is a zero AND the other numbers in the bottom row are the quotient's coefficients,83,61,yes,no,FAIL,unit-conversion|sign-direction,0,PASS,REMEDIATE
polynomial-rational-analysis,12,pra-01-03,k1,no,content/courses/polynomial-rational-analysis/lessons/pra-01-03.json,"The quotient is x² + 4x + 3. Combined with the found zero x = 2, what are ALL zeros of f?","2, −1, −3",9,14,no,no,PASS,authored-specific-rationale|authored-specific-rationale,0,PASS,KEEP
polynomial-rational-analysis,12,pra-01-03,k3,no,content/courses/polynomial-rational-analysis/lessons/pra-01-03.json,"g(x) = 2x³ − 3x² − 3x + 2 has zeros 2, −1, and 1/2. Which is its complete factorization?",(x − 2)(x + 1)(2x − 1),22,23,no,no,PASS,authored-specific-rationale|sign-direction,0,PASS,KEEP
polynomial-rational-analysis,12,pra-02-01,k3,no,content/courses/polynomial-rational-analysis/lessons/pra-02-01.json,f(x) = x⁴ − 1. Which list is ALL of its complex zeros?,"1, −1, i, −i",12,13,no,no,PASS,authored-specific-rationale|authored-specific-rationale,0,PASS,KEEP
polynomial-rational-analysis,12,pra-02-02,i1,no,content/courses/polynomial-rational-analysis/lessons/pra-02-02.json,A real-coefficient polynomial has the zero 3 + 2i. Which number MUST also be a zero?,3 − 2i,6,7,no,no,PASS,authored-specific-rationale|authored-specific-rationale,0,PASS,KEEP
polynomial-rational-analysis,12,pra-02-02,k1,no,content/courses/polynomial-rational-analysis/lessons/pra-02-02.json,A real-coefficient CUBIC has the zero 2i. What can you conclude about its other zeros?,"−2i is also a zero, and the third zero is real",46,60,no,no,PASS,authored-specific-rationale|authored-specific-rationale,0,PASS,KEEP
polynomial-rational-analysis,12,pra-02-02,ch1,no,content/courses/polynomial-rational-analysis/lessons/pra-02-02.json,"A student claims a REAL-coefficient quartic has exactly the zeros {3, 1 + 2i, 1 − 2i, 5 − 4i}. Is that possible?","No — 5 − 4i is unpaired, and its forced conjugate would exceed degree 4",71,51,yes,no,FAIL,authored-specific-rationale|authored-specific-rationale,0,PASS,REMEDIATE
polynomial-rational-analysis,12,pra-02-02,rem-pra0202-k,yes,content/courses/polynomial-rational-analysis/lessons/pra-02-02.json,A real-coefficient polynomial has the zero −4 + 7i. Its forced partner is:,−4 − 7i,7,6,no,no,PASS,authored-specific-rationale|authored-specific-rationale,0,PASS,KEEP
polynomial-rational-analysis,12,pra-03-01,k1,no,content/courses/polynomial-rational-analysis/lessons/pra-03-01.json,g(x) = (5x + 2)/(x² − 9). Its far-out behavior follows:,the horizontal asymptote y = 0,30,30,no,no,PASS,unit-conversion|unit-conversion,0,PASS,KEEP
polynomial-rational-analysis,12,pra-03-01,k2,no,content/courses/polynomial-rational-analysis/lessons/pra-03-01.json,h(x) = (x³ + 1)/(x² + 4). Does h have a slant asymptote?,Yes — the division's quotient is a line (degree 3 − 2 = 1),58,42,no,no,PASS,unit-conversion|unit-conversion,0,PASS,KEEP
polynomial-rational-analysis,12,pra-03-01,k3,no,content/courses/polynomial-rational-analysis/lessons/pra-03-01.json,k(x) = (x⁴ + 2)/(x − 1). What is true of its far-out behavior?,No horizontal or slant asymptote — the quotient is a cubic curve,64,26,yes,yes,FAIL,unit-conversion|unit-conversion,0,PASS,REMEDIATE
polynomial-rational-analysis,12,pra-03-01,ch1,no,content/courses/polynomial-rational-analysis/lessons/pra-03-01.json,Which function has a SLANT asymptote?,(x² − 1)/(x − 5),16,18,no,no,PASS,unit-conversion|authored-specific-rationale,0,PASS,KEEP
polynomial-rational-analysis,12,pra-03-01,rem-pra0301-k,yes,content/courses/polynomial-rational-analysis/lessons/pra-03-01.json,(x³ − x)/(x² + 1) has which asymptote type?,Slant (gap +1),14,16,no,no,PASS,unit-conversion|authored-specific-rationale,0,PASS,KEEP
polynomial-rational-analysis,12,pra-03-02,k1,no,content/courses/polynomial-rational-analysis/lessons/pra-03-02.json,So f(x) = (x² + 3x + 5)/(x + 1) has which slant asymptote?,y = x + 2,9,9,no,no,PASS,authored-specific-rationale|authored-specific-rationale,0,PASS,KEEP
polynomial-rational-analysis,12,pra-03-02,k2,no,content/courses/polynomial-rational-analysis/lessons/pra-03-02.json,f(x) = (x² − 4)/(x − 1). Its slant asymptote is:,y = x + 1,9,9,no,no,PASS,authored-specific-rationale|authored-specific-rationale,0,PASS,KEEP
polynomial-rational-analysis,12,pra-03-02,rem-pra0302-k,yes,content/courses/polynomial-rational-analysis/lessons/pra-03-02.json,Division gives f(x) = (3x − 2) + 7/(x + 4). The slant asymptote is:,y = 3x − 2,10,13,no,no,PASS,authored-specific-rationale|authored-specific-rationale,0,PASS,KEEP
polynomial-rational-analysis,12,pra-03-03,k1,no,content/courses/polynomial-rational-analysis/lessons/pra-03-03.json,Same f. Its far-out asymptote is:,the slant line y = x + 1,24,45,no,no,PASS,unit-conversion|unit-conversion,0,PASS,KEEP
polynomial-rational-analysis,12,pra-03-03,k2,no,content/courses/polynomial-rational-analysis/lessons/pra-03-03.json,Which statement is true?,"A graph may cross its slant asymptote, but never a vertical one",63,64,no,no,PASS,authored-specific-rationale|authored-specific-rationale,0,PASS,KEEP
polynomial-rational-analysis,12,pra-03-03,k3,no,content/courses/polynomial-rational-analysis/lessons/pra-03-03.json,"For f(x) = (x² − 4)/(x − 1) = (x + 1) − 3/(x − 1), where does the curve CROSS its slant line?",Nowhere — the gap −3/(x − 1) is never zero,42,8,yes,yes,FAIL,authored-specific-rationale|rate-vs-start,0,PASS,REMEDIATE
polynomial-rational-analysis,12,pra-03-03,rem-pra0303-k,yes,content/courses/polynomial-rational-analysis/lessons/pra-03-03.json,h(x) = (4x + 1)/(x − 3). Its portrait is:,"Vertical x = 3, horizontal y = 4",32,33,no,no,PASS,unit-conversion|authored-specific-rationale,0,PASS,KEEP
polynomial-rational-analysis,12,pra-04-02,k1,no,content/courses/polynomial-rational-analysis/lessons/pra-04-02.json,"Crossing the zero x = 3 (multiplicity 2) from right to left, the sign of g:","stays positive — even multiplicity, no flip",43,34,no,yes,FAIL,sign-direction|sign-direction,0,PASS,REMEDIATE
polynomial-rational-analysis,12,pra-04-02,rem-pra0402-k,yes,content/courses/polynomial-rational-analysis/lessons/pra-04-02.json,"Walking a sign chart across a zero of multiplicity 4, the sign:",stays the same,14,11,no,no,PASS,authored-specific-rationale|authored-specific-rationale,0,PASS,KEEP
polynomial-rational-analysis,12,pra-04-03,i1,no,content/courses/polynomial-rational-analysis/lessons/pra-04-03.json,x² − x ≥ 6 rearranges to x² − x − 6 ≥ 0. Which factorization is correct?,(x − 3)(x + 2),14,14,no,no,PASS,authored-specific-rationale|sign-direction,0,PASS,KEEP
polynomial-rational-analysis,12,pra-04-03,k3,no,content/courses/polynomial-rational-analysis/lessons/pra-04-03.json,How does the answer change for the STRICT inequality x³ > 4x?,"Same intervals, but all endpoints excluded: −2 < x < 0 or x > 2",63,31,yes,yes,FAIL,boundary-endpoint|boundary-endpoint,0,PASS,REMEDIATE
polynomial-rational-analysis,12,pra-04-03,rem-pra0403-k,yes,content/courses/polynomial-rational-analysis/lessons/pra-04-03.json,Where is x² < 9?,−3 < x < 3,10,6,no,no,PASS,authored-specific-rationale|authored-specific-rationale,0,PASS,KEEP
polynomial-rational-analysis,12,pra-05-01,k3,no,content/courses/polynomial-rational-analysis/lessons/pra-05-01.json,A student charts x/(x − 5) using ONLY the cut x = 0. What goes wrong?,"The sign also flips at the excluded value 5, so their 'x > 0' interval wrongly mixes − and + regions",100,49,yes,no,FAIL,sign-direction|authored-specific-rationale,0,PASS,REMEDIATE
polynomial-rational-analysis,12,pra-05-02,i1,no,content/courses/polynomial-rational-analysis/lessons/pra-05-02.json,Where is (x − 3)/(x + 1) ≥ 0?,x < −1 or x ≥ 3,15,15,no,no,PASS,boundary-endpoint|authored-specific-rationale,0,PASS,KEEP
polynomial-rational-analysis,12,pra-05-02,k1,no,content/courses/polynomial-rational-analysis/lessons/pra-05-02.json,"A student solves x/(x − 2) ≤ 3 by multiplying both sides by (x − 2), getting x ≥ 3. What went wrong?","For x < 2 the factor is negative, so the inequality should have flipped there — the whole region x < 2 was lost",111,58,yes,no,FAIL,authored-specific-rationale|sign-direction,0,PASS,REMEDIATE
polynomial-rational-analysis,12,pra-05-02,k3,no,content/courses/polynomial-rational-analysis/lessons/pra-05-02.json,"For ((x − 1)(x + 2))/(x − 1) ≥ 0, can x = 1 join the solution?","No — the original expression is undefined at x = 1 (denominator zero), even though the factor cancels",101,72,yes,no,FAIL,authored-specific-rationale|fraction-denominator,0,PASS,REMEDIATE
polynomial-rational-analysis,12,pra-05-02,rem-pra0502-k,yes,content/courses/polynomial-rational-analysis/lessons/pra-05-02.json,"For (x + 8)/(x − 5) ≥ 0, which cut point can be INCLUDED in the solution?",x = −8 only,11,13,no,no,PASS,fraction-denominator|fraction-denominator,0,PASS,KEEP
polynomial-rational-analysis,12,pra-05-03,rem-pra0503-k,yes,content/courses/polynomial-rational-analysis/lessons/pra-05-03.json,Combining 1/x ≤ 2 into a single fraction ≤ 0 gives cuts at:,x = 0 (excluded) and x = 1/2 (zero),35,15,yes,no,FAIL,authored-specific-rationale|fraction-denominator,0,PASS,REMEDIATE
properties-strategies-g1,1,g1p-01-01,k3,no,content/courses/properties-strategies-g1/lessons/g1p-01-01.json,3 + 5 = 8. What is 5 + 3?,8 — the same total,18,18,no,no,PASS,representation-read|authored-specific-rationale|authored-specific-rationale,0,PASS,KEEP
properties-strategies-g1,1,g1p-01-02,k1,no,content/courses/properties-strategies-g1/lessons/g1p-01-02.json,3 + 4 = 7. What is 4 + 3?,7 — the same total,18,18,no,no,PASS,representation-read|authored-specific-rationale|authored-specific-rationale,0,PASS,KEEP
properties-strategies-g1,1,g1p-01-02,k2,no,content/courses/properties-strategies-g1/lessons/g1p-01-02.json,4 + 9 = 13. What is 9 + 4?,13 — the same total,19,18,no,no,PASS,representation-read|authored-specific-rationale|authored-specific-rationale,0,PASS,KEEP
properties-strategies-g1,1,g1p-01-02,ch1,no,content/courses/properties-strategies-g1/lessons/g1p-01-02.json,6 + 8 = 14. What is 8 + 6?,14 — the same total,19,18,no,no,PASS,representation-read|authored-specific-rationale|authored-specific-rationale,0,PASS,KEEP
properties-strategies-g1,1,g1p-01-02,rem-g1p-why-commutative-k,yes,content/courses/properties-strategies-g1/lessons/g1p-01-02.json,3 + 4 = 7. What is 4 + 3?,7 — the same total,18,18,no,no,PASS,representation-read|authored-specific-rationale|authored-specific-rationale,0,PASS,KEEP
properties-strategies-g1,1,g1p-01-03,k3,no,content/courses/properties-strategies-g1/lessons/g1p-01-03.json,What is the fast way to add 9 + 4?,Start at 9 and count on 4,25,26,no,no,PASS,rate-vs-start|authored-specific-rationale|authored-specific-rationale,0,PASS,KEEP
properties-strategies-g1,1,g1p-01-05,k2,no,content/courses/properties-strategies-g1/lessons/g1p-01-05.json,"To count back 3 from 11, where does the first hop land?",10,2,2,no,no,PASS,authored-specific-rationale|authored-specific-rationale|authored-specific-rationale,0,PASS,KEEP
properties-strategies-g1,1,g1p-02-02,k2,no,content/courses/properties-strategies-g1/lessons/g1p-02-02.json,Which known double helps solve 4 + 5?,"4 + 4 = 8, then add 1",21,25,no,no,PASS,authored-specific-rationale|authored-specific-rationale|authored-specific-rationale,0,PASS,KEEP
properties-strategies-g1,1,g1p-02-04,k3,no,content/courses/properties-strategies-g1/lessons/g1p-02-04.json,"To add 6 + 6 by making ten, how should you split 6?",4 and 2,7,7,no,no,PASS,authored-specific-rationale|authored-specific-rationale|authored-specific-rationale,0,PASS,KEEP
properties-strategies-g1,1,g1p-02-05,k3,no,content/courses/properties-strategies-g1/lessons/g1p-02-05.json,Which addition fact helps solve 16 − 5?,5 + 11 = 16,11,12,no,no,PASS,authored-specific-rationale|authored-specific-rationale|authored-specific-rationale,0,PASS,KEEP
properties-strategies-g1,1,g1p-03-01,k3,no,content/courses/properties-strategies-g1/lessons/g1p-03-01.json,Which addition fact helps solve 11 − 5?,5 + 6 = 11,10,11,no,no,PASS,authored-specific-rationale|authored-specific-rationale|authored-specific-rationale,0,PASS,KEEP
properties-strategies-g1,1,g1p-03-03,k1,no,content/courses/properties-strategies-g1/lessons/g1p-03-03.json,Which strategy fits 7 + 8 best?,Make ten first,14,24,no,no,PASS,boundary-endpoint|authored-specific-rationale|authored-specific-rationale,0,PASS,KEEP
properties-strategies-g1,1,g1p-03-03,k2,no,content/courses/properties-strategies-g1/lessons/g1p-03-03.json,Which strategy fits 11 + 3 best?,Count on 3 from 11,18,26,no,no,PASS,authored-specific-rationale|authored-specific-rationale|representation-read,0,PASS,KEEP
properties-strategies-g1,1,g1p-03-03,k3,no,content/courses/properties-strategies-g1/lessons/g1p-03-03.json,Which strategy fits 7 + 5 best?,Make ten first,14,24,no,no,PASS,boundary-endpoint|authored-specific-rationale|authored-specific-rationale,0,PASS,KEEP
properties-strategies-g1,1,g1p-03-03,ch1,no,content/courses/properties-strategies-g1/lessons/g1p-03-03.json,Which strategy fits 12 + 2 best?,Count on 2 from 12,18,26,no,no,PASS,authored-specific-rationale|authored-specific-rationale|representation-read,0,PASS,KEEP
properties-strategies-g1,1,g1p-03-03,rem-g1p-choose-strategy-k,yes,content/courses/properties-strategies-g1/lessons/g1p-03-03.json,Which strategy fits 7 + 8 best?,Make ten first,14,24,no,no,PASS,boundary-endpoint|authored-specific-rationale|authored-specific-rationale,0,PASS,KEEP
properties-strategies-g1,1,g1p-03-04,k1,no,content/courses/properties-strategies-g1/lessons/g1p-03-04.json,Why does 4 + 9 equal 9 + 4?,Both orders join the same two groups,36,31,no,no,PASS,authored-specific-rationale|authored-specific-rationale|authored-specific-rationale,0,PASS,KEEP
properties-strategies-g1,1,g1p-03-04,k2,no,content/courses/properties-strategies-g1/lessons/g1p-03-04.json,Why does making ten help with 8 + 6?,Ten and some more is easy to name,33,40,no,no,PASS,place-value|authored-specific-rationale|rate-vs-start,0,PASS,KEEP
properties-strategies-g1,1,g1p-03-04,k3,no,content/courses/properties-strategies-g1/lessons/g1p-03-04.json,Why does making ten help with 7 + 4?,Ten and some more is easy to name,33,40,no,no,PASS,place-value|authored-specific-rationale|rate-vs-start,0,PASS,KEEP
properties-strategies-g1,1,g1p-03-04,ch1,no,content/courses/properties-strategies-g1/lessons/g1p-03-04.json,Why does making ten help with 8 + 6?,Ten and some more is easy to name,33,40,no,no,PASS,place-value|authored-specific-rationale|rate-vs-start,0,PASS,KEEP
properties-strategies-g1,1,g1p-03-04,rem-g1p-explain-k,yes,content/courses/properties-strategies-g1/lessons/g1p-03-04.json,Why does 4 + 9 equal 9 + 4?,Both orders join the same two groups,36,31,no,no,PASS,authored-specific-rationale|authored-specific-rationale|authored-specific-rationale,0,PASS,KEEP
proportional-relationships,7,pr-01-01,i2,no,content/courses/proportional-relationships/lessons/pr-01-01.json,A hiker covers 3/4 mile in 1/2 hour. What is the unit rate in miles per hour?,1 1/2,5,3,no,no,PASS,authored-specific-rationale|authored-specific-rationale,0,PASS,KEEP
proportional-relationships,7,pr-01-01,i3,no,content/courses/proportional-relationships/lessons/pr-01-01.json,A recipe uses 1/3 cup of sugar for every 2/3 cup of flour. What is the unit rate in cups of sugar per cup of flour?,1/2,3,3,no,no,PASS,authored-specific-rationale|authored-specific-rationale,0,PASS,KEEP
proportional-relationships,7,pr-01-01,k3,no,content/courses/proportional-relationships/lessons/pr-01-01.json,A jogger covers 1/3 mile in 2/3 hour. What is the unit rate in miles per hour?,1/2,3,3,no,no,PASS,authored-specific-rationale|authored-specific-rationale,0,PASS,KEEP
proportional-relationships,7,pr-01-01,ch1,no,content/courses/proportional-relationships/lessons/pr-01-01.json,A swimmer covers 3/8 mile in 1/4 hour. What is the unit rate in miles per hour?,1 1/2,5,4,no,no,PASS,authored-specific-rationale|authored-specific-rationale,0,PASS,KEEP
proportional-relationships,7,pr-01-02,i2,no,content/courses/proportional-relationships/lessons/pr-01-02.json,A recipe uses 1/6 cup of oil for every 1/3 cup of water. What is the unit rate in cups of oil per cup of water?,1/2,3,4,no,no,PASS,authored-specific-rationale|authored-specific-rationale,0,PASS,KEEP
proportional-relationships,7,pr-01-02,k2,no,content/courses/proportional-relationships/lessons/pr-01-02.json,A recipe uses 1/4 cup of milk for every 1/2 cup of flour. What is the unit rate in cups of milk per cup of flour?,1/2,3,3,no,no,PASS,authored-specific-rationale|authored-specific-rationale,0,PASS,KEEP
proportional-relationships,7,pr-01-03,i3,no,content/courses/proportional-relationships/lessons/pr-01-03.json,A painter covers 1/8 mile in 1/4 hour. What is the unit rate in miles per hour?,1/2,3,4,no,no,PASS,authored-specific-rationale|authored-specific-rationale,0,PASS,KEEP
proportional-relationships,7,pr-02-02,i2,no,content/courses/proportional-relationships/lessons/pr-02-02.json,"A table has pairs (3, 2), (6, 4), (9, 6). What is the constant of proportionality?",2/3,3,3,no,no,PASS,authored-specific-rationale|authored-specific-rationale,0,PASS,KEEP
proportional-relationships,7,pr-03b-01,k1,no,content/courses/proportional-relationships/lessons/pr-03b-01.json,A proportional relationship has constant of proportionality 5. What is its equation?,y = 5x,6,9,no,no,PASS,authored-specific-rationale|authored-specific-rationale|authored-specific-rationale,0,PASS,KEEP
proportional-relationships,7,pr-03b-01,k3,no,content/courses/proportional-relationships/lessons/pr-03b-01.json,"A proportional graph passes through (1, 8). What is its equation?",y = 8x,6,9,no,no,PASS,authored-specific-rationale|authored-specific-rationale|authored-specific-rationale,0,PASS,KEEP
proportional-relationships,7,pr-04b-02,k3,no,content/courses/proportional-relationships/lessons/pr-04b-02.json,A service charges a flat $5 fee plus 3% of the order. The order doubles from $100 to $200. What happens to the total charge?,It rises from $8 to $11 — less than double,42,25,no,yes,FAIL,authored-specific-rationale|representation-read|authored-specific-rationale,0,PASS,REMEDIATE
proportional-relationships,7,pr-04b-03,k2,no,content/courses/proportional-relationships/lessons/pr-04b-03.json,An estimate of 105 and an estimate of 95 are both compared to an actual value of 100. What are their percent errors?,Both 5%,7,12,no,no,PASS,sign-direction|authored-specific-rationale|authored-specific-rationale,0,PASS,KEEP
proportional-relationships,7,pr-04b-03,k3,no,content/courses/proportional-relationships/lessons/pr-04b-03.json,Estimate A misses 30 by 3. Estimate B misses 500 by 10. Which is the better estimate?,"B, because 2% error beats 10%",29,38,no,no,PASS,authored-specific-rationale|authored-specific-rationale|authored-specific-rationale,0,PASS,KEEP
quadratics,9,qu-01-01,k3,no,content/courses/quadratics/lessons/qu-01-01.json,Does y = -(x - 1)^2 + 3 open upward or downward?,Downward,8,30,no,no,PASS,sign-direction|sign-direction,0,PASS,KEEP
quadratics,9,qu-01-02,i3,no,content/courses/quadratics/lessons/qu-01-02.json,"For y = -3x^2 + x - 2, which way does it open, and is the vertex a max or min?",Opens down; vertex is a maximum,31,31,no,no,PASS,sign-direction|authored-specific-rationale,0,PASS,KEEP
quadratics,9,qu-01-03,i1,no,content/courses/quadratics/lessons/qu-01-03.json,"Compared with y = x^2, the graph of y = 3x^2 is...",narrower,8,16,no,no,PASS,representation-read|representation-read,0,PASS,KEEP
quadratics,9,qu-01-03,k1,no,content/courses/quadratics/lessons/qu-01-03.json,Which of these opens downward?,y = -2x^2,9,11,no,no,PASS,sign-direction|authored-specific-rationale,0,PASS,KEEP
quadratics,9,qu-01-03,k3,no,content/courses/quadratics/lessons/qu-01-03.json,The graph of y = (x - 3)^2 - 4 is y = x^2 shifted how?,right 3 and down 4,18,16,no,no,PASS,authored-specific-rationale|authored-specific-rationale,0,PASS,KEEP
quadratics,9,qu-02-01,i2,no,content/courses/quadratics/lessons/qu-02-01.json,What are the solutions of (x - 5)(x - 1) = 0?,x = 5 or x = 1,14,16,no,no,PASS,sign-direction|authored-specific-rationale,0,PASS,KEEP
quadratics,9,qu-02-02,i1,no,content/courses/quadratics/lessons/qu-02-02.json,Which is the correct factorization of x^2 + 5x + 6?,(x + 2)(x + 3),14,14,no,no,PASS,authored-specific-rationale|authored-specific-rationale,0,PASS,KEEP
quadratics,9,qu-02-02,i2,no,content/courses/quadratics/lessons/qu-02-02.json,Which is the correct factorization of x^2 - 7x + 12?,(x - 3)(x - 4),14,14,no,no,PASS,sign-direction|authored-specific-rationale,0,PASS,KEEP
quadratics,9,qu-02-02,k2,no,content/courses/quadratics/lessons/qu-02-02.json,Which is the correct factorization of x^2 + x - 6?,(x + 3)(x - 2),14,14,no,no,PASS,sign-direction|authored-specific-rationale,0,PASS,KEEP
quadratics,9,qu-03-02,i3,no,content/courses/quadratics/lessons/qu-03-02.json,One solution of 2x^2 - 7x + 3 = 0 is x = 3. What is the other?,1/2,3,4,no,no,PASS,fraction-denominator|authored-specific-rationale,0,PASS,KEEP
quadratics,9,qu-03-02,k3,no,content/courses/quadratics/lessons/qu-03-02.json,What are the two solutions of 2x^2 - 7x + 3 = 0?,x = 3 and x = 1/2,17,19,no,no,PASS,authored-specific-rationale|sign-direction,0,PASS,KEEP
radical-functions,11,re-01-01,i1,no,content/courses/radical-functions/lessons/re-01-01.json,Write ∛(x⁵) using a rational exponent.,x^(5/3),7,7,no,no,PASS,fraction-denominator|exponent-rule|fraction-denominator,0,PASS,KEEP
radical-functions,11,re-01-01,k2,no,content/courses/radical-functions/lessons/re-01-01.json,Which exponent form equals √(x⁵)?,x^(5/2),7,13,no,no,PASS,fraction-denominator|exponent-rule|exponent-rule,0,PASS,KEEP
radical-functions,11,re-01-01,rem-re0101-k,yes,content/courses/radical-functions/lessons/re-01-01.json,Write x^(3/4) as a radical.,⁴√(x³),6,6,no,no,PASS,fraction-denominator|exponent-rule|exponent-rule,0,PASS,KEEP
radical-functions,11,re-01-02,k2,no,content/courses/radical-functions/lessons/re-01-02.json,Simplify (x^(3/5))^(5/3).,x,1,8,no,no,PASS,exponent-rule|authored-specific-rationale|exponent-rule,0,PASS,KEEP
radical-functions,11,re-01-02,k3,no,content/courses/radical-functions/lessons/re-01-02.json,Simplify x^(1/3) · x^(1/6).,x^(1/2),7,8,no,no,PASS,fraction-denominator|exponent-rule|fraction-denominator,0,PASS,KEEP
radical-functions,11,re-01-03,i2,no,content/courses/radical-functions/lessons/re-01-03.json,Simplify ∛(8x⁹).,2x³,3,5,no,no,PASS,exponent-rule|authored-specific-rationale|authored-specific-rationale,0,PASS,KEEP
radical-functions,11,re-01-03,rem-re0103-k,yes,content/courses/radical-functions/lessons/re-01-03.json,Simplify √(x⁴).,x²,2,2,no,no,PASS,exponent-rule|exponent-rule|exponent-rule,0,PASS,KEEP
radical-functions,11,re-02-01,i1,no,content/courses/radical-functions/lessons/re-02-01.json,Rationalize 5/√5.,√5,2,4,no,no,PASS,authored-specific-rationale|fraction-denominator|fraction-denominator,0,PASS,KEEP
radical-functions,11,re-02-01,rem-re0201-k,yes,content/courses/radical-functions/lessons/re-02-01.json,Rationalize 1/√3.,√3/3,4,4,no,no,PASS,authored-specific-rationale|fraction-denominator|authored-specific-rationale,0,PASS,KEEP
radical-functions,11,re-02-02,rem-re0202-k,yes,content/courses/radical-functions/lessons/re-02-02.json,What is (1 + √5)(2 + √5)?,7 + 3√5,7,8,no,no,PASS,inside-vs-derivative|authored-specific-rationale|authored-specific-rationale,0,PASS,KEEP
radical-functions,11,re-03-01,k1,no,content/courses/radical-functions/lessons/re-03-01.json,"For f(x) = √x, what is f(9)?",3,1,2,no,no,PASS,sign-direction|sign-direction|authored-specific-rationale,0,PASS,KEEP
radical-functions,11,re-03-01,k2,no,content/courses/radical-functions/lessons/re-03-01.json,What is the RANGE of f(x) = √x?,y ≥ 0,5,16,no,no,PASS,authored-specific-rationale|authored-specific-rationale|authored-specific-rationale,0,PASS,KEEP
radical-functions,11,re-03-01,k3,no,content/courses/radical-functions/lessons/re-03-01.json,Which point is NOT on the graph of f(x) = √x?,"(−9, 3)",7,7,no,no,PASS,authored-specific-rationale|authored-specific-rationale|authored-specific-rationale,0,PASS,KEEP
radical-functions,11,re-03-02,i2,no,content/courses/radical-functions/lessons/re-03-02.json,What is the domain of g(x) = ∛(x − 5)?,all real numbers,16,5,no,no,PASS,sign-direction|sign-direction|authored-specific-rationale,0,PASS,KEEP
radical-functions,11,re-03-02,k3,no,content/courses/radical-functions/lessons/re-03-02.json,Where does the graph of f(x) = √(x − 3) START?,"(3, 0)",6,7,no,no,PASS,sign-direction|authored-specific-rationale|sign-direction,0,PASS,KEEP
radical-functions,11,re-03-02,rem-re0302-k,yes,content/courses/radical-functions/lessons/re-03-02.json,What is the domain of f(x) = √(x − 7)?,x ≥ 7,5,16,no,no,PASS,authored-specific-rationale|place-value|sign-direction,0,PASS,KEEP
radical-functions,11,re-03-03,i1,no,content/courses/radical-functions/lessons/re-03-03.json,Where does g(x) = √(x + 4) − 3 start?,"(−4, −3)",8,7,no,no,PASS,sign-direction|authored-specific-rationale|sign-direction,0,PASS,KEEP
radical-functions,11,re-03-03,i2,no,content/courses/radical-functions/lessons/re-03-03.json,What is the domain of g(x) = √(x − 2) + 1?,x ≥ 2,5,6,no,no,PASS,authored-specific-rationale|authored-specific-rationale|sign-direction,0,PASS,KEEP
radical-functions,11,re-03-03,rem-re0303-k,yes,content/courses/radical-functions/lessons/re-03-03.json,Where does f(x) = √(x − 1) + 4 start?,"(1, 4)",6,7,no,no,PASS,authored-specific-rationale|authored-specific-rationale|authored-specific-rationale,0,PASS,KEEP
radical-functions,11,re-04-01,k3,no,content/courses/radical-functions/lessons/re-04-01.json,How many solutions does √(x + 1) = −2 have?,none — a principal root is never negative,41,21,yes,yes,FAIL,authored-specific-rationale|authored-specific-rationale|authored-specific-rationale,0,PASS,REMEDIATE
radical-functions,11,re-04-02,i2,no,content/courses/radical-functions/lessons/re-04-02.json,"In x = √(x + 6), the left side must equal a principal root. What does that tell you BEFORE any algebra?",any valid solution must have x ≥ 0,34,35,no,no,PASS,authored-specific-rationale|sign-direction|sign-direction,0,PASS,KEEP
radical-functions,11,re-04-02,k3,no,content/courses/radical-functions/lessons/re-04-02.json,Which best describes a typical extraneous solution of √(x + 7) = x + 1?,a legal input whose two sides have opposite signs,49,41,no,no,PASS,sign-direction|authored-specific-rationale|authored-specific-rationale,0,PASS,KEEP
radical-functions,11,re-04-02,rem-re0402-k,yes,content/courses/radical-functions/lessons/re-04-02.json,"Left side 2, right side −2. Is x = −3 a solution of √(x + 7) = x + 1?",no — the sides don't match,26,36,no,no,PASS,sign-direction|sign-direction|authored-specific-rationale,0,PASS,KEEP
radical-functions,11,re-04-03,i2,no,content/courses/radical-functions/lessons/re-04-03.json,Why can't cubing both sides create extraneous solutions?,cubing preserves signs — different numbers stay different,57,36,yes,no,FAIL,authored-specific-rationale|sign-direction|exponent-rule,0,PASS,REMEDIATE
radical-functions,11,re-04-03,k2,no,content/courses/radical-functions/lessons/re-04-03.json,Solve √(x² − 9) = 4.,x = 5 or x = −5,15,11,no,no,PASS,authored-specific-rationale|authored-specific-rationale|authored-specific-rationale,0,PASS,KEEP
radical-functions,11,re-04-03,k3,no,content/courses/radical-functions/lessons/re-04-03.json,"To solve ⁴√(x + 2) = 2, what should you raise both sides to?",the 4th power: x + 2 = 16,25,13,no,yes,FAIL,exponent-rule|exponent-rule|exponent-rule,0,PASS,REMEDIATE
radical-functions,11,re-05-01,i2,no,content/courses/radical-functions/lessons/re-05-01.json,"To solve x^(2/5) = 4, raise both sides to which power?",5/2,3,4,no,no,PASS,fraction-denominator|sign-direction|fraction-denominator,0,PASS,KEEP
radical-functions,11,re-05-02,k1,no,content/courses/radical-functions/lessons/re-05-02.json,How many real solutions does x^(2/5) = 4 have?,two: x = 32 and x = −32,23,12,no,no,PASS,fraction-denominator|sign-direction|authored-specific-rationale,0,PASS,KEEP
radical-functions,11,re-05-02,i2,no,content/courses/radical-functions/lessons/re-05-02.json,How many real solutions does x^(3/5) = 8 have?,one: x = 32,11,22,no,no,PASS,sign-direction|authored-specific-rationale|sign-direction,0,PASS,KEEP
radical-functions,11,re-05-02,k3,no,content/courses/radical-functions/lessons/re-05-02.json,How many real solutions does x^(2/3) = −4 have?,none — an even-numerator power is never negative,48,11,yes,yes,FAIL,authored-specific-rationale|sign-direction|sign-direction,0,PASS,REMEDIATE
radical-functions,11,re-05-02,rem-re0502-k,yes,content/courses/radical-functions/lessons/re-05-02.json,Solve x² = 25.,x = 5 or x = −5,15,11,no,no,PASS,exponent-rule|inverse-confusion|authored-specific-rationale,0,PASS,KEEP
radical-functions,11,re-05-03,k3,no,content/courses/radical-functions/lessons/re-05-03.json,"In s = √(24d), what happens to the speed estimate when a skid is 4 TIMES as long?",it doubles,10,16,no,no,PASS,representation-read|authored-specific-rationale|authored-specific-rationale,0,PASS,KEEP
radicals-and-exponents,9,rad-01-02,i1,no,content/courses/radicals-and-exponents/lessons/rad-01-02.json,Simplify √72.,6√2,3,4,no,no,PASS,authored-specific-rationale|authored-specific-rationale,0,PASS,KEEP
radicals-and-exponents,9,rad-01-02,i3,no,content/courses/radicals-and-exponents/lessons/rad-01-02.json,Simplify √18.,3√2,3,3,no,no,PASS,authored-specific-rationale|authored-specific-rationale,0,PASS,KEEP
radicals-and-exponents,9,rad-01-02,k3,no,content/courses/radicals-and-exponents/lessons/rad-01-02.json,Simplify √98.,7√2,3,4,no,no,PASS,authored-specific-rationale|authored-specific-rationale,0,PASS,KEEP
radicals-and-exponents,9,rad-01-02,ch1,no,content/courses/radicals-and-exponents/lessons/rad-01-02.json,Simplify √200.,10√2,4,5,no,no,PASS,authored-specific-rationale|authored-specific-rationale,0,PASS,KEEP
radicals-and-exponents,9,rad-01-03,i1,no,content/courses/radicals-and-exponents/lessons/rad-01-03.json,Which of these is fully simplified?,2√3,3,3,no,no,PASS,authored-specific-rationale|authored-specific-rationale,0,PASS,KEEP
radicals-and-exponents,9,rad-01-03,i2,no,content/courses/radicals-and-exponents/lessons/rad-01-03.json,Simplify 2√8.,4√2,3,3,no,no,PASS,authored-specific-rationale|authored-specific-rationale,0,PASS,KEEP
radicals-and-exponents,9,rad-01-03,i3,no,content/courses/radicals-and-exponents/lessons/rad-01-03.json,Simplify √45.,3√5,3,3,no,no,PASS,authored-specific-rationale|authored-specific-rationale,0,PASS,KEEP
radicals-and-exponents,9,rad-01-03,k3,no,content/courses/radicals-and-exponents/lessons/rad-01-03.json,Simplify 3√8.,6√2,3,4,no,no,PASS,authored-specific-rationale|authored-specific-rationale,0,PASS,KEEP
radicals-and-exponents,9,rad-01-03,ch1,no,content/courses/radicals-and-exponents/lessons/rad-01-03.json,Simplify √288.,12√2,4,4,no,no,PASS,authored-specific-rationale|authored-specific-rationale,0,PASS,KEEP
radicals-and-exponents,9,rad-02-01,i2,no,content/courses/radicals-and-exponents/lessons/rad-02-01.json,Which expression can be combined into a single term?,√7 + 3√7,8,9,no,no,PASS,authored-specific-rationale|authored-specific-rationale,0,PASS,KEEP
radicals-and-exponents,9,rad-02-03,i1,no,content/courses/radicals-and-exponents/lessons/rad-02-03.json,√2 · (√3 + √5) = ?,√6 + √10,8,7,no,no,PASS,authored-specific-rationale|inside-vs-derivative,0,PASS,KEEP
radicals-and-exponents,9,rad-03-03,i2,no,content/courses/radicals-and-exponents/lessons/rad-03-03.json,What is 27^(-2/3)?,1/9,3,2,no,no,PASS,sign-direction|sign-direction,0,PASS,KEEP
radicals-and-exponents,9,rad-03-03,i3,no,content/courses/radicals-and-exponents/lessons/rad-03-03.json,What is 4^(-1/2)?,1/2,3,2,no,no,PASS,sign-direction|sign-direction,0,PASS,KEEP
radicals-and-exponents,9,rad-03-03,rem-rnr-k,yes,content/courses/radicals-and-exponents/lessons/rad-03-03.json,What is 8^(-1/3)?,1/2,3,2,no,no,PASS,sign-direction|authored-specific-rationale,0,PASS,KEEP
radicals-and-exponents,9,rad-04-02,i1,no,content/courses/radicals-and-exponents/lessons/rad-04-02.json,A right triangle has legs 2 and 2. What is the hypotenuse?,2√2,3,2,no,no,PASS,authored-specific-rationale|authored-specific-rationale,0,PASS,KEEP
radicals-and-exponents,9,rad-04-02,i2,no,content/courses/radicals-and-exponents/lessons/rad-04-02.json,A right triangle has legs 2 and 4. What is the hypotenuse?,2√5,3,3,no,no,PASS,authored-specific-rationale|authored-specific-rationale,0,PASS,KEEP
radicals-and-exponents,9,rad-04-02,i3,no,content/courses/radicals-and-exponents/lessons/rad-04-02.json,A right triangle has legs 1 and 2. What is the hypotenuse?,√5,2,2,no,no,PASS,authored-specific-rationale|authored-specific-rationale,0,PASS,KEEP
radicals-and-exponents,9,rad-04-02,k3,no,content/courses/radicals-and-exponents/lessons/rad-04-02.json,A right triangle has legs 3 and 3. What is the hypotenuse?,3√2,3,3,no,no,PASS,authored-specific-rationale|authored-specific-rationale,0,PASS,KEEP
radicals-and-exponents,9,rad-04-02,ch1,no,content/courses/radicals-and-exponents/lessons/rad-04-02.json,A right triangle has legs 1 and 1. What is the hypotenuse?,√2,2,1,no,no,PASS,authored-specific-rationale|authored-specific-rationale,0,PASS,KEEP
radicals-and-exponents,9,rad-04-03,i3,no,content/courses/radicals-and-exponents/lessons/rad-04-03.json,"What is the distance from (0,0) to (2,2)?",2√2,3,2,no,no,PASS,authored-specific-rationale|authored-specific-rationale,0,PASS,KEEP
rational-functions,11,rf-01-01,k1,no,content/courses/rational-functions/lessons/rf-01-01.json,What are the excluded values of (x + 1)/(x² − 9)?,x = 3 and x = −3,16,10,no,no,PASS,authored-specific-rationale|authored-specific-rationale|authored-specific-rationale,0,PASS,KEEP
rational-functions,11,rf-01-01,i2,no,content/courses/rational-functions/lessons/rf-01-01.json,"For f(x) = (x − 6)/(x + 2), what happens AT x = 6?",f(6) = 0 — a perfectly legal output,35,17,yes,yes,FAIL,fraction-denominator|authored-specific-rationale|authored-specific-rationale,0,PASS,REMEDIATE
rational-functions,11,rf-01-01,k3,no,content/courses/rational-functions/lessons/rf-01-01.json,What are the excluded values of (x − 1)/(x² + 4)?,none — the denominator is never zero,36,16,yes,yes,FAIL,sign-direction|authored-specific-rationale|fraction-denominator,0,PASS,REMEDIATE
rational-functions,11,rf-01-02,i1,no,content/courses/rational-functions/lessons/rf-01-02.json,Simplify (x² − 25)/(x − 5).,x + 5,5,6,no,no,PASS,authored-specific-rationale|authored-specific-rationale|authored-specific-rationale,0,PASS,KEEP
rational-functions,11,rf-01-02,k1,no,content/courses/rational-functions/lessons/rf-01-02.json,Simplify (x + 6)/(x + 2).,it's already fully simplified,29,5,yes,no,FAIL,inside-vs-derivative|authored-specific-rationale|authored-specific-rationale,0,PASS,REMEDIATE
rational-functions,11,rf-01-02,k2,no,content/courses/rational-functions/lessons/rf-01-02.json,(x² − 9)/(x + 3) simplifies to x − 3. What restriction must ride along?,x ≠ −3,6,38,no,no,PASS,fraction-denominator|authored-specific-rationale|authored-specific-rationale,0,PASS,KEEP
rational-functions,11,rf-01-02,rem-rf0102-k,yes,content/courses/rational-functions/lessons/rf-01-02.json,Simplify (x(x + 1))/(x + 1).,x,1,5,no,no,PASS,authored-specific-rationale|authored-specific-rationale|authored-specific-rationale,0,PASS,KEEP
rational-functions,11,rf-01-03,k1,no,content/courses/rational-functions/lessons/rf-01-03.json,Simplify (7 − x)/(x − 7).,−1,2,5,no,no,PASS,authored-specific-rationale|authored-specific-rationale|authored-specific-rationale,0,PASS,KEEP
rational-functions,11,rf-01-03,k2,no,content/courses/rational-functions/lessons/rf-01-03.json,Simplify (2 + x)/(x + 2).,1,1,2,no,no,PASS,authored-specific-rationale|authored-specific-rationale|authored-specific-rationale,0,PASS,KEEP
rational-functions,11,rf-02-01,k3,no,content/courses/rational-functions/lessons/rf-02-01.json,"In 2x/(x + 3) · (x + 3)/6 = x/3, which restriction must be carried?",x ≠ −3,6,32,no,no,PASS,sign-direction|fraction-denominator|authored-specific-rationale,0,PASS,KEEP
rational-functions,11,rf-02-01,rem-rf0201-k,yes,content/courses/rational-functions/lessons/rf-02-01.json,Multiply: (x/2) · (2/(x + 1)).,x/(x + 1),9,15,no,no,PASS,authored-specific-rationale|authored-specific-rationale|authored-specific-rationale,0,PASS,KEEP
rational-functions,11,rf-02-02,i1,no,content/courses/rational-functions/lessons/rf-02-02.json,Rewrite (x + 2)/5 ÷ (x − 1)/10 as a multiplication.,(x + 2)/5 · 10/(x − 1),22,22,no,no,PASS,authored-specific-rationale|fraction-denominator|authored-specific-rationale,0,PASS,KEEP
rational-functions,11,rf-02-02,k3,no,content/courses/rational-functions/lessons/rf-02-02.json,"When dividing BY (x − 2)/(x + 3), which value becomes newly excluded because of the flip?",x = 2,5,11,no,no,PASS,fraction-denominator|authored-specific-rationale|authored-specific-rationale,0,PASS,KEEP
rational-functions,11,rf-02-02,rem-rf0202-k,yes,content/courses/rational-functions/lessons/rf-02-02.json,Divide: (x/3) ÷ (x/5).,5/3,3,23,no,no,PASS,authored-specific-rationale|authored-specific-rationale|authored-specific-rationale,0,PASS,KEEP
rational-functions,11,rf-02-03,k2,no,content/courses/rational-functions/lessons/rf-02-03.json,"For (x² − 1)/x · x/(x + 1) ÷ (x − 1)/2 = 2, which inputs are excluded?","x = 0, −1, and 1",16,33,no,no,PASS,authored-specific-rationale|authored-specific-rationale|authored-specific-rationale,0,PASS,KEEP
rational-functions,11,rf-02-03,k3,no,content/courses/rational-functions/lessons/rf-02-03.json,"In a/b · c/d ÷ e/f, which single fraction gets flipped?",e/f only,8,16,no,no,PASS,sign-direction|authored-specific-rationale|authored-specific-rationale,0,PASS,KEEP
rational-functions,11,rf-03-01,i1,no,content/courses/rational-functions/lessons/rf-03-01.json,Add: (2x)/(x − 1) + 7/(x − 1).,(2x + 7)/(x − 1),16,17,no,no,PASS,fraction-denominator|authored-specific-rationale|authored-specific-rationale,0,PASS,KEEP
rational-functions,11,rf-03-01,i2,no,content/courses/rational-functions/lessons/rf-03-01.json,Subtract: (4x + 1)/(x − 2) − (x + 1)/(x − 2).,3x/(x − 2),10,16,no,no,PASS,authored-specific-rationale|authored-specific-rationale|authored-specific-rationale,0,PASS,KEEP
rational-functions,11,rf-03-01,rem-rf0301-k,yes,content/courses/rational-functions/lessons/rf-03-01.json,Add: 4/(x + 1) + 3/(x + 1).,7/(x + 1),9,10,no,no,PASS,fraction-denominator|authored-specific-rationale|authored-specific-rationale,0,PASS,KEEP
rational-functions,11,rf-03-02,i1,no,content/courses/rational-functions/lessons/rf-03-02.json,What is the LCD of 1/(x − 2) and 1/(x(x − 2))?,x(x − 2),8,9,no,no,PASS,exponent-rule|fraction-denominator|exponent-rule,0,PASS,KEEP
rational-functions,11,rf-03-02,i2,no,content/courses/rational-functions/lessons/rf-03-02.json,What is the LCD of 1/(x + 1)² and 1/(x + 1)?,(x + 1)²,8,8,no,no,PASS,fraction-denominator|fraction-denominator|exponent-rule,0,PASS,KEEP
rational-functions,11,rf-03-03,i1,no,content/courses/rational-functions/lessons/rf-03-03.json,"In 3/x + 2/(x + 1) over the LCD x(x + 1), the first fraction's numerator becomes:",3(x + 1),8,9,no,no,PASS,authored-specific-rationale|authored-specific-rationale|authored-specific-rationale,0,PASS,KEEP
rational-functions,11,rf-03-03,rem-rf0303-k,yes,content/courses/rational-functions/lessons/rf-03-03.json,Add: 1/x + 1/(2x).,3/(2x),6,24,no,no,PASS,exponent-rule|authored-specific-rationale|fraction-denominator,0,PASS,KEEP
rational-functions,11,rf-04-01,k1,no,content/courses/rational-functions/lessons/rf-04-01.json,Why does f(x) = 1/x never output 0?,a fraction equals 0 only when its numerator does — and this one is always 1,75,30,yes,yes,FAIL,fraction-denominator|sign-direction|sign-direction,0,PASS,REMEDIATE
rational-functions,11,rf-04-01,i2,no,content/courses/rational-functions/lessons/rf-04-01.json,Where are the asymptotes of g(x) = 1/(x − 2) + 1?,x = 2 and y = 1,15,16,no,no,PASS,sign-direction|authored-specific-rationale|fraction-denominator,0,PASS,KEEP
rational-functions,11,rf-04-01,k2,no,content/courses/rational-functions/lessons/rf-04-01.json,"As x approaches 2 from the RIGHT, what does g(x) = 1/(x − 2) + 1 do?",shoots up toward +∞,19,21,no,no,PASS,sign-direction|authored-specific-rationale|authored-specific-rationale,0,PASS,KEEP
rational-functions,11,rf-04-01,k3,no,content/courses/rational-functions/lessons/rf-04-01.json,What is the RANGE of f(x) = 1/x?,all real numbers except 0,25,16,no,no,PASS,fraction-denominator|sign-direction|authored-specific-rationale,0,PASS,KEEP
rational-functions,11,rf-04-01,ch1,no,content/courses/rational-functions/lessons/rf-04-01.json,Where are the asymptotes of h(x) = 1/(x + 3) − 2?,x = −3 and y = −2,17,17,no,no,PASS,sign-direction|authored-specific-rationale|fraction-denominator,0,PASS,KEEP
rational-functions,11,rf-04-02,k1,no,content/courses/rational-functions/lessons/rf-04-02.json,Where EXACTLY is the hole of g(x) = (x − 2)/((x − 2)(x + 4))?,"(2, 1/6)",8,9,no,no,PASS,authored-specific-rationale|authored-specific-rationale|fraction-denominator,0,PASS,KEEP
rational-functions,11,rf-04-02,i2,no,content/courses/rational-functions/lessons/rf-04-02.json,Substituting x = 2 into the ORIGINAL g gives 0/0. What does that signal?,"a common factor — likely a hole, so simplify and re-evaluate",60,27,yes,yes,FAIL,sign-direction|authored-specific-rationale|authored-specific-rationale,0,PASS,REMEDIATE
rational-functions,11,rf-04-02,k2,no,content/courses/rational-functions/lessons/rf-04-02.json,Substituting x = 3 into f(x) = (x − 1)/((x − 1)(x − 3)) gives 2/0. What does that signal?,a vertical asymptote at x = 3,29,15,no,no,PASS,authored-specific-rationale|authored-specific-rationale|authored-specific-rationale,0,PASS,KEEP
rational-functions,11,rf-04-02,k3,no,content/courses/rational-functions/lessons/rf-04-02.json,What happens at x = 5 for f(x) = (x − 5)/(x − 5)²?,a vertical asymptote — one (x − 5) survives below,49,15,yes,yes,FAIL,authored-specific-rationale|authored-specific-rationale|fraction-denominator,0,PASS,REMEDIATE
rational-functions,11,rf-04-02,ch1,no,content/courses/rational-functions/lessons/rf-04-02.json,Analyze f(x) = (x² − 4)/((x − 2)(x + 1)).,"hole at (2, 4/3); asymptote x = −1",34,33,no,no,PASS,rate-vs-start|authored-specific-rationale|authored-specific-rationale,0,PASS,KEEP
rational-functions,11,rf-04-02,rem-rf0402-k,yes,content/courses/rational-functions/lessons/rf-04-02.json,Substituting a value gives 5/0. Hole or asymptote?,vertical asymptote,18,21,no,no,PASS,authored-specific-rationale|authored-specific-rationale|authored-specific-rationale,0,PASS,KEEP
rational-functions,11,rf-04-03,i1,no,content/courses/rational-functions/lessons/rf-04-03.json,What is the horizontal asymptote of f(x) = (3x + 1)/(x² + 5)?,y = 0,5,7,no,no,PASS,unit-conversion|unit-conversion|authored-specific-rationale,0,PASS,KEEP
rational-functions,11,rf-04-03,k1,no,content/courses/rational-functions/lessons/rf-04-03.json,What is the horizontal asymptote of f(x) = (6x² − x)/(3x² + 8)?,y = 2,5,8,no,no,PASS,unit-conversion|authored-specific-rationale|authored-specific-rationale,0,PASS,KEEP
rational-functions,11,rf-04-03,i2,no,content/courses/rational-functions/lessons/rf-04-03.json,What is the horizontal asymptote of f(x) = (x³ + 1)/(x + 2)?,none — the top's degree is larger,33,7,yes,yes,FAIL,authored-specific-rationale|unit-conversion|authored-specific-rationale,0,PASS,REMEDIATE
rational-functions,11,rf-04-03,k3,no,content/courses/rational-functions/lessons/rf-04-03.json,Can a graph CROSS its own horizontal asymptote?,yes — the rule only governs far-end behavior,44,35,no,no,PASS,place-value|authored-specific-rationale|authored-specific-rationale,0,PASS,KEEP
rational-functions,11,rf-04-03,ch1,no,content/courses/rational-functions/lessons/rf-04-03.json,List ALL asymptotes of f(x) = (2x² − 8)/(x² − 1).,y = 2; x = 1 and x = −1,23,20,no,no,PASS,authored-specific-rationale|rate-vs-start|authored-specific-rationale,0,PASS,KEEP
rational-functions,11,rf-05-01,k3,no,content/courses/rational-functions/lessons/rf-05-01.json,Solve 3/(x − 1) = (x + 2)/(x − 1).,no solution — the only candidate is excluded,44,6,yes,yes,FAIL,authored-specific-rationale|fraction-denominator|fraction-denominator,0,PASS,REMEDIATE
rational-functions,11,rf-05-01,ch1,no,content/courses/rational-functions/lessons/rf-05-01.json,Solve 2/(x − 2) = x/(x − 2) − 1.,every real x except 2,21,11,no,no,PASS,fraction-denominator|authored-specific-rationale|authored-specific-rationale,0,PASS,KEEP
rational-functions,11,rf-05-02,k1,no,content/courses/rational-functions/lessons/rf-05-02.json,A pump fills a tank in 4 hours. What fraction of the tank does it fill per hour?,1/4,3,3,no,no,PASS,fraction-denominator|rate-vs-start|rate-vs-start,0,PASS,KEEP
rational-functions,11,rf-05-02,k2,no,content/courses/rational-functions/lessons/rf-05-02.json,Two workers finish alone in 6 and 3 hours. Which is a sanity check on their joint time t?,t must be less than 3,21,25,no,no,PASS,authored-specific-rationale|rate-vs-start|authored-specific-rationale,0,PASS,KEEP
rational-functions,11,rf-05-03,i2,no,content/courses/rational-functions/lessons/rf-05-03.json,"A table shows pairs (2, 18), (3, 12), (6, 6). Which variation fits?",inverse — every product xy is 36,32,36,no,no,PASS,inside-vs-derivative|inside-vs-derivative|inverse-confusion,0,PASS,KEEP
rational-functions,11,rf-05-03,k2,no,content/courses/rational-functions/lessons/rf-05-03.json,Which quantity pair naturally varies INVERSELY?,number of workers and hours to finish a fixed job,49,49,no,no,PASS,rate-vs-start|authored-specific-rationale|unit-conversion,0,PASS,KEEP
ratios-rates,6,rr-01-01,i1,no,content/courses/ratios-rates/lessons/rr-01-01.json,A fruit bowl follows the pattern: 3 apples for every 2 oranges. What is the ratio of apples to oranges?,3 : 2,5,5,no,no,PASS,authored-specific-rationale|authored-specific-rationale,0,PASS,KEEP
ratios-rates,6,rr-01-01,rem-rl-k,yes,content/courses/ratios-rates/lessons/rr-01-01.json,A shelter has 5 cats for every 2 dogs. The ratio of cats to dogs is…,5 : 2,5,5,no,no,PASS,authored-specific-rationale|authored-specific-rationale,0,PASS,KEEP
ratios-rates,6,rr-01-02,i1,no,content/courses/ratios-rates/lessons/rr-01-02.json,A class has 3 girls for every 2 boys. What is the ratio of girls to the WHOLE class?,3 : 5,5,5,no,no,PASS,authored-specific-rationale|authored-specific-rationale,0,PASS,KEEP
ratios-rates,6,rr-01-02,k3,no,content/courses/ratios-rates/lessons/rr-01-02.json,Which statement is a PART-TO-WHOLE comparison?,3 of every 5 students walk to school,36,26,no,no,PASS,authored-specific-rationale|authored-specific-rationale,0,PASS,KEEP
ratios-rates,6,rr-01-02,ch1,no,content/courses/ratios-rates/lessons/rr-01-02.json,A basket keeps apples and bananas in the ratio 5 : 4. Which statement MUST be true?,5 of every 9 fruits are apples,30,31,no,no,PASS,authored-specific-rationale|authored-specific-rationale,0,PASS,KEEP
ratios-rates,6,rr-01-02,rem-ppw-k,yes,content/courses/ratios-rates/lessons/rr-01-02.json,A shelter has 2 dogs for every 1 cat. The ratio of dogs to ALL the pets is…,2 : 3,5,5,no,no,PASS,authored-specific-rationale|authored-specific-rationale,0,PASS,KEEP
ratios-rates,6,rr-01-03,k2,no,content/courses/ratios-rates/lessons/rr-01-03.json,Which ratio is equivalent to 3 : 2?,9 : 6,5,5,no,no,PASS,authored-specific-rationale|authored-specific-rationale,0,PASS,KEEP
ratios-rates,6,rr-01-03,i2,no,content/courses/ratios-rates/lessons/rr-01-03.json,A ratio table shows 4 : 10 in one row and 2 : 5 in the next. What happened between the rows?,Both parts were divided by 2 — the ratios are equivalent,56,47,no,no,PASS,representation-read|sign-direction,0,PASS,KEEP
ratios-rates,6,rr-01-03,ch1,no,content/courses/ratios-rates/lessons/rr-01-03.json,Which pair of ratios is NOT equivalent?,8 : 12 and 12 : 16,18,16,no,no,PASS,authored-specific-rationale|inside-vs-derivative,0,PASS,KEEP
ratios-rates,6,rr-02-01,k1,no,content/courses/ratios-rates/lessons/rr-02-01.json,"A table for the ratio 2 : 3 has rows 4 : 6, 4 : 5, and 10 : 15. Which row is WRONG?",4 : 5,5,7,no,no,PASS,representation-read|representation-read,0,PASS,KEEP
ratios-rates,6,rr-02-02,k2,no,content/courses/ratios-rates/lessons/rr-02-02.json,A student draws Maya's lines but starts the minutes line at 2 instead of 0. What goes wrong?,Stacked marks no longer share a multiplier — the pairs stop being equivalent ratios,83,43,yes,no,FAIL,authored-specific-rationale|authored-specific-rationale,0,PASS,REMEDIATE
ratios-rates,6,rr-02-03,k1,no,content/courses/ratios-rates/lessons/rr-02-03.json,"You need lemonade amounts for parties of 5 different sizes, all from one recipe ratio. Which tool fits the job best?",A ratio table — one row per party size,38,54,no,no,PASS,representation-read|authored-specific-rationale,0,PASS,KEEP
ratios-rates,6,rr-02-03,k2,no,content/courses/ratios-rates/lessons/rr-02-03.json,A classmate claims 6 cups concentrate with 15 cups water keeps the 2 : 5 mix. Does the shrink test agree?,Yes — 6 : 15 shrinks by ÷3 to exactly 2 : 5,43,45,no,no,PASS,authored-specific-rationale|authored-specific-rationale,0,PASS,KEEP
ratios-rates,6,rr-02-03,ch1,no,content/courses/ratios-rates/lessons/rr-02-03.json,Which pair keeps the SAME relationship as 9 : 12?,15 : 20,7,7,no,no,PASS,authored-specific-rationale|authored-specific-rationale,0,PASS,KEEP
ratios-rates,6,rr-02b-01,k2,no,content/courses/ratios-rates/lessons/rr-02b-01.json,"The pairs (1, 2), (2, 4) and (3, 6) are all plotted. What do the points form?",A straight line through the origin,34,38,no,no,PASS,authored-specific-rationale|authored-specific-rationale|authored-specific-rationale,0,PASS,KEEP
ratios-rates,6,rr-02b-01,ch1,no,content/courses/ratios-rates/lessons/rr-02b-01.json,Three of these pairs lie on one line through the origin. Which one does NOT?,"(3, 8)",6,7,no,no,PASS,authored-specific-rationale|authored-specific-rationale|authored-specific-rationale,0,PASS,KEEP
ratios-rates,6,rr-03-01,k1,no,content/courses/ratios-rates/lessons/rr-03-01.json,Apples: $6 for 3 pounds. Which division gives the price PER POUND?,6 ÷ 3 — dollars shared across pounds,36,36,no,no,PASS,sign-direction|unit-conversion,0,PASS,KEEP
ratios-rates,6,rr-04-01,k1,no,content/courses/ratios-rates/lessons/rr-04-01.json,"What fraction, in simplest form, equals 10%?",1/10,4,6,no,no,PASS,authored-specific-rationale|inside-vs-derivative,0,PASS,KEEP
ratios-rates,6,rr-04-01,ch1,no,content/courses/ratios-rates/lessons/rr-04-01.json,"Order from SMALLEST to largest: 45%, 1/2, 2/5.","2/5, 45%, 1/2",13,13,no,no,PASS,authored-specific-rationale|authored-specific-rationale,0,PASS,KEEP
ratios-rates,6,rr-04-01,rem-pm-k,yes,content/courses/ratios-rates/lessons/rr-04-01.json,"What fraction, in simplest form, equals 20%?",1/5,3,4,no,no,PASS,authored-specific-rationale|authored-specific-rationale,0,PASS,KEEP
ratios-rates,6,rr-04-02,i2,no,content/courses/ratios-rates/lessons/rr-04-02.json,"Which is larger: 30% of 40, or 30% of 90?",30% of 90,9,28,no,no,PASS,authored-specific-rationale|authored-specific-rationale,0,PASS,KEEP
ratios-rates,6,rr-05-01,k1,no,content/courses/ratios-rates/lessons/rr-05-01.json,"Converting feet into inches, do you multiply or divide by 12 — and why?","Multiply — inches are smaller, so there are more of them",56,39,no,no,PASS,unit-conversion|sign-direction,0,PASS,KEEP
ratios-rates,6,rr-05-02,ch1,no,content/courses/ratios-rates/lessons/rr-05-02.json,"Which is longer: 1 day, or 20 hours?","1 day — it equals 24 hours, more than 20",40,39,no,no,PASS,unit-conversion|authored-specific-rationale,0,PASS,KEEP
right-triangles-trig,10,rt-01-01,i2,no,content/courses/right-triangles-trig/lessons/rt-01-01.json,"A right triangle has sides 9, 40, 41. Which number must play the role of c in a² + b² = c²?",41 — the longest side is the hypotenuse,39,49,no,no,PASS,authored-specific-rationale|authored-specific-rationale|authored-specific-rationale,0,PASS,KEEP
right-triangles-trig,10,rt-01-02,k1,no,content/courses/right-triangles-trig/lessons/rt-01-02.json,"Sides 8, 15, 17. Right triangle or not — and what's the test?",Right: 64 + 225 = 289 = 17²,27,53,no,no,PASS,authored-specific-rationale|authored-specific-rationale|authored-specific-rationale,0,PASS,KEEP
right-triangles-trig,10,rt-01-02,i2,no,content/courses/right-triangles-trig/lessons/rt-01-02.json,"Sides 6, 7, 9. Compute 6² + 7² = 85 and 9² = 81. The triangle is…",Acute — c² = 81 is LESS than 85,31,46,no,no,PASS,authored-specific-rationale|authored-specific-rationale|authored-specific-rationale,0,PASS,KEEP
right-triangles-trig,10,rt-01-02,k2,no,content/courses/right-triangles-trig/lessons/rt-01-02.json,"Classify the triangle with sides 4, 7, 9.",Obtuse — 81 > 16 + 49 = 65,26,41,no,no,PASS,authored-specific-rationale|authored-specific-rationale|authored-specific-rationale,0,PASS,KEEP
right-triangles-trig,10,rt-01-02,ch,no,content/courses/right-triangles-trig/lessons/rt-01-02.json,"A triangle has sides 20, 21, 29. What's the verdict?",Right — 400 + 441 = 841 = 29²,29,44,no,no,PASS,authored-specific-rationale|authored-specific-rationale|authored-specific-rationale,0,PASS,KEEP
right-triangles-trig,10,rt-01-02,rem-rt-classify-k,yes,content/courses/right-triangles-trig/lessons/rt-01-02.json,"Sides 6, 7, 10: acute, right, or obtuse?",Obtuse — 100 > 36 + 49 = 85,27,34,no,no,PASS,authored-specific-rationale|authored-specific-rationale,0,PASS,KEEP
right-triangles-trig,10,rt-01-03,i2,no,content/courses/right-triangles-trig/lessons/rt-01-03.json,Which everyday object hands you a 45-45-90 triangle directly?,A square napkin folded along its diagonal,41,40,no,no,PASS,authored-specific-rationale|authored-specific-rationale|authored-specific-rationale,0,PASS,KEEP
right-triangles-trig,10,rt-01-04,i2,no,content/courses/right-triangles-trig/lessons/rt-01-04.json,You know the LONG leg of a 30-60-90 triangle. What's the correct route to the hypotenuse?,"Divide by √3 to get the short leg, then double it",49,27,yes,no,FAIL,authored-specific-rationale|unit-conversion|rate-vs-start,0,PASS,REMEDIATE
right-triangles-trig,10,rt-02-01,i2,no,content/courses/right-triangles-trig/lessons/rt-02-01.json,"In the 3-4-5 triangle, φ is the OTHER acute angle (its opposite side is 4). What is sin φ?","4/5 — the roles swap, so sin φ = cos θ",38,53,no,no,PASS,authored-specific-rationale|authored-specific-rationale|authored-specific-rationale,0,PASS,KEEP
right-triangles-trig,10,rt-03-01,i2,no,content/courses/right-triangles-trig/lessons/rt-03-01.json,You compute a triangle's hypotenuse and get a value SMALLER than one of its legs. What does that tell you?,An error occurred — the hypotenuse must be the longest side,59,48,no,yes,FAIL,authored-specific-rationale|authored-specific-rationale|authored-specific-rationale,0,PASS,REMEDIATE
right-triangles-trig,10,rt-03-02,k3,no,content/courses/right-triangles-trig/lessons/rt-03-02.json,You know a triangle's ADJACENT leg and its HYPOTENUSE. Which inverse finds the angle?,cos⁻¹(adjacent ÷ hypotenuse),28,28,no,no,PASS,authored-specific-rationale|authored-specific-rationale|authored-specific-rationale,0,PASS,KEEP
right-triangles-trig,10,rt-03-03,i2,no,content/courses/right-triangles-trig/lessons/rt-03-03.json,"Besides the right angle, what is the MINIMUM extra information that determines a right triangle completely?","Any two sides, or one side plus one acute angle",47,35,no,no,PASS,authored-specific-rationale|authored-specific-rationale|authored-specific-rationale,0,PASS,KEEP
right-triangles-trig,10,rt-04-01,i1,no,content/courses/right-triangles-trig/lessons/rt-04-01.json,An observer on a cliff looks down at a boat. The angle of depression is measured between which two lines?,"The horizontal line at the observer's eye, and the line of sight down to the boat",81,51,yes,no,FAIL,authored-specific-rationale|authored-specific-rationale|authored-specific-rationale,0,PASS,REMEDIATE
right-triangles-trig,10,rt-04-01,k2,no,content/courses/right-triangles-trig/lessons/rt-04-01.json,"From a cliff top, the angle of depression to a boat is 15°. What is the angle of ELEVATION from the boat up to the cliff top?",15° — alternate interior angles between parallels,49,32,no,no,PASS,authored-specific-rationale|authored-specific-rationale|authored-specific-rationale,0,PASS,KEEP
right-triangles-trig,10,rt-04-02,i1,no,content/courses/right-triangles-trig/lessons/rt-04-02.json,"You stand 40 m from a building; your clinometer (at eye level, 1.6 m up) reads 55° to the roof. The value 40·tan 55° gives which height?",The roof's height ABOVE YOUR EYE — add 1.6 m for the full building,66,34,yes,yes,FAIL,authored-specific-rationale|authored-specific-rationale|authored-specific-rationale,0,PASS,REMEDIATE
right-triangles-trig,10,rt-04-02,k3,no,content/courses/right-triangles-trig/lessons/rt-04-02.json,A plane at 2500 m altitude sights an airport at 12° depression. Which computation gives the horizontal GROUND distance?,2500 ÷ tan 12°,14,14,no,no,PASS,authored-specific-rationale|authored-specific-rationale|authored-specific-rationale,0,PASS,KEEP
right-triangles-trig,10,rt-04-03,i1,no,content/courses/right-triangles-trig/lessons/rt-04-03.json,Every applied trig problem starts the same way. What comes FIRST?,Draw the triangle and label each side's role from the given angle,65,35,yes,no,FAIL,sign-direction|authored-specific-rationale|sign-direction,0,PASS,REMEDIATE
right-triangles-trig,10,rt-04-03,k3,no,content/courses/right-triangles-trig/lessons/rt-04-03.json,"In the two-reading setup, which equation lets you find x (the near distance)?",x·tan 55° = (x + 30)·tan 40°,28,28,no,no,PASS,sign-direction|authored-specific-rationale|authored-specific-rationale,0,PASS,KEEP
right-triangles-trig,10,rt-05-01,i2,no,content/courses/right-triangles-trig/lessons/rt-05-01.json,A classmate claims sin θ = 0.9 and cos θ = 0.5 for the same acute angle. Quickest disproof?,"0.9² + 0.5² = 1.06 ≠ 1, violating sin²θ + cos²θ = 1",51,39,no,no,PASS,authored-specific-rationale|authored-specific-rationale|exponent-rule,0,PASS,KEEP
right-triangles-trig,10,rt-05-02,i1,no,content/courses/right-triangles-trig/lessons/rt-05-02.json,The Law of Sines makes precise an old intuition. Which one?,"Larger angles sit opposite larger sides, in exact sine proportion",65,54,no,no,PASS,authored-specific-rationale|authored-specific-rationale|authored-specific-rationale,0,PASS,KEEP
right-triangles-trig,10,rt-05-02,k3,no,content/courses/right-triangles-trig/lessons/rt-05-02.json,Which information is NOT enough for the Law of Sines to find a missing side?,"All three angles, but no sides",30,45,no,no,PASS,authored-specific-rationale|authored-specific-rationale|authored-specific-rationale,0,PASS,KEEP
right-triangles-trig,10,rt-05-03,i2,no,content/courses/right-triangles-trig/lessons/rt-05-03.json,"For sides a, b, c (c largest), what does the SIGN of a² + b² − c² tell you about the angle opposite c?","Positive → acute, zero → right, negative → obtuse",49,43,no,no,PASS,sign-direction|sign-direction|sign-direction,0,PASS,KEEP
right-triangles-trig,10,rt-05-03,k3,no,content/courses/right-triangles-trig/lessons/rt-05-03.json,You know two sides and the angle BETWEEN them. Which tool finds the third side?,Law of Cosines — SAS is its home turf,37,23,no,yes,FAIL,authored-specific-rationale|authored-specific-rationale|authored-specific-rationale,0,PASS,REMEDIATE
right-triangles-trig,10,rt-05-04,i1,no,content/courses/right-triangles-trig/lessons/rt-05-04.json,"A triangle has angles 48° and 67°, and the side between... opposite the 48° is 21. No right angle. Best tool for the remaining sides?",Law of Sines — 21 and 48° form a matched pair,45,19,yes,yes,FAIL,authored-specific-rationale|authored-specific-rationale|authored-specific-rationale,0,PASS,REMEDIATE
right-triangles-trig,10,rt-05-04,i2,no,content/courses/right-triangles-trig/lessons/rt-05-04.json,New triangle: sides 13 and 19 with the 74° angle BETWEEN them. Best tool for the third side?,Law of Cosines — this is SAS,28,23,no,yes,FAIL,authored-specific-rationale|authored-specific-rationale|inside-vs-derivative,0,PASS,REMEDIATE
right-triangles-trig,10,rt-05-04,k3,no,content/courses/right-triangles-trig/lessons/rt-05-04.json,"In Area = ½·a·b·sin C, the factor b·sin C is really:",The triangle's height above base a,34,28,no,no,PASS,authored-specific-rationale|unit-conversion|authored-specific-rationale,0,PASS,KEEP
right-triangles-trig,10,rt-05-04,rem-rt-choose-tool-k,yes,content/courses/right-triangles-trig/lessons/rt-05-04.json,You know all three sides of a triangle and want an angle. Which tool?,"Law of Cosines, solved for cos C",32,17,no,no,PASS,authored-specific-rationale|authored-specific-rationale|authored-specific-rationale,0,PASS,KEEP
sampling-and-probability,7,sp-01-01,i2,no,content/courses/sampling-and-probability/lessons/sp-01-01.json,A school wants to know if students like math class. Which sampling method gives the LEAST biased estimate?,Randomly select 50 students from the full enrollment list,57,42,no,no,PASS,authored-specific-rationale|authored-specific-rationale,0,PASS,KEEP
sampling-and-probability,7,sp-01-01,k2,no,content/courses/sampling-and-probability/lessons/sp-01-01.json,A city wants to know how residents feel about a new park. Which method is LEAST biased?,Randomly call 200 residents from the full city directory,56,57,no,no,PASS,authored-specific-rationale|authored-specific-rationale,0,PASS,KEEP
sampling-and-probability,7,sp-01-01,rem-srvb-k,yes,content/courses/sampling-and-probability/lessons/sp-01-01.json,A school wants to know if students like math class. Which sampling method gives the LEAST biased estimate?,Randomly select 50 students from the full enrollment list,57,42,no,no,PASS,authored-specific-rationale|authored-specific-rationale,0,PASS,KEEP
sampling-and-probability,7,sp-01-02,k1,no,content/courses/sampling-and-probability/lessons/sp-01-02.json,Which random sample is likely to give a MORE RELIABLE estimate of a school's average test score?,A random sample of 200 students,31,30,no,no,PASS,authored-specific-rationale|authored-specific-rationale,0,PASS,KEEP
sampling-and-probability,7,sp-01-02,i2,no,content/courses/sampling-and-probability/lessons/sp-01-02.json,"Three random samples of 30 students each estimate a school's pizza-preference rate at 55%, 58%, and 52%. What does this spread suggest?","The true rate is likely near 55%, with some normal sample-to-sample variation",77,47,yes,no,FAIL,sign-direction|rate-vs-start,0,PASS,REMEDIATE
sampling-and-probability,7,sp-01-02,k2,no,content/courses/sampling-and-probability/lessons/sp-01-02.json,Which random sample is likely to give a MORE RELIABLE estimate of a city's average commute time?,A random sample of 500 residents,32,31,no,no,PASS,authored-specific-rationale|authored-specific-rationale,0,PASS,KEEP
sampling-and-probability,7,sp-01-02,ch1,no,content/courses/sampling-and-probability/lessons/sp-01-02.json,"Five random samples of 100 shoppers each estimate a store's discount-card usage rate at 41%, 39%, 42%, 40%, 41%. What's the best conclusion?","The true rate is likely close to 41%, with normal sample variation",66,69,no,no,PASS,authored-specific-rationale|authored-specific-rationale,0,PASS,KEEP
sampling-and-probability,7,sp-01-02,rem-sss-k,yes,content/courses/sampling-and-probability/lessons/sp-01-02.json,Which random sample is likely to give a MORE RELIABLE estimate of a school's average test score?,A random sample of 200 students,31,30,no,no,PASS,authored-specific-rationale|authored-specific-rationale,0,PASS,KEEP
sampling-and-probability,7,sp-01-03,k1,no,content/courses/sampling-and-probability/lessons/sp-01-03.json,A company wants to know overall customer satisfaction. Which method is LEAST biased?,Randomly call 300 customers from the full purchase records,58,47,no,no,PASS,sign-direction|authored-specific-rationale,0,PASS,KEEP
sampling-and-probability,7,sp-01-03,i3,no,content/courses/sampling-and-probability/lessons/sp-01-03.json,Which random sample gives a more reliable estimate of a city's average household income?,A random sample of 1000 households,34,32,no,no,PASS,authored-specific-rationale|authored-specific-rationale,0,PASS,KEEP
sampling-and-probability,7,sp-01-03,k3,no,content/courses/sampling-and-probability/lessons/sp-01-03.json,A school wants to know how students get to school. Which method is LEAST biased?,Randomly select 100 students from the whole school roster,57,38,yes,no,FAIL,authored-specific-rationale|authored-specific-rationale,0,PASS,REMEDIATE
sampling-and-probability,7,sp-01-03,rem-srb-k,yes,content/courses/sampling-and-probability/lessons/sp-01-03.json,A company wants to know overall customer satisfaction. Which method is LEAST biased?,Randomly call 300 customers from the full purchase records,58,47,no,no,PASS,authored-specific-rationale|authored-specific-rationale,0,PASS,KEEP
sampling-and-probability,7,sp-02b-01,k3,no,content/courses/sampling-and-probability/lessons/sp-02b-01.json,"Study 1: centres 6 apart, MAD 1. Study 2: centres 6 apart, MAD 4. Which shows the clearer difference between groups?","Study 1 — its gap is 6 MADs wide, against 1.5 for Study 2",57,59,no,yes,FAIL,unit-conversion|unit-conversion,0,PASS,REMEDIATE
sampling-and-probability,7,sp-02b-02,k3,no,content/courses/sampling-and-probability/lessons/sp-02b-02.json,Groups C and D come out 1 MAD apart. What is the honest conclusion?,Not convincing yet — a gap that small could easily come from sampling luck,74,41,yes,yes,FAIL,authored-specific-rationale|authored-specific-rationale,0,PASS,REMEDIATE
sampling-and-probability,7,sp-02b-02,ch1,no,content/courses/sampling-and-probability/lessons/sp-02b-02.json,"Group P is 18, 20, 22 (mean 20). Group Q is 24, 26, 28 (mean 26). Each group's MAD is about 1.3. What should you report?",A clear difference — the centres are about 4.5 MADs apart,57,49,no,yes,FAIL,unit-conversion|authored-specific-rationale,0,PASS,REMEDIATE
sampling-and-probability,7,sp-02b-03,k2,no,content/courses/sampling-and-probability/lessons/sp-02b-03.json,"The two classes come out 3 MADs apart, with the afternoon class higher. What can you fairly report?",The afternoon class scored clearly higher — the gap is well past sampling noise,79,58,yes,yes,FAIL,authored-specific-rationale|rate-vs-start,0,PASS,REMEDIATE
sampling-and-probability,7,sp-02b-03,k3,no,content/courses/sampling-and-probability/lessons/sp-02b-03.json,"Services X and Y are 3 MADs apart, a difference of 1.2 minutes. What is the fair summary?",The difference is real but small — 1.2 minutes may not matter in practice,73,55,no,yes,FAIL,authored-specific-rationale|authored-specific-rationale,0,PASS,REMEDIATE
sampling-and-probability,7,sp-02b-03,ch1,no,content/courses/sampling-and-probability/lessons/sp-02b-03.json,"Brand A: mean life 88 hours, MAD 7. Brand B: mean life 96 hours, MAD 9. What should the report say?",About 1 MAD apart — not convincing yet from these samples,57,47,no,no,PASS,authored-specific-rationale|authored-specific-rationale,0,PASS,KEEP
sampling-and-probability,7,sp-03-01,i1,no,content/courses/sampling-and-probability/lessons/sp-03-01.json,"When rolling a standard 6-sided die, what is the probability of rolling an even number?",1/2,3,3,no,no,PASS,authored-specific-rationale|place-value,0,PASS,KEEP
sampling-and-probability,7,sp-03-01,i2,no,content/courses/sampling-and-probability/lessons/sp-03-01.json,"A spinner has 8 equal sections, 3 are red. What is the probability of landing on red?",3/8,3,3,no,no,PASS,authored-specific-rationale|authored-specific-rationale,0,PASS,KEEP
sampling-and-probability,7,sp-03-01,i3,no,content/courses/sampling-and-probability/lessons/sp-03-01.json,A probability of 1/20 describes an event that is...,unlikely,8,7,no,no,PASS,authored-specific-rationale|authored-specific-rationale,0,PASS,KEEP
sampling-and-probability,7,sp-03-01,k3,no,content/courses/sampling-and-probability/lessons/sp-03-01.json,A probability of 1 describes an event that is...,certain,7,10,no,no,PASS,authored-specific-rationale|authored-specific-rationale,0,PASS,KEEP
sampling-and-probability,7,sp-03-01,rem-stp-k,yes,content/courses/sampling-and-probability/lessons/sp-03-01.json,"When rolling a standard 6-sided die, what is the probability of rolling an even number?",1/2,3,3,no,no,PASS,authored-specific-rationale|authored-specific-rationale,0,PASS,KEEP
sampling-and-probability,7,sp-03-01,rem-slw-k,yes,content/courses/sampling-and-probability/lessons/sp-03-01.json,A probability of 1 describes an event that is...,certain,7,10,no,no,PASS,authored-specific-rationale|authored-specific-rationale,0,PASS,KEEP
sampling-and-probability,7,sp-03-02,k3,no,content/courses/sampling-and-probability/lessons/sp-03-02.json,A probability of 0 describes an event that is...,impossible,10,7,no,no,PASS,authored-specific-rationale|authored-specific-rationale,0,PASS,KEEP
sampling-and-probability,7,sp-03-02,rem-slw2-k,yes,content/courses/sampling-and-probability/lessons/sp-03-02.json,A probability of 0 describes an event that is...,impossible,10,7,no,no,PASS,authored-specific-rationale|authored-specific-rationale,0,PASS,KEEP
sampling-and-probability,7,sp-04-02,i1,no,content/courses/sampling-and-probability/lessons/sp-04-02.json,What is the probability of flipping heads and rolling an even number?,1/4,3,4,no,no,PASS,authored-specific-rationale|authored-specific-rationale,0,PASS,KEEP
sampling-and-probability,7,sp-04-02,i3,no,content/courses/sampling-and-probability/lessons/sp-04-02.json,What is the probability of flipping heads and rolling an even number?,1/4,3,4,no,no,PASS,authored-specific-rationale|place-value,0,PASS,KEEP
sampling-and-probability,7,sp-04-02,rem-scpb-k,yes,content/courses/sampling-and-probability/lessons/sp-04-02.json,What is the probability of flipping heads and rolling an even number?,1/4,3,4,no,no,PASS,authored-specific-rationale|authored-specific-rationale,0,PASS,KEEP
sequences-series,11,sr-01-01,k2,no,content/courses/sequences-series/lessons/sr-01-01.json,"To compute a term from a recursive rule, what must you already know?",the term right before it,24,30,no,no,PASS,exponent-rule|place-value|authored-specific-rationale,0,PASS,KEEP
sequences-series,11,sr-01-02,k2,no,content/courses/sequences-series/lessons/sr-01-02.json,"You want a₅₀ from a₁ = 7, aₙ = aₙ₋₁ + 3 using ONLY the recursive rule. What does that require?",computing every term a₂ through a₄₉ first,41,32,no,no,PASS,authored-specific-rationale|authored-specific-rationale|authored-specific-rationale,0,PASS,KEEP
sequences-series,11,sr-01-03,i2,no,content/courses/sequences-series/lessons/sr-01-03.json,Convert aₙ = 7 + (n − 1)·5 to a recursive rule.,"a₁ = 7, aₙ = aₙ₋₁ + 5",21,28,no,no,PASS,authored-specific-rationale|representation-read|authored-specific-rationale,0,PASS,KEEP
sequences-series,11,sr-01-03,k2,no,content/courses/sequences-series/lessons/sr-01-03.json,"Convert a₁ = 4, aₙ = 3·aₙ₋₁ to explicit form.",aₙ = 4·3ⁿ⁻¹,11,18,no,no,PASS,exponent-rule|exponent-rule|exponent-rule,0,PASS,KEEP
sequences-series,11,sr-02-01,i1,no,content/courses/sequences-series/lessons/sr-02-01.json,"In Σ from k = 1 to 5 of (2k + 1), what does the 5 tell you?",stop the counter when k reaches 5,33,27,no,no,PASS,authored-specific-rationale|authored-specific-rationale|authored-specific-rationale,0,PASS,KEEP
sequences-series,11,sr-02-03,k1,no,content/courses/sequences-series/lessons/sr-02-03.json,Which sigma equals 1 + 4 + 9 + 16 + 25 + 36 + 49?,Σ from k = 1 to 7 of k²,23,24,no,no,PASS,authored-specific-rationale|authored-specific-rationale|exponent-rule,0,PASS,KEEP
sequences-series,11,sr-02-03,i3,no,content/courses/sequences-series/lessons/sr-02-03.json,Which sigma ALSO equals 4 + 7 + 10 + 13?,Σ from k = 0 to 3 of (3k + 4),29,29,no,no,PASS,authored-specific-rationale|authored-specific-rationale|authored-specific-rationale,0,PASS,KEEP
sequences-series,11,sr-03-02,i2,no,content/courses/sequences-series/lessons/sr-03-02.json,"You know a₁ = 7, d = 3, n = 20 — but not the last term. The fastest correct tool?",S = n/2 · (2a₁ + (n − 1)d),26,31,no,no,PASS,authored-specific-rationale|authored-specific-rationale|authored-specific-rationale,0,PASS,KEEP
sequences-series,11,sr-03-03,i3,no,content/courses/sequences-series/lessons/sr-03-03.json,“How many seats are in row 10?” asks for which quantity?,a₁₀ — a single term,19,25,no,no,PASS,representation-read|representation-read|representation-read,0,PASS,KEEP
sequences-series,11,sr-04-02,i2,no,content/courses/sequences-series/lessons/sr-04-02.json,"For the four-term sum 1 + 4 + 16 + 64, the formula's rⁿ is:",4⁴ = 256,8,10,no,no,PASS,exponent-rule|exponent-rule|exponent-rule,0,PASS,KEEP
sequences-series,11,sr-04-03,i3,no,content/courses/sequences-series/lessons/sr-04-03.json,Which total needs the GEOMETRIC sum formula?,$10 + $20 + $40 + $80,21,21,no,no,PASS,authored-specific-rationale|authored-specific-rationale|inside-vs-derivative,0,PASS,KEEP
sequences-series,11,sr-05-01,k1,no,content/courses/sequences-series/lessons/sr-05-01.json,"As more and more pieces are added, the running total…",climbs toward 1 but never reaches or passes it,46,44,no,no,PASS,authored-specific-rationale|authored-specific-rationale|representation-read,0,PASS,KEEP
sequences-series,11,sr-05-01,k2,no,content/courses/sequences-series/lessons/sr-05-01.json,Which infinite series settles to a finite total?,100 + 50 + 25 + 12.5 + ⋯,24,19,no,yes,FAIL,representation-read|authored-specific-rationale|place-value,0,PASS,REMEDIATE
sequences-series,11,sr-05-01,i3,no,content/courses/sequences-series/lessons/sr-05-01.json,The partial sums of 0.3 + 0.03 + 0.003 + ⋯ climb toward:,1/3,3,29,no,no,PASS,authored-specific-rationale|authored-specific-rationale|representation-read,0,PASS,KEEP
sequences-series,11,sr-05-01,ch1,no,content/courses/sequences-series/lessons/sr-05-01.json,For which r does 6 + 6r + 6r² + 6r³ + ⋯ settle to a finite total?,r = −0.99,9,8,no,no,PASS,representation-read|authored-specific-rationale|authored-specific-rationale,0,PASS,KEEP
sequences-series,11,sr-05-01,rem-sr0501-k,yes,content/courses/sequences-series/lessons/sr-05-01.json,Does 40 + 20 + 10 + 5 + ⋯ settle to a finite total?,"Yes — r = 1/2, and |1/2| < 1",28,46,no,no,PASS,representation-read|authored-specific-rationale,0,PASS,KEEP
sequences-series,11,sr-05-02,i2,no,content/courses/sequences-series/lessons/sr-05-02.json,Plugging 5 + 10 + 20 + ⋯ into a₁/(1 − r) gives 5/(1 − 2) = −5. What's wrong?,"The formula needs |r| < 1 — this series diverges, so −5 is meaningless",70,32,yes,no,FAIL,sign-direction|authored-specific-rationale|authored-specific-rationale,0,PASS,REMEDIATE
series-convergence,13,sc-01-01,k1,no,content/courses/series-convergence/lessons/sc-01-01.json,The terms of a series do not approach 0. What can you conclude?,"It diverges — you are adding lumps of a fixed size forever, so the pile can never settle.",89,44,yes,yes,FAIL,authored-specific-rationale|authored-specific-rationale|sign-direction,0,PASS,REMEDIATE
series-convergence,13,sc-01-01,k2,no,content/courses/series-convergence/lessons/sc-01-01.json,The terms of 1 + 1/2 + 1/3 + 1/4 + … go to zero. Does the series converge?,"No — the harmonic series diverges, even though its terms fade to nothing.",73,54,yes,no,FAIL,representation-read|authored-specific-rationale|sign-direction,0,PASS,REMEDIATE
series-convergence,13,sc-01-01,k3,no,content/courses/series-convergence/lessons/sc-01-01.json,Why does the ratio test work?,"If |aₙ₊₁/aₙ| settles below 1, the tail eventually behaves like a geometric series with that ratio — and those converge.",119,47,yes,no,FAIL,authored-specific-rationale|authored-specific-rationale|sign-direction,0,PASS,REMEDIATE
series-convergence,13,sc-01-01,ch1,no,content/courses/series-convergence/lessons/sc-01-01.json,Does Σ n/(n + 1) converge?,"No — the terms tend to 1, not 0, so by the nth-term test it diverges.",69,38,yes,no,FAIL,authored-specific-rationale|authored-specific-rationale|authored-specific-rationale,0,PASS,REMEDIATE
series-convergence,13,sc-01-01,rk1,yes,content/courses/series-convergence/lessons/sc-01-01.json,The terms of a series tend to 2. Does it converge?,No — it diverges.,17,26,no,yes,FAIL,authored-specific-rationale,0,PASS,REMEDIATE
series-convergence,13,sc-01-02,k2,no,content/courses/series-convergence/lessons/sc-01-02.json,Does Σ 1/(n² + 1) converge?,"Yes — each term is smaller than 1/n², and Σ1/n² converges.",58,53,no,no,PASS,fraction-denominator|authored-specific-rationale|authored-specific-rationale,0,PASS,KEEP
series-convergence,13,sc-01-02,k3,no,content/courses/series-convergence/lessons/sc-01-02.json,"A student says: 'Σ1/n² is smaller than the divergent Σ1/n, so it must diverge too.' What is wrong?","Being smaller than a divergent series proves nothing — Σ1/n² is smaller, and it converges.",90,31,yes,yes,FAIL,sign-direction|sign-direction|authored-specific-rationale,0,PASS,REMEDIATE
series-convergence,13,sc-01-02,ch1,no,content/courses/series-convergence/lessons/sc-01-02.json,"Does Σ 1/(n − 1), from n = 2 onward, converge?","No — each term is BIGGER than 1/n, and the harmonic series diverges.",68,30,yes,no,FAIL,authored-specific-rationale|authored-specific-rationale|authored-specific-rationale,0,PASS,REMEDIATE
series-convergence,13,sc-01-02,rk1,yes,content/courses/series-convergence/lessons/sc-01-02.json,Your terms are smaller than those of a convergent series. What follows?,Yours converges too.,20,16,no,no,PASS,sign-direction,0,PASS,KEEP
series-convergence,13,sc-01-03,k1,no,content/courses/series-convergence/lessons/sc-01-03.json,"The partial sums of 1 − 1/2 + 1/3 − 1/4 + … run 1, 0.5, 0.833, 0.583, … What are they doing?","Bouncing above and below, and closing in — each step is smaller than the last, so they squeeze onto a limit.",108,48,yes,yes,FAIL,representation-read|authored-specific-rationale|authored-specific-rationale,0,PASS,REMEDIATE
series-convergence,13,sc-02-01,k1,no,content/courses/series-convergence/lessons/sc-02-01.json,"What are the first two terms of a Taylor polynomial, f(0) + f′(0)x?",The tangent line at 0 — the linearisation from C2.,50,23,yes,yes,FAIL,authored-specific-rationale|authored-specific-rationale|rate-vs-start,0,PASS,REMEDIATE
series-convergence,13,sc-02-01,k2,no,content/courses/series-convergence/lessons/sc-02-01.json,Why does the xⁿ term carry a 1/n! ?,"Differentiating xⁿ n times produces n!, so the 1/n! cancels it and makes the nth derivative come out right.",107,29,yes,yes,FAIL,authored-specific-rationale|authored-specific-rationale|sign-direction,0,PASS,REMEDIATE
series-convergence,13,sc-02-01,rk1,yes,content/courses/series-convergence/lessons/sc-02-01.json,Which derivative does the x² term of a Taylor polynomial fix?,The second — the curvature.,27,22,no,no,PASS,rate-vs-start,0,PASS,KEEP
series-convergence,13,sc-02-02,k1,no,content/courses/series-convergence/lessons/sc-02-02.json,"At x = 2, the series 1 + x + x² + … has terms 1, 2, 4, 8, … What happens if you add more terms?","It gets WORSE — each term is bigger than the last, so the sum runs away.",72,30,yes,yes,FAIL,authored-specific-rationale|authored-specific-rationale|authored-specific-rationale,0,PASS,REMEDIATE
series-convergence,13,sc-02-02,k3,no,content/courses/series-convergence/lessons/sc-02-02.json,"For eˣ, the ratio of consecutive terms is |x|/(n + 1). Why is the radius infinite?","However big x is, the (n + 1) eventually outruns it — so the ratio goes to 0 for every x.",89,37,yes,no,FAIL,sign-direction|fraction-denominator|authored-specific-rationale,0,PASS,REMEDIATE
series-convergence,13,sc-02-02,rk1,yes,content/courses/series-convergence/lessons/sc-02-02.json,"At x = 3, the terms of 1 + x + x² + … are 1, 3, 9, 27, … Does the series converge?","No — the terms are growing, so it diverges.",43,12,yes,yes,FAIL,authored-specific-rationale,0,PASS,REMEDIATE
series-convergence,13,sc-03-01,k1,no,content/courses/series-convergence/lessons/sc-03-01.json,"Differentiate 1 + x + x² + x³ + … term by term. What do you get, and what does it equal?","1 + 2x + 3x² + … , which equals 1/(1 − x)².",43,46,no,no,PASS,exponent-rule|authored-specific-rationale|authored-specific-rationale,0,PASS,KEEP
series-convergence,13,sc-03-01,k2,no,content/courses/series-convergence/lessons/sc-03-01.json,Integrate 1 + x + x² + … term by term. What function does the result equal?,−ln(1 − x),10,10,no,no,PASS,exponent-rule|fraction-denominator|authored-specific-rationale,0,PASS,KEEP
series-convergence,13,sc-03-01,k3,no,content/courses/series-convergence/lessons/sc-03-01.json,"To get a series for 1/(1 + x²), what do you substitute into 1/(1 − x) = 1 + x + x² + …?","Replace x with −x², giving 1 − x² + x⁴ − x⁶ + …",47,57,no,no,PASS,sign-direction|exponent-rule|authored-specific-rationale,0,PASS,KEEP
series-convergence,13,sc-03-01,rk1,yes,content/courses/series-convergence/lessons/sc-03-01.json,Differentiate x + x²/2 + x³/3 + … term by term.,1 + x + x² + …,14,15,no,no,PASS,exponent-rule,0,PASS,KEEP
shapes-and-sorting-k,0,ks-01-01,rem-ks0101-k,yes,content/courses/shapes-and-sorting-k/lessons/ks-01-01.json,Which shape has 4 equal sides?,Square,6,8,no,no,PASS,authored-specific-rationale|authored-specific-rationale|authored-specific-rationale,0,PASS,KEEP
shapes-and-sorting-k,0,ks-01-02,i1,no,content/courses/shapes-and-sorting-k/lessons/ks-01-02.json,"A square is turned so a corner points up, like a diamond. What is it now?",Still a square,14,24,no,no,PASS,authored-specific-rationale|authored-specific-rationale|authored-specific-rationale,0,PASS,KEEP
shapes-and-sorting-k,0,ks-01-02,i2,no,content/courses/shapes-and-sorting-k/lessons/ks-01-02.json,A triangle points DOWN instead of up. What is it?,Still a triangle,16,21,no,no,PASS,authored-specific-rationale|authored-specific-rationale|authored-specific-rationale,0,PASS,KEEP
shapes-and-sorting-k,0,ks-01-02,k2,no,content/courses/shapes-and-sorting-k/lessons/ks-01-02.json,A rectangle stands tall on its short end. What is it?,Still a rectangle,17,20,no,no,PASS,authored-specific-rationale|authored-specific-rationale|authored-specific-rationale,0,PASS,KEEP
shapes-and-sorting-k,0,ks-01-02,k3,no,content/courses/shapes-and-sorting-k/lessons/ks-01-02.json,What decides a shape's name?,Its sides and corners,21,19,no,no,PASS,authored-specific-rationale|authored-specific-rationale|authored-specific-rationale,0,PASS,KEEP
shapes-and-sorting-k,0,ks-01-02,rem-ks0102-k,yes,content/courses/shapes-and-sorting-k/lessons/ks-01-02.json,A square is tipped onto its corner. Is it still a square?,Yes — turning changes nothing,29,24,no,no,PASS,authored-specific-rationale|authored-specific-rationale|authored-specific-rationale,0,PASS,KEEP
shapes-and-sorting-k,0,ks-01-03,k2,no,content/courses/shapes-and-sorting-k/lessons/ks-01-03.json,What is the OPPOSITE of above?,below,5,11,no,no,PASS,authored-specific-rationale|authored-specific-rationale|authored-specific-rationale,0,PASS,KEEP
shapes-and-sorting-k,0,ks-01-03,k3,no,content/courses/shapes-and-sorting-k/lessons/ks-01-03.json,"A ball rolls in back of the tree, out of sight. The ball is ___ the tree.",behind,6,11,no,no,PASS,authored-specific-rationale|authored-specific-rationale|authored-specific-rationale,0,PASS,KEEP
shapes-and-sorting-k,0,ks-01-03,rem-ks0103-k,yes,content/courses/shapes-and-sorting-k/lessons/ks-01-03.json,A clock hangs over the door. The clock is ___ the door.,above,5,6,no,no,PASS,authored-specific-rationale|authored-specific-rationale|authored-specific-rationale,0,PASS,KEEP
shapes-and-sorting-k,0,ks-02-01,rem-ks0201-k,yes,content/courses/shapes-and-sorting-k/lessons/ks-02-01.json,A globe is round like a ball. Which solid is it?,Sphere,6,8,no,no,PASS,authored-specific-rationale|place-value|authored-specific-rationale,0,PASS,KEEP
shapes-and-sorting-k,0,ks-02-02,k2,no,content/courses/shapes-and-sorting-k/lessons/ks-02-02.json,Cans stack at the store. Which part makes stacking work?,The flat circle ends,20,17,no,no,PASS,authored-specific-rationale|authored-specific-rationale|authored-specific-rationale,0,PASS,KEEP
shapes-and-sorting-k,0,ks-02-02,rem-ks0202-k,yes,content/courses/shapes-and-sorting-k/lessons/ks-02-02.json,Which solid rolls every way you push it?,Sphere,6,8,no,no,PASS,authored-specific-rationale|authored-specific-rationale|authored-specific-rationale,0,PASS,KEEP
shapes-and-sorting-k,0,ks-02-03,k1,no,content/courses/shapes-and-sorting-k/lessons/ks-02-03.json,A drawing of a house has walls and a pointy roof. Which two shapes build it?,A square and a triangle,23,21,no,no,PASS,authored-specific-rationale|authored-specific-rationale|authored-specific-rationale,0,PASS,KEEP
shapes-and-sorting-k,0,ks-02-03,ch1,no,content/courses/shapes-and-sorting-k/lessons/ks-02-03.json,Two triangles make one square. How many triangles make TWO squares?,4,1,1,no,no,PASS,authored-specific-rationale|authored-specific-rationale|authored-specific-rationale,0,PASS,KEEP
shapes-and-sorting-k,0,ks-02-03,rem-ks0203-k,yes,content/courses/shapes-and-sorting-k/lessons/ks-02-03.json,Which pieces can build a square?,Two triangles,13,27,no,no,PASS,authored-specific-rationale|authored-specific-rationale|authored-specific-rationale,0,PASS,KEEP
shapes-and-sorting-k,0,ks-03-01,rem-ks0301-k,yes,content/courses/shapes-and-sorting-k/lessons/ks-03-01.json,A rope and a string start at the same line. The rope sticks out. Which is longer?,The rope,8,14,no,no,PASS,authored-specific-rationale|authored-specific-rationale|authored-specific-rationale,0,PASS,KEEP
shapes-and-sorting-k,0,ks-03-02,k2,no,content/courses/shapes-and-sorting-k/lessons/ks-03-02.json,"On a seesaw, the toy bear's side goes UP. What does that tell you?",The bear is lighter,19,20,no,no,PASS,authored-specific-rationale|authored-specific-rationale|authored-specific-rationale,0,PASS,KEEP
shapes-and-sorting-k,0,ks-03-02,ch1,no,content/courses/shapes-and-sorting-k/lessons/ks-03-02.json,Two bags sit on a seesaw and it stays perfectly LEVEL. What does that mean?,The bags weigh the same,23,24,no,no,PASS,authored-specific-rationale|authored-specific-rationale|authored-specific-rationale,0,PASS,KEEP
shapes-and-sorting-k,0,ks-03-02,rem-ks0302-k,yes,content/courses/shapes-and-sorting-k/lessons/ks-03-02.json,A book and a sock on a seesaw. The book's side goes down. Which is heavier?,The book,8,14,no,no,PASS,authored-specific-rationale|authored-specific-rationale|authored-specific-rationale,0,PASS,KEEP
shapes-and-sorting-k,0,ks-03-03,k2,no,content/courses/shapes-and-sorting-k/lessons/ks-03-03.json,"You sort by COLOR, then sort again by KIND. Where does a red apple go each time?","Red group first, then food group",32,25,no,no,PASS,authored-specific-rationale|authored-specific-rationale|authored-specific-rationale,0,PASS,KEEP
shapes-and-sorting-k,0,ks-03-03,rem-ks0303-k,yes,content/courses/shapes-and-sorting-k/lessons/ks-03-03.json,You sort pets: 2 cats and 5 dogs. Which group is bigger?,Dogs,4,14,no,no,PASS,authored-specific-rationale|authored-specific-rationale|authored-specific-rationale,0,PASS,KEEP
shapes-build-k,0,kgb-01-01,k1,no,content/courses/shapes-build-k/lessons/kgb-01-01.json,What is the opposite position of “above”?,below,5,11,no,no,PASS,authored-specific-rationale|authored-specific-rationale|authored-specific-rationale,0,PASS,KEEP
shapes-build-k,0,kgb-01-01,k2,no,content/courses/shapes-build-k/lessons/kgb-01-01.json,What do position words like ABOVE and BESIDE always need?,Two things — one placed against the other,41,14,yes,yes,FAIL,authored-specific-rationale|unit-conversion|authored-specific-rationale,0,PASS,REMEDIATE
shapes-build-k,0,kgb-01-01,rem-kgb-position-1-k,yes,content/courses/shapes-build-k/lessons/kgb-01-01.json,What is the opposite position of “above”?,below,5,11,no,no,PASS,authored-specific-rationale|authored-specific-rationale|authored-specific-rationale,0,PASS,KEEP
shapes-build-k,0,kgb-01-02,k1,no,content/courses/shapes-build-k/lessons/kgb-01-02.json,What is the opposite position of “in front of”?,behind,6,7,no,no,PASS,authored-specific-rationale|authored-specific-rationale|authored-specific-rationale,0,PASS,KEEP
shapes-build-k,0,kgb-01-02,k2,no,content/courses/shapes-build-k/lessons/kgb-01-02.json,What is the opposite position of “behind”?,in front of,11,7,no,no,PASS,authored-specific-rationale|authored-specific-rationale|authored-specific-rationale,0,PASS,KEEP
shapes-build-k,0,kgb-01-02,ch1,no,content/courses/shapes-build-k/lessons/kgb-01-02.json,The cup sits ABOVE the shelf and BELOW the lamp. How can both be true?,Each word compares the cup to a different landmark,50,29,yes,no,FAIL,place-value|authored-specific-rationale|authored-specific-rationale,0,PASS,REMEDIATE
shapes-build-k,0,kgb-01-02,rem-kgb-position-2-k,yes,content/courses/shapes-build-k/lessons/kgb-01-02.json,What is the opposite position of “in front of”?,behind,6,7,no,no,PASS,authored-specific-rationale|authored-specific-rationale|authored-specific-rationale,0,PASS,KEEP
shapes-build-k,0,kgb-01-03,k1,no,content/courses/shapes-build-k/lessons/kgb-01-03.json,The cup sits ABOVE the shelf and BELOW the lamp. How can both be true?,Each word compares the cup to a different landmark,50,29,yes,no,FAIL,place-value|authored-specific-rationale|authored-specific-rationale,0,PASS,REMEDIATE
shapes-build-k,0,kgb-01-03,k2,no,content/courses/shapes-build-k/lessons/kgb-01-03.json,What is the opposite position of “inside”?,outside,7,6,no,no,PASS,authored-specific-rationale|authored-specific-rationale|authored-specific-rationale,0,PASS,KEEP
shapes-build-k,0,kgb-01-03,ch1,no,content/courses/shapes-build-k/lessons/kgb-01-03.json,What is the opposite position of “left of”?,right of,8,6,no,no,PASS,authored-specific-rationale|authored-specific-rationale|authored-specific-rationale,0,PASS,KEEP
shapes-build-k,0,kgb-01-03,rem-kgb-describe-position-k,yes,content/courses/shapes-build-k/lessons/kgb-01-03.json,The cup sits ABOVE the shelf and BELOW the lamp. How can both be true?,Each word compares the cup to a different landmark,50,29,yes,no,FAIL,place-value|authored-specific-rationale|authored-specific-rationale,0,PASS,REMEDIATE
shapes-build-k,0,kgb-01-04,k1,no,content/courses/shapes-build-k/lessons/kgb-01-04.json,What is a CORNER of a flat shape?,A point where two sides meet,28,23,no,no,PASS,authored-specific-rationale|authored-specific-rationale|authored-specific-rationale,0,PASS,KEEP
shapes-build-k,0,kgb-01-04,k2,no,content/courses/shapes-build-k/lessons/kgb-01-04.json,What is a SIDE of a flat shape?,One straight edge running corner to corner,42,23,yes,no,FAIL,authored-specific-rationale|authored-specific-rationale|authored-specific-rationale,0,PASS,REMEDIATE
shapes-build-k,0,kgb-01-04,ch1,no,content/courses/shapes-build-k/lessons/kgb-01-04.json,What features decide the name of a flat shape?,Its sides and corners,21,23,no,no,PASS,sign-direction|authored-specific-rationale|rate-vs-start,0,PASS,KEEP
shapes-build-k,0,kgb-01-04,rem-kgb-corners-sides-k,yes,content/courses/shapes-build-k/lessons/kgb-01-04.json,What is a CORNER of a flat shape?,A point where two sides meet,28,23,no,no,PASS,authored-specific-rationale|authored-specific-rationale|authored-specific-rationale,0,PASS,KEEP
shapes-build-k,0,kgb-01-05,k1,no,content/courses/shapes-build-k/lessons/kgb-01-05.json,A triangle — how many sides and how many corners?,3 sides and 3 corners,21,26,no,no,PASS,authored-specific-rationale|authored-specific-rationale|authored-specific-rationale,0,PASS,KEEP
shapes-build-k,0,kgb-01-05,k3,no,content/courses/shapes-build-k/lessons/kgb-01-05.json,A square is turned upside down. What is it now?,Still a square,14,17,no,no,PASS,authored-specific-rationale|representation-read|authored-specific-rationale,0,PASS,KEEP
shapes-build-k,0,kgb-01-05,ch1,no,content/courses/shapes-build-k/lessons/kgb-01-05.json,A square — how many sides and how many corners?,4 equal sides and 4 corners,27,21,no,no,PASS,authored-specific-rationale|sign-direction|authored-specific-rationale,0,PASS,KEEP
shapes-build-k,0,kgb-01-05,rem-kgb-count-corners-k,yes,content/courses/shapes-build-k/lessons/kgb-01-05.json,A triangle — how many sides and how many corners?,3 sides and 3 corners,21,26,no,no,PASS,authored-specific-rationale|authored-specific-rationale|authored-specific-rationale,0,PASS,KEEP
shapes-build-k,0,kgb-02-01,k1,no,content/courses/shapes-build-k/lessons/kgb-02-01.json,What is a SIDE of a flat shape?,One straight edge running corner to corner,42,23,yes,no,FAIL,authored-specific-rationale|authored-specific-rationale|authored-specific-rationale,0,PASS,REMEDIATE
shapes-build-k,0,kgb-02-01,k3,no,content/courses/shapes-build-k/lessons/kgb-02-01.json,A triangle is turned upside down. What is it now?,Still a triangle,16,17,no,no,PASS,authored-specific-rationale|representation-read|authored-specific-rationale,0,PASS,KEEP
shapes-build-k,0,kgb-02-01,ch1,no,content/courses/shapes-build-k/lessons/kgb-02-01.json,A triangle — how many sides and how many corners?,3 sides and 3 corners,21,26,no,no,PASS,authored-specific-rationale|authored-specific-rationale|authored-specific-rationale,0,PASS,KEEP
shapes-build-k,0,kgb-02-01,rem-kgb-count-sides-k,yes,content/courses/shapes-build-k/lessons/kgb-02-01.json,What is a SIDE of a flat shape?,One straight edge running corner to corner,42,23,yes,no,FAIL,authored-specific-rationale|authored-specific-rationale|authored-specific-rationale,0,PASS,REMEDIATE
shapes-build-k,0,kgb-02-02,k1,no,content/courses/shapes-build-k/lessons/kgb-02-02.json,A square is turned upside down. What is it now?,Still a square,14,17,no,no,PASS,authored-specific-rationale|representation-read|authored-specific-rationale,0,PASS,KEEP
shapes-build-k,0,kgb-02-02,k2,no,content/courses/shapes-build-k/lessons/kgb-02-02.json,What features decide the name of a flat shape?,Its sides and corners,21,23,no,no,PASS,sign-direction|authored-specific-rationale|rate-vs-start,0,PASS,KEEP
shapes-build-k,0,kgb-02-02,rem-kgb-size-invariance-k,yes,content/courses/shapes-build-k/lessons/kgb-02-02.json,A square is turned upside down. What is it now?,Still a square,14,17,no,no,PASS,authored-specific-rationale|representation-read|authored-specific-rationale,0,PASS,KEEP
shapes-build-k,0,kgb-02-03,k1,no,content/courses/shapes-build-k/lessons/kgb-02-03.json,A square — how many sides and how many corners?,4 equal sides and 4 corners,27,21,no,no,PASS,authored-specific-rationale|sign-direction|authored-specific-rationale,0,PASS,KEEP
shapes-build-k,0,kgb-02-03,ch1,no,content/courses/shapes-build-k/lessons/kgb-02-03.json,What features decide the name of a flat shape?,Its sides and corners,21,23,no,no,PASS,sign-direction|authored-specific-rationale|rate-vs-start,0,PASS,KEEP
shapes-build-k,0,kgb-02-03,rem-kgb-compare-alike-k,yes,content/courses/shapes-build-k/lessons/kgb-02-03.json,A square — how many sides and how many corners?,4 equal sides and 4 corners,27,21,no,no,PASS,authored-specific-rationale|sign-direction|authored-specific-rationale,0,PASS,KEEP
shapes-build-k,0,kgb-02-04,k1,no,content/courses/shapes-build-k/lessons/kgb-02-04.json,A triangle — how many sides and how many corners?,3 sides and 3 corners,21,26,no,no,PASS,authored-specific-rationale|authored-specific-rationale|authored-specific-rationale,0,PASS,KEEP
shapes-build-k,0,kgb-02-04,k2,no,content/courses/shapes-build-k/lessons/kgb-02-04.json,A triangle is turned upside down. What is it now?,Still a triangle,16,17,no,no,PASS,authored-specific-rationale|representation-read|authored-specific-rationale,0,PASS,KEEP
shapes-build-k,0,kgb-02-04,ch1,no,content/courses/shapes-build-k/lessons/kgb-02-04.json,A square — how many sides and how many corners?,4 equal sides and 4 corners,27,21,no,no,PASS,authored-specific-rationale|sign-direction|authored-specific-rationale,0,PASS,KEEP
shapes-build-k,0,kgb-02-04,rem-kgb-compare-different-k,yes,content/courses/shapes-build-k/lessons/kgb-02-04.json,A triangle — how many sides and how many corners?,3 sides and 3 corners,21,26,no,no,PASS,authored-specific-rationale|authored-specific-rationale|authored-specific-rationale,0,PASS,KEEP
shapes-build-k,0,kgb-02-05,k1,no,content/courses/shapes-build-k/lessons/kgb-02-05.json,What separates a FLAT shape from a SOLID shape?,Flat lies on paper; solid takes up space you can grasp,54,24,yes,yes,FAIL,authored-specific-rationale|authored-specific-rationale|authored-specific-rationale,0,PASS,REMEDIATE
shapes-build-k,0,kgb-02-05,k2,no,content/courses/shapes-build-k/lessons/kgb-02-05.json,Why can cans be stacked into a steady tower?,Their flat circle ends rest on one another,42,14,yes,no,FAIL,inside-vs-derivative|authored-specific-rationale|authored-specific-rationale,0,PASS,REMEDIATE
shapes-build-k,0,kgb-02-05,ch1,no,content/courses/shapes-build-k/lessons/kgb-02-05.json,Which solid rolls most easily because its surface is curved all the way around?,A sphere,8,19,no,no,PASS,authored-specific-rationale|authored-specific-rationale|authored-specific-rationale,0,PASS,KEEP
shapes-build-k,0,kgb-02-05,rem-kgb-flat-solid-k,yes,content/courses/shapes-build-k/lessons/kgb-02-05.json,What separates a FLAT shape from a SOLID shape?,Flat lies on paper; solid takes up space you can grasp,54,24,yes,yes,FAIL,authored-specific-rationale|authored-specific-rationale|authored-specific-rationale,0,PASS,REMEDIATE
shapes-build-k,0,kgb-03-01,k1,no,content/courses/shapes-build-k/lessons/kgb-03-01.json,Drawing a triangle — what must the pencil do?,Draw 3 straight sides that close back to the start,50,19,yes,no,FAIL,authored-specific-rationale|authored-specific-rationale|authored-specific-rationale,0,PASS,REMEDIATE
shapes-build-k,0,kgb-03-01,k2,no,content/courses/shapes-build-k/lessons/kgb-03-01.json,A drawing has 3 straight sides but a gap where the ends miss. Is it a triangle?,Not yet — a shape must close all the way around,47,29,yes,no,FAIL,authored-specific-rationale|authored-specific-rationale|authored-specific-rationale,0,PASS,REMEDIATE
shapes-build-k,0,kgb-03-01,ch1,no,content/courses/shapes-build-k/lessons/kgb-03-01.json,What features decide the name of a flat shape?,Its sides and corners,21,23,no,no,PASS,sign-direction|authored-specific-rationale|rate-vs-start,0,PASS,KEEP
shapes-build-k,0,kgb-03-01,rem-kgb-draw-shape-k,yes,content/courses/shapes-build-k/lessons/kgb-03-01.json,Drawing a triangle — what must the pencil do?,Draw 3 straight sides that close back to the start,50,19,yes,no,FAIL,authored-specific-rationale|authored-specific-rationale|authored-specific-rationale,0,PASS,REMEDIATE
shapes-build-k,0,kgb-03-02,k1,no,content/courses/shapes-build-k/lessons/kgb-03-02.json,Building a square from sticks — what must the sticks be?,"Four sticks, all the same length",32,19,no,no,PASS,authored-specific-rationale|authored-specific-rationale|authored-specific-rationale,0,PASS,KEEP
shapes-build-k,0,kgb-03-02,k3,no,content/courses/shapes-build-k/lessons/kgb-03-02.json,A square is turned upside down. What is it now?,Still a square,14,17,no,no,PASS,authored-specific-rationale|representation-read|authored-specific-rationale,0,PASS,KEEP
shapes-build-k,0,kgb-03-02,ch1,no,content/courses/shapes-build-k/lessons/kgb-03-02.json,A triangle — how many sides and how many corners?,3 sides and 3 corners,21,26,no,no,PASS,authored-specific-rationale|authored-specific-rationale|authored-specific-rationale,0,PASS,KEEP
shapes-build-k,0,kgb-03-02,rem-kgb-build-shape-k,yes,content/courses/shapes-build-k/lessons/kgb-03-02.json,Building a square from sticks — what must the sticks be?,"Four sticks, all the same length",32,19,no,no,PASS,authored-specific-rationale|authored-specific-rationale|authored-specific-rationale,0,PASS,KEEP
shapes-build-k,0,kgb-03-03,k1,no,content/courses/shapes-build-k/lessons/kgb-03-03.json,Two triangles build one square. How many triangles build 5 squares?,10,2,2,no,no,PASS,authored-specific-rationale|authored-specific-rationale|authored-specific-rationale,0,PASS,KEEP
shapes-build-k,0,kgb-03-03,ch1,no,content/courses/shapes-build-k/lessons/kgb-03-03.json,Four small equal triangles slide together. What can they build?,One larger triangle-family shape — such as a bigger square,58,31,yes,no,FAIL,authored-specific-rationale|authored-specific-rationale|rate-vs-start,0,PASS,REMEDIATE
shapes-build-k,0,kgb-03-03,rem-kgb-compose-two-k,yes,content/courses/shapes-build-k/lessons/kgb-03-03.json,Two triangles build one square. How many triangles build 5 squares?,10,2,2,no,no,PASS,authored-specific-rationale|authored-specific-rationale|authored-specific-rationale,0,PASS,KEEP
shapes-build-k,0,kgb-03-04,k2,no,content/courses/shapes-build-k/lessons/kgb-03-04.json,Two triangles build one square. How many triangles build 5 squares?,10,2,2,no,no,PASS,authored-specific-rationale|authored-specific-rationale|authored-specific-rationale,0,PASS,KEEP
shapes-build-k,0,kgb-03-04,ch1,no,content/courses/shapes-build-k/lessons/kgb-03-04.json,Four small equal triangles slide together. What can they build?,One larger triangle-family shape — such as a bigger square,58,31,yes,no,FAIL,authored-specific-rationale|authored-specific-rationale|rate-vs-start,0,PASS,REMEDIATE
shapes-measure-g1,1,smg1-01-01,k3,no,content/courses/shapes-measure-g1/lessons/smg1-01-01.json,Which shape has 3 sides and 3 corners?,triangle,8,8,no,no,PASS,authored-specific-rationale|authored-specific-rationale,0,PASS,KEEP
shapes-measure-g1,1,smg1-01-01,ch1,no,content/courses/shapes-measure-g1/lessons/smg1-01-01.json,Which shape has 6 sides and 6 corners?,hexagon,7,9,no,no,PASS,authored-specific-rationale|authored-specific-rationale,0,PASS,KEEP
shapes-measure-g1,1,smg1-01-02,i1,no,content/courses/shapes-measure-g1/lessons/smg1-01-02.json,Is a hexagon 2D or 3D?,2D,2,2,no,no,PASS,authored-specific-rationale,0,PASS,KEEP
shapes-measure-g1,1,smg1-01-02,k1,no,content/courses/shapes-measure-g1/lessons/smg1-01-02.json,Is a cube 2D or 3D?,3D,2,2,no,no,PASS,authored-specific-rationale,0,PASS,KEEP
shapes-measure-g1,1,smg1-01-02,k2,no,content/courses/shapes-measure-g1/lessons/smg1-01-02.json,Is a triangle 2D or 3D?,2D,2,2,no,no,PASS,authored-specific-rationale,0,PASS,KEEP
shapes-measure-g1,1,smg1-01-02,rem-s23-k,yes,content/courses/shapes-measure-g1/lessons/smg1-01-02.json,Is a cube 2D or 3D?,3D,2,2,no,no,PASS,authored-specific-rationale,0,PASS,KEEP
shapes-measure-g1,1,smg1-01-03,k3,no,content/courses/shapes-measure-g1/lessons/smg1-01-03.json,Which solid has 6 flat faces and no curved surface?,cube,4,8,no,no,PASS,authored-specific-rationale|authored-specific-rationale,0,PASS,KEEP
shapes-measure-g1,1,smg1-02-01,i2,no,content/courses/shapes-measure-g1/lessons/smg1-02-01.json,A square is cut corner to corner into two triangles. Are the two triangles halves?,"Yes, if they're equal in size",29,31,no,no,PASS,sign-direction|authored-specific-rationale,0,PASS,KEEP
shapes-measure-g1,1,smg1-02-01,k2,no,content/courses/shapes-measure-g1/lessons/smg1-02-01.json,A circle is split into 2 equal parts. What do you call each part?,a half,6,8,no,no,PASS,authored-specific-rationale|authored-specific-rationale,0,PASS,KEEP
shapes-measure-g1,1,smg1-02-01,k3,no,content/courses/shapes-measure-g1/lessons/smg1-02-01.json,A rectangle is cut into one big piece and one small piece. Are these halves?,"No, the pieces aren't equal",27,35,no,no,PASS,authored-specific-rationale|authored-specific-rationale,0,PASS,KEEP
shapes-measure-g1,1,smg1-02-02,i2,no,content/courses/shapes-measure-g1/lessons/smg1-02-02.json,"""A quarter"" and ""a fourth"" — are these the same size part?","Yes, same size",14,24,no,no,PASS,authored-specific-rationale|authored-specific-rationale,0,PASS,KEEP
shapes-measure-g1,1,smg1-02-02,k2,no,content/courses/shapes-measure-g1/lessons/smg1-02-02.json,"If a circle is split into 4 equal parts, what do you call each part?",a quarter,9,7,no,no,PASS,authored-specific-rationale|authored-specific-rationale,0,PASS,KEEP
shapes-measure-g1,1,smg1-02-02,k3,no,content/courses/shapes-measure-g1/lessons/smg1-02-02.json,A rectangle is cut into 4 pieces of different sizes. Are these fourths?,"No, they aren't equal",21,23,no,no,PASS,authored-specific-rationale|authored-specific-rationale,0,PASS,KEEP
shapes-measure-g1,1,smg1-02-03,k1,no,content/courses/shapes-measure-g1/lessons/smg1-02-03.json,Which is smaller: a half or a fourth?,a fourth,8,21,no,no,PASS,authored-specific-rationale|authored-specific-rationale,0,PASS,KEEP
shapes-measure-g1,1,smg1-02-03,k3,no,content/courses/shapes-measure-g1/lessons/smg1-02-03.json,Which is bigger: a half or a fourth?,a half,6,21,no,no,PASS,authored-specific-rationale|authored-specific-rationale,0,PASS,KEEP
shapes-measure-g1,1,smg1-03-01,rem-slc-k,yes,content/courses/shapes-measure-g1/lessons/smg1-03-01.json,"A pencil is 5 paperclips long. An eraser is 3 paperclips long. Which is longer, the pencil or the eraser?",the pencil,10,10,no,no,PASS,authored-specific-rationale,0,PASS,KEEP
shapes-measure-g1,1,smg1-03-03,rem-slo-k,yes,content/courses/shapes-measure-g1/lessons/smg1-03-03.json,"Which is longest? The crayon is 4 cubes, the marker is 7 cubes, and the ruler is 6 cubes.",the marker,10,10,no,no,PASS,authored-specific-rationale|authored-specific-rationale,0,PASS,KEEP
shapes-measure-g1,1,smg1-04-01,rem-sth-k,yes,content/courses/shapes-measure-g1/lessons/smg1-04-01.json,The hour hand points to 3 and the minute hand points to 12. What time is it?,3:00,4,5,no,no,PASS,authored-specific-rationale|authored-specific-rationale,0,PASS,KEEP
shapes-measure-g1,1,smg1-04-02,rem-sthp-k,yes,content/courses/shapes-measure-g1/lessons/smg1-04-02.json,The hour hand is between 3 and 4 and the minute hand points to 6. What time is it?,3:30,4,4,no,no,PASS,authored-specific-rationale|authored-specific-rationale,0,PASS,KEEP
shapes-measure-g1,1,smg1-04-03,rem-stm-k,yes,content/courses/shapes-measure-g1/lessons/smg1-04-03.json,The hour hand points to 4 and the minute hand points to 12. What time is it?,4:00,4,5,no,no,PASS,authored-specific-rationale|authored-specific-rationale,0,PASS,KEEP
shapes-shares-g2,2,ssg2-01-01,i2,no,content/courses/shapes-shares-g2/lessons/ssg2-01-01.json,A shape has 7 sides. What is it called?,heptagon,8,7,no,no,PASS,authored-specific-rationale|authored-specific-rationale,0,PASS,KEEP
shapes-shares-g2,2,ssg2-01-01,i3,no,content/courses/shapes-shares-g2/lessons/ssg2-01-01.json,A shape has 8 sides. What is it called?,octagon,7,8,no,no,PASS,authored-specific-rationale|authored-specific-rationale,0,PASS,KEEP
shapes-shares-g2,2,ssg2-01-01,k3,no,content/courses/shapes-shares-g2/lessons/ssg2-01-01.json,A shape has 8 sides. What is it called?,octagon,7,8,no,no,PASS,authored-specific-rationale|authored-specific-rationale,0,PASS,KEEP
shapes-shares-g2,2,ssg2-01-01,ch1,no,content/courses/shapes-shares-g2/lessons/ssg2-01-01.json,A shape has 7 sides. What is it called?,heptagon,8,7,no,no,PASS,authored-specific-rationale|authored-specific-rationale,0,PASS,KEEP
shapes-shares-g2,2,ssg2-01-02,i3,no,content/courses/shapes-shares-g2/lessons/ssg2-01-02.json,Which solid has faces that meet at a single point on top?,square pyramid,14,17,no,no,PASS,authored-specific-rationale|authored-specific-rationale,0,PASS,KEEP
shapes-shares-g2,2,ssg2-01-03,i2,no,content/courses/shapes-shares-g2/lessons/ssg2-01-03.json,A shape has 8 sides. What is it called?,octagon,7,8,no,no,PASS,authored-specific-rationale|authored-specific-rationale,0,PASS,KEEP
shapes-shares-g2,2,ssg2-01-03,i3,no,content/courses/shapes-shares-g2/lessons/ssg2-01-03.json,A shape has 6 sides. What is it called?,hexagon,7,8,no,no,PASS,authored-specific-rationale|authored-specific-rationale,0,PASS,KEEP
shapes-shares-g2,2,ssg2-01-03,k2,no,content/courses/shapes-shares-g2/lessons/ssg2-01-03.json,A shape has 7 sides. What is it called?,heptagon,8,7,no,no,PASS,authored-specific-rationale|authored-specific-rationale,0,PASS,KEEP
shapes-shares-g2,2,ssg2-01-03,ch1,no,content/courses/shapes-shares-g2/lessons/ssg2-01-03.json,A shape has 7 sides. What is it called?,heptagon,8,8,no,no,PASS,authored-specific-rationale|authored-specific-rationale,0,PASS,KEEP
shapes-shares-g2,2,ssg2-01-03,rem-sna-k,yes,content/courses/shapes-shares-g2/lessons/ssg2-01-03.json,A shape has 5 sides. What is it called?,pentagon,8,8,no,no,PASS,authored-specific-rationale|authored-specific-rationale,0,PASS,KEEP
shapes-shares-g2,2,ssg2-01-03,rem-sna-pyr-k,yes,content/courses/shapes-shares-g2/lessons/ssg2-01-03.json,Which solid has faces that meet at a single point on top?,square pyramid,14,17,no,no,PASS,authored-specific-rationale|authored-specific-rationale,0,PASS,KEEP
shapes-shares-g2,2,ssg2-03-01,i2,no,content/courses/shapes-shares-g2/lessons/ssg2-03-01.json,"A shape is cut into 3 pieces, but one is bigger than the others. Are these thirds?",No — thirds must be three equal pieces,38,24,no,no,PASS,authored-specific-rationale|authored-specific-rationale,0,PASS,KEEP
shapes-shares-g2,2,ssg2-03-01,k3,no,content/courses/shapes-shares-g2/lessons/ssg2-03-01.json,A circle is cut into 3 pieces of different sizes. Are these thirds?,No — the pieces aren't equal,28,28,no,yes,FAIL,authored-specific-rationale|authored-specific-rationale,0,PASS,REMEDIATE
shapes-shares-g2,2,ssg2-03-02,i2,no,content/courses/shapes-shares-g2/lessons/ssg2-03-02.json,A rectangle is split into 4 equal parts. What do you call each part?,a fourth,8,7,no,no,PASS,authored-specific-rationale|authored-specific-rationale,0,PASS,KEEP
shapes-shares-g2,2,ssg2-03-02,i3,no,content/courses/shapes-shares-g2/lessons/ssg2-03-02.json,A pizza is split into 3 equal slices. What do you call each slice?,a third,7,8,no,no,PASS,authored-specific-rationale|authored-specific-rationale,0,PASS,KEEP
shapes-shares-g2,2,ssg2-03-02,k2,no,content/courses/shapes-shares-g2/lessons/ssg2-03-02.json,A sandwich is split into 2 equal parts. What do you call each part?,a half,6,8,no,no,PASS,authored-specific-rationale|authored-specific-rationale,0,PASS,KEEP
shapes-shares-g2,2,ssg2-03-02,ch1,no,content/courses/shapes-shares-g2/lessons/ssg2-03-02.json,A ribbon is split into 3 equal strips. What do you call each strip?,a third,7,8,no,no,PASS,authored-specific-rationale|authored-specific-rationale,0,PASS,KEEP
shapes-shares-g2,2,ssg2-03-02,rem-snt-k,yes,content/courses/shapes-shares-g2/lessons/ssg2-03-02.json,"If a whole is split into 3 equal parts, what do you call each part?",a third,7,8,no,no,PASS,authored-specific-rationale|authored-specific-rationale,0,PASS,KEEP
shapes-shares-g2,2,ssg2-03-03,k1,no,content/courses/shapes-shares-g2/lessons/ssg2-03-03.json,Which is smaller: a third or a fourth?,a fourth,8,21,no,no,PASS,authored-specific-rationale|authored-specific-rationale,0,PASS,KEEP
shapes-shares-g2,2,ssg2-03-03,k2,no,content/courses/shapes-shares-g2/lessons/ssg2-03-03.json,Which is bigger: a half or a fourth?,a half,6,21,no,no,PASS,authored-specific-rationale|authored-specific-rationale,0,PASS,KEEP
shapes-shares-g2,2,ssg2-03-03,k3,no,content/courses/shapes-shares-g2/lessons/ssg2-03-03.json,Which is smaller: a third or a fourth?,a fourth,8,21,no,no,PASS,authored-specific-rationale|authored-specific-rationale,0,PASS,KEEP
shapes-shares-g2,2,ssg2-03-03,ch1,no,content/courses/shapes-shares-g2/lessons/ssg2-03-03.json,Which is bigger: a half or a third?,a half,6,21,no,no,PASS,authored-specific-rationale|authored-specific-rationale,0,PASS,KEEP
shapes-shares-g2,2,ssg2-03-03,rem-scs-k,yes,content/courses/shapes-shares-g2/lessons/ssg2-03-03.json,Which is bigger: a half or a third?,a half,6,21,no,no,PASS,authored-specific-rationale|authored-specific-rationale,0,PASS,KEEP
shapes-space,3,geo-01-01,k1,no,content/courses/shapes-space/lessons/geo-01-01.json,You paint a triangle green. Is it still a triangle?,Yes — color isn't one of the entry rules,40,29,no,no,PASS,authored-specific-rationale|authored-specific-rationale|authored-specific-rationale,0,PASS,KEEP
shapes-space,3,geo-01-01,k2,no,content/courses/shapes-space/lessons/geo-01-01.json,"A square is turned to balance on one corner, so it looks like a diamond. What shape is it?",Still a square — turning doesn't change its sides or corners,60,38,yes,yes,FAIL,authored-specific-rationale|authored-specific-rationale|authored-specific-rationale,0,PASS,REMEDIATE
shapes-space,3,geo-01-01,k3,no,content/courses/shapes-space/lessons/geo-01-01.json,Which of these is a DEFINING attribute — an actual entry rule for a shape?,The number of sides,19,23,no,no,PASS,authored-specific-rationale|authored-specific-rationale|authored-specific-rationale,0,PASS,KEEP
shapes-space,3,geo-01-01,ch1,no,content/courses/shapes-space/lessons/geo-01-01.json,"A detective finds a HUGE ORANGE shape with 4 straight sides, closed all around. What kind of shape is it?",A four-sided shape (quadrilateral) — color and size don't count,63,36,yes,no,FAIL,authored-specific-rationale|authored-specific-rationale|authored-specific-rationale,0,PASS,REMEDIATE
shapes-space,3,geo-01-01,rem-at-k,yes,content/courses/shapes-space/lessons/geo-01-01.json,You make a square twice as big. Is it still a square?,"Yes — size is a costume, not a rule",35,38,no,no,PASS,authored-specific-rationale|authored-specific-rationale,0,PASS,KEEP
shapes-space,3,geo-01-02,k1,no,content/courses/shapes-space/lessons/geo-01-02.json,"A four-sided shape has 4 square corners, but its length and width are different. What is it?",A rectangle,11,34,no,no,PASS,authored-specific-rationale|authored-specific-rationale|authored-specific-rationale,0,PASS,KEEP
shapes-space,3,geo-01-02,k2,no,content/courses/shapes-space/lessons/geo-01-02.json,"A four-sided shape has exactly one pair of parallel sides, no square corners, and no equal sides. What is it?",A trapezoid,11,26,no,no,PASS,authored-specific-rationale|authored-specific-rationale|authored-specific-rationale,0,PASS,KEEP
shapes-space,3,geo-01-02,k3,no,content/courses/shapes-space/lessons/geo-01-02.json,"Which of these is a quadrilateral: a rectangle, a rhombus, a trapezoid, or a square?",All of them — each has four straight sides,42,33,no,no,PASS,authored-specific-rationale|authored-specific-rationale|authored-specific-rationale,0,PASS,KEEP
shapes-space,3,geo-01-02,ch1,no,content/courses/shapes-space/lessons/geo-01-02.json,A four-sided shape has 4 equal sides but its corners are NOT square (they're tilted). Which branch is it?,A rhombus,9,11,no,no,PASS,authored-specific-rationale|authored-specific-rationale|authored-specific-rationale,0,PASS,KEEP
shapes-space,3,geo-01-02,rem-qu-k,yes,content/courses/shapes-space/lessons/geo-01-02.json,A 4-sided shape with 4 square corners (length ≠ width) is a…,Rectangle,9,8,no,no,PASS,authored-specific-rationale|authored-specific-rationale,0,PASS,KEEP
shapes-space,3,geo-01-03,k1,no,content/courses/shapes-space/lessons/geo-01-03.json,Is a square a rectangle?,"Yes — a square has four square corners, so it passes the rectangle rule",71,48,yes,no,FAIL,rate-vs-start|authored-specific-rationale|authored-specific-rationale,0,PASS,REMEDIATE
shapes-space,3,geo-01-03,k2,no,content/courses/shapes-space/lessons/geo-01-03.json,Is every rectangle a square?,No — a rectangle with unequal sides fails the square's equal-sides rule,71,47,yes,no,FAIL,authored-specific-rationale|authored-specific-rationale|authored-specific-rationale,0,PASS,REMEDIATE
shapes-space,3,geo-01-03,k3,no,content/courses/shapes-space/lessons/geo-01-03.json,Which statement is TRUE?,"Every square is a rectangle, but not every rectangle is a square",64,64,no,no,PASS,inverse-confusion|authored-specific-rationale|authored-specific-rationale,0,PASS,KEEP
shapes-space,3,geo-01-03,ch1,no,content/courses/shapes-space/lessons/geo-01-03.json,A shape is a square. Which label does it NOT automatically earn?,Trapezoid,9,16,no,no,PASS,authored-specific-rationale|authored-specific-rationale|authored-specific-rationale,0,PASS,KEEP
shapes-space,3,geo-01-03,rem-sh-k,yes,content/courses/shapes-space/lessons/geo-01-03.json,Which is always true?,Every square is a rectangle,27,27,no,no,PASS,sign-direction|authored-specific-rationale,0,PASS,KEEP
shapes-space,3,geo-02-01,k1,no,content/courses/shapes-space/lessons/geo-02-01.json,Rule: 'All sides equal.' Where does a rhombus go?,Yes pile — a rhombus has four equal sides,41,40,no,no,PASS,authored-specific-rationale|authored-specific-rationale|authored-specific-rationale,0,PASS,KEEP
shapes-space,3,geo-02-01,k2,no,content/courses/shapes-space/lessons/geo-02-01.json,Two rules: 'has a right angle' and 'all sides equal.' Which shape passes BOTH?,A square,8,27,no,no,PASS,authored-specific-rationale|authored-specific-rationale|authored-specific-rationale,0,PASS,KEEP
shapes-space,3,geo-02-01,k3,no,content/courses/shapes-space/lessons/geo-02-01.json,Rules: 'all sides equal' and 'has a right angle.' Which shape does NOT belong in the overlap?,A rhombus — it has equal sides but no right angle,49,36,no,no,PASS,authored-specific-rationale|authored-specific-rationale|authored-specific-rationale,0,PASS,KEEP
shapes-space,3,geo-02-01,ch1,no,content/courses/shapes-space/lessons/geo-02-01.json,A gate opens only for shapes with FOUR SIDES and ALL SIDES EQUAL. Which gets through: a square or a 6-by-3 rectangle?,Only the square — it passes both rules,38,32,no,no,PASS,authored-specific-rationale|authored-specific-rationale|authored-specific-rationale,0,PASS,KEEP
shapes-space,3,geo-02-01,rem-sr-k,yes,content/courses/shapes-space/lessons/geo-02-01.json,Rule: 'has a right angle.' Where does a rectangle go?,Yes pile,8,18,no,no,PASS,authored-specific-rationale|authored-specific-rationale,0,PASS,KEEP
shapes-space,3,geo-02-02,k1,no,content/courses/shapes-space/lessons/geo-02-02.json,"A closed figure has three sides, but one side is curved like a bow. Which rule does it break?",'All sides must be straight',28,35,no,no,PASS,authored-specific-rationale|authored-specific-rationale|authored-specific-rationale,0,PASS,KEEP
shapes-space,3,geo-02-02,k2,no,content/courses/shapes-space/lessons/geo-02-02.json,A four-sided shape has three square corners and one tilted corner. Is it a rectangle?,No — a rectangle needs ALL four corners square,46,42,no,no,PASS,authored-specific-rationale|authored-specific-rationale|authored-specific-rationale,0,PASS,KEEP
shapes-space,3,geo-02-02,k3,no,content/courses/shapes-space/lessons/geo-02-02.json,Why are 'almost' shapes (misfits) useful for learning a definition?,"Each one breaks a single rule, showing exactly what that rule requires",70,37,yes,no,FAIL,authored-specific-rationale|authored-specific-rationale|authored-specific-rationale,0,PASS,REMEDIATE
shapes-space,3,geo-02-02,ch1,no,content/courses/shapes-space/lessons/geo-02-02.json,"A detective rejects a figure from the SQUARE club. It has 4 straight sides and 4 square corners, but its sides are 7 and 4. Which rule got it rejected?",'All sides equal' — its sides are 7 and 4,41,47,no,no,PASS,authored-specific-rationale|authored-specific-rationale|authored-specific-rationale,0,PASS,KEEP
shapes-space,3,geo-02-02,rem-ne-k,yes,content/courses/shapes-space/lessons/geo-02-02.json,A closed figure with four straight sides is NOT a triangle. Which rule does it break?,'Exactly 3 sides',17,16,no,no,PASS,authored-specific-rationale|authored-specific-rationale,0,PASS,KEEP
shapes-space,3,geo-03-01,k1,no,content/courses/shapes-space/lessons/geo-03-01.json,"A square is cut into 4 pieces, but one piece is clearly bigger than the others. Are these fourths?",No — fourths must be four EQUAL pieces,38,34,no,no,PASS,authored-specific-rationale|authored-specific-rationale|authored-specific-rationale,0,PASS,KEEP
shapes-space,3,geo-03-01,k2,no,content/courses/shapes-space/lessons/geo-03-01.json,Square A is cut into 4 small squares. Square B (same size) is cut by an X into 4 triangles. Which shows fourths?,"Both — each piece is a quarter of the area, even though the shapes differ",73,39,yes,no,FAIL,authored-specific-rationale|authored-specific-rationale|authored-specific-rationale,0,PASS,REMEDIATE
shapes-space,3,geo-03-01,k3,no,content/courses/shapes-space/lessons/geo-03-01.json,"You split one pan of brownies into fourths, then split an identical pan into eighths. Which pieces are bigger?",The fourths — fewer equal parts means bigger pieces,51,30,yes,no,FAIL,authored-specific-rationale|authored-specific-rationale|authored-specific-rationale,0,PASS,REMEDIATE
shapes-space,3,geo-03-01,ch1,no,content/courses/shapes-space/lessons/geo-03-01.json,"A cake is cut into 6 pieces, but 2 of them are bigger than the other 4. Can the pieces be called sixths?","No — sixths must be six EQUAL pieces, and these aren't",54,38,no,no,PASS,authored-specific-rationale|authored-specific-rationale|place-value,0,PASS,KEEP
shapes-space,3,geo-03-01,rem-ps-k,yes,content/courses/shapes-space/lessons/geo-03-01.json,"A shape is cut into 2 pieces, but one is bigger. Are these halves?",No — halves must be two equal pieces,36,31,no,no,PASS,authored-specific-rationale|authored-specific-rationale,0,PASS,KEEP
shapes-space,3,geo-03-02,k3,no,content/courses/shapes-space/lessons/geo-03-02.json,A shape is split into 4 equal parts and ALL 4 are shaded. What fraction is shaded?,"4/4, which is the whole shape (1)",33,21,no,no,PASS,authored-specific-rationale|authored-specific-rationale|authored-specific-rationale,0,PASS,KEEP
shapes-space,3,geo-03-02,rem-pf-k,yes,content/courses/shapes-space/lessons/geo-03-02.json,A ribbon is split into 3 equal parts. One part is…,1/3,3,3,no,no,PASS,authored-specific-rationale|authored-specific-rationale,0,PASS,KEEP
similarity,10,sy-01-01,k1,no,content/courses/similarity/lessons/sy-01-01.json,Which is preserved by a dilation with scale factor 2?,angle measures (the shape stays the same),41,32,no,no,PASS,authored-specific-rationale|authored-specific-rationale|authored-specific-rationale,0,PASS,KEEP
similarity,10,sy-01-01,i2,no,content/courses/similarity/lessons/sy-01-01.json,A dilation has scale factor k = ½. The image is…,smaller than the original (a reduction),39,41,no,no,PASS,inside-vs-derivative|inside-vs-derivative|authored-specific-rationale,0,PASS,KEEP
similarity,10,sy-01-02,i1,no,content/courses/similarity/lessons/sy-01-02.json,Two triangles are similar (△ABC ~ △DEF). What must be true?,Corresponding angles are equal AND corresponding sides are proportional,71,48,yes,no,FAIL,authored-specific-rationale|authored-specific-rationale|authored-specific-rationale,0,PASS,REMEDIATE
similarity,10,sy-01-02,k1,no,content/courses/similarity/lessons/sy-01-02.json,How are congruence and similarity related?,Congruence is similarity with scale factor 1 — same shape and same size,71,36,yes,yes,FAIL,authored-specific-rationale|authored-specific-rationale|authored-specific-rationale,0,PASS,REMEDIATE
similarity,10,sy-01-02,k2,no,content/courses/similarity/lessons/sy-01-02.json,"Given △ABC ~ △DEF, which side corresponds to BC?",EF,2,2,no,no,PASS,authored-specific-rationale|authored-specific-rationale|authored-specific-rationale,0,PASS,KEEP
similarity,10,sy-01-03,k1,no,content/courses/similarity/lessons/sy-01-03.json,Why do just TWO pairs of equal angles prove two triangles similar?,"The angle sum forces the third pair equal too, so all angles match — same shape",79,57,yes,yes,FAIL,authored-specific-rationale|authored-specific-rationale|authored-specific-rationale,0,PASS,REMEDIATE
similarity,10,sy-01-03,i2,no,content/courses/similarity/lessons/sy-01-03.json,Two triangles have all three angles equal (AAA) but you know nothing about their sides. What can you conclude?,They are similar,16,29,no,no,PASS,authored-specific-rationale|authored-specific-rationale|authored-specific-rationale,0,PASS,KEEP
similarity,10,sy-01-03,k2,no,content/courses/similarity/lessons/sy-01-03.json,Which pair of triangles is guaranteed similar by AA?,"One with angles 90°, 30° and another with 90°, 30°",50,57,no,no,PASS,authored-specific-rationale|authored-specific-rationale|authored-specific-rationale,0,PASS,KEEP
similarity,10,sy-01-03,ch,no,content/courses/similarity/lessons/sy-01-03.json,What justifies using a proportion for the shadow problem — WHY are the two triangles similar?,AA: both have a right angle to the ground and share the sun's ray angle,71,38,yes,no,FAIL,authored-specific-rationale|authored-specific-rationale|authored-specific-rationale,0,PASS,REMEDIATE
similarity,10,sy-02-01,k1,no,content/courses/similarity/lessons/sy-02-01.json,"For SAS~, where must the equal angle be?",between the two proportional sides (included),45,47,no,no,PASS,authored-specific-rationale|authored-specific-rationale|authored-specific-rationale,0,PASS,KEEP
similarity,10,sy-02-01,k2,no,content/courses/similarity/lessons/sy-02-01.json,Two triangles have two pairs of proportional sides and the angles BETWEEN those sides are equal. Which criterion applies?,SAS~ (SAS similarity),21,16,no,no,PASS,authored-specific-rationale|authored-specific-rationale|authored-specific-rationale,0,PASS,KEEP
similarity,10,sy-02-01,i3,no,content/courses/similarity/lessons/sy-02-01.json,"A small triangle sits inside a larger one, sharing vertex angle A. The sides from A are proportional (AD/AB = AE/AC). Why are the triangles similar?",SAS~ — the shared angle A is the included angle between the proportional sides,78,31,yes,no,FAIL,authored-specific-rationale|authored-specific-rationale|authored-specific-rationale,0,PASS,REMEDIATE
similarity,10,sy-02-01,rem-sy-sas-similar-k,yes,content/courses/similarity/lessons/sy-02-01.json,SAS~ similarity requires which of these?,two proportional sides and the included angle equal,51,38,no,no,PASS,authored-specific-rationale|authored-specific-rationale|authored-specific-rationale,0,PASS,KEEP
similarity,10,sy-02-02,k1,no,content/courses/similarity/lessons/sy-02-02.json,"Triangle A: 3, 4, 5. Triangle B: 6, 8, 9. Are they similar by SSS~?","No — 6/3 = 2 and 8/4 = 2, but 9/5 = 1.8, so the ratios differ",61,35,yes,yes,FAIL,authored-specific-rationale|authored-specific-rationale|authored-specific-rationale,0,PASS,REMEDIATE
similarity,10,sy-02-02,i3,no,content/courses/similarity/lessons/sy-02-02.json,Two triangles have all three sides in the ratio 1 : 1. They are…,congruent (a special case of similar),37,36,no,no,PASS,authored-specific-rationale|authored-specific-rationale|authored-specific-rationale,0,PASS,KEEP
similarity,10,sy-02-02,ch,no,content/courses/similarity/lessons/sy-02-02.json,"Triangle A: 6, 9, 12. Triangle B: 8, 12, 16. Are they similar, and what is the scale factor?","Yes, similar with scale factor 4/3 (all ratios equal 4/3)",57,26,yes,no,FAIL,authored-specific-rationale|authored-specific-rationale|authored-specific-rationale,0,PASS,REMEDIATE
similarity,10,sy-02-03,k1,no,content/courses/similarity/lessons/sy-02-03.json,A line parallel to one side of a triangle crosses the other two sides. Which criterion does this most naturally set up?,AA — the parallel line creates equal corresponding angles,57,32,yes,no,FAIL,authored-specific-rationale|authored-specific-rationale|authored-specific-rationale,0,PASS,REMEDIATE
similarity,10,sy-02-03,k2,no,content/courses/similarity/lessons/sy-02-03.json,You can see two pairs of equal angles but have NO side lengths. Which criterion should you use?,AA,2,33,no,no,PASS,authored-specific-rationale|authored-specific-rationale|authored-specific-rationale,0,PASS,KEEP
similarity,10,sy-02-03,rem-sy-criterion-choice-k,yes,content/courses/similarity/lessons/sy-02-03.json,You know two pairs of equal angles and no side lengths. Which criterion proves similarity?,AA,2,14,no,no,PASS,authored-specific-rationale|authored-specific-rationale|authored-specific-rationale,0,PASS,KEEP
similarity,10,sy-03-01,k1,no,content/courses/similarity/lessons/sy-03-01.json,Why does a line parallel to one side split the other two proportionally?,"It creates a smaller similar triangle (AA), and similar triangles have proportional sides",89,49,yes,no,FAIL,authored-specific-rationale|authored-specific-rationale|authored-specific-rationale,0,PASS,REMEDIATE
similarity,10,sy-03-01,k2,no,content/courses/similarity/lessons/sy-03-01.json,"If you write AD/DB on one side, what must you write on the other for the side-splitter proportion?","AE/EC (piece-to-piece, matching the style)",42,31,no,no,PASS,authored-specific-rationale|authored-specific-rationale|fraction-denominator,0,PASS,KEEP
similarity,10,sy-03-01,i3,no,content/courses/similarity/lessons/sy-03-01.json,The midsegment (joining two midpoints) splits the sides in what ratio?,"1 : 1 — it hits the midpoints, so each piece is equal",53,26,yes,yes,FAIL,authored-specific-rationale|authored-specific-rationale|authored-specific-rationale,0,PASS,REMEDIATE
similarity,10,sy-03-01,rem-sy-side-splitter-k,yes,content/courses/similarity/lessons/sy-03-01.json,"To match AD/DB in a side-splitter proportion, the other ratio should be…",AE/EC,5,5,no,no,PASS,authored-specific-rationale|authored-specific-rationale|authored-specific-rationale,0,PASS,KEEP
similarity,10,sy-03-02,i1,no,content/courses/similarity/lessons/sy-03-02.json,"In a triangle, a segment splits the two sides so that AD/DB = 3/6 and AE/EC = 4/8. Is the segment parallel to the third side?","Yes — both ratios equal 1/2, so by the converse it's parallel",61,33,yes,no,FAIL,authored-specific-rationale|authored-specific-rationale|authored-specific-rationale,0,PASS,REMEDIATE
similarity,10,sy-03-02,k1,no,content/courses/similarity/lessons/sy-03-02.json,"The side-splitter CONVERSE lets you conclude what, from what?","Conclude the line is parallel, given that it splits the sides proportionally",76,62,no,no,PASS,authored-specific-rationale|sign-direction|place-value,0,PASS,KEEP
similarity,10,sy-03-02,k2,no,content/courses/similarity/lessons/sy-03-02.json,Three parallel lines cross two transversals. How do the segment ratios compare?,They are equal on both transversals,35,41,no,no,PASS,fraction-denominator|authored-specific-rationale|authored-specific-rationale,0,PASS,KEEP
similarity,10,sy-03-02,ch,no,content/courses/similarity/lessons/sy-03-02.json,"A segment splits a triangle's sides: AD = 5, DB = 10, AE = 7, EC = 14. Is it parallel to the third side?","Yes — both ratios equal 1/2, so the converse applies",52,22,yes,no,FAIL,authored-specific-rationale|authored-specific-rationale|authored-specific-rationale,0,PASS,REMEDIATE
similarity,10,sy-03-02,rem-sy-side-splitter-converse-k,yes,content/courses/similarity/lessons/sy-03-02.json,A segment splits two sides of a triangle with equal ratios. The converse concludes it is…,parallel to the third side,26,31,no,no,PASS,authored-specific-rationale|authored-specific-rationale|authored-specific-rationale,0,PASS,KEEP
similarity,10,sy-03-03,k1,no,content/courses/similarity/lessons/sy-03-03.json,A cevian from vertex A is marked as bisecting angle A. Which proportion applies?,BD/DC = AB/AC (Angle Bisector Theorem),38,29,no,no,PASS,authored-specific-rationale|authored-specific-rationale|authored-specific-rationale,0,PASS,KEEP
similarity,10,sy-03-03,k2,no,content/courses/similarity/lessons/sy-03-03.json,"When two similar triangles overlap, what should you identify FIRST to pair corresponding sides?",the equal angles (their marks show which vertices correspond),61,25,yes,no,FAIL,authored-specific-rationale|authored-specific-rationale|unit-conversion,0,PASS,REMEDIATE
similarity,10,sy-03-03,rem-sy-proportions-figures-k,yes,content/courses/similarity/lessons/sy-03-03.json,Parallel arrows on a segment inside a triangle signal which theorem?,Side-Splitter Theorem,21,22,no,no,PASS,representation-read|representation-read|authored-specific-rationale,0,PASS,KEEP
similarity,10,sy-04-01,k1,no,content/courses/similarity/lessons/sy-04-01.json,Why is each small triangle similar to the whole right triangle?,Each shares the right angle and one acute angle with the original (AA),70,43,yes,no,FAIL,authored-specific-rationale|authored-specific-rationale|authored-specific-rationale,0,PASS,REMEDIATE
similarity,10,sy-04-01,i2,no,content/courses/similarity/lessons/sy-04-01.json,"In this altitude picture, the hypotenuse of each SMALL triangle corresponds to which side of the WHOLE triangle?",the whole triangle's hypotenuse,31,27,no,no,PASS,authored-specific-rationale|authored-specific-rationale|authored-specific-rationale,0,PASS,KEEP
similarity,10,sy-04-01,k2,no,content/courses/similarity/lessons/sy-04-01.json,The three triangles in the altitude picture are…,"similar (same shape, generally different sizes)",47,21,yes,no,FAIL,authored-specific-rationale|authored-specific-rationale|authored-specific-rationale,0,PASS,REMEDIATE
similarity,10,sy-04-01,i3,no,content/courses/similarity/lessons/sy-04-01.json,The altitude-to-hypotenuse similar triangles can be used to prove which famous result?,the Pythagorean theorem (a² + b² = c²),38,38,no,no,PASS,authored-specific-rationale|authored-specific-rationale|authored-specific-rationale,0,PASS,KEEP
similarity,10,sy-04-01,ch,no,content/courses/similarity/lessons/sy-04-01.json,The small triangle on the LEFT is similar to the whole triangle because they share…,the left acute angle plus a right angle (AA),44,20,yes,no,FAIL,authored-specific-rationale|authored-specific-rationale|authored-specific-rationale,0,PASS,REMEDIATE
similarity,10,sy-04-01,rem-sy-altitude-similar-k,yes,content/courses/similarity/lessons/sy-04-01.json,The altitude to a right triangle's hypotenuse makes the small triangles similar to the whole by which criterion?,AA,2,14,no,no,PASS,authored-specific-rationale|authored-specific-rationale|authored-specific-rationale,0,PASS,KEEP
similarity,10,sy-04-02,k1,no,content/courses/similarity/lessons/sy-04-02.json,The altitude h to the hypotenuse relates to the two hypotenuse segments p and q how?,h = √(p·q) — the geometric mean of the segments,47,32,no,no,PASS,authored-specific-rationale|authored-specific-rationale|inside-vs-derivative,0,PASS,KEEP
similarity,10,sy-04-02,k2,no,content/courses/similarity/lessons/sy-04-02.json,"To find a LEG using the geometric mean, you take the square root of…",the whole hypotenuse times the segment adjacent to that leg,59,33,yes,no,FAIL,authored-specific-rationale|authored-specific-rationale|authored-specific-rationale,0,PASS,REMEDIATE
similarity,10,sy-04-03,k1,no,content/courses/similarity/lessons/sy-04-03.json,Segments are 3 and 12 (hypotenuse 15). Which expression gives the leg adjacent to the segment of length 3?,√(15 × 3),9,10,no,no,PASS,authored-specific-rationale|authored-specific-rationale|authored-specific-rationale,0,PASS,KEEP
similarity,10,sy-04-03,i2,no,content/courses/similarity/lessons/sy-04-03.json,You want the altitude of the right triangle. Which two lengths are the geometric mean built from?,the two hypotenuse segments,27,31,no,no,PASS,authored-specific-rationale|authored-specific-rationale|authored-specific-rationale,0,PASS,KEEP
similarity,10,sy-05-01,k1,no,content/courses/similarity/lessons/sy-05-01.json,What makes the person's triangle similar to the tree's triangle?,Both have a right angle to the ground and share the sun's ray angle (AA),72,39,yes,no,FAIL,authored-specific-rationale|authored-specific-rationale|authored-specific-rationale,0,PASS,REMEDIATE
similarity,10,sy-05-01,k2,no,content/courses/similarity/lessons/sy-05-01.json,Why does the mirror method create similar triangles?,"Light reflects at equal angles, and both objects are vertical — two equal angles (AA)",85,29,yes,yes,FAIL,authored-specific-rationale|authored-specific-rationale|authored-specific-rationale,0,PASS,REMEDIATE
similarity,10,sy-05-01,i3,no,content/courses/similarity/lessons/sy-05-01.json,"In a shadow problem, the person's HEIGHT corresponds to the tree's height. What does the person's SHADOW correspond to?",the tree's shadow,17,29,no,no,PASS,authored-specific-rationale|authored-specific-rationale|authored-specific-rationale,0,PASS,KEEP
similarity,10,sy-05-01,rem-sy-indirect-k,yes,content/courses/similarity/lessons/sy-05-01.json,"In a shadow proportion, the person's shadow corresponds to…",the object's shadow,19,32,no,no,PASS,authored-specific-rationale|authored-specific-rationale|authored-specific-rationale,0,PASS,KEEP
similarity,10,sy-05-02,k1,no,content/courses/similarity/lessons/sy-05-02.json,"To convert a scale-model length to the real length at scale 1 : 50, you should…",multiply the model length by 50,31,33,no,no,PASS,authored-specific-rationale|authored-specific-rationale|authored-specific-rationale,0,PASS,KEEP
similarity,10,sy-05-03,k1,no,content/courses/similarity/lessons/sy-05-03.json,"For similar figures with scale factor k, how do perimeter and area scale?","Perimeter by k, area by k²",26,26,no,no,PASS,unit-conversion|unit-conversion|unit-conversion,0,PASS,KEEP
similarity,10,sy-06-01,k2,no,content/courses/similarity/lessons/sy-06-01.json,Does dilating a shape change its ANGLES?,No — angles stay exactly the same; only lengths change,54,48,no,yes,FAIL,authored-specific-rationale|authored-specific-rationale|authored-specific-rationale,0,PASS,REMEDIATE
similarity,10,sy-06-01,ch1,no,content/courses/similarity/lessons/sy-06-01.json,A dilation uses a centre that is NOT at the origin — somewhere else entirely. Does the parallel-line theorem still apply to a segment that avoids that centre?,"Yes — the theorem only requires the segment to miss the centre, wherever the centre is",86,60,yes,no,FAIL,authored-specific-rationale|authored-specific-rationale|authored-specific-rationale,0,PASS,REMEDIATE
solid-geometry,10,sg-01-01,k1,no,content/courses/solid-geometry/lessons/sg-01-01.json,"A cylinder has base radius 4. A plane slices it parallel to the base, halfway up. The cross-section is:",A circle of radius 4 — congruent to the base at every height,60,30,yes,yes,FAIL,authored-specific-rationale|sign-direction|authored-specific-rationale,0,PASS,REMEDIATE
solid-geometry,10,sg-01-01,k2,no,content/courses/solid-geometry/lessons/sg-01-01.json,A plane slices a cone straight down through its apex (and through the base). The cross-section is:,A triangle — two slant edges meeting at the apex over a diameter of the base,76,27,yes,yes,FAIL,authored-specific-rationale|authored-specific-rationale|authored-specific-rationale,0,PASS,REMEDIATE
solid-geometry,10,sg-01-01,i2,no,content/courses/solid-geometry/lessons/sg-01-01.json,"A mystery solid: EVERY plane through it — any angle, any position — cuts a circle. The solid is:",A sphere — it's the only solid whose sections are circles in every direction,76,27,yes,yes,FAIL,representation-read|authored-specific-rationale|authored-specific-rationale,0,PASS,REMEDIATE
solid-geometry,10,sg-01-01,rem-sg-cross-sections-k,yes,content/courses/solid-geometry/lessons/sg-01-01.json,A cylinder of base radius 3 is sliced parallel to its base. The section is:,A circle of radius 3,20,22,no,no,PASS,authored-specific-rationale|representation-read|authored-specific-rationale,0,PASS,KEEP
solid-geometry,10,sg-01-02,k3,no,content/courses/solid-geometry/lessons/sg-01-02.json,"Which flat region, spun about the indicated axis, sweeps a SPHERE?","A semicircle, about its diameter",32,38,no,no,PASS,unit-conversion|authored-specific-rationale|authored-specific-rationale,0,PASS,KEEP
solid-geometry,10,sg-01-02,i2,no,content/courses/solid-geometry/lessons/sg-01-02.json,A rectangle spins about an axis PARALLEL to one side but 2 units away (no contact). The swept solid is:,A tube (cylinder with a cylindrical hole) — cross-sections perpendicular to the axis are rings,94,16,yes,yes,FAIL,unit-conversion|place-value|authored-specific-rationale,0,PASS,REMEDIATE
solid-geometry,10,sg-01-03,k1,no,content/courses/solid-geometry/lessons/sg-01-03.json,Every slice of a solid parallel to its base is a circle congruent to the base. The solid is:,A cylinder — constant circular sections mean straight vertical walls over a round base,86,14,yes,yes,FAIL,authored-specific-rationale|representation-read|place-value,0,PASS,REMEDIATE
solid-geometry,10,sg-01-03,k3,no,content/courses/solid-geometry/lessons/sg-01-03.json,Why is the great circle the LARGEST section of a sphere?,"Slice area is π(R² − d²), which is biggest when the distance d from the center is 0",83,39,yes,no,FAIL,authored-specific-rationale|authored-specific-rationale|authored-specific-rationale,0,PASS,REMEDIATE
solid-geometry,10,sg-01-03,i2,no,content/courses/solid-geometry/lessons/sg-01-03.json,"A cylinder and a square prism have the same height, and the square's side equals the cylinder's diameter. Slicing both parallel to their bases at the same height:",The circle sits inside the square with area π/4 of it — the section RATIO is the same at every height,101,43,yes,yes,FAIL,representation-read|authored-specific-rationale|authored-specific-rationale,0,PASS,REMEDIATE
solid-geometry,10,sg-01-03,rem-sg-section-reasoning-k,yes,content/courses/solid-geometry/lessons/sg-01-03.json,Parallel slices of a solid are circles that shrink steadily to a single point at the top. The solid is:,A cone,6,10,no,no,PASS,authored-specific-rationale|representation-read|authored-specific-rationale,0,PASS,KEEP
solid-geometry,10,sg-02-01,k1,no,content/courses/solid-geometry/lessons/sg-02-01.json,"Eight identical coins are stacked straight, then pushed into a lean. The leaning stack's volume, compared to the straight stack:",Exactly equal — every level still holds one full coin of the same area,70,37,yes,no,FAIL,authored-specific-rationale|authored-specific-rationale|authored-specific-rationale,0,PASS,REMEDIATE
solid-geometry,10,sg-02-02,k3,no,content/courses/solid-geometry/lessons/sg-02-02.json,"To prove two solids have equal volume via Cavalieri, you must establish:","Same height, and equal cross-section areas at every single level",64,34,yes,no,FAIL,authored-specific-rationale|authored-specific-rationale|authored-specific-rationale,0,PASS,REMEDIATE
solid-geometry,10,sg-02-02,i2,no,content/courses/solid-geometry/lessons/sg-02-02.json,"A rectangular prism is 'bent' into a gentle S-curve — every cross-section perpendicular to the original height stays the same rectangle, at the same levels. Its volume:","Unchanged — Cavalieri doesn't care HOW the slices are stacked, only what they are at each level",95,38,yes,no,FAIL,authored-specific-rationale|representation-read|authored-specific-rationale,0,PASS,REMEDIATE
solid-geometry,10,sg-02-03,k1,no,content/courses/solid-geometry/lessons/sg-02-03.json,A right prism (height 12) is sheared so its slant edge is 13 (top shifted 5). Compared to the original:,"Same volume, but MORE lateral surface — the sides now run along the longer slant",80,33,yes,yes,FAIL,authored-specific-rationale|inverse-confusion|authored-specific-rationale,0,PASS,REMEDIATE
solid-geometry,10,sg-02-03,k2,no,content/courses/solid-geometry/lessons/sg-02-03.json,Does equal volume imply equal cross-sections at each level?,It doesn't — a 1×1×12 post and a 2×2×3 block both hold volume 12 with sections 1 and 4 (they don't even share a height),119,34,yes,no,FAIL,sign-direction|authored-specific-rationale|authored-specific-rationale,0,PASS,REMEDIATE
solid-geometry,10,sg-02-03,k3,no,content/courses/solid-geometry/lessons/sg-02-03.json,"A student claims a barrel equals a cylinder by Cavalieri because 'they match at the top, bottom, and they're the same height.' The error:","The barrel BULGES between the ends — sections differ at middle heights, so the every-level hypothesis fails",107,41,yes,yes,FAIL,authored-specific-rationale|authored-specific-rationale|authored-specific-rationale,0,PASS,REMEDIATE
solid-geometry,10,sg-02-03,i2,no,content/courses/solid-geometry/lessons/sg-02-03.json,Which conclusion is actually LICENSED by Cavalieri's principle?,A leaning cylinder holds exactly what its upright twin holds,60,67,no,no,PASS,authored-specific-rationale|authored-specific-rationale|authored-specific-rationale,0,PASS,KEEP
solid-geometry,10,sg-02-03,rem-sg-cavalieri-limits-k,yes,content/courses/solid-geometry/lessons/sg-02-03.json,A stack of books is pushed into a lean. What changes?,Volume stays the same; the outside surface of the stack grows,61,18,yes,yes,FAIL,representation-read|representation-read|representation-read,0,PASS,REMEDIATE
solid-geometry,10,sg-03-01,k2,no,content/courses/solid-geometry/lessons/sg-03-01.json,The prism-to-cylinder justification works because:,"The cylinder's sections are constantly πr² — so any equal-base-area prism matches it at EVERY level, and Cavalieri closes the deal",130,47,yes,yes,FAIL,authored-specific-rationale|place-value|authored-specific-rationale,0,PASS,REMEDIATE
solid-geometry,10,sg-03-01,i2,no,content/courses/solid-geometry/lessons/sg-03-01.json,"To justify a cylinder's volume with Cavalieri, the comparison prism must have:",The same height and the same BASE AREA (its base shape is irrelevant),69,35,yes,no,FAIL,authored-specific-rationale|authored-specific-rationale|authored-specific-rationale,0,PASS,REMEDIATE
solid-geometry,10,sg-03-02,k2,no,content/courses/solid-geometry/lessons/sg-03-02.json,"The cube tiling certifies ⅓Bh for one special pyramid. Why does EVERY pyramid (any base, even oblique) obey it?",Similarity shrinks every pyramid's sections identically — area scale (z/h)² — so equal base + height means equal sections at every level: Cavalieri transfers the ⅓,163,43,yes,yes,FAIL,authored-specific-rationale|authored-specific-rationale|authored-specific-rationale,0,PASS,REMEDIATE
solid-geometry,10,sg-03-02,i2,no,content/courses/solid-geometry/lessons/sg-03-02.json,The figure shows the cone inside its matching cylinder. The space BETWEEN them (cylinder minus cone) holds:,⅔ of the cylinder — and next lesson this leftover shape prices the sphere,73,24,yes,yes,FAIL,authored-specific-rationale|authored-specific-rationale|authored-specific-rationale,0,PASS,REMEDIATE
solid-geometry,10,sg-03-03,i1,no,content/courses/solid-geometry/lessons/sg-03-03.json,The sphere justification stands on exactly three earlier results. Which set?,"The Pythagorean slice law (ch1), Cavalieri's principle (ch2), and the cone's ⅓ (last lesson)",92,48,yes,no,FAIL,authored-specific-rationale|authored-specific-rationale|authored-specific-rationale,0,PASS,REMEDIATE
solid-geometry,10,sg-04-01,i1,no,content/courses/solid-geometry/lessons/sg-04-01.json,Why must the hemisphere and cylinder of a silo share the SAME radius for clean addition?,"So the joint is a single full circle — the pieces meet exactly, with no gap and no overlap to correct",101,42,yes,yes,FAIL,authored-specific-rationale|authored-specific-rationale|authored-specific-rationale,0,PASS,REMEDIATE
solid-geometry,10,sg-05-02,k3,no,content/courses/solid-geometry/lessons/sg-05-02.json,A solid pine block (density 0.6 g/cm³) of ANY shape is placed in water (density 1). It:,"Floats — average density below water's, regardless of shape or size",67,28,yes,yes,FAIL,authored-specific-rationale|authored-specific-rationale|authored-specific-rationale,0,PASS,REMEDIATE
solid-geometry,10,sg-05-02,i2,no,content/courses/solid-geometry/lessons/sg-05-02.json,A solid statue is scaled up by k = 4 in the same material. Its density:,"Unchanged — mass and volume both grow ×64, and their ratio cancels",66,3,yes,yes,FAIL,authored-specific-rationale|authored-specific-rationale|authored-specific-rationale,0,PASS,REMEDIATE
solid-geometry,10,sg-05-03,k3,no,content/courses/solid-geometry/lessons/sg-05-03.json,A mouse must eat constantly while an elephant doesn't. The k-law explanation:,Heat generates with volume (k³) but escapes through surface (k²) — small bodies have huge surface per volume and lose heat fast,127,26,yes,yes,FAIL,authored-specific-rationale|authored-specific-rationale|authored-specific-rationale,0,PASS,REMEDIATE
solving-equations,9,alg1-01-01,k3,no,content/courses/solving-equations/lessons/alg1-01-01.json,"To solve 3x + 6 = 21, which step comes FIRST?",subtract 6 from both sides,26,26,no,no,PASS,inverse-confusion|inverse-confusion,0,PASS,KEEP
solving-equations,9,alg1-01-02,k3,no,content/courses/solving-equations/lessons/alg1-01-02.json,Why must 3x come off BOTH sides of 5x + 2 = 3x + 10?,removing it from one side only would unbalance the equation,59,30,yes,no,FAIL,sign-direction|authored-specific-rationale,0,PASS,REMEDIATE
solving-equations,9,alg1-01-03,k3,no,content/courses/solving-equations/lessons/alg1-01-03.json,Which is the correct expansion of 4(x + 3)?,4x + 12,7,6,no,no,PASS,authored-specific-rationale|authored-specific-rationale,0,PASS,KEEP
solving-equations,9,alg1-02-01,k3,no,content/courses/solving-equations/lessons/alg1-02-01.json,x/5 = 3. What frees the x?,multiply both sides by 5,24,26,no,no,PASS,operation-swap|inverse-confusion,0,PASS,KEEP
solving-equations,9,alg1-02-02,k3,no,content/courses/solving-equations/lessons/alg1-02-02.json,"When clearing x/2 + x/3 = 5 with ×6, which terms get multiplied?",every term on both sides,24,23,no,no,PASS,representation-read|authored-specific-rationale,0,PASS,KEEP
solving-equations,9,alg1-02-03,k3,no,content/courses/solving-equations/lessons/alg1-02-03.json,Which is the correct ×10 shift of 0.2x + 3 = 4?,2x + 30 = 40,12,11,no,no,PASS,authored-specific-rationale|authored-specific-rationale,0,PASS,KEEP
solving-equations,9,alg1-03-01,k2,no,content/courses/solving-equations/lessons/alg1-03-01.json,d = rt. Solve for t.,t = d/r,7,9,no,no,PASS,inverse-confusion|inverse-confusion,0,PASS,KEEP
solving-equations,9,alg1-03-01,rem-le-k,yes,content/courses/solving-equations/lessons/alg1-03-01.json,y = x + b. Solve for x.,x = y − b,9,9,no,no,PASS,inverse-confusion|authored-specific-rationale,0,PASS,KEEP
solving-equations,9,alg1-03-02,k2,no,content/courses/solving-equations/lessons/alg1-03-02.json,y = mx + b. Which correctly solves for x?,x = (y − b)/m,13,11,no,no,PASS,authored-specific-rationale|authored-specific-rationale,0,PASS,KEEP
solving-equations,9,alg1-03-02,rem-lf-k,yes,content/courses/solving-equations/lessons/alg1-03-02.json,x/k = c. Solve for x.,x = ck,6,9,no,no,PASS,authored-specific-rationale|authored-specific-rationale,0,PASS,KEEP
solving-equations,9,alg1-03-03,k2,no,content/courses/solving-equations/lessons/alg1-03-03.json,Solve 2x + a = c for x.,x = (c − a)/2,13,13,no,no,PASS,authored-specific-rationale|inverse-confusion,0,PASS,KEEP
solving-equations,9,alg1-03-03,rem-ml-k,yes,content/courses/solving-equations/lessons/alg1-03-03.json,Solve 2x + 6 = c for x.,x = (c − 6)/2,13,11,no,no,PASS,authored-specific-rationale|authored-specific-rationale,0,PASS,KEEP
solving-equations,9,alg1-04-01,k2,no,content/courses/solving-equations/lessons/alg1-04-01.json,How is the endpoint of x ≥ 3 drawn?,filled circle at 3,18,24,no,no,PASS,authored-specific-rationale|boundary-endpoint,0,PASS,KEEP
solving-equations,9,alg1-04-01,k3,no,content/courses/solving-equations/lessons/alg1-04-01.json,The graph of x < 4 has its arrow pointing which way?,"left, from an open circle at 4",30,31,no,no,PASS,authored-specific-rationale|authored-specific-rationale,0,PASS,KEEP
solving-equations,9,alg1-04-02,k3,no,content/courses/solving-equations/lessons/alg1-04-02.json,Which step forces a flip?,dividing both sides by −1,25,29,no,no,PASS,sign-direction|sign-direction,0,PASS,KEEP
solving-equations,9,alg1-04-02,rem-fr-k,yes,content/courses/solving-equations/lessons/alg1-04-02.json,Solve −x < 2.,x > −2,6,6,no,no,PASS,sign-direction|authored-specific-rationale,0,PASS,KEEP
solving-equations,9,alg1-04-03,k3,no,content/courses/solving-equations/lessons/alg1-04-03.json,"In a both-sides inequality, when must you flip?",only when you divide or multiply by a negative,46,43,no,no,PASS,sign-direction|sign-direction,0,PASS,KEEP
solving-equations,9,alg1-04-03,rem-bi-k,yes,content/courses/solving-equations/lessons/alg1-04-03.json,Solve 3x > x + 4.,x > 2,5,5,no,no,PASS,sign-direction|authored-specific-rationale,0,PASS,KEEP
statistical-inference,11,si-01-01,k2,no,content/courses/statistical-inference/lessons/si-01-01.json,"Researchers follow 5,000 adults for 10 years and find that those who run have healthier hearts. What kind of study is this?","Observational — so it shows association, not cause.",51,68,no,yes,FAIL,sign-direction|unit-conversion|authored-specific-rationale,0,PASS,REMEDIATE
statistical-inference,11,si-01-01,ch1,no,content/courses/statistical-inference/lessons/si-01-01.json,"""In a survey of 20,000 students, breakfast-eaters scored 8 points higher. Schools should serve breakfast to raise scores."" What is the flaw?",An observational study cannot support a causal claim — breakfast-eaters may differ in other ways.,97,48,yes,yes,FAIL,sign-direction|authored-specific-rationale|authored-specific-rationale,0,PASS,REMEDIATE
statistical-inference,11,si-01-01,rk1,yes,content/courses/statistical-inference/lessons/si-01-01.json,"Students are assigned by coin flip to tutoring or no tutoring, and the tutored group scores higher. Can we say tutoring raised scores?",Yes — the coin balanced everything else.,40,52,no,no,PASS,sign-direction,0,PASS,KEEP
statistical-inference,11,si-01-02,k1,no,content/courses/statistical-inference/lessons/si-01-02.json,"An online poll on a team's fan page finds 91% support the coach. The site collects 500,000 responses. What does the huge sample buy?","Almost nothing — the respondents are fans, so the estimate is precisely wrong.",78,75,no,yes,FAIL,rate-vs-start|authored-specific-rationale|authored-specific-rationale,0,PASS,REMEDIATE
statistical-inference,11,si-01-02,k3,no,content/courses/statistical-inference/lessons/si-01-02.json,Which question wording is least likely to bias the result?,"""Do you support the proposed 8pm curfew for under-16s?""",55,61,no,no,PASS,authored-specific-rationale|authored-specific-rationale|authored-specific-rationale,0,PASS,KEEP
statistical-inference,11,si-01-02,ch1,no,content/courses/statistical-inference/lessons/si-01-02.json,"A magazine mails 10 million ballots, gets 400,000 back, and reports a candidate at 57% ± 0.2%. The candidate loses badly. What went wrong?",Nonresponse bias — the 4% who replied were not like the 96% who did not; the tiny ± measured only the wobble.,109,49,yes,yes,FAIL,representation-read|authored-specific-rationale|authored-specific-rationale,0,PASS,REMEDIATE
statistical-inference,11,si-01-02,rk1,yes,content/courses/statistical-inference/lessons/si-01-02.json,"A method gives nearly the same answer every time, but that answer is 12 points from the truth. What is going on?","Low variability, high bias.",27,27,no,no,PASS,authored-specific-rationale,0,PASS,KEEP
statistical-inference,11,si-01-03,k1,no,content/courses/statistical-inference/lessons/si-01-03.json,90% of people given a new cold remedy recover within a week. What is missing?,"A control group — most colds resolve in a week anyway, so 90% may be no better than nothing.",92,49,yes,no,FAIL,authored-specific-rationale|rate-vs-start|authored-specific-rationale,0,PASS,REMEDIATE
statistical-inference,11,si-01-03,k2,no,content/courses/statistical-inference/lessons/si-01-03.json,"In a double-blind trial, who is kept in the dark about which arm a patient is in?",Both the patient and the person assessing them.,47,45,no,no,PASS,authored-specific-rationale|inside-vs-derivative|authored-specific-rationale,0,PASS,KEEP
statistical-inference,11,si-01-03,k3,no,content/courses/statistical-inference/lessons/si-01-03.json,200 volunteers respond to an advert and are assigned by coin to drug or placebo. The drug arm improves. What may be claimed?,"The drug caused improvement in these volunteers — but they are not a random sample, so extending the size of the effect to everyone is a further leap.",150,69,yes,no,FAIL,authored-specific-rationale|sign-direction|authored-specific-rationale,0,PASS,REMEDIATE
statistical-inference,11,si-01-03,ch1,no,content/courses/statistical-inference/lessons/si-01-03.json,"A school lets students opt into a study app; 300 opt in, 300 do not. The app group scores higher. Which of the four parts is missing?","Random assignment — the students sorted themselves, so the groups differ in motivation as well as in app use.",109,54,yes,no,FAIL,authored-specific-rationale|authored-specific-rationale|authored-specific-rationale,0,PASS,REMEDIATE
statistical-inference,11,si-01-03,rk1,yes,content/courses/statistical-inference/lessons/si-01-03.json,"A trial randomly assigns patients to a drug or to nothing at all, and everyone knows which they got. Which part is missing?",Blinding (and a placebo) — expectation alone can improve symptoms.,66,18,yes,yes,FAIL,sign-direction,0,PASS,REMEDIATE
statistical-inference,11,si-02-01,k1,no,content/courses/statistical-inference/lessons/si-02-01.json,Your 20 polls of 25 people gave answers spread over roughly 40 points. What does that tell you?,Honest random samples disagree with each other — the estimate wobbles even when nothing is wrong.,97,47,yes,yes,FAIL,inside-vs-derivative|authored-specific-rationale|authored-specific-rationale,0,PASS,REMEDIATE
statistical-inference,11,si-02-01,k3,no,content/courses/statistical-inference/lessons/si-02-01.json,Your 20 honest polls landed on both sides of 60%. What does the CENTRE of that pile tell you?,"The method is unbiased — it misses in both directions equally, so it centres on the truth.",90,38,yes,no,FAIL,rate-vs-start|authored-specific-rationale|authored-specific-rationale,0,PASS,REMEDIATE
statistical-inference,11,si-02-01,ch1,no,content/courses/statistical-inference/lessons/si-02-01.json,"Two pollsters use identical honest methods and 25-person random samples. One reports 52%, the other 64%. Who made a mistake?",Neither — a 12-point gap between honest 25-person polls is ordinary sampling variability.,89,52,yes,no,FAIL,authored-specific-rationale|place-value|authored-specific-rationale,0,PASS,REMEDIATE
statistical-inference,11,si-02-01,rk1,yes,content/courses/statistical-inference/lessons/si-02-01.json,"""43% of the 200 students we surveyed walk to school."" Parameter or statistic?",A statistic — it came from a sample.,36,45,no,no,PASS,unit-conversion,0,PASS,KEEP
statistical-inference,11,si-02-02,k1,no,content/courses/statistical-inference/lessons/si-02-02.json,"Going from n = 10 to n = 160, what happened to the pile?",It stayed centred on 60% and got much narrower.,47,68,no,no,PASS,authored-specific-rationale|inside-vs-derivative|inside-vs-derivative,0,PASS,KEEP
statistical-inference,11,si-02-02,k3,no,content/courses/statistical-inference/lessons/si-02-02.json,Which change buys more precision?,Going from 100 people to 400 people.,36,48,no,no,PASS,authored-specific-rationale|authored-specific-rationale|authored-specific-rationale,0,PASS,KEEP
statistical-inference,11,si-02-02,k4,no,content/courses/statistical-inference/lessons/si-02-02.json,A poll's sampling frame excludes renters. Will raising n from 500 to 5000 fix the estimate?,"No — a bigger sample narrows the pile, but the pile is centred in the wrong place.",82,61,no,no,PASS,authored-specific-rationale|authored-specific-rationale|authored-specific-rationale,0,PASS,KEEP
statistical-inference,11,si-02-03,k3,no,content/courses/statistical-inference/lessons/si-02-03.json,"A 1,000-person poll is run in a city of 100,000 and again in a country of 100 million. Which has the smaller wobble?","Neither — the wobble depends on n, not on the population size.",62,58,no,yes,FAIL,authored-specific-rationale|authored-specific-rationale|sign-direction,0,PASS,REMEDIATE
statistical-inference,11,si-03-01,k1,no,content/courses/statistical-inference/lessons/si-03-01.json,A poll reports 48% support with a margin of error of 3 points. Which statement is best supported?,Support is plausibly anywhere from 45% to 51%.,46,46,no,no,PASS,authored-specific-rationale|authored-specific-rationale|inside-vs-derivative,0,PASS,KEEP
statistical-inference,11,si-03-01,k3,no,content/courses/statistical-inference/lessons/si-03-01.json,"An online opt-in poll of 50,000 fans reports 91% ± 0.3%. What is wrong with quoting that margin?","The margin measures only random wobble, and the real error here is who was sampled.",83,53,yes,no,FAIL,authored-specific-rationale|authored-specific-rationale|authored-specific-rationale,0,PASS,REMEDIATE
statistical-inference,11,si-03-02,k1,no,content/courses/statistical-inference/lessons/si-03-02.json,You compute one 95% confidence interval: 44% to 52%. What may you say?,The method that produced this interval captures the truth about 95% of the time.,80,67,no,no,PASS,authored-specific-rationale|authored-specific-rationale|unit-conversion,0,PASS,KEEP
statistical-inference,11,si-03-02,k2,no,content/courses/statistical-inference/lessons/si-03-02.json,"You switch a report from 95% confidence to 99% confidence, keeping the same sample. What happens to the interval?",It gets wider — more confidence costs precision.,48,52,no,yes,FAIL,rate-vs-start|authored-specific-rationale|representation-read,0,PASS,REMEDIATE
statistical-inference,11,si-03-02,ch1,no,content/courses/statistical-inference/lessons/si-03-02.json,A 95% interval comes out as 44%–52%. Which statement is WRONG?,"""There is a 95% chance the true value lies between 44% and 52%.""",64,95,no,no,PASS,inside-vs-derivative|unit-conversion|place-value,0,PASS,KEEP
statistical-inference,11,si-03-02,rk1,yes,content/courses/statistical-inference/lessons/si-03-02.json,"The ""95%"" in a 95% confidence interval is a statement about what?",The method — 95% of the intervals it builds capture the truth.,62,53,no,no,PASS,authored-specific-rationale,0,PASS,KEEP
statistical-inference,11,si-03-03,k1,no,content/courses/statistical-inference/lessons/si-03-03.json,"A: 48%, B: 45%, margin ±3 points. What does the poll support?","The bands overlap, so the poll cannot say who is ahead.",55,31,yes,no,FAIL,authored-specific-rationale|authored-specific-rationale|authored-specific-rationale,0,PASS,REMEDIATE
statistical-inference,11,si-03-03,ch1,no,content/courses/statistical-inference/lessons/si-03-03.json,"A: 53%, B: 47%, margin ±4 on each. Which is the most defensible reading?","A is probably ahead, but the bands still overlap slightly and a majority for A is not established.",98,51,yes,no,FAIL,authored-specific-rationale|authored-specific-rationale|authored-specific-rationale,0,PASS,REMEDIATE
statistical-inference,11,si-03-03,rk1,yes,content/courses/statistical-inference/lessons/si-03-03.json,"A: 55% ± 2, B: 46% ± 2. Does the poll support a real lead for A?",Yes — the bands (53–57 and 44–48) do not overlap.,49,44,no,yes,FAIL,authored-specific-rationale,0,PASS,REMEDIATE
statistical-inference,11,si-04-01,k1,no,content/courses/statistical-inference/lessons/si-04-01.json,"When you shuffle the labels, what are you pretending is true?",That the method made no difference — each student would have scored the same whichever group they landed in.,108,38,yes,yes,FAIL,inside-vs-derivative|authored-specific-rationale|authored-specific-rationale,0,PASS,REMEDIATE
statistical-inference,11,si-04-01,k2,no,content/courses/statistical-inference/lessons/si-04-01.json,Your pile of shuffled gaps is centred on 0. Why?,"With the labels randomised, either group is equally likely to come out ahead, so gaps cancel around zero.",105,44,yes,no,FAIL,authored-specific-rationale|authored-specific-rationale|authored-specific-rationale,0,PASS,REMEDIATE
statistical-inference,11,si-04-01,ch1,no,content/courses/statistical-inference/lessons/si-04-01.json,Only 2% of relabellings produce a gap of 4 or more. What may you conclude?,Data like ours would be rare if the method did nothing — so 'it did nothing' is a poor explanation.,99,45,yes,yes,FAIL,authored-specific-rationale|authored-specific-rationale|authored-specific-rationale,0,PASS,REMEDIATE
statistical-inference,11,si-04-01,rk1,yes,content/courses/statistical-inference/lessons/si-04-01.json,"In a randomisation test, what gets shuffled?",The group labels — the scores stay put.,39,42,no,no,PASS,authored-specific-rationale,0,PASS,KEEP
statistical-inference,11,si-04-02,k2,no,content/courses/statistical-inference/lessons/si-04-02.json,The p-value for the 0.6-point gap is about 0.79. What does that mean?,"Data like this are completely ordinary under 'no effect', so the study gives no evidence of a difference.",105,52,yes,no,FAIL,authored-specific-rationale|authored-specific-rationale|representation-read,0,PASS,REMEDIATE
statistical-inference,11,si-04-02,ch1,no,content/courses/statistical-inference/lessons/si-04-02.json,"A team tests 20 colours of jellybean for a link with acne. Nineteen show nothing; green comes out at p = 0.04. The headline reads ""Green jellybeans linked to acne"". What is wrong?","With 20 tests at a 5% threshold, about one false positive is expected — this result is what noise looks like.",109,64,yes,yes,FAIL,sign-direction|authored-specific-rationale|authored-specific-rationale,0,PASS,REMEDIATE
statistical-inference,11,si-04-02,rk1,yes,content/courses/statistical-inference/lessons/si-04-02.json,A study reports p = 0.03. Which sentence is right?,"If there were no effect, data this extreme would occur about 3% of the time.",76,47,yes,no,FAIL,authored-specific-rationale,0,PASS,REMEDIATE
statistical-inference,11,si-04-03,k1,no,content/courses/statistical-inference/lessons/si-04-03.json,"An app is tested on 100,000 students and raises scores by 0.3 points on a 100-point test, with p < 0.001. Should the school buy it?",Probably not — the effect is real but far too small to be worth the cost.,73,55,no,no,PASS,rate-vs-start|inverse-confusion|authored-specific-rationale,0,PASS,KEEP
statistical-inference,11,si-04-03,k3,no,content/courses/statistical-inference/lessons/si-04-03.json,"An observational study finds coffee drinkers sleep 40 minutes less, p < 0.001. What follows?",The association is unlikely to be a fluke — but coffee causing it is still unproven.,84,53,yes,yes,FAIL,representation-read|authored-specific-rationale|sign-direction,0,PASS,REMEDIATE
statistical-inference,11,si-04-03,ch1,no,content/courses/statistical-inference/lessons/si-04-03.json,"""Eating kale cuts heart-disease risk (p < 0.001)"" — from an observational study where kale-eaters had a 0.4-percentage-point lower rate. Which rewrite is honest?","""Kale-eaters had a 0.4-point lower rate — a small, reliable association, not evidence that kale is the cause.""",110,54,yes,yes,FAIL,authored-specific-rationale|sign-direction|representation-read,0,PASS,REMEDIATE
statistical-inference,11,si-04-03,rk1,yes,content/courses/statistical-inference/lessons/si-04-03.json,"A study reports only: ""the effect was statistically significant (p < 0.001)"". What is missing?",The size of the effect.,23,32,no,yes,FAIL,inside-vs-derivative,0,PASS,REMEDIATE
statistical-inference,11,si-05-01,k2,no,content/courses/statistical-inference/lessons/si-05-01.json,Observational study: app users sleep 25 minutes longer. Which sentence is defensible?,"""App users sleep longer on average — we cannot say the app is the reason.""",74,50,yes,yes,FAIL,authored-specific-rationale|representation-read|authored-specific-rationale,0,PASS,REMEDIATE
statistical-inference,11,si-05-01,k3,no,content/courses/statistical-inference/lessons/si-05-01.json,"""92% of users reported improvement after 8 weeks."" What is the fatal gap?",No comparison group — you cannot tell improvement from the product apart from improvement over time.,100,37,yes,yes,FAIL,representation-read|inside-vs-derivative|authored-specific-rationale,0,PASS,REMEDIATE
statistical-inference,11,si-05-01,ch1,no,content/courses/statistical-inference/lessons/si-05-01.json,200 undergraduate volunteers at one university are randomly assigned to a study technique or to their usual method. The technique arm scores 9 points higher. What is the ceiling?,"The technique caused the gain in these students — extending it to all learners is a further, unearned step.",107,57,yes,yes,FAIL,sign-direction|authored-specific-rationale|authored-specific-rationale,0,PASS,REMEDIATE
statistical-inference,11,si-05-01,rk1,yes,content/courses/statistical-inference/lessons/si-05-01.json,Observational study: people who volunteer have lower stress. Which verb is legal?,Volunteering is ASSOCIATED WITH lower stress.,45,28,no,no,PASS,rate-vs-start,0,PASS,KEEP
statistical-inference,11,si-05-02,k1,no,content/courses/statistical-inference/lessons/si-05-02.json,A random sample of commuters at one city's train station finds 61% support a fare freeze. Which claim overreaches?,"""61% of all workers in the country support a fare freeze.""",58,76,no,no,PASS,sign-direction|authored-specific-rationale|authored-specific-rationale,0,PASS,KEEP
statistical-inference,11,si-05-02,k2,no,content/courses/statistical-inference/lessons/si-05-02.json,A line fitted to study times of 20–60 minutes predicts a score of 200 at 10 hours. What went wrong?,"The prediction is far outside the range of the data, so the model has no evidence to stand on.",94,34,yes,no,FAIL,authored-specific-rationale|authored-specific-rationale|authored-specific-rationale,0,PASS,REMEDIATE
statistical-inference,11,si-05-02,rk1,yes,content/courses/statistical-inference/lessons/si-05-02.json,A random sample of one hospital's patients finds 30% have high blood pressure. Which claim is supported?,About 30% of that hospital's patients have high blood pressure.,63,49,no,no,PASS,authored-specific-rationale,0,PASS,KEEP
statistical-inference,11,si-05-03,k1,no,content/courses/statistical-inference/lessons/si-05-03.json,"""In a survey of 300,000 of our app's users, 78% ± 0.2% say the app improved their focus."" Which question does this claim fail first?",Who was left out — only app users who chose to respond are in it.,65,43,yes,no,FAIL,authored-specific-rationale|authored-specific-rationale|authored-specific-rationale,0,PASS,REMEDIATE
statistical-inference,11,si-05-03,k2,no,content/courses/statistical-inference/lessons/si-05-03.json,"""A randomised trial of 80,000 students found the tool raised scores by 0.4 points (p < 0.001)."" Which question does it fail?",Question 5 — the effect is real but far too small to matter.,60,54,no,no,PASS,sign-direction|authored-specific-rationale|authored-specific-rationale,0,PASS,KEEP
statistical-inference,11,si-05-03,ch1,no,content/courses/statistical-inference/lessons/si-05-03.json,"""Cities with the new recycling policy have 2% less landfill waste (500,000 residents surveyed, p < 0.001). Every city should adopt it."" What is the strongest objection?","The cities chose their own policies, so this is observational — the kind of city that adopts it may already recycle more.",121,51,yes,yes,FAIL,authored-specific-rationale|sign-direction|rate-vs-start,0,PASS,REMEDIATE
statistical-inference,11,si-05-03,rk1,yes,content/courses/statistical-inference/lessons/si-05-03.json,"An observational study with a perfect sample, a tiny margin, p < 0.001 and a huge effect claims a CAUSE. Where does it fail?","Question 1 — nothing was randomly assigned, so no causal claim is available.",76,38,yes,no,FAIL,sign-direction,0,PASS,REMEDIATE
statistical-inference,11,si-06-01,k1,no,content/courses/statistical-inference/lessons/si-06-01.json,Where does the bell sit tallest?,Over the population's true value,32,23,no,no,PASS,authored-specific-rationale|representation-read,0,PASS,KEEP
statistical-inference,11,si-06-01,k1b,no,content/courses/statistical-inference/lessons/si-06-01.json,A sample proportion of 0.42 and one of 0.58 — which is the bell more surprised by?,Neither — they sit the same distance from 0.5,45,29,no,no,PASS,authored-specific-rationale|authored-specific-rationale,0,PASS,KEEP
statistical-inference,11,si-06-01,k2,no,content/courses/statistical-inference/lessons/si-06-01.json,A bell from samples of 10 vs a bell from samples of 50 — the difference?,Same shape; the 50-bell is narrower,35,31,no,yes,FAIL,authored-specific-rationale|authored-specific-rationale,0,PASS,REMEDIATE
statistical-inference,11,si-06-01,ch1,no,content/courses/statistical-inference/lessons/si-06-01.json,"A histogram of 1,000 die rolls (values 1–6): also a bell?",No — that one really is flat,28,31,no,no,PASS,authored-specific-rationale|place-value,0,PASS,KEEP
statistical-inference,11,si-06-01,rem-si-normal-shape-k,yes,content/courses/statistical-inference/lessons/si-06-01.json,Where does the bell sit tallest?,Over the population's true value,32,23,no,no,PASS,authored-specific-rationale|representation-read,0,PASS,KEEP
statistical-inference,11,si-06-03,k2,no,content/courses/statistical-inference/lessons/si-06-03.json,"A result lands at z = 2.4. Under the 95% rule, call it:",Unusual — beyond the two-σ frontier,35,31,no,no,PASS,authored-specific-rationale|authored-specific-rationale,0,PASS,KEEP
statistical-inference,11,si-06-03,ch1,no,content/courses/statistical-inference/lessons/si-06-03.json,A z of 0 means the result…,Equals the mean exactly,23,15,no,no,PASS,authored-specific-rationale|authored-specific-rationale,0,PASS,KEEP
systems-equations,9,se-01-01,i2,no,content/courses/systems-equations/lessons/se-01-01.json,"Is (1, 3) a solution of the system y = 2x + 1 and y = x + 1?",It fails the second equation,28,29,no,no,PASS,authored-specific-rationale|authored-specific-rationale,0,PASS,KEEP
systems-equations,9,se-01-01,i3,no,content/courses/systems-equations/lessons/se-01-01.json,"Is (4, 2) a solution of the system y = x − 2 and y = 2x − 5? (It is on the first line.)",No — the second equation fails there,36,45,no,no,PASS,authored-specific-rationale|authored-specific-rationale,0,PASS,KEEP
systems-equations,9,se-01-01,k2,no,content/courses/systems-equations/lessons/se-01-01.json,Which point solves the system y = −x + 4 and y = 2x − 5?,"(3, 1)",6,7,no,no,PASS,authored-specific-rationale|authored-specific-rationale,0,PASS,KEEP
systems-equations,9,se-01-01,ch1,no,content/courses/systems-equations/lessons/se-01-01.json,Which point solves the system y = 3x − 4 and y = x + 2?,"(3, 5)",6,6,no,no,PASS,authored-specific-rationale|authored-specific-rationale,0,PASS,KEEP
systems-equations,9,se-01-02,i2,no,content/courses/systems-equations/lessons/se-01-02.json,Where do y = −x + 4 and y = 2x − 5 cross?,"(3, 1)",6,6,no,no,PASS,representation-read|authored-specific-rationale,0,PASS,KEEP
systems-equations,9,se-01-02,k3,no,content/courses/systems-equations/lessons/se-01-02.json,Where do y = x − 1 and y = −2x + 8 cross?,"(3, 2)",6,6,no,no,PASS,authored-specific-rationale|rate-vs-start,0,PASS,KEEP
systems-equations,9,se-01-03,k1,no,content/courses/systems-equations/lessons/se-01-03.json,How many solutions does the system y = 2x + 1 and y = 2x − 3 have?,No solution,11,15,no,no,PASS,rate-vs-start|rate-vs-start,0,PASS,KEEP
systems-equations,9,se-01-03,i2,no,content/courses/systems-equations/lessons/se-01-03.json,How many solutions does the system y = 4x + 2 and y = 4x + 2 have?,Infinitely many,15,11,no,no,PASS,authored-specific-rationale|rate-vs-start,0,PASS,KEEP
systems-equations,9,se-01-03,k2,no,content/courses/systems-equations/lessons/se-01-03.json,How many solutions does the system y = −x + 4 and y = −x + 4 have?,Infinitely many,15,11,no,no,PASS,authored-specific-rationale|authored-specific-rationale,0,PASS,KEEP
systems-equations,9,se-01-03,k3,no,content/courses/systems-equations/lessons/se-01-03.json,How many solutions does the system y = x + 4 and y = x − 4 have?,No solution,11,15,no,no,PASS,rate-vs-start|rate-vs-start,0,PASS,KEEP
systems-equations,9,se-01-03,ch1,no,content/courses/systems-equations/lessons/se-01-03.json,How many solutions does the system y = (1/2)x + 3 and y = (1/2)x − 1 have?,No solution,11,15,no,no,PASS,rate-vs-start|rate-vs-start,0,PASS,KEEP
systems-equations,9,se-01-03,rem-cs-k,yes,content/courses/systems-equations/lessons/se-01-03.json,How many solutions does the system y = 2x + 1 and y = 5x − 2 have?,Exactly one,11,11,no,no,PASS,rate-vs-start,0,PASS,KEEP
systems-equations,9,se-02-01,i1,no,content/courses/systems-equations/lessons/se-02-01.json,"For the system y = 2x − 1 and 3x + y = 9, what does the second equation become after replacing y?",3x + (2x − 1) = 9,17,15,no,no,PASS,authored-specific-rationale|authored-specific-rationale,0,PASS,KEEP
systems-equations,9,se-02-01,i3,no,content/courses/systems-equations/lessons/se-02-01.json,What is the solution of the system y = x − 2 and 2x + y = 10?,"(4, 2)",6,6,no,no,PASS,representation-read|authored-specific-rationale,0,PASS,KEEP
systems-equations,9,se-02-02,i1,no,content/courses/systems-equations/lessons/se-02-02.json,Solve x + y = 7 for y.,y = 7 − x,9,9,no,no,PASS,authored-specific-rationale|authored-specific-rationale,0,PASS,KEEP
systems-equations,9,se-02-02,i2,no,content/courses/systems-equations/lessons/se-02-02.json,"Using y = 8 − x, substitute into 3x − y = 4.",3x − (8 − x) = 4,16,16,no,no,PASS,authored-specific-rationale|authored-specific-rationale,0,PASS,KEEP
systems-equations,9,se-02-03,i2,no,content/courses/systems-equations/lessons/se-02-03.json,What is the solution of the system x + y = 10 and y = 3x + 2?,"(2, 8)",6,6,no,no,PASS,representation-read|authored-specific-rationale,0,PASS,KEEP
systems-equations,9,se-02-03,k3,no,content/courses/systems-equations/lessons/se-02-03.json,What is the solution of the system x + 2y = 11 and 3x + y = 13?,"(3, 4)",6,6,no,no,PASS,representation-read|authored-specific-rationale,0,PASS,KEEP
systems-equations,9,se-03-01,i1,no,content/courses/systems-equations/lessons/se-03-01.json,"For x + y = 8 and x − y = 2, should you add or subtract the equations to eliminate y?",Add,3,18,no,no,PASS,authored-specific-rationale|authored-specific-rationale,0,PASS,KEEP
systems-equations,9,se-03-01,i2,no,content/courses/systems-equations/lessons/se-03-01.json,"For 2x + y = 9 and x + y = 6, should you add or subtract to eliminate y?",Subtract,8,18,no,no,PASS,authored-specific-rationale|authored-specific-rationale,0,PASS,KEEP
systems-equations,9,se-03-02,i1,no,content/courses/systems-equations/lessons/se-03-02.json,"To eliminate x from 2x + y = 7 and x + 3y = 11, multiply the second equation by what?",2,1,2,no,no,PASS,authored-specific-rationale|sign-direction,0,PASS,KEEP
systems-equations,9,se-03-02,i2,no,content/courses/systems-equations/lessons/se-03-02.json,"To eliminate x from x + 3y = 9 and 2x − y = 4, multiply the first equation by what?",2,1,2,no,no,PASS,authored-specific-rationale|sign-direction,0,PASS,KEEP
systems-equations,9,se-03-03,i1,no,content/courses/systems-equations/lessons/se-03-03.json,"To eliminate x from 2x + 3y = 13 and 3x + 2y = 12, multiply the first by 3 and the second by what?",2,1,2,no,no,PASS,authored-specific-rationale|sign-direction,0,PASS,KEEP
systems-equations,9,se-03-03,i3,no,content/courses/systems-equations/lessons/se-03-03.json,"For 2x + y = 5 and 4x + 2y = 3, eliminating x gives 0 = 7. How many solutions does the system have?",No solution,11,15,no,no,PASS,authored-specific-rationale|authored-specific-rationale,0,PASS,KEEP
systems-equations,9,se-03-03,k3,no,content/courses/systems-equations/lessons/se-03-03.json,"For x + y = 3 and 2x + 2y = 6, eliminating gives 0 = 0. How many solutions does the system have?",Infinitely many,15,11,no,no,PASS,authored-specific-rationale|authored-specific-rationale,0,PASS,KEEP
systems-equations,9,se-04-01,i1,no,content/courses/systems-equations/lessons/se-04-01.json,Two numbers add to 12 and differ by 4. Let x be the larger. Which system models this?,x + y = 12 and x − y = 4,24,24,no,no,PASS,authored-specific-rationale|authored-specific-rationale,0,PASS,KEEP
systems-equations,9,se-04-01,i2,no,content/courses/systems-equations/lessons/se-04-01.json,"A book (x) costs $4 more than a pen (y), and together they cost $18. Which system models this?",x + y = 18 and x − y = 4,24,24,no,no,PASS,authored-specific-rationale|authored-specific-rationale,0,PASS,KEEP
systems-equations,9,se-04-02,i1,no,content/courses/systems-equations/lessons/se-04-02.json,You have x dimes and y nickels: 12 coins worth 95¢. Which system models this?,x + y = 12 and 10x + 5y = 95,28,28,no,no,PASS,authored-specific-rationale|authored-specific-rationale,0,PASS,KEEP
systems-equations,9,se-04-02,i2,no,content/courses/systems-equations/lessons/se-04-02.json,x adult tickets ($8) and y child tickets ($5): 9 tickets for $57. Which system models this?,x + y = 9 and 8x + 5y = 57,26,26,no,no,PASS,authored-specific-rationale|authored-specific-rationale,0,PASS,KEEP
systems-equations,9,se-04-03,i1,no,content/courses/systems-equations/lessons/se-04-03.json,"For the system x + y = 10 and y = 3x − 2, which method is easiest?",Substitution — y is already isolated,36,36,no,no,PASS,authored-specific-rationale|authored-specific-rationale,0,PASS,KEEP
systems-equations,9,se-04-03,i2,no,content/courses/systems-equations/lessons/se-04-03.json,"For 3x + 2y = 12 and 3x − y = 3, which method cancels a variable fastest?",Elimination — subtract to cancel 3x,35,35,no,no,PASS,authored-specific-rationale|authored-specific-rationale,0,PASS,KEEP
systems-equations,9,se-04-03,k3,no,content/courses/systems-equations/lessons/se-04-03.json,"A system for adults (x) and children (y) solves to (4, 6). How many children attended?",6,1,2,no,no,PASS,inside-vs-derivative|authored-specific-rationale,0,PASS,KEEP
teen-numbers-k,0,knb-01-01,k2,no,content/courses/teen-numbers-k/lessons/knb-01-01.json,What does the numeral 14 secretly say?,"One complete ten, and four more",31,30,no,no,PASS,authored-specific-rationale|place-value|place-value,0,PASS,KEEP
teen-numbers-k,0,knb-01-01,ch1,no,content/courses/teen-numbers-k/lessons/knb-01-01.json,A group shows 12 dots. Which numeral names that amount?,12,2,2,no,no,PASS,authored-specific-rationale|authored-specific-rationale|authored-specific-rationale,0,PASS,KEEP
teen-numbers-k,0,knb-01-02,k2,no,content/courses/teen-numbers-k/lessons/knb-01-02.json,Why build the ten BEFORE adding the extra ones?,A finished ten never needs recounting — only the extras do,58,35,yes,yes,FAIL,place-value|authored-specific-rationale|place-value,0,PASS,REMEDIATE
teen-numbers-k,0,knb-01-02,ch1,no,content/courses/teen-numbers-k/lessons/knb-01-02.json,A group shows 14 dots. Which numeral names that amount?,14,2,2,no,no,PASS,authored-specific-rationale|authored-specific-rationale|authored-specific-rationale,0,PASS,KEEP
teen-numbers-k,0,knb-01-03,k2,no,content/courses/teen-numbers-k/lessons/knb-01-03.json,A group shows 16 dots. Which numeral names that amount?,16,2,2,no,no,PASS,authored-specific-rationale|authored-specific-rationale|authored-specific-rationale,0,PASS,KEEP
teen-numbers-k,0,knb-01-04,k1,no,content/courses/teen-numbers-k/lessons/knb-01-04.json,A group shows 12 dots. Which numeral names that amount?,12,2,2,no,no,PASS,authored-specific-rationale|authored-specific-rationale|authored-specific-rationale,0,PASS,KEEP
teen-numbers-k,0,knb-01-04,k2,no,content/courses/teen-numbers-k/lessons/knb-01-04.json,What does the numeral 14 secretly say?,"One complete ten, and four more",31,30,no,no,PASS,authored-specific-rationale|place-value|place-value,0,PASS,KEEP
teen-numbers-k,0,knb-01-04,rem-knb-11-13-k,yes,content/courses/teen-numbers-k/lessons/knb-01-04.json,A group shows 12 dots. Which numeral names that amount?,12,2,2,no,no,PASS,authored-specific-rationale|authored-specific-rationale|authored-specific-rationale,0,PASS,KEEP
teen-numbers-k,0,knb-02-01,k2,no,content/courses/teen-numbers-k/lessons/knb-02-01.json,A group shows 14 dots. Which numeral names that amount?,14,2,2,no,no,PASS,authored-specific-rationale|authored-specific-rationale|authored-specific-rationale,0,PASS,KEEP
teen-numbers-k,0,knb-02-01,ch1,no,content/courses/teen-numbers-k/lessons/knb-02-01.json,What number comes right after 17?,18,2,2,no,no,PASS,authored-specific-rationale|authored-specific-rationale|authored-specific-rationale,0,PASS,KEEP
teen-numbers-k,0,knb-02-02,k2,no,content/courses/teen-numbers-k/lessons/knb-02-02.json,A group shows 19 dots. Which numeral names that amount?,19,2,2,no,no,PASS,authored-specific-rationale|authored-specific-rationale|authored-specific-rationale,0,PASS,KEEP
teen-numbers-k,0,knb-02-02,ch1,no,content/courses/teen-numbers-k/lessons/knb-02-02.json,Which pair is NOT a split of 18?,10 and 9,8,8,no,no,PASS,authored-specific-rationale|authored-specific-rationale|authored-specific-rationale,0,PASS,KEEP
teen-numbers-k,0,knb-02-03,k1,no,content/courses/teen-numbers-k/lessons/knb-02-03.json,Which pair is NOT a split of 18?,10 and 9,8,8,no,no,PASS,authored-specific-rationale|authored-specific-rationale|authored-specific-rationale,0,PASS,KEEP
teen-numbers-k,0,knb-02-03,k2,no,content/courses/teen-numbers-k/lessons/knb-02-03.json,17 dots fill one ten-frame with some left outside. How many are left over?,"7 — the ten is inside, the rest ride outside",44,30,no,no,PASS,place-value|authored-specific-rationale|authored-specific-rationale,0,PASS,KEEP
teen-numbers-k,0,knb-02-03,ch1,no,content/courses/teen-numbers-k/lessons/knb-02-03.json,Which pair is NOT a split of 15?,10 and 6,8,8,no,no,PASS,authored-specific-rationale|authored-specific-rationale|authored-specific-rationale,0,PASS,KEEP
teen-numbers-k,0,knb-02-03,rem-knb-decompose-teen-k,yes,content/courses/teen-numbers-k/lessons/knb-02-03.json,Which pair is NOT a split of 18?,10 and 9,8,8,no,no,PASS,authored-specific-rationale|authored-specific-rationale|authored-specific-rationale,0,PASS,KEEP
teen-numbers-k,0,knb-02-04,k1,no,content/courses/teen-numbers-k/lessons/knb-02-04.json,Which equation tells the truth about 15?,10 + 5 = 15,11,11,no,no,PASS,authored-specific-rationale|inverse-confusion|authored-specific-rationale,0,PASS,KEEP
teen-numbers-k,0,knb-02-04,k2,no,content/courses/teen-numbers-k/lessons/knb-02-04.json,Which pair makes exactly 10?,6 and 4,7,7,no,no,PASS,authored-specific-rationale|authored-specific-rationale|authored-specific-rationale,0,PASS,KEEP
teen-numbers-k,0,knb-02-04,ch1,no,content/courses/teen-numbers-k/lessons/knb-02-04.json,Which pair is NOT a split of 14?,10 and 5,8,8,no,no,PASS,authored-specific-rationale|authored-specific-rationale|authored-specific-rationale,0,PASS,KEEP
teen-numbers-k,0,knb-02-04,rem-knb-teen-equation-k,yes,content/courses/teen-numbers-k/lessons/knb-02-04.json,Which equation tells the truth about 15?,10 + 5 = 15,11,11,no,no,PASS,authored-specific-rationale|inverse-confusion|authored-specific-rationale,0,PASS,KEEP
teen-numbers-k,0,knb-03-01,k1,no,content/courses/teen-numbers-k/lessons/knb-03-01.json,17 dots fill one ten-frame with some left outside. How many are left over?,"7 — the ten is inside, the rest ride outside",44,30,no,no,PASS,place-value|authored-specific-rationale|authored-specific-rationale,0,PASS,KEEP
teen-numbers-k,0,knb-03-01,k2,no,content/courses/teen-numbers-k/lessons/knb-03-01.json,A group shows 13 dots. Which numeral names that amount?,13,2,2,no,no,PASS,authored-specific-rationale|authored-specific-rationale|authored-specific-rationale,0,PASS,KEEP
teen-numbers-k,0,knb-03-01,ch1,no,content/courses/teen-numbers-k/lessons/knb-03-01.json,A frame shows a full ten and 3 outside. Which teen is it?,13 — ten and three,18,22,no,no,PASS,authored-specific-rationale|place-value|authored-specific-rationale,0,PASS,KEEP
teen-numbers-k,0,knb-03-01,rem-knb-leftover-ones-k,yes,content/courses/teen-numbers-k/lessons/knb-03-01.json,17 dots fill one ten-frame with some left outside. How many are left over?,"7 — the ten is inside, the rest ride outside",44,30,no,no,PASS,place-value|authored-specific-rationale|authored-specific-rationale,0,PASS,KEEP
teen-numbers-k,0,knb-03-02,ch1,no,content/courses/teen-numbers-k/lessons/knb-03-02.json,What number comes right after 17?,18,2,2,no,no,PASS,authored-specific-rationale|authored-specific-rationale|authored-specific-rationale,0,PASS,KEEP
teen-numbers-k,0,knb-03-03,k1,no,content/courses/teen-numbers-k/lessons/knb-03-03.json,A frame shows a full ten and 3 outside. Which teen is it?,13 — ten and three,18,22,no,no,PASS,authored-specific-rationale|place-value|authored-specific-rationale,0,PASS,KEEP
teen-numbers-k,0,knb-03-03,k2,no,content/courses/teen-numbers-k/lessons/knb-03-03.json,A group shows 16 dots. Which numeral names that amount?,16,2,2,no,no,PASS,authored-specific-rationale|authored-specific-rationale|authored-specific-rationale,0,PASS,KEEP
teen-numbers-k,0,knb-03-03,rem-knb-identify-teen-k,yes,content/courses/teen-numbers-k/lessons/knb-03-03.json,A frame shows a full ten and 3 outside. Which teen is it?,13 — ten and three,18,22,no,no,PASS,authored-specific-rationale|place-value|authored-specific-rationale,0,PASS,KEEP
teen-numbers-k,0,knb-03-04,k1,no,content/courses/teen-numbers-k/lessons/knb-03-04.json,"An egg tray holds 10, and 2 eggs sit beside it. How many eggs?",12 — a tray-ten and two more,28,28,no,no,PASS,place-value|authored-specific-rationale|place-value,0,PASS,KEEP
teen-numbers-k,0,knb-03-04,k2,no,content/courses/teen-numbers-k/lessons/knb-03-04.json,Which pair makes exactly 10?,5 and 5,7,7,no,no,PASS,authored-specific-rationale|authored-specific-rationale|authored-specific-rationale,0,PASS,KEEP
teen-numbers-k,0,knb-03-04,ch1,no,content/courses/teen-numbers-k/lessons/knb-03-04.json,Which pair is NOT a split of 18?,10 and 9,8,8,no,no,PASS,authored-specific-rationale|authored-specific-rationale|authored-specific-rationale,0,PASS,KEEP
teen-numbers-k,0,knb-03-04,rem-knb-teen-apply-k,yes,content/courses/teen-numbers-k/lessons/knb-03-04.json,"An egg tray holds 10, and 2 eggs sit beside it. How many eggs?",12 — a tray-ten and two more,28,28,no,no,PASS,place-value|authored-specific-rationale|place-value,0,PASS,KEEP
tens-and-ones,1,tno-04-01,rem-cmt-k,yes,content/courses/tens-and-ones/lessons/tno-04-01.json,Compare: 45 __ 52,<,1,1,no,no,PASS,place-value|place-value,0,PASS,KEEP
tens-and-ones,1,tno-04-02,rem-cmo-k,yes,content/courses/tens-and-ones/lessons/tno-04-02.json,Compare: 63 __ 67,<,1,1,no,no,PASS,place-value|place-value,0,PASS,KEEP
tens-and-ones,1,tno-04-03,rem-cma-k,yes,content/courses/tens-and-ones/lessons/tno-04-03.json,Compare: 52 __ 48,>,1,1,no,no,PASS,place-value|place-value,0,PASS,KEEP
the-real-number-system,8,rns-01-02,i1,no,content/courses/the-real-number-system/lessons/rns-01-02.json,1/16 — will it terminate or repeat? (16 = 2⁴),Terminate — 16's only prime factor is 2,39,35,no,no,PASS,fraction-denominator|fraction-denominator|fraction-denominator,0,PASS,KEEP
the-real-number-system,8,rns-01-02,k1,no,content/courses/the-real-number-system/lessons/rns-01-02.json,1/12 will:,Repeat — 12 has a leftover factor of 3,38,33,no,no,PASS,authored-specific-rationale|authored-specific-rationale|authored-specific-rationale,0,PASS,KEEP
the-real-number-system,8,rns-01-02,i2,no,content/courses/the-real-number-system/lessons/rns-01-02.json,7/25 — will it terminate or repeat? (25 = 5²),Terminate — 25's only prime factor is 5,39,30,no,no,PASS,exponent-rule|fraction-denominator|authored-specific-rationale,0,PASS,KEEP
the-real-number-system,8,rns-01-02,k2,no,content/courses/the-real-number-system/lessons/rns-01-02.json,5/6 will:,"Repeat — 6 = 2 × 3, and that 3 isn't allowed",44,36,no,no,PASS,authored-specific-rationale|fraction-denominator|authored-specific-rationale,0,PASS,KEEP
the-real-number-system,8,rns-01-02,i3,no,content/courses/the-real-number-system/lessons/rns-01-02.json,3/6 — will it terminate or repeat? (Careful: simplify first!),Terminate — 3/6 = 1/2 once simplified,37,48,no,no,PASS,authored-specific-rationale|fraction-denominator|authored-specific-rationale,0,PASS,KEEP
the-real-number-system,8,rns-01-02,ch1,no,content/courses/the-real-number-system/lessons/rns-01-02.json,6/15 — terminate or repeat? (Simplify first!),Terminate — 6/15 = 2/5 once simplified,38,41,no,no,PASS,authored-specific-rationale|fraction-denominator|authored-specific-rationale,0,PASS,KEEP
the-real-number-system,8,rns-01-02,rem-rns0102-k,yes,content/courses/the-real-number-system/lessons/rns-01-02.json,3/10 — terminate or repeat? (10 = 2 × 5),Terminate,9,24,no,no,PASS,authored-specific-rationale|fraction-denominator|authored-specific-rationale,0,PASS,KEEP
the-real-number-system,8,rns-02-02,i2,no,content/courses/the-real-number-system/lessons/rns-02-02.json,Which is irrational: √36 or √37?,"√37, since 37 isn't a perfect square",36,27,no,no,PASS,authored-specific-rationale|authored-specific-rationale|authored-specific-rationale,0,PASS,KEEP
the-real-number-system,8,rns-02-02,k2,no,content/courses/the-real-number-system/lessons/rns-02-02.json,√64 is:,Rational — exactly 8,20,26,no,yes,FAIL,authored-specific-rationale|authored-specific-rationale|authored-specific-rationale,0,PASS,REMEDIATE
the-real-number-system,8,rns-02-02,k3,no,content/courses/the-real-number-system/lessons/rns-02-02.json,Is 0.3833833383333… (the run of 3s keeps growing) rational or irrational?,Irrational — it never repeats one fixed block,45,45,no,no,PASS,representation-read|authored-specific-rationale|representation-read,0,PASS,KEEP
the-real-number-system,8,rns-02-02,ch1,no,content/courses/the-real-number-system/lessons/rns-02-02.json,Which of these is rational?,0.75,4,45,no,no,PASS,authored-specific-rationale|authored-specific-rationale|representation-read,0,PASS,KEEP
the-real-number-system,8,rns-02-02,rem-rns0202-k,yes,content/courses/the-real-number-system/lessons/rns-02-02.json,√25 is:,Rational — exactly 5,20,26,no,yes,FAIL,authored-specific-rationale|authored-specific-rationale|authored-specific-rationale,0,PASS,REMEDIATE
the-real-number-system,8,rns-03-01,i2,no,content/courses/the-real-number-system/lessons/rns-03-01.json,√70 (between 8 and 9) is closer to which integer?,"8, since 70 is closer to 64 than to 81",38,31,no,no,PASS,authored-specific-rationale|authored-specific-rationale|authored-specific-rationale,0,PASS,KEEP
the-real-number-system,8,rns-03-01,k3,no,content/courses/the-real-number-system/lessons/rns-03-01.json,√95 is closer to:,"10, since 95 is closer to 100 than to 81",40,31,no,no,PASS,authored-specific-rationale|authored-specific-rationale|authored-specific-rationale,0,PASS,KEEP
the-real-number-system,8,rns-03-03,k1,no,content/courses/the-real-number-system/lessons/rns-03-03.json,Which is bigger: √5 or 2.1?,"√5, since √5 ≈ 2.236 > 2.1",26,43,no,no,PASS,authored-specific-rationale|authored-specific-rationale|unit-conversion,0,PASS,KEEP
the-real-number-system,8,rns-03-03,k2,no,content/courses/the-real-number-system/lessons/rns-03-03.json,Which is bigger: 22/7 or π?,"22/7, since 22/7 ≈ 3.1429 is slightly more than π ≈ 3.1416",58,46,no,yes,FAIL,authored-specific-rationale|authored-specific-rationale|authored-specific-rationale,0,PASS,REMEDIATE
the-real-number-system,8,rns-03-03,k3,no,content/courses/the-real-number-system/lessons/rns-03-03.json,√3 × √3 = ?,"3, exactly",10,38,no,no,PASS,inside-vs-derivative|authored-specific-rationale|authored-specific-rationale,0,PASS,KEEP
the-real-number-system,8,rns-03-03,rem-rns0303-k,yes,content/courses/the-real-number-system/lessons/rns-03-03.json,Which is bigger: √7 or 2.5?,"√7, since √7 ≈ 2.646 > 2.5",26,35,no,no,PASS,authored-specific-rationale|authored-specific-rationale|unit-conversion,0,PASS,KEEP
transformations-measurement,8,tm-01-01,i2,no,content/courses/transformations-measurement/lessons/tm-01-01.json,"Translate (1, 4) right 3 and down 1. What is the new point?","(4, 3)",6,7,no,no,PASS,authored-specific-rationale|authored-specific-rationale|authored-specific-rationale,0,PASS,KEEP
transformations-measurement,8,tm-01-01,k2,no,content/courses/transformations-measurement/lessons/tm-01-01.json,"After a translation, what is DIFFERENT about the shape?",Only its position — size and shape stay the same,48,20,yes,yes,FAIL,authored-specific-rationale|authored-specific-rationale|authored-specific-rationale,0,PASS,REMEDIATE
transformations-measurement,8,tm-01-01,ch1,no,content/courses/transformations-measurement/lessons/tm-01-01.json,"A translation moves (2, 5) to (7, 2). What is the slide?",Right 5 and down 3,18,18,no,no,PASS,authored-specific-rationale|authored-specific-rationale|authored-specific-rationale,0,PASS,KEEP
transformations-measurement,8,tm-01-01,rem-tm0101-k,yes,content/courses/transformations-measurement/lessons/tm-01-01.json,"Translate (3, 2) right 2 and up 1. What is the new point?","(5, 3)",6,6,no,no,PASS,authored-specific-rationale|authored-specific-rationale|authored-specific-rationale,0,PASS,KEEP
transformations-measurement,8,tm-01-02,i1,no,content/courses/transformations-measurement/lessons/tm-01-02.json,"Reflect the point (3, 5) across the x-axis. What is the image?","(3, −5)",7,8,no,no,PASS,representation-read|representation-read|sign-direction,0,PASS,KEEP
transformations-measurement,8,tm-01-02,k2,no,content/courses/transformations-measurement/lessons/tm-01-02.json,"A reflection sends (5, 2) to (−5, 2). Which line is the mirror?",The y-axis,10,28,no,no,PASS,representation-read|sign-direction|sign-direction,0,PASS,KEEP
transformations-measurement,8,tm-01-02,k3,no,content/courses/transformations-measurement/lessons/tm-01-02.json,"After a reflection, what is preserved?",The size and shape — it's a mirror image,40,38,no,no,PASS,authored-specific-rationale|representation-read|authored-specific-rationale,0,PASS,KEEP
transformations-measurement,8,tm-01-02,rem-tm0102-k,yes,content/courses/transformations-measurement/lessons/tm-01-02.json,"Reflect (6, 3) across the x-axis. What is the image?","(6, −3)",7,8,no,no,PASS,representation-read|representation-read|representation-read,0,PASS,KEEP
transformations-measurement,8,tm-01-03,i1,no,content/courses/transformations-measurement/lessons/tm-01-03.json,"Rotate (2, 3) by 180° around the origin. What is the image?","(−2, −3)",8,7,no,no,PASS,authored-specific-rationale|sign-direction|sign-direction,0,PASS,KEEP
transformations-measurement,8,tm-01-03,i2,no,content/courses/transformations-measurement/lessons/tm-01-03.json,"Rotate (−5, 2) by 180° around the origin. What is the image?","(5, −2)",7,8,no,no,PASS,sign-direction|authored-specific-rationale|sign-direction,0,PASS,KEEP
transformations-measurement,8,tm-01-03,k2,no,content/courses/transformations-measurement/lessons/tm-01-03.json,"A rotation around the origin sends (3, 4) to (−3, −4). What turn was it?",180°,4,20,no,no,PASS,sign-direction|sign-direction|sign-direction,0,PASS,KEEP
transformations-measurement,8,tm-01-03,k3,no,content/courses/transformations-measurement/lessons/tm-01-03.json,"After a rotation, what is preserved?",The size and shape — only the orientation turns,47,36,no,yes,FAIL,authored-specific-rationale|authored-specific-rationale|authored-specific-rationale,0,PASS,REMEDIATE
transformations-measurement,8,tm-01-03,rem-tm0103-k,yes,content/courses/transformations-measurement/lessons/tm-01-03.json,"Rotate (1, 6) by 180° around the origin. What is the image?","(−1, −6)",8,7,no,no,PASS,sign-direction|sign-direction|sign-direction,0,PASS,KEEP
transformations-measurement,8,tm-01b-01,k2,no,content/courses/transformations-measurement/lessons/tm-01b-01.json,"A translation sends (2, 5) to (7, 1). What is the rule?","(x, y) → (x + 5, y − 4)",23,23,no,no,PASS,representation-read|sign-direction|authored-specific-rationale,0,PASS,KEEP
transformations-measurement,8,tm-01b-02,k1,no,content/courses/transformations-measurement/lessons/tm-01b-02.json,"Reflect (5, −2) across the y-axis.","(−5, −2)",8,7,no,no,PASS,sign-direction|sign-direction|representation-read,0,PASS,KEEP
transformations-measurement,8,tm-01b-02,k3,no,content/courses/transformations-measurement/lessons/tm-01b-02.json,"Which transformation does the rule (x, y) → (−x, y) describe?",Reflection across the y-axis,28,28,no,no,PASS,representation-read|authored-specific-rationale|representation-read,0,PASS,KEEP
transformations-measurement,8,tm-01b-02,ch1,no,content/courses/transformations-measurement/lessons/tm-01b-02.json,"Reflect (4, 3) across the y-axis, then reflect the result across the x-axis. Where does it land?","(−4, −3)",8,7,no,no,PASS,inverse-confusion|representation-read|representation-read,0,PASS,KEEP
transformations-measurement,8,tm-01b-03,k2,no,content/courses/transformations-measurement/lessons/tm-01b-03.json,"A dilation of factor ½ centred at the origin maps (8, 6) to which point?","(4, 3)",6,10,no,no,PASS,authored-specific-rationale|representation-read|representation-read,0,PASS,KEEP
transformations-measurement,8,tm-01b-03,k3,no,content/courses/transformations-measurement/lessons/tm-01b-03.json,Which transformation does NOT produce a congruent image?,A dilation with scale factor 3,30,34,no,no,PASS,authored-specific-rationale|representation-read|authored-specific-rationale,0,PASS,KEEP
transformations-measurement,8,tm-02-01,i1,no,content/courses/transformations-measurement/lessons/tm-02-01.json,Shape B is shape A slid 5 units right and flipped across a line. Are A and B congruent?,Yes — only rigid motions were used,34,32,no,no,PASS,authored-specific-rationale|authored-specific-rationale|authored-specific-rationale,0,PASS,KEEP
transformations-measurement,8,tm-02-01,k1,no,content/courses/transformations-measurement/lessons/tm-02-01.json,"If two triangles are congruent, what must be true?",Their side lengths and angles are all equal,43,27,no,no,PASS,authored-specific-rationale|authored-specific-rationale|authored-specific-rationale,0,PASS,KEEP
transformations-measurement,8,tm-02-01,k2,no,content/courses/transformations-measurement/lessons/tm-02-01.json,Shape B is shape A enlarged to twice the size. Are A and B congruent?,No — enlarging changes the size,31,33,no,no,PASS,authored-specific-rationale|authored-specific-rationale|authored-specific-rationale,0,PASS,KEEP
transformations-measurement,8,tm-02-01,k3,no,content/courses/transformations-measurement/lessons/tm-02-01.json,Which pair of triangles must be congruent?,"Both have sides 3, 4, 5",23,37,no,no,PASS,authored-specific-rationale|authored-specific-rationale|authored-specific-rationale,0,PASS,KEEP
transformations-measurement,8,tm-02-01,rem-tm0201-k,yes,content/courses/transformations-measurement/lessons/tm-02-01.json,Shape B is shape A slid 3 right and rotated 90°. Are they congruent?,Yes — only rigid motions were used,34,31,no,no,PASS,authored-specific-rationale|authored-specific-rationale|authored-specific-rationale,0,PASS,KEEP
transformations-measurement,8,tm-02-02,i1,no,content/courses/transformations-measurement/lessons/tm-02-02.json,"Dilate (3, 4) by a scale factor of 2 from the origin. What is the image?","(6, 8)",6,8,no,no,PASS,authored-specific-rationale|representation-read|authored-specific-rationale,0,PASS,KEEP
transformations-measurement,8,tm-02-02,k3,no,content/courses/transformations-measurement/lessons/tm-02-02.json,A shape is dilated by a factor of 3. Is the image congruent to the original?,"No — it's three times as big, so only similar",45,32,no,no,PASS,authored-specific-rationale|authored-specific-rationale|sign-direction,0,PASS,KEEP
transformations-measurement,8,tm-02-02,ch1,no,content/courses/transformations-measurement/lessons/tm-02-02.json,A triangle is dilated by a factor of 3. How do its side lengths change?,Every side becomes 3 times as long,34,30,no,no,PASS,unit-conversion|authored-specific-rationale|authored-specific-rationale,0,PASS,KEEP
transformations-measurement,8,tm-02-02,rem-tm0202-k,yes,content/courses/transformations-measurement/lessons/tm-02-02.json,"Dilate (2, 3) by a scale factor of 2 from the origin. What is the image?","(4, 6)",6,8,no,no,PASS,representation-read|authored-specific-rationale|authored-specific-rationale,0,PASS,KEEP
transformations-measurement,8,tm-02-03,i2,no,content/courses/transformations-measurement/lessons/tm-02-03.json,Two triangles are similar. What is true about their angles?,The corresponding angles are equal,34,40,no,no,PASS,authored-specific-rationale|authored-specific-rationale|authored-specific-rationale,0,PASS,KEEP
transformations-measurement,8,tm-03-01,i2,no,content/courses/transformations-measurement/lessons/tm-03-01.json,"Two angles are in the SAME position at each of the two crossings (e.g., both top-right). What are they called?",Corresponding angles — they're equal,36,39,no,no,PASS,authored-specific-rationale|authored-specific-rationale|authored-specific-rationale,0,PASS,KEEP
transformations-measurement,8,tm-04-03,i1,no,content/courses/transformations-measurement/lessons/tm-04-03.json,"Is a triangle with sides 3, 4, 5 a right triangle?",Yes — 3² + 4² = 9 + 16 = 25 = 5²,32,29,no,no,PASS,authored-specific-rationale|authored-specific-rationale|authored-specific-rationale,0,PASS,KEEP
transformations-measurement,8,tm-04-03,k1,no,content/courses/transformations-measurement/lessons/tm-04-03.json,"Is a triangle with sides 8, 15, 17 a right triangle?",Yes — 8² + 15² = 289 = 17²,26,27,no,no,PASS,authored-specific-rationale|authored-specific-rationale|authored-specific-rationale,0,PASS,KEEP
transformations-measurement,8,tm-04-03,i2,no,content/courses/transformations-measurement/lessons/tm-04-03.json,"Is a triangle with sides 4, 5, 6 a right triangle?","No — 4² + 5² = 41, but 6² = 36",30,33,no,no,PASS,authored-specific-rationale|authored-specific-rationale|authored-specific-rationale,0,PASS,KEEP
transformations-measurement,8,tm-04-03,rem-tm0403-k,yes,content/courses/transformations-measurement/lessons/tm-04-03.json,"Is a triangle with sides 6, 8, 10 a right triangle?",Yes — 6² + 8² = 100 = 10²,25,23,no,no,PASS,authored-specific-rationale|authored-specific-rationale|authored-specific-rationale,0,PASS,KEEP
transformations-measurement,8,tm-05-01,k3,no,content/courses/transformations-measurement/lessons/tm-05-01.json,"In the cylinder formula V = πr²h, what does the πr² part represent?",The area of the circular base,29,30,no,no,PASS,authored-specific-rationale|authored-specific-rationale|authored-specific-rationale,0,PASS,KEEP
transformations-measurement,8,tm-05-03,i2,no,content/courses/transformations-measurement/lessons/tm-05-03.json,What makes the sphere formula different from the cylinder and cone formulas?,"It uses the radius CUBED (r³), not squared",42,20,yes,no,FAIL,authored-specific-rationale|authored-specific-rationale|exponent-rule,0,PASS,REMEDIATE
transformations-measurement,8,tm-05-03,k2,no,content/courses/transformations-measurement/lessons/tm-05-03.json,A sphere has radius 1. What is its volume?,4⁄3 π,5,3,no,no,PASS,authored-specific-rationale|authored-specific-rationale|authored-specific-rationale,0,PASS,KEEP
triangle-congruence,10,tc-01-01,k1,no,content/courses/triangle-congruence/lessons/tc-01-01.json,Why does SSS (three pairs of equal sides) guarantee congruence?,Three side lengths determine a triangle's shape completely — the angles are forced,82,44,yes,yes,FAIL,authored-specific-rationale|authored-specific-rationale|authored-specific-rationale,0,PASS,REMEDIATE
triangle-congruence,10,tc-01-01,i2,no,content/courses/triangle-congruence/lessons/tc-01-01.json,"For SAS, where must the angle be?",between the two sides being used,32,29,no,no,PASS,authored-specific-rationale|authored-specific-rationale|authored-specific-rationale,0,PASS,KEEP
triangle-congruence,10,tc-01-01,k2,no,content/courses/triangle-congruence/lessons/tc-01-01.json,"Two triangles have two pairs of equal sides, and the angles BETWEEN those sides are equal. Which criterion applies?",SAS,3,3,no,no,PASS,authored-specific-rationale|authored-specific-rationale|authored-specific-rationale,0,PASS,KEEP
triangle-congruence,10,tc-01-01,ch,no,content/courses/triangle-congruence/lessons/tc-01-01.json,Why is AAS (two angles and a NON-included side) a valid congruence criterion?,"The two angles determine the third, so you effectively know all angles and can treat it as ASA",94,61,yes,no,FAIL,authored-specific-rationale|authored-specific-rationale|authored-specific-rationale,0,PASS,REMEDIATE
triangle-congruence,10,tc-01-01,rem-tc-sas-k,yes,content/courses/triangle-congruence/lessons/tc-01-01.json,"In SAS, the angle must be…",between the two sides (included),32,25,no,no,PASS,authored-specific-rationale|authored-specific-rationale|authored-specific-rationale,0,PASS,KEEP
triangle-congruence,10,tc-01-02,k1,no,content/courses/triangle-congruence/lessons/tc-01-02.json,What makes SSA fail where SAS succeeds?,"SSA's angle is NOT between the two sides, so a side can swing to two positions",78,34,yes,no,FAIL,authored-specific-rationale|inside-vs-derivative|authored-specific-rationale,0,PASS,REMEDIATE
triangle-congruence,10,tc-01-02,i2,no,content/courses/triangle-congruence/lessons/tc-01-02.json,Two triangles have all three pairs of angles equal. What is guaranteed?,"They are similar (same shape), but not necessarily congruent",60,31,yes,no,FAIL,authored-specific-rationale|authored-specific-rationale|authored-specific-rationale,0,PASS,REMEDIATE
triangle-congruence,10,tc-01-02,k2,no,content/courses/triangle-congruence/lessons/tc-01-02.json,A triangle and a copy twice as large have the same three angles. They are…,similar but not congruent,25,33,no,no,PASS,authored-specific-rationale|authored-specific-rationale|authored-specific-rationale,0,PASS,KEEP
triangle-congruence,10,tc-01-02,ch,no,content/courses/triangle-congruence/lessons/tc-01-02.json,Which of these does NOT guarantee two triangles are congruent?,SSA — two sides and a non-included angle,40,40,no,no,PASS,authored-specific-rationale|authored-specific-rationale|inside-vs-derivative,0,PASS,KEEP
triangle-congruence,10,tc-01-02,rem-tc-ssa-fails-k,yes,content/courses/triangle-congruence/lessons/tc-01-02.json,"Which arrangement gives only SIMILAR triangles, not necessarily congruent?",AAA (three equal angles),24,31,no,no,PASS,authored-specific-rationale|authored-specific-rationale|authored-specific-rationale,0,PASS,KEEP
triangle-congruence,10,tc-01-03,k1,no,content/courses/triangle-congruence/lessons/tc-01-03.json,At what point in a proof may you use CPCTC?,only after the triangles have been proven congruent,51,38,no,no,PASS,authored-specific-rationale|authored-specific-rationale|authored-specific-rationale,0,PASS,KEEP
triangle-congruence,10,tc-01-03,i2,no,content/courses/triangle-congruence/lessons/tc-01-03.json,Two triangles share a side. You're also given a pair of equal angles at each end of that shared side. Which criterion fits?,ASA (the shared side is included between the two angle pairs),61,3,yes,no,FAIL,authored-specific-rationale|authored-specific-rationale|authored-specific-rationale,0,PASS,REMEDIATE
triangle-congruence,10,tc-01-03,i3,no,content/courses/triangle-congruence/lessons/tc-01-03.json,△PQR ≅ △STU. Which side corresponds to QR?,TU,2,2,no,no,PASS,authored-specific-rationale|authored-specific-rationale|authored-specific-rationale,0,PASS,KEEP
triangle-congruence,10,tc-01-03,ch,no,content/courses/triangle-congruence/lessons/tc-01-03.json,"Segments AC and BD cross at P, with AP = CP and BP = DP. To prove △APB ≅ △CPD, which criterion applies?","SAS, using the equal vertical angles at P as the included angle",63,41,yes,no,FAIL,authored-specific-rationale|authored-specific-rationale|authored-specific-rationale,0,PASS,REMEDIATE
triangle-congruence,10,tc-01-03,rem-tc-cpctc-k,yes,content/courses/triangle-congruence/lessons/tc-01-03.json,"In a proof, CPCTC is used…",after proving the triangles congruent,37,27,no,no,PASS,authored-specific-rationale|authored-specific-rationale|authored-specific-rationale,0,PASS,KEEP
triangle-congruence,10,tc-02-01,k1,no,content/courses/triangle-congruence/lessons/tc-02-01.json,"SSA usually fails, so why does HL (which looks similar) succeed?",The right angle lets the Pythagorean theorem fix the second leg to one value,76,37,yes,no,FAIL,authored-specific-rationale|authored-specific-rationale|authored-specific-rationale,0,PASS,REMEDIATE
triangle-congruence,10,tc-02-01,i2,no,content/courses/triangle-congruence/lessons/tc-02-01.json,"Once the second leg is recovered, HL matches which general criterion?",SAS — the two legs with the included right angle,48,27,yes,no,FAIL,authored-specific-rationale|authored-specific-rationale|authored-specific-rationale,0,PASS,REMEDIATE
triangle-congruence,10,tc-02-01,k2,no,content/courses/triangle-congruence/lessons/tc-02-01.json,Two right triangles each have hypotenuse 10 and one leg 6. What can you conclude?,They are congruent by HL,24,27,no,no,PASS,authored-specific-rationale|authored-specific-rationale|authored-specific-rationale,0,PASS,KEEP
triangle-congruence,10,tc-02-01,rem-tc-hl-k,yes,content/courses/triangle-congruence/lessons/tc-02-01.json,HL congruence requires which set of parts?,"a right angle, the hypotenuse, and one leg",42,27,no,no,PASS,authored-specific-rationale|authored-specific-rationale|authored-specific-rationale,0,PASS,KEEP
triangle-congruence,10,tc-02-02,k1,no,content/courses/triangle-congruence/lessons/tc-02-02.json,"In that proof, the equality BD = BD comes from which reason?",Reflexive Property (a shared side equals itself),48,28,yes,no,FAIL,authored-specific-rationale|authored-specific-rationale|authored-specific-rationale,0,PASS,REMEDIATE
triangle-congruence,10,tc-02-02,i2,no,content/courses/triangle-congruence/lessons/tc-02-02.json,Two triangles meet at a shared vertex where two segments cross. Which 'free' equal part does that crossing provide?,a pair of equal vertical angles,31,27,no,no,PASS,authored-specific-rationale|authored-specific-rationale|authored-specific-rationale,0,PASS,KEEP
triangle-congruence,10,tc-02-02,i3,no,content/courses/triangle-congruence/lessons/tc-02-02.json,"You proved △ABC ≅ △DEF using AB = DE, BC = EF, and ∠B = ∠E (SAS). Which part can CPCTC now give you?",∠A = ∠D (a part not used in the SAS proof),42,28,no,no,PASS,place-value|authored-specific-rationale|authored-specific-rationale,0,PASS,KEEP
triangle-congruence,10,tc-02-02,ch,no,content/courses/triangle-congruence/lessons/tc-02-02.json,"To prove two segments in a figure are equal, what is the standard CPCTC strategy?","Find two triangles containing them as corresponding sides, prove those congruent, then apply CPCTC",98,36,yes,no,FAIL,authored-specific-rationale|authored-specific-rationale|authored-specific-rationale,0,PASS,REMEDIATE
triangle-congruence,10,tc-02-02,rem-tc-cpctc-practice-k,yes,content/courses/triangle-congruence/lessons/tc-02-02.json,Two triangles share side XY. What justifies XY = XY in a proof?,Reflexive Property,18,15,no,no,PASS,authored-specific-rationale|authored-specific-rationale|authored-specific-rationale,0,PASS,KEEP
triangle-congruence,10,tc-02-03,i1,no,content/courses/triangle-congruence/lessons/tc-02-03.json,"Two overlapping triangles △ABC and △ABD share the full side AB. In a proof, how is AB handled?",AB = AB by the Reflexive Property — it's a shared side of both,62,45,no,yes,FAIL,rate-vs-start|authored-specific-rationale|authored-specific-rationale,0,PASS,REMEDIATE
triangle-congruence,10,tc-02-03,k1,no,content/courses/triangle-congruence/lessons/tc-02-03.json,Why redraw overlapping triangles as two separate triangles?,To see the corresponding parts clearly and match them to a criterion,68,51,no,no,PASS,authored-specific-rationale|authored-specific-rationale|rate-vs-start,0,PASS,KEEP
triangle-congruence,10,tc-02-03,k2,no,content/courses/triangle-congruence/lessons/tc-02-03.json,"In a two-congruence proof, what links the first congruence to the second?",A part obtained by CPCTC from the first becomes an input to the second,70,35,yes,no,FAIL,authored-specific-rationale|authored-specific-rationale|authored-specific-rationale,0,PASS,REMEDIATE
triangle-congruence,10,tc-02-03,i3,no,content/courses/triangle-congruence/lessons/tc-02-03.json,"Your goal is to prove ∠1 = ∠2, but no triangle congruence is given directly. What's the first planning question?",Which two triangles contain ∠1 and ∠2 as corresponding parts?,61,30,yes,no,FAIL,authored-specific-rationale|authored-specific-rationale|authored-specific-rationale,0,PASS,REMEDIATE
triangle-congruence,10,tc-02-03,ch,no,content/courses/triangle-congruence/lessons/tc-02-03.json,"Two overlapping triangles share vertex angle ∠A, and the two sides forming ∠A are equal in each. Which criterion proves them congruent?","SAS, with the shared ∠A as the included angle",45,29,no,no,PASS,authored-specific-rationale|authored-specific-rationale|authored-specific-rationale,0,PASS,KEEP
triangle-congruence,10,tc-02-03,rem-tc-overlapping-k,yes,content/courses/triangle-congruence/lessons/tc-02-03.json,Two overlapping triangles share angle ∠A. What justifies ∠A = ∠A?,Reflexive Property,18,15,no,no,PASS,authored-specific-rationale|authored-specific-rationale|authored-specific-rationale,0,PASS,KEEP
triangle-congruence,10,tc-03-01,k1,no,content/courses/triangle-congruence/lessons/tc-03-01.json,What construction proves the base angles equal?,"Bisect the apex angle, creating two triangles congruent by SAS",62,42,yes,no,FAIL,authored-specific-rationale|authored-specific-rationale|authored-specific-rationale,0,PASS,REMEDIATE
triangle-congruence,10,tc-03-01,i2,no,content/courses/triangle-congruence/lessons/tc-03-01.json,"In an isosceles triangle, the segment from the apex to the base midpoint is NOT which of these?",a side of the triangle,22,24,no,no,PASS,authored-specific-rationale|authored-specific-rationale|authored-specific-rationale,0,PASS,KEEP
triangle-congruence,10,tc-03-01,i3,no,content/courses/triangle-congruence/lessons/tc-03-01.json,You're told a triangle has two equal sides. What may you immediately conclude?,The angles opposite those sides are equal,41,32,no,no,PASS,authored-specific-rationale|authored-specific-rationale|authored-specific-rationale,0,PASS,KEEP
triangle-congruence,10,tc-03-02,i1,no,content/courses/triangle-congruence/lessons/tc-03-02.json,The Base Angles Theorem says 'equal legs ⇒ equal base angles.' What is its converse?,Equal base angles ⇒ equal legs (the triangle is isosceles),58,34,yes,no,FAIL,inverse-confusion|sign-direction|authored-specific-rationale,0,PASS,REMEDIATE
triangle-congruence,10,tc-03-02,k1,no,content/courses/triangle-congruence/lessons/tc-03-02.json,"You measure two angles of a triangle and find them equal. By the converse, what follows?","The sides opposite those angles are equal, so the triangle is isosceles",71,29,yes,no,FAIL,authored-specific-rationale|authored-specific-rationale|authored-specific-rationale,0,PASS,REMEDIATE
triangle-congruence,10,tc-03-02,k2,no,content/courses/triangle-congruence/lessons/tc-03-02.json,A triangle has all three sides equal. What can you conclude about its angles?,"All three angles are equal, each 60°",36,29,no,no,PASS,authored-specific-rationale|authored-specific-rationale|authored-specific-rationale,0,PASS,KEEP
triangle-congruence,10,tc-03-02,rem-tc-isosceles-converse-k,yes,content/courses/triangle-congruence/lessons/tc-03-02.json,You know two angles of a triangle are equal and want to conclude two sides are equal. Which do you use?,the converse of the Base Angles Theorem,39,30,no,no,PASS,sign-direction|authored-specific-rationale|authored-specific-rationale,0,PASS,KEEP
triangle-congruence,10,tc-03-03,k1,no,content/courses/triangle-congruence/lessons/tc-03-03.json,A midsegment of a triangle is guaranteed to be…,parallel to the third side and half its length,46,33,no,no,PASS,authored-specific-rationale|authored-specific-rationale|authored-specific-rationale,0,PASS,KEEP
triangle-congruence,10,tc-04-01,i1,no,content/courses/triangle-congruence/lessons/tc-04-01.json,The circumcenter (perpendicular bisectors' meeting point) is equidistant from which parts of the triangle?,the three vertices,18,25,no,no,PASS,authored-specific-rationale|authored-specific-rationale|authored-specific-rationale,0,PASS,KEEP
triangle-congruence,10,tc-04-01,k1,no,content/courses/triangle-congruence/lessons/tc-04-01.json,"Since the circumcenter is equidistant from all three vertices, it is the center of…",the circle passing through all three vertices (the circumscribed circle),72,35,yes,no,FAIL,authored-specific-rationale|authored-specific-rationale|authored-specific-rationale,0,PASS,REMEDIATE
triangle-congruence,10,tc-04-01,i2,no,content/courses/triangle-congruence/lessons/tc-04-01.json,The incenter (angle bisectors' meeting point) is equidistant from which parts?,the three sides,15,26,no,no,PASS,authored-specific-rationale|authored-specific-rationale|authored-specific-rationale,0,PASS,KEEP
triangle-congruence,10,tc-04-01,k2,no,content/courses/triangle-congruence/lessons/tc-04-01.json,The incenter is the center of…,"the inscribed circle, which touches all three sides",51,37,no,no,PASS,authored-specific-rationale|authored-specific-rationale|authored-specific-rationale,0,PASS,KEEP
triangle-congruence,10,tc-04-01,ch,no,content/courses/triangle-congruence/lessons/tc-04-01.json,You want a location equidistant from three towns (treat them as three points). Which triangle center solves this?,the circumcenter,16,15,no,no,PASS,authored-specific-rationale|authored-specific-rationale|authored-specific-rationale,0,PASS,KEEP
triangle-congruence,10,tc-04-01,rem-tc-incenter-k,yes,content/courses/triangle-congruence/lessons/tc-04-01.json,The incenter is equidistant from the triangle's…,sides,5,9,no,no,PASS,authored-specific-rationale|authored-specific-rationale|authored-specific-rationale,0,PASS,KEEP
triangle-congruence,10,tc-04-02,i1,no,content/courses/triangle-congruence/lessons/tc-04-02.json,"The centroid divides each median into two parts. What is the ratio, measured from the vertex?",2 : 1 (the vertex piece is twice the midpoint piece),52,39,no,no,PASS,authored-specific-rationale|authored-specific-rationale|authored-specific-rationale,0,PASS,KEEP
triangle-congruence,10,tc-04-02,i2,no,content/courses/triangle-congruence/lessons/tc-04-02.json,The three altitudes of a triangle meet at which center?,the orthocenter,15,16,no,no,PASS,authored-specific-rationale|authored-specific-rationale|authored-specific-rationale,0,PASS,KEEP
triangle-congruence,10,tc-04-02,k2,no,content/courses/triangle-congruence/lessons/tc-04-02.json,What is the difference between a median and an altitude from a vertex?,A median goes to the opposite midpoint; an altitude is perpendicular to the opposite side,89,59,yes,no,FAIL,authored-specific-rationale|authored-specific-rationale|authored-specific-rationale,0,PASS,REMEDIATE
triangle-congruence,10,tc-04-02,i3,no,content/courses/triangle-congruence/lessons/tc-04-02.json,Which three centers always lie on a single line (the Euler line)?,"circumcenter, centroid, and orthocenter",39,36,no,no,PASS,authored-specific-rationale|authored-specific-rationale|authored-specific-rationale,0,PASS,KEEP
triangle-congruence,10,tc-04-02,rem-tc-centroid-k,yes,content/courses/triangle-congruence/lessons/tc-04-02.json,The centroid is the intersection of the three…,medians,7,23,no,no,PASS,authored-specific-rationale|authored-specific-rationale|authored-specific-rationale,0,PASS,KEEP
triangle-congruence,10,tc-04-03,k1,no,content/courses/triangle-congruence/lessons/tc-04-03.json,You need a point equidistant from all three SIDES of a triangular park (to place a sprinkler reaching each edge). Which center?,the incenter,12,16,no,no,PASS,authored-specific-rationale|authored-specific-rationale|authored-specific-rationale,0,PASS,KEEP
triangle-congruence,10,tc-04-03,k2,no,content/courses/triangle-congruence/lessons/tc-04-03.json,"To balance a thin triangular plate on the tip of a pencil, where does the pencil go?",the centroid,12,16,no,no,PASS,authored-specific-rationale|authored-specific-rationale|authored-specific-rationale,0,PASS,KEEP
triangle-congruence,10,tc-04-03,i3,no,content/courses/triangle-congruence/lessons/tc-04-03.json,"Which pair of centers always lies INSIDE the triangle, no matter its shape?",centroid and incenter,21,28,no,no,PASS,place-value|authored-specific-rationale|authored-specific-rationale,0,PASS,KEEP
triangle-congruence,10,tc-04-03,ch,no,content/courses/triangle-congruence/lessons/tc-04-03.json,You must draw the unique circle that passes through all three vertices of a triangle. Its center is the…,circumcenter,12,11,no,no,PASS,authored-specific-rationale|authored-specific-rationale|authored-specific-rationale,0,PASS,KEEP
triangle-congruence,10,tc-04-03,rem-tc-centers-choice-k,yes,content/courses/triangle-congruence/lessons/tc-04-03.json,Which center is equidistant from all three VERTICES?,circumcenter,12,11,no,no,PASS,authored-specific-rationale|authored-specific-rationale|authored-specific-rationale,0,PASS,KEEP
triangle-congruence,10,tc-05-01,k1,no,content/courses/triangle-congruence/lessons/tc-05-01.json,What's the fastest way to test whether three lengths form a triangle?,Check that the two shortest sides sum to more than the longest,62,62,no,no,PASS,authored-specific-rationale|authored-specific-rationale|authored-specific-rationale,0,PASS,KEEP
triangle-congruence,10,tc-05-01,i3,no,content/courses/triangle-congruence/lessons/tc-05-01.json,"In a triangle with sides 5, 6, and 7, which side is the largest angle opposite to?",the side of length 7,20,20,no,no,PASS,authored-specific-rationale|authored-specific-rationale|authored-specific-rationale,0,PASS,KEEP
triangle-congruence,10,tc-05-01,rem-tc-triangle-inequality-k,yes,content/courses/triangle-congruence/lessons/tc-05-01.json,"Can sides 2, 3, and 6 form a triangle?","No — 2 + 3 = 5, which is less than 6",36,29,no,no,PASS,authored-specific-rationale|authored-specific-rationale|authored-specific-rationale,0,PASS,KEEP
triangle-congruence,10,tc-05-02,i1,no,content/courses/triangle-congruence/lessons/tc-05-02.json,Two triangles both have sides 7 and 5. Triangle P's included angle is 40°; triangle Q's is 80°. Which has the longer third side?,Triangle Q (the 80° angle),26,30,no,no,PASS,authored-specific-rationale|authored-specific-rationale|authored-specific-rationale,0,PASS,KEEP
triangle-congruence,10,tc-05-02,k1,no,content/courses/triangle-congruence/lessons/tc-05-02.json,"In the hinge theorem, what causes the third side to lengthen?",Widening the included angle swings the two fixed sides' endpoints farther apart,79,36,yes,no,FAIL,authored-specific-rationale|authored-specific-rationale|representation-read,0,PASS,REMEDIATE
triangle-congruence,10,tc-05-02,i2,no,content/courses/triangle-congruence/lessons/tc-05-02.json,"Two triangles have two pairs of equal sides. If their included angles are also EQUAL, what follows?","The triangles are congruent (SAS), so the third sides are equal",63,43,yes,no,FAIL,authored-specific-rationale|authored-specific-rationale|authored-specific-rationale,0,PASS,REMEDIATE
triangle-congruence,10,tc-05-02,k2,no,content/courses/triangle-congruence/lessons/tc-05-02.json,Two triangles share two pairs of equal sides. Triangle P's third side is longer than Q's. What does the CONVERSE hinge theorem conclude?,P's included angle is larger than Q's,37,38,no,no,PASS,representation-read|authored-specific-rationale|authored-specific-rationale,0,PASS,KEEP
triangle-congruence,10,tc-05-02,ch,no,content/courses/triangle-congruence/lessons/tc-05-02.json,Triangle X has sides 6 and 9 with a 50° included angle. Triangle Y has sides 6 and 9 with a 70° included angle. Which third side is longer?,Triangle Y's (70° included angle),33,33,no,no,PASS,authored-specific-rationale|authored-specific-rationale|authored-specific-rationale,0,PASS,KEEP
triangle-congruence,10,tc-05-02,rem-tc-hinge-k,yes,content/courses/triangle-congruence/lessons/tc-05-02.json,Two triangles share two side lengths. The one with the bigger included angle has the…,longer third side,17,18,no,no,PASS,authored-specific-rationale|authored-specific-rationale|authored-specific-rationale,0,PASS,KEEP
triangle-congruence,10,tc-05-03,i1,no,content/courses/triangle-congruence/lessons/tc-05-03.json,"In a single triangle, the largest side is opposite the largest angle. In △ABC, side a = 10, b = 7, c = 5. Which angle is largest?","angle A (opposite the longest side, 10)",39,20,yes,no,FAIL,authored-specific-rationale|authored-specific-rationale|authored-specific-rationale,0,PASS,REMEDIATE
triangle-congruence,10,tc-05-03,k1,no,content/courses/triangle-congruence/lessons/tc-05-03.json,"In △ABC with a = 10, b = 7, c = 5, order the angles from smallest to largest.",∠C < ∠B < ∠A,12,22,no,no,PASS,authored-specific-rationale|authored-specific-rationale|authored-specific-rationale,0,PASS,KEEP
triangle-congruence,10,tc-05-03,k2,no,content/courses/triangle-congruence/lessons/tc-05-03.json,Why is a triangle's exterior angle greater than either remote interior angle?,"It equals their sum, so it exceeds each one individually",56,41,no,no,PASS,authored-specific-rationale|place-value|authored-specific-rationale,0,PASS,KEEP
triangle-congruence,10,tc-05-03,i3,no,content/courses/triangle-congruence/lessons/tc-05-03.json,You want to prove that side XY is longer than side XZ within a single triangle. Which fact do you use?,The side opposite the larger angle is longer,44,22,yes,no,FAIL,authored-specific-rationale|authored-specific-rationale|authored-specific-rationale,0,PASS,REMEDIATE
triangle-congruence,10,tc-05-03,ch,no,content/courses/triangle-congruence/lessons/tc-05-03.json,"Two triangles share sides of length 8 and 11. The included angle in the first is 65°, in the second 50°. To prove the first's third side is longer, which theorem do you cite?",the hinge theorem (larger included angle ⇒ longer third side),61,23,yes,no,FAIL,authored-specific-rationale|authored-specific-rationale|authored-specific-rationale,0,PASS,REMEDIATE
triangle-congruence,10,tc-05-03,rem-tc-inequality-proofs-k,yes,content/courses/triangle-congruence/lessons/tc-05-03.json,"Within a single triangle, the longest side is opposite the…",largest angle,13,16,no,no,PASS,authored-specific-rationale|authored-specific-rationale|authored-specific-rationale,0,PASS,KEEP
trig-functions,11,tf-01-01,i2,no,content/courses/trig-functions/lessons/tf-01-01.json,"In the 3-4-5 triangle, let φ be the OTHER acute angle (the one opposite the 4). What is sin φ?",4/5,3,3,no,no,PASS,authored-specific-rationale|authored-specific-rationale|authored-specific-rationale,0,PASS,KEEP
trig-functions,11,tf-01-03,i2,no,content/courses/trig-functions/lessons/tf-01-03.json,You know the opposite side (6) and the hypotenuse (12). The angle is:,sin⁻¹(6/12) = 30°,17,19,no,no,PASS,authored-specific-rationale|authored-specific-rationale|authored-specific-rationale,0,PASS,KEEP
trig-functions,11,tf-02-01,i2,no,content/courses/trig-functions/lessons/tf-02-01.json,One radian is about 57.3°. What makes it exactly that size?,It's the angle whose arc equals one radius — and 360° ÷ 2π ≈ 57.3,65,49,no,yes,FAIL,authored-specific-rationale|unit-conversion|authored-specific-rationale,0,PASS,REMEDIATE
trig-functions,11,tf-03-01,k2,no,content/courses/trig-functions/lessons/tf-03-01.json,In which quadrant are sin θ AND cos θ both negative?,Quadrant III,12,11,no,no,PASS,sign-direction|sign-direction|sign-direction,0,PASS,KEEP
trig-functions,11,tf-03-01,i3,no,content/courses/trig-functions/lessons/tf-03-01.json,What is tan 90°?,"Undefined — the point is (0, 1), and y/x divides by zero",56,2,yes,yes,FAIL,representation-read|representation-read|authored-specific-rationale,0,PASS,REMEDIATE
trig-functions,11,tf-04-01,i2,no,content/courses/trig-functions/lessons/tf-04-01.json,"At x = 0, how do the graphs of sin x and cos x differ?","Sine starts at 0 and rises; cosine starts at its peak, 1",56,28,yes,yes,FAIL,authored-specific-rationale|representation-read|authored-specific-rationale,0,PASS,REMEDIATE
trig-functions,11,tf-04-02,i3,no,content/courses/trig-functions/lessons/tf-04-02.json,What is the amplitude of y = −3 sin x + 5?,3,1,2,no,no,PASS,sign-direction|authored-specific-rationale|authored-specific-rationale,0,PASS,KEEP
trig-functions,11,tf-04-03,i3,no,content/courses/trig-functions/lessons/tf-04-03.json,"A wave has midline 5, amplitude 2, and period π. Which rule fits?",y = 2 sin(2x) + 5,17,17,no,no,PASS,authored-specific-rationale|authored-specific-rationale|authored-specific-rationale,0,PASS,KEEP
trig-functions,11,tf-05-01,k2,no,content/courses/trig-functions/lessons/tf-05-01.json,Why model the ride with −20 cos t instead of +20 sin t?,The rider STARTS at the bottom — and −cos starts at its minimum,63,44,yes,yes,FAIL,authored-specific-rationale|sign-direction|sign-direction,0,PASS,REMEDIATE
trig-functions,11,tf-05-03,k2,no,content/courses/trig-functions/lessons/tf-05-03.json,"Solving cos²θ = 0.64 gives two candidates, ±0.8. Why?","Squaring erases sign — both ±0.8 square to 0.64, and the quadrant restores it",77,37,yes,yes,FAIL,sign-direction|sign-direction|sign-direction,0,PASS,REMEDIATE
trig-graphs-inverses,12,tg-01-01,k1,no,content/courses/trig-graphs-inverses/lessons/tg-01-01.json,The graph of y = sin(x + π/3) is the sine wave shifted:,left by π/3,11,12,no,no,PASS,authored-specific-rationale|authored-specific-rationale,0,PASS,KEEP
trig-graphs-inverses,12,tg-01-01,k2,no,content/courses/trig-graphs-inverses/lessons/tg-01-01.json,What is the phase shift of y = sin(4x − π)?,π/4 right,9,8,no,no,PASS,authored-specific-rationale|authored-specific-rationale,0,PASS,KEEP
trig-graphs-inverses,12,tg-01-01,rem-tg0101-k,yes,content/courses/trig-graphs-inverses/lessons/tg-01-01.json,The phase shift of y = sin(2x − π) is:,π/2 right,9,8,no,no,PASS,authored-specific-rationale|authored-specific-rationale,0,PASS,KEEP
trig-graphs-inverses,12,tg-01-02,k2,no,content/courses/trig-graphs-inverses/lessons/tg-01-02.json,Same function: y = 3 sin(2(x − π/4)) + 1. Where is its first peak for x ≥ 0?,x = π/2,7,7,no,no,PASS,authored-specific-rationale|authored-specific-rationale,0,PASS,KEEP
trig-graphs-inverses,12,tg-01-03,k1,no,content/courses/trig-graphs-inverses/lessons/tg-01-03.json,"For y = 2 sin(2(x − π/6)) − 1, where is the TROUGH of this period?",x = 11π/12,10,9,no,no,PASS,authored-specific-rationale|authored-specific-rationale,0,PASS,KEEP
trig-graphs-inverses,12,tg-02-01,k2,no,content/courses/trig-graphs-inverses/lessons/tg-02-01.json,"For y = 2 cos x + 3, where does the graph FIRST cross its midline (x > 0)?","x = π/2, heading down",21,5,no,no,PASS,authored-specific-rationale|authored-specific-rationale,0,PASS,KEEP
trig-graphs-inverses,12,tg-02-02,k1,no,content/courses/trig-graphs-inverses/lessons/tg-02-02.json,cos x = sin(x + π/2) says cosine is the sine wave:,shifted left by π/2,19,25,no,no,PASS,authored-specific-rationale|sign-direction,0,PASS,KEEP
trig-graphs-inverses,12,tg-02-02,k3,no,content/courses/trig-graphs-inverses/lessons/tg-02-02.json,Complete the twin identity: sin x = cos(x − ___).,π/2,3,2,no,no,PASS,authored-specific-rationale|authored-specific-rationale,0,PASS,KEEP
trig-graphs-inverses,12,tg-02-03,k1,no,content/courses/trig-graphs-inverses/lessons/tg-02-03.json,Which rule draws the SAME graph as y = −sin x?,y = sin(x + π),14,17,no,no,PASS,authored-specific-rationale|authored-specific-rationale,0,PASS,KEEP
trig-graphs-inverses,12,tg-02-03,k2,no,content/courses/trig-graphs-inverses/lessons/tg-02-03.json,y = −cos x is the same graph as:,y = cos(x − π),14,16,no,no,PASS,authored-specific-rationale|authored-specific-rationale,0,PASS,KEEP
trig-graphs-inverses,12,tg-02-03,k3,no,content/courses/trig-graphs-inverses/lessons/tg-02-03.json,A student claims 2 sin(x + π/2) and 2 cos(x + π) draw the same graph. Check x = 0:,They give 2 and −2 — different graphs (they're reflections),59,24,yes,no,FAIL,authored-specific-rationale|authored-specific-rationale,0,PASS,REMEDIATE
trig-graphs-inverses,12,tg-02-03,ch1,no,content/courses/trig-graphs-inverses/lessons/tg-02-03.json,Which rule is NOT equivalent to y = sin x?,y = sin(x − π),14,16,no,no,PASS,authored-specific-rationale|authored-specific-rationale,0,PASS,KEEP
trig-graphs-inverses,12,tg-03-01,k3,no,content/courses/trig-graphs-inverses/lessons/tg-03-01.json,Where does tan x equal 0?,"At the multiples of π (0, π, 2π, …)",35,33,no,no,PASS,authored-specific-rationale|authored-specific-rationale,0,PASS,KEEP
trig-graphs-inverses,12,tg-03-01,rem-tg0301-k,yes,content/courses/trig-graphs-inverses/lessons/tg-03-01.json,"At x = π, tangent is:",zero,4,18,no,no,PASS,authored-specific-rationale|authored-specific-rationale,0,PASS,KEEP
trig-graphs-inverses,12,tg-03-02,k2,no,content/courses/trig-graphs-inverses/lessons/tg-03-02.json,x = 1.55 sits just LEFT of the wall at π/2 ≈ 1.5708. tan(1.55) is approximately:,+48 — large and positive,24,24,no,no,PASS,sign-direction|authored-specific-rationale,0,PASS,KEEP
trig-graphs-inverses,12,tg-03-02,k3,no,content/courses/trig-graphs-inverses/lessons/tg-03-02.json,What is tan(3π/4)?,−1,2,9,no,no,PASS,sign-direction|authored-specific-rationale,0,PASS,KEEP
trig-graphs-inverses,12,tg-03-02,ch1,no,content/courses/trig-graphs-inverses/lessons/tg-03-02.json,"Among x = 1.0, 1.3, and 1.5, where is tan x LARGEST?",x = 1.5,7,35,no,no,PASS,authored-specific-rationale|authored-specific-rationale,0,PASS,KEEP
trig-graphs-inverses,12,tg-03-03,k1,no,content/courses/trig-graphs-inverses/lessons/tg-03-03.json,Where is the first positive vertical asymptote of y = tan(2x)?,x = π/4,7,7,no,no,PASS,authored-specific-rationale|authored-specific-rationale,0,PASS,KEEP
trig-graphs-inverses,12,tg-03-03,k2,no,content/courses/trig-graphs-inverses/lessons/tg-03-03.json,What does the 3 do in y = 3 tan x?,Steepens each branch — the graph still has no maximum,53,27,yes,yes,FAIL,authored-specific-rationale|authored-specific-rationale,0,PASS,REMEDIATE
trig-graphs-inverses,12,tg-04-01,k1,no,content/courses/trig-graphs-inverses/lessons/tg-04-01.json,sin(5π/6) = 1/2 too. Why isn't arcsin(1/2) = 5π/6?,"5π/6 is outside the restricted branch [−π/2, π/2] that defines arcsin",69,29,yes,no,FAIL,sign-direction|authored-specific-rationale,0,PASS,REMEDIATE
trig-graphs-inverses,12,tg-04-01,k2,no,content/courses/trig-graphs-inverses/lessons/tg-04-01.json,What is arcsin(−1/2)?,−π/6,4,4,no,no,PASS,sign-direction|authored-specific-rationale,0,PASS,KEEP
trig-graphs-inverses,12,tg-04-01,k3,no,content/courses/trig-graphs-inverses/lessons/tg-04-01.json,What is arcsin(2)?,Undefined — no angle has sine 2,31,10,yes,yes,FAIL,authored-specific-rationale|authored-specific-rationale,0,PASS,REMEDIATE
trig-graphs-inverses,12,tg-04-02,k1,no,content/courses/trig-graphs-inverses/lessons/tg-04-02.json,"Why can't arccos use the branch [−π/2, π/2]?","Cosine peaks at 0, so that interval straddles a turning point and repeats outputs (e.g. cos(±π/3) = 1/2)",104,48,yes,yes,FAIL,sign-direction|sign-direction,0,PASS,REMEDIATE
trig-graphs-inverses,12,tg-04-02,k2,no,content/courses/trig-graphs-inverses/lessons/tg-04-02.json,What is arccos(−1/2)?,2π/3,4,4,no,no,PASS,sign-direction|sign-direction,0,PASS,KEEP
trig-graphs-inverses,12,tg-04-02,ch1,no,content/courses/trig-graphs-inverses/lessons/tg-04-02.json,What happens to arctan(x) as x grows without bound?,It approaches π/2 but never reaches it — a horizontal asymptote,63,26,yes,yes,FAIL,representation-read|authored-specific-rationale,0,PASS,REMEDIATE
trig-graphs-inverses,12,tg-04-03,k2,no,content/courses/trig-graphs-inverses/lessons/tg-04-03.json,"As its input increases from −1 to 1, arccos:",decreases from π to 0,21,21,no,no,PASS,inverse-confusion|authored-specific-rationale,0,PASS,KEEP
trig-graphs-inverses,12,tg-04-03,k3,no,content/courses/trig-graphs-inverses/lessons/tg-04-03.json,Which value can arctan(x) actually output?,"1.5 — it's inside (−π/2, π/2)",29,24,no,yes,FAIL,authored-specific-rationale|authored-specific-rationale,0,PASS,REMEDIATE
trig-graphs-inverses,12,tg-04-03,ch1,no,content/courses/trig-graphs-inverses/lessons/tg-04-03.json,"A graph passes through (0, π/2) and decreases across its whole domain. It is:",arccos,6,6,no,no,PASS,sign-direction|authored-specific-rationale,0,PASS,KEEP
trig-graphs-inverses,12,tg-04-03,rem-tg0403-k,yes,content/courses/trig-graphs-inverses/lessons/tg-04-03.json,"(π/4, 1) lies on tangent's branch. Which point lies on arctan's graph?","(1, π/4)",8,10,no,no,PASS,inverse-confusion|authored-specific-rationale,0,PASS,KEEP
trig-graphs-inverses,12,tg-05-01,k1,no,content/courses/trig-graphs-inverses/lessons/tg-05-01.json,What is arcsin(sin(5π/6))?,π/6,3,4,no,no,PASS,authored-specific-rationale|authored-specific-rationale,0,PASS,KEEP
trig-graphs-inverses,12,tg-05-01,k3,no,content/courses/trig-graphs-inverses/lessons/tg-05-01.json,What is arcsin(sin(3π/4))?,π/4,3,4,no,no,PASS,authored-specific-rationale|sign-direction,0,PASS,KEEP
trig-graphs-inverses,12,tg-05-01,ch1,no,content/courses/trig-graphs-inverses/lessons/tg-05-01.json,What is arcsin(sin(7π/6))?,−π/6,4,4,no,no,PASS,authored-specific-rationale|sign-direction,0,PASS,KEEP
trig-graphs-inverses,12,tg-05-02,k2,no,content/courses/trig-graphs-inverses/lessons/tg-05-02.json,What is cos(arcsin(−3/5))?,+4/5 — branch angles always have cos ≥ 0,40,4,yes,yes,FAIL,sign-direction|authored-specific-rationale,0,PASS,REMEDIATE
trig-graphs-inverses,12,tg-05-03,k1,no,content/courses/trig-graphs-inverses/lessons/tg-05-03.json,"cos x = −1/2 on [0, 2π): arccos gives 2π/3. The full solution set is:",2π/3 and 4π/3,13,13,no,no,PASS,sign-direction|authored-specific-rationale,0,PASS,KEEP
trig-graphs-inverses,12,tg-05-03,k3,no,content/courses/trig-graphs-inverses/lessons/tg-05-03.json,"Solve sin x = −1/2 on [0, 2π):",7π/6 and 11π/6,14,12,no,no,PASS,sign-direction|authored-specific-rationale,0,PASS,KEEP
trig-graphs-inverses,12,tg-05-03,rem-tg0503-k,yes,content/courses/trig-graphs-inverses/lessons/tg-05-03.json,"cos x = 1/2 on [0, 2π): the solutions are π/3 and:",5π/3,4,4,no,no,PASS,sign-direction|authored-specific-rationale,0,PASS,KEEP
trig-identities-equations,12,ti-01-01,k1,no,content/courses/trig-identities-equations/lessons/ti-01-01.json,Which value belongs to the family x = π/6 + 2πk?,π/6 − 2π (k = −1),17,7,no,no,PASS,authored-specific-rationale|authored-specific-rationale,0,PASS,KEEP
trig-identities-equations,12,ti-01-01,k3,no,content/courses/trig-identities-equations/lessons/ti-01-01.json,The GENERAL solution of cos x = 1/2 is:,x = π/3 + 2πk or x = 5π/3 + 2πk,31,18,no,no,PASS,authored-specific-rationale|sign-direction,0,PASS,KEEP
trig-identities-equations,12,ti-01-01,rem-ti0101-k,yes,content/courses/trig-identities-equations/lessons/ti-01-01.json,Is 17π/6 a solution of sin x = 1/2?,Yes — it's 5π/6 + 2π,20,24,no,no,PASS,authored-specific-rationale|authored-specific-rationale,0,PASS,KEEP
trig-identities-equations,12,ti-01-02,k2,no,content/courses/trig-identities-equations/lessons/ti-01-02.json,The general solution of sin x = 0 is best written as:,x = πk (one merged family),26,12,no,no,PASS,authored-specific-rationale|authored-specific-rationale,0,PASS,KEEP
trig-identities-equations,12,ti-01-02,k3,no,content/courses/trig-identities-equations/lessons/ti-01-02.json,Can the two families of sin x = 1/2 (π/6 + 2πk and 5π/6 + 2πk) merge into π/6 + πk?,"No — π/6 + π = 7π/6 has sine −1/2, not 1/2",42,34,no,no,PASS,authored-specific-rationale|sign-direction,0,PASS,KEEP
trig-identities-equations,12,ti-01-02,rem-ti0102-k,yes,content/courses/trig-identities-equations/lessons/ti-01-02.json,The general solution of tan x = 0 is:,x = πk,6,12,no,no,PASS,authored-specific-rationale|authored-specific-rationale,0,PASS,KEEP
trig-identities-equations,12,ti-01-03,k2,no,content/courses/trig-identities-equations/lessons/ti-01-03.json,Solve cos(x − π/3) = 1 in general:,x = π/3 + 2πk,13,12,no,no,PASS,authored-specific-rationale|authored-specific-rationale,0,PASS,KEEP
trig-identities-equations,12,ti-01-03,k3,no,content/courses/trig-identities-equations/lessons/ti-01-03.json,The general solution of tan(3x) = 1 is:,x = π/12 + (π/3)k,17,16,no,no,PASS,authored-specific-rationale|authored-specific-rationale,0,PASS,KEEP
trig-identities-equations,12,ti-01-03,rem-ti0103-k,yes,content/courses/trig-identities-equations/lessons/ti-01-03.json,The general solution of sin(4x) = 0 is:,x = (π/4)k,10,7,no,no,PASS,authored-specific-rationale|authored-specific-rationale,0,PASS,KEEP
trig-identities-equations,12,ti-02-01,k1,no,content/courses/trig-identities-equations/lessons/ti-02-01.json,Which is the reciprocal of sin θ?,csc θ,5,5,no,no,PASS,fraction-denominator|fraction-denominator,0,PASS,KEEP
trig-identities-equations,12,ti-02-01,k3,no,content/courses/trig-identities-equations/lessons/ti-02-01.json,Simplify cos θ · csc θ.,cot θ,5,5,no,no,PASS,fraction-denominator|authored-specific-rationale,0,PASS,KEEP
trig-identities-equations,12,ti-02-02,k2,no,content/courses/trig-identities-equations/lessons/ti-02-02.json,Simplify csc²θ − 1.,cot²θ,5,5,no,no,PASS,authored-specific-rationale|authored-specific-rationale,0,PASS,KEEP
trig-identities-equations,12,ti-02-02,k3,no,content/courses/trig-identities-equations/lessons/ti-02-02.json,Simplify sin²θ + sin²θ·cot²θ.,1,1,5,no,no,PASS,authored-specific-rationale|authored-specific-rationale,0,PASS,KEEP
trig-identities-equations,12,ti-02-02,rem-ti0202-k,yes,content/courses/trig-identities-equations/lessons/ti-02-02.json,Simplify 1 − sin²θ.,cos²θ,5,5,no,no,PASS,authored-specific-rationale|authored-specific-rationale,0,PASS,KEEP
trig-identities-equations,12,ti-02-03,k1,no,content/courses/trig-identities-equations/lessons/ti-02-03.json,"After rewriting, the left side (sin θ/cos θ)·cos θ becomes:",sin θ — the proof is complete,29,11,yes,yes,FAIL,fraction-denominator|inverse-confusion,0,PASS,REMEDIATE
trig-identities-equations,12,ti-02-03,k2,no,content/courses/trig-identities-equations/lessons/ti-02-03.json,Prove (sec²θ − 1)/tan θ = tan θ. The key first move is:,Replace sec²θ − 1 with tan²θ,28,37,no,no,PASS,authored-specific-rationale|authored-specific-rationale,0,PASS,KEEP
trig-identities-equations,12,ti-02-03,rem-ti0203-k,yes,content/courses/trig-identities-equations/lessons/ti-02-03.json,"To prove sec θ · cos θ = 1, rewrite sec θ as:","1/cos θ, then cancel",20,11,no,no,PASS,authored-specific-rationale|authored-specific-rationale,0,PASS,KEEP
trig-identities-equations,12,ti-03-01,rem-ti0301-k,yes,content/courses/trig-identities-equations/lessons/ti-03-01.json,sin 15° = sin(60° − 45°) expands to:,sin60°cos45° − cos60°sin45°,27,27,no,no,PASS,authored-specific-rationale|authored-specific-rationale,0,PASS,KEEP
trig-identities-equations,12,ti-03-02,k2,no,content/courses/trig-identities-equations/lessons/ti-03-02.json,cos 34° equals sin of which angle?,56°,3,4,no,no,PASS,authored-specific-rationale|authored-specific-rationale,0,PASS,KEEP
trig-identities-equations,12,ti-03-02,k3,no,content/courses/trig-identities-equations/lessons/ti-03-02.json,Expanding sin(90° − θ) with the difference formula gives:,"cos θ (since sin90° = 1, cos90° = 0)",36,9,yes,no,FAIL,authored-specific-rationale|inside-vs-derivative,0,PASS,REMEDIATE
trig-identities-equations,12,ti-03-02,rem-ti0302-k,yes,content/courses/trig-identities-equations/lessons/ti-03-02.json,sin 20° equals cos of which angle?,70°,3,4,no,no,PASS,authored-specific-rationale|authored-specific-rationale,0,PASS,KEEP
trig-identities-equations,12,ti-03-03,k2,no,content/courses/trig-identities-equations/lessons/ti-03-03.json,"Using the sum formula, cos(x + π) simplifies to:",−cos x,6,6,no,no,PASS,sign-direction|authored-specific-rationale,0,PASS,KEEP
trig-identities-equations,12,ti-03-03,k3,no,content/courses/trig-identities-equations/lessons/ti-03-03.json,sin 3x cos x − cos 3x sin x compresses to:,sin 2x,6,6,no,no,PASS,sign-direction|authored-specific-rationale,0,PASS,KEEP
trig-identities-equations,12,ti-04-01,k3,no,content/courses/trig-identities-equations/lessons/ti-04-01.json,2 sin 20° cos 20° equals:,sin 40°,7,9,no,no,PASS,authored-specific-rationale|authored-specific-rationale,0,PASS,KEEP
trig-identities-equations,12,ti-04-02,k2,no,content/courses/trig-identities-equations/lessons/ti-04-02.json,Which cos 2θ form makes 1 + cos 2θ collapse most cleanly?,2cos²θ − 1 → gives 1 + 2cos²θ − 1 = 2cos²θ,42,39,no,no,PASS,authored-specific-rationale|authored-specific-rationale,0,PASS,KEEP
trig-identities-equations,12,ti-04-03,k1,no,content/courses/trig-identities-equations/lessons/ti-04-03.json,Simplify sin 2θ / cos θ.,2 sin θ,7,7,no,no,PASS,authored-specific-rationale|authored-specific-rationale,0,PASS,KEEP
trig-identities-equations,12,ti-04-03,k1c,no,content/courses/trig-identities-equations/lessons/ti-04-03.json,sin 2x = sin x becomes 2 sinx cosx = sinx. The correct next step is:,Subtract and factor: sinx(2cosx − 1) = 0,40,45,no,yes,FAIL,operation-swap|inside-vs-derivative,0,PASS,REMEDIATE
trig-identities-equations,12,ti-04-03,rem-ti0403-k,yes,content/courses/trig-identities-equations/lessons/ti-04-03.json,Simplify cos 2θ / (cos θ − sin θ).,cos θ + sin θ,13,13,no,no,PASS,authored-specific-rationale|authored-specific-rationale,0,PASS,KEEP
trig-identities-equations,12,ti-05-02,k2,no,content/courses/trig-identities-equations/lessons/ti-05-02.json,"For 2sin²x + cos x − 1 = 0, the smart substitution is:",sin²x = 1 − cos²x (convert to all cosine),41,32,no,no,PASS,exponent-rule|unit-conversion,0,PASS,KEEP
trig-identities-equations,12,ti-05-02,rem-ti0502-k,yes,content/courses/trig-identities-equations/lessons/ti-05-02.json,"To make 3cos²x − sin x − 1 = 0 all-sine, replace cos²x with:",1 − sin²x,9,9,no,no,PASS,sign-direction|sign-direction,0,PASS,KEEP
trig-identities-equations,12,ti-05-03,k3,no,content/courses/trig-identities-equations/lessons/ti-05-03.json,Match the operation to its danger:,Squaring adds extraneous roots; dividing loses roots,52,41,no,no,PASS,inverse-confusion|place-value,0,PASS,KEEP
trig-identities-equations,12,ti-05-03,rem-ti0503-k,yes,content/courses/trig-identities-equations/lessons/ti-05-03.json,"To solve sin x = tan x safely, you should:",Rewrite tan x = sin x/cos x and factor — don't divide by sin x,62,26,yes,yes,FAIL,operation-swap|unit-conversion,0,PASS,REMEDIATE
two-step-equations,7,tse-01-01,i3,no,content/courses/two-step-equations/lessons/tse-01-01.json,Distribute: -2(x - 6),-2x + 12,8,8,no,no,PASS,sign-direction|sign-direction,0,PASS,KEEP
two-step-equations,7,tse-01-01,rem-tdn-k,yes,content/courses/two-step-equations/lessons/tse-01-01.json,Distribute: -3(x + 2),-3x - 6,7,7,no,no,PASS,authored-specific-rationale|sign-direction,0,PASS,KEEP
two-step-equations,7,tse-01-02,i1,no,content/courses/two-step-equations/lessons/tse-01-02.json,Simplify: -3x + 5x,2x,2,3,no,no,PASS,sign-direction|sign-direction,0,PASS,KEEP
two-step-equations,7,tse-01-02,i2,no,content/courses/two-step-equations/lessons/tse-01-02.json,Simplify: 4n + 3 + 2n,6n + 3,6,2,no,no,PASS,authored-specific-rationale|rate-vs-start,0,PASS,KEEP
two-step-equations,7,tse-01-02,i3,no,content/courses/two-step-equations/lessons/tse-01-02.json,Simplify: 2(x + 3) + 4x,6x + 6,6,6,no,no,PASS,authored-specific-rationale|authored-specific-rationale,0,PASS,KEEP
two-step-equations,7,tse-01-02,rem-tcn-k,yes,content/courses/two-step-equations/lessons/tse-01-02.json,Simplify: -3x + 5x,2x,2,3,no,no,PASS,sign-direction|sign-direction,0,PASS,KEEP
two-step-equations,7,tse-01-02,rem-tcd-k,yes,content/courses/two-step-equations/lessons/tse-01-02.json,Simplify: -2(x + 4) + 3x,x - 8,5,6,no,no,PASS,authored-specific-rationale|authored-specific-rationale,0,PASS,KEEP
two-step-equations,7,tse-01-03,i2,no,content/courses/two-step-equations/lessons/tse-01-03.json,Simplify: -4x + 9x,5x,2,3,no,no,PASS,sign-direction|sign-direction,0,PASS,KEEP
two-step-equations,7,tse-01-03,i3,no,content/courses/two-step-equations/lessons/tse-01-03.json,Distribute: -4(x + 3),-4x - 12,8,8,no,no,PASS,authored-specific-rationale|sign-direction,0,PASS,KEEP
two-step-equations,7,tse-01-03,rem-tsm-k,yes,content/courses/two-step-equations/lessons/tse-01-03.json,Simplify: 3(x + 2) + 4x,7x + 6,6,6,no,no,PASS,authored-specific-rationale|authored-specific-rationale,0,PASS,KEEP
two-step-equations,7,tse-01b-01,k2,no,content/courses/two-step-equations/lessons/tse-01b-01.json,Which is 10x + 15 written in factored form?,5(2x + 3),9,11,no,no,PASS,authored-specific-rationale|authored-specific-rationale|authored-specific-rationale,0,PASS,KEEP
two-step-equations,7,tse-01b-01,ch1,no,content/courses/two-step-equations/lessons/tse-01b-01.json,Factor −6x + 15 completely.,3(−2x + 5),10,11,no,no,PASS,authored-specific-rationale|sign-direction|authored-specific-rationale,0,PASS,KEEP
two-step-equations,7,tse-01b-02,k2,no,content/courses/two-step-equations/lessons/tse-01b-02.json,A total is written as 1.12p. What does that say about p?,p was increased by 12%,22,23,no,no,PASS,authored-specific-rationale|representation-read|authored-specific-rationale,0,PASS,KEEP
two-step-equations,7,tse-01b-02,ch1,no,content/courses/two-step-equations/lessons/tse-01b-02.json,"A price rises 10%, then rises 10% again. By what percent has it risen overall?",21%,3,4,no,no,PASS,authored-specific-rationale|authored-specific-rationale|authored-specific-rationale,0,PASS,KEEP
two-step-equations,7,tse-01b-03,k1,no,content/courses/two-step-equations/lessons/tse-01b-03.json,You want to know how many equal groups of 6 there are. Which form shows it immediately?,6(w + 2),8,7,no,no,PASS,authored-specific-rationale|authored-specific-rationale|authored-specific-rationale,0,PASS,KEEP
two-step-equations,7,tse-01b-03,k3,no,content/courses/two-step-equations/lessons/tse-01b-03.json,Which expression is NOT equivalent to 4(x + 3)?,4x + 3,6,18,no,no,PASS,authored-specific-rationale|authored-specific-rationale|authored-specific-rationale,0,PASS,KEEP
two-step-equations,7,tse-04-01,i2,no,content/courses/two-step-equations/lessons/tse-04-01.json,Solve: 2x + 4 >= 10,x >= 3,6,6,no,no,PASS,sign-direction|authored-specific-rationale,0,PASS,KEEP
two-step-equations,7,tse-04-01,i3,no,content/courses/two-step-equations/lessons/tse-04-01.json,Solve: 5x - 3 <= 12,x <= 3,6,7,no,no,PASS,sign-direction|authored-specific-rationale,0,PASS,KEEP
two-step-equations,7,tse-04-01,rem-tip-k,yes,content/courses/two-step-equations/lessons/tse-04-01.json,Solve: 3x + 2 > 14,x > 4,5,6,no,no,PASS,sign-direction|authored-specific-rationale,0,PASS,KEEP
two-step-equations,7,tse-04-02,i2,no,content/courses/two-step-equations/lessons/tse-04-02.json,Solve: -4x - 3 > 9,x < -3,6,6,no,no,PASS,sign-direction|authored-specific-rationale,0,PASS,KEEP
two-step-equations,7,tse-04-02,i3,no,content/courses/two-step-equations/lessons/tse-04-02.json,Solve: -5x + 1 < 21,x > -4,6,6,no,no,PASS,sign-direction|authored-specific-rationale,0,PASS,KEEP
two-step-equations,7,tse-04-02,rem-tif-k,yes,content/courses/two-step-equations/lessons/tse-04-02.json,Solve: -2x + 5 > -3,x < 4,5,6,no,no,PASS,sign-direction|authored-specific-rationale,0,PASS,KEEP
two-step-equations,7,tse-04-03,i1,no,content/courses/two-step-equations/lessons/tse-04-03.json,Solve: 5x + 20 >= 50,x >= 6,6,7,no,no,PASS,sign-direction|authored-specific-rationale,0,PASS,KEEP
two-step-equations,7,tse-04-03,i2,no,content/courses/two-step-equations/lessons/tse-04-03.json,Solve: 6x - 4 <= 20,x <= 4,6,7,no,no,PASS,sign-direction|authored-specific-rationale,0,PASS,KEEP
two-step-equations,7,tse-04-03,i3,no,content/courses/two-step-equations/lessons/tse-04-03.json,Solve: -3x + 9 < -3,x > 4,5,7,no,no,PASS,sign-direction|authored-specific-rationale,0,PASS,KEEP
two-step-equations,7,tse-04-03,rem-tir-k,yes,content/courses/two-step-equations/lessons/tse-04-03.json,Solve: 5x + 20 >= 50,x >= 6,6,7,no,no,PASS,sign-direction|authored-specific-rationale,0,PASS,KEEP
unlike-fractions-g5,5,g5u-01-01,k1,no,content/courses/unlike-fractions-g5/lessons/g5u-01-01.json,Why can 1/2 + 1/3 not be added by adding the tops and the bottoms?,Because halves and thirds are different-sized pieces,52,38,no,no,PASS,authored-specific-rationale|authored-specific-rationale|authored-specific-rationale,0,PASS,KEEP
unlike-fractions-g5,5,g5u-01-01,k3,no,content/courses/unlike-fractions-g5/lessons/g5u-01-01.json,Why can 1/2 + 1/3 not be added by adding the tops and the bottoms?,Because halves and thirds are different-sized pieces,52,38,no,no,PASS,authored-specific-rationale|authored-specific-rationale|authored-specific-rationale,0,PASS,KEEP
unlike-fractions-g5,5,g5u-01-01,rem-g5u-why-common-k,yes,content/courses/unlike-fractions-g5/lessons/g5u-01-01.json,Why can 1/2 + 1/3 not be added by adding the tops and the bottoms?,Because halves and thirds are different-sized pieces,52,38,no,no,PASS,authored-specific-rationale|authored-specific-rationale|authored-specific-rationale,0,PASS,KEEP
unlike-fractions-g5,5,g5u-01-03,k1,no,content/courses/unlike-fractions-g5/lessons/g5u-01-03.json,"For 1/4 + 1/6, both 24 and 12 are common denominators. Why prefer 12?","It is the least one, so the numbers stay smallest",49,56,no,no,PASS,fraction-denominator|authored-specific-rationale|fraction-denominator,0,PASS,KEEP
unlike-fractions-g5,5,g5u-01-03,k3,no,content/courses/unlike-fractions-g5/lessons/g5u-01-03.json,"For 1/4 + 1/6, both 24 and 12 are common denominators. Why prefer 12?","It is the least one, so the numbers stay smallest",49,56,no,no,PASS,fraction-denominator|authored-specific-rationale|fraction-denominator,0,PASS,KEEP
unlike-fractions-g5,5,g5u-01-03,rem-g5u-lcd-k,yes,content/courses/unlike-fractions-g5/lessons/g5u-01-03.json,"For 1/4 + 1/6, both 24 and 12 are common denominators. Why prefer 12?","It is the least one, so the numbers stay smallest",49,56,no,no,PASS,fraction-denominator|authored-specific-rationale|fraction-denominator,0,PASS,KEEP
unlike-fractions-g5,5,g5u-01-05,k2,no,content/courses/unlike-fractions-g5/lessons/g5u-01-05.json,"When you add 5/12 + 5/12, what happens to the denominator?",It stays 12 because the piece size never changes,48,13,yes,no,FAIL,fraction-denominator|fraction-denominator|fraction-denominator,0,PASS,REMEDIATE
unlike-fractions-g5,5,g5u-02-01,k3,no,content/courses/unlike-fractions-g5/lessons/g5u-02-01.json,"When you add 6/12 + 5/12, what happens to the denominator?",It stays 12 because the piece size never changes,48,13,yes,no,FAIL,fraction-denominator|fraction-denominator|fraction-denominator,0,PASS,REMEDIATE
unlike-fractions-g5,5,g5u-02-04,k1,no,content/courses/unlike-fractions-g5/lessons/g5u-02-04.json,"Subtracting 4 1/8 − 1 5/8, the fraction parts give 1/8 − 5/8. What is the legal move?","Trade one whole from the 4 for 8/8, making it 3 9/8",51,35,no,no,PASS,authored-specific-rationale|authored-specific-rationale|authored-specific-rationale,0,PASS,KEEP
unlike-fractions-g5,5,g5u-02-04,ch1,no,content/courses/unlike-fractions-g5/lessons/g5u-02-04.json,"Subtracting 4 1/8 − 1 5/8, the fraction parts give 1/8 − 5/8. What is the legal move?","Trade one whole from the 4 for 8/8, making it 3 9/8",51,35,no,no,PASS,authored-specific-rationale|authored-specific-rationale|authored-specific-rationale,0,PASS,KEEP
unlike-fractions-g5,5,g5u-02-04,rem-g5u-regroup-k,yes,content/courses/unlike-fractions-g5/lessons/g5u-02-04.json,"Subtracting 4 1/8 − 1 5/8, the fraction parts give 1/8 − 5/8. What is the legal move?","Trade one whole from the 4 for 8/8, making it 3 9/8",51,35,no,no,PASS,authored-specific-rationale|authored-specific-rationale|authored-specific-rationale,0,PASS,KEEP
unlike-fractions-g5,5,g5u-03-01,k1,no,content/courses/unlike-fractions-g5/lessons/g5u-03-01.json,"Estimating 7/8 + 1/12 with benchmarks, which is closest?","About 1, since 7/8 is nearly 1 and 1/12 is nearly 0",51,38,no,no,PASS,authored-specific-rationale|authored-specific-rationale|authored-specific-rationale,0,PASS,KEEP
unlike-fractions-g5,5,g5u-03-01,k2,no,content/courses/unlike-fractions-g5/lessons/g5u-03-01.json,"Order 11/12, 3/12, and 10/12 from least to greatest. Which one is in the MIDDLE?",10/12,5,5,no,no,PASS,authored-specific-rationale|authored-specific-rationale,0,PASS,KEEP
unlike-fractions-g5,5,g5u-03-01,ch1,no,content/courses/unlike-fractions-g5/lessons/g5u-03-01.json,"Estimating 7/8 + 1/12 with benchmarks, which is closest?","About 1, since 7/8 is nearly 1 and 1/12 is nearly 0",51,38,no,no,PASS,authored-specific-rationale|authored-specific-rationale|authored-specific-rationale,0,PASS,KEEP
unlike-fractions-g5,5,g5u-03-01,rem-g5u-benchmark-k,yes,content/courses/unlike-fractions-g5/lessons/g5u-03-01.json,"Estimating 7/8 + 1/12 with benchmarks, which is closest?","About 1, since 7/8 is nearly 1 and 1/12 is nearly 0",51,38,no,no,PASS,authored-specific-rationale|authored-specific-rationale|authored-specific-rationale,0,PASS,KEEP
unlike-fractions-g5,5,g5u-03-02,k1,no,content/courses/unlike-fractions-g5/lessons/g5u-03-02.json,A student computes 1/2 + 1/3 and gets 5/6. Is that reasonable?,Yes because 5/6 is between 1/2 and 1,36,29,no,no,PASS,authored-specific-rationale|authored-specific-rationale|authored-specific-rationale,0,PASS,KEEP
unlike-fractions-g5,5,g5u-03-02,k3,no,content/courses/unlike-fractions-g5/lessons/g5u-03-02.json,A student computes 1/2 + 1/3 and gets 5/6. Is that reasonable?,Yes because 5/6 is between 1/2 and 1,36,29,no,no,PASS,authored-specific-rationale|authored-specific-rationale|authored-specific-rationale,0,PASS,KEEP
unlike-fractions-g5,5,g5u-03-02,ch1,no,content/courses/unlike-fractions-g5/lessons/g5u-03-02.json,"Estimating 7/8 + 1/12 with benchmarks, which is closest?","About 1, since 7/8 is nearly 1 and 1/12 is nearly 0",51,38,no,no,PASS,authored-specific-rationale|authored-specific-rationale|authored-specific-rationale,0,PASS,KEEP
unlike-fractions-g5,5,g5u-03-02,rem-g5u-reasonable-k,yes,content/courses/unlike-fractions-g5/lessons/g5u-03-02.json,A student computes 1/2 + 1/3 and gets 5/6. Is that reasonable?,Yes because 5/6 is between 1/2 and 1,36,29,no,no,PASS,authored-specific-rationale|authored-specific-rationale|authored-specific-rationale,0,PASS,KEEP
unlike-fractions-g5,5,g5u-03-04,k1,no,content/courses/unlike-fractions-g5/lessons/g5u-03-04.json,"""A jug holds 3/4 litre. 1/3 litre is poured out, then 1/6 litre is added."" What is the plan?",Use twelfths then subtract and add,34,40,no,no,PASS,authored-specific-rationale|authored-specific-rationale|fraction-denominator,0,PASS,KEEP
unlike-fractions-g5,5,g5u-03-04,rem-g5u-multistep-k,yes,content/courses/unlike-fractions-g5/lessons/g5u-03-04.json,"""A jug holds 3/4 litre. 1/3 litre is poured out, then 1/6 litre is added."" What is the plan?",Use twelfths then subtract and add,34,40,no,no,PASS,authored-specific-rationale|authored-specific-rationale|fraction-denominator,0,PASS,KEEP
vectors-matrices,12,vec-01-01,k3,no,content/courses/vectors-matrices/lessons/vec-01-01.json,"Which quantity is a VECTOR, not a scalar?",Velocity (50 km/h north),24,18,no,no,PASS,sign-direction|sign-direction,0,PASS,KEEP
vectors-matrices,12,vec-01-02,k1,no,content/courses/vectors-matrices/lessons/vec-01-02.json,"The direction angle of v = ⟨−3, 4⟩ is closest to:",126.87° (Quadrant II),21,7,no,no,PASS,sign-direction|authored-specific-rationale,0,PASS,KEEP
vectors-matrices,12,vec-01-03,k2,no,content/courses/vectors-matrices/lessons/vec-01-03.json,"Which displacement equals the vector from A(0, 0) to B(2, 3)?","From C(5, 5) to D(7, 8)",23,23,no,no,PASS,sign-direction|authored-specific-rationale,0,PASS,KEEP
vectors-matrices,12,vec-01-03,k3,no,content/courses/vectors-matrices/lessons/vec-01-03.json,The displacement from a point to itself is:,"⟨0, 0⟩, the zero vector",23,9,no,no,PASS,authored-specific-rationale|sign-direction,0,PASS,KEEP
vectors-matrices,12,vec-01-03,rem-vec0103-k,yes,content/courses/vectors-matrices/lessons/vec-01-03.json,"The displacement from A(2, 1) to B(5, 5) is:","⟨3, 4⟩",6,8,no,no,PASS,representation-read|authored-specific-rationale,0,PASS,KEEP
vectors-matrices,12,vec-02-01,k2,no,content/courses/vectors-matrices/lessons/vec-02-01.json,"Compute ⟨5, 3⟩ − ⟨2, 1⟩.","⟨3, 2⟩",6,8,no,no,PASS,authored-specific-rationale|authored-specific-rationale,0,PASS,KEEP
vectors-matrices,12,vec-02-01,rem-vec0201-k,yes,content/courses/vectors-matrices/lessons/vec-02-01.json,"Compute ⟨2, 1⟩ + ⟨3, 4⟩.","⟨5, 5⟩",6,6,no,no,PASS,rate-vs-start|authored-specific-rationale,0,PASS,KEEP
vectors-matrices,12,vec-02-02,k2,no,content/courses/vectors-matrices/lessons/vec-02-02.json,"Compute −2⟨1, 3⟩.","⟨−2, −6⟩",8,7,no,no,PASS,sign-direction|authored-specific-rationale,0,PASS,KEEP
vectors-matrices,12,vec-02-02,rem-vec0202-k,yes,content/courses/vectors-matrices/lessons/vec-02-02.json,"Compute 2⟨3, −1⟩.","⟨6, −2⟩",7,7,no,no,PASS,authored-specific-rationale|authored-specific-rationale,0,PASS,KEEP
vectors-matrices,12,vec-02-03,k2,no,content/courses/vectors-matrices/lessons/vec-02-03.json,"What is ⟨3, 4⟩ + ⟨−3, −4⟩?","⟨0, 0⟩ (they cancel)",20,6,no,no,PASS,sign-direction|authored-specific-rationale,0,PASS,KEEP
vectors-matrices,12,vec-02-03,k3,no,content/courses/vectors-matrices/lessons/vec-02-03.json,"A force of magnitude 10 points along the unit vector ⟨0.6, 0.8⟩. The force vector is:","⟨6, 8⟩",6,12,no,no,PASS,unit-conversion|authored-specific-rationale,0,PASS,KEEP
vectors-matrices,12,vec-03-01,k3,no,content/courses/vectors-matrices/lessons/vec-03-01.json,"The dot product ⟨1, 0⟩ · ⟨−2, 5⟩ = −2. This means the angle between them is:",greater than 90° (obtuse),25,13,no,no,PASS,sign-direction|sign-direction,0,PASS,KEEP
vectors-matrices,12,vec-04-01,k1,no,content/courses/vectors-matrices/lessons/vec-04-01.json,"Compute [[1, 2], [3, 4]]·⟨1, 1⟩.","⟨3, 7⟩",6,6,no,no,PASS,representation-read|representation-read,0,PASS,KEEP
vectors-matrices,12,vec-04-01,k2,no,content/courses/vectors-matrices/lessons/vec-04-01.json,"What is the top-left entry of [[1, 2], [3, 4]] + [[5, 6], [7, 8]]?",6,1,1,no,no,PASS,authored-specific-rationale|authored-specific-rationale,0,PASS,KEEP
vectors-matrices,12,vec-04-01,rem-vec0401-k,yes,content/courses/vectors-matrices/lessons/vec-04-01.json,"Compute [[1, 0], [0, 1]]·⟨5, 7⟩.","⟨5, 7⟩",6,6,no,no,PASS,authored-specific-rationale|authored-specific-rationale,0,PASS,KEEP
vectors-matrices,12,vec-04-02,k2,no,content/courses/vectors-matrices/lessons/vec-04-02.json,"Does [[3, 6], [1, 2]] have an inverse?",No — its determinant is 0,25,25,no,yes,FAIL,inverse-confusion|inverse-confusion,0,PASS,REMEDIATE
vectors-matrices,12,vec-04-03,k3,no,content/courses/vectors-matrices/lessons/vec-04-03.json,A system's coefficient matrix has determinant 0. This means:,No unique solution (parallel or identical lines),48,22,yes,no,FAIL,authored-specific-rationale|authored-specific-rationale,0,PASS,REMEDIATE
vectors-matrices,12,vec-05-01,rem-vec0501-k,yes,content/courses/vectors-matrices/lessons/vec-05-01.json,"Apply [[−1, 0], [0, 1]] to ⟨4, 2⟩.","⟨−4, 2⟩",7,8,no,no,PASS,authored-specific-rationale|authored-specific-rationale,0,PASS,KEEP
vectors-matrices,12,vec-05-02,k1,no,content/courses/vectors-matrices/lessons/vec-05-02.json,"Rotate ⟨3, 2⟩ by 90° counterclockwise using [[0, −1], [1, 0]].","⟨−2, 3⟩",7,7,no,no,PASS,authored-specific-rationale|authored-specific-rationale,0,PASS,KEEP
vectors-matrices,12,vec-05-02,k2,no,content/courses/vectors-matrices/lessons/vec-05-02.json,"Rotate ⟨2, 3⟩ by 180° using [[−1, 0], [0, −1]].","⟨−2, −3⟩",8,7,no,no,PASS,representation-read|authored-specific-rationale,0,PASS,KEEP
vectors-matrices,12,vec-05-02,rem-vec0502-k,yes,content/courses/vectors-matrices/lessons/vec-05-02.json,"Rotate ⟨5, 1⟩ by 180°.","⟨−5, −1⟩",8,7,no,no,PASS,authored-specific-rationale|sign-direction,0,PASS,KEEP
vectors-matrices,12,vec-05-03,k3,no,content/courses/vectors-matrices/lessons/vec-05-03.json,"A·B gave a 90° CLOCKWISE rotation. What does the reversed order B·A = [[0, −1], [1, 0]] give?",A 90° counterclockwise rotation (the opposite turn),51,33,yes,no,FAIL,authored-specific-rationale|authored-specific-rationale,0,PASS,REMEDIATE
volume-measurement,5,vm-01-01,k3,no,content/courses/volume-measurement/lessons/vm-01-01.json,250 cm = ? m,2.5 m,5,7,no,yes,FAIL,unit-conversion|unit-conversion,0,PASS,REMEDIATE
volume-measurement,5,vm-01-02,k3,no,content/courses/volume-measurement/lessons/vm-01-02.json,36 in = ? ft,3 ft,4,6,no,no,PASS,unit-conversion|unit-conversion,0,PASS,KEEP
volume-measurement,5,vm-01-03,i2,no,content/courses/volume-measurement/lessons/vm-01-03.json,"To convert yards to inches, which chain works?","yd → ft → in: multiply by 3, then by 12",39,39,no,no,PASS,unit-conversion|unit-conversion,0,PASS,KEEP
volume-measurement,5,vm-02-01,k1,no,content/courses/volume-measurement/lessons/vm-02-01.json,"In the plot (1/4 → XX, 1/2 → XXX, 3/4 → X, 1 → XX), which length is MOST common?",1/2 ft,6,6,no,no,PASS,authored-specific-rationale|authored-specific-rationale,0,PASS,KEEP
volume-measurement,5,vm-02-01,k3,no,content/courses/volume-measurement/lessons/vm-02-01.json,What is the range (longest − shortest) of the ribbon lengths?,3/4 ft,6,6,no,no,PASS,authored-specific-rationale|authored-specific-rationale,0,PASS,KEEP
volume-measurement,5,vm-02-02,rem-lo-k,yes,content/courses/volume-measurement/lessons/vm-02-02.json,"Total length of the plot 1/2 → XX, 1 → X?",2 ft,4,8,no,no,PASS,authored-specific-rationale|authored-specific-rationale,0,PASS,KEEP
volume-measurement,5,vm-03-01,rem-vm-k,yes,content/courses/volume-measurement/lessons/vm-03-01.json,A solid is built from 3 unit cubes. What is its volume?,3 cubic units,13,13,no,no,PASS,unit-conversion|unit-conversion,0,PASS,KEEP
volume-measurement,5,vm-03-02,k2,no,content/courses/volume-measurement/lessons/vm-03-02.json,"A box is 2 cubes long, 2 wide, and 3 tall. What is its volume?",12 cubic units,14,13,no,no,PASS,unit-conversion|unit-conversion,0,PASS,KEEP
volume-measurement,5,vm-03-02,ch1,no,content/courses/volume-measurement/lessons/vm-03-02.json,"A box is 3 cubes long, 3 wide, and 2 tall. What is its volume?",18 cubic units,14,13,no,no,PASS,unit-conversion|unit-conversion,0,PASS,KEEP
volume-measurement,5,vm-04-01,k2,no,content/courses/volume-measurement/lessons/vm-04-01.json,"A box's base area is 10 square units, and the box is 3 layers tall. What is its volume?",30 cubic units,14,14,no,no,PASS,unit-conversion|unit-conversion,0,PASS,KEEP
volume-measurement,5,vm-04-01,ch1,no,content/courses/volume-measurement/lessons/vm-04-01.json,"A box's base is 3 cubes by 3 cubes, and it is 4 layers tall. What is its volume?",36 cubic units,14,14,no,no,PASS,unit-conversion|operation-swap,0,PASS,KEEP
volume-measurement,5,vm-04-02,k2,no,content/courses/volume-measurement/lessons/vm-04-02.json,A box measures 4 cm × 2 cm × 3 cm. What is its volume?,24 cm³,6,5,no,no,PASS,authored-specific-rationale|unit-conversion,0,PASS,KEEP
volume-measurement,5,vm-04-02,ch1,no,content/courses/volume-measurement/lessons/vm-04-02.json,"A toy chest is 5 units long, 5 units wide, and 4 units tall. What is its volume?",100 cubic units,15,14,no,no,PASS,unit-conversion|unit-conversion,0,PASS,KEEP
volume-measurement,5,vm-04-03,k3,no,content/courses/volume-measurement/lessons/vm-04-03.json,A box has base area B and height h. Which formula gives its volume?,V = B × h,9,9,no,no,PASS,unit-conversion|authored-specific-rationale,0,PASS,KEEP
volume-measurement,5,vm-05-01,k2,no,content/courses/volume-measurement/lessons/vm-05-01.json,A solid is made of a box with volume 15 and a box with volume 9. What is its total volume?,24 cubic units,14,15,no,no,PASS,unit-conversion|unit-conversion,0,PASS,KEEP
volume-measurement,5,vm-05-01,ch1,no,content/courses/volume-measurement/lessons/vm-05-01.json,A shelf unit is two boxes: a bottom box 5 × 2 × 2 and a top box 3 × 2 × 1. What is its total volume?,26 cubic units,14,15,no,no,PASS,unit-conversion|unit-conversion,0,PASS,KEEP
volume-measurement,5,vm-05-02,i2,no,content/courses/volume-measurement/lessons/vm-05-02.json,Marco computed the L's volume as 5 × 2 × 4 = 40. What went wrong?,He measured the box the L fits inside — the empty notch isn't part of the solid,79,42,yes,yes,FAIL,authored-specific-rationale|inside-vs-derivative,0,PASS,REMEDIATE
volume-measurement,5,vm-05-02,ch1,no,content/courses/volume-measurement/lessons/vm-05-02.json,An L-shaped solid is a 6 × 2 × 2 slab with a 2 × 2 × 2 block on top of one end. What is its volume?,32 cubic units,14,14,no,no,PASS,unit-conversion|unit-conversion,0,PASS,KEEP
volume-problems-g5,5,g5v-01-01,k1,no,content/courses/volume-problems-g5/lessons/g5v-01-01.json,Why does counting unit cubes measure volume?,Each unit cube fills one unit of space,38,36,no,no,PASS,unit-conversion|authored-specific-rationale|authored-specific-rationale,0,PASS,KEEP
volume-problems-g5,5,g5v-01-01,k3,no,content/courses/volume-problems-g5/lessons/g5v-01-01.json,Why does counting unit cubes measure volume?,Each unit cube fills one unit of space,38,36,no,no,PASS,unit-conversion|authored-specific-rationale|authored-specific-rationale,0,PASS,KEEP
volume-problems-g5,5,g5v-01-01,rem-g5v-count-cubes-k,yes,content/courses/volume-problems-g5/lessons/g5v-01-01.json,Why does counting unit cubes measure volume?,Each unit cube fills one unit of space,38,36,no,no,PASS,unit-conversion|authored-specific-rationale|authored-specific-rationale,0,PASS,KEEP
volume-problems-g5,5,g5v-01-02,k1,no,content/courses/volume-problems-g5/lessons/g5v-01-02.json,A box has a base of 12 cubes and is 4 layers tall. How does the height act?,"It repeats the base 4 times, giving 48 cubes",44,38,no,no,PASS,authored-specific-rationale|authored-specific-rationale|authored-specific-rationale,0,PASS,KEEP
volume-problems-g5,5,g5v-01-02,k3,no,content/courses/volume-problems-g5/lessons/g5v-01-02.json,A box has a base of 12 cubes and is 4 layers tall. How does the height act?,"It repeats the base 4 times, giving 48 cubes",44,38,no,no,PASS,authored-specific-rationale|authored-specific-rationale|authored-specific-rationale,0,PASS,KEEP
volume-problems-g5,5,g5v-01-02,rem-g5v-layers-k,yes,content/courses/volume-problems-g5/lessons/g5v-01-02.json,A box has a base of 12 cubes and is 4 layers tall. How does the height act?,"It repeats the base 4 times, giving 48 cubes",44,38,no,no,PASS,authored-specific-rationale|authored-specific-rationale|authored-specific-rationale,0,PASS,KEEP
volume-problems-g5,5,g5v-02-01,k1,no,content/courses/volume-problems-g5/lessons/g5v-02-01.json,Why does V = l × w × h give the same answer as counting cubes?,Because l × w counts one layer and h repeats it,47,49,no,no,PASS,sign-direction|authored-specific-rationale|authored-specific-rationale,0,PASS,KEEP
volume-problems-g5,5,g5v-02-01,rem-g5v-formula-lwh-k,yes,content/courses/volume-problems-g5/lessons/g5v-02-01.json,Why does V = l × w × h give the same answer as counting cubes?,Because l × w counts one layer and h repeats it,47,49,no,no,PASS,sign-direction|authored-specific-rationale|authored-specific-rationale,0,PASS,KEEP
volume-problems-g5,5,g5v-02-02,k1,no,content/courses/volume-problems-g5/lessons/g5v-02-02.json,What advantage does V = B × h have over V = l × w × h?,It works for prisms of any base shape,37,24,no,no,PASS,authored-specific-rationale|authored-specific-rationale|authored-specific-rationale,0,PASS,KEEP
volume-problems-g5,5,g5v-02-02,k3,no,content/courses/volume-problems-g5/lessons/g5v-02-02.json,What advantage does V = B × h have over V = l × w × h?,It works for prisms of any base shape,37,24,no,no,PASS,authored-specific-rationale|authored-specific-rationale|authored-specific-rationale,0,PASS,KEEP
volume-problems-g5,5,g5v-02-02,rem-g5v-formula-bh-k,yes,content/courses/volume-problems-g5/lessons/g5v-02-02.json,What advantage does V = B × h have over V = l × w × h?,It works for prisms of any base shape,37,24,no,no,PASS,authored-specific-rationale|authored-specific-rationale|authored-specific-rationale,0,PASS,KEEP
volume-problems-g5,5,g5v-03-01,k1,no,content/courses/volume-problems-g5/lessons/g5v-03-01.json,A solid is a 5-by-6 block with a notch of 8 cubes cut out. How do you find its volume?,"Find the full block, then subtract the notch",44,35,no,no,PASS,authored-specific-rationale|authored-specific-rationale|authored-specific-rationale,0,PASS,KEEP
volume-problems-g5,5,g5v-03-01,k3,no,content/courses/volume-problems-g5/lessons/g5v-03-01.json,A solid is a 5-by-6 block with a notch of 8 cubes cut out. How do you find its volume?,"Find the full block, then subtract the notch",44,35,no,no,PASS,authored-specific-rationale|authored-specific-rationale|authored-specific-rationale,0,PASS,KEEP
volume-problems-g5,5,g5v-03-01,rem-g5v-composite-k,yes,content/courses/volume-problems-g5/lessons/g5v-03-01.json,A solid is a 5-by-6 block with a notch of 8 cubes cut out. How do you find its volume?,"Find the full block, then subtract the notch",44,35,no,no,PASS,authored-specific-rationale|authored-specific-rationale|authored-specific-rationale,0,PASS,KEEP
volume-problems-g5,5,g5v-03-02,k1,no,content/courses/volume-problems-g5/lessons/g5v-03-02.json,"""A tank is 4 m by 3 m at the base and 2 m deep."" What is the plan?",Base area then depth,20,24,no,no,PASS,unit-conversion|authored-specific-rationale|authored-specific-rationale,0,PASS,KEEP
volume-problems-g5,5,g5v-03-02,rem-g5v-story-k,yes,content/courses/volume-problems-g5/lessons/g5v-03-02.json,"""A tank is 4 m by 3 m at the base and 2 m deep."" What is the plan?",Base area then depth,20,24,no,no,PASS,unit-conversion|authored-specific-rationale|authored-specific-rationale,0,PASS,KEEP
word-problems-g3,3,g3w-01-01,k1,no,content/courses/word-problems-g3/lessons/g3w-01-01.json,"""A box holds 6 pencils. Mia buys 4 boxes and gives away 5 pencils. How many does she keep?"" What must you find FIRST?",How many pencils are in 4 boxes,31,31,no,no,PASS,authored-specific-rationale|authored-specific-rationale|authored-specific-rationale,0,PASS,KEEP
word-problems-g3,3,g3w-01-01,k3,no,content/courses/word-problems-g3/lessons/g3w-01-01.json,"""A box holds 6 pencils. Mia buys 4 boxes and gives away 5 pencils. How many does she keep?"" What must you find FIRST?",How many pencils are in 4 boxes,31,31,no,no,PASS,authored-specific-rationale|authored-specific-rationale|authored-specific-rationale,0,PASS,KEEP
word-problems-g3,3,g3w-01-01,rem-g3w-hidden-question-k,yes,content/courses/word-problems-g3/lessons/g3w-01-01.json,"""A box holds 6 pencils. Mia buys 4 boxes and gives away 5 pencils. How many does she keep?"" What must you find FIRST?",How many pencils are in 4 boxes,31,31,no,no,PASS,authored-specific-rationale|authored-specific-rationale|authored-specific-rationale,0,PASS,KEEP
word-problems-g3,3,g3w-01-02,k2,no,content/courses/word-problems-g3/lessons/g3w-01-02.json,"""There are 5 tables with 4 chairs each. 3 chairs break. How many chairs work?"" Which equation matches?",(5 × 4) − 3,11,11,no,no,PASS,representation-read|representation-read|authored-specific-rationale,0,PASS,KEEP
word-problems-g3,3,g3w-01-03,k2,no,content/courses/word-problems-g3/lessons/g3w-01-03.json,"""18 apples split evenly into 3 bags, then 2 more apples go in each bag."" Which equation gives one bag's count?",(18 ÷ 3) + 2,12,12,no,no,PASS,authored-specific-rationale|authored-specific-rationale|authored-specific-rationale,0,PASS,KEEP
word-problems-g3,3,g3w-01-04,k2,no,content/courses/word-problems-g3/lessons/g3w-01-04.json,"""18 apples split evenly into 3 bags, then 2 more apples go in each bag."" Which equation gives one bag's count?",(18 ÷ 3) + 2,12,12,no,no,PASS,authored-specific-rationale|authored-specific-rationale|authored-specific-rationale,0,PASS,KEEP
word-problems-g3,3,g3w-02-02,k1,no,content/courses/word-problems-g3/lessons/g3w-02-02.json,"""There are 5 tables with 4 chairs each. 3 chairs break. How many chairs work?"" Which equation matches?",(5 × 4) − 3,11,11,no,no,PASS,representation-read|representation-read|authored-specific-rationale,0,PASS,KEEP
word-problems-g3,3,g3w-02-02,k3,no,content/courses/word-problems-g3/lessons/g3w-02-02.json,"""There are 5 tables with 4 chairs each. 3 chairs break. How many chairs work?"" Which equation matches?",(5 × 4) − 3,11,11,no,no,PASS,representation-read|representation-read|authored-specific-rationale,0,PASS,KEEP
word-problems-g3,3,g3w-02-02,rem-g3w-write-equation-k,yes,content/courses/word-problems-g3/lessons/g3w-02-02.json,"""There are 5 tables with 4 chairs each. 3 chairs break. How many chairs work?"" Which equation matches?",(5 × 4) − 3,11,11,no,no,PASS,representation-read|representation-read|authored-specific-rationale,0,PASS,KEEP
word-problems-g3,3,g3w-02-03,k1,no,content/courses/word-problems-g3/lessons/g3w-02-03.json,"A bar model shows 4 equal parts of 7, with 6 crossed off. What does the model say?",(4 × 7) − 6 = 22,16,16,no,no,PASS,authored-specific-rationale|inside-vs-derivative|authored-specific-rationale,0,PASS,KEEP
word-problems-g3,3,g3w-02-03,k3,no,content/courses/word-problems-g3/lessons/g3w-02-03.json,"A bar model shows 4 equal parts of 7, with 6 crossed off. What does the model say?",(4 × 7) − 6 = 22,16,16,no,no,PASS,authored-specific-rationale|inside-vs-derivative|authored-specific-rationale,0,PASS,KEEP
word-problems-g3,3,g3w-02-03,rem-g3w-bar-model-k,yes,content/courses/word-problems-g3/lessons/g3w-02-03.json,"A bar model shows 4 equal parts of 7, with 6 crossed off. What does the model say?",(4 × 7) − 6 = 22,16,16,no,no,PASS,authored-specific-rationale|inside-vs-derivative|authored-specific-rationale,0,PASS,KEEP
word-problems-g3,3,g3w-02-04,k1,no,content/courses/word-problems-g3/lessons/g3w-02-04.json,"Before computing 7 × 48 − 96, what is the most useful estimate?",About 7 × 50 − 100 = 250,24,38,no,no,PASS,authored-specific-rationale|inside-vs-derivative|authored-specific-rationale,0,PASS,KEEP
word-problems-g3,3,g3w-02-04,k3,no,content/courses/word-problems-g3/lessons/g3w-02-04.json,"Before computing 7 × 48 − 96, what is the most useful estimate?",About 7 × 50 − 100 = 250,24,38,no,no,PASS,authored-specific-rationale|inside-vs-derivative|authored-specific-rationale,0,PASS,KEEP
word-problems-g3,3,g3w-02-04,rem-g3w-estimate-first-k,yes,content/courses/word-problems-g3/lessons/g3w-02-04.json,"Before computing 7 × 48 − 96, what is the most useful estimate?",About 7 × 50 − 100 = 250,24,38,no,no,PASS,authored-specific-rationale|inside-vs-derivative|authored-specific-rationale,0,PASS,KEEP
word-problems-g3,3,g3w-03-01,k1,no,content/courses/word-problems-g3/lessons/g3w-03-01.json,A student computes 6 × 39 + 21 and gets 255. Rounding says about 6 × 40 + 20 = 260. What should they conclude?,255 is reasonable — it sits close to 260,40,43,no,no,PASS,authored-specific-rationale|rate-vs-start|authored-specific-rationale,0,PASS,KEEP
word-problems-g3,3,g3w-03-01,k3,no,content/courses/word-problems-g3/lessons/g3w-03-01.json,A student computes 6 × 39 + 21 and gets 255. Rounding says about 6 × 40 + 20 = 260. What should they conclude?,255 is reasonable — it sits close to 260,40,43,no,no,PASS,authored-specific-rationale|rate-vs-start|authored-specific-rationale,0,PASS,KEEP
word-problems-g3,3,g3w-03-01,rem-g3w-check-round-k,yes,content/courses/word-problems-g3/lessons/g3w-03-01.json,A student computes 6 × 39 + 21 and gets 255. Rounding says about 6 × 40 + 20 = 260. What should they conclude?,255 is reasonable — it sits close to 260,40,43,no,no,PASS,authored-specific-rationale|rate-vs-start|authored-specific-rationale,0,PASS,KEEP
word-problems-g3,3,g3w-03-02,k1,no,content/courses/word-problems-g3/lessons/g3w-03-02.json,"""8 crates hold 9 apples each. 12 apples are eaten."" A student answers 150 apples left. Why is that unreasonable?","8 crates hold only 72 apples, so 150 is impossible",50,34,no,no,PASS,authored-specific-rationale|authored-specific-rationale|authored-specific-rationale,0,PASS,KEEP
word-problems-g3,3,g3w-03-02,k3,no,content/courses/word-problems-g3/lessons/g3w-03-02.json,"""8 crates hold 9 apples each. 12 apples are eaten."" A student answers 150 apples left. Why is that unreasonable?","8 crates hold only 72 apples, so 150 is impossible",50,34,no,no,PASS,authored-specific-rationale|authored-specific-rationale|authored-specific-rationale,0,PASS,KEEP
word-problems-g3,3,g3w-03-02,ch1,no,content/courses/word-problems-g3/lessons/g3w-03-02.json,"Before computing 7 × 48 − 96, what is the most useful estimate?",About 7 × 50 − 100 = 250,24,38,no,no,PASS,authored-specific-rationale|inside-vs-derivative|authored-specific-rationale,0,PASS,KEEP
word-problems-g3,3,g3w-03-02,rem-g3w-unreasonable-k,yes,content/courses/word-problems-g3/lessons/g3w-03-02.json,"""8 crates hold 9 apples each. 12 apples are eaten."" A student answers 150 apples left. Why is that unreasonable?","8 crates hold only 72 apples, so 150 is impossible",50,34,no,no,PASS,authored-specific-rationale|authored-specific-rationale|authored-specific-rationale,0,PASS,KEEP
word-problems-g3,3,g3w-03-03,k1,no,content/courses/word-problems-g3/lessons/g3w-03-03.json,"""Sam has 3 red bags and 4 blue bags. Each blue bag holds 6 marbles. How many marbles are in the blue bags?"" Which number is NOT needed?",The 3 red bags,14,28,no,no,PASS,inside-vs-derivative|authored-specific-rationale|place-value,0,PASS,KEEP
word-problems-g3,3,g3w-03-03,k3,no,content/courses/word-problems-g3/lessons/g3w-03-03.json,"""Sam has 3 red bags and 4 blue bags. Each blue bag holds 6 marbles. How many marbles are in the blue bags?"" Which number is NOT needed?",The 3 red bags,14,28,no,no,PASS,inside-vs-derivative|authored-specific-rationale|place-value,0,PASS,KEEP
word-problems-g3,3,g3w-03-03,rem-g3w-extra-info-k,yes,content/courses/word-problems-g3/lessons/g3w-03-03.json,"""Sam has 3 red bags and 4 blue bags. Each blue bag holds 6 marbles. How many marbles are in the blue bags?"" Which number is NOT needed?",The 3 red bags,14,28,no,no,PASS,inside-vs-derivative|authored-specific-rationale|place-value,0,PASS,KEEP
word-problems-g3,3,g3w-03-04,k1,no,content/courses/word-problems-g3/lessons/g3w-03-04.json,You want to write a two-step problem answered by (5 × 6) + 4. Which story fits?,"5 baskets hold 6 eggs each, then 4 more eggs are added",54,63,no,no,PASS,authored-specific-rationale|authored-specific-rationale|authored-specific-rationale,0,PASS,KEEP
word-problems-g3,3,g3w-03-04,k2,no,content/courses/word-problems-g3/lessons/g3w-03-04.json,"""There are 5 tables with 4 chairs each. 3 chairs break. How many chairs work?"" Which equation matches?",(5 × 4) − 3,11,11,no,no,PASS,representation-read|representation-read|authored-specific-rationale,0,PASS,KEEP
word-problems-g3,3,g3w-03-04,k3,no,content/courses/word-problems-g3/lessons/g3w-03-04.json,You want to write a two-step problem answered by (5 × 6) + 4. Which story fits?,"5 baskets hold 6 eggs each, then 4 more eggs are added",54,63,no,no,PASS,authored-specific-rationale|authored-specific-rationale|authored-specific-rationale,0,PASS,KEEP
word-problems-g3,3,g3w-03-04,rem-g3w-author-k,yes,content/courses/word-problems-g3/lessons/g3w-03-04.json,You want to write a two-step problem answered by (5 × 6) + 4. Which story fits?,"5 baskets hold 6 eggs each, then 4 more eggs are added",54,63,no,no,PASS,authored-specific-rationale|authored-specific-rationale|authored-specific-rationale,0,PASS,KEEP
