course_id,grade,lesson_id,step_id,source,widget_type_context_only,predict_prompt,predict_options,outcome_id,outcome_label,predict_reveal,old_decision,old_reason,counterintuitive_consequence,common_misconception,invariant,estimate,causal_contrast,proposed_verdict,adjudicator_notes
absolute-value-piecewise,9,avp-01-01,i1,content/courses/absolute-value-piecewise/lessons/avp-01-01.json,numberLinePlace,The marker will sit at −6. What will the two readouts say?,"both-neg=""Both −6 — position and distance agree"" | split=""Position −6, distance 6"" | both-pos=""Both 6 — absolute value rewrites the position""",split,"Position −6, distance 6","Position and distance are different questions about the same marker. Where is it? −6. How far from 0? 6. Absolute value answers only the second, which is why it never rewrites where the number actually lives.",KEEP,"Prediction precedes a direct causal model, retains the learner choice, and explains the observed outcome.",,,,,,,
absolute-value-piecewise,9,avp-01-02,i1,content/courses/absolute-value-piecewise/lessons/avp-01-02.json,plotPoint,y = |x| at x = −2 — where does the point land?,"down=""Two BELOW the axis — negative input, negative height"" | up=""Two ABOVE the axis"" | zero=""On the axis — the negative cancels""",up,Two ABOVE the axis,"Heights on this graph are distances, and distances are never negative. That single fact forces the left half upward and makes the V — the graph can touch the x-axis but can never dip below it.",KEEP,"Prediction precedes a direct causal model, retains the learner choice, and explains the observed outcome.",,,,,,,
absolute-value-piecewise,9,avp-01-03,i1,content/courses/absolute-value-piecewise/lessons/avp-01-03.json,plotPoint,y = |x − 2| − 3. Which way does the −2 INSIDE the bars move the V?,"left=""Left 2 — a minus means left"" | right=""Right 2"" | down=""Down 2 — it lowers the graph""",right,Right 2,"The vertex tracks whatever makes the inside zero, and x − 2 = 0 at x = +2. Inside-the-bars shifts run opposite to the sign you read, which is exactly why this one catches so many people.",KEEP,"Prediction precedes a direct causal model, retains the learner choice, and explains the observed outcome.",,,,,,,
absolute-value-piecewise,9,avp-02-01,i1,content/courses/absolute-value-piecewise/lessons/avp-02-01.json,numberLinePlace,How many solutions does |x| = 5 have?,"one=""One — x = 5"" | two=""Two"" | none=""None — the bars make it unsolvable""",two,Two,"Every positive distance is achieved twice, once on each side of zero. The equation is really asking a geometry question, and geometry answers it with a pair.",KEEP,"Prediction precedes a direct causal model, retains the learner choice, and explains the observed outcome.",,,,,,,
absolute-value-piecewise,9,avp-02-02,i1,content/courses/absolute-value-piecewise/lessons/avp-02-02.json,numberLinePlace,How many solutions does |x + 2| = −4 have?,"two=""Two — as usual"" | one=""One"" | none=""None""",none,None,"A distance is never negative, so nothing can be −4 units from anywhere. Notice this can be settled without a single algebraic step — the geometry rules it out before the work starts.",KEEP,"Prediction precedes a direct causal model, retains the learner choice, and explains the observed outcome.",,,,,,,
absolute-value-piecewise,9,avp-02-03,i1,content/courses/absolute-value-piecewise/lessons/avp-02-03.json,numberLinePlace,What does the solution of |x| > 4 look like on the number line?,"band=""One band around zero"" | rays=""Two rays heading in opposite directions"" | point=""A single point""",rays,Two rays heading in opposite directions,"“Farther than four units out” can be satisfied by going left or by going right, and those two escapes never touch. The band belongs to <, the pair of rays to > — and using one sandwich for both is the classic error.",KEEP,"Prediction precedes a direct causal model, retains the learner choice, and explains the observed outcome.",,,,,,,
absolute-value-piecewise,9,avp-03-01,i1,content/courses/absolute-value-piecewise/lessons/avp-03-01.json,functionMachine,A piecewise rule has two formulas. How many outputs does ONE input receive?,"one=""Exactly one"" | two=""Two — one per formula"" | depends=""Two, unless the formulas happen to agree""",one,Exactly one,"The conditions partition the inputs: each x satisfies exactly one of them, so exactly one formula ever applies. If both could fire at the same x, the rule would not be a function at all — which is why the conditions must never overlap.",KEEP,"Prediction precedes a direct causal model, retains the learner choice, and explains the observed outcome.",,,,,,,
absolute-value-piecewise,9,avp-03-02,i1,content/courses/absolute-value-piecewise/lessons/avp-03-02.json,plotPoint,"At the boundary x = 1, which branch decides the graph's actual point?","first=""The first one listed"" | owner=""The one whose condition includes x = 1"" | both=""Both — the graph has two points there""",owner,The one whose condition includes x = 1,"Ownership is written into the inequality signs, not the ordering of the lines on the page. Here x ≥ 1 includes the boundary and x < 1 does not, so the second branch supplies the point — and the graph shows a filled dot there and an open circle where the first branch stopped short.",KEEP,"Prediction precedes a direct causal model, retains the learner choice, and explains the observed outcome.",,,,,,,
absolute-value-piecewise,9,avp-03-03,i1,content/courses/absolute-value-piecewise/lessons/avp-03-03.json,numberLinePlace,A 2.3-ounce letter under that rule is charged for how many ounces?,"two=""2 — round to the nearest"" | three=""3"" | twoish=""2.3 — charged exactly""",three,3,"Step functions round in whichever direction their rule states, and ‘each additional started ounce’ rounds up. This is why the graph is flat between whole ounces and jumps exactly at them — the price cannot notice 2.3 as different from 2.9.",KEEP,"Prediction precedes a direct causal model, retains the learner choice, and explains the observed outcome.",,,,,,,
add-subtract-10-k,0,koa-01-01,i1,content/courses/add-subtract-10-k/lessons/koa-01-01.json,tenFrame,One group has 3 blocks. Another has 2. What happens when you put them together?,"more=""There will be more than 3"" | same=""There will still be 3"" | fewer=""There will be fewer than 3""",more,There will be more than 3,"Putting groups together always makes MORE, because the second group's objects join the first.",KEEP,"Prediction precedes a direct causal model, retains the learner choice, and explains the observed outcome.",no,no,no,no,no,REWRITE,"[RE-ADJUDICATED under rubric v1.1's correctness check, supersedes prior KEEP] Invariant withdrawn. The reveal 'Putting groups together always makes MORE, because the second group's objects join the first' still passes 4.3's FIRST litmus test -- explicit 'always', a stated mechanism, and no instance answer anywhere (5 appears nowhere in it) -- but v1.1's second litmus test asks whether the universal is actually TRUE across its natural domain, and it is not: put a group of 3 together with a group of 0 and the count does not go up. Zero is inside K's own number world, not a manufactured counterexample -- koa-03-09 in this same course asks 'What is 6 + 0?' and reveals 'the group is untouched and the count stays 6', and its distractor '7 -- it grows by one' is this reveal's over-generalisation in learner form. A universal that fails the check is not admissible invariant evidence, so the gate was re-tested against the other four categories and none applies: 'There will be more than 3' is the obviously expected outcome, which is 4.1's own disqualifier, and the reveal names no overturned intuition; there is no uncertainty language, so not 4.4; more/same/fewer are three directions of one count rather than competing mechanisms, which 4.5 excludes outright ('will the number be A or B'), and no wrong path is worked out. common_misconception stays no on the reason recorded before: 'There will still be 3' is a real first-addend fixation, but 'because the second group's objects join the first' is what states the correct mechanism and would read word-for-word the same to a learner who picked correctly -- 5.2's floor, applied here exactly as it was to koa-03-08. REWRITE and not REMOVE: the failure is scope, not substance -- the pedagogical point holds for the two non-empty groups this gate actually shows (3 and 2) -- and the repair is one clause in the reveal alone, which is 3's own REWRITE bar. GAP (named, per 3): add the scoping clause, 'putting together two groups that each have something in them always makes MORE', or drop 'always' for a claim about this pair. That edit also stops koa-01-01 planting the over-generalisation koa-03-09 has to undo; the CONTENT CONFLICT the prior KEEP could only flag for an author is now carried by the verdict itself."
add-subtract-10-k,0,koa-01-02,i1,content/courses/add-subtract-10-k/lessons/koa-01-02.json,tenFrame,You hold up 4 fingers on one hand and 2 on the other. How many are up?,"six=""6 — count both hands"" | four=""4 — the bigger hand"" | two=""2 — the smaller hand""",six,6 — count both hands,Both hands count. Starting from one and counting every raised finger gives 6.,KEEP,"Prediction precedes a direct causal model, retains the learner choice, and explains the observed outcome.",no,no,no,no,no,REWRITE,"[PROPOSED] Compute-this-instance ask ('How many are up?') answered by a reveal that gives the procedure and the number: 'Both hands count. Starting from one and counting every raised finger gives 6.' No universal, no second case, no hypothetical -- fails 4.3's litmus. Real raw material, though: '4 -- the bigger hand' and '2 -- the smaller hand' are specific subset-instead-of-union errors (reporting one addend as the total), not arbitrary wrong numbers. 'Both hands count' asserts the correct scope but never says why the bigger hand was tempting or what it actually counts, so 5.2's differentiation floor is missed by a small margin. Gap: one clause engaging the subset error, e.g. '4 is what you would have if the other hand were empty'. HARD CALL -- adjudicated together with koa-01-03, which is the same gate shape; a reviewer who credits one should credit both."
add-subtract-10-k,0,koa-01-03,i1,content/courses/add-subtract-10-k/lessons/koa-01-03.json,tenFrame,"You draw 2 circles, then draw 4 more. How many circles are on the page?","six=""6 — all of them"" | four=""4 — the new ones"" | two=""2 — the first ones""",six,6 — all of them,"Every circle on the page counts, whether you drew it first or second: 6 in all.",KEEP,"Prediction precedes a direct causal model, retains the learner choice, and explains the observed outcome.",no,no,no,no,no,REWRITE,"[PROPOSED] Same gate shape as koa-01-02 (two subsets; distractors are each subset alone) and adjudicated identically for consistency. 'Every circle on the page counts, whether you drew it first or second: 6 in all' does name the exact dimension the distractors exploit -- '4 -- the new ones' / '2 -- the first ones' against 'whether you drew it first or second' -- which is more targeted than koa-01-02's bare 'Both hands count'. But it still asserts membership rather than explaining the error, so 5.2 leaves it weak evidence for common_misconception. HARD CALL: this row and koa-01-02 sit on the KEEP/REWRITE line, and I moved them together rather than split them on a three-word difference. Gap: say what the wrong pick actually counted, e.g. 'picking 4 counts only what you added and forgets the 2 already on the page'."
add-subtract-10-k,0,koa-01-04,i1,content/courses/add-subtract-10-k/lessons/koa-01-04.json,numberLineHop,3 children are playing. 2 more join. Which way does the count move?,"up=""Up — the group grows"" | down=""Down — the group shrinks"" | still=""It stays at 3""",up,Up — the group grows,"Children joining makes the group bigger, so the count moves up the number line.",KEEP,"Prediction precedes a direct causal model, retains the learner choice, and explains the observed outcome.",no,no,no,no,no,REWRITE,"[PROPOSED] The reveal restates the prompt's own wording: the prompt says '2 more join', the reveal says 'Children joining makes the group bigger, so the count moves up the number line.' The prediction is answerable from the word 'join' with no mathematics done, and the reveal adds nothing the prompt did not already carry -- no universal, no second case, no hypothetical, and unlike koa-02-01/koa-02-03/koa-03-04 it does not even land the resulting number. Distractor 'It stays at 3' is a real change-blind error, unengaged. NOT causal contrast: up/down/still are directions, and 4.5 explicitly excludes 'will the number be A or B' from that category; no wrong mechanism is worked out. Gap: an explicit general claim in koa-01-01's form, or a worked wrong path ('if the 2 had gone home instead, the count would slide the other way'). FIRST OF FIVE -- koa-01-04, koa-02-01, koa-02-03, koa-03-02 and koa-03-04 are one authored template with the noun and numbers swapped."
add-subtract-10-k,0,koa-01-05,i1,content/courses/add-subtract-10-k/lessons/koa-01-05.json,tenFrame,Birds are ARRIVING on a branch. Which sign will the sentence use?,"plus=""Plus — more are coming"" | minus=""Minus — some are leaving"" | none=""No sign is needed""",plus,Plus — more are coming,"Arriving means the group grows, and growth is written with a plus sign.",KEEP,"Prediction precedes a direct causal model, retains the learner choice, and explains the observed outcome.",no,no,no,no,no,REWRITE,"[PROPOSED] HARD CALL, went both ways before landing. In its favour: the gate carries no numbers at all, so it cannot be 'single instance, relabeled', and the answer is not readable off the prompt the way koa-01-04's is -- a learner must already hold the plus convention. Against, decisively: 'Arriving means the group grows, and growth is written with a plus sign' is structurally the pilot's canonical REWRITE sentence. It is 'that is what + means', the same shape as mult-01-01's 'Groups-of is what the x sign means', which 4.3 names outright as defining a term rather than demonstrating an invariant. Closest category is causal contrast -- plus and minus are two genuinely different rules -- but 4.5 requires the losing mechanism's consequence worked out, and the reveal never mentions minus at all. Gap, small and specific: add the counterfactual, 'if the birds were flying off the group would shrink, and that is when you write minus'. Matched pair with koa-02-04; treat the two together."
add-subtract-10-k,0,koa-02-01,i1,content/courses/add-subtract-10-k/lessons/koa-02-01.json,numberLineHop,There are 7 cookies and you eat 3. Which way does the count move?,"down=""Down — cookies are gone"" | up=""Up — more cookies"" | still=""It stays at 7""",down,Down — cookies are gone,"Eating removes cookies, so the count moves DOWN the number line, from 7 to 4.",KEEP,"Prediction precedes a direct causal model, retains the learner choice, and explains the observed outcome.",no,no,no,no,no,REWRITE,"[PROPOSED] Subtraction mirror of the koa-01-04 template (second of five). 'Eating removes cookies, so the count moves DOWN the number line, from 7 to 4' restates the prompt's own action ('you eat 3') and then computes the single instance -- 4.3's litmus asks for the opposite, a relationship surviving change rather than one case worked. Distractor 'It stays at 7' is a real change-blind error and the reveal does not touch it. Gap: same as koa-01-04 -- one general claim, or one worked wrong path."
add-subtract-10-k,0,koa-02-02,i1,content/courses/add-subtract-10-k/lessons/koa-02-02.json,numberLineHop,You draw 8 circles and cross out 3. How many are NOT crossed out?,"five=""5 — the plain ones"" | three=""3 — the crossed ones"" | eight=""8 — all of them""",five,5 — the plain ones,The crossed circles have left the group. Counting only the plain ones gives 5.,KEEP,"Prediction precedes a direct causal model, retains the learner choice, and explains the observed outcome.",no,no,no,no,no,REWRITE,"[PROPOSED] Compute-this-instance ask with genuinely good raw material: '3 -- the crossed ones' is the classic negation trap (answering 'how many were taken' when the prompt asks 'how many are NOT crossed out'), and '8 -- all of them' is change-blindness. Both are specific and nameable. But 'The crossed circles have left the group. Counting only the plain ones gives 5' is a straight statement of the correct path -- every clause is needed to explain why you subtract, none of it exists to rule out a wrong pick, so it reads word-for-word the same to a learner who answered correctly, which is 5.2's test. Gap: name the negation trap outright, e.g. '3 counts the ones that LEFT; the question asks for the ones still there'. That is a reveal-only fix, which is why this is REWRITE and not REMOVE."
add-subtract-10-k,0,koa-02-03,i1,content/courses/add-subtract-10-k/lessons/koa-02-03.json,numberLineHop,6 children are playing and 2 go home. What happens to the playing group?,"smaller=""It gets smaller"" | bigger=""It gets bigger"" | same=""It stays the same""",smaller,It gets smaller,Children leaving makes the playing group smaller: 6 drops to 4.,KEEP,"Prediction precedes a direct causal model, retains the learner choice, and explains the observed outcome.",no,no,no,no,no,REWRITE,"[PROPOSED] Third instance of the koa-01-04 template. 'Children leaving makes the playing group smaller: 6 drops to 4' restates the prompt's action and computes one case; no universal, no hypothetical, no second instance. Distractor 'It stays the same' is a real change-blind error, unengaged. Gap: same template fix as koa-01-04 and koa-02-01."
add-subtract-10-k,0,koa-02-04,i1,content/courses/add-subtract-10-k/lessons/koa-02-04.json,numberLineHop,Frogs are HOPPING AWAY from a log. Which sign will the sentence use?,"minus=""Minus — some are leaving"" | plus=""Plus — more are coming"" | none=""No sign is needed""",minus,Minus — some are leaving,"Leaving makes the group smaller, and shrinking is written with a minus sign.",KEEP,"Prediction precedes a direct causal model, retains the learner choice, and explains the observed outcome.",no,no,no,no,no,REWRITE,"[PROPOSED] Exact mirror of koa-01-05, adjudicated identically. 'Leaving makes the group smaller, and shrinking is written with a minus sign' is the symbol's definition, not a demonstrated invariant -- 4.3's 'defined a term' failure mode. Closest category is causal contrast, since 'Plus -- more are coming' is a genuinely different rule rather than an arbitrary wrong number, but the reveal never works out the plus path, which 4.5 requires. Gap: 'if the frogs were hopping ONTO the log the group would grow, and that is a plus'. Matched pair with koa-01-05."
add-subtract-10-k,0,koa-02-05,i1,content/courses/add-subtract-10-k/lessons/koa-02-05.json,numberLineHop,You hold 10 balloons and 4 float away. Will you have more or fewer than 10?,"fewer=""Fewer than 10"" | more=""More than 10"" | ten=""Still exactly 10""",fewer,Fewer than 10,"Each balloon that floats away is one fewer held, so 10 drops to 6.",KEEP,"Prediction precedes a direct causal model, retains the learner choice, and explains the observed outcome.",no,no,yes,no,no,KEEP,"[PROPOSED] THINNEST KEEP IN THE BATCH -- the row I would most want a second reader on, and the one whose flip costs least. Credited on 4.3's universal-quantifier route: 'Each balloon that floats away is one fewer held' quantifies the RATE of change (one departure, one decrement), not merely its direction, and the quantifier ranges over balloons generally before 'so 10 drops to 6' applies it to the instance -- rule first, instance second. The falsifier sits in this same batch: koa-03-02 has the same relational prompt shape ('Will the basket hold more or fewer?') and the same instance-computing tail, but its reveal says only 'Taking apples out leaves fewer in the basket' -- direction with no rate. If a reviewer judges 'each ... is one fewer' to be nothing more than the definition of removal, this row collapses onto koa-03-02 and becomes REWRITE. Distractor 'Still exactly 10' is a real change-blind error, engaged only implicitly."
add-subtract-10-k,0,koa-03-01,i1,content/courses/add-subtract-10-k/lessons/koa-03-01.json,tenFrame,A basket holds 4 apples and someone puts in 3 more. What is missing from the story?,"total=""The new total"" | start=""How many it held first"" | added=""How many were added""",total,The new total,The story tells you both the start (4) and what was added (3). The TOTAL is what must be worked out.,KEEP,"Prediction precedes a direct causal model, retains the learner choice, and explains the observed outcome.",no,yes,no,no,no,KEEP,"[PROPOSED] Common misconception, cleanly earned: 'How many it held first' and 'How many were added' are real slot-confusion errors, and the reveal refutes both using their own values -- 'The story tells you both the start (4) and what was added (3)' is not needed to say the total is missing, so it exists precisely to rule those two picks out, and it gives the reason they fail rather than asserting the right slot. PRECEDENT SPLIT, deliberate: this is the K analogue of the pilot's mult-04-02, but it lands KEEP on a different category. mult-04-02 was kept on its explicit universal ('Division stories always leave exactly one slot empty'); koa-03-01 has no such sentence -- it names the empty slot in this one story and stops -- so invariant is marked no here. Adding one clause ('put-together stories always leave exactly one number to work out') would make it multi-category."
add-subtract-10-k,0,koa-03-02,i1,content/courses/add-subtract-10-k/lessons/koa-03-02.json,numberLineHop,A basket holds 8 apples and 3 are taken out. Will the basket hold more or fewer?,"fewer=""Fewer than 8"" | more=""More than 8"" | eight=""Still 8""",fewer,Fewer than 8,Taking apples out leaves fewer in the basket: 8 drops to 5.,KEEP,"Prediction precedes a direct causal model, retains the learner choice, and explains the observed outcome.",no,no,no,no,no,REWRITE,"[PROPOSED] Fourth instance of the koa-01-04 template, and the direct control for koa-02-05's KEEP. Same relational prompt shape as koa-02-05 ('Will the basket hold more or fewer?'), but the reveal is 'Taking apples out leaves fewer in the basket: 8 drops to 5' -- direction of change plus the computed instance, with none of koa-02-05's per-object rate claim. No universal, no second case, no hypothetical. Distractor 'Still 8' unengaged. Gap: the smallest possible fix is koa-02-05's own sentence -- say that each apple removed is one fewer in the basket."
add-subtract-10-k,0,koa-03-03,i1,content/courses/add-subtract-10-k/lessons/koa-03-03.json,tenFrame,A bowl has 3 red grapes and 4 green grapes. Did anything join or leave the bowl?,"neither=""Neither — both parts were already there"" | joined=""Grapes joined"" | left=""Grapes left""",neither,Neither — both parts were already there,"Put-together stories have no action: the two parts already sit in one bowl, and counting them names the whole.",KEEP,"Prediction precedes a direct causal model, retains the learner choice, and explains the observed outcome.",yes,yes,yes,no,no,KEEP,"[PROPOSED] STRONGEST GATE IN THE BATCH and the only multi-category one. Counterintuitive consequence: nine earlier gates in this course train the learner that every story has an action -- joining, arriving, leaving, eating, floating away, taking out -- and this one's correct answer is that nothing happened. The reveal names the overturned expectation directly: 'Put-together stories have no action', a phrase that only means anything as a contrast with the action stories the learner has been drilled on. Common misconception: 'Grapes joined' is the specific, well-documented reading of a part-part-whole situation as an add-to (a plus is present, so an event is assumed), and 'the two parts already sit in one bowl' refutes it with the reason -- both were there, nothing arrived. Invariant, weakest of the three and not load-bearing: 'Put-together stories have no action ... counting them names the whole' is a structural claim about a category of stories (4.3's third admissible form), stated generically with no numbers in it."
add-subtract-10-k,0,koa-03-04,i1,content/courses/add-subtract-10-k/lessons/koa-03-04.json,numberLineHop,5 ducks swim in a pond and 2 more swim over. Which way does the count move?,"up=""Up — ducks arrived"" | down=""Down — ducks left"" | still=""It stays at 5""",up,Up — ducks arrived,"Arriving means MORE ducks, so the count moves up from 5 to 7.",KEEP,"Prediction precedes a direct causal model, retains the learner choice, and explains the observed outcome.",no,no,no,no,no,REWRITE,"[PROPOSED] Fifth and last instance of the koa-01-04 template, and a near-duplicate of koa-01-04 itself: same three option shapes, same reveal shape, only the noun and the numbers differ ('5 ducks ... 2 more swim over' against '3 children ... 2 more join'). 'Arriving means MORE ducks, so the count moves up from 5 to 7' restates the prompt and computes one case. Distractor 'It stays at 5' unengaged. Gap: same template fix. Worth noting for triage -- because these five rows share one template, the REWRITE work is one authoring decision applied five times, not five separate judgements."
add-subtract-10-k,0,koa-03-05,i1,content/courses/add-subtract-10-k/lessons/koa-03-05.json,numberLineHop,"""5 cats sit on a wall. 2 jump down."" What must the drawing show?","both=""Both the 5 cats and the 2 leaving"" | start=""Only the 5 cats"" | change=""Only the 2 that jumped""",both,Both the 5 cats and the 2 leaving,"A story drawing needs the starting group AND the change, or it cannot show what happened.",KEEP,"Prediction precedes a direct causal model, retains the learner choice, and explains the observed outcome.",no,yes,yes,no,no,KEEP,"[PROPOSED] Invariant: 'A story drawing needs the starting group AND the change, or it cannot show what happened' carries no numbers and no cats -- it is a requirement claim about every story drawing (4.3's structural-claim-about-a-category form), and the 'or it cannot' clause makes it a small argument rather than a definition. Common misconception: 'Only the 5 cats' and 'Only the 2 that jumped' are real start-only and change-only representation errors, and the AND together with the consequence clause refutes both at once, with a reason. Flagged mildly as modelling/representation rather than numerical reasoning -- the same flavour the pilot flagged on mult-04-02 -- but the generality is genuine and the distractors are real, so it clears the bar on the text."
add-subtract-10-k,0,koa-03-06,i1,content/courses/add-subtract-10-k/lessons/koa-03-06.json,tenFrame,You will practise sums like 2 + 3 until they come back on their own. What changes with practice?,"faster=""You stop needing to count"" | bigger=""The answers get bigger"" | harder=""The sums get harder""",faster,You stop needing to count,Practice does not change the answers — it changes how you get them: recall instead of counting.,KEEP,"Prediction precedes a direct causal model, retains the learner choice, and explains the observed outcome.",no,no,no,no,no,REMOVE,"[PROPOSED] REMOVE, and the reason is not weakness -- this is not a mathematical prediction at all. The prompt asks what changes about the LEARNER ('What changes with practice?') and the reveal answers with a claim about memory: 'Practice does not change the answers -- it changes how you get them: recall instead of counting.' Each category tested against that text: there is no mathematically correct outcome for an intuition to conflict with; 'The answers get bigger' and 'The sums get harder' encode no identifiable mathematical reasoning, which is 4.2's own generic/arbitrary disqualifier; 'Practice does not change the answers' is an epistemic remark, not a relationship holding across variation; there is no uncertainty language anywhere; and recall-versus-counting is never posed as two candidate mechanisms the learner chooses between -- those are not the options. Not salvageable by rewriting the reveal, which is 3's REMOVE bar: the PROMPT asks a non-mathematical question, so fixing it means authoring a new gate. Recommend demoting rather than deleting -- the sentence is reasonable lesson prose, it just should not be charging an interruption as a predict gate."
add-subtract-10-k,0,koa-03-07,i1,content/courses/add-subtract-10-k/lessons/koa-03-07.json,numberLineHop,You know 2 + 3 = 5. What is 5 − 3?,"two=""2 — the other part"" | five=""5 — the whole"" | three=""3 — the part taken""",two,2 — the other part,The parts of 5 are 2 and 3. Taking one part away always leaves the other: 5 − 3 = 2.,KEEP,"Prediction precedes a direct causal model, retains the learner choice, and explains the observed outcome.",no,yes,yes,no,no,KEEP,"[PROPOSED] Strongest single-category gate in the batch, and the only one whose prompt asks the learner to DERIVE a fact from a given one rather than compute an instance: 'You know 2 + 3 = 5. What is 5 - 3?'. Invariant: 'Taking one part away always leaves the other' is an explicit universal with the part-whole mechanism stated ahead of it ('The parts of 5 are 2 and 3'), so the rule precedes and outlives the instance. This clears the bar the pilot's closest analogue was flagged for missing -- mult-02-03 was the pilot's thinnest KEEP precisely because it had no 'always'; this one does. Common misconception, secondary: '3 -- the part taken' is the same complement/negation confusion as koa-02-02's '3 -- the crossed ones', and here it IS engaged, because 'leaves the OTHER' names the discriminator between the part taken and the part remaining."
add-subtract-10-k,0,koa-03-08,i1,content/courses/add-subtract-10-k/lessons/koa-03-08.json,numberLineHop,What is 6 + 1?,"next=""7 — the next number"" | same=""6 — it does not change"" | two=""8 — two steps on""",next,7 — the next number,"Adding one is exactly one step forward, which lands on the next counting number: 7.",KEEP,"Prediction precedes a direct causal model, retains the learner choice, and explains the observed outcome.",no,no,yes,no,no,KEEP,"[PROPOSED] JUDGMENT CALL, and the second row I would put in front of a second reader. The prompt is as bare as a compute-this-instance ask gets ('What is 6 + 1?'), the shape the pilot downgraded four times, so the whole verdict rests on the reveal: 'Adding one is exactly one step forward, which lands on the next counting number: 7.' Credited as invariant because that sentence survives replacing 6 with any number -- it identifies the operation +1 with a position in the counting sequence, which is a bridge between two representations rather than the naming of one. Contrast koa-01-05's 'growth is written with a plus sign', which I read as pure notational convention and downgraded; a stricter reader can fairly say this is still 'that is what adding one means' and move it to REWRITE. Distractors are real -- '6 -- it does not change' is the +0 confusion koa-03-09 takes up next, and '8 -- two steps on' is the classic off-by-one from counting the starting number as a step -- but 'exactly one step forward' is needed to state the correct mechanism rather than existing to refute them, so common_misconception is marked no under 5.2."
add-subtract-10-k,0,koa-03-09,i1,content/courses/add-subtract-10-k/lessons/koa-03-09.json,numberLineHop,What is 6 + 0?,"six=""6 — nothing changes"" | zero=""0 — the group empties"" | seven=""7 — it grows by one""",six,6 — nothing changes,"Zero means NO objects were added, so the group is untouched and the count stays 6.",KEEP,"Prediction precedes a direct causal model, retains the learner choice, and explains the observed outcome.",yes,yes,no,no,no,KEEP,"[PROPOSED] The additive-identity gate, and the K counterpart of the pilot's best row (mult-02-05, x0 against x1). Counterintuitive consequence: the naive expectation here is not hypothetical, because this course planted it -- koa-01-01's reveal says 'Putting groups together always makes MORE' -- and the distractor '7 -- it grows by one' is exactly that over-extrapolation in learner form. The reveal attacks the expectation's premise rather than merely asserting the answer: 'Zero means NO objects were added, so the group is untouched'. Common misconception: 'the group is untouched' is not needed to state that 6 + 0 = 6; it exists to deny the change the learner expected, and the capitalised NO marks the same contrast. FLAGGED as weaker than mult-02-05, which named the naive framing outright ('look like neighbors but do opposite jobs'); here the intuition is refuted but never named, which is the one thing a rewrite should add. Invariant marked no -- the reveal never generalises past 6; one clause ('adding zero leaves ANY number where it was') would add that category."
add-subtract-10-k,0,koa-03-10,i1,content/courses/add-subtract-10-k/lessons/koa-03-10.json,tenFrame,The facts now come mixed up instead of in order. What makes that harder?,"own=""Each fact must be recalled on its own"" | bigger=""The numbers get bigger"" | new=""The rules change""",own,Each fact must be recalled on its own,"A single-page pattern lets you settle into a rhythm. Mixing removes that, so each fact stands alone.",KEEP,"Prediction precedes a direct causal model, retains the learner choice, and explains the observed outcome.",no,no,no,no,no,REMOVE,"[PROPOSED] REMOVE, same class as koa-03-06 and for the same reason. The prompt asks about the format of the exercise set ('The facts now come mixed up instead of in order. What makes that harder?') and the reveal answers with a claim about practice design: 'A single-page pattern lets you settle into a rhythm. Mixing removes that, so each fact stands alone.' No mathematical outcome, so there is nothing for an intuition to conflict with; 'The numbers get bigger' and 'The rules change' are not misconceptions about addition but false statements about the worksheet, which is 4.2's generic/arbitrary disqualifier; and the blocked-versus-mixed contrast is a claim about study conditions, not two candidate mechanisms governing a mathematical result, so 4.5 does not reach it. Not fixable by rewriting the reveal -- the prompt is the problem -- so 3's REMOVE bar is met. As with koa-03-06 the underlying point (interleaved practice is harder than blocked) is real learning science and fine as prose; it simply is not a prediction about mathematics."
add-subtract-100,2,as100-01-01,i1,content/courses/add-subtract-100/lessons/as100-01-01.json,matchPairs,"Doubles climb the same ladder: 6 + 6 = 12, so 7 + 7 is…","fourteen=""14"" | thirteen=""13"" | fifteen=""15""",fourteen,14,"Each double is 2 more than the one before — BOTH addends grew by 1. Know one double and its neighbours come free: 12, 14, 16, 18.",REMOVE,The attached surface does not meet the direct-manipulation and visible-consequence threshold.,,,,,,,
add-subtract-100,2,as100-01-02,i1,content/courses/add-subtract-100/lessons/as100-01-02.json,matchPairs,6 + 7 is exactly one more than which double?,"six=""6 + 6"" | seven=""7 + 7"" | five=""5 + 5""",six,6 + 6,"6 + 7 hides 6 + 6 with one extra: 12 + 1 = 13. Near doubles lean on a double you already own — one more than 6 + 6, or one less than 7 + 7. Either crutch works.",REMOVE,The attached surface does not meet the direct-manipulation and visible-consequence threshold.,,,,,,,
add-subtract-100,2,as100-01-03,i1,content/courses/add-subtract-100/lessons/as100-01-03.json,matchPairs,"For 9 + 2: count on from 9, or make a ten?","count=""Count on — just 2 quick hops"" | ten=""Make ten — it's always fastest"" | double=""Use a double""",count,Count on — just 2 quick hops,"With only 2 to add, two hops beat rebuilding: 9… 10, 11. Make-ten earns its keep when the second number is big enough to split (like 9 + 5). Strategies fit facts — not the other way round.",REMOVE,The attached surface does not meet the direct-manipulation and visible-consequence threshold.,,,,,,,
add-subtract-100,2,as100-02-01,i1,content/courses/add-subtract-100/lessons/as100-02-01.json,numberLineHop,"You'll take 4 equal hops of 10, right from 30. How far from 30 will you end up in total?","total=""40 away"" | add=""14 away"" | off=""30 away""",total,40 away,4 equal hops of 10 cover 10 × 4 = 40 — repeated equal jumps ARE multiplication. Adding 10 + 4 = 14 mixes up the jump size with the number of jumps.,KEEP,"Prediction precedes a direct causal model, retains the learner choice, and explains the observed outcome.",,,,,,,
add-subtract-100,2,as100-02-02,i1,content/courses/add-subtract-100/lessons/as100-02-02.json,numberLineHop,Counting on 5 from 34 — does 34 itself count as a hop?,"no=""No — the first hop lands on 35"" | yes=""Yes — say 34, 35, 36, 37, 38"" | either=""Doesn't matter either way""",no,No — the first hop lands on 35,"34 is where you STAND, not a hop: 35, 36, 37, 38, 39. Counting the start is the classic off-by-one — watch each hop land one number further along.",KEEP,"Prediction precedes a direct causal model, retains the learner choice, and explains the observed outcome.",,,,,,,
add-subtract-100,2,as100-02-03,i1,content/courses/add-subtract-100/lessons/as100-02-03.json,baseTenCompose,You're about to add 34 + 52 with blocks. Will you need to trade 10 ones for a ten?,"yes=""Yes — the ones will overflow"" | no=""No — the ones stay under ten""",no,No — the ones stay under ten,"The ones make 4 + 2 = 6, which fits without a trade. Regrouping only fires when the ones pile reaches ten — watch for it in the next problems.",KEEP,"Prediction precedes a direct causal model, retains the learner choice, and explains the observed outcome.",,,,,,,
add-subtract-100,2,as100-02-04,i1,content/courses/add-subtract-100/lessons/as100-02-04.json,baseTenCompose,37 + 25 piles up as 5 tens and 12 ones. Is that already 62?,"value=""In value, yes — but the ones overflow, so trade ten of them"" | fivetwelve=""No — it makes 512"" | seventeen=""No — it makes 17""",value,"In value, yes — but the ones overflow, so trade ten of them","5 tens + 12 ones is WORTH 62 — the amount is right, the form isn't. Ten of those ones bundle into a sixth rod: 6 tens, 2 ones. Trading changes the look, never the value.",KEEP,"Prediction precedes a direct causal model, retains the learner choice, and explains the observed outcome.",,,,,,,
add-subtract-100,2,as100-03-01,i1,content/courses/add-subtract-100/lessons/as100-03-01.json,numberLineHop,"You'll take 3 equal hops of 10, right from 70. How far from 70 will you end up in total?","total=""30 away"" | add=""13 away"" | off=""20 away""",total,30 away,3 equal hops of 10 cover 10 × 3 = 30 — repeated equal jumps ARE multiplication. Adding 10 + 3 = 13 mixes up the jump size with the number of jumps.,KEEP,"Prediction precedes a direct causal model, retains the learner choice, and explains the observed outcome.",,,,,,,
add-subtract-100,2,as100-03-02,i1,content/courses/add-subtract-100/lessons/as100-03-02.json,numberLineHop,Hopping back from 58: your FIRST hop lands on…,"fiftyseven=""57"" | fiftyeight=""58"" | fiftythree=""53""",fiftyseven,57,"58 is the launch pad, not a landing: back one is 57, then 56, 55, 54, 53. Counting the start is the same off-by-one trap as counting on — mirrored.",KEEP,"Prediction precedes a direct causal model, retains the learner choice, and explains the observed outcome.",,,,,,,
add-subtract-100,2,as100-03-03,i1,content/courses/add-subtract-100/lessons/as100-03-03.json,baseTenCompose,"86 − 52, place by place: does the ones answer (6 − 2) care what the tens are doing?","no=""No — each place settles its own bill here"" | borrow=""Yes — always borrow first"" | mix=""Yes — the ones come from 86 − 2""",no,No — each place settles its own bill here,"With 6 ≥ 2 and 8 ≥ 5, each column pays independently: 3 tens and 4 ones — 34. The places only have to talk when a top digit comes up short; that conversation is called trading.",KEEP,"Prediction precedes a direct causal model, retains the learner choice, and explains the observed outcome.",,,,,,,
add-subtract-100,2,as100-03-04,i1,content/courses/add-subtract-100/lessons/as100-03-04.json,baseTenCompose,You've broken a rod: 5 tens and 12 ones. Taking 7 ones away — will you need to break ANOTHER rod?,"no=""No — 12 ones covers it"" | yes=""Yes — break one more"" | cannot=""Can't tell yet""",no,No — 12 ones covers it,One break was enough: 12 ones is plenty to give up 7. You regroup only when the ones run short — never out of habit.,KEEP,"Prediction precedes a direct causal model, retains the learner choice, and explains the observed outcome.",,,,,,,
add-subtract-100,2,as100-04-01,i1,content/courses/add-subtract-100/lessons/as100-04-01.json,numeric,"A two-step story: birds arrive, then some fly off. Can you find the FINAL count without doing the first step first?","no=""No — step two needs step one's result"" | yes=""Yes — do either step first"" | once=""Just add everything at once""",no,No — step two needs step one's result,"The second step acts on what the first step LEAVES — its answer is the second step's starting number. Two-step stories chain, they don't shuffle.",REMOVE,The attached surface does not meet the direct-manipulation and visible-consequence threshold.,,,,,,,
add-subtract-100,2,as100-04-02,i1,content/courses/add-subtract-100/lessons/as100-04-02.json,numeric,52 take away 27: the ones say 2 − 7. Can that happen without breaking open a ten?,"no=""No — a ten must be broken"" | yes=""Yes — 2 minus 7 works fine"" | swap=""Just do 7 − 2 instead""",no,No — a ten must be broken,Two ones can't give up seven — a ten-rod breaks into ten ones to make it possible. Swapping to 7 − 2 answers a different question.,REMOVE,The attached surface does not meet the direct-manipulation and visible-consequence threshold.,,,,,,,
add-subtract-100,2,as100-04-03,i1,content/courses/add-subtract-100/lessons/as100-04-03.json,matchPairs,"What decides whether a story step is ADD or SUBTRACT — the size of its numbers, or what HAPPENS in it?","action=""What happens — joining or leaving"" | numbers=""The size of the numbers"" | words=""Whether it asks 'how many'""",action,What happens — joining or leaving,"Arriving, joining, and finding join amounts — leaving, popping, and giving away remove them. The EVENT picks the operation; the numbers just ride along.",REMOVE,The attached surface does not meet the direct-manipulation and visible-consequence threshold.,,,,,,,
add-subtract-100,2,as100-05-02,i1,content/courses/add-subtract-100/lessons/as100-05-02.json,numeric,8 and 6 are both EVEN. Before adding: will their sum be even or odd?,"even=""Even"" | odd=""Odd"" | either=""Could be either""",even,Even,"Two even numbers are each made of pairs — stacking pairs on pairs leaves nothing sticking out. Even plus even lands even, every time.",REMOVE,The attached surface does not meet the direct-manipulation and visible-consequence threshold.,,,,,,,
add-subtract-1000-g2,2,g2b-01-01,i1,content/courses/add-subtract-1000-g2/lessons/g2b-01-01.json,baseTenCompose,300 + 200: which digit changes?,"h=""Only the hundreds digit"" | all=""All three digits""",h,Only the hundreds digit,Whole hundreds touch only the hundreds place; tens and ones stay zero.,KEEP,"Prediction precedes a direct causal model, retains the learner choice, and explains the observed outcome.",,,,,,,
add-subtract-1000-g2,2,g2b-01-02,i1,content/courses/add-subtract-1000-g2/lessons/g2b-01-02.json,baseTenCompose,234 + 145: will any column pass nine?,"no=""No — each column fits"" | yes=""Yes — a trade is coming""",no,No — each column fits,"4+5, 3+4, 2+1 all stay under ten, so the three columns add independently.",KEEP,"Prediction precedes a direct causal model, retains the learner choice, and explains the observed outcome.",,,,,,,
add-subtract-1000-g2,2,g2b-01-03,i1,content/courses/add-subtract-1000-g2/lessons/g2b-01-03.json,baseTenCompose,7 ones + 8 ones: where does the extra ten go?,"tens=""Into the tens column"" | away=""It disappears""",tens,Into the tens column,"Ten ones become one ten — the amount moves left, it never vanishes.",KEEP,"Prediction precedes a direct causal model, retains the learner choice, and explains the observed outcome.",,,,,,,
add-subtract-1000-g2,2,g2b-01-04,i1,content/courses/add-subtract-1000-g2/lessons/g2b-01-04.json,baseTenCompose,6 tens + 8 tens: what do ten of those tens become?,"hund=""One hundred"" | one=""One extra ten""",hund,One hundred,Ten tens are exactly one hundred — the bundle moves into the hundreds place.,KEEP,"Prediction precedes a direct causal model, retains the learner choice, and explains the observed outcome.",,,,,,,
add-subtract-1000-g2,2,g2b-01-05,i1,content/courses/add-subtract-1000-g2/lessons/g2b-01-05.json,baseTenCompose,Ones trade AND tens trade: which happens first working right to left?,"ones=""The ones trade"" | tens=""The tens trade""",ones,The ones trade,Right-to-left order means the ones bundle first — and that new ten joins the tens before THEY bundle.,KEEP,"Prediction precedes a direct causal model, retains the learner choice, and explains the observed outcome.",,,,,,,
add-subtract-1000-g2,2,g2b-02-01,i1,content/courses/add-subtract-1000-g2/lessons/g2b-02-01.json,baseTenCompose,568 − 234: does any column need a trade?,"no=""No — every top digit is bigger"" | yes=""Yes""",no,No — every top digit is bigger,"8≥4, 6≥3, 5≥2 — each column can pay from its own supply.",KEEP,"Prediction precedes a direct causal model, retains the learner choice, and explains the observed outcome.",,,,,,,
add-subtract-1000-g2,2,g2b-02-02,i1,content/courses/add-subtract-1000-g2/lessons/g2b-02-02.json,baseTenCompose,You break a ten into ten ones. What happens to the total?,"same=""It stays the same"" | less=""It gets smaller""",same,It stays the same,"Breaking renames a ten as ten ones; the value moves, it never shrinks.",KEEP,"Prediction precedes a direct causal model, retains the learner choice, and explains the observed outcome.",,,,,,,
add-subtract-1000-g2,2,g2b-02-03,i1,content/courses/add-subtract-1000-g2/lessons/g2b-02-03.json,baseTenCompose,A hundred breaks open. How many tens does it become?,"ten=""Ten tens"" | hundred=""A hundred tens""",ten,Ten tens,One hundred equals exactly ten tens — the same worth in smaller pieces.,KEEP,"Prediction precedes a direct causal model, retains the learner choice, and explains the observed outcome.",,,,,,,
add-subtract-1000-g2,2,g2b-02-04,i1,content/courses/add-subtract-1000-g2/lessons/g2b-02-04.json,baseTenCompose,The tens digit is 0 and the ones need help. Where does the value come from?,"hund=""A hundred breaks first"" | nowhere=""Nowhere — it is impossible""",hund,A hundred breaks first,"The hundred opens into ten tens, and then one of those tens opens into ten ones.",KEEP,"Prediction precedes a direct causal model, retains the learner choice, and explains the observed outcome.",,,,,,,
add-subtract-1000-g2,2,g2b-02-05,i1,content/courses/add-subtract-1000-g2/lessons/g2b-02-05.json,numberLineHop,Ten more than 457: which digit moves?,"tens=""The tens digit"" | ones=""The ones digit""",tens,The tens digit,"Adding ten changes 5 tens to 6 tens — 467, with the 4 and the 7 untouched.",KEEP,"Prediction precedes a direct causal model, retains the learner choice, and explains the observed outcome.",,,,,,,
add-subtract-1000-g2,2,g2b-02-06,i1,content/courses/add-subtract-1000-g2/lessons/g2b-02-06.json,numberLineHop,One hundred less than 448: which digit moves?,"hund=""The hundreds digit"" | tens=""The tens digit""",hund,The hundreds digit,448 drops to 348 — the 4 tens and 8 ones never move.,KEEP,"Prediction precedes a direct causal model, retains the learner choice, and explains the observed outcome.",,,,,,,
add-subtract-1000-g2,2,g2b-03-01,i1,content/courses/add-subtract-1000-g2/lessons/g2b-03-01.json,numberLineHop,Jumping +10 three times from 467: where do you land?,"l497=""On 497"" | l470=""On 470""",l497,On 497,"Each hop adds ten: 477, 487, 497 — thirty in all.",KEEP,"Prediction precedes a direct causal model, retains the learner choice, and explains the observed outcome.",,,,,,,
add-subtract-1000-g2,2,g2b-03-02,i1,content/courses/add-subtract-1000-g2/lessons/g2b-03-02.json,baseTenCompose,"2 hundreds, 14 tens, 3 ones: is that a real number?","yes=""Yes — it equals 343"" | no=""No — tens can't pass 9""",yes,Yes — it equals 343,"Fourteen tens are 140; with 200 and 3 that is 343. Standard form is a convention, not a law.",KEEP,"Prediction precedes a direct causal model, retains the learner choice, and explains the observed outcome.",,,,,,,
add-subtract-1000-g2,2,g2b-03-03,i1,content/courses/add-subtract-1000-g2/lessons/g2b-03-03.json,baseTenCompose,The strongest explanation of a trade says…,"equal=""…the two forms are equal"" | teacher=""…the teacher said so""",equal,…the two forms are equal,Equality is the mathematical reason; authority is not an argument.,KEEP,"Prediction precedes a direct causal model, retains the learner choice, and explains the observed outcome.",,,,,,,
add-subtract-1000-g2,2,g2b-03-04,i1,content/courses/add-subtract-1000-g2/lessons/g2b-03-04.json,numberLineHop,A story says 'how many steps in ALL'. Which operation?,"add=""Addition — the parts join"" | sub=""Subtraction""",add,Addition — the parts join,'In all' collects the parts into one total; joining is addition.,KEEP,"Prediction precedes a direct causal model, retains the learner choice, and explains the observed outcome.",,,,,,,
add-subtract-1000-g2,2,g2b-03-05,i1,content/courses/add-subtract-1000-g2/lessons/g2b-03-05.json,baseTenCompose,199 + 350: mental or columns?,"mental=""Mental — 199 is one from 200"" | columns=""Columns always""",mental,Mental — 199 is one from 200,Sliding 199 to 200 makes the sum 549 in one breath — the numbers invited it.,KEEP,"Prediction precedes a direct causal model, retains the learner choice, and explains the observed outcome.",,,,,,,
add-subtract-1000-g3,3,g3a-01-01,i1,content/courses/add-subtract-1000-g3/lessons/g3a-01-01.json,baseTenCompose,"Adding 243 + 135, will any column pass nine?","no=""No — every column stays small"" | yes=""Yes — the ones will overflow""",no,No — every column stays small,"3 + 5 is 8, 4 + 3 is 7, 2 + 1 is 3 — every column fits, so the blocks never need repackaging.",KEEP,"Prediction precedes a direct causal model, retains the learner choice, and explains the observed outcome.",,,,,,,
add-subtract-1000-g3,3,g3a-01-02,i1,content/courses/add-subtract-1000-g3/lessons/g3a-01-02.json,columnCalc,"In 167 + 148, the ones give 7 + 8 = 15. What goes in the ones column?","five=""5, and 1 ten carries"" | fifteen=""15""",five,"5, and 1 ten carries","A column has room for one digit. Fifteen is one ten and five ones — the five stays, the ten moves left.",KEEP,"Prediction precedes a direct causal model, retains the learner choice, and explains the observed outcome.",,,,,,,
add-subtract-1000-g3,3,g3a-01-03,i1,content/courses/add-subtract-1000-g3/lessons/g3a-01-03.json,baseTenCompose,"In 486 − 254, does any column come up short?","no=""No — each top digit is big enough"" | yes=""Yes — the ones cannot pay""",no,No — each top digit is big enough,"6 can give 4, 8 can give 5, 4 can give 2 — no column is short, so nothing has to be traded.",KEEP,"Prediction precedes a direct causal model, retains the learner choice, and explains the observed outcome.",,,,,,,
add-subtract-1000-g3,3,g3a-01-04,i1,content/courses/add-subtract-1000-g3/lessons/g3a-01-04.json,columnCalc,"In 452 − 178, the ones are 2 − 8. What is the legal move?","trade=""Trade a ten, making it 12 − 8"" | flip=""Compute 8 − 2 instead""",trade,"Trade a ten, making it 12 − 8","Flipping answers a different question. Breaking one ten turns 2 into 12, and 12 − 8 = 4 is the real ones digit.",KEEP,"Prediction precedes a direct causal model, retains the learner choice, and explains the observed outcome.",,,,,,,
add-subtract-1000-g3,3,g3a-02-01,i1,content/courses/add-subtract-1000-g3/lessons/g3a-02-01.json,columnCalc,"In 503 − 267, the ones need a ten but the tens show 0. What happens?","chain=""A hundred is broken first, then a ten"" | stuck=""The subtraction is impossible""",chain,"A hundred is broken first, then a ten","Zero has nothing to lend, so it borrows before it lends: one hundred becomes ten tens, leaving 9 after one ten moves on.",KEEP,"Prediction precedes a direct causal model, retains the learner choice, and explains the observed outcome.",,,,,,,
add-subtract-1000-g3,3,g3a-02-02,i1,content/courses/add-subtract-1000-g3/lessons/g3a-02-02.json,numberLineHop,"Starting at 347 and adding 200, which digit changes?","h=""Only the hundreds digit"" | all=""All three digits""",h,Only the hundreds digit,Adding whole hundreds leaves the tens and ones untouched — 347 becomes 547 with 4 and 7 standing still.,KEEP,"Prediction precedes a direct causal model, retains the learner choice, and explains the observed outcome.",,,,,,,
add-subtract-1000-g3,3,g3a-02-03,i1,content/courses/add-subtract-1000-g3/lessons/g3a-02-03.json,columnCalc,Sam computes 300 + 145 = 445 to find 298 + 145. What now?,"sub2=""Subtract 2"" | add2=""Add 2""",sub2,Subtract 2,"298 was rounded UP by 2, so the total carries 2 that were never really there — return them.",KEEP,"Prediction precedes a direct causal model, retains the learner choice, and explains the observed outcome.",,,,,,,
add-subtract-1000-g3,3,g3a-03-01,i1,content/courses/add-subtract-1000-g3/lessons/g3a-03-01.json,columnCalc,You found 632 − 178 = 454. Which sum should return you to 632?,"back=""454 + 178"" | fwd=""632 + 178""",back,454 + 178,The answer plus what was removed rebuilds the original — that is exactly what subtraction took apart.,KEEP,"Prediction precedes a direct causal model, retains the learner choice, and explains the observed outcome.",,,,,,,
add-subtract-1000-g3,3,g3a-03-02,i1,content/courses/add-subtract-1000-g3/lessons/g3a-03-02.json,estimateSlider,"The fund spends 180, then raises 120. Does it end above or below its start?","below=""Below — it spent more than it raised"" | above=""Above — money came in""",below,Below — it spent more than it raised,"Out 180 and in 120 is a net loss of 60, so the fund lands 60 short of where it began.",KEEP,"Prediction precedes a direct causal model, retains the learner choice, and explains the observed outcome.",,,,,,,
add-subtract-1000-g3,3,g3a-03-03,i1,content/courses/add-subtract-1000-g3/lessons/g3a-03-03.json,columnCalc,"For 400 − 199, which is fastest?","comp=""Compensation: 400 − 200, then add 1"" | col=""Columns, borrowing across both zeros""",comp,"Compensation: 400 − 200, then add 1","199 sits one below a friendly 200, so one clean subtraction plus a one-step repayment beats a triple borrow.",KEEP,"Prediction precedes a direct causal model, retains the learner choice, and explains the observed outcome.",,,,,,,
add-subtract-20,1,as-01-01,i1,content/courses/add-subtract-20/lessons/as-01-01.json,numberLineHop,You'll start at 4 and hop forward 3 times. Where will you finish?,"bigger=""On a number bigger than 4"" | smaller=""On a number smaller than 4"" | same=""Right back on 4""",bigger,On a number bigger than 4,"Forward hops always move you UP the line — every hop lands on a bigger number, so you finish past 4.",KEEP,"Prediction precedes a direct causal model, retains the learner choice, and explains the observed outcome.",,,,,,,
add-subtract-20,1,as-01-02,i1,content/courses/add-subtract-20/lessons/as-01-02.json,numberLineHop,Starting at 9 and hopping forward 1 — where will you land?,"ten=""Exactly on 10"" | before=""Just before 10"" | past=""Past 10""",ten,Exactly on 10,One hop from 9 lands exactly on 10 — nine and one more make a full ten.,KEEP,"Prediction precedes a direct causal model, retains the learner choice, and explains the observed outcome.",,,,,,,
add-subtract-20,1,as-01-03,i1,content/courses/add-subtract-20/lessons/as-01-03.json,numberLineHop,"You'll add 3 + 8 by starting at the BIGGER number, 8, and hopping 3. Will you land on the same number as starting at 3 and hopping 8?","same=""Yes — the same landing"" | different=""No — a different landing"" | cannot=""It depends on the line""",same,Yes — the same landing,Either way you make the same total journey — 3 + 8 and 8 + 3 land on the very same number. Starting bigger just means fewer hops to count.,KEEP,"Prediction precedes a direct causal model, retains the learner choice, and explains the observed outcome.",,,,,,,
add-subtract-20,1,as-02-01,i1,content/courses/add-subtract-20/lessons/as-02-01.json,tenFrame,6 dots sit in the ten-frame. Will the number you ADD to reach 10 match the number of EMPTY cells?,"yes=""Yes — the empty cells ARE the answer"" | no=""No — you still have to count up"" | sometimes=""Only sometimes""",yes,Yes — the empty cells ARE the answer,"The frame does the work: every empty cell is exactly one missing dot, so the gaps and the answer are the same thing.",KEEP,"Prediction precedes a direct causal model, retains the learner choice, and explains the observed outcome.",,,,,,,
add-subtract-20,1,as-02-02,i1,content/courses/add-subtract-20/lessons/as-02-02.json,tenFrame,6 needed 4 dots to make ten. Now 8 dots are here — will 8 need MORE or FEWER dots than 6 did?,"fewer=""Fewer — 8 is closer to ten"" | more=""More"" | same=""The same number""",fewer,Fewer — 8 is closer to ten,"The fuller the frame, the smaller the gap — 8 sits closer to ten than 6 did, so it takes fewer dots to finish.",KEEP,"Prediction precedes a direct causal model, retains the learner choice, and explains the observed outcome.",,,,,,,
add-subtract-20,1,as-02-03,i1,content/courses/add-subtract-20/lessons/as-02-03.json,tenFrame,To add 7 + 6 you'll first fill 7 up to ten. Where do the filling dots come FROM?,"six=""Out of the 6 — it gets split"" | new=""Brand-new dots from nowhere"" | seven=""Out of the 7""",six,Out of the 6 — it gets split,Making ten borrows from the OTHER number: the 6 splits into 3-to-fill and 3-left-over. Nothing new appears — the six just changes shape.,KEEP,"Prediction precedes a direct causal model, retains the learner choice, and explains the observed outcome.",,,,,,,
add-subtract-20,1,as-02-04,i1,content/courses/add-subtract-20/lessons/as-02-04.json,baseTenCompose,"13 — is that ONE ten-rod plus some ones, or THREE ten-rods?","one=""One ten-rod and some ones"" | three=""Three ten-rods"" | none=""No rods, all loose ones""",one,One ten-rod and some ones,The 1 in 13 is a whole rod — one full ten — and the 3 counts the loose cubes. Teen numbers hide a ten in their first digit.,KEEP,"Prediction precedes a direct causal model, retains the learner choice, and explains the observed outcome.",,,,,,,
add-subtract-20,1,as-03-01,i1,content/courses/add-subtract-20/lessons/as-03-01.json,numberLineHop,7 − 3: you'll start at 7 and hop BACK 3 times. Where will you finish?,"smaller=""On a number smaller than 7"" | bigger=""On a number bigger than 7"" | same=""Back on 7""",smaller,On a number smaller than 7,Hopping back moves you DOWN the line — taking away always lands you on a smaller number than where you started.,KEEP,"Prediction precedes a direct causal model, retains the learner choice, and explains the observed outcome.",,,,,,,
add-subtract-20,1,as-03-02,i1,content/courses/add-subtract-20/lessons/as-03-02.json,numberLineHop,9 − 3: you'll hop back 3 from 9. Where will you finish?,"smaller=""On a number smaller than 9"" | bigger=""On a number bigger than 9"" | same=""Still on 9""",smaller,On a number smaller than 9,"Back-hops walk you down the line — subtracting lands you below 9, one step smaller for every hop.",KEEP,"Prediction precedes a direct causal model, retains the learner choice, and explains the observed outcome.",,,,,,,
add-subtract-20,1,as-03-03,i1,content/courses/add-subtract-20/lessons/as-03-03.json,numberLineHop,"You'll hop from 5 up to 8 to find how many MORE 8 is. Is the answer the number where you land, or the number of hops you take?","hops=""The number of hops"" | landing=""The number where I land"" | both=""They're the same thing""",hops,The number of hops,"The landing is just 8 — the difference is how many HOPS it took to get there. Counting the jumps, not the destination, is the whole trick.",KEEP,"Prediction precedes a direct causal model, retains the learner choice, and explains the observed outcome.",,,,,,,
add-subtract-20,1,as-03-04,i1,content/courses/add-subtract-20/lessons/as-03-04.json,numberLineHop,"11 − 4: you'll hop back 4 from 11. Will you finish above 10, exactly on 10, or below 10?","below=""Below 10"" | on=""Exactly on 10"" | above=""Above 10""",below,Below 10,"One back-hop reaches 10, and there are still three more hops to go — you cross the ten and finish below it.",KEEP,"Prediction precedes a direct causal model, retains the learner choice, and explains the observed outcome.",,,,,,,
add-subtract-20,1,as-04-01,i1,content/courses/add-subtract-20/lessons/as-04-01.json,matchPairs,"The fact family of 3, 4 and 7 — do its SUBTRACTION facts use the same three numbers as its additions?","yes=""Yes — the same trio, rearranged"" | no=""No — new numbers appear"" | some=""Only sometimes""",yes,"Yes — the same trio, rearranged","A family owns exactly three numbers — addition builds the big one, subtraction breaks it back apart. Same trio, four costumes.",REMOVE,The attached surface does not meet the direct-manipulation and visible-consequence threshold.,,,,,,,
add-subtract-20,1,as-04-02,i1,content/courses/add-subtract-20/lessons/as-04-02.json,matchPairs,"In 5 = 2 + 3, is the equal sign an instruction to DO something, or a claim that both sides match?","claim=""A claim — both sides are the same amount"" | do=""An instruction — now compute"" | arrow=""An arrow pointing at the answer""",claim,A claim — both sides are the same amount,"The equal sign is a balance, not a command — it says the two sides weigh the same. That's why the answer can sit on EITHER side.",REMOVE,The attached surface does not meet the direct-manipulation and visible-consequence threshold.,,,,,,,
add-subtract-20,1,as-04-03,i1,content/courses/add-subtract-20/lessons/as-04-03.json,tenFrame,6 + ? = 10. Is the missing number the same one that answers 10 − 6?,"yes=""Yes — same number both ways"" | no=""No — they're different"" | depends=""Depends on the frame""",yes,Yes — same number both ways,"A missing part and a take-away ask the same question — what fills the gap between 6 and 10. One fact family, two costumes.",KEEP,"Prediction precedes a direct causal model, retains the learner choice, and explains the observed outcome.",,,,,,,
add-subtract-20,1,as-05-01,i1,content/courses/add-subtract-20/lessons/as-05-01.json,numberLineHop,"7 birds, then 5 more come. Before you hop: will the total be MORE than 10 or FEWER than 10?","more=""More than 10"" | fewer=""Fewer than 10"" | exactly=""Exactly 10""",more,More than 10,"From 7, just 3 hops reach 10 — and there are 5 hops to make, so the flock lands past ten.",KEEP,"Prediction precedes a direct causal model, retains the learner choice, and explains the observed outcome.",,,,,,,
add-subtract-20,1,as-05-02,i1,content/courses/add-subtract-20/lessons/as-05-02.json,numberLineHop,"6 red marbles and 7 blue ones. Before you hop: will the total be more than 10, exactly 10, or fewer?","more=""More than 10"" | exactly=""Exactly 10"" | fewer=""Fewer than 10""",more,More than 10,"Four hops from 6 already reach 10, and blue brings seven — the marbles spill past ten.",KEEP,"Prediction precedes a direct causal model, retains the learner choice, and explains the observed outcome.",,,,,,,
add-subtract-20,1,as-05-03,i1,content/courses/add-subtract-20/lessons/as-05-03.json,numberLineHop,"You'll hop from 5 up to 9 to find how many more 9 is. Is the answer where you LAND, or how many hops you TAKE?","hops=""How many hops I take"" | landing=""The number I land on"" | start=""The number I started on""",hops,How many hops I take,Landing on 9 only shows you arrived — the difference is the count of hops it took. The jumps are the answer.,KEEP,"Prediction precedes a direct causal model, retains the learner choice, and explains the observed outcome.",,,,,,,
add-three-numbers-g1,1,g1t-01-01,i1,content/courses/add-three-numbers-g1/lessons/g1t-01-01.json,numberLineHop,Three groups join together. Is the total bigger or smaller than any one group?,"big=""Bigger than any one"" | small=""Smaller than one""",big,Bigger than any one,"Joining groups only adds, so the total is at least as big as every group in it.",KEEP,"Prediction precedes a direct causal model, retains the learner choice, and explains the observed outcome.",,,,,,,
add-three-numbers-g1,1,g1t-01-02,i1,content/courses/add-three-numbers-g1/lessons/g1t-01-02.json,tenFrame,Two of the addends are 7 and 3. What do they make together?,"ten=""Exactly ten"" | nine=""Nine""",ten,Exactly ten,7 and 3 are ten-partners — together they complete a whole ten.,KEEP,"Prediction precedes a direct causal model, retains the learner choice, and explains the observed outcome.",,,,,,,
add-three-numbers-g1,1,g1t-01-03,i1,content/courses/add-three-numbers-g1/lessons/g1t-01-03.json,numberLineHop,Two addends are both 5. Which fact starts fastest?,"dbl=""The double 5 + 5"" | count=""Counting from zero""",dbl,The double 5 + 5,A known double is instant; counting from zero re-does work you already know.,KEEP,"Prediction precedes a direct causal model, retains the learner choice, and explains the observed outcome.",,,,,,,
add-three-numbers-g1,1,g1t-01-04,i1,content/courses/add-three-numbers-g1/lessons/g1t-01-04.json,numberLineHop,You group a different pair first. What happens to the total?,"same=""It stays the same"" | changes=""It changes""",same,It stays the same,"The same three groups are joined either way, so the total cannot change.",KEEP,"Prediction precedes a direct causal model, retains the learner choice, and explains the observed outcome.",,,,,,,
add-three-numbers-g1,1,g1t-02-01,i1,content/courses/add-three-numbers-g1/lessons/g1t-02-01.json,tenFrame,Which pair should you look for FIRST in three addends?,"ten=""A pair making ten"" | biggest=""The two biggest""",ten,A pair making ten,"A ten-partner pair makes the remaining step trivial, so it is worth finding first.",KEEP,"Prediction precedes a direct causal model, retains the learner choice, and explains the observed outcome.",,,,,,,
add-three-numbers-g1,1,g1t-02-02,i1,content/courses/add-three-numbers-g1/lessons/g1t-02-02.json,numberLineHop,A story mentions three collections. How many addends does the equation need?,"three=""Three"" | two=""Two""",three,Three,"Every collection joins the total, so all three appear as addends.",KEEP,"Prediction precedes a direct causal model, retains the learner choice, and explains the observed outcome.",,,,,,,
add-three-numbers-g1,1,g1t-02-03,i1,content/courses/add-three-numbers-g1/lessons/g1t-02-03.json,tenFrame,"Which pair is the best first choice: one making ten, or two random addends?","ten=""The pair making ten"" | any=""Any two at random""",ten,The pair making ten,"A ten-partner pair leaves a ten-plus-something step, which is the easiest possible finish.",KEEP,"Prediction precedes a direct causal model, retains the learner choice, and explains the observed outcome.",,,,,,,
add-three-numbers-g1,1,g1t-03-01,i1,content/courses/add-three-numbers-g1/lessons/g1t-03-01.json,numberLineHop,"Three addends of 5, 5, and 6: will the total pass ten?","past=""Yes, past ten"" | under=""No, under ten""",past,"Yes, past ten","Two fives already reach ten, and the six pushes the total well past it.",KEEP,"Prediction precedes a direct causal model, retains the learner choice, and explains the observed outcome.",,,,,,,
add-three-numbers-g1,1,g1t-03-02,i1,content/courses/add-three-numbers-g1/lessons/g1t-03-02.json,numberLineHop,A ten is built and the total is 15. Is the missing addend bigger or smaller than 15?,"smaller=""Smaller — it is only a part"" | bigger=""Bigger""",smaller,Smaller — it is only a part,"A part can never exceed its own total, so the missing addend fits inside 15.",KEEP,"Prediction precedes a direct causal model, retains the learner choice, and explains the observed outcome.",,,,,,,
add-three-numbers-g1,1,g1t-03-03,i1,content/courses/add-three-numbers-g1/lessons/g1t-03-03.json,numberLineHop,A strategy changes HOW you group. What must it never change?,"total=""The total"" | order=""The order""",total,The total,A grouping strategy is only valid if the total survives it; the route may vary freely.,KEEP,"Prediction precedes a direct causal model, retains the learner choice, and explains the observed outcome.",,,,,,,
add-within-100-g1,1,g1a-01-01,i1,content/courses/add-within-100-g1/lessons/g1a-01-01.json,numberLineHop,You start at 34 and count on 2. Which way do you move?,"up=""Up, to a bigger number"" | down=""Down, to a smaller number""",up,"Up, to a bigger number","Counting ON always moves up the number line, toward bigger numbers.",KEEP,"Prediction precedes a direct causal model, retains the learner choice, and explains the observed outcome.",,,,,,,
add-within-100-g1,1,g1a-01-02,i1,content/courses/add-within-100-g1/lessons/g1a-01-02.json,tenFrame,6 is in the frame. How many more are needed to make a whole ten?,"four=""4 more"" | six=""6 more""",four,4 more,Ten take away 6 is 4 — that is exactly how many more squares are empty.,KEEP,"Prediction precedes a direct causal model, retains the learner choice, and explains the observed outcome.",,,,,,,
add-within-100-g1,1,g1a-01-03,i1,content/courses/add-within-100-g1/lessons/g1a-01-03.json,numberLineHop,You add one ten to 43. Which digit changes?,"tens=""The tens digit"" | ones=""The ones digit""",tens,The tens digit,"Adding a ten only changes the tens place — the ones digit, 3, is untouched.",KEEP,"Prediction precedes a direct causal model, retains the learner choice, and explains the observed outcome.",,,,,,,
add-within-100-g1,1,g1a-01-04,i1,content/courses/add-within-100-g1/lessons/g1a-01-04.json,numberLineHop,40 plus 30. How is this like 4 + 3?,"same=""It is 4 + 3, but counting tens instead of ones"" | diff=""It has nothing to do with 4 + 3""",same,"It is 4 + 3, but counting tens instead of ones","4 tens plus 3 tens is 7 tens, exactly as 4 + 3 = 7 — only the UNIT is different.",KEEP,"Prediction precedes a direct causal model, retains the learner choice, and explains the observed outcome.",,,,,,,
add-within-100-g1,1,g1a-02-01,i1,content/courses/add-within-100-g1/lessons/g1a-02-01.json,numberLineHop,"What is ten more than 56, without counting by ones?","sixtysix=""66 — just raise the tens digit"" | fiftyseven=""57 — count on by one""",sixtysix,66 — just raise the tens digit,"Ten more means the tens digit goes up by one: 5 becomes 6, giving 66.",KEEP,"Prediction precedes a direct causal model, retains the learner choice, and explains the observed outcome.",,,,,,,
add-within-100-g1,1,g1a-02-02,i1,content/courses/add-within-100-g1/lessons/g1a-02-02.json,numberLineHop,"On a hundred chart, which direction adds ten?","down=""Moving down one row"" | right=""Moving right one square""",down,Moving down one row,"Each row of a hundred chart is a new ten, so moving down one row adds exactly ten.",KEEP,"Prediction precedes a direct causal model, retains the learner choice, and explains the observed outcome.",,,,,,,
add-within-100-g1,1,g1a-02-03,i1,content/courses/add-within-100-g1/lessons/g1a-02-03.json,numberLineHop,You hop forward from 45. Does the landing number get bigger or smaller?,"bigger=""Bigger"" | smaller=""Smaller""",bigger,Bigger,Hopping FORWARD always lands on a bigger number — that is what addition does on a number line.,KEEP,"Prediction precedes a direct causal model, retains the learner choice, and explains the observed outcome.",,,,,,,
add-within-100-g1,1,g1a-02-04,i1,content/courses/add-within-100-g1/lessons/g1a-02-04.json,tenFrame,"5 is already in the frame. You are about to add 8, broken into pieces. How much of the 8 fills the frame first?","five=""5 — just enough to make ten"" | eight=""All 8 at once""",five,5 — just enough to make ten,Only 5 of the 8 is needed to fill the frame to ten; the rest is added after.,KEEP,"Prediction precedes a direct causal model, retains the learner choice, and explains the observed outcome.",,,,,,,
add-within-100-g1,1,g1a-02-05,i1,content/courses/add-within-100-g1/lessons/g1a-02-05.json,numberLineHop,You subtract one ten from 67. Which digit changes?,"tens=""The tens digit"" | ones=""The ones digit""",tens,The tens digit,"Subtracting a ten only changes the tens place — the ones digit, 7, is untouched.",KEEP,"Prediction precedes a direct causal model, retains the learner choice, and explains the observed outcome.",,,,,,,
add-within-100-g1,1,g1a-02-06,i1,content/courses/add-within-100-g1/lessons/g1a-02-06.json,numberLineHop,"On a hundred chart, which direction subtracts ten?","up=""Moving up one row"" | left=""Moving left one square""",up,Moving up one row,"Moving up one row goes back a whole ten, since each row is a new ten.",KEEP,"Prediction precedes a direct causal model, retains the learner choice, and explains the observed outcome.",,,,,,,
add-within-100-g1,1,g1a-03-01,i1,content/courses/add-within-100-g1/lessons/g1a-03-01.json,numberLineHop,A strategy gives a different answer than counting one at a time would. Is it a valid strategy?,"no=""No — it must match counting"" | yes=""Yes — strategies can differ from counting""",no,No — it must match counting,Any valid strategy must agree with counting one at a time — that is what makes it trustworthy.,KEEP,"Prediction precedes a direct causal model, retains the learner choice, and explains the observed outcome.",,,,,,,
add-within-100-g1,1,g1a-03-02,i1,content/courses/add-within-100-g1/lessons/g1a-03-02.json,numberLineHop,A story names two separate groups and asks how many in all. What operation fits?,"add=""Add the two groups"" | sub=""Subtract one from the other""",add,Add the two groups,Finding the total of two known groups always means combining them: addition.,KEEP,"Prediction precedes a direct causal model, retains the learner choice, and explains the observed outcome.",,,,,,,
add-within-100-g1,1,g1a-03-03,i1,content/courses/add-within-100-g1/lessons/g1a-03-03.json,numberLineHop,"A story starts with a total, and some leave. What operation finds what remains?","sub=""Subtract the amount that left"" | add=""Add the amount that left""",sub,Subtract the amount that left,Removing part of a group always shrinks it: subtraction finds what remains.,KEEP,"Prediction precedes a direct causal model, retains the learner choice, and explains the observed outcome.",,,,,,,
add-within-100-g1,1,g1a-03-04,i1,content/courses/add-within-100-g1/lessons/g1a-03-04.json,numberLineHop,"A problem adds a small amount, like 2 or 3. Which strategy fits best?","counton=""Count on"" | maketen=""Make ten""",counton,Count on,"For very small amounts, counting on is usually the fastest and simplest strategy.",KEEP,"Prediction precedes a direct causal model, retains the learner choice, and explains the observed outcome.",,,,,,,
area-surface-volume,6,asv-01-01,i1,content/courses/area-surface-volume/lessons/asv-01-01.json,numeric,A triangle with base 8 and height 5 — will its area be more or less than the 8-by-5 rectangle drawn around it?,"less=""Less — the triangle is part of it"" | more=""More"" | same=""Exactly the same""",less,Less — the triangle is part of it,The triangle fills exactly half of its surrounding rectangle — that halving is where the ½ in the formula comes from.,REMOVE,The attached surface does not meet the direct-manipulation and visible-consequence threshold.,,,,,,,
area-surface-volume,6,asv-01-02,i1,content/courses/area-surface-volume/lessons/asv-01-02.json,compositeAreaLab,A parallelogram with base 9 and height 5 — same base and height as a 9 × 5 rectangle. Its area will be…,"same=""Exactly the rectangle's — the slant doesn't cost area"" | less=""Less — slanting squeezes it thinner"" | half=""Half — slanted shapes take the ½ like triangles""",same,Exactly the rectangle's — the slant doesn't cost area,"Slice the overhanging triangle off one end and slide it to the other: the parallelogram reassembles into the 9 × 5 rectangle exactly, so the area is the full 45. The ½ belongs to triangles alone — a parallelogram is two of them.",KEEP,"Prediction precedes a direct causal model, retains the learner choice, and explains the observed outcome.",,,,,,,
area-surface-volume,6,asv-01-03,i1,content/courses/area-surface-volume/lessons/asv-01-03.json,numeric,"For a TRIANGLE, what does base × height alone give you?","double=""Twice the triangle's area"" | exact=""Exactly the triangle's area"" | half=""Half the triangle's area""",double,Twice the triangle's area,"Base × height measures the full rectangle around the triangle — the triangle claims only half of it, so the formula halves the product.",REMOVE,The attached surface does not meet the direct-manipulation and visible-consequence threshold.,,,,,,,
area-surface-volume,6,asv-02-01,i1,content/courses/area-surface-volume/lessons/asv-02-01.json,numeric,An L-shape has no formula of its own. Can its area still be found exactly?,"yes=""Yes — cut it into rectangles and add"" | no=""No — L-shapes need estimating"" | trace=""Only by counting every square""",yes,Yes — cut it into rectangles and add,Any straight-sided shape splits into rectangles — find each piece's area and add. Decomposing beats memorizing a formula for every shape.,REMOVE,The attached surface does not meet the direct-manipulation and visible-consequence threshold.,,,,,,,
area-surface-volume,6,asv-02-02,i1,content/courses/area-surface-volume/lessons/asv-02-02.json,numeric,"A house shape is a rectangle with a triangle roof. To get the whole area, do you ADD the two pieces or MULTIPLY them?","add=""Add them"" | multiply=""Multiply them"" | subtract=""Subtract the triangle""",add,Add them,Each piece covers its own patch of the figure — the total is patch plus patch. Multiplying areas would answer no question at all.,REMOVE,The attached surface does not meet the direct-manipulation and visible-consequence threshold.,,,,,,,
area-surface-volume,6,asv-02-03,i1,content/courses/area-surface-volume/lessons/asv-02-03.json,compositeAreaLab,"Two rooms, 7 × 4 and 3 × 6. Can you total the floor by combining dimensions first — (7 + 3) × (4 + 6)?","no=""No — areas add, dimensions don't"" | yes=""Yes — 10 × 10 covers both rooms""",no,"No — areas add, dimensions don't","Gluing the rooms doesn't build a 10 × 10 square — that phantom square holds 100, more than double the truth. Each room's area is computed on its own — 28 and 18 — and only the AREAS are added: 46.",KEEP,"Prediction precedes a direct causal model, retains the learner choice, and explains the observed outcome.",,,,,,,
area-surface-volume,6,asv-03-01,i1,content/courses/area-surface-volume/lessons/asv-03-01.json,plotPoint,"Corners (2, 2) and (6, 2) share their y. The side between them measures…","sub=""4 — subtract the x's"" | add=""8 — add them"" | two=""2""",sub,4 — subtract the x's,"A shared height means the side runs flat, so its length is 6 − 2 = 4. Coordinates turn rulers into subtraction: the matching coordinate says WHICH way the side runs, the differing one says HOW FAR.",KEEP,"Prediction precedes a direct causal model, retains the learner choice, and explains the observed outcome.",,,,,,,
area-surface-volume,6,asv-03-02,i2,content/courses/area-surface-volume/lessons/asv-03-02.json,plotPoint,This right triangle has legs 5 and 3. Its area is…,"half=""7.5 — half of a 5 × 3 rectangle"" | whole=""15 — the full rectangle"" | add=""8 — the legs added""",half,7.5 — half of a 5 × 3 rectangle,The triangle is exactly half of a 5 × 3 rectangle sliced corner to corner: ½ × 15 = 7.5. Grid areas come from framing shapes inside rectangles you can actually count.,KEEP,"Prediction precedes a direct causal model, retains the learner choice, and explains the observed outcome.",,,,,,,
area-surface-volume,6,asv-03-03,i1,content/courses/area-surface-volume/lessons/asv-03-03.json,geometricConstraintLab,"Corners at (1,1), (6,1), (6,4), (1,4): the rectangle's area is…","fifteen=""15 — sides 5 and 3"" | twentyfour=""24 — multiply the biggest coordinates"" | twenty=""20""",fifteen,15 — sides 5 and 3,"Sides come from DIFFERENCES: 6 − 1 = 5 and 4 − 1 = 3, so 15. Multiplying the raw corner numbers (6 × 4) measures a rectangle anchored at the origin — a different, bigger shape than the one drawn.",KEEP,"Prediction precedes a direct causal model, retains the learner choice, and explains the observed outcome.",,,,,,,
area-surface-volume,6,asv-04-01,e1,content/courses/area-surface-volume/lessons/asv-04-01.json,netFold,"A box has 6 faces, and they unfold flat in matching pairs. How many DIFFERENT face sizes can a 2 × 3 × 4 box have?","three=""3 sizes, two of each"" | six=""6 — all different"" | two=""2 sizes""",three,"3 sizes, two of each","Opposite faces are twins: 2×3, 2×4 and 3×4 — three sizes, each appearing twice. Surface area = 2(6 + 8 + 12) = 52, and the unfolded net lays all six faces out flat where you can count them.",KEEP,"Prediction precedes a direct causal model, retains the learner choice, and explains the observed outcome.",,,,,,,
area-surface-volume,6,asv-04-02,i1,content/courses/area-surface-volume/lessons/asv-04-02.json,numeric,"A prism has TWO identical triangle ends. Once you've found one end's area, what about the other?","double=""It's the same — just double"" | recompute=""It must be computed fresh"" | half=""It's half the first one""",double,It's the same — just double,"The two ends are copies — congruent faces carry equal area, so one calculation serves both. Surface area loves symmetry.",REMOVE,The attached surface does not meet the direct-manipulation and visible-consequence threshold.,,,,,,,
area-surface-volume,6,asv-04-03,i1,content/courses/area-surface-volume/lessons/asv-04-03.json,netFold,A 3 × 4 × 5 box: its LARGEST face is…,"big=""4 × 5 = 20"" | small=""3 × 4 = 12"" | equal=""All six faces are equal""",big,4 × 5 = 20,The two biggest dimensions pair up: 4 × 5 = 20 beats the 15s and the 12s. Surface area = 2(12 + 15 + 20) = 94 — the net lays all three pairs flat where you can rank them by eye.,KEEP,"Prediction precedes a direct causal model, retains the learner choice, and explains the observed outcome.",,,,,,,
area-surface-volume,6,asv-05-01,i1,content/courses/area-surface-volume/lessons/asv-05-01.json,numeric,"The bottom layer holds 5 × 2 = 10 cubes, and the box is 3 tall. It will hold…","layers=""Three full layers of 10"" | add=""10 cubes plus 3 more for the height"" | flat=""Still 10 — height doesn't add cubes""",layers,Three full layers of 10,"The height counts identical LAYERS, each a full copy of the 10-cube floor: 10 + 10 + 10 = 30. That's why the formula multiplies all three dimensions — l × w builds one layer, × h stacks it.",REMOVE,The attached surface does not meet the direct-manipulation and visible-consequence threshold.,,,,,,,
area-surface-volume,6,asv-05-02,i1,content/courses/area-surface-volume/lessons/asv-05-02.json,volumeBuilder,One edge is ½. Will the volume ½ × 2 × 3 come out whole anyway?,"yes=""Yes — the ½ and the 2 pair into 1"" | no=""No — fractions in, fractions out"" | cant=""Volume can't use fractional edges""",yes,Yes — the ½ and the 2 pair into 1,"½ × 2 × 3 = 3: the half and the 2 rescue each other. Fractional edges run through the same l·w·h formula as whole ones — and factors can cancel, so the output's form isn't decided by the inputs' looks.",KEEP,"Prediction precedes a direct causal model, retains the learner choice, and explains the observed outcome.",,,,,,,
area-surface-volume,6,asv-05-03,i1,content/courses/area-surface-volume/lessons/asv-05-03.json,numeric,The aquarium is 4 by 2½ by 3. Can the volume still come out a WHOLE number?,"whole=""Yes — halves can cancel out"" | half=""No — a ½ always stays in the answer"" | unknown=""Impossible to tell before multiplying""",whole,Yes — halves can cancel out,4 × 2½ is exactly 10 — the half pairs with an even length and disappears. A fractional edge doesn't force a fractional volume.,REMOVE,The attached surface does not meet the direct-manipulation and visible-consequence threshold.,,,,,,,
arrays-even-odd-g2,2,g2a-01-01,i1,content/courses/arrays-even-odd-g2/lessons/g2a-01-01.json,oddEvenPairs,Pair up 14 counters. Will one be left over?,"no=""No — all pair up"" | yes=""Yes — one left""",no,No — all pair up,"14 makes 7 full pairs; nothing is left standing, so 14 is even.",KEEP,"Prediction precedes a direct causal model, retains the learner choice, and explains the observed outcome.",,,,,,,
arrays-even-odd-g2,2,g2a-01-02,i1,content/courses/arrays-even-odd-g2/lessons/g2a-01-02.json,oddEvenPairs,17 ends in 7. Odd or even?,"odd=""Odd"" | even=""Even""",odd,Odd,The ten inside 17 pairs perfectly; the 7 ones leave one alone — odd.,KEEP,"Prediction precedes a direct causal model, retains the learner choice, and explains the observed outcome.",,,,,,,
arrays-even-odd-g2,2,g2a-01-03,i1,content/courses/arrays-even-odd-g2/lessons/g2a-01-03.json,oddEvenPairs,8 + 8: could the sum be odd?,"no=""No — doubles are always even"" | maybe=""Sometimes""",no,No — doubles are always even,Each counter in one 8 pairs with a twin in the other 8 — no leftover is possible.,KEEP,"Prediction precedes a direct causal model, retains the learner choice, and explains the observed outcome.",,,,,,,
arrays-even-odd-g2,2,g2a-01-04,i1,content/courses/arrays-even-odd-g2/lessons/g2a-01-04.json,oddEvenPairs,18 as a double: which sum?,"nine=""9 + 9"" | unequal=""10 + 8""",nine,9 + 9,10 + 8 reaches 18 but the groups differ — a double demands two equal nines.,KEEP,"Prediction precedes a direct causal model, retains the learner choice, and explains the observed outcome.",,,,,,,
arrays-even-odd-g2,2,g2a-02-01,i1,content/courses/arrays-even-odd-g2/lessons/g2a-02-01.json,tapDiagram,"In a 3-by-4 array, how many counters share row 2?","four=""4 — one per column"" | three=""3 — one per row""",four,4 — one per column,"A row stretches across every column, so row 2 holds one counter for each of the 4 columns.",KEEP,"Prediction precedes a direct causal model, retains the learner choice, and explains the observed outcome.",,,,,,,
arrays-even-odd-g2,2,g2a-02-02,i1,content/courses/arrays-even-odd-g2/lessons/g2a-02-02.json,tapDiagram,3 rows of 4: what does the running total look like?,"steps=""4, 8, 12 — equal steps"" | rand=""4, 7, 12 — uneven""",steps,"4, 8, 12 — equal steps","Every row adds the same 4, so the total climbs in equal steps of four.",KEEP,"Prediction precedes a direct causal model, retains the learner choice, and explains the observed outcome.",,,,,,,
arrays-even-odd-g2,2,g2a-02-03,i1,content/courses/arrays-even-odd-g2/lessons/g2a-02-03.json,tapDiagram,Rows say 12. What must the columns say?,"same=""12 — the same total"" | diff=""Something different""",same,12 — the same total,"No counter moved, so both counting paths must land on 12.",KEEP,"Prediction precedes a direct causal model, retains the learner choice, and explains the observed outcome.",,,,,,,
arrays-even-odd-g2,2,g2a-03-01,i1,content/courses/arrays-even-odd-g2/lessons/g2a-03-01.json,tapDiagram,4 rows of 6: how many addends in the repeated sum?,"four=""4 addends of 6"" | six=""6 addends of 4""",four,4 addends of 6,"By rows, each of the 4 rows contributes one 6 — four sixes.",KEEP,"Prediction precedes a direct causal model, retains the learner choice, and explains the observed outcome.",,,,,,,
arrays-even-odd-g2,2,g2a-03-02,i1,content/courses/arrays-even-odd-g2/lessons/g2a-03-02.json,tapDiagram,Reshape 12 counters from 2-by-6 into 3-by-4. Does the count change?,"no=""No — still 12"" | yes=""Yes""",no,No — still 12,Rearranging moves counters; it never creates or destroys them. Both shapes hold 12.,KEEP,"Prediction precedes a direct causal model, retains the learner choice, and explains the observed outcome.",,,,,,,
arrays-even-odd-g2,2,g2a-03-03,i1,content/courses/arrays-even-odd-g2/lessons/g2a-03-03.json,tapDiagram,A muffin tin has 3 rows of 4. Which sum totals it by rows?,"right=""4 + 4 + 4"" | wrong=""3 + 4""",right,4 + 4 + 4,"Three rows, each worth 4 muffins — three fours, added in stages.",KEEP,"Prediction precedes a direct causal model, retains the learner choice, and explains the observed outcome.",,,,,,,
binomial-theorem,12,bt-01-01,i1,content/courses/binomial-theorem/lessons/bt-01-01.json,binomialAreaLab,Is (a + b)² equal to a² + b²?,"yes=""Yes — the square distributes over the sum"" | no=""No — something extra appears"" | sometimes=""Only when a and b are both positive""",no,No — something extra appears,"Two cross terms appear: (a + b)² = a² + 2ab + b². On the rectangle they are the two strips between the corner squares, and they have real area — so dropping them is not a simplification, it is a different number. Test it with a = b = 1: 4, not 2.",KEEP,"Prediction precedes a direct causal model, retains the learner choice, and explains the observed outcome.",,,,,,,
binomial-theorem,12,bt-01-02,i1,content/courses/binomial-theorem/lessons/bt-01-02.json,binomialAreaLab,Pascal's triangle starts with row 0. Which row holds the coefficients of (a + b)⁴?,"r3=""Row 3"" | r4=""Row 4"" | r5=""Row 5""",r4,Row 4,"Row n serves (a + b)ⁿ, because the numbering starts at row 0 for (a + b)⁰ = 1. Row 4 reads 1 4 6 4 1. Counting the top row as ‘row 1’ shifts every coefficient by one place and is the classic source of wrong answers here.",KEEP,"Prediction precedes a direct causal model, retains the learner choice, and explains the observed outcome.",,,,,,,
binomial-theorem,12,bt-01-03,i1,content/courses/binomial-theorem/lessons/bt-01-03.json,treeDiagram,"In (a + b)⁴, the coefficient of a²b² counts what?","ways=""The ways to pick which 2 of the 4 brackets give the b"" | product=""The product 2 × 2"" | sum=""The sum 2 + 2""",ways,The ways to pick which 2 of the 4 brackets give the b,"Each term is a choice sequence, so collecting like terms is counting sequences. Choosing 2 brackets out of 4 can be done C(4,2) = 6 ways, which is precisely row 4's middle entry. The combinations from probability were the coefficients all along.",KEEP,"Prediction precedes a direct causal model, retains the learner choice, and explains the observed outcome.",,,,,,,
binomial-theorem,12,bt-02-01,i1,content/courses/binomial-theorem/lessons/bt-02-01.json,binomialAreaLab,"In every term C(n,k)·aⁿ⁻ᵏ·bᵏ, what do the two exponents always add to?","n=""n"" | k=""k"" | 2n=""2n""",n,n,"(n − k) + k = n identically, so every term's exponents total n no matter which term you are in. That is the cheapest error-check available: write a term, add its exponents, and if the total is not n something has gone wrong before any arithmetic was attempted.",KEEP,"Prediction precedes a direct causal model, retains the learner choice, and explains the observed outcome.",,,,,,,
binomial-theorem,12,bt-02-02,i1,content/courses/binomial-theorem/lessons/bt-02-02.json,binomialAreaLab,"In (a + b)⁷, which k gives the term containing b³?","k3=""k = 3"" | k4=""k = 4"" | k7=""k = 7""",k3,k = 3,"k IS the exponent on b, always — so b³ means k = 3 and the coefficient is C(7,3) = 35. The tempting C(7,4) comes from reading k off the power of a instead, and here it happens to give 35 as well, which hides the error. In (a + b)⁸ the same slip would give 70 instead of 56.",KEEP,"Prediction precedes a direct causal model, retains the learner choice, and explains the observed outcome.",,,,,,,
binomial-theorem,12,bt-02-03,i1,content/courses/binomial-theorem/lessons/bt-02-03.json,treeDiagram,Four fair coin flips. Is ‘exactly 2 heads’ more likely than ‘exactly 4 heads’?,"yes=""Yes — by a lot"" | no=""No — all counts are equally likely"" | same=""They are exactly equal""",yes,Yes — by a lot,"Six of the sixteen paths give exactly two heads, but only one gives four. 6/16 against 1/16. Counts in the middle collect far more paths, which is Pascal's row 1 4 6 4 1 acting as a probability distribution.",KEEP,"Prediction precedes a direct causal model, retains the learner choice, and explains the observed outcome.",,,,,,,
bivariate-statistics,8,bv-01-01,i1,content/courses/bivariate-statistics/lessons/bv-01-01.json,plotPoint,"The plant is 3 weeks old and 5 cm tall. Would plotting (5, 3) land on the same spot as (3, 5)?","different=""No — a different spot"" | same=""Yes — the same spot"" | depends=""Depends on the grid""",different,No — a different spot,"Order carries meaning: the first number is always the across, the second the up. Swap them and the plant teleports.",KEEP,"Prediction precedes a direct causal model, retains the learner choice, and explains the observed outcome.",,,,,,,
bivariate-statistics,8,bv-01-02,i1,content/courses/bivariate-statistics/lessons/bv-01-02.json,mcq,Can a scatter plot show a real association even when the dots DON'T form a perfect line?,"yes=""Yes — a loose band still tells a story"" | no=""No — association needs a perfect line"" | ten=""Only with at least ten dots""",yes,Yes — a loose band still tells a story,"Association is about the overall drift, not perfection — dots can scatter around a trend and still rise together convincingly.",REMOVE,The attached surface does not meet the direct-manipulation and visible-consequence threshold.,,,,,,,
bivariate-statistics,8,bv-01-03,i1,content/courses/bivariate-statistics/lessons/bv-01-03.json,mcq,One dot sits far off the rising band. Does that single dot erase the overall pattern?,"no=""No — the pattern stands; the dot is unusual"" | yes=""Yes — no pattern anymore"" | error=""The dot must be a mistake""",no,No — the pattern stands; the dot is unusual,"A lone far-off point is an outlier — worth investigating, but the band of dots still carries the relationship. One stranger doesn't dissolve a crowd.",REMOVE,The attached surface does not meet the direct-manipulation and visible-consequence threshold.,,,,,,,
bivariate-statistics,8,bv-02-01,e1,content/courses/bivariate-statistics/lessons/bv-02-01.json,scatterFit,"The cloud climbs from about (1, 3) to (6, 10). The best-fit slope is closest to…","ratio=""1.4 — up 7 over 5 across"" | rise=""7 — the total rise"" | flat=""0 — clouds don't have slopes""",ratio,1.4 — up 7 over 5 across,End to end the cloud rises 7 while running 5: slope ≈ 7/5 = 1.4 per unit. A fit line's slope is the cloud's average climb RATE — quoting 7 takes the rise and forgets the run.,KEEP,"Prediction precedes a direct causal model, retains the learner choice, and explains the observed outcome.",,,,,,,
bivariate-statistics,8,bv-02-02,i1,content/courses/bivariate-statistics/lessons/bv-02-02.json,scatterFit,"These points climb as x grows. Will the best-fit line slope UPWARD, DOWNWARD, or lie flat?","up=""Upward"" | down=""Downward"" | flat=""Flat""",up,Upward,Rising points mean a positive association — the line that hugs them must climb too. Direction comes before any exact slope.,KEEP,"Prediction precedes a direct causal model, retains the learner choice, and explains the observed outcome.",,,,,,,
bivariate-statistics,8,bv-03-01,i1,content/courses/bivariate-statistics/lessons/bv-03-01.json,scatterFit,These points rise 2 for every 1 across. Will a line with slope 1 be too SHALLOW or too STEEP for them?,"shallow=""Too shallow"" | steep=""Too steep"" | right=""Just right""",shallow,Too shallow,A slope-1 line climbs only half as fast as these points do — it falls behind them more with every step across.,KEEP,"Prediction precedes a direct causal model, retains the learner choice, and explains the observed outcome.",,,,,,,
bivariate-statistics,8,bv-03-02,i1,content/courses/bivariate-statistics/lessons/bv-03-02.json,mcq,"The plan costs y = 2x + 10. If you used ZERO gigabytes, which number would you still pay?","ten=""The 10"" | two=""The 2"" | zero=""Nothing — $0""",ten,The 10,"At x = 0 the 2x term vanishes and the 10 remains — the intercept is the cost of just having the plan, before any usage.",REMOVE,The attached surface does not meet the direct-manipulation and visible-consequence threshold.,,,,,,,
bivariate-statistics,8,bv-03-03,i1,content/courses/bivariate-statistics/lessons/bv-03-03.json,mcq,A line was fit to data from x = 1 to 10. Does the line KNOW what happens beyond x = 10?,"no=""No — it just extends the pattern on faith"" | yes=""Yes — math extends knowledge"" | better=""Beyond the data it's MORE accurate""",no,No — it just extends the pattern on faith,"The line only ever saw x = 1 to 10 — past that it assumes the pattern continues, which the data never promised. Predictions inside the data deserve more trust.",REMOVE,The attached surface does not meet the direct-manipulation and visible-consequence threshold.,,,,,,,
bivariate-statistics,8,bv-04-03,i1,content/courses/bivariate-statistics/lessons/bv-04-03.json,samplingBiasLab,Which change reduces selection bias?,"method=""Use a representative selection method."" | size=""Only make the sample larger."" | repeat=""Repeat the same biased selection many times.""",method,Use a representative selection method.,"A larger sample reduces random variability, but only representative selection addresses systematic bias.",KEEP,"Prediction precedes a direct causal model, retains the learner choice, and explains the observed outcome.",,,,,,,
bivariate-statistics,8,bv-05-01,i1b,content/courses/bivariate-statistics/lessons/bv-05-01.json,plotPoint,A data point sits ABOVE the fitted line. Its residual is…,"pos=""Positive — the world beat the prediction"" | neg=""Negative — being off is a deficit"" | zero=""Zero — the line already averaged it in""",pos,Positive — the world beat the prediction,"Residual = observed − predicted: above the line means the observed value is bigger, so the residual is positive. The sign encodes WHICH WAY the line was wrong — that direction is data, not noise.",KEEP,"Prediction precedes a direct causal model, retains the learner choice, and explains the observed outcome.",,,,,,,
bivariate-statistics,8,bv-05-02,i1b,content/courses/bivariate-statistics/lessons/bv-05-02.json,scatterFit,"If the true relationship is curved and you force a straight line through it, the leftovers will…","pattern=""Form a pattern — misses organized by x"" | random=""Still scatter randomly — errors are errors"" | vanish=""Vanish — fitting makes them zero""",pattern,Form a pattern — misses organized by x,"The line can't bend, so it must miss systematically: under at the ends, over in the middle (or vice versa). The residual plot turns that hidden bias into a visible U. Random scatter is what a CORRECT model leaves behind.",KEEP,"Prediction precedes a direct causal model, retains the learner choice, and explains the observed outcome.",,,,,,,
bivariate-statistics,8,bv-05-03,i1,content/courses/bivariate-statistics/lessons/bv-05-03.json,scatterFit,"When the line is fit as well as possible, its leftovers will be…","balanced=""Small and balanced — some +, some −, near-zero total"" | zero=""All exactly zero"" | positive=""All slightly positive — lines aim under to be safe""",balanced,"Small and balanced — some +, some −, near-zero total","Four points, one straight line: perfection is impossible unless the data is perfectly linear. The best line SHARES its misses — a +1 here offset by nothing worse elsewhere, no side favored. All-zero residuals on real data would mean the data was invented.",KEEP,"Prediction precedes a direct causal model, retains the learner choice, and explains the observed outcome.",,,,,,,
circle-theorems,10,cr-01-01,i1,content/courses/circle-theorems/lessons/cr-01-01.json,circleAngleExplore,The arc starts at 80°. The CENTRAL angle that cuts it off measures…,"same=""The same 80°"" | half=""Half of it (40°)"" | double=""Double it (160°)""",same,The same 80°,"A central angle and its arc share one measure — the arc is simply the slice of circle the angle's arms cut off. Pin this baseline: the surprises start next lesson, when the vertex leaves the center and the angle drops to HALF.",KEEP,"Prediction precedes a direct causal model, retains the learner choice, and explains the observed outcome.",,,,,,,
circle-theorems,10,cr-01-02,i1,content/courses/circle-theorems/lessons/cr-01-02.json,circleAngleExplore,The arc starts at 110°. The inscribed angle that watches it measures…,"half=""Half the arc (55°)"" | same=""The same as the arc (110°)"" | double=""Double the arc (220°)""",half,Half the arc (55°),"It reads 55° — half. Only the CENTRAL angle matches its arc; every angle whose vertex sits on the circle gets exactly half, and dragging the arc will hold that ratio pinned.",KEEP,"Prediction precedes a direct causal model, retains the learner choice, and explains the observed outcome.",,,,,,,
circle-theorems,10,cr-01-03,i1,content/courses/circle-theorems/lessons/cr-01-03.json,circleAngleExplore,The arc starts at 120°. The inscribed angle that watches it measures…,"half=""Half the arc (60°)"" | same=""The same as the arc (120°)"" | double=""Double the arc (240°)""",half,Half the arc (60°),"It reads 60° — half. Only the CENTRAL angle matches its arc; every angle whose vertex sits on the circle gets exactly half, and dragging the arc will hold that ratio pinned.",KEEP,"Prediction precedes a direct causal model, retains the learner choice, and explains the observed outcome.",,,,,,,
circle-theorems,10,cr-02-01,i1,content/courses/circle-theorems/lessons/cr-02-01.json,circleMeasureExplore,Two chords in the SAME circle happen to have the same length. Must they sit the same distance from the centre?,"always=""Always — equal chords are always equally far from the centre"" | position=""Not necessarily — it depends where around the circle each one sits"" | parallel=""Only if the two chords are parallel to each other""",always,Always — equal chords are always equally far from the centre,"Always. Half the chord, the distance to the centre, and the radius form a right triangle — fix the radius and the chord and the distance has no freedom left. Slide the chord and watch the distance readout depend on length alone, never on where it sits.",KEEP,"Prediction precedes a direct causal model, retains the learner choice, and explains the observed outcome.",,,,,,,
circle-theorems,10,cr-02-02,i1,content/courses/circle-theorems/lessons/cr-02-02.json,circleMeasureExplore,Drop a perpendicular from the centre onto a chord. Where does it meet the chord?,"midpoint=""Exactly at the midpoint — always, for every chord"" | longer=""Nearer the end closer to the longer arc"" | depends=""It depends on how long the chord is""",midpoint,"Exactly at the midpoint — always, for every chord","Exactly the midpoint, every time. The two radii to the chord's ends are equal, so the triangle is isosceles and the perpendicular from the apex must bisect the base. Watch the two half-readouts stay equal to each other as you slide.",KEEP,"Prediction precedes a direct causal model, retains the learner choice, and explains the observed outcome.",,,,,,,
circle-theorems,10,cr-02-03,i1,content/courses/circle-theorems/lessons/cr-02-03.json,circleMeasureExplore,"The circle is bigger now — radius 13, chord 24. Does finding the distance to the centre need anything new?","same=""No — the same right triangle: half-chord, distance, radius"" | bigger=""Yes — larger circles need the arc formula instead"" | ratio=""Yes — you scale the previous answer by the ratio of the radii""",same,"No — the same right triangle: half-chord, distance, radius","Nothing new. Half-chord 12, radius 13, distance 5 — a 5-12-13 triangle, exactly the same machinery as the 3-4-5 and 6-8-10 before it. Chord problems are Pythagoras wearing a circle.",KEEP,"Prediction precedes a direct causal model, retains the learner choice, and explains the observed outcome.",,,,,,,
circle-theorems,10,cr-03-01,i1,content/courses/circle-theorems/lessons/cr-03-01.json,circleMeasureExplore,"Where a tangent touches the circle, what angle does it make with the radius drawn to that point?","right=""Exactly 90° — always, wherever the point of contact is"" | varies=""It varies with how far the outside point sits from the centre"" | acute=""Slightly less than 90°, since the tangent only grazes the curve""",right,"Exactly 90° — always, wherever the point of contact is","Exactly 90°, always. That right angle is what makes the tangent length √(D² − r²) — the radius, the tangent and the line to the centre form a right triangle. Slide the outside point and watch the right angle refuse to move.",KEEP,"Prediction precedes a direct causal model, retains the learner choice, and explains the observed outcome.",,,,,,,
circle-theorems,10,cr-03-02,i1,content/courses/circle-theorems/lessons/cr-03-02.json,circleMeasureExplore,"As an external point moves, how do its two tangent lengths compare?","equal=""They remain equal"" | near=""The nearer-looking tangent is shorter"" | swap=""They alternate which one is longer""",equal,They remain equal,"The radii to the tangent points form congruent right triangles with a shared hypotenuse, forcing equal tangent segments.",KEEP,"Prediction precedes a direct causal model, retains the learner choice, and explains the observed outcome.",,,,,,,
circle-theorems,10,cr-04-02,i1,content/courses/circle-theorems/lessons/cr-04-02.json,circleAngleExplore,The arc starts at 80°. The angle between the tangent and the chord measures…,"half=""Half the arc (40°)"" | same=""The same as the arc (80°)"" | double=""Double the arc (160°)""",half,Half the arc (40°),"It reads 40° — half. Only the CENTRAL angle matches its arc; every angle whose vertex sits on the circle gets exactly half, and dragging the arc will hold that ratio pinned.",KEEP,"Prediction precedes a direct causal model, retains the learner choice, and explains the observed outcome.",,,,,,,
circle-theorems,10,cr-05-01,i1,content/courses/circle-theorems/lessons/cr-05-01.json,circleMeasureExplore,A 60° arc sits in a circle of radius 6. What fraction of the whole circumference is it?,"sixth=""One sixth — because 60° is one sixth of 360°"" | depends=""It depends on the radius as well as the angle"" | sixtieth=""60/360 of the DIAMETER rather than the circumference""",sixth,One sixth — because 60° is one sixth of 360°,"One sixth, and the radius never enters the fraction. An arc is the same share of the circumference that its angle is of the full turn — (1/6)(12π) = 2π. Open the angle and watch the fraction track the angle alone.",KEEP,"Prediction precedes a direct causal model, retains the learner choice, and explains the observed outcome.",,,,,,,
circle-theorems,10,cr-05-02,i1,content/courses/circle-theorems/lessons/cr-05-02.json,circleMeasureExplore,A 90° sector takes a quarter of the circle's ARC. Does it also take a quarter of the AREA?,"same=""Yes — the same fraction of both"" | squared=""No — area scales by the square, so it takes a sixteenth"" | less=""No — area is a smaller share, since the sector narrows toward the centre""",same,Yes — the same fraction of both,"The same fraction of both. The k² rule governs SIMILAR figures scaled up; a sector is a SLICE of one fixed circle, so its angle takes the same share of everything — (1/4)(36π) = 9π. Open the angle and watch arc and area move in step.",KEEP,"Prediction precedes a direct causal model, retains the learner choice, and explains the observed outcome.",,,,,,,
circle-theorems,10,cr-05-03,i1,content/courses/circle-theorems/lessons/cr-05-03.json,circleAngleExplore,"You'll drag the arc bigger, growing one angle of the cyclic quadrilateral. Its OPPOSITE angle will…","shrink=""Shrink, keeping the sum at 180°"" | grow=""Grow along with it"" | stay=""Stay exactly the same""",shrink,"Shrink, keeping the sum at 180°","Opposite angles watch complementary arcs — one sees an arc, the other sees the REST of the circle, and those two arcs always total 360°. Halve each and the angles are locked at 180° together: one grows, the other must give way.",KEEP,"Prediction precedes a direct causal model, retains the learner choice, and explains the observed outcome.",,,,,,,
circle-theorems,10,cr-06-01,i1,content/courses/circle-theorems/lessons/cr-06-01.json,scaledCircleLab,"A circle's radius doubles, from 4 to 8. In the circumference formula C = 2πr, will the '2r' part double as well, or grow some other way?","double=""Double — 2r is built directly from r, so it scales the same way r does"" | other=""Some other way — formulas rarely scale that simply""",double,"Double — 2r is built directly from r, so it scales the same way r does","Double. 2r is just 2 times r — whatever r does, 2r does right alongside it. Doubling r doubles 2r, no more and no less.",KEEP,"Prediction precedes a direct causal model, retains the learner choice, and explains the observed outcome.",,,,,,,
compare-numbers-k,0,kcm-01-01,i1,content/courses/compare-numbers-k/lessons/kcm-01-01.json,tenFrame,More stars than 6 hearts — what does pairing leave?,"star=""A star with no heart"" | even=""Nothing left over""",star,A star with no heart,More means the pairing cannot use up the stars; at least one stands unmatched.,KEEP,"Prediction precedes a direct causal model, retains the learner choice, and explains the observed outcome.",,,,,,,
compare-numbers-k,0,kcm-01-02,i1,content/courses/compare-numbers-k/lessons/kcm-01-02.json,tenFrame,"Pairing 5 hearts with 5 stars, what remains at the end?","none=""Nothing on either side"" | one=""One extra star""",none,Nothing on either side,Equal groups use each other up exactly — that is what equal means.,KEEP,"Prediction precedes a direct causal model, retains the learner choice, and explains the observed outcome.",,,,,,,
compare-numbers-k,0,kcm-01-03,i1,content/courses/compare-numbers-k/lessons/kcm-01-03.json,tenFrame,Three elephants or five mice — which group is bigger?,"mice=""The mice — five members"" | eleph=""The elephants — they are huge""",mice,The mice — five members,Bigger counts members; the size of each member never enters the comparison.,KEEP,"Prediction precedes a direct causal model, retains the learner choice, and explains the observed outcome.",,,,,,,
compare-numbers-k,0,kcm-01-04,i1,content/courses/compare-numbers-k/lessons/kcm-01-04.json,tenFrame,Fewer stars than hearts — which side runs out first while pairing?,"stars=""The stars"" | hearts=""The hearts""",stars,The stars,"Fewer means the group that empties first, leaving the other side holding extras.",KEEP,"Prediction precedes a direct causal model, retains the learner choice, and explains the observed outcome.",,,,,,,
compare-numbers-k,0,kcm-02-01,i1,content/courses/compare-numbers-k/lessons/kcm-02-01.json,tenFrame,Groups match exactly. Now the stars are scattered about. Still equal?,"yes=""Yes — pairing does not care about position"" | no=""No — scattering changes it""",yes,Yes — pairing does not care about position,"Equal is about the pairing, and every scattered star still finds its heart.",KEEP,"Prediction precedes a direct causal model, retains the learner choice, and explains the observed outcome.",,,,,,,
compare-numbers-k,0,kcm-02-02,i1,content/courses/compare-numbers-k/lessons/kcm-02-02.json,tenFrame,A spread-out 6 against a squeezed 7 — which LOOKS bigger?,"six=""The spread-out 6"" | seven=""The squeezed 7""",six,The spread-out 6,"Spacing inflates the look of a group, which is exactly why close calls need counting.",KEEP,"Prediction precedes a direct causal model, retains the learner choice, and explains the observed outcome.",,,,,,,
compare-numbers-k,0,kcm-02-03,i1,content/courses/compare-numbers-k/lessons/kcm-02-03.json,tenFrame,"Stars count to 6, hearts to 8. Which group has more?","hearts=""Hearts — 8 comes later"" | stars=""Stars — 6 came first""",hearts,Hearts — 8 comes later,Later in the counting song means more; being counted first is not an advantage.,KEEP,"Prediction precedes a direct causal model, retains the learner choice, and explains the observed outcome.",,,,,,,
compare-numbers-k,0,kcm-02-04,i1,content/courses/compare-numbers-k/lessons/kcm-02-04.json,numberLineHop,"Which is greater, 8 or 6?","eight=""8 — it comes later in the song"" | six=""6 — it is rounder""",eight,8 — it comes later in the song,Position in the counting song is the whole meaning of greater; shape plays no part.,KEEP,"Prediction precedes a direct causal model, retains the learner choice, and explains the observed outcome.",,,,,,,
compare-numbers-k,0,kcm-03-01,i1,content/courses/compare-numbers-k/lessons/kcm-03-01.json,numberLineHop,Is 4 less than 7?,"yes=""Yes — the song says 4 first"" | no=""No""",yes,Yes — the song says 4 first,"Earlier in the counting song means less, and 4 arrives three steps before 7.",KEEP,"Prediction precedes a direct causal model, retains the learner choice, and explains the observed outcome.",,,,,,,
compare-numbers-k,0,kcm-03-02,i1,content/courses/compare-numbers-k/lessons/kcm-03-02.json,tenFrame,5 pebbles versus 5 feathers — which group has more members?,"same=""Neither — 5 is 5"" | peb=""The pebbles, being heavier""",same,Neither — 5 is 5,The numeral counts members; weight and fluff play no part in it.,KEEP,"Prediction precedes a direct causal model, retains the learner choice, and explains the observed outcome.",,,,,,,
compare-numbers-k,0,kcm-03-03,i1,content/courses/compare-numbers-k/lessons/kcm-03-03.json,numberLineHop,"Ordering 4, 2, 5, 3 smallest first — which goes FIRST?","two=""2 — the earliest in the song"" | four=""4 — it was written first""",two,2 — the earliest in the song,"Counting order follows the song, not the page; the earliest number leads the line.",KEEP,"Prediction precedes a direct causal model, retains the learner choice, and explains the observed outcome.",,,,,,,
compare-numbers-k,0,kcm-03-04,i1,content/courses/compare-numbers-k/lessons/kcm-03-04.json,numberLineHop,"Of 4, 9, 2 — which is the greatest?","nine=""9 — latest in the song"" | four=""4 — first written""",nine,9 — latest in the song,The greatest is whichever the counting song reaches last; written order is irrelevant.,KEEP,"Prediction precedes a direct causal model, retains the learner choice, and explains the observed outcome.",,,,,,,
complex-numbers,11,cn-01-01,i1,content/courses/complex-numbers/lessons/cn-01-01.json,quadraticExplore,You'll move h DOWN in y = a(x − h)² + k. Which way does the parabola slide?,"right=""To the right"" | left=""To the left"" | upward=""Straight up""",left,To the left,"Raising h moves the vertex RIGHT even though h is subtracted — (x − h)² is smallest exactly when x = h, so the low point chases h. The minus sign is why so many people guess the wrong direction.",KEEP,"Prediction precedes a direct causal model, retains the learner choice, and explains the observed outcome.",,,,,,,
complex-numbers,11,cn-01-02,i1,content/courses/complex-numbers/lessons/cn-01-02.json,numeric,To complete x² + 6x = −5 you'll add (6/2)² = 9 to both sides. The resulting k will be…,"pos=""Positive — the added 9 outweighs the −5"" | neg=""Negative — the right side started at −5"" | zero=""Exactly zero""",pos,Positive — the added 9 outweighs the −5,"The right side becomes −5 + 9 = 4. A positive k is good news: (x + 3)² = 4 unwinds to x + 3 = ±2, handing over two real solutions, x = −1 and x = −5 — both check in the original.",REMOVE,The attached surface does not meet the direct-manipulation and visible-consequence threshold.,,,,,,,
complex-numbers,11,cn-01-03,i1,content/courses/complex-numbers/lessons/cn-01-03.json,quadraticExplore,You'll move h UP in y = a(x − h)² + k. Which way does the parabola slide?,"right=""To the right"" | left=""To the left"" | upward=""Straight up""",right,To the right,"Raising h moves the vertex RIGHT even though h is subtracted — (x − h)² is smallest exactly when x = h, so the low point chases h. The minus sign is why so many people guess the wrong direction.",KEEP,"Prediction precedes a direct causal model, retains the learner choice, and explains the observed outcome.",,,,,,,
complex-numbers,11,cn-02-01,i1,content/courses/complex-numbers/lessons/cn-02-01.json,argandExplore,"Multiplying by i spins a number a quarter-turn counterclockwise. To LAND on −2 (pointing left), z must start out pointing…","up=""Straight up: z = 2i"" | left=""Left already: z = −2"" | right=""Right: z = 2""",up,Straight up: z = 2i,A quarter-turn counterclockwise carries 'up' to 'left': z = 2i spins to 2i · i = 2i² = −2. Multiplying by i never stretches anything — it only turns.,KEEP,"Prediction precedes a direct causal model, retains the learner choice, and explains the observed outcome.",,,,,,,
complex-numbers,11,cn-02-02,i1,content/courses/complex-numbers/lessons/cn-02-02.json,argandExplore,"Same quarter-turn: to land on 1 (pointing right), z must start out pointing…","down=""Straight down: z = −i"" | right=""Right already: z = 1"" | up=""Straight up: z = i""",down,Straight down: z = −i,The turn carries 'down' to 'right': −i · i = −i² = 1. Four quarter-turns bring any number home — which is exactly why i⁴ = 1 and the powers of i cycle in fours.,KEEP,"Prediction precedes a direct causal model, retains the learner choice, and explains the observed outcome.",,,,,,,
complex-numbers,11,cn-03-01,i1,content/courses/complex-numbers/lessons/cn-03-01.json,argandExplore,Adding (1 + 3i) + (3 − 2i): do the real and imaginary parts ever mix?,"no=""No — reals add to reals, imaginaries to imaginaries"" | yes=""Yes — everything melts into one number"" | signs=""Only when the signs differ""",no,"No — reals add to reals, imaginaries to imaginaries","The two axes keep separate books: 1 + 3 = 4 on the real axis, 3 − 2 = 1 on the imaginary — the sum is 4 + i, a tip-to-tail vector walk. The parts never trade places.",KEEP,"Prediction precedes a direct causal model, retains the learner choice, and explains the observed outcome.",,,,,,,
complex-numbers,11,cn-03-02,i1,content/courses/complex-numbers/lessons/cn-03-02.json,argandExplore,"Multiplying by w = 2 + 3i stretches every length by |w| = √13. To land on −1 + 5i (length √26), z's length must be…","root2=""√2 — because √13 · √2 = √26"" | root26=""√26"" | thirteen=""13""",root2,√2 — because √13 · √2 = √26,"Lengths multiply: |z| · √13 = √26 forces |z| = √2, and z = 1 + i delivers — (1 + i)(2 + 3i) = 2 + 3i + 2i − 3 = −1 + 5i. Complex multiplication is stretch-and-turn: lengths multiply while angles add.",KEEP,"Prediction precedes a direct causal model, retains the learner choice, and explains the observed outcome.",,,,,,,
complex-numbers,11,cn-03-03,i1,content/courses/complex-numbers/lessons/cn-03-03.json,argandExplore,w = 2 − 3i. Which z makes the product z × w purely REAL?,"conj=""The conjugate: 2 + 3i"" | opp=""The opposite: −2 + 3i"" | axis=""Any z on the real axis""",conj,The conjugate: 2 + 3i,A number times its conjugate is |w|²: (2 + 3i)(2 − 3i) = 4 + 9 = 13 — the imaginary parts cancel in equal and opposite pairs. That cancellation is the entire engine of complex division.,KEEP,"Prediction precedes a direct causal model, retains the learner choice, and explains the observed outcome.",,,,,,,
complex-numbers,11,cn-04-01,i1,content/courses/complex-numbers/lessons/cn-04-01.json,mcq,x² = −36. How many REAL numbers solve it?,"none=""None — no real square is negative"" | two=""Two — plus and minus 6"" | one=""One — just −6""",none,None — no real square is negative,"Squaring a real number never lands below zero — positives square positive, negatives square positive, zero squares to zero. The real line offers nothing, so the solutions step off it: x = ±6i, since (6i)² = 36i² = −36.",REMOVE,The attached surface does not meet the direct-manipulation and visible-consequence threshold.,,,,,,,
complex-numbers,11,cn-04-02,i1,content/courses/complex-numbers/lessons/cn-04-02.json,numeric,For x² − 4x + 13 = 0 you'll compute b² − 4ac. Its sign will be…,"neg=""Negative — 16 can't beat 52"" | pos=""Positive — b² is a square"" | zero=""Exactly zero""",neg,Negative — 16 can't beat 52,"b² = 16 but 4ac = 52, so the discriminant sinks to −36. Below zero means the parabola never touches the x-axis — the square root goes imaginary and both roots turn complex: x = 2 ± 3i.",REMOVE,The attached surface does not meet the direct-manipulation and visible-consequence threshold.,,,,,,,
compose-shapes-g1,1,g1s-01-01,i1,content/courses/compose-shapes-g1/lessons/g1s-01-01.json,tapDiagram,Two triangles are different colours and sizes. Are they both still triangles?,"yes=""Yes — both triangles"" | no=""No — colour changes it""",yes,Yes — both triangles,"Only sides and corners decide the shape, so colour and size can differ freely.",KEEP,"Prediction precedes a direct causal model, retains the learner choice, and explains the observed outcome.",,,,,,,
compose-shapes-g1,1,g1s-01-02,i1,content/courses/compose-shapes-g1/lessons/g1s-01-02.json,tapDiagram,A square is painted a new colour. What happens to its number of sides?,"same=""It stays 4"" | change=""It changes""",same,It stays 4,Colour is non-defining; the sides are untouched by it.,KEEP,"Prediction precedes a direct causal model, retains the learner choice, and explains the observed outcome.",,,,,,,
compose-shapes-g1,1,g1s-01-03,i1,content/courses/compose-shapes-g1/lessons/g1s-01-03.json,dragBucket,Shapes are sorted by colour instead. Will each group contain only one kind of shape?,"no=""No — mixed shapes"" | yes=""Yes — one kind""",no,No — mixed shapes,"Colour is non-defining, so a red triangle and a red square land in the same pile.",REMOVE,The attached surface does not meet the direct-manipulation and visible-consequence threshold.,,,,,,,
compose-shapes-g1,1,g1s-02-01,i1,content/courses/compose-shapes-g1/lessons/g1s-02-01.json,tapDiagram,Two shapes are joined along one edge. What happens to that shared edge?,"inside=""It goes inside"" | outside=""It stays on the outside""",inside,It goes inside,"The shared edge is covered by the join, so it is no longer part of the new outline.",KEEP,"Prediction precedes a direct causal model, retains the learner choice, and explains the observed outcome.",,,,,,,
compose-shapes-g1,1,g1s-02-02,i1,content/courses/compose-shapes-g1/lessons/g1s-02-02.json,tapDiagram,Two squares join into a rectangle. How many sides does the rectangle have?,"four=""Four"" | eight=""Eight""",four,Four,"The two joined edges are hidden inside, leaving four sides on the outside.",KEEP,"Prediction precedes a direct causal model, retains the learner choice, and explains the observed outcome.",,,,,,,
compose-shapes-g1,1,g1s-02-03,i1,content/courses/compose-shapes-g1/lessons/g1s-02-03.json,dragBucket,Six triangles meet at one centre point. How many sides does the finished outline have?,"six=""Six"" | three=""Three""",six,Six,"Each triangle contributes one outer edge, so the ring closes with six sides.",REMOVE,The attached surface does not meet the direct-manipulation and visible-consequence threshold.,,,,,,,
compose-shapes-g1,1,g1s-02-04,i1,content/courses/compose-shapes-g1/lessons/g1s-02-04.json,dragBucket,Can one outline be filled correctly in more than one way?,"yes=""Yes — several ways"" | no=""No — only one""",yes,Yes — several ways,Different combinations of pieces can each cover the same outline exactly.,REMOVE,The attached surface does not meet the direct-manipulation and visible-consequence threshold.,,,,,,,
compose-shapes-g1,1,g1s-03-01,i1,content/courses/compose-shapes-g1/lessons/g1s-03-01.json,dragBucket,Can a solid shape lie completely flat on the page?,"no=""No — it takes up space"" | yes=""Yes""",no,No — it takes up space,"A solid has thickness, so it cannot lie flat the way a drawn shape does.",REMOVE,The attached surface does not meet the direct-manipulation and visible-consequence threshold.,,,,,,,
compose-shapes-g1,1,g1s-03-02,i1,content/courses/compose-shapes-g1/lessons/g1s-03-02.json,tapDiagram,The two triangles are pushed back together. What shape returns?,"square=""The square"" | new=""Something new""",square,The square,"Composing undoes decomposing, so the original square comes back.",KEEP,"Prediction precedes a direct causal model, retains the learner choice, and explains the observed outcome.",,,,,,,
compose-shapes-g1,1,g1s-03-03,i1,content/courses/compose-shapes-g1/lessons/g1s-03-03.json,tapDiagram,You build a new shape from old pieces. How do you decide what to call it?,"attrs=""Count its sides and corners"" | pieces=""Name the pieces used""",attrs,Count its sides and corners,"A shape is named by its own defining attributes, not by what it was built from.",KEEP,"Prediction precedes a direct causal model, retains the learner choice, and explains the observed outcome.",,,,,,,
conditional-probability,10,cpr-01-01,i1,content/courses/conditional-probability/lessons/cpr-01-01.json,probabilityArea,You'll shade 3/10 of the grid. Will that cover more or less than half of it?,"more=""More than half"" | less=""Less than half"" | half=""Exactly half""",less,Less than half,Half means the numerator is half the denominator — 5/10 here — and 3 is less. Probability as shaded area makes the benchmark visible before you count a single cell.,KEEP,"Prediction precedes a direct causal model, retains the learner choice, and explains the observed outcome.",,,,,,,
conditional-probability,10,cpr-01-02,i1,content/courses/conditional-probability/lessons/cpr-01-02.json,probabilityArea,You'll shade 7/8 of the grid. Will that cover more or less than half of it?,"more=""More than half"" | less=""Less than half"" | half=""Exactly half""",more,More than half,Half means the numerator is half the denominator — 4/8 here — and 7 is more. Probability as shaded area makes the benchmark visible before you count a single cell.,KEEP,"Prediction precedes a direct causal model, retains the learner choice, and explains the observed outcome.",,,,,,,
conditional-probability,10,cpr-01-03,i1,content/courses/conditional-probability/lessons/cpr-01-03.json,spinnerSim,"Of the 12 sectors, how many are a multiple of 3 OR a multiple of 4?","seven=""7"" | six=""6"" | twelve=""12""",six,6,"6, not 7. There are four multiples of 3 and three multiples of 4 — but 12 is on both lists and is only one sector. Adding the counts overcounts every shared outcome exactly once, which is the whole reason the addition rule subtracts the overlap.",KEEP,"Prediction precedes a direct causal model, retains the learner choice, and explains the observed outcome.",,,,,,,
conditional-probability,10,cpr-02-01,i1,content/courses/conditional-probability/lessons/cpr-02-01.json,probabilityArea,You'll shade 11/26 of the grid. Will that cover more or less than half of it?,"more=""More than half"" | less=""Less than half"" | half=""Exactly half""",less,Less than half,Half means the numerator is half the denominator — 13/26 here — and 11 is less. Probability as shaded area makes the benchmark visible before you count a single cell.,KEEP,"Prediction precedes a direct causal model, retains the learner choice, and explains the observed outcome.",,,,,,,
conditional-probability,10,cpr-02-02,i1,content/courses/conditional-probability/lessons/cpr-02-02.json,probabilityArea,You'll shade 1/5 of the grid. Will that cover more or less than half of it?,"more=""More than half"" | less=""Less than half"" | half=""Exactly half""",less,Less than half,Half means the numerator is half the denominator — 2.5/5 here — and 1 is less. Probability as shaded area makes the benchmark visible before you count a single cell.,KEEP,"Prediction precedes a direct causal model, retains the learner choice, and explains the observed outcome.",,,,,,,
conditional-probability,10,cpr-02-03,i1,content/courses/conditional-probability/lessons/cpr-02-03.json,tapDiagram,"On the table, ""takes the bus OR plays a sport"" means shading…","both=""The whole bus row and the whole sport column"" | cross=""Only the cell where the row and the column cross"" | except=""Everything except that crossing cell""",both,The whole bus row and the whole sport column,"The whole row and the whole column. The crossing cell is the students who do both — it belongs to ""or"" and gets shaded, but only once. Shading only the crossing is ""and"", which is a different and much smaller group of students.",KEEP,"Prediction precedes a direct causal model, retains the learner choice, and explains the observed outcome.",,,,,,,
conditional-probability,10,cpr-03-01,i1,content/courses/conditional-probability/lessons/cpr-03-01.json,probabilityArea,You'll shade 1/3 of the grid. Will that cover more or less than half of it?,"more=""More than half"" | less=""Less than half"" | half=""Exactly half""",less,Less than half,Half means the numerator is half the denominator — 1.5/3 here — and 1 is less. Probability as shaded area makes the benchmark visible before you count a single cell.,KEEP,"Prediction precedes a direct causal model, retains the learner choice, and explains the observed outcome.",,,,,,,
conditional-probability,10,cpr-03-02,i1,content/courses/conditional-probability/lessons/cpr-03-02.json,conditionalTableLab,The same 40 students are in both P(sport | bus) and P(bus | sport). What changes when the condition reverses?,"denominator=""The denominator changes"" | numerator=""The numerator changes"" | same=""Both probabilities must stay the same""",denominator,The denominator changes,"The intersection can remain the same 40 students, but “given bus” uses the 100 bus riders while “given sport” uses the 110 sport players. Reversing a conditional changes the reference group.",KEEP,"Prediction precedes a direct causal model, retains the learner choice, and explains the observed outcome.",,,,,,,
conditional-probability,10,cpr-03-03,i1,content/courses/conditional-probability/lessons/cpr-03-03.json,probabilityArea,You'll shade 1/5 of the grid. Will that cover more or less than half of it?,"more=""More than half"" | less=""Less than half"" | half=""Exactly half""",less,Less than half,Half means the numerator is half the denominator — 2.5/5 here — and 1 is less. Probability as shaded area makes the benchmark visible before you count a single cell.,KEEP,"Prediction precedes a direct causal model, retains the learner choice, and explains the observed outcome.",,,,,,,
conditional-probability,10,cpr-03-04,i1,content/courses/conditional-probability/lessons/cpr-03-04.json,probabilityArea,You'll shade 5/14 of the grid. Will that cover more or less than half of it?,"more=""More than half"" | less=""Less than half"" | half=""Exactly half""",less,Less than half,Half means the numerator is half the denominator — 7/14 here — and 5 is less. Probability as shaded area makes the benchmark visible before you count a single cell.,KEEP,"Prediction precedes a direct causal model, retains the learner choice, and explains the observed outcome.",,,,,,,
conditional-probability,10,cpr-04-01,i1,content/courses/conditional-probability/lessons/cpr-04-01.json,probabilityArea,You'll shade 1/13 of the grid. Will that cover more or less than half of it?,"more=""More than half"" | less=""Less than half"" | half=""Exactly half""",less,Less than half,Half means the numerator is half the denominator — 6.5/13 here — and 1 is less. Probability as shaded area makes the benchmark visible before you count a single cell.,KEEP,"Prediction precedes a direct causal model, retains the learner choice, and explains the observed outcome.",,,,,,,
conditional-probability,10,cpr-04-02,i1,content/courses/conditional-probability/lessons/cpr-04-02.json,probabilityArea,You'll shade 3/10 of the grid. Will that cover more or less than half of it?,"more=""More than half"" | less=""Less than half"" | half=""Exactly half""",less,Less than half,Half means the numerator is half the denominator — 5/10 here — and 3 is less. Probability as shaded area makes the benchmark visible before you count a single cell.,KEEP,"Prediction precedes a direct causal model, retains the learner choice, and explains the observed outcome.",,,,,,,
conditional-probability,10,cpr-04-03,i1,content/courses/conditional-probability/lessons/cpr-04-03.json,spinnerSim,You'll shade 0 of the 6 equal sectors. Is that chance more or less than a coin flip?,"more=""More than 1/2"" | less=""Less than 1/2"" | half=""Exactly 1/2""",less,Less than 1/2,"Half of 6 sectors is 3, and 0 is less — so the chance 0/6 sits below 1/2. Benchmarking against a coin flip is the fastest sanity check a probability has.",KEEP,"Prediction precedes a direct causal model, retains the learner choice, and explains the observed outcome.",,,,,,,
conditional-probability,10,cpr-05-01,i1,content/courses/conditional-probability/lessons/cpr-05-01.json,treeDiagram,4 shirts and 3 hats. How many different outfits are there?,"seven=""7"" | twelve=""12"" | four=""4""",twelve,12,"12 — each of the 4 shirts pairs with each of the 3 hats, so the branches multiply. Adding gives 7, which counts the garments rather than the outfits: you are filling one slot AND another, not choosing a single item overall.",KEEP,"Prediction precedes a direct causal model, retains the learner choice, and explains the observed outcome.",,,,,,,
conditional-probability,10,cpr-05-02,i1,content/courses/conditional-probability/lessons/cpr-05-02.json,probabilityArea,You'll shade 1/6 of the grid. Will that cover more or less than half of it?,"more=""More than half"" | less=""Less than half"" | half=""Exactly half""",less,Less than half,Half means the numerator is half the denominator — 3/6 here — and 1 is less. Probability as shaded area makes the benchmark visible before you count a single cell.,KEEP,"Prediction precedes a direct causal model, retains the learner choice, and explains the observed outcome.",,,,,,,
conditional-probability,10,cpr-05-03,i1,content/courses/conditional-probability/lessons/cpr-05-03.json,probabilityArea,You'll shade 5/28 of the grid. Will that cover more or less than half of it?,"more=""More than half"" | less=""Less than half"" | half=""Exactly half""",less,Less than half,Half means the numerator is half the denominator — 14/28 here — and 5 is less. Probability as shaded area makes the benchmark visible before you count a single cell.,KEEP,"Prediction precedes a direct causal model, retains the learner choice, and explains the observed outcome.",,,,,,,
conic-sections,12,co-01-01,i1,content/courses/conic-sections/lessons/co-01-01.json,slider,p is the distance from the vertex to the focus. Sliding p LARGER makes the parabola…,"wider=""Wider"" | narrower=""Narrower"" | moved=""The same shape, just moved up""",wider,Wider,"Wider. The curve is x² = 4py, so a larger p divides x² by more and flattens it. The focus rising and the parabola opening out are one event, not two: the directrix drops by the same p, and every point on the curve stays equidistant from both.",KEEP,"Prediction precedes a direct causal model, retains the learner choice, and explains the observed outcome.",,,,,,,
conic-sections,12,co-05-02,i1,content/courses/conic-sections/lessons/co-05-02.json,conicLocusLab,What happens at the boundary ratio e = 1?,"ellipse=""The locus stays a closed ellipse"" | parabola=""The locus becomes a parabola"" | hyperbola=""The locus splits into two branches""",parabola,The locus becomes a parabola,"At e = 1, every point is equally distant from the focus and directrix, which is exactly the parabola definition.",KEEP,"Prediction precedes a direct causal model, retains the learner choice, and explains the observed outcome.",,,,,,,
constructions-and-proof,10,cp-01-01,i1,content/courses/constructions-and-proof/lessons/cp-01-01.json,compassConstruct,"When equal-radius arcs from A and B intersect, what is guaranteed about each intersection?","equal=""It is equally distant from A and B"" | midpoint=""It must be the midpoint of AB"" | right=""It lies on a circle with diameter AB""",equal,It is equally distant from A and B,"Each intersection lies on both equal-radius circles, so its distances to A and B are exactly equal.",KEEP,"Prediction precedes a direct causal model, retains the learner choice, and explains the observed outcome.",,,,,,,
constructions-and-proof,10,cp-01-01,i2b,content/courses/constructions-and-proof/lessons/cp-01-01.json,compassConstruct,A compass can copy a segment without a ruler. Can it copy an ANGLE without a protractor?,"yes=""Yes — an equal arc cuts an equal chord, and equal chords carry the angle"" | no=""No — angles need a protractor; the compass only transfers lengths"" | approx=""Only approximately — the copy is close but never exact""",yes,"Yes — an equal arc cuts an equal chord, and equal chords carry the angle","Yes, and exactly. Swing the same radius on both angles and it cuts a chord on each; make those chords equal and the angles must be equal, because equal chords on equal circles subtend equal angles. The compass transfers a length, and the length does the angle's work.",KEEP,"Prediction precedes a direct causal model, retains the learner choice, and explains the observed outcome.",,,,,,,
constructions-and-proof,10,cp-01-02,i1b,content/courses/constructions-and-proof/lessons/cp-01-02.json,compassConstruct,"Both arcs will be drawn with the SAME compass opening — one from A, one from B. Whatever point they cross at must be…","equi=""The same distance from A and from B — that is what equal radii mean"" | mid=""Exactly at the segment's midpoint"" | closerA=""Closer to whichever end the compass touched first""",equi,The same distance from A and from B — that is what equal radii mean,"An arc is every point at ONE distance from its center. Where two equal-radius arcs cross, that point is the same distance from A and from B at once — and every such point lies on the perpendicular bisector. The compass is not drawing a curve; it is making a promise about distance.",KEEP,"Prediction precedes a direct causal model, retains the learner choice, and explains the observed outcome.",,,,,,,
constructions-and-proof,10,cp-01-03,i1,content/courses/constructions-and-proof/lessons/cp-01-03.json,steppedReveal,"The construction swings one arc from V, then equal arcs from where it cut the two sides. What makes the final ray an exact bisector — not just a close one?","equidistant=""The meeting point F is the same distance from both arms, so VF must split the angle evenly"" | middle=""It is drawn through the middle of the arc, which looks halfway"" | measure=""Nothing guarantees it — you check it afterwards with a protractor""",equidistant,"The meeting point F is the same distance from both arms, so VF must split the angle evenly","Equidistance does the work. VD = VE because they are one arc from V; then F is an equal radius from BOTH D and E. Two triangles with three matching sides are congruent, so the two halves of the angle are equal — exactly, and without measuring anything.",REMOVE,The attached surface does not meet the direct-manipulation and visible-consequence threshold.,,,,,,,
constructions-and-proof,10,cp-01-03,i1b,content/courses/constructions-and-proof/lessons/cp-01-03.json,compassConstruct,"You will swing equal arcs from D and from E, the two points the first arc cut on the arms. If you open the compass WIDER, does the bisecting ray change direction?","same=""No — a wider opening moves the crossing further out, but along the same ray"" | wider=""Yes — a wider opening tilts the ray toward the wider arm"" | fails=""Yes — too wide and the ray stops bisecting at all""",same,"No — a wider opening moves the crossing further out, but along the same ray","The ray does not move. Every crossing of two EQUAL arcs from D and E is equidistant from both, and all such points lie on the one ray that splits the angle. Widening only slides the crossing further along a ray that was already fixed.",KEEP,"Prediction precedes a direct causal model, retains the learner choice, and explains the observed outcome.",,,,,,,
constructions-and-proof,10,cp-02-01,i1,content/courses/constructions-and-proof/lessons/cp-02-01.json,steppedReveal,"P sits ON the line. The construction first marks two points equidistant from P, then swings equal arcs from those. Why does that force a RIGHT angle at P?","isosceles=""The crossings are equidistant from both marks, so the line through them is the perpendicular bisector of the segment they span — and P is its midpoint"" | eyeball=""It doesn't force it — you line it up by eye and check"" | radius=""Any line drawn through two arc crossings is automatically perpendicular""",isosceles,"The crossings are equidistant from both marks, so the line through them is the perpendicular bisector of the segment they span — and P is its midpoint","The two marks are equal distances from P, so P is the MIDPOINT of the segment joining them. The crossings are equidistant from both marks, which is the definition of the perpendicular bisector of that segment — and a perpendicular bisector meets the segment square, at its midpoint, which is P.",REMOVE,The attached surface does not meet the direct-manipulation and visible-consequence threshold.,,,,,,,
constructions-and-proof,10,cp-02-01,i1b,content/courses/constructions-and-proof/lessons/cp-02-01.json,compassConstruct,"P sits ON the line, with two marks stepped off equally either side of it. Where must the crossings of two equal arcs from those marks lie?","above=""Directly above and below P — nowhere else is equidistant from both marks"" | nearer=""Nearer whichever mark the compass was opened from first"" | anywhere=""Anywhere the arcs happen to meet; the position is not fixed""",above,Directly above and below P — nowhere else is equidistant from both marks,"Directly above and below P. Equal arcs from two marks meet only on the perpendicular bisector of the segment joining them — and because the marks were stepped off equally from P, that bisector passes through P itself.",KEEP,"Prediction precedes a direct causal model, retains the learner choice, and explains the observed outcome.",,,,,,,
constructions-and-proof,10,cp-02-02,i1,content/courses/constructions-and-proof/lessons/cp-02-02.json,steppedReveal,P is OFF the line. The first arc from P cuts the line in two places. Before the rest of the construction runs — what does that pair of points already guarantee?,"equidistant=""Both are the same distance from P, so P sits on their perpendicular bisector — and that bisector is the drop"" | nearest=""One of the two is the nearest point on the line to P"" | nothing=""Nothing yet — the two points are just construction scaffolding""",equidistant,"Both are the same distance from P, so P sits on their perpendicular bisector — and that bisector is the drop","The two cuts are one arc from P, so P is equidistant from both — which puts P on the perpendicular bisector of the segment between them. That bisector is the perpendicular you are dropping; the rest of the construction just finds a second point on it so you can draw it.",REMOVE,The attached surface does not meet the direct-manipulation and visible-consequence threshold.,,,,,,,
constructions-and-proof,10,cp-02-02,i1b,content/courses/constructions-and-proof/lessons/cp-02-02.json,compassConstruct,"The first arc from external point P cuts the line at two places. What is already guaranteed about P, before any further arcs are drawn?","equidistant=""P is equidistant from both cuts — so P is on their perpendicular bisector"" | nearest=""One of the two cuts is the nearest point on the line to P"" | nothing=""Nothing yet — the cuts are only scaffolding for the next step""",equidistant,P is equidistant from both cuts — so P is on their perpendicular bisector,"P is equidistant from both cuts, because both are one arc-radius from P. That places P on the perpendicular bisector of the segment between them — and that bisector IS the perpendicular you are dropping. The rest of the construction only finds a second point on a line P was already on.",KEEP,"Prediction precedes a direct causal model, retains the learner choice, and explains the observed outcome.",,,,,,,
constructions-and-proof,10,cp-02-03,i1,content/courses/constructions-and-proof/lessons/cp-02-03.json,steppedReveal,The parallel construction copies an angle from the given line up to P. Why does copying an angle force the two lines never to meet?,"corresponding=""Equal corresponding angles at a transversal is exactly the condition for two lines to be parallel"" | distance=""Because the copy is made the same distance away from the line"" | looks=""It doesn't force it — the copy just makes them look parallel""",corresponding,Equal corresponding angles at a transversal is exactly the condition for two lines to be parallel,"Equal corresponding angles IS parallelism — it is the converse of the transversal theorem, and it is a proof rather than an appearance. The compass never measures a distance to the line; it only carries an angle, and that alone is enough.",REMOVE,The attached surface does not meet the direct-manipulation and visible-consequence threshold.,,,,,,,
constructions-and-proof,10,cp-02-03,i1b,content/courses/constructions-and-proof/lessons/cp-02-03.json,compassConstruct,"The construction copies the angle the transversal makes with the given line, up to P. Does the compass ever measure how FAR P is from the line?","never=""Never — it only carries an angle, and equal corresponding angles are enough"" | distance=""Yes — it must set the same distance, or the lines would converge"" | both=""Yes — it needs both the angle and the distance to guarantee parallel""",never,"Never — it only carries an angle, and equal corresponding angles are enough","Never. Distance never enters the construction. Equal corresponding angles at a transversal is exactly the condition for two lines to be parallel — so carrying the angle alone is a proof, and the separation between the lines is simply whatever P made it.",KEEP,"Prediction precedes a direct causal model, retains the learner choice, and explains the observed outcome.",,,,,,,
constructions-and-proof,10,cp-03-01,i1,content/courses/constructions-and-proof/lessons/cp-03-01.json,compassConstruct,You will step the compass around a circle of radius 6. What compass opening lands you exactly back at the start after six steps?,"radius=""6 — the radius itself"" | half=""3 — half the radius, since six steps is a lot"" | circumference=""About 6.3 — a sixth of the circumference""",radius,6 — the radius itself,"The radius itself. A chord equal to the radius makes an equilateral triangle with the two radii to its ends, so it subtends exactly 60° — and six 60° steps is one full lap. Set the compass to 6 and walk it round.",KEEP,"Prediction precedes a direct causal model, retains the learner choice, and explains the observed outcome.",,,,,,,
constructions-and-proof,10,cp-03-02,i1b,content/courses/constructions-and-proof/lessons/cp-03-02.json,compassConstruct,AB is the circle's diameter. The construction bisects it with equal arcs. Where must the bisector's crossing points land?,"circle=""On the circle — they become the square's other two vertices"" | inside=""Strictly inside the circle, near the center"" | anywhere=""Anywhere — it depends on the compass opening""",circle,On the circle — they become the square's other two vertices,"The perpendicular bisector of a diameter passes through the center, so it is itself a diameter line — and a diameter meets the circle at two points. Those two points, with A and B, are four circle points a quarter-turn apart: the inscribed square. The compass opening only decides where the ARCS cross; the line they fix was never in doubt.",KEEP,"Prediction precedes a direct causal model, retains the learner choice, and explains the observed outcome.",,,,,,,
constructions-and-proof,10,cp-03-03,i1b,content/courses/constructions-and-proof/lessons/cp-03-03.json,compassConstruct,The proof you are about to order rests on ONE guarantee the compass gives for free. Which is it?,"radii=""Every arc's points sit at the SAME distance from its center — equal radii, no measuring"" | perp=""The compass draws the perpendicular directly"" | mid=""The compass finds the midpoint by touch""",radii,"Every arc's points sit at the SAME distance from its center — equal radii, no measuring","The compass never measures and never aims — it only promises equal distance from its center. XA = XB and YA = YB come from that promise alone, and they are exactly the equal pairs the SSS argument in the proof will lean on. Perpendicularity and the midpoint are CONCLUSIONS, not tools.",KEEP,"Prediction precedes a direct causal model, retains the learner choice, and explains the observed outcome.",,,,,,,
constructions-and-proof,10,cp-05-03,i2,content/courses/constructions-and-proof/lessons/cp-05-03.json,mcq,A TRUE theorem is about to meet its converse. Must the converse be true as well?,"no=""No — truth doesn't automatically flow backward"" | yes=""Yes — same facts, same truth""",no,No — truth doesn't automatically flow backward,"'Divisible by 4 ⇒ divisible by 2' is true, yet 6 is divisible by 2 and not by 4 — the reverse arrow fails. A statement and its converse are separate claims, and each direction must earn its own proof.",REMOVE,The attached surface does not meet the direct-manipulation and visible-consequence threshold.,,,,,,,
coordinate-geometry,5,cg-01-01,i1,content/courses/coordinate-geometry/lessons/cg-01-01.json,plotPoint,You'll go 3 across and 5 up. Would 5 across and 3 up reach the same spot?,"no=""No — a different spot"" | yes=""Yes — the same spot""",no,No — a different spot,Across and up are different directions — trading their numbers lands you somewhere else entirely. The order IS the address.,KEEP,"Prediction precedes a direct causal model, retains the learner choice, and explains the observed outcome.",,,,,,,
coordinate-geometry,5,cg-01-02,i1,content/courses/coordinate-geometry/lessons/cg-01-02.json,plotPoint,"In the point (3, 2), which number tells you how far to go RIGHT?","first=""The first number, 3"" | second=""The second number, 2"" | either=""Either one works""",first,"The first number, 3","Coordinates always speak in the same order: across first, then up. The 3 walks you right; the 2 lifts you.",KEEP,"Prediction precedes a direct causal model, retains the learner choice, and explains the observed outcome.",,,,,,,
coordinate-geometry,5,cg-02-01,i1,content/courses/coordinate-geometry/lessons/cg-02-01.json,numberLineHop,"Rule A adds 2 each time and rule B adds 4. Both start at 0. After the same number of steps, rule B's number will be…","double=""exactly double rule A's"" | plus2=""2 more than rule A's"" | depends=""it depends how many steps you take""",double,exactly double rule A's,"Every one of B's hops is twice the size of A's, so after the same number of hops B has covered twice the distance — at every single step, not just at the end.",KEEP,"Prediction precedes a direct causal model, retains the learner choice, and explains the observed outcome.",,,,,,,
coordinate-geometry,5,cg-02-02,i1,content/courses/coordinate-geometry/lessons/cg-02-02.json,plotPoint,"The pattern starts at (1, 2). Will that point sit closer to the LEFT edge or the BOTTOM edge of the grid?","left=""Closer to the left edge"" | bottom=""Closer to the bottom edge"" | same=""The same distance from both""",left,Closer to the left edge,It stands just 1 step from the left but 2 steps up from the bottom — the smaller coordinate is the closer edge.,KEEP,"Prediction precedes a direct causal model, retains the learner choice, and explains the observed outcome.",,,,,,,
coordinate-geometry,5,cg-03-02,i1,content/courses/coordinate-geometry/lessons/cg-03-02.json,quadDrag,Can a shape be BOTH a rectangle and a parallelogram at the same time?,"yes=""Yes — every rectangle IS a parallelogram"" | no=""No — it must be one or the other"" | square=""Only squares can be both""",yes,Yes — every rectangle IS a parallelogram,"Shape families nest: a rectangle has two pairs of parallel sides, so it already qualifies as a parallelogram — one with right angles as a bonus.",KEEP,"Prediction precedes a direct causal model, retains the learner choice, and explains the observed outcome.",,,,,,,
coordinate-geometry,5,cg-04-01,i1,content/courses/coordinate-geometry/lessons/cg-04-01.json,shapeFamilyBuilder,You are about to add “4 right angles” to a shape that already has 4 sides and two pairs of parallel sides. That will make the family name…,"narrower=""more specific — fewer shapes qualify"" | wider=""more general — more shapes qualify"" | same=""unchanged — right angles don't affect the family""",narrower,more specific — fewer shapes qualify,Each attribute you require rules shapes OUT. A parallelogram becomes a rectangle exactly when the right angles are added — the family gets smaller as the description gets longer.,KEEP,"Prediction precedes a direct causal model, retains the learner choice, and explains the observed outcome.",,,,,,,
coordinate-proofs,10,cx-01-01,e1,content/courses/coordinate-proofs/lessons/cx-01-01.json,distanceGrid,"From (2, 3) to (6, 6): the run is 4 and the rise is 3. The straight-line distance is…","five=""5"" | seven=""7 — the legs added"" | four=""4 — the longer leg""",five,5,"The legs 4 and 3 frame a right triangle whose diagonal is √(16 + 9) = 5. Adding 4 + 3 = 7 measures the L-shaped walk along the streets, not the shortcut through the block.",KEEP,"Prediction precedes a direct causal model, retains the learner choice, and explains the observed outcome.",,,,,,,
coordinate-proofs,10,cx-01-02,i1,content/courses/coordinate-proofs/lessons/cx-01-02.json,distanceGrid,"A(1, 2), B(7, 10) — distance 10 apart. Drag toward the midpoint: how far will it sit from A?","half=""5 — exactly half of AB"" | avg=""Something else — averaging coordinates doesn't average the distance"" | depends=""It depends on which coordinate moved more""",half,5 — exactly half of AB,"5 — half of 10. Averaging both coordinates finds the point exactly halfway ALONG the segment, which is exactly half the distance from either end. Drag to it and read the live distance off the legs.",KEEP,"Prediction precedes a direct causal model, retains the learner choice, and explains the observed outcome.",,,,,,,
coordinate-proofs,10,cx-01-03,i1,content/courses/coordinate-proofs/lessons/cx-01-03.json,coordinateProofLab,Which evidence can prove a coordinate quadrilateral is a parallelogram?,"both=""Both pairs of opposite sides have equal slopes, or the diagonals share a midpoint"" | picture=""It looks like a slanted rectangle"" | one=""One pair of sides has similar length""",both,"Both pairs of opposite sides have equal slopes, or the diagonals share a midpoint",Coordinate proof replaces visual appearance with invariant calculations: parallel opposite sides or bisecting diagonals.,KEEP,"Prediction precedes a direct causal model, retains the learner choice, and explains the observed outcome.",,,,,,,
coordinate-proofs,10,cx-03-02,i1,content/courses/coordinate-proofs/lessons/cx-03-02.json,quadDrag,All four sides of this shape will measure exactly 5. Is that enough to make it a SQUARE?,"yes=""Yes — four equal sides settle it"" | check=""Not yet — the corners (or diagonals) still have to be checked"" | never=""It can never be a square on a slanted grid""",check,Not yet — the corners (or diagonals) still have to be checked,"Equal sides make a rhombus. Whether it is also a square is decided by one more check — right angles, or equivalently equal diagonals — and that check is exactly what the shape's own name will report.",KEEP,"Prediction precedes a direct causal model, retains the learner choice, and explains the observed outcome.",,,,,,,
coordinate-proofs,10,cx-05-01,i1,content/courses/coordinate-proofs/lessons/cx-05-01.json,distanceGrid,"A circle centred at (3, 4) is tangent to the x-axis. Which point on the axis is the circle actually touching?","below=""(3, 0) — straight down from the centre"" | origin=""(0, 0) — the origin"" | either=""Any point on the axis within reach of the radius""",below,"(3, 0) — straight down from the centre","(3, 0). Tangency means the circle touches the line at exactly one point, and that point is where the PERPENDICULAR from the centre lands — straight down, since the x-axis is horizontal. Drag to it and read the radius off the distance.",KEEP,"Prediction precedes a direct causal model, retains the learner choice, and explains the observed outcome.",,,,,,,
coordinate-proofs,10,cx-05-02,i1,content/courses/coordinate-proofs/lessons/cx-05-02.json,distanceGrid,"A cell tower at the origin covers a disk of radius 20. A house sits at (12, 16) — exactly a scaled 3–4–5 triangle away. Inside, outside, or exactly on the edge?","edge=""Exactly on the edge — no margin either way"" | inside=""Comfortably inside"" | outside=""Just outside""",edge,Exactly on the edge — no margin either way,"Exactly on the edge. 12² + 16² = 400 = 20², so the distance from the tower to the house equals the radius exactly — zero margin. Drag to the house and watch the readout land precisely on 20.",KEEP,"Prediction precedes a direct causal model, retains the learner choice, and explains the observed outcome.",,,,,,,
counting-120,1,c120-01-01,i1,content/courses/counting-120/lessons/c120-01-01.json,numberLineHop,Counting on 6 from 17 — will you pass 20?,"yes=""Yes — you land on 23"" | stop=""No — you stop at 20"" | exact=""You land right on 20""",yes,Yes — you land on 23,"17 + 6 marches straight past 20: 18, 19, 20, 21, 22, 23. Twenty is a signpost, not a wall — the counting just keeps going.",KEEP,"Prediction precedes a direct causal model, retains the learner choice, and explains the observed outcome.",,,,,,,
counting-120,1,c120-01-02,i1,content/courses/counting-120/lessons/c120-01-02.json,numberLineHop,Start at 27 and count on 4. Which family of numbers will you finish in?,"thirties=""The thirties"" | twenties=""Still the twenties"" | forties=""The forties""",thirties,The thirties,"Three counts reach 30, and one more step carries you into the thirties — counting on can cross into the next decade.",KEEP,"Prediction precedes a direct causal model, retains the learner choice, and explains the observed outcome.",,,,,,,
counting-120,1,c120-01-03,i1,content/courses/counting-120/lessons/c120-01-03.json,dragOrder,Counting past a 'nine' number like 29 — what comes next?,"tens=""The next tens number"" | twenty=""Another twenty-something"" | restart=""You start over at 1""",tens,The next tens number,"Nine fills up the ones — the next count rolls into a fresh ten. After 29 comes 30, the start of a brand-new decade.",REMOVE,The attached surface does not meet the direct-manipulation and visible-consequence threshold.,,,,,,,
counting-120,1,c120-02-01,i1,content/courses/counting-120/lessons/c120-02-01.json,matchPairs,Every row of ten ends on what kind of number?,"tens=""A tens number, like 20 or 30"" | nine=""A nine number, like 29"" | any=""It can end anywhere""",tens,"A tens number, like 20 or 30",A row finishes where its ten completes — on the round tens number. The next row starts fresh right after it.,REMOVE,The attached surface does not meet the direct-manipulation and visible-consequence threshold.,,,,,,,
counting-120,1,c120-02-02,i1,content/courses/counting-120/lessons/c120-02-02.json,matchPairs,Which digit tells you a number's ROW on the chart — the tens digit or the ones digit?,"tens=""The tens digit"" | ones=""The ones digit"" | both=""You need both equally""",tens,The tens digit,"Rows ARE tens — the tens digit names the row, and the ones digit just finds the seat inside it.",REMOVE,The attached surface does not meet the direct-manipulation and visible-consequence threshold.,,,,,,,
counting-120,1,c120-02-03,i1,content/courses/counting-120/lessons/c120-02-03.json,numberLineHop,One hop of 10 from 34 — which digit of the number will change?,"tens=""The tens digit"" | ones=""The ones digit"" | both=""Both digits""",tens,The tens digit,A ten-hop moves you a whole row: the tens digit climbs by one and the ones digit stays exactly where it was.,KEEP,"Prediction precedes a direct causal model, retains the learner choice, and explains the observed outcome.",,,,,,,
counting-120,1,c120-03-01,i1,content/courses/counting-120/lessons/c120-03-01.json,baseTenCompose,Building 47 — which digit counts the RODS?,"four=""The 4"" | seven=""The 7"" | either=""Either digit could""",four,The 4,"Position is the whole message: the 4 sits in the tens place, so it counts the rods; the 7 counts loose cubes. Flip them and you've built 74.",KEEP,"Prediction precedes a direct causal model, retains the learner choice, and explains the observed outcome.",,,,,,,
counting-120,1,c120-03-02,i1,content/courses/counting-120/lessons/c120-03-02.json,baseTenCompose,Building 13 — will it use more rods or more loose cubes?,"cubes=""More loose cubes"" | rods=""More rods"" | equal=""The same of each""",cubes,More loose cubes,"13 is one rod and three cubes — the ones outnumber the tens here, even though the 1 comes first in the number.",KEEP,"Prediction precedes a direct causal model, retains the learner choice, and explains the observed outcome.",,,,,,,
counting-120,1,c120-03-03,i1,content/courses/counting-120/lessons/c120-03-03.json,numberLineHop,"Start at 98 and count on 4. Will you finish before 100, on 100, or past 100?","past=""Past 100"" | on=""Exactly on 100"" | before=""Before 100""",past,Past 100,"Two counts reach 100 — and there are still two more, so you cross the hundred and keep going.",KEEP,"Prediction precedes a direct causal model, retains the learner choice, and explains the observed outcome.",,,,,,,
counting-120,1,c120-04-01,i1,content/courses/counting-120/lessons/c120-04-01.json,numberLineHop,"You'll take 3 equal hops of 10, right from 23. How far from 23 will you end up in total?","total=""30 away"" | add=""13 away"" | off=""20 away""",total,30 away,3 equal hops of 10 cover 10 × 3 = 30 — repeated equal jumps ARE multiplication. Adding 10 + 3 = 13 mixes up the jump size with the number of jumps.,KEEP,"Prediction precedes a direct causal model, retains the learner choice, and explains the observed outcome.",,,,,,,
counting-120,1,c120-04-02,i1,content/courses/counting-120/lessons/c120-04-02.json,baseTenCompose,47 and 74 — would they be built from the same blocks?,"different=""No — different rods AND different cubes"" | same=""Yes — the same blocks either way"" | rods=""Same rods, different cubes""",different,No — different rods AND different cubes,"Swapping the digits swaps the jobs: 47 is four rods and seven cubes, 74 is seven rods and four cubes. Same symbols, different number entirely.",KEEP,"Prediction precedes a direct causal model, retains the learner choice, and explains the observed outcome.",,,,,,,
counting-120,1,c120-04-03,i1,content/courses/counting-120/lessons/c120-04-03.json,numberLineHop,"You'll take 3 equal hops of 10, right from 90. How far from 90 will you end up in total?","total=""30 away"" | add=""13 away"" | off=""20 away""",total,30 away,3 equal hops of 10 cover 10 × 3 = 30 — repeated equal jumps ARE multiplication. Adding 10 + 3 = 13 mixes up the jump size with the number of jumps.,KEEP,"Prediction precedes a direct causal model, retains the learner choice, and explains the observed outcome.",,,,,,,
counting-120,1,c120-05-01,i1,content/courses/counting-120/lessons/c120-05-01.json,numberLineHop,45 and one more — which digit will change?,"ones=""The ones digit"" | tens=""The tens digit"" | both=""Both digits""",ones,The ones digit,One more is a single step: the ones digit ticks up to 6 and the tens digit doesn't move at all.,KEEP,"Prediction precedes a direct causal model, retains the learner choice, and explains the observed outcome.",,,,,,,
counting-120,1,c120-05-02,i1,content/courses/counting-120/lessons/c120-05-02.json,numeric,Ten more than 45 — which digit will change?,"tens=""The tens digit"" | ones=""The ones digit"" | both=""Both digits""",tens,The tens digit,Ten more is one whole row down — the tens digit climbs by one while the ones digit doesn't budge.,REMOVE,The attached surface does not meet the direct-manipulation and visible-consequence threshold.,,,,,,,
counting-120,1,c120-05-03,i1,content/courses/counting-120/lessons/c120-05-03.json,dragOrder,"From 34: ten-more then one-more, versus one-more then ten-more. Same landing?","yes=""Yes — both paths reach the same number"" | no=""No — order changes the landing"" | some=""Only for small numbers""",yes,Yes — both paths reach the same number,Both paths climb the same total — a ten and a one — so they meet at the same number. The order of the jumps is yours to choose.,REMOVE,The attached surface does not meet the direct-manipulation and visible-consequence threshold.,,,,,,,
counting-to-100-k,0,k100-01-01,i1,content/courses/counting-to-100-k/lessons/k100-01-01.json,numberLineHop,Counting on 5 from 18 — will you pass 20?,"yes=""Yes — you land on 23"" | stop=""No — you stop at 20"" | exact=""You land right on 20""",yes,Yes — you land on 23,"18 count on 5 reaches 23. 20 is a signpost, not a wall — the counting keeps going.",KEEP,"Prediction precedes a direct causal model, retains the learner choice, and explains the observed outcome.",,,,,,,
counting-to-100-k,0,k100-01-02,i1,content/courses/counting-to-100-k/lessons/k100-01-02.json,numberLineHop,Counting on 5 from 27 — will you pass 30?,"yes=""Yes — you land on 32"" | stop=""No — you stop at 30"" | exact=""You land right on 30""",yes,Yes — you land on 32,"27 count on 5 reaches 32. 30 is a signpost, not a wall — the counting keeps going.",KEEP,"Prediction precedes a direct causal model, retains the learner choice, and explains the observed outcome.",,,,,,,
counting-to-100-k,0,k100-01-03,i1,content/courses/counting-to-100-k/lessons/k100-01-03.json,numberLineHop,Counting on 6 from 38 — will you pass 40?,"yes=""Yes — you land on 44"" | stop=""No — you stop at 40"" | exact=""You land right on 40""",yes,Yes — you land on 44,"38 count on 6 reaches 44. 40 is a signpost, not a wall — the counting keeps going.",KEEP,"Prediction precedes a direct causal model, retains the learner choice, and explains the observed outcome.",,,,,,,
counting-to-100-k,0,k100-01-04,i1,content/courses/counting-to-100-k/lessons/k100-01-04.json,numberLineHop,Counting on 5 from 57 — will you pass 60?,"yes=""Yes — you land on 62"" | stop=""No — you stop at 60"" | exact=""You land right on 60""",yes,Yes — you land on 62,"57 count on 5 reaches 62. 60 is a signpost, not a wall — the counting keeps going.",KEEP,"Prediction precedes a direct causal model, retains the learner choice, and explains the observed outcome.",,,,,,,
counting-to-100-k,0,k100-01-05,i1,content/courses/counting-to-100-k/lessons/k100-01-05.json,numberLineHop,Counting on 5 from 88 — will you pass 90?,"yes=""Yes — you land on 93"" | stop=""No — you stop at 90"" | exact=""You land right on 90""",yes,Yes — you land on 93,"88 count on 5 reaches 93. 90 is a signpost, not a wall — the counting keeps going.",KEEP,"Prediction precedes a direct causal model, retains the learner choice, and explains the observed outcome.",,,,,,,
counting-to-100-k,0,k100-01-06,i1,content/courses/counting-to-100-k/lessons/k100-01-06.json,numberLineHop,Counting on 5 from 95 — will you pass 100?,"yes=""Yes — you land on 100"" | stop=""No — you stop at 100"" | exact=""You land right on 100""",exact,You land right on 100,"95 count on 5 reaches 100. 100 is a signpost, not a wall — the counting keeps going.",KEEP,"Prediction precedes a direct causal model, retains the learner choice, and explains the observed outcome.",,,,,,,
counting-to-100-k,0,k100-02-01,i1,content/courses/counting-to-100-k/lessons/k100-02-01.json,numberLineHop,One tens-hop from 10 — how far will you land?,"ten=""Ten away, on 20"" | one=""One away, on 11"" | same=""Right where you started""",ten,"Ten away, on 20","A tens-hop is one BIG jump of ten: 10 lands on 20, skipping all nine numbers between.",KEEP,"Prediction precedes a direct causal model, retains the learner choice, and explains the observed outcome.",,,,,,,
counting-to-100-k,0,k100-02-02,i1,content/courses/counting-to-100-k/lessons/k100-02-02.json,numberLineHop,One tens-hop from 70 — how far will you land?,"ten=""Ten away, on 80"" | one=""One away, on 71"" | same=""Right where you started""",ten,"Ten away, on 80","A tens-hop is one BIG jump of ten: 70 lands on 80, skipping all nine numbers between.",KEEP,"Prediction precedes a direct causal model, retains the learner choice, and explains the observed outcome.",,,,,,,
counting-to-100-k,0,k100-02-03,i1,content/courses/counting-to-100-k/lessons/k100-02-03.json,numberLineHop,"On the chart, is the square below 14 bigger or smaller than 14?","big=""Bigger — it is 24"" | small=""Smaller — it is 4"" | next=""It is the next number, 15""",big,Bigger — it is 24,"Rows count up as you go down the chart: below 14 sits 24, ten more.",KEEP,"Prediction precedes a direct causal model, retains the learner choice, and explains the observed outcome.",,,,,,,
counting-to-100-k,0,k100-02-04,i1,content/courses/counting-to-100-k/lessons/k100-02-04.json,numberLineHop,One tens-hop from 40 — how far will you land?,"ten=""Ten away, on 50"" | one=""One away, on 41"" | same=""Right where you started""",ten,"Ten away, on 50","A tens-hop is one BIG jump of ten: 40 lands on 50, skipping all nine numbers between.",KEEP,"Prediction precedes a direct causal model, retains the learner choice, and explains the observed outcome.",,,,,,,
counting-to-100-k,0,k100-02-05,i1,content/courses/counting-to-100-k/lessons/k100-02-05.json,numberLineHop,Counting BACK 20 from 60 — which way do the numbers go?,"down=""Down — you land on 40"" | up=""Up — you land on 80"" | still=""They stay at 60""",down,Down — you land on 40,Counting back walks DOWN the number line: 60 back 20 lands on 40.,KEEP,"Prediction precedes a direct causal model, retains the learner choice, and explains the observed outcome.",,,,,,,
counting-to-100-k,0,k100-03-01,i1,content/courses/counting-to-100-k/lessons/k100-03-01.json,numberLineHop,Counting on 5 from 7 — will you pass 10?,"yes=""Yes — you land on 12"" | stop=""No — you stop at 10"" | exact=""You land right on 10""",yes,Yes — you land on 12,"7 count on 5 reaches 12. 10 is a signpost, not a wall — the counting keeps going.",KEEP,"Prediction precedes a direct causal model, retains the learner choice, and explains the observed outcome.",,,,,,,
counting-to-100-k,0,k100-03-02,i1,content/courses/counting-to-100-k/lessons/k100-03-02.json,numberLineHop,Counting on 4 from 34 — will you pass 40?,"yes=""Yes — you land on 38"" | stop=""No — you stop at 40"" | exact=""You land right on 40""",stop,No — you stop at 40,"34 count on 4 reaches 38. 40 is a signpost, not a wall — the counting keeps going.",KEEP,"Prediction precedes a direct causal model, retains the learner choice, and explains the observed outcome.",,,,,,,
counting-to-100-k,0,k100-03-03,i1,content/courses/counting-to-100-k/lessons/k100-03-03.json,numberLineHop,Counting on 3 from 46 — will you pass 50?,"yes=""Yes — you land on 49"" | stop=""No — you stop at 50"" | exact=""You land right on 50""",stop,No — you stop at 50,"46 count on 3 reaches 49. 50 is a signpost, not a wall — the counting keeps going.",KEEP,"Prediction precedes a direct causal model, retains the learner choice, and explains the observed outcome.",,,,,,,
counting-to-100-k,0,k100-03-04,i1,content/courses/counting-to-100-k/lessons/k100-03-04.json,numberLineHop,Counting on 4 from 87 — will you pass 90?,"yes=""Yes — you land on 91"" | stop=""No — you stop at 90"" | exact=""You land right on 90""",yes,Yes — you land on 91,"87 count on 4 reaches 91. 90 is a signpost, not a wall — the counting keeps going.",KEEP,"Prediction precedes a direct causal model, retains the learner choice, and explains the observed outcome.",,,,,,,
counting-to-100-k,0,k100-03-05,i1,content/courses/counting-to-100-k/lessons/k100-03-05.json,numberLineHop,Counting on 1 from 29 — will you pass 30?,"yes=""Yes — you land on 30"" | stop=""No — you stop at 30"" | exact=""You land right on 30""",exact,You land right on 30,"29 count on 1 reaches 30. 30 is a signpost, not a wall — the counting keeps going.",KEEP,"Prediction precedes a direct causal model, retains the learner choice, and explains the observed outcome.",,,,,,,
counting-to-100-k,0,k100-03-06,i1,content/courses/counting-to-100-k/lessons/k100-03-06.json,numberLineHop,Counting on 1 from 72 — will you pass 73?,"yes=""Yes — you land on 73"" | stop=""No — you stop at 73"" | exact=""You land right on 73""",exact,You land right on 73,"72 count on 1 reaches 73. 73 is a signpost, not a wall — the counting keeps going.",KEEP,"Prediction precedes a direct causal model, retains the learner choice, and explains the observed outcome.",,,,,,,
counting-to-100-k,0,k100-03-07,i1,content/courses/counting-to-100-k/lessons/k100-03-07.json,numberLineHop,Counting BACK 4 from 20 — which way do the numbers go?,"down=""Down — you land on 16"" | up=""Up — you land on 24"" | still=""They stay at 20""",down,Down — you land on 16,Counting back walks DOWN the number line: 20 back 4 lands on 16.,KEEP,"Prediction precedes a direct causal model, retains the learner choice, and explains the observed outcome.",,,,,,,
counting-to-20-k,0,kc-01-03,i1,content/courses/counting-to-20-k/lessons/kc-01-03.json,numberLineHop,You'll start at 3 and hop forward 2 times. Will you land on a bigger number or a smaller one?,"bigger=""A bigger number"" | smaller=""A smaller number""",bigger,A bigger number,Hopping forward always climbs the line — every forward hop lands on a bigger number than the one before.,KEEP,"Prediction precedes a direct causal model, retains the learner choice, and explains the observed outcome.",,,,,,,
counting-to-20-k,0,kc-02-01,i2,content/courses/counting-to-20-k/lessons/kc-02-01.json,tenFrame,"The other frame shows 6. To make yours EQUAL, you need…","same=""The same: 6 dots"" | more=""One more: 7"" | fewer=""One fewer: 5""",same,The same: 6 dots,"Equal means the very same count — 6 and 6, no more, no fewer. One extra dot or one missing dot breaks the tie.",KEEP,"Prediction precedes a direct causal model, retains the learner choice, and explains the observed outcome.",,,,,,,
counting-to-20-k,0,kc-02-02,i2,content/courses/counting-to-20-k/lessons/kc-02-02.json,tenFrame,Your frame must beat 4. Which counts are greater than 4?,"past=""5, 6, 7 — anything past 4"" | five=""Only 5"" | four=""4 itself""",past,"5, 6, 7 — anything past 4","Greater means past 4 — 5 wins, 6 wins, 7 wins. Matching 4 only ties. This frame asks for 6: two whole dots past 4.",KEEP,"Prediction precedes a direct causal model, retains the learner choice, and explains the observed outcome.",,,,,,,
counting-to-20-k,0,kc-03-01,i1,content/courses/counting-to-20-k/lessons/kc-03-01.json,tenFrame,12 is a FULL frame and some extra dots. Which digit of 12 counts the extras?,"two=""The 2"" | one=""The 1"" | neither=""The digits can't say""",two,The 2,The 1 in 12 is the whole full frame — one ten. The extras past ten are the 2. Teen numbers are ten-and-some-more.,KEEP,"Prediction precedes a direct causal model, retains the learner choice, and explains the observed outcome.",,,,,,,
counting-to-20-k,0,kc-03-02,i1,content/courses/counting-to-20-k/lessons/kc-03-02.json,numberLineHop,Starting at 9 and hopping forward 3 times — bigger number or smaller number?,"bigger=""Bigger than 9"" | smaller=""Smaller than 9""",bigger,Bigger than 9,Forward means up the line — three hops from 9 finish on a bigger number every time.,KEEP,"Prediction precedes a direct causal model, retains the learner choice, and explains the observed outcome.",,,,,,,
counting-to-20-k,0,kc-03-03,i1,content/courses/counting-to-20-k/lessons/kc-03-03.json,numberLineHop,"You'll take 3 equal hops of 10, right from 0. How far from 0 will you end up in total?","total=""30 away"" | add=""13 away"" | off=""20 away""",total,30 away,3 equal hops of 10 cover 10 × 3 = 30 — repeated equal jumps ARE multiplication. Adding 10 + 3 = 13 mixes up the jump size with the number of jumps.,KEEP,"Prediction precedes a direct causal model, retains the learner choice, and explains the observed outcome.",,,,,,,
counting-to-20-k,0,kc-04-01,i1,content/courses/counting-to-20-k/lessons/kc-04-01.json,tenFrame,2 dots are here and 3 more are coming. Will the total be bigger than 3?,"bigger=""Bigger than 3"" | exactly=""Exactly 3"" | smaller=""Smaller than 3""",bigger,Bigger than 3,"Joining stacks BOTH groups together — the total holds the 3 and the 2, so it must grow past either one alone.",KEEP,"Prediction precedes a direct causal model, retains the learner choice, and explains the observed outcome.",,,,,,,
counting-to-20-k,0,kc-04-02,i1,content/courses/counting-to-20-k/lessons/kc-04-02.json,numberLineHop,"7 balloons and 2 pop! When you hop BACK to find what's left, will you land on a bigger or smaller number?","smaller=""A smaller number"" | bigger=""A bigger number""",smaller,A smaller number,"Popping takes balloons AWAY — back-hops walk down the line, so what's left is a smaller number than 7.",KEEP,"Prediction precedes a direct causal model, retains the learner choice, and explains the observed outcome.",,,,,,,
curve-analysis,13,ca-01-01,i1,content/courses/curve-analysis/lessons/ca-01-01.json,derivativeTrace,"On y = x², you need the tangent slope to read 0. Starting from x = -3, you'll find it…","right=""To the right of where you start"" | left=""To the left of where you start"" | both=""In two places — either direction works""",right,To the right of where you start,"On x² the slope at x is 2x — it climbs steadily left to right, so slope 0 lives at exactly one spot: x = 0. One slope, one place; that's what makes 2x a function of x.",KEEP,"Prediction precedes a direct causal model, retains the learner choice, and explains the observed outcome.",,,,,,,
curve-analysis,13,ca-01-02,i1,content/courses/curve-analysis/lessons/ca-01-02.json,signChart,"f(x) = x³ − 12x, so f′(x) = 3(x + 2)(x − 2), which is negative between −2 and 2. On that stretch the graph of f is…","falling=""Falling"" | below=""Below the x-axis"" | both=""Both — negative and falling""",falling,Falling,"Falling, and that is all it says. f′ < 0 is a statement about DIRECTION, never about height: at x = −1 this curve sits at +11 and is dropping fast. A chart of f′ can tell you the curve is going down; only a chart of f can tell you where it is.",KEEP,"Prediction precedes a direct causal model, retains the learner choice, and explains the observed outcome.",,,,,,,
curve-analysis,13,ca-01-03,i1b,content/courses/curve-analysis/lessons/ca-01-03.json,derivativeTrace,"This window shows f(x) = x³ on [−4, 4]. Somewhere the tangent goes flat. Will that flat point be the tallest point of the window?","flat-is-max=""Yes — flat tangent means maximum"" | flat-not-max=""No — the flat point isn't the top here"" | never-flat=""x³ never has a flat tangent""",flat-not-max,No — the flat point isn't the top here,"Drag and watch the f′ pane: it touches zero at x = 0 while the curve climbs straight past — the tallest point is the right edge, where f′ = 48.",KEEP,"Prediction precedes a direct causal model, retains the learner choice, and explains the observed outcome.",,,,,,,
curve-analysis,13,ca-02-01,i1,content/courses/curve-analysis/lessons/ca-02-01.json,signChart,f″(x) = 6x is negative for x < 0. Over there the curve is bending downward. Can it be RISING at the same time?,"yes=""Yes — bending and rising are separate questions"" | no=""No — bending down means it must be falling"" | only=""Only where f is above the axis""",yes,Yes — bending and rising are separate questions,"Yes. At x = −3 this curve has f′ = 15 — climbing steeply — while f″ = −18 bends it downward: rising, but flattening as it rises. f′ answers 'which way', f″ answers 'which way is that changing'. Two charts, two questions, and neither one constrains the other.",KEEP,"Prediction precedes a direct causal model, retains the learner choice, and explains the observed outcome.",,,,,,,
curve-analysis,13,ca-02-02,i1b,content/courses/curve-analysis/lessons/ca-02-02.json,derivativeTrace,This is f(x) = x³ − 3x. Its tangent goes flat in two places. Do you expect the second-derivative test to return the same verdict at both?,"same-verdict=""Yes — one test, one answer"" | opposite-verdict=""No — one is a max, the other a min"" | both-inconclusive=""No — f″ will be 0 at both, like the three curves above""",opposite-verdict,"No — one is a max, the other a min","Drag across both and watch the third pane: f″ = 6x, so it reads −6 at the left flat point and +6 at the right. One test, opposite signs, opposite verdicts.",KEEP,"Prediction precedes a direct causal model, retains the learner choice, and explains the observed outcome.",,,,,,,
curve-analysis,13,ca-02-03,i1,content/courses/curve-analysis/lessons/ca-02-03.json,signChart,For f(x) = x⁴ − 4x³ the second derivative f″ = 12x(x − 2) is zero at x = 0 and x = 2. At those two places the curve…,"bend=""Changes the way it bends"" | turn=""Reaches a maximum or a minimum"" | cross=""Crosses the x-axis""",bend,Changes the way it bends,"It changes its bend — these are inflection points. Maxima and minima come from f′, which here is 4x²(x − 3): a different set of places entirely. Three charts, three questions, and reading an answer off the wrong one is the most common way a sketch goes wrong.",KEEP,"Prediction precedes a direct causal model, retains the learner choice, and explains the observed outcome.",,,,,,,
curve-analysis,13,ca-03-01,i1,content/courses/curve-analysis/lessons/ca-03-01.json,secantSlope,"When endpoint B reaches the same height as A, what must happen to the secant through them?","flat=""Its slope becomes 0"" | steep=""Its slope becomes positive"" | missing=""Its slope becomes undefined""",flat,Its slope becomes 0,"Equal endpoint heights give zero rise across a nonzero run, so the secant is flat. Rolle then guarantees a parallel flat tangent strictly inside.",KEEP,"Prediction precedes a direct causal model, retains the learner choice, and explains the observed outcome.",,,,,,,
curve-analysis,13,ca-03-02,i1,content/courses/curve-analysis/lessons/ca-03-02.json,secantSlope,"Your secant from x = 1 to x = 3 will have slope 4. Between those points, the TANGENT slope will…","hits=""Hit exactly 4 somewhere"" | below=""Stay below 4 the whole way"" | above=""Stay above 4 the whole way""",hits,Hit exactly 4 somewhere,"The tangent slope 2x runs continuously from 2 up to 6 across the interval, so it must pass through 4 on the way — at c = 2. A continuous climb can't skip a value: that IS the Mean Value Theorem.",KEEP,"Prediction precedes a direct causal model, retains the learner choice, and explains the observed outcome.",,,,,,,
curve-analysis,13,ca-04-01,i1,content/courses/curve-analysis/lessons/ca-04-01.json,graphZoom,You'll zoom in at x = 0. What will the two sides of the graph do?,"blow=""Climb off the screen"" | agree=""Close in on the same height"" | differ=""Settle on two different heights""",blow,Climb off the screen,"Zooming never tames it — the graph climbs off every window near x = 0. When the values grow without bound, there is no height to agree on, so the limit does not exist.",KEEP,"Prediction precedes a direct causal model, retains the learner choice, and explains the observed outcome.",,,,,,,
curve-analysis,13,ca-04-02,i1,content/courses/curve-analysis/lessons/ca-04-02.json,signChart,f′(x) = 3x(x − 4) holds one sign — negative — all the way from x = 0 to x = 4. Over that whole interval f will…,"monotone=""Fall the entire way, with no turn in between"" | wobble=""Fall, then rise, then fall again"" | neg=""Stay negative the entire way""",monotone,"Fall the entire way, with no turn in between","Fall the whole way. A turn requires f′ to CHANGE sign, and inside an interval of the chart it does not change at all — that is what the cut marks are for. One sign, one behaviour: this is why a chart with three intervals is a complete description and not a sample.",KEEP,"Prediction precedes a direct causal model, retains the learner choice, and explains the observed outcome.",,,,,,,
curve-analysis,13,ca-04-03,i1,content/courses/curve-analysis/lessons/ca-04-03.json,derivativeTrace,"At a point where the function is increasing more steeply, what should its derivative show?","higher=""A larger positive derivative value"" | same=""The same value because height is unchanged"" | negative=""A negative derivative""",higher,A larger positive derivative value,"The derivative records local slope, so a steeper upward tangent appears as a larger positive derivative value.",KEEP,"Prediction precedes a direct causal model, retains the learner choice, and explains the observed outcome.",,,,,,,
curve-analysis,13,ca-05-01,i1b,content/courses/curve-analysis/lessons/ca-05-01.json,signChart,"V = x(12 − 2x)², so V′ = 12(x − 2)(x − 6). The chart will show V′ turning positive again past x = 6. Does the box start growing again there?","grows-again=""Yes — positive V′ means growing volume"" | fiction=""No — past 6 the base is gone; that region is fiction"" | chart-wrong=""No — the chart must be wrong about the sign""",fiction,No — past 6 the base is gone; that region is fiction,The algebra is right AND the region is fiction — both at once. At x = 6 the base 12 − 2x is zero: no box exists there or beyond. The chart reports the formula faithfully; the DOMAIN 0 < x < 6 says which columns describe a real box. That is why you state it before differentiating.,KEEP,"Prediction precedes a direct causal model, retains the learner choice, and explains the observed outcome.",,,,,,,
curve-analysis,13,ca-05-02,i1,content/courses/curve-analysis/lessons/ca-05-02.json,signChart,V′(x) = 12(x − 2)(x − 6) is zero at x = 2 and at x = 6. How many of those are real candidates for the largest box?,"one=""One — the other is not a box you could build"" | two=""Two — both are critical points"" | none=""None — you need the second derivative first""",one,One — the other is not a box you could build,"One. Cutting x = 6 from each corner of a 12-inch sheet removes the whole sheet — there is nothing left to fold, and the domain 0 < x < 6 excludes it. The algebra hands back two roots because algebra does not know what a box is. Checking the domain is not bookkeeping here; it deletes a root.",KEEP,"Prediction precedes a direct causal model, retains the learner choice, and explains the observed outcome.",,,,,,,
curve-analysis,13,ca-05-03,i1,content/courses/curve-analysis/lessons/ca-05-03.json,signChart,A′(x) = 100 − 4x is a line with negative slope. Its sign chart will read…,"pm=""Positive, then negative"" | mp=""Negative, then positive"" | pp=""Positive throughout""",pm,"Positive, then negative","Positive then negative — so the area climbs, stops, and falls away: a maximum, established by the chart alone with no second derivative anywhere in sight. A line of negative slope crosses zero exactly once and only in that direction, which is why one critical point plus one sign change is already a complete argument.",KEEP,"Prediction precedes a direct causal model, retains the learner choice, and explains the observed outcome.",,,,,,,
data-and-models,9,dm-01-01,i1,content/courses/data-and-models/lessons/dm-01-01.json,dotPlot,"Ten quiz scores are mostly 7-9, but one student scored just 2. Will the dot plot look roughly symmetric, or will it lean?","symmetric=""Roughly symmetric — one low score won't shift the overall shape much"" | lean=""It will lean — a stretched tail toward the low outlier""",lean,It will lean — a stretched tail toward the low outlier,It leans. A cluster of high scores plus one far-off low score pulls a long tail toward 2 — watch that tail appear as you build it.,KEEP,"Prediction precedes a direct causal model, retains the learner choice, and explains the observed outcome.",,,,,,,
data-and-models,9,dm-02-01,i1,content/courses/data-and-models/lessons/dm-02-01.json,scatterFit,"Minutes studied versus test score: as study time goes up, scores go up too. Will the fitted line's slope be positive or negative?","pos=""Positive — more study time, higher scores"" | neg=""Negative — more study time, lower scores""",pos,"Positive — more study time, higher scores","Positive. More of the input (minutes) goes with more of the output (score), so the line climbs left to right — a positive slope.",KEEP,"Prediction precedes a direct causal model, retains the learner choice, and explains the observed outcome.",,,,,,,
data-and-models,9,dm-02-02,i1,content/courses/data-and-models/lessons/dm-02-02.json,scatterFit,"The hours-studied scatter clusters tightly around its fitted line. Will the residuals mostly be small, or mostly be large?","small=""Small — the points hug the line closely"" | large=""Large — a tight cluster still leaves big gaps""",small,Small — the points hug the line closely,Small. A tight cluster around the line means every point's actual value is close to what the line predicted — that closeness IS what a small residual is.,KEEP,"Prediction precedes a direct causal model, retains the learner choice, and explains the observed outcome.",,,,,,,
data-and-models,9,dm-03-01,i1,content/courses/data-and-models/lessons/dm-03-01.json,scatterFit,"A plant's height was measured to the nearest whole centimetre on five different days, then a growth rate was fitted. Should the reported slope have more decimal places than the height data, the same, or fewer?","same=""About the same — matching the data's own precision"" | more=""More — decimals make it look more scientific""",same,About the same — matching the data's own precision,About the same. A calculated slope inherits its honest precision from the data that produced it — reporting more decimals than the input supports is precision the data never actually promised.,KEEP,"Prediction precedes a direct causal model, retains the learner choice, and explains the observed outcome.",,,,,,,
data-distributions,6,dd-01-02,i1,content/courses/data-distributions/lessons/dd-01-02.json,numeric,One survey answer was '0 pets'. Does that zero count as a data value?,"yes=""Yes — an answer is a value"" | no=""No — zero is nothing"" | nonzero=""Only nonzero answers count""",yes,Yes — an answer is a value,"Zero is a real answer to the question — dropping it would erase a person from the survey. Data counts responses, not just positive numbers.",REMOVE,The attached surface does not meet the direct-manipulation and visible-consequence threshold.,,,,,,,
data-distributions,6,dd-01-03,i1,content/courses/data-distributions/lessons/dd-01-03.json,samplingBiasLab,"In a data investigation, what must exist BEFORE any data gets collected?","question=""The question"" | graph=""The graph"" | average=""The average""",question,The question,"Data is an answer — without a question first, there's nothing to collect and no way to know what counts. The question steers everything after it.",KEEP,"Prediction precedes a direct causal model, retains the learner choice, and explains the observed outcome.",,,,,,,
data-distributions,6,dd-02-01,e1,content/courses/data-distributions/lessons/dd-02-01.json,dotPlot,Before you build it: which number of books will have the tallest stack of dots?,"one=""1 book"" | two=""2 books"" | three=""3 books""",two,2 books,Four students read 2 books — more than any other count — so 2 gets the tallest stack. The tallest stack in a dot plot is the mode: the most common value.,KEEP,"Prediction precedes a direct causal model, retains the learner choice, and explains the observed outcome.",,,,,,,
data-distributions,6,dd-02-02,e1,content/courses/data-distributions/lessons/dd-02-02.json,barBuilder,"A histogram's bars touch, with no gaps between them. That is because…","adjacent=""The bins sit next to each other on a number line, with nothing in between"" | equal=""The bars are always the same height"" | tidy=""It simply looks tidier that way""",adjacent,"The bins sit next to each other on a number line, with nothing in between","The bins run along a number line, and there is no space between ""10–19"" and ""20–29"" — a reading of 19.5 has to land somewhere. Bar charts separate their bars because their categories genuinely are separate things; a histogram cannot, because its categories are stretches of one continuous scale.",KEEP,"Prediction precedes a direct causal model, retains the learner choice, and explains the observed outcome.",,,,,,,
data-distributions,6,dd-02-03,i1,content/courses/data-distributions/lessons/dd-02-03.json,dotPlot,"One 1, three 2s, five 3s, three 4s, one 5. Once these are plotted, the shape will be…","sym=""Symmetric, piled up in the middle"" | low=""Clustered at the low end with a long tail"" | flat=""Spread evenly across all five values""",sym,"Symmetric, piled up in the middle","Symmetric — counts of 1, 3, 5, 3, 1, peaking at 3 and falling away evenly on both sides. Shape is the fastest thing a plot gives you: the balance point is visible here before a single mean is calculated.",KEEP,"Prediction precedes a direct causal model, retains the learner choice, and explains the observed outcome.",,,,,,,
data-distributions,6,dd-03-01,i1,content/courses/data-distributions/lessons/dd-03-01.json,barBuilder,"You'll level 3, 4, 6 and 7 cookies into equal bars. Will the shared height land BETWEEN the shortest and tallest?","between=""Between 3 and 7"" | tallest=""At the tallest, 7"" | shortest=""At the shortest, 3""",between,Between 3 and 7,Leveling moves cookies from the tall bars to the short ones — the fair share settles in the middle of the pile. That balancing point is the mean.,KEEP,"Prediction precedes a direct causal model, retains the learner choice, and explains the observed outcome.",,,,,,,
data-distributions,6,dd-03-02,i1,content/courses/data-distributions/lessons/dd-03-02.json,dragOrder,Can you spot the MEDIAN of a list without sorting it first?,"no=""No — middle means middle of the ORDERED list"" | yes=""Yes — take the middle as written"" | biggest=""Just pick the biggest""",no,No — middle means middle of the ORDERED list,"The median is the middle by SIZE, not by position on the page — sorting first is the non-negotiable move.",REMOVE,The attached surface does not meet the direct-manipulation and visible-consequence threshold.,,,,,,,
data-distributions,6,dd-03-03,i1,content/courses/data-distributions/lessons/dd-03-03.json,numeric,"Five packs weigh 4–8 pounds and one weighs 30. Will the MEAN land inside the 4–8 cluster, or above it?","above=""Above the cluster"" | inside=""Inside the cluster"" | below=""Below the cluster""",above,Above the cluster,The 30 pulls the balance point up and out of the crowd — one extreme value drags the mean toward itself. That pull is exactly why the median sometimes tells it better.,REMOVE,The attached surface does not meet the direct-manipulation and visible-consequence threshold.,,,,,,,
data-distributions,6,dd-04-02,e1,content/courses/data-distributions/lessons/dd-04-02.json,boxPlot,"In the finished box plot, about what share of the data will sit INSIDE the box (from Q1 to Q3)?","half=""About half of it"" | all=""All of it"" | quarter=""About a quarter""",half,About half of it,"The box spans the middle two quarters of the data — about half lives inside it, with a quarter out along each whisker.",KEEP,"Prediction precedes a direct causal model, retains the learner choice, and explains the observed outcome.",,,,,,,
data-distributions,6,dd-04-03,i1,content/courses/data-distributions/lessons/dd-04-03.json,numeric,"This data set has SIX values. Will its median be one of the listed numbers, or sit between two of them?","between=""Between two of them"" | listed=""Always one of the listed numbers"" | range=""It's the biggest minus the smallest""",between,Between two of them,An even count has no single middle value — the median splits the difference between the two central numbers.,REMOVE,The attached surface does not meet the direct-manipulation and visible-consequence threshold.,,,,,,,
data-distributions,6,dd-04b-01,i1,content/courses/data-distributions/lessons/dd-04b-01.json,boxPlot,"Once it is built, which part of the picture will the WHISKERS cover?","outer=""The outer quarters — the lowest 25% and the highest 25%"" | middle=""The middle half of the data"" | all=""All of the data at once""",outer,The outer quarters — the lowest 25% and the highest 25%,"The box already owns the middle half, so the two whiskers split what is left: the bottom quarter and the top quarter.",KEEP,"Prediction precedes a direct causal model, retains the learner choice, and explains the observed outcome.",,,,,,,
data-distributions,6,dd-05-01,i1,content/courses/data-distributions/lessons/dd-05-01.json,boxPlot,Whiskers reach the min and max. Will the LEFT whisker (2 to 6) be shorter or longer than the box (6 to 14)?,"shorter=""Shorter than the box"" | longer=""Longer than the box"" | equal=""The same length""",shorter,Shorter than the box,"The left whisker spans 4 while the box spans 8 — the lowest quarter of this data huddles close, and the plot's shape says so at a glance.",KEEP,"Prediction precedes a direct causal model, retains the learner choice, and explains the observed outcome.",,,,,,,
data-distributions,6,dd-05-02,i1,content/courses/data-distributions/lessons/dd-05-02.json,numeric,"The mean allowance is 20, but one value is 64. Can MOST of the values sit BELOW the mean?","yes=""Yes — one big value lifts the mean"" | no=""No — half must sit each side"" | never=""No value can be below the mean""",yes,Yes — one big value lifts the mean,"The mean balances totals, not headcounts — a single 64 hoists it above nearly everyone. Half-on-each-side is the MEDIAN's promise, not the mean's.",REMOVE,The attached surface does not meet the direct-manipulation and visible-consequence threshold.,,,,,,,
data-distributions,6,dd-05-03,i1,content/courses/data-distributions/lessons/dd-05-03.json,dragOrder,"In the full data-detective workflow, what belongs LAST — collecting the data or interpreting what it says?","interpret=""Interpreting what it says"" | collect=""Collecting the data"" | graph=""Drawing the graph""",interpret,Interpreting what it says,"Collection and graphing serve the finale: reading what the data actually answers. Interpretation is the payoff step, so it comes last.",REMOVE,The attached surface does not meet the direct-manipulation and visible-consequence threshold.,,,,,,,
data-graphs-g1,1,dgr1-01-01,i1,content/courses/data-graphs-g1/lessons/dgr1-01-01.json,graphRead,The class will ask “Which pet do you like best?” What kind of answers will they collect?,"cat=""One pet choice from each person"" | num=""A number from each person"" | story=""A long story from each person""",cat,One pet choice from each person,A survey question collects one choice per person. Choices sort into categories — and categories can be counted.,KEEP,"Prediction precedes a direct causal model, retains the learner choice, and explains the observed outcome.",,,,,,,
data-graphs-g1,1,dgr1-01-02,i1,content/courses/data-graphs-g1/lessons/dgr1-01-02.json,dragBucket,You will sort fruit into Apples and Bananas. Where does a GREEN apple go?,"ap=""With the apples"" | ba=""With the bananas"" | new=""It needs its own group""",ap,With the apples,"The rule sorts by TYPE of fruit. A green apple is still an apple, so it joins the apple group.",REMOVE,The attached surface does not meet the direct-manipulation and visible-consequence threshold.,,,,,,,
data-graphs-g1,1,dgr1-01-03,i1,content/courses/data-graphs-g1/lessons/dgr1-01-03.json,barBuilder,You will tally 7 votes for Cats. What will the row look like?,"g=""One crossed five-group and 2 singles"" | s=""7 separate single marks"" | two=""Two crossed five-groups""",g,One crossed five-group and 2 singles,"Every fifth mark crosses its group: 7 becomes one crossed five and two singles — 5, then 6, 7.",KEEP,"Prediction precedes a direct causal model, retains the learner choice, and explains the observed outcome.",,,,,,,
data-graphs-g1,1,dgr1-01-04,i1,content/courses/data-graphs-g1/lessons/dgr1-01-04.json,graphRead,The row shows 2 crossed five-groups and 2 single marks. About how many is that?,"twelve=""12 — count fives, then ones"" | four=""4 — count the bunches"" | ten=""10 — just the groups""",twelve,"12 — count fives, then ones","Each crossed group is five: 5, 10 — then the singles: 11, 12. Counting bunches as ones loses the fives.",KEEP,"Prediction precedes a direct causal model, retains the learner choice, and explains the observed outcome.",,,,,,,
data-graphs-g1,1,dgr1-02-01,i1,content/courses/data-graphs-g1/lessons/dgr1-02-01.json,barBuilder,"Cats got 6 votes and Dogs got 3. After you draw the pictures, which row will be longer?","cats=""Cats — more votes, more pictures"" | dogs=""Dogs"" | same=""The rows will match""",cats,"Cats — more votes, more pictures",One picture per vote: 6 pictures beat 3. The graph turns bigger counts into longer rows.,KEEP,"Prediction precedes a direct causal model, retains the learner choice, and explains the observed outcome.",,,,,,,
data-graphs-g1,1,dgr1-02-02,i1,content/courses/data-graphs-g1/lessons/dgr1-02-02.json,graphRead,You will count the Soccer row's pictures. What does the count tell you?,"votes=""How many chose Soccer"" | rows=""How many rows the graph has"" | kids=""How many students are in the class""",votes,How many chose Soccer,One picture per vote means the row's count IS the Soccer votes. The whole class would need every row's total.,KEEP,"Prediction precedes a direct causal model, retains the learner choice, and explains the observed outcome.",,,,,,,
data-graphs-g1,1,dgr1-02-03,i1,content/courses/data-graphs-g1/lessons/dgr1-02-03.json,barBuilder,"Cats got 6 votes and Fish got 5. After you raise the bars, how will they compare?","cats=""Cats' bar will be one gridline taller"" | same=""The bars will match"" | fish=""Fish's bar will be taller""",cats,Cats' bar will be one gridline taller,The bar's top touches its count: 6 sits one gridline above 5. Height IS the count.,KEEP,"Prediction precedes a direct causal model, retains the learner choice, and explains the observed outcome.",,,,,,,
data-graphs-g1,1,dgr1-02-04,i1,content/courses/data-graphs-g1/lessons/dgr1-02-04.json,graphRead,The Pizza bar's top touches the 7 line. How many votes is that?,"seven=""7 — the line the top touches"" | count=""You must count the bar's stripes"" | ten=""10 — the top of the scale""",seven,7 — the line the top touches,A bar graph's scale replaces counting: the top's gridline IS the count. The scale's maximum is just the chart's ceiling.,KEEP,"Prediction precedes a direct causal model, retains the learner choice, and explains the observed outcome.",,,,,,,
data-graphs-g1,1,dgr1-03-01,i1,content/courses/data-graphs-g1/lessons/dgr1-03-01.json,barBuilder,"Vans 4, Bikes 6, Cars 3. Before adding — will the total be more or less than 10?","more=""More than 10"" | less=""Less than 10"" | exact=""Exactly 10""",more,More than 10,"4 + 6 already makes 10, and Cars adds 3 more: 13 in all. Estimating first catches missed categories.",KEEP,"Prediction precedes a direct causal model, retains the learner choice, and explains the observed outcome.",,,,,,,
data-graphs-g1,1,dgr1-03-02,i1,content/courses/data-graphs-g1/lessons/dgr1-03-02.json,graphRead,"Bikes 6, Vans 4. How many more votes did Bikes get?","two=""2 — the difference"" | ten=""10 — the two together"" | six=""6 — the Bikes count""",two,2 — the difference,"“How many more” is a difference: 6 − 4 = 2. Adding gives the total instead, and 6 alone is just one bar's count.",KEEP,"Prediction precedes a direct causal model, retains the learner choice, and explains the observed outcome.",,,,,,,
data-graphs-g1,1,dgr1-03-03,i1,content/courses/data-graphs-g1/lessons/dgr1-03-03.json,barBuilder,"Red 7, Blue 4, Green 2. Once drawn, which row will be LONGEST?","red=""Red — the biggest count"" | green=""Green"" | first=""Whichever row is on top""",red,Red — the biggest count,"Row length follows count, not position: 7 pictures run longest wherever the row sits.",KEEP,"Prediction precedes a direct causal model, retains the learner choice, and explains the observed outcome.",,,,,,,
data-graphs-g1,1,dgr1-03-04,i1,content/courses/data-graphs-g1/lessons/dgr1-03-04.json,graphRead,A classmate says “Cats got the most votes”. How do you check if that is true?,"counts=""Compare every category's count"" | trust=""Believe it — they sound sure"" | first=""See which row is listed first""",counts,Compare every category's count,"Claims about data are checked against the counts, not confidence or position. The biggest count decides “most.”",KEEP,"Prediction precedes a direct causal model, retains the learner choice, and explains the observed outcome.",,,,,,,
data-line-plots-g2,2,g2g-01-01,i1,content/courses/data-line-plots-g2/lessons/g2g-01-01.json,unitRuler,"Half the group is measured in cm, half in paperclips. Comparable?","no=""No — units must match"" | yes=""Yes — numbers are numbers""",no,No — units must match,A 6 in centimeters and a 6 in paperclips are different lengths wearing the same digit.,KEEP,"Prediction precedes a direct causal model, retains the learner choice, and explains the observed outcome.",,,,,,,
data-line-plots-g2,2,g2g-01-02,i1,content/courses/data-line-plots-g2/lessons/g2g-01-02.json,barBuilder,Your record drops the repeated 6s. What is lost?,"freq=""How OFTEN 6 cm occurred"" | nothing=""Nothing important""",freq,How OFTEN 6 cm occurred,"The value 6 survives, but its three-ness dies — and frequency is what the plot will need.",KEEP,"Prediction precedes a direct causal model, retains the learner choice, and explains the observed outcome.",,,,,,,
data-line-plots-g2,2,g2g-01-03,i1,content/courses/data-line-plots-g2/lessons/g2g-01-03.json,dotPlot,The record holds six measurements. How many x's will the finished plot show?,"six=""Exactly six"" | three=""Three — one per value""",six,Exactly six,"Every measurement earns its own x; values shared by several get taller stacks, not fewer marks.",KEEP,"Prediction precedes a direct causal model, retains the learner choice, and explains the observed outcome.",,,,,,,
data-line-plots-g2,2,g2g-01-04,i1,content/courses/data-line-plots-g2/lessons/g2g-01-04.json,dotPlot,A stack of 5 x's stands over the number 8. How many data points at 8?,"five=""5 — the x's count"" | eight=""8 — the label""",five,5 — the x's count,The 8 names the value; the five x's ARE the data points standing on it.,KEEP,"Prediction precedes a direct causal model, retains the learner choice, and explains the observed outcome.",,,,,,,
data-line-plots-g2,2,g2g-01-05,i1,content/courses/data-line-plots-g2/lessons/g2g-01-05.json,dotPlot,The tallest stack has 5 x's over the value 6. The most common measurement is…,"six=""6 — the value beneath"" | five=""5 — the stack's count""",six,6 — the value beneath,The crown goes to the VALUE the peak stands on; its height merely proves the win.,KEEP,"Prediction precedes a direct causal model, retains the learner choice, and explains the observed outcome.",,,,,,,
data-line-plots-g2,2,g2g-02-01,i1,content/courses/data-line-plots-g2/lessons/g2g-02-01.json,barBuilder,The key says each picture = 1 find. Monday had 4 finds. How many pictures in its row?,"four=""4 pictures"" | one=""1 big picture""",four,4 pictures,A key of one is one-to-one: every find earns its own picture in the row.,KEEP,"Prediction precedes a direct causal model, retains the learner choice, and explains the observed outcome.",,,,,,,
data-line-plots-g2,2,g2g-02-02,i1,content/courses/data-line-plots-g2/lessons/g2g-02-02.json,graphRead,"Two rows: one clearly longer. Before counting, which category has more?","longer=""The longer row"" | cannot=""Cannot tell without counting""",longer,The longer row,"Equal-worth pictures make row length a fair proxy — longer row, larger count.",KEEP,"Prediction precedes a direct causal model, retains the learner choice, and explains the observed outcome.",,,,,,,
data-line-plots-g2,2,g2g-02-03,i1,content/courses/data-line-plots-g2/lessons/g2g-02-03.json,barBuilder,Bikes counted 6. Where must the Bikes bar stop?,"on=""Its top exactly on 6"" | near=""Anywhere near 6""",on,Its top exactly on 6,"The gridline is a promise: the top ON the number, or the graph misreports the data.",KEEP,"Prediction precedes a direct causal model, retains the learner choice, and explains the observed outcome.",,,,,,,
data-line-plots-g2,2,g2g-02-04,i1,content/courses/data-line-plots-g2/lessons/g2g-02-04.json,graphRead,"A bar's top sits between gridlines 6 and 8, exactly on 7. Its count is…","seven=""7"" | eight=""8 — round up""",seven,7,The top touches 7 and the scale does not round; bars report exactly where they stop.,KEEP,"Prediction precedes a direct causal model, retains the learner choice, and explains the observed outcome.",,,,,,,
data-line-plots-g2,2,g2g-03-01,i1,content/courses/data-line-plots-g2/lessons/g2g-03-01.json,graphRead,'How many votes on Monday and Tuesday together?' The plan is…,"readadd=""Read both bars, then add"" | tall=""Report the taller bar""",readadd,"Read both bars, then add",Together collects BOTH counts; the taller bar alone answers a different question.,KEEP,"Prediction precedes a direct causal model, retains the learner choice, and explains the observed outcome.",,,,,,,
data-line-plots-g2,2,g2g-03-02,i1,content/courses/data-line-plots-g2/lessons/g2g-03-02.json,graphRead,"Tuesday shows 5, Thursday shows 9. 'How many more on Thursday?' means…","gap=""9 − 5 = 4"" | sum=""9 + 5 = 14""",gap,9 − 5 = 4,"'More' measures the lead, not the pile — the gap between the bars is the answer.",KEEP,"Prediction precedes a direct causal model, retains the learner choice, and explains the observed outcome.",,,,,,,
data-line-plots-g2,2,g2g-03-03,i1,content/courses/data-line-plots-g2/lessons/g2g-03-03.json,barBuilder,"Twenty ribbon lengths, measured to the nearest cm. Which display?","plot=""A line plot"" | bars=""A bar per ribbon""",plot,A line plot,Twenty bars would name every ribbon; the line plot instead shows which LENGTHS repeat — the actual question.,KEEP,"Prediction precedes a direct causal model, retains the learner choice, and explains the observed outcome.",,,,,,,
decimal-fluency-g5,5,g5d-01-01,i1,content/courses/decimal-fluency-g5/lessons/g5d-01-01.json,barBuilder,"Adding 0.40 and 0.25, what size are the pieces being combined?","hund=""Hundredths, in both"" | diff=""Different sizes""",hund,"Hundredths, in both","Both are written to hundredths, so every piece is the same size and the counts simply add.",KEEP,"Prediction precedes a direct causal model, retains the learner choice, and explains the observed outcome.",,,,,,,
decimal-fluency-g5,5,g5d-01-02,i1,content/courses/decimal-fluency-g5/lessons/g5d-01-02.json,columnCalc,"Adding 3.4 + 2.25, which digits belong in the same column?","place=""Matching places"" | right=""The rightmost digits""",place,Matching places,"The point marks where the whole numbers end, so aligning it puts tenths over tenths automatically.",KEEP,"Prediction precedes a direct causal model, retains the learner choice, and explains the observed outcome.",,,,,,,
decimal-fluency-g5,5,g5d-01-03,i1,content/courses/decimal-fluency-g5/lessons/g5d-01-03.json,columnCalc,Is 3.4 the same amount as 3.40?,"same=""Yes — identical"" | bigger=""No — 3.40 is bigger""",same,Yes — identical,"The zero fills a column without adding hundredths, so the value is untouched.",KEEP,"Prediction precedes a direct causal model, retains the learner choice, and explains the observed outcome.",,,,,,,
decimal-fluency-g5,5,g5d-01-04,i1,content/courses/decimal-fluency-g5/lessons/g5d-01-04.json,columnCalc,"In 7.42 − 3.18, the hundredths are 2 − 8. What is the legal move?","trade=""Trade a tenth for ten hundredths"" | flip=""Compute 8 − 2""",trade,Trade a tenth for ten hundredths,"Flipping answers a different question. Breaking one tenth turns 2 into 12, and 12 − 8 = 4.",KEEP,"Prediction precedes a direct causal model, retains the learner choice, and explains the observed outcome.",,,,,,,
decimal-fluency-g5,5,g5d-01-05,i1,content/courses/decimal-fluency-g5/lessons/g5d-01-05.json,columnCalc,"Subtracting 5.2 − 1.47, what does writing 5.20 accomplish?","column=""Gives the hundredths a digit"" | bigger=""Makes 5.2 larger""",column,Gives the hundredths a digit,The value is unchanged; the zero simply fills the column so the borrow has somewhere to land.,KEEP,"Prediction precedes a direct causal model, retains the learner choice, and explains the observed outcome.",,,,,,,
decimal-fluency-g5,5,g5d-01-06,i1,content/courses/decimal-fluency-g5/lessons/g5d-01-06.json,estimateSlider,Is 0.35 × 4 more or less than 1?,"more=""More"" | less=""Less""",more,More,"Three groups of 0.35 already reach 1.05, so four of them pass one whole comfortably.",KEEP,"Prediction precedes a direct causal model, retains the learner choice, and explains the observed outcome.",,,,,,,
decimal-fluency-g5,5,g5d-02-01,i1,content/courses/decimal-fluency-g5/lessons/g5d-02-01.json,estimateSlider,"Estimating 4.9 × 6, which rounding helps?","five=""5 × 6"" | four=""4 × 6""",five,5 × 6,"4.9 is a whisker under 5, so rounding to 5 lands within half a unit of the exact answer.",KEEP,"Prediction precedes a direct causal model, retains the learner choice, and explains the observed outcome.",,,,,,,
decimal-fluency-g5,5,g5d-02-02,i1,content/courses/decimal-fluency-g5/lessons/g5d-02-02.json,estimateSlider,Is 0.4 × 0.3 bigger or smaller than 0.4?,"smaller=""Smaller"" | bigger=""Bigger""",smaller,Smaller,Taking three tenths OF something makes it smaller — multiplying by less than one always shrinks.,KEEP,"Prediction precedes a direct causal model, retains the learner choice, and explains the observed outcome.",,,,,,,
decimal-fluency-g5,5,g5d-02-03,i1,content/courses/decimal-fluency-g5/lessons/g5d-02-03.json,estimateSlider,0.25 × 3 gives digits 75. How many decimal places?,"two=""Two — 0.75"" | none=""None — 75""",two,Two — 0.75,"0.25 carries two places and 3 carries none, so the product carries two.",KEEP,"Prediction precedes a direct causal model, retains the learner choice, and explains the observed outcome.",,,,,,,
decimal-fluency-g5,5,g5d-02-04,i1,content/courses/decimal-fluency-g5/lessons/g5d-02-04.json,estimateSlider,"Sharing 1.44 into 4 parts, is each part more or less than 1?","less=""Less"" | more=""More""",less,Less,Four equal parts of one and a bit must each be well under a whole unit.,KEEP,"Prediction precedes a direct causal model, retains the learner choice, and explains the observed outcome.",,,,,,,
decimal-fluency-g5,5,g5d-02-05,i1,content/courses/decimal-fluency-g5/lessons/g5d-02-05.json,numberLineHop,Does scaling 7.2 ÷ 0.9 to 72 ÷ 9 change the answer?,"no=""No — unchanged"" | yes=""Yes — ten times bigger""",no,No — unchanged,"Both numbers grew by the same factor, so the ratio between them is exactly what it was.",KEEP,"Prediction precedes a direct causal model, retains the learner choice, and explains the observed outcome.",,,,,,,
decimal-fluency-g5,5,g5d-03-01,i1,content/courses/decimal-fluency-g5/lessons/g5d-03-01.json,estimateSlider,"Dividing by 0.07, how many places must the point move?","two=""Two"" | one=""One""",two,Two,"0.07 needs two shifts to become the whole number 7, and the dividend must move two as well.",KEEP,"Prediction precedes a direct causal model, retains the learner choice, and explains the observed outcome.",,,,,,,
decimal-fluency-g5,5,g5d-03-02,i1,content/courses/decimal-fluency-g5/lessons/g5d-03-02.json,estimateSlider,3.6 × 4 = 1.44 — plausible?,"no=""No — ten times too small"" | yes=""Yes""",no,No — ten times too small,"Four groups of about 3.6 land near 14, so 1.44 has the point one place out.",KEEP,"Prediction precedes a direct causal model, retains the learner choice, and explains the observed outcome.",,,,,,,
decimal-fluency-g5,5,g5d-03-03,i1,content/courses/decimal-fluency-g5/lessons/g5d-03-03.json,columnCalc,Why do prices always show two decimal places?,"cents=""Because a penny is a hundredth"" | style=""Just convention""",cents,Because a penny is a hundredth,"The smallest coin is a hundredth of a dollar, so two places name every amount exactly.",KEEP,"Prediction precedes a direct causal model, retains the learner choice, and explains the observed outcome.",,,,,,,
decimal-fluency-g5,5,g5d-03-04,i1,content/courses/decimal-fluency-g5/lessons/g5d-03-04.json,numberLineHop,74 cm in meters — bigger or smaller number?,"smaller=""Smaller — 0.74"" | bigger=""Bigger""",smaller,Smaller — 0.74,"Meters are larger units, so fewer of them cover the same ribbon and the number shrinks.",KEEP,"Prediction precedes a direct causal model, retains the learner choice, and explains the observed outcome.",,,,,,,
decimal-fluency-g5,5,g5d-03-05,i1,content/courses/decimal-fluency-g5/lessons/g5d-03-05.json,estimateSlider,4 at 1.25 then 0.80 off — total?,"420=""4.20"" | 580=""5.80""",420,4.20,"Five dollars built, then eighty cents removed — the discount subtracts rather than adds.",KEEP,"Prediction precedes a direct causal model, retains the learner choice, and explains the observed outcome.",,,,,,,
decimal-operations,5,dop-01-01,i1,content/courses/decimal-operations/lessons/dop-01-01.json,numeric,You'll evaluate 2 + 3 × 4 twice: multiply-first versus strict left-to-right. Will the answers agree?,"differ=""No — the order changes the answer"" | same=""Yes — same numbers, same answer""",differ,No — the order changes the answer,Multiply-first gives 2 + 12 = 14; left-to-right gives 5 × 4 = 20. The same three numbers land six apart — which is exactly why everyone must agree on ONE order before any expression means anything.,REMOVE,The attached surface does not meet the direct-manipulation and visible-consequence threshold.,,,,,,,
decimal-operations,5,dop-01-02,i1,content/courses/decimal-operations/lessons/dop-01-02.json,exactNumberLab,"Parentheses drop into 2 + 3 × 4, making (2 + 3) × 4. The value will…","rise=""Rise to 20 — the whole sum gets multiplied"" | same=""Stay 14 — parentheses just clarify"" | fall=""Drop below 14""",rise,Rise to 20 — the whole sum gets multiplied,Without parentheses only the 3 meets the × 4: 2 + 12 = 14. Grouping first sends the whole 5 through: 5 × 4 = 20. Parentheses aren't decoration — they reroute which numbers an operation touches.,REMOVE,The attached surface does not meet the direct-manipulation and visible-consequence threshold.,,,,,,,
decimal-operations,5,dop-02-01,i1,content/courses/decimal-operations/lessons/dop-02-01.json,areaModel,"A rectangle must keep area 168. If one side DOUBLES, the other must…","halve=""Halve"" | double=""Double too"" | stay=""Stay the same""",halve,Halve,Area locks the product: 168 = 12 × 14 = 6 × 28 — double one side and the other halves to compensate. That trade is why partial products get to CHOOSE friendly side-lengths.,KEEP,"Prediction precedes a direct causal model, retains the learner choice, and explains the observed outcome.",,,,,,,
decimal-operations,5,dop-02-02,i1,content/courses/decimal-operations/lessons/dop-02-02.json,numeric,8 × 3 = 24 in the ones column. Where does the 2 of 24 go?,"carry=""Carried to the tens — it IS 2 tens"" | beside=""Written beside the 4 in the ones"" | drop=""Dropped — only the ones digit survives""",carry,Carried to the tens — it IS 2 tens,"24 ones is 2 tens and 4 ones. The 4 stays home in the ones column; the 2 is two TENS, so it moves to the tens column as a carry. Writing '24' inside one column would scramble the place values the algorithm depends on.",REMOVE,The attached surface does not meet the direct-manipulation and visible-consequence threshold.,,,,,,,
decimal-operations,5,dop-02-02,k3,content/courses/decimal-operations/lessons/dop-02-02.json,columnCalc,"When one column creates ten or more units, what must happen before the next column is finished?","exchange=""Exchange ten units for one in the next place"" | ignore=""Ignore the extra ten"" | repeat=""Repeat the same digit""",exchange,Exchange ten units for one in the next place,A carry is a place-value exchange: ten units in one place become one unit in the next place while the total value stays unchanged.,KEEP,"Prediction precedes a direct causal model, retains the learner choice, and explains the observed outcome.",,,,,,,
decimal-operations,5,dop-02-03,i1,content/courses/decimal-operations/lessons/dop-02-03.json,columnCalc,23 × 45 splits into two rows. Those rows will be…,"forty=""23 × 5 and 23 × 40 — the 4 means forty"" | four=""23 × 5 and 23 × 4 — one digit each"" | one=""Just 23 × 45 in a single row""",forty,23 × 5 and 23 × 40 — the 4 means forty,"The 4 sits in the tens place, so the second row is 23 × 40 = 920, not 23 × 4 = 92 — that's why the algorithm shifts the second row one place left. Forgetting that shift is the classic multi-digit error. First row first: 23 × 5.",KEEP,"Prediction precedes a direct causal model, retains the learner choice, and explains the observed outcome.",,,,,,,
decimal-operations,5,dop-03-01,i1,content/courses/decimal-operations/lessons/dop-03-01.json,numberLinePlace,632 ÷ 21 is close to 630 ÷ 21 = 30. Will the true quotient be a shade more or less than 30?,"more=""A shade more"" | less=""A shade less"" | exact=""Exactly 30""",more,A shade more,"21 × 30 = 630 lands just under 632, leaving a small remainder — so the quotient sits a shade over 30. Estimating first gives the exact division a home to land in.",KEEP,"Prediction precedes a direct causal model, retains the learner choice, and explains the observed outcome.",,,,,,,
decimal-operations,5,dop-03-02,i1,content/courses/decimal-operations/lessons/dop-03-02.json,numberLineHop,How many hops of 12 fit under 37 — will 3 hops overshoot?,"fits=""No — 3 hops reach 36, still under 37"" | over=""Yes — 3 hops pass 37"" | exact=""3 hops land exactly on 37""",fits,"No — 3 hops reach 36, still under 37","12, 24, 36 — three hops stop at 36 with 1 left over; a fourth (48) would blow past. 'How many times does 12 fit into 37' IS this hop count: the first digit of the long-division quotient is a number-line fact.",KEEP,"Prediction precedes a direct causal model, retains the learner choice, and explains the observed outcome.",,,,,,,
decimal-operations,5,dop-03-03,i1,content/courses/decimal-operations/lessons/dop-03-03.json,quotientReasoningLab,"100 ÷ 15 = 6 remainder 10. For 'how many buses?', that remainder means…","up=""One more bus — 10 kids still need seats"" | ignore=""Ignore it — 6 buses is the answer"" | isAnswer=""It IS the answer — 10 buses""",up,One more bus — 10 kids still need seats,"The quotient 6 fills six buses, but the remainder is 10 CHILDREN left at the curb — they need a seventh bus even though it runs part-empty. Context decides what a remainder means, and this one rounds you UP.",KEEP,"Prediction precedes a direct causal model, retains the learner choice, and explains the observed outcome.",,,,,,,
decimal-operations,5,dop-04-01,i1,content/courses/decimal-operations/lessons/dop-04-01.json,columnCalc,"To add 3.5 + 1.75 in columns, the 3.5 first has to be written as…","pad=""3.50"" | as-is=""3.5, with the digits pushed to the right to fill the gap"" | shift=""35.0""",pad,3.50,"3.50 — because 3.5 has no hundredths, and a column with nothing in it is a column holding zero. Pushing the digits right instead would put the 5 under the 5 of 1.75, adding tenths to hundredths. The point is what marks the places; padding just says the empty ones out loud.",KEEP,"Prediction precedes a direct causal model, retains the learner choice, and explains the observed outcome.",,,,,,,
decimal-operations,5,dop-04-02,i2,content/courses/decimal-operations/lessons/dop-04-02.json,columnCalc,"Adding 0.75 + 3.80, the tenths column gives 7 + 8 = 15 tenths. That carry will travel…","ones=""Across the decimal point, into the ones column"" | stuck=""Nowhere — a carry cannot cross the decimal point"" | hundredths=""Right, into the hundredths column""",ones,"Across the decimal point, into the ones column","Straight across into the ones. Fifteen tenths is one whole and five tenths, and ""one whole"" belongs on the other side of the point. The decimal point is a label on the places, not a wall between them — carries cross it exactly as they cross from tens into hundreds.",KEEP,"Prediction precedes a direct causal model, retains the learner choice, and explains the observed outcome.",,,,,,,
decimal-operations,5,dop-04-03,i1,content/courses/decimal-operations/lessons/dop-04-03.json,moneyBoard,"You'll subtract 6.75 from 10. To line up the work, the 10 gets written as…","padded=""10.00 — decimal points stacked, zeros as placeholders"" | bare=""Just 10 — only the smaller number needs decimals"" | moved=""0.10 — slide the point to match two places""",padded,"10.00 — decimal points stacked, zeros as placeholders","Subtraction lines up PLACE VALUES, so the decimal points must stack: 10.00 − 6.75. The two zeros are placeholders that give the hundredths and tenths something to borrow from — skip them and the regrouping has nowhere to start. Change: $3.25.",KEEP,"Prediction precedes a direct causal model, retains the learner choice, and explains the observed outcome.",,,,,,,
decimal-operations,5,dop-05-01,i1,content/courses/decimal-operations/lessons/dop-05-01.json,probabilityArea,0.3 × 0.4 — both factors are less than 1. The product will be…,"smaller=""Smaller than either factor"" | between=""Between the two factors"" | bigger=""Bigger — multiplying always grows""",smaller,Smaller than either factor,"0.3 × 0.4 takes three-tenths OF four-tenths — a piece of a piece — so the product 0.12 is smaller than either factor. 'Multiplication makes bigger' only holds when a factor exceeds 1; below 1, multiplying shrinks.",KEEP,"Prediction precedes a direct causal model, retains the learner choice, and explains the observed outcome.",,,,,,,
decimal-operations,5,dop-05-02,i1,content/courses/decimal-operations/lessons/dop-05-02.json,numberLinePlace,Before you place it: is 0.24 closer to 0 or to 1?,"min=""Closer to 0"" | max=""Closer to 1"" | half=""Exactly halfway""",min,Closer to 0,0.24 sits 0.24 from 0 and 0.76 from 1 — the 0 side wins. Judging position from the endpoints first makes the exact placement easier to defend.,KEEP,"Prediction precedes a direct causal model, retains the learner choice, and explains the observed outcome.",,,,,,,
decimal-operations,5,dop-05-03,i1,content/courses/decimal-operations/lessons/dop-05-03.json,placeValueTransformLab,4.8 ÷ 6 — the dividend is smaller than the divisor. The quotient must be…,"under1=""Less than 1"" | over1=""More than 1"" | eight=""Exactly 8 — just divide 48 by 6""",under1,Less than 1,"4.8 doesn't contain even one whole group of 6, so the quotient sits below 1: 48 tenths ÷ 6 = 8 tenths = 0.8. An answer of 8 means the decimal point got dropped — that's 48 ÷ 6, ten times too big.",KEEP,"Prediction precedes a direct causal model, retains the learner choice, and explains the observed outcome.",,,,,,,
decimals-intro-g4,4,dg4-01-01,i1,content/courses/decimals-intro-g4/lessons/dg4-01-01.json,hundredthsGrid,The strip has 10 equal columns and you will shade 3 of them. How much of the whole strip is that?,"tenths=""3 tenths of the strip"" | wholes=""3 whole strips"" | hund=""3 hundredths of the strip""",tenths,3 tenths of the strip,"Each column is one of 10 equal parts — one tenth. Shading 3 columns covers 3 tenths of the whole, which the decimal 0.3 names.",KEEP,"Prediction precedes a direct causal model, retains the learner choice, and explains the observed outcome.",,,,,,,
decimals-intro-g4,4,dg4-01-02,i1,content/courses/decimals-intro-g4/lessons/dg4-01-02.json,hundredthsGrid,You will shade 5 of the 10 columns. Which decimal will name the shaded amount?,"d5=""0.5"" | d05=""0.05"" | w5=""5""",d5,0.5,Five columns is 5 tenths. The decimal puts that 5 directly after the point: 0.5.,KEEP,"Prediction precedes a direct causal model, retains the learner choice, and explains the observed outcome.",,,,,,,
decimals-intro-g4,4,dg4-01-03,i1,content/courses/decimals-intro-g4/lessons/dg4-01-03.json,hundredthsGrid,The strip runs from 0 on the left to 1 on the right. Shading 0.4 fills the strip to a point — where?,"before=""Less than halfway to 1"" | half=""Exactly halfway"" | past=""More than halfway""",before,Less than halfway to 1,"0.4 is 4 of the 10 steps from 0 to 1 — one step short of halfway. Halfway is 0.5, five steps.",KEEP,"Prediction precedes a direct causal model, retains the learner choice, and explains the observed outcome.",,,,,,,
decimals-intro-g4,4,dg4-01-04,i1,content/courses/decimals-intro-g4/lessons/dg4-01-04.json,hundredthsGrid,You will shade 6 columns. Which fraction will name the same amount as the decimal 0.6?,"f610=""6/10"" | f6100=""6/100"" | f106=""10/6""",f610,6/10,Six of ten equal parts is 6/10 — the fraction spells out what 0.6 abbreviates.,KEEP,"Prediction precedes a direct causal model, retains the learner choice, and explains the observed outcome.",,,,,,,
decimals-intro-g4,4,dg4-01-05,i1,content/courses/decimals-intro-g4/lessons/dg4-01-05.json,hundredthsGrid,"The square now has 100 cells, in 10 columns of 10. How many cells make one full column?","ten=""10 cells"" | one=""1 cell"" | hundred=""100 cells""",ten,10 cells,A column holds 10 of the 100 cells. One tenth of the square equals ten hundredths of it.,KEEP,"Prediction precedes a direct causal model, retains the learner choice, and explains the observed outcome.",,,,,,,
decimals-intro-g4,4,dg4-01-06,i1,content/courses/decimals-intro-g4/lessons/dg4-01-06.json,hundredthsGrid,You will shade 9 single cells — no full columns. Which decimal names that amount?,"d09=""0.09"" | d9=""0.9"" | w9=""9""",d09,0.09,"Nine cells is nine hundredths. With no full columns there are zero tenths, so a 0 holds the tenths place: 0.09.",KEEP,"Prediction precedes a direct causal model, retains the learner choice, and explains the observed outcome.",,,,,,,
decimals-intro-g4,4,dg4-02-01,i1,content/courses/decimals-intro-g4/lessons/dg4-02-01.json,hundredthsGrid,"To shade 0.37, how many of the 100 cells will you fill in all?","c37=""37 cells"" | c3=""3 cells"" | c73=""73 cells""",c37,37 cells,The 3 in the tenths place is worth 3 full columns — 30 cells — and the 7 adds seven more: 37 cells.,KEEP,"Prediction precedes a direct causal model, retains the learner choice, and explains the observed outcome.",,,,,,,
decimals-intro-g4,4,dg4-02-02,i1,content/courses/decimals-intro-g4/lessons/dg4-02-02.json,hundredthsGrid,"0.4 shades four full columns. Counted cell by cell, how many hundredths is that?","h40=""40 hundredths"" | h4=""4 hundredths"" | h44=""44 hundredths""",h40,40 hundredths,"Each column holds 10 cells, so four columns hold 4 × 10 = 40 cells — 40 hundredths.",KEEP,"Prediction precedes a direct causal model, retains the learner choice, and explains the observed outcome.",,,,,,,
decimals-intro-g4,4,dg4-02-03,i1,content/courses/decimals-intro-g4/lessons/dg4-02-03.json,hundredthsGrid,Two full columns (0.2) are already shaded. After adding 0.05 — five more cells — what will the total be?,"s25=""0.25"" | s7=""0.7"" | s205=""0.205""",s25,0.25,0.2 is 20 hundredths. Adding 5 hundredths makes 25 hundredths: 0.25. Adding the digits 2 + 5 as if they shared a place would wrongly give 0.7.,KEEP,"Prediction precedes a direct causal model, retains the learner choice, and explains the observed outcome.",,,,,,,
decimals-intro-g4,4,dg4-02-04,i1,content/courses/decimals-intro-g4/lessons/dg4-02-04.json,hundredthsGrid,"You will shade 0.62 of the grid. Read aloud, what is this amount called?","h62=""62 hundredths"" | t62=""62 tenths"" | o62=""62 ones""",h62,62 hundredths,The digits of 0.62 end two places after the point — in the hundredths place — so the amount is named 62 hundredths.,KEEP,"Prediction precedes a direct causal model, retains the learner choice, and explains the observed outcome.",,,,,,,
decimals-intro-g4,4,dg4-02-05,i1,content/courses/decimals-intro-g4/lessons/dg4-02-05.json,hundredthsGrid,"In the decimal 0.58, which place does the digit 5 occupy?","tenths=""The tenths place"" | hund=""The hundredths place"" | ones=""The ones place""",tenths,The tenths place,"Reading outward from the point, the first place is tenths: the 5 in 0.58 is 5 tenths — five full columns of the grid.",KEEP,"Prediction precedes a direct causal model, retains the learner choice, and explains the observed outcome.",,,,,,,
decimals-intro-g4,4,dg4-02-06,i1,content/courses/decimals-intro-g4/lessons/dg4-02-06.json,hundredthsGrid,The fraction 53/100 will be shaded on the grid. Which decimal names it?,"d53=""0.53"" | d5=""0.5"" | w53=""53""",d53,0.53,53 of 100 equal parts is 53 hundredths — the decimal places that count two digits after the point: 0.53.,KEEP,"Prediction precedes a direct causal model, retains the learner choice, and explains the observed outcome.",,,,,,,
decimals-intro-g4,4,dg4-03-01,i1,content/courses/decimals-intro-g4/lessons/dg4-03-01.json,hundredthsGrid,You will shade 0.43. Which fraction names the same amount?,"f43=""43/100"" | f34=""34/100"" | f4310=""43/10""",f43,43/100,0.43 is 43 hundredths — 43 of 100 equal parts. Swapping the digits to 34/100 would name a different shading.,KEEP,"Prediction precedes a direct causal model, retains the learner choice, and explains the observed outcome.",,,,,,,
decimals-intro-g4,4,dg4-03-02,i1,content/courses/decimals-intro-g4/lessons/dg4-03-02.json,hundredthsGrid,Which is greater: 0.5 or 0.35?,"half=""0.5"" | l35=""0.35"" | eq=""They are equal""",half,0.5,"0.5 is 5 tenths — five full columns. 0.35 is only 3 full columns and 5 cells. The tenths digits decide it: 5 > 3, so 0.5 is greater even though 0.35 has more digits.",KEEP,"Prediction precedes a direct causal model, retains the learner choice, and explains the observed outcome.",,,,,,,
decimals-intro-g4,4,dg4-03-03,i1,content/courses/decimals-intro-g4/lessons/dg4-03-03.json,hundredthsGrid,"Is 0.60 more than, less than, or the same as 0.6?","same=""The same amount"" | more=""0.60 is more"" | less=""0.60 is less""",same,The same amount,0.60 is 60 hundredths and 0.6 is 6 tenths — six full columns either way. A zero after the last digit adds nothing.,KEEP,"Prediction precedes a direct causal model, retains the learner choice, and explains the observed outcome.",,,,,,,
decimals-intro-g4,4,dg4-03-04,i1,content/courses/decimals-intro-g4/lessons/dg4-03-04.json,hundredthsGrid,"Of the decimals 0.5, 0.09, 0.4 and 0.35, which is the SMALLEST?","s09=""0.09"" | s35=""0.35"" | s5=""0.5""",s09,0.09,"Tenths digits first: 0.09 has 0 tenths — less than 0.35's three, 0.4's four, and 0.5's five. The longest name can be the smallest amount.",KEEP,"Prediction precedes a direct causal model, retains the learner choice, and explains the observed outcome.",,,,,,,
decimals-intro-g4,4,dg4-03-05,i1,content/courses/decimals-intro-g4/lessons/dg4-03-05.json,hundredthsGrid,"A pocket holds 3 dimes and 7 pennies. Written in dollars, what is the total?","m37=""$0.37"" | m73=""$0.73"" | m10=""$0.10""",m37,$0.37,Dimes are tenths of a dollar and pennies are hundredths: 3 dimes and 7 pennies is 0.37 dollars. Swapping the digits would price the coins wrong.,KEEP,"Prediction precedes a direct causal model, retains the learner choice, and explains the observed outcome.",,,,,,,
decimals-intro-g4,4,dg4-03-06,i1,content/courses/decimals-intro-g4/lessons/dg4-03-06.json,hundredthsGrid,"A ribbon measures 42 centimeters. Written in meters, how long is it?","m042=""0.42 m"" | m42=""42 m"" | m420=""4.2 m""",m042,0.42 m,"Each centimeter is one hundredth of a meter, so 42 cm is 42 hundredths of a meter: 0.42 m.",KEEP,"Prediction precedes a direct causal model, retains the learner choice, and explains the observed outcome.",,,,,,,
decimals-place-value,5,dpv-01-01,i1,content/courses/decimals-place-value/lessons/dpv-01-01.json,numberLinePlace,Before you place it: is 0.7 closer to 0 or to 1?,"min=""Closer to 0"" | max=""Closer to 1"" | half=""Exactly halfway""",max,Closer to 1,0.7 sits 0.7 from 0 and 0.3 from 1 — the 1 side wins. Judging position from the endpoints first makes the exact placement easier to defend.,KEEP,"Prediction precedes a direct causal model, retains the learner choice, and explains the observed outcome.",,,,,,,
decimals-place-value,5,dpv-01-02,i1,content/courses/decimals-place-value/lessons/dpv-01-02.json,numberLinePlace,Before you place it: is 0.36 closer to 0 or to 1?,"min=""Closer to 0"" | max=""Closer to 1"" | half=""Exactly halfway""",min,Closer to 0,0.36 sits 0.36 from 0 and 0.64 from 1 — the 0 side wins. Judging position from the endpoints first makes the exact placement easier to defend.,KEEP,"Prediction precedes a direct causal model, retains the learner choice, and explains the observed outcome.",,,,,,,
decimals-place-value,5,dpv-02-01,i1,content/courses/decimals-place-value/lessons/dpv-02-01.json,mcq,"Moving RIGHT after the decimal point, do the place values get bigger or smaller?","smaller=""Smaller — each step is a tenth of the last"" | bigger=""Bigger — like moving left"" | same=""They stay the same size""",smaller,Smaller — each step is a tenth of the last,"Each step right divides by ten — tenths, then hundredths, then thousandths. The point is the hinge where growing turns into shrinking.",REMOVE,The attached surface does not meet the direct-manipulation and visible-consequence threshold.,,,,,,,
decimals-place-value,5,dpv-02-02,i1,content/courses/decimals-place-value/lessons/dpv-02-02.json,numeric,Is 2/10 the same amount as 20/100?,"yes=""Yes — same amount, finer pieces"" | no=""No — different amounts"" | money=""Only when counting money""",yes,"Yes — same amount, finer pieces",Cut every tenth into ten slivers and two tenths become twenty hundredths — the amount never moves. That equivalence is what lets expanded form line up.,REMOVE,The attached surface does not meet the direct-manipulation and visible-consequence threshold.,,,,,,,
decimals-place-value,5,dpv-02-03,i1,content/courses/decimals-place-value/lessons/dpv-02-03.json,mcq,Reading a decimal aloud — which place gives the read its NAME?,"last=""The place of the LAST digit"" | first=""Always 'tenths'"" | point=""The decimal point itself""",last,The place of the LAST digit,"The final digit's place christens the whole read — the name comes from where the number ENDS, however many digits it took to get there.",REMOVE,The attached surface does not meet the direct-manipulation and visible-consequence threshold.,,,,,,,
decimals-place-value,5,dpv-03-02,i1,content/courses/decimals-place-value/lessons/dpv-03-02.json,mcq,0.5 and 0.05 — the same value?,"no=""No — that zero moved the 5 to a smaller place"" | yes=""Yes — zeros never matter"" | cannot=""Can't tell without money""",no,No — that zero moved the 5 to a smaller place,A zero BETWEEN the point and the digit shoves the 5 into the hundredths — ten times smaller. Where a zero sits decides whether it matters at all.,REMOVE,The attached surface does not meet the direct-manipulation and visible-consequence threshold.,,,,,,,
decimals-place-value,5,dpv-03-03,i1,content/courses/decimals-place-value/lessons/dpv-03-03.json,numberLinePlace,Before you place it: is 0.45 closer to 0 or to 1?,"min=""Closer to 0"" | max=""Closer to 1"" | half=""Exactly halfway""",min,Closer to 0,0.45 sits 0.45 from 0 and 0.55 from 1 — the 0 side wins. Judging position from the endpoints first makes the exact placement easier to defend.,KEEP,"Prediction precedes a direct causal model, retains the learner choice, and explains the observed outcome.",,,,,,,
decimals-place-value,5,dpv-04-01,i1,content/courses/decimals-place-value/lessons/dpv-04-01.json,numberLinePlace,Before you place it: is 3.7 closer to 3 or to 4?,"min=""Closer to 3"" | max=""Closer to 4"" | half=""Exactly halfway""",max,Closer to 4,3.7 sits 0.7 from 3 and 0.3 from 4 — the 4 side wins. Judging position from the endpoints first makes the exact placement easier to defend.,KEEP,"Prediction precedes a direct causal model, retains the learner choice, and explains the observed outcome.",,,,,,,
decimals-place-value,5,dpv-04-02,i1,content/courses/decimals-place-value/lessons/dpv-04-02.json,numberLinePlace,Before you place it: is 2.46 closer to 2 or to 3?,"min=""Closer to 2"" | max=""Closer to 3"" | half=""Exactly halfway""",min,Closer to 2,2.46 sits 0.46 from 2 and 0.54 from 3 — the 2 side wins. Judging position from the endpoints first makes the exact placement easier to defend.,KEEP,"Prediction precedes a direct causal model, retains the learner choice, and explains the observed outcome.",,,,,,,
derivative-rules,13,dr-01-01,i1,content/courses/derivative-rules/lessons/dr-01-01.json,derivativeTrace,"On y = x², you need the tangent slope to read 6. Starting from x = -3, you'll find it…","right=""To the right of where you start"" | left=""To the left of where you start"" | both=""In two places — either direction works""",right,To the right of where you start,"On x² the slope at x is 2x — it climbs steadily left to right, so slope 6 lives at exactly one spot: x = 3. One slope, one place; that's what makes 2x a function of x.",KEEP,"Prediction precedes a direct causal model, retains the learner choice, and explains the observed outcome.",,,,,,,
derivative-rules,13,dr-01-02,i1,content/courses/derivative-rules/lessons/dr-01-02.json,derivativeTrace,"You'll ride the tangent to x = 0. When you arrive, the tangent line will be tilting…","up=""Uphill (positive slope)"" | down=""Downhill (negative slope)"" | flat=""Perfectly flat (slope 0)""",flat,Perfectly flat (slope 0),At x = 0 the tangent lies flat — slope exactly 0. Flat tangents are where a curve turns: the derivative's zeros mark the hilltops and valley floors.,KEEP,"Prediction precedes a direct causal model, retains the learner choice, and explains the observed outcome.",,,,,,,
derivative-rules,13,dr-01-03,i1,content/courses/derivative-rules/lessons/dr-01-03.json,derivativeTrace,f(x) = |x| has no derivative at x = 0. The reason is that…,"undef=""The function is not defined there"" | disagree=""The slope from the left and the slope from the right disagree"" | zero=""The function equals zero there""",disagree,The slope from the left and the slope from the right disagree,"They disagree — −1 from the left, +1 from the right — and a limit that returns two answers returns none. |x| is perfectly defined and perfectly continuous at 0. Differentiability is the stronger promise, and this is exactly where it fails while continuity survives.",KEEP,"Prediction precedes a direct causal model, retains the learner choice, and explains the observed outcome.",,,,,,,
derivative-rules,13,dr-02-01,i1,content/courses/derivative-rules/lessons/dr-02-01.json,derivativeTrace,"You'll ride the tangent to x = 2. When you arrive, the tangent line will be tilting…","up=""Uphill (positive slope)"" | down=""Downhill (negative slope)"" | flat=""Perfectly flat (slope 0)""",up,Uphill (positive slope),At x = 2 the tangent's slope is 12 — uphill. The tangent's tilt at each point IS the derivative's value there.,KEEP,"Prediction precedes a direct causal model, retains the learner choice, and explains the observed outcome.",,,,,,,
derivative-rules,13,dr-03-01,i1,content/courses/derivative-rules/lessons/dr-03-01.json,derivativeRuleLab,"When both factors change, which pieces survive after dividing by h and taking h → 0?","two=""The two first-order strips"" | corner=""Only the tiny corner"" | all=""All three pieces equally""",two,The two first-order strips,"The two first-order strips remain, while the second-order corner is still multiplied by h and vanishes in the limit.",KEEP,"Prediction precedes a direct causal model, retains the learner choice, and explains the observed outcome.",,,,,,,
derivative-rules,13,dr-03-02,i1,content/courses/derivative-rules/lessons/dr-03-02.json,derivativeRuleLab,"With u = 6, v = 4, u' = 3, and v' = 1, which ordered numerator belongs in the quotient rule?","forward=""3·4 − 6·1"" | reverse=""6·1 − 3·4"" | divide=""3/4 − 6/1""",forward,3·4 − 6·1,The top rate acts on the bottom first: u'v − uv'. Reversing those products negates every quotient-rule answer.,KEEP,"Prediction precedes a direct causal model, retains the learner choice, and explains the observed outcome.",,,,,,,
derivative-rules,13,dr-04-01,i1,content/courses/derivative-rules/lessons/dr-04-01.json,derivativeRuleLab,The inner machine multiplies rates by 3; the outer multiplies by 5. The rate transmitted from one end of the chain to the other is…,"eight=""8"" | fifteen=""15"" | five=""5 — the outer machine has the last word""",fifteen,15,"15. Rates along a chain MULTIPLY — each stage scales whatever the previous one handed it, so tripling then quintupling is fifteen-fold. That single fact is the chain rule; dy/dx = dy/du · du/dx is bookkeeping laid over it.",KEEP,"Prediction precedes a direct causal model, retains the learner choice, and explains the observed outcome.",,,,,,,
derivative-rules,13,dr-04-03,i1b,content/courses/derivative-rules/lessons/dr-04-03.json,relatedRatesLab,"A point slides to the RIGHT along the upper half of x² + y² = 25, so x grows and y shrinks. What happens to the slope dy/dx = −x/y?","constant=""Stays the same — it's one circle, one slope"" | steeper=""Gets steeper (more negative): x is growing AND y is shrinking"" | shallower=""Gets shallower — big circles are flat""",steeper,Gets steeper (more negative): x is growing AND y is shrinking,"Steeper, on both counts at once: the numerator x grows while the denominator y shrinks, so −x/y falls fast. That is why the answer to an implicit derivative KEEPS y in it — the slope genuinely depends on both coordinates, which is exactly what lets you skip solving for y as a function of x.",KEEP,"Prediction precedes a direct causal model, retains the learner choice, and explains the observed outcome.",,,,,,,
derivative-rules,13,dr-05-01,i1,content/courses/derivative-rules/lessons/dr-05-01.json,expLogExplore,"Both bases are above 1. Moving the base from 1.5 to 2.7, the curve will…","faster=""Rise faster"" | slower=""Rise more slowly"" | shift=""Slide sideways without changing steepness""",faster,Rise faster,"A bigger base multiplies by more at every step, so 2.7 outruns 1.5 — the base IS the growth factor per unit of x, not a sideways shift.",KEEP,"Prediction precedes a direct causal model, retains the learner choice, and explains the observed outcome.",,,,,,,
derivative-rules,13,dr-05-02,i1,content/courses/derivative-rules/lessons/dr-05-02.json,unitCircleExplore,You'll rotate from 0° to 90°. What does the point's HEIGHT do along the way?,"climb=""Climbs the whole way"" | updown=""Climbs, then falls back"" | fall=""Falls the whole way""",climb,Climbs the whole way,From 0° to 90° the height — the sine — only rises; the fall doesn't begin until past 90° (or past 270° coming out of the trough).,KEEP,"Prediction precedes a direct causal model, retains the learner choice, and explains the observed outcome.",,,,,,,
derivatives-in-context,13,dc-01-01,i1,content/courses/derivatives-in-context/lessons/dc-01-01.json,derivativeTrace,"You'll ride the tangent to x = 0. When you arrive, the tangent line will be tilting…","up=""Uphill (positive slope)"" | down=""Downhill (negative slope)"" | flat=""Perfectly flat (slope 0)""",flat,Perfectly flat (slope 0),At x = 0 the tangent lies flat — slope exactly 0. Flat tangents are where a curve turns: the derivative's zeros mark the hilltops and valley floors.,KEEP,"Prediction precedes a direct causal model, retains the learner choice, and explains the observed outcome.",,,,,,,
derivatives-in-context,13,dc-01-02,i1,content/courses/derivatives-in-context/lessons/dc-01-02.json,signChart,v(t) = 3(t − 1)(t − 3) is negative between t = 1 and t = 3. During that stretch the object is…,"back=""Moving backwards — which does not yet say anything about its speed"" | slow=""Slowing down"" | stop=""Stopped""",back,Moving backwards — which does not yet say anything about its speed,"Moving backwards, and that is a direction, not a verdict. Speeding up means v and a share a sign — so something travelling backwards and accelerating backwards is getting FASTER while its velocity is negative and still falling. Negative velocity and decreasing speed are different claims, and the sign chart keeps them apart.",KEEP,"Prediction precedes a direct causal model, retains the learner choice, and explains the observed outcome.",,,,,,,
derivatives-in-context,13,dc-02-01,i1b,content/courses/derivatives-in-context/lessons/dc-02-01.json,relatedRatesLab,A 10-ft ladder slides: the foot moves out at a steady 1 ft/s. Is the top's downward speed steady too?,"steady=""Yes — steady in, steady down"" | speeds-up=""No — the top falls faster as the foot moves out"" | slows-down=""No — the top slows down as the foot moves out""",speeds-up,No — the top falls faster as the foot moves out,"Slide and watch dy/dt: at x = 3 the top drops at about 0.31 ft/s, at x = 6 it is 0.75, at x = 8 it is 4/3. Same dx/dt the whole time — the RELATION 2x·dx/dt + 2y·dy/dt = 0 makes dy/dt depend on where you are. Substitute the instant's numbers first and you freeze x and y before they can carry that dependence: differentiate first, substitute at the end.",KEEP,"Prediction precedes a direct causal model, retains the learner choice, and explains the observed outcome.",,,,,,,
derivatives-in-context,13,dc-02-02,i1,content/courses/derivatives-in-context/lessons/dc-02-02.json,relatedRatesLab,"As the ladder foot moves away from the wall at a constant speed, does the top descend at a constant speed?","constant=""Yes, the vertical speed is constant"" | vary=""No, it depends on the current x and y"" | zero=""No, the top never moves""",vary,"No, it depends on the current x and y","The fixed-length relation gives dy/dt = −(x/y)dx/dt, so the vertical rate changes as the ladder's position changes.",KEEP,"Prediction precedes a direct causal model, retains the learner choice, and explains the observed outcome.",,,,,,,
derivatives-in-context,13,dc-03-01,i1,content/courses/derivatives-in-context/lessons/dc-03-01.json,graphZoom,You'll zoom in at x = 3. What will the two sides of the graph do?,"agree=""Close in on the same height"" | differ=""Settle on two different heights"" | blow=""Climb off the screen""",agree,Close in on the same height,"Both sides close in on 5. A limit only asks where the sides are HEADING, so it exists here.",KEEP,"Prediction precedes a direct causal model, retains the learner choice, and explains the observed outcome.",,,,,,,
derivatives-in-context,13,dc-03-03,i1,content/courses/derivatives-in-context/lessons/dc-03-03.json,secantSlope,"You'll squeeze the gap h toward 0, dragging B into A at x = 3. What does the secant's slope do?","settles=""Settles toward one number (6)"" | blows=""Grows without bound"" | bounces=""Keeps changing — no single value""",settles,Settles toward one number (6),The secant slopes home in on 6 — the tangent slope at x = 3. A derivative is not a new kind of slope; it is the number the secant slopes were already approaching.,KEEP,"Prediction precedes a direct causal model, retains the learner choice, and explains the observed outcome.",,,,,,,
derivatives-in-context,13,dc-04-01,i1,content/courses/derivatives-in-context/lessons/dc-04-01.json,graphZoom,You'll zoom in at x = 2. What will the two sides of the graph do?,"agree=""Close in on the same height"" | differ=""Settle on two different heights"" | blow=""Climb off the screen""",agree,Close in on the same height,"Both sides close in on 4 — even though the point itself is missing. A limit only asks where the sides are HEADING, so it exists here despite the hole.",KEEP,"Prediction precedes a direct causal model, retains the learner choice, and explains the observed outcome.",,,,,,,
differential-equations,13,de-01-01,i1,content/courses/differential-equations/lessons/de-01-01.json,slopeField,dy/dx = x — the slope depends on x alone. Start two curves at different heights. Compared with each other they will be…,"shifted=""The same shape, one sitting above the other"" | different=""Different shapes entirely"" | cross=""Different at first, then crossing somewhere""",shifted,"The same shape, one sitting above the other","The same shape, shifted. Every point in a vertical column has the same slope, because x is the same all the way up it — so the whole family is one curve translated up and down. That translation is the + C, and this is the picture it has been standing in for.",KEEP,"Prediction precedes a direct causal model, retains the learner choice, and explains the observed outcome.",,,,,,,
differential-equations,13,de-01-02,i1,content/courses/differential-equations/lessons/de-01-02.json,slopeField,"If two solutions start at different initial values, what remains shared?","samecurve=""They must become the same curve"" | local=""Each follows the same local slope rule at every point"" | horizontal=""Both must stay horizontal""",local,Each follows the same local slope rule at every point,"Different initial conditions select different solution curves, but every curve must remain tangent to the same direction field.",KEEP,"Prediction precedes a direct causal model, retains the learner choice, and explains the observed outcome.",,,,,,,
differential-equations,13,de-02-01,i1,content/courses/differential-equations/lessons/de-02-01.json,slopeField,dy/dx = 0.5y — here the slope depends on y instead. Two curves started at different heights will…,"spread=""Spread further and further apart"" | parallel=""Stay a fixed distance apart"" | meet=""Close together and meet""",spread,Spread further and further apart,"They spread. The solutions are y = Ae^(0.5x), so the constant MULTIPLIES rather than adds — the gap between two of them is itself an exponential. That is the difference between a family built by shifting and a family built by scaling, and you can read which one you have off where the constant sits.",KEEP,"Prediction precedes a direct causal model, retains the learner choice, and explains the observed outcome.",,,,,,,
differential-equations,13,de-03-01,i1,content/courses/differential-equations/lessons/de-03-01.json,slopeField,"dy/dt = 0.5y. Move straight up the page — same t, larger y. The slope marks there will be…","steeper=""Steeper"" | same=""The same — t has not changed"" | shallower=""Shallower""",steeper,Steeper,"Steeper, and by exactly the same factor the height grew. ""Rate proportional to amount"" is not a description of exponential growth — it is the instruction that produces it, and the field shows the instruction being obeyed at every height.",KEEP,"Prediction precedes a direct causal model, retains the learner choice, and explains the observed outcome.",,,,,,,
differential-equations,13,de-03-02,i1,content/courses/differential-equations/lessons/de-03-02.json,slopeField,dP/dt = 1.8P(1 − P/4). Start a population exactly at 4 — the carrying capacity. Over time it will…,"stay=""Sit at 4 and never move"" | over=""Creep above 4, since it is still growing"" | under=""Fall back below 4""",stay,Sit at 4 and never move,"It never moves. At P = 4 the factor (1 − P/4) is exactly zero, so the whole rate is zero — a row of perfectly flat slope marks. Equilibrium is not growth that has become slow; it is growth that has become nothing, and the equation says so before any curve is drawn.",KEEP,"Prediction precedes a direct causal model, retains the learner choice, and explains the observed outcome.",,,,,,,
differential-equations,13,de-04-01,i1,content/courses/differential-equations/lessons/de-04-01.json,slopeField,"Euler's method walks in straight tangent steps. On dy/dx = 0.5y, whose curves bend upward, its answer will land…","low=""Below the true curve"" | high=""Above the true curve"" | exact=""On it — the field is exact at every point""",low,Below the true curve,"Below. A curve that bends upward pulls away above its own tangent, so every straight step lands under it, and the next step starts from that deficit. The error is not random noise — it is one-directional and it compounds, which is why halving the step size is worth doing.",KEEP,"Prediction precedes a direct causal model, retains the learner choice, and explains the observed outcome.",,,,,,,
division-fluency-g3,3,df3-01-01,i1,content/courses/division-fluency-g3/lessons/df3-01-01.json,areaModel,16 ÷ 2 — what is the question really asking?,"a=""How many in each of 2 equal groups"" | b=""16 minus 2"" | c=""16 plus 2""",a,How many in each of 2 equal groups,Division splits a total into equal groups. 16 shared into 2 groups gives 8 each.,KEEP,"Prediction precedes a direct causal model, retains the learner choice, and explains the observed outcome.",,,,,,,
division-fluency-g3,3,df3-01-02,i1,content/courses/division-fluency-g3/lessons/df3-01-02.json,areaModel,3 × 7 = 21. What is 21 ÷ 3?,"a=""7 — the other factor"" | b=""18 — subtract 3"" | c=""24 — add 3""",a,7 — the other factor,Division undoes multiplication: the quotient is the factor that is not the divisor.,KEEP,"Prediction precedes a direct causal model, retains the learner choice, and explains the observed outcome.",,,,,,,
division-fluency-g3,3,df3-01-03,i1,content/courses/division-fluency-g3/lessons/df3-01-03.json,areaModel,How can you check that 28 ÷ 4 = 7?,"a=""Multiply: 7 × 4 = 28"" | b=""Add: 7 + 4 = 11"" | c=""Subtract: 28 − 4 = 24""",a,Multiply: 7 × 4 = 28,Multiplying the quotient by the divisor must return the original total — the definitive check.,KEEP,"Prediction precedes a direct causal model, retains the learner choice, and explains the observed outcome.",,,,,,,
division-fluency-g3,3,df3-01-04,i1,content/courses/division-fluency-g3/lessons/df3-01-04.json,areaModel,You know 6 × 7 = 42. How hard is 42 ÷ 6?,"a=""Just as easy — same family"" | b=""Much harder"" | c=""Impossible without a table""",a,Just as easy — same family,"The division is the same relationship read the other way, so a fluent product makes a fluent quotient.",KEEP,"Prediction precedes a direct causal model, retains the learner choice, and explains the observed outcome.",,,,,,,
division-fluency-g3,3,df3-02-01,i1,content/courses/division-fluency-g3/lessons/df3-02-01.json,areaModel,72 ÷ 8 — which multiplication fact answers it?,"a=""8 × 9 = 72"" | b=""8 + 9 = 17"" | c=""72 × 8""",a,8 × 9 = 72,"Find the factor that multiplies 8 to reach 72: that factor, 9, is the quotient.",KEEP,"Prediction precedes a direct causal model, retains the learner choice, and explains the observed outcome.",,,,,,,
division-fluency-g3,3,df3-02-02,i1,content/courses/division-fluency-g3/lessons/df3-02-02.json,areaModel,What is 70 ÷ 10?,"a=""7 — seven tens split into ten groups"" | b=""60 — subtract 10"" | c=""700""",a,7 — seven tens split into ten groups,70 is 7 tens; splitting into 10 equal groups leaves 7 in each.,KEEP,"Prediction precedes a direct causal model, retains the learner choice, and explains the observed outcome.",,,,,,,
division-fluency-g3,3,df3-02-03,i1,content/courses/division-fluency-g3/lessons/df3-02-03.json,areaModel,Which question is easier to answer?,"a=""7 × ? = 56"" | b=""56 ÷ 7 by counting down"" | c=""Neither""",a,7 × ? = 56,Recalling the product is usually faster than repeated subtraction — the twin fact does the work.,KEEP,"Prediction precedes a direct causal model, retains the learner choice, and explains the observed outcome.",,,,,,,
division-fluency-g3,3,df3-02-04,i1,content/courses/division-fluency-g3/lessons/df3-02-04.json,areaModel,54 ÷ ? = 9. What is the missing divisor?,"a=""6 — because 6 × 9 = 54"" | b=""45"" | c=""63""",a,6 — because 6 × 9 = 54,"The divisor and quotient are the two factors: since 6 × 9 = 54, the missing divisor is 6.",KEEP,"Prediction precedes a direct causal model, retains the learner choice, and explains the observed outcome.",,,,,,,
division-fluency-g3,3,df3-03-01,i1,content/courses/division-fluency-g3/lessons/df3-03-01.json,areaModel,What is 8 ÷ 1?,"a=""8 — one group holds it all"" | b=""1"" | c=""0""",a,8 — one group holds it all,"Splitting into ONE group puts everything in that group, so the quotient is the original number.",KEEP,"Prediction precedes a direct causal model, retains the learner choice, and explains the observed outcome.",,,,,,,
division-fluency-g3,3,df3-03-02,i1,content/courses/division-fluency-g3/lessons/df3-03-02.json,areaModel,Why does 7 ÷ 0 have no answer?,"a=""No number times 0 gives 7"" | b=""The answer is 0"" | c=""The answer is 7""",a,No number times 0 gives 7,"Division asks what times the divisor gives the total. Since anything × 0 = 0, nothing × 0 can give 7.",KEEP,"Prediction precedes a direct causal model, retains the learner choice, and explains the observed outcome.",,,,,,,
division-fluency-g3,3,df3-03-03,i1,content/courses/division-fluency-g3/lessons/df3-03-03.json,areaModel,What makes mixed division practice harder?,"a=""The divisor changes every time"" | b=""The numbers are bigger"" | c=""Division changes rules""",a,The divisor changes every time,A single-divisor page lets you settle into one rhythm. Mixing divisors forces each fact to be recalled on its own.,KEEP,"Prediction precedes a direct causal model, retains the learner choice, and explains the observed outcome.",,,,,,,
division-fluency-g3,3,df3-03-04,i1,content/courses/division-fluency-g3/lessons/df3-03-04.json,areaModel,6 bags with 7 apples each. Multiply or divide?,"a=""Multiply — the total is missing"" | b=""Divide — split the apples"" | c=""Subtract""",a,Multiply — the total is missing,"Both the number of groups and the size of each are known; the TOTAL is missing, so combine by multiplying.",KEEP,"Prediction precedes a direct causal model, retains the learner choice, and explains the observed outcome.",,,,,,,
equations-unknowns-g1,1,g1e-01-01,i1,content/courses/equations-unknowns-g1/lessons/g1e-01-01.json,tenFrame,An equation's two sides are compared. What must be the same?,"value=""Their value"" | look=""How they look""",value,Their value,The sides may look different; the equal sign only claims their VALUES match.,KEEP,"Prediction precedes a direct causal model, retains the learner choice, and explains the observed outcome.",,,,,,,
equations-unknowns-g1,1,g1e-01-02,i1,content/courses/equations-unknowns-g1/lessons/g1e-01-02.json,numberLineHop,"An equation claims 8 + 3 = 11. Before checking, is a claim automatically true?","check=""No — it must be checked"" | auto=""Yes — equations are always true""",check,No — it must be checked,Written claims can be wrong; valuing both sides is what settles it.,KEEP,"Prediction precedes a direct causal model, retains the learner choice, and explains the observed outcome.",,,,,,,
equations-unknowns-g1,1,g1e-01-03,i1,content/courses/equations-unknowns-g1/lessons/g1e-01-03.json,numberLineHop,4 + 5 = 6 + __. What should the blank make the right side equal?,"nine=""9 — the left side's value"" | six=""6 — the number already there""",nine,9 — the left side's value,"The blank's job is to lift the right side to the left side's value, nine.",KEEP,"Prediction precedes a direct causal model, retains the learner choice, and explains the observed outcome.",,,,,,,
equations-unknowns-g1,1,g1e-01-04,i1,content/courses/equations-unknowns-g1/lessons/g1e-01-04.json,numberLineHop,12 = 8 + 4 puts the total first. Is it still a true equation?,"yes=""Yes — the sides still match"" | no=""No — totals must come last""",yes,Yes — the sides still match,The equal sign only compares values; either side may hold the total.,KEEP,"Prediction precedes a direct causal model, retains the learner choice, and explains the observed outcome.",,,,,,,
equations-unknowns-g1,1,g1e-01-05,i1,content/courses/equations-unknowns-g1/lessons/g1e-01-05.json,numberLineHop,3 + 6 sits on the left and 4 + 5 on the right. Can the equation be true?,"can=""Yes — if both sums share a value"" | cannot=""No — two sums can never be equal""",can,Yes — if both sums share a value,Any two ways of naming the same value can face each other across the equal sign.,KEEP,"Prediction precedes a direct causal model, retains the learner choice, and explains the observed outcome.",,,,,,,
equations-unknowns-g1,1,g1e-02-01,i1,content/courses/equations-unknowns-g1/lessons/g1e-02-01.json,numberLineHop,"In 9 + 3 = __, which number is hiding?","total=""The total"" | part=""One of the parts""",total,The total,Both parts are visible; the blank at the end hides the total they make.,KEEP,"Prediction precedes a direct causal model, retains the learner choice, and explains the observed outcome.",,,,,,,
equations-unknowns-g1,1,g1e-02-02,i1,content/courses/equations-unknowns-g1/lessons/g1e-02-02.json,numberLineHop,"In 5 + __ = 12, is the hidden number bigger or smaller than 12?","smaller=""Smaller — it is only a part"" | bigger=""Bigger — it beats the total""",smaller,Smaller — it is only a part,A part can never exceed its own total; the hidden number fits inside 12.,KEEP,"Prediction precedes a direct causal model, retains the learner choice, and explains the observed outcome.",,,,,,,
equations-unknowns-g1,1,g1e-02-03,i1,content/courses/equations-unknowns-g1/lessons/g1e-02-03.json,numberLineHop,__ + 4 = 11 hides the first number. Does the finding strategy change?,"same=""No — total minus known part"" | new=""Yes — start-unknowns need a new rule""",same,No — total minus known part,"Whichever slot hides, the total still equals the two parts joined; remove the known one.",KEEP,"Prediction precedes a direct causal model, retains the learner choice, and explains the observed outcome.",,,,,,,
equations-unknowns-g1,1,g1e-02-04,i1,content/courses/equations-unknowns-g1/lessons/g1e-02-04.json,numberLineHop,14 − __ = 9. Is the removed amount bigger or smaller than 14?,"smaller=""Smaller — only part was removed"" | bigger=""Bigger — more than the start""",smaller,Smaller — only part was removed,"Something remains, so only part of the 14 left; the removed amount fits inside it.",KEEP,"Prediction precedes a direct causal model, retains the learner choice, and explains the observed outcome.",,,,,,,
equations-unknowns-g1,1,g1e-03-01,i1,content/courses/equations-unknowns-g1/lessons/g1e-03-01.json,numberLineHop,5 + __ = 12 and 12 − 5 = __ come from the same family. Do they share an answer?,"share=""Yes — the same hidden 7"" | differ=""No — different unknowns""",share,Yes — the same hidden 7,"Both facts rearrange the same three family numbers, so the hidden value is one and the same.",KEEP,"Prediction precedes a direct causal model, retains the learner choice, and explains the observed outcome.",,,,,,,
equations-unknowns-g1,1,g1e-03-02,i1,content/courses/equations-unknowns-g1/lessons/g1e-03-02.json,numberLineHop,An answer is substituted back and the sides match. What does that prove?,"right=""The answer is right"" | nothing=""Nothing — checks prove nothing""",right,The answer is right,Matching sides after substitution is exactly what being a solution means.,KEEP,"Prediction precedes a direct causal model, retains the learner choice, and explains the observed outcome.",,,,,,,
equations-unknowns-g1,1,g1e-03-03,i1,content/courses/equations-unknowns-g1/lessons/g1e-03-03.json,numberLineHop,You write an equation of your own. What must you do before trusting it?,"check=""Check both sides match"" | trust=""Nothing — writing makes it true""",check,Check both sides match,A written claim is only an equation once its sides are verified to match.,KEEP,"Prediction precedes a direct causal model, retains the learner choice, and explains the observed outcome.",,,,,,,
expected-value,11,ev-01-01,i1,content/courses/expected-value/lessons/ev-01-01.json,probabilityArea,"Three coin flips, X = number of heads. Which values can X take?","01=""Only 0 or 1"" | 0to3=""0, 1, 2 or 3"" | any=""Any number at all""",0to3,"0, 1, 2 or 3","A random variable's possible values are fixed by the experiment: three flips can produce zero through three heads, and nothing else. Listing those values is always the first step, because the distribution has to assign a probability to each one and to nothing more.",KEEP,"Prediction precedes a direct causal model, retains the learner choice, and explains the observed outcome.",,,,,,,
expected-value,11,ev-01-02,i1,content/courses/expected-value/lessons/ev-01-02.json,spinnerSim,"A distribution lists probabilities 0.2, 0.5 and 0.4 for its only three values. Can it be valid?","yes=""Yes"" | no=""No"" | depends=""Only if the values are positive""",no,No,"They sum to 1.1, and a distribution's probabilities must total exactly 1. That single check catches most malformed tables instantly, before any expectation is computed — and computing an expectation from a table that fails it produces a number with no meaning at all.",KEEP,"Prediction precedes a direct causal model, retains the learner choice, and explains the observed outcome.",,,,,,,
expected-value,11,ev-01-03,i1,content/courses/expected-value/lessons/ev-01-03.json,distributionCompareLab,A fair die's expected value is 3.5. Can a single roll ever produce 3.5?,"yes=""Yes — it is the expected result"" | no=""No — no face shows 3.5"" | sometimes=""Only over many rolls""",no,No — no face shows 3.5,"Expected value is an average, and averages routinely land between the possible values — a family with 2.3 children is the same phenomenon. Insisting that expectation must be attainable is the single most common misreading of the word ‘expected’, which promises a long-run centre, not a forecast of the next roll.",KEEP,"Prediction precedes a direct causal model, retains the learner choice, and explains the observed outcome.",,,,,,,
expected-value,11,ev-02-01,i1,content/courses/expected-value/lessons/ev-02-01.json,spinnerSim,A game costs $3 and pays $10 on a win. What does a WIN net you?,"10=""$10"" | 7=""$7"" | 13=""$13""",7,$7,"The $3 is spent whether you win or lose, so a win nets $10 − $3 = $7 and a loss nets −$3. Forgetting to subtract the entry cost is what makes losing games look profitable, because it prices the prize while ignoring what the prize cost to chase.",KEEP,"Prediction precedes a direct causal model, retains the learner choice, and explains the observed outcome.",,,,,,,
expected-value,11,ev-02-02,i1,content/courses/expected-value/lessons/ev-02-02.json,spinnerSim,A game is FAIR. Does that mean you win half the time?,"yes=""Yes — fair means a 50-50 chance"" | no=""No — it means the expected net is 0"" | both=""Both are required""",no,No — it means the expected net is 0,"Fairness balances probability against payout, not wins against losses. Winning one time in ten is fair if the win pays nine times the stake: (+9)(0.1) + (−1)(0.9) = 0. Reading ‘fair’ as ‘even odds’ misprices every lopsided game there is.",KEEP,"Prediction precedes a direct causal model, retains the learner choice, and explains the observed outcome.",,,,,,,
expected-value,11,ev-02-03,i1,content/courses/expected-value/lessons/ev-02-03.json,distributionCompareLab,A $1 ticket has an expected prize of $0.50. Is buying one ever reasonable?,"never=""No — negative expectation settles it"" | depends=""It depends what you want from the purchase"" | always=""Yes — someone has to win""",depends,It depends what you want from the purchase,"Expectation prices the long run, and a single ticket is not a long run. Buying one is a bad INVESTMENT at −$0.50 per play, which the arithmetic settles conclusively; whether an hour of anticipation is worth 50 cents is a different question that expectation does not answer. Knowing which question you are asking is the skill.",KEEP,"Prediction precedes a direct causal model, retains the learner choice, and explains the observed outcome.",,,,,,,
exponential-functions,9,exp-01-01,i1,content/courses/exponential-functions/lessons/exp-01-01.json,expLogExplore,"Both bases are above 1. Moving the base from 3 to 2, the curve will…","faster=""Rise faster"" | slower=""Rise more slowly"" | shift=""Slide sideways without changing steepness""",slower,Rise more slowly,"A bigger base multiplies by more at every step, so 3 outruns 2 — the base IS the growth factor per unit of x, not a sideways shift.",KEEP,"Prediction precedes a direct causal model, retains the learner choice, and explains the observed outcome.",,,,,,,
exponential-functions,9,exp-01-02,i1,content/courses/exponential-functions/lessons/exp-01-02.json,expLogExplore,You'll slide the base b DOWN past 1. What happens to the curve as you cross?,"flip=""It flips from rising to falling"" | steeper=""It just rises more steeply"" | nothing=""Nothing special at 1""",flip,It flips from rising to falling,"A base above 1 multiplies numbers up; a base below 1 multiplies them down. b = 1 is the hinge — cross it and growth turns into decay, with a flat line exactly at the hinge.",KEEP,"Prediction precedes a direct causal model, retains the learner choice, and explains the observed outcome.",,,,,,,
exponential-functions,9,exp-01-03,i1,content/courses/exponential-functions/lessons/exp-01-03.json,expLogExplore,"Both bases are above 1. Moving the base from 2 to 3, the curve will…","faster=""Rise faster"" | slower=""Rise more slowly"" | shift=""Slide sideways without changing steepness""",faster,Rise faster,"A bigger base multiplies by more at every step, so 3 outruns 2 — the base IS the growth factor per unit of x, not a sideways shift.",KEEP,"Prediction precedes a direct causal model, retains the learner choice, and explains the observed outcome.",,,,,,,
exponential-functions,9,exp-04-01,i1,content/courses/exponential-functions/lessons/exp-04-01.json,expLogExplore,"Both bases are above 1. Moving the base from 2 to 4, the curve will…","faster=""Rise faster"" | slower=""Rise more slowly"" | shift=""Slide sideways without changing steepness""",faster,Rise faster,"A bigger base multiplies by more at every step, so 4 outruns 2 — the base IS the growth factor per unit of x, not a sideways shift.",KEEP,"Prediction precedes a direct causal model, retains the learner choice, and explains the observed outcome.",,,,,,,
exponential-functions,9,exp-04-02,i1,content/courses/exponential-functions/lessons/exp-04-02.json,expLogExplore,"Both bases are above 1. Moving the base from 3 to 1.5, the curve will…","faster=""Rise faster"" | slower=""Rise more slowly"" | shift=""Slide sideways without changing steepness""",slower,Rise more slowly,"A bigger base multiplies by more at every step, so 3 outruns 1.5 — the base IS the growth factor per unit of x, not a sideways shift.",KEEP,"Prediction precedes a direct causal model, retains the learner choice, and explains the observed outcome.",,,,,,,
exponents-polynomials,9,ep-01-01,i1,content/courses/exponents-polynomials/lessons/ep-01-01.json,placeValueTransformLab,2³ · 2⁴ collapses to a single power of 2. Do the exponents ADD or MULTIPLY?,"add=""Add: 2⁷"" | mult=""Multiply: 2¹²"" | keep=""Neither — it stays 2³ · 2⁴""",add,Add: 2⁷,"String them out: (2·2·2)·(2·2·2·2) is seven 2s multiplied — 2⁷. The exponents ADD because you're pooling copies of the base; 2¹² is what (2³)⁴ would give, a power OF a power.",KEEP,"Prediction precedes a direct causal model, retains the learner choice, and explains the observed outcome.",,,,,,,
exponents-polynomials,9,ep-01-02,i1,content/courses/exponents-polynomials/lessons/ep-01-02.json,placeValueTransformLab,(2⁴)² — do the exponents ADD or MULTIPLY this time?,"mult=""Multiply: 2⁸"" | add=""Add: 2⁶"" | keep=""Neither — it stays (2⁴)²""",mult,Multiply: 2⁸,"(2⁴)² is 2⁴ · 2⁴ — last lesson's ADDING rule applied twice: 4 + 4 = 8, which is 4 × 2. A power OF a power multiplies exponents; the product rule didn't change, it's being reused.",KEEP,"Prediction precedes a direct causal model, retains the learner choice, and explains the observed outcome.",,,,,,,
exponents-polynomials,9,ep-01-03,i1,content/courses/exponents-polynomials/lessons/ep-01-03.json,numeric,"Walk the ladder down — 5³ = 125, 5² = 25, 5¹ = 5, each step dividing by 5. So 5⁰ is…","one=""1 — one more ÷5"" | zero=""0 — no fives left"" | five=""5""",one,1 — one more ÷5,"The ladder keeps dividing: 125, 25, 5, then 5 ÷ 5 = 1. A zero exponent isn't 'nothing' — it's where the pattern lands, and it's the value that keeps the product and quotient rules honest.",REMOVE,The attached surface does not meet the direct-manipulation and visible-consequence threshold.,,,,,,,
exponents-polynomials,9,ep-02-01,i1,content/courses/exponents-polynomials/lessons/ep-02-01.json,numeric,The degree of 3x² + 5x⁴ − x is…,"four=""4 — the highest power anywhere"" | two=""2 — the first term's power"" | three=""3 — count the terms""",four,4 — the highest power anywhere,"Degree is the highest exponent in the whole polynomial — 5x⁴ rules, no matter where it sits on the page. Reading the first term trusts the writing order; degree doesn't care about order at all.",REMOVE,The attached surface does not meet the direct-manipulation and visible-consequence threshold.,,,,,,,
exponents-polynomials,9,ep-02-02,i1,content/courses/exponents-polynomials/lessons/ep-02-02.json,algebraTiles,"In (2x + 3) + (x − 1), can the 3 combine with an x?","no=""No — x-tiles and unit-tiles are different shapes"" | yes=""Yes — 3 + x makes 3x"" | pos=""Only when x is positive""",no,No — x-tiles and unit-tiles are different shapes,"3x means three x-TILES; 3 means three unit tiles — different shapes that never merge. Like combines with like: 2x + x = 3x and 3 − 1 = 2, so the tiles will land on 3x + 2.",KEEP,"Prediction precedes a direct causal model, retains the learner choice, and explains the observed outcome.",,,,,,,
exponents-polynomials,9,ep-02-03,i1,content/courses/exponents-polynomials/lessons/ep-02-03.json,algebraTiles,(2x + 3) − (x − 1): what happens to the −1 inside the second package?,"flip=""It flips to +1 — subtracting a negative adds"" | stay=""It stays −1"" | gone=""It disappears""",flip,It flips to +1 — subtracting a negative adds,The minus distributes over everything inside: −(x − 1) = −x + 1. So the constants give 3 + 1 = 4 and the tiles will land on x + 4. Leaving the −1 alone gives x + 2 — the single most common slip in polynomial subtraction.,KEEP,"Prediction precedes a direct causal model, retains the learner choice, and explains the observed outcome.",,,,,,,
exponents-polynomials,9,ep-03-01,i1,content/courses/exponents-polynomials/lessons/ep-03-01.json,binomialAreaLab,(3x)(x + 4): how many terms come out of the multiplication?,"two=""Two — the 3x visits both the x and the 4"" | one=""One — it all collapses"" | three=""Three""",two,Two — the 3x visits both the x and the 4,"The monomial distributes to EVERY term inside: 3x·x = 3x² and 3x·4 = 12x — two terms, 3x² + 12x. Multiplying only the first term is the half-delivery that loses the 12x.",KEEP,"Prediction precedes a direct causal model, retains the learner choice, and explains the observed outcome.",,,,,,,
exponents-polynomials,9,ep-03-02,i1,content/courses/exponents-polynomials/lessons/ep-03-02.json,binomialAreaLab,(x + 2)(x + 3): where does the x-term of the answer come from?,"cross=""Both crossings: x·3 and 2·x, giving 5x"" | consts=""Just 2 × 3"" | firsts=""Just x · x""",cross,"Both crossings: x·3 and 2·x, giving 5x","The middle term is BOTH cross-products: 3x + 2x = 5x. Multiplying only firsts and lasts (x² + 6) is the classic half-job — a binomial product has four pairings, and the two you skip are the ones that meet in the middle.",KEEP,"Prediction precedes a direct causal model, retains the learner choice, and explains the observed outcome.",,,,,,,
exponents-polynomials,9,ep-03-03,i1,content/courses/exponents-polynomials/lessons/ep-03-03.json,binomialAreaLab,(x + 4)²: is it just x² + 16?,"no=""No — a middle term 8x appears"" | yes=""Yes — square each piece"" | eight=""It's x² + 8""",no,No — a middle term 8x appears,"(x + 4)(x + 4) has cross-terms: 4x + 4x = 8x. Squaring term-by-term drops them — the single most famous error in algebra. The square of a sum is a² + 2ab + b², middle term and all.",KEEP,"Prediction precedes a direct causal model, retains the learner choice, and explains the observed outcome.",,,,,,,
exponents-scientific-notation,8,esn-02-01,i1,content/courses/exponents-scientific-notation/lessons/esn-02-01.json,mcq,"Can a NEGATIVE number, squared, give 25?","yes=""Yes — a negative times itself goes positive"" | no=""No — squares of negatives are negative"" | zero=""Only zero squares to a positive""",yes,Yes — a negative times itself goes positive,A negative times a negative lands positive — so squaring −5 gives 25 just as surely as squaring 5. Equations like x² = 25 hide two answers.,REMOVE,The attached surface does not meet the direct-manipulation and visible-consequence threshold.,,,,,,,
exponents-scientific-notation,8,esn-02-02,i1,content/courses/exponents-scientific-notation/lessons/esn-02-02.json,numeric,Does ∛64 ask 'what number multiplied by itself three times gives 64' — or '64 divided by 3'?,"cube=""What number, used three times, builds 64"" | divide=""64 divided by 3"" | triple=""64 minus itself three times""",cube,"What number, used three times, builds 64",The cube root unbuilds a cube — it hunts the edge whose triple product is 64. Division by 3 answers a completely different question.,REMOVE,The attached surface does not meet the direct-manipulation and visible-consequence threshold.,,,,,,,
exponents-scientific-notation,8,esn-02-03,i1,content/courses/exponents-scientific-notation/lessons/esn-02-03.json,areaModel,A square rug covers 36 square feet. Its side length is…,"six=""6 feet"" | half=""18 feet — half of 36"" | nine=""9 feet""",six,6 feet,"6 feet, because 6 × 6 = 36. Halving gives 18, which would be right if area were side + side — but area is side TIMES side, so undoing it takes a square root rather than a halving.",KEEP,"Prediction precedes a direct causal model, retains the learner choice, and explains the observed outcome.",,,,,,,
exponents-scientific-notation,8,esn-03-01,i1,content/courses/exponents-scientific-notation/lessons/esn-03-01.json,mcq,"In proper scientific notation, the front number must be at least 1 and less than what?","ten=""10"" | hundred=""100"" | any=""There's no limit""",ten,10,"One digit before the point — at least 1, under 10 — so every size difference lives in the power of ten. That's the whole convention.",REMOVE,The attached surface does not meet the direct-manipulation and visible-consequence threshold.,,,,,,,
exponents-scientific-notation,8,esn-03-02,i1,content/courses/exponents-scientific-notation/lessons/esn-03-02.json,mcq,"0.0056 is smaller than 1. In scientific notation, will its power of ten be positive or negative?","negative=""Negative"" | positive=""Positive"" | zero=""Zero""",negative,Negative,"Numbers below 1 are built by dividing by tens — each division is a step DOWN, and negative exponents count those steps.",REMOVE,The attached surface does not meet the direct-manipulation and visible-consequence threshold.,,,,,,,
exponents-scientific-notation,8,esn-03-03,i1,content/courses/exponents-scientific-notation/lessons/esn-03-03.json,estimateSlider,Light's speed in metres per second — is it closer to a MILLION or to a BILLION?,"billion=""Closer to a billion"" | million=""Closer to a million"" | thousand=""Closer to a thousand""",billion,Closer to a billion,"At about 3 × 10⁸, light sits under one power of ten below a billion but over two above a million — on a powers-of-ten line, that's the billion's neighborhood.",KEEP,"Prediction precedes a direct causal model, retains the learner choice, and explains the observed outcome.",,,,,,,
exponents-scientific-notation,8,esn-04-01,i1,content/courses/exponents-scientific-notation/lessons/esn-04-01.json,mcq,Multiplying powers of ten — do the exponents MULTIPLY or ADD?,"add=""They add"" | multiply=""They multiply"" | bigger=""Keep only the bigger one""",add,They add,10⁴ × 10³ stacks four tens with three more — seven tens in a row. Multiplying the bases means ADDING their exponents.,REMOVE,The attached surface does not meet the direct-manipulation and visible-consequence threshold.,,,,,,,
exponents-scientific-notation,8,esn-04-02,i1,content/courses/exponents-scientific-notation/lessons/esn-04-02.json,mcq,Adding two scientific-notation numbers — can you just add the exponents like when multiplying?,"no=""No — match the powers first"" | yes=""Yes — exponents add here too"" | front=""Add the fronts, keep the bigger power""",no,No — match the powers first,Addition needs like units — both numbers must speak the same power of ten before their fronts can combine. The exponent shortcut belongs to multiplication only.,REMOVE,The attached surface does not meet the direct-manipulation and visible-consequence threshold.,,,,,,,
exponents-scientific-notation,8,esn-04-03,i1,content/courses/exponents-scientific-notation/lessons/esn-04-03.json,mcq,Total honey = (3 × 10⁴ bees) × (2 × 10² grams each). Will the answer's size be near 10⁶ or near 10²?,"six=""Near 10⁶"" | two=""Near 10²"" | eight=""Near 10⁸""",six,Near 10⁶,The powers add: 4 + 2 makes 10⁶ — millions of grams. Estimating the exponent first keeps real-world answers honest.,REMOVE,The attached surface does not meet the direct-manipulation and visible-consequence threshold.,,,,,,,
expressions-equations,6,ee-01-01,i1,content/courses/expressions-equations/lessons/ee-01-01.json,numeric,Which is bigger: 2³ or 3²?,"threesq=""3²"" | twocubed=""2³"" | equal=""They're equal""",threesq,3²,2³ stacks three twos to 8; 3² stacks two threes to 9. Swapping base and exponent changes the number — the two roles are not interchangeable.,REMOVE,The attached surface does not meet the direct-manipulation and visible-consequence threshold.,,,,,,,
expressions-equations,6,ee-01-02,i1,content/courses/expressions-equations/lessons/ee-01-02.json,exactNumberLab,2⁴ — will it come out equal to 2 × 4?,"no=""No — repeated multiplying outgrows it"" | yes=""Yes — the exponent just multiplies the base""",no,No — repeated multiplying outgrows it,"The exponent counts FACTORS, not a multiplier: 2 × 2 × 2 × 2 = 16, double 2 × 4 = 8. Each extra factor of 2 doubles everything so far — that compounding is what makes powers grow so fast.",REMOVE,The attached surface does not meet the direct-manipulation and visible-consequence threshold.,,,,,,,
expressions-equations,6,ee-01-03,i1,content/courses/expressions-equations/lessons/ee-01-03.json,evalOrder,2 + 3²: what happens first?,"power=""The power: 3² = 9, then 2 + 9"" | sum=""The sum: 5² = 25"" | left=""Strict left-to-right, always""",power,"The power: 3² = 9, then 2 + 9","Exponents outrank addition: 3² = 9 first, then 2 + 9 = 11. Adding first gives 25 — a different number entirely, which is exactly why the order exists: so everyone reads 2 + 3² the same way.",KEEP,"Prediction precedes a direct causal model, retains the learner choice, and explains the observed outcome.",,,,,,,
expressions-equations,6,ee-02-01,i1,content/courses/expressions-equations/lessons/ee-02-01.json,numeric,"In the expression n + 3, when n changes, does the 3 change too?","no=""No — the 3 is fixed"" | yes=""Yes — everything moves together"" | depends=""Only if n gets big""",no,No — the 3 is fixed,"The variable varies; the constant doesn't. Whatever n becomes, the + 3 waits unchanged — that split is the whole grammar of expressions.",REMOVE,The attached surface does not meet the direct-manipulation and visible-consequence threshold.,,,,,,,
expressions-equations,6,ee-02-02,i1,content/courses/expressions-equations/lessons/ee-02-02.json,functionMachine,Evaluating 2n + 1 at n = 4: does the 2 multiply BEFORE or after the +1?,"before=""Before: 2·4 + 1 = 9"" | after=""After: 2·(4 + 1) = 10"" | either=""Either — same answer""",before,Before: 2·4 + 1 = 9,"2n glues the 2 to the n by multiplication, which outranks the +1: 8 + 1 = 9. Adding first would need parentheses — 2(n + 1) is a different machine, and the widget will show which one you built.",KEEP,"Prediction precedes a direct causal model, retains the learner choice, and explains the observed outcome.",,,,,,,
expressions-equations,6,ee-02-03,i1,content/courses/expressions-equations/lessons/ee-02-03.json,mcq,The phrase 'more than' signals which operation?,"add=""Addition"" | multiply=""Multiplication"" | subtract=""Subtraction""",add,Addition,'More than' piles an amount on top of what's there — addition. Translating the words before touching symbols is the safest first move.,REMOVE,The attached surface does not meet the direct-manipulation and visible-consequence threshold.,,,,,,,
expressions-equations,6,ee-03-01,i1,content/courses/expressions-equations/lessons/ee-03-01.json,algebraTiles,"3(x + 4) means three groups of (x + 4). When you lay those groups out as tiles, how many unit tiles appear?","twelve=""Twelve — each of the three groups brings its own 4"" | four=""Four — the 4 is only written once"" | seven=""Seven — 3 + 4""",twelve,Twelve — each of the three groups brings its own 4,The multiplier reaches everything inside the bracket. Three groups each carrying an x and a 4 give three x-tiles and twelve unit tiles — which is why 3(x + 4) is 3x + 12 and not 3x + 4.,KEEP,"Prediction precedes a direct causal model, retains the learner choice, and explains the observed outcome.",,,,,,,
expressions-equations,6,ee-03-02,i1,content/courses/expressions-equations/lessons/ee-03-02.json,algebraTiles,Building 4x + 3 − x + 2 with tiles — can the x-tiles and the number-tiles ever combine into ONE kind of tile?,"no=""No — they stay separate kinds"" | yes=""Yes — they merge into one pile"" | ifone=""Only if x equals 1""",no,No — they stay separate kinds,An x-tile and a unit tile are different shapes for a reason — unlike terms collect side by side but never fuse. The answer keeps both kinds.,KEEP,"Prediction precedes a direct causal model, retains the learner choice, and explains the observed outcome.",,,,,,,
expressions-equations,6,ee-03-03,i1,content/courses/expressions-equations/lessons/ee-03-03.json,numeric,"If two expressions are TRULY equivalent, at how many values of n must they agree?","all=""Every single value"" | one=""Just one is enough proof"" | most=""Most values""",all,Every single value,"Equivalence is a promise about EVERY input. One matching value is evidence, not proof — but one mismatching value destroys the claim completely.",REMOVE,The attached surface does not meet the direct-manipulation and visible-consequence threshold.,,,,,,,
expressions-equations,6,ee-04-01,i1,content/courses/expressions-equations/lessons/ee-04-01.json,mcq,What makes a number a SOLUTION of an equation?,"true=""It makes the equation true"" | appears=""It appears in the equation"" | biggest=""It's the biggest number involved""",true,It makes the equation true,A solution passes the substitution test — drop it in and both sides agree. Being written in the equation earns nothing; making it TRUE is everything.,REMOVE,The attached surface does not meet the direct-manipulation and visible-consequence threshold.,,,,,,,
expressions-equations,6,ee-04-02,i1,content/courses/expressions-equations/lessons/ee-04-02.json,balanceScale,"The scale holds x + 5 on the left and 12 on the right, with x starting at 0. Right now the left pan is…","light=""Lighter than the right"" | heavy=""Heavier than the right"" | level=""Already balanced""",light,Lighter than the right,"With x at 0 the left pan holds only the 5 — seven short of the 12. Every unit you give x adds weight to that pan alone, which is why exactly one value levels the scale.",KEEP,"Prediction precedes a direct causal model, retains the learner choice, and explains the observed outcome.",,,,,,,
expressions-equations,6,ee-04-03,i1,content/courses/expressions-equations/lessons/ee-04-03.json,balanceScale,The scale starts with x = 0. Right now the left pan (3x + 0) is…,"light=""Lighter than the right pan"" | heavy=""Heavier than the right pan"" | level=""Already balanced""",light,Lighter than the right pan,"At x = 0 the left pan weighs 0 against 12 on the right — 12 short. Every unit you add to x moves only that pan, which is why exactly one value levels the scale.",KEEP,"Prediction precedes a direct causal model, retains the learner choice, and explains the observed outcome.",,,,,,,
expressions-equations,6,ee-05-02,i1,content/courses/expressions-equations/lessons/ee-05-02.json,numberLinePlace,Before you place it: is 4 closer to 0 or to 10?,"min=""Closer to 0"" | max=""Closer to 10"" | half=""Exactly halfway""",min,Closer to 0,4 sits 4 from 0 and 6 from 10 — the 0 side wins. Judging position from the endpoints first makes the exact placement easier to defend.,KEEP,"Prediction precedes a direct causal model, retains the learner choice, and explains the observed outcome.",,,,,,,
expressions-equations,6,ee-05-03,i1,content/courses/expressions-equations/lessons/ee-05-03.json,numeric,"In pay = 8h, which variable depends on the other?","pay=""Pay depends on hours"" | hours=""Hours depend on pay"" | neither=""Neither — they're independent""",pay,Pay depends on hours,"Hours are chosen; pay follows from them through the rule. The independent variable moves first, and the dependent one answers.",REMOVE,The attached surface does not meet the direct-manipulation and visible-consequence threshold.,,,,,,,
expressions-patterns-g5,5,g5e-01-01,i1,content/courses/expressions-patterns-g5/lessons/g5e-01-01.json,barBuilder,Is 3 + 4 × 5 equal to 35?,"no=""No — 23"" | yes=""Yes""",no,No — 23,"Working left to right would give 35, but multiplication binds first, so 4 × 5 = 20 and 3 joins it.",KEEP,"Prediction precedes a direct causal model, retains the learner choice, and explains the observed outcome.",,,,,,,
expressions-patterns-g5,5,g5e-01-02,i1,content/courses/expressions-patterns-g5/lessons/g5e-01-02.json,barBuilder,Do 3 + 4 × 5 and (3 + 4) × 5 name the same value?,"no=""No — 23 and 35"" | yes=""Yes""",no,No — 23 and 35,"The brackets change which operation acts first, and that changes the quantity named.",KEEP,"Prediction precedes a direct causal model, retains the learner choice, and explains the observed outcome.",,,,,,,
expressions-patterns-g5,5,g5e-01-03,i1,content/courses/expressions-patterns-g5/lessons/g5e-01-03.json,barBuilder,"In 2 × [3 + (4 × 2)], what resolves first?","inner=""(4 × 2)"" | outer=""2 × 3""",inner,(4 × 2),"Groupings resolve inside out, so the innermost parentheses go before anything containing them.",KEEP,"Prediction precedes a direct causal model, retains the learner choice, and explains the observed outcome.",,,,,,,
expressions-patterns-g5,5,g5e-01-04,i1,content/courses/expressions-patterns-g5/lessons/g5e-01-04.json,estimateSlider,Computing 9 × 4 − 20 left to right without ranks gives what?,"same=""16 — the same here"" | diff=""A different value""",same,16 — the same here,"Left to right happens to agree when the product is written first; when it is not, the two disagree sharply.",KEEP,"Prediction precedes a direct causal model, retains the learner choice, and explains the observed outcome.",,,,,,,
expressions-patterns-g5,5,g5e-02-01,i1,content/courses/expressions-patterns-g5/lessons/g5e-02-01.json,barBuilder,"'Add 6 and 4, then multiply by 3' — with or without brackets?","with=""With — (6 + 4) × 3"" | without=""Without""",with,With — (6 + 4) × 3,"'Then multiply the result' makes the sum one quantity, and only brackets record that.",KEEP,"Prediction precedes a direct causal model, retains the learner choice, and explains the observed outcome.",,,,,,,
expressions-patterns-g5,5,g5e-02-02,i1,content/courses/expressions-patterns-g5/lessons/g5e-02-02.json,barBuilder,'Three times twelve plus five' — what would a listener write?,"wrong=""3 × 12 + 5 = 41"" | right=""3 × (12 + 5) = 51""",wrong,3 × 12 + 5 = 41,"Without a phrase naming the sum as one quantity, the grouping is lost in the retelling.",KEEP,"Prediction precedes a direct causal model, retains the learner choice, and explains the observed outcome.",,,,,,,
expressions-patterns-g5,5,g5e-02-03,i1,content/courses/expressions-patterns-g5/lessons/g5e-02-03.json,estimateSlider,Must you add 37 and 15 to compare?,"no=""No — the factor decides"" | yes=""Yes""",no,No — the factor decides,"The relationship holds for whatever the bracket equals, which is exactly what makes it structural.",KEEP,"Prediction precedes a direct causal model, retains the learner choice, and explains the observed outcome.",,,,,,,
expressions-patterns-g5,5,g5e-03-01,i1,content/courses/expressions-patterns-g5/lessons/g5e-03-01.json,barBuilder,'Add 3' and 'add 6' from 0 — how do terms relate?,"double=""B is twice A"" | plus3=""B is 3 more""",double,B is twice A,The gap grows as the sequences run; the ratio is what stays fixed.,KEEP,"Prediction precedes a direct causal model, retains the learner choice, and explains the observed outcome.",,,,,,,
expressions-patterns-g5,5,g5e-03-02,i1,content/courses/expressions-patterns-g5/lessons/g5e-03-02.json,plotPoint,A reaches 6 and B reaches 12 at step three. What is the pair?,"612=""(6, 12)"" | 126=""(12, 6)""",612,"(6, 12)","A's term is written first, so the pair records A across and B up.",KEEP,"Prediction precedes a direct causal model, retains the learner choice, and explains the observed outcome.",,,,,,,
expressions-patterns-g5,5,g5e-03-03,i1,content/courses/expressions-patterns-g5/lessons/g5e-03-03.json,plotPoint,"Plotting pairs from two constant rules, what shape appears?","line=""A straight path"" | scatter=""Scattered points""",line,A straight path,A fixed ratio between the terms puts every pair on the same straight path.,KEEP,"Prediction precedes a direct causal model, retains the learner choice, and explains the observed outcome.",,,,,,,
expressions-patterns-g5,5,g5e-03-04,i1,content/courses/expressions-patterns-g5/lessons/g5e-03-04.json,plotPoint,"From the pair (3, 12), what is the rule's factor?","four=""4"" | nine=""9""",four,4,"12 ÷ 3 = 4; the difference of 9 would describe an adding rule, not a multiplying one.",KEEP,"Prediction precedes a direct causal model, retains the learner choice, and explains the observed outcome.",,,,,,,
expressions-patterns-g5,5,g5e-03-05,i1,content/courses/expressions-patterns-g5/lessons/g5e-03-05.json,barBuilder,Does checking three terms PROVE the doubling continues?,"no=""No — the reason does"" | yes=""Yes""",no,No — the reason does,Three agreements are evidence; the step sizes standing in a 1-to-2 ratio is the reason.,KEEP,"Prediction precedes a direct causal model, retains the learner choice, and explains the observed outcome.",,,,,,,
fluency-20-g2,2,f20-01-01,i1,content/courses/fluency-20-g2/lessons/f20-01-01.json,tenFrame,You will add a second group of 4 to a frame that already holds 4. What will the frame show?,"a=""8 — two equal groups of 4"" | b=""5 — one more dot"" | c=""44""",a,8 — two equal groups of 4,"A double adds the whole group again, not one more dot: 4 and 4 make 8.",KEEP,"Prediction precedes a direct causal model, retains the learner choice, and explains the observed outcome.",,,,,,,
fluency-20-g2,2,f20-01-02,i1,content/courses/fluency-20-g2/lessons/f20-01-02.json,numberLineHop,Double 6 is 12. What is 6 + 7?,"a=""13 — one more than the double"" | b=""12 — the same"" | c=""14 — double 7""",a,13 — one more than the double,"7 is one more than 6, so the total is one more than double 6: 13.",KEEP,"Prediction precedes a direct causal model, retains the learner choice, and explains the observed outcome.",,,,,,,
fluency-20-g2,2,f20-01-03,i1,content/courses/fluency-20-g2/lessons/f20-01-03.json,tenFrame,The frame holds 8 and you have 5 more dots. How many will it take to fill the frame to ten?,"a=""2 — then 3 are left over"" | b=""5 — all of them"" | c=""10""",a,2 — then 3 are left over,"8 needs just 2 to reach ten. The other 3 stay outside, making 13 in all.",KEEP,"Prediction precedes a direct causal model, retains the learner choice, and explains the observed outcome.",,,,,,,
fluency-20-g2,2,f20-01-04,i1,content/courses/fluency-20-g2/lessons/f20-01-04.json,numberLineHop,You start at 10 and hop forward 6. Where will you land?,"a=""16 — a ten and 6 ones"" | b=""6 — the hops"" | c=""60""",a,16 — a ten and 6 ones,The ten stays whole and 6 ones join it: 16.,KEEP,"Prediction precedes a direct causal model, retains the learner choice, and explains the observed outcome.",,,,,,,
fluency-20-g2,2,f20-02-01,i1,content/courses/fluency-20-g2/lessons/f20-02-01.json,numberLineHop,7 + 4: which strategy is fastest?,"a=""Make ten from 7, then add the 1 left"" | b=""Count all 11 from one"" | c=""Double 7""",a,"Make ten from 7, then add the 1 left","7 needs 3 to make ten, leaving 1: ten and 1 is 11. Counting from one works but is slow.",KEEP,"Prediction precedes a direct causal model, retains the learner choice, and explains the observed outcome.",,,,,,,
fluency-20-g2,2,f20-02-02,i1,content/courses/fluency-20-g2/lessons/f20-02-02.json,numberLineHop,9 + 6: how much of the 6 is used to reach ten?,"a=""1 — then 5 are left"" | b=""6 — all of it"" | c=""None""",a,1 — then 5 are left,"9 needs only 1 to reach ten, so 5 remain: 15.",KEEP,"Prediction precedes a direct causal model, retains the learner choice, and explains the observed outcome.",,,,,,,
fluency-20-g2,2,f20-02-03,i1,content/courses/fluency-20-g2/lessons/f20-02-03.json,numberLineHop,9 + 9: which known fact helps most?,"a=""Double 9"" | b=""10 + 10"" | c=""Counting from one""",a,Double 9,"9 + 9 IS a double, so it is recalled directly rather than built.",KEEP,"Prediction precedes a direct causal model, retains the learner choice, and explains the observed outcome.",,,,,,,
fluency-20-g2,2,f20-02-04,i1,content/courses/fluency-20-g2/lessons/f20-02-04.json,numberLineHop,10 − 4: what does the answer tell you?,"a=""Ten's other part"" | b=""The number taken away"" | c=""Ten again""",a,Ten's other part,"Ten splits into 4 and 6, so removing 4 leaves the other part: 6.",KEEP,"Prediction precedes a direct causal model, retains the learner choice, and explains the observed outcome.",,,,,,,
fluency-20-g2,2,f20-03-01,i1,content/courses/fluency-20-g2/lessons/f20-03-01.json,numberLineHop,"15 − 7: after stepping down to ten, how much is still to take?","a=""2 — the rest of the 7"" | b=""7 — all of it again"" | c=""5""",a,2 — the rest of the 7,"5 of the 7 gets you to ten; 2 remain, so the answer is 8.",KEEP,"Prediction precedes a direct causal model, retains the learner choice, and explains the observed outcome.",,,,,,,
fluency-20-g2,2,f20-03-02,i1,content/courses/fluency-20-g2/lessons/f20-03-02.json,numberLineHop,13 − 5: which question finds it fastest?,"a=""5 and what make 13?"" | b=""13 and what make 5?"" | c=""5 + 13?""",a,5 and what make 13?,"Subtraction asks for the missing part: 5 + 8 = 13, so 13 − 5 = 8.",KEEP,"Prediction precedes a direct causal model, retains the learner choice, and explains the observed outcome.",,,,,,,
fluency-20-g2,2,f20-03-03,i1,content/courses/fluency-20-g2/lessons/f20-03-03.json,numberLineHop,The parts are 6 and 8. How many facts does this family hold?,"a=""4 — two additions and two subtractions"" | b=""1"" | c=""2""",a,4 — two additions and two subtractions,"6+8, 8+6, 14−6 and 14−8 all come from the same three numbers.",KEEP,"Prediction precedes a direct causal model, retains the learner choice, and explains the observed outcome.",,,,,,,
fluency-20-g2,2,f20-03-04,i1,content/courses/fluency-20-g2/lessons/f20-03-04.json,numberLineHop,7 + ? = 15. What finds the missing part?,"a=""15 − 7"" | b=""15 + 7"" | c=""7 + 7""",a,15 − 7,The total minus the known part leaves the missing one: 15 − 7 = 8.,KEEP,"Prediction precedes a direct causal model, retains the learner choice, and explains the observed outcome.",,,,,,,
fluency-20-g2,2,f20-03-05,i1,content/courses/fluency-20-g2/lessons/f20-03-05.json,numberLineHop,What does fluent mean for these facts?,"a=""The answer arrives without working it out"" | b=""Counting very fast"" | c=""Guessing""",a,The answer arrives without working it out,Strategies build the facts; fluency is when the fact itself is remembered.,KEEP,"Prediction precedes a direct causal model, retains the learner choice, and explains the observed outcome.",,,,,,,
fluency-20-g2,2,f20-03-06,i1,content/courses/fluency-20-g2/lessons/f20-03-06.json,numberLineHop,15 − 8 comes back fastest through which partner fact?,"a=""8 + 7 = 15"" | b=""15 + 8"" | c=""8 + 8""",a,8 + 7 = 15,"The addition partner names the answer directly: 8 + 7 = 15, so 15 − 8 = 7.",KEEP,"Prediction precedes a direct causal model, retains the learner choice, and explains the observed outcome.",,,,,,,
four-addends-g2,2,g2n-01-01,i1,content/courses/four-addends-g2/lessons/g2n-01-01.json,numberLineHop,24 + 13 + 10: can you add just two of them first?,"yes=""Yes — pair, then join the third"" | no=""No — all three at once""",yes,"Yes — pair, then join the third","Addition happily goes two at a time: 24 + 13 = 37, then 37 + 10 = 47.",KEEP,"Prediction precedes a direct causal model, retains the learner choice, and explains the observed outcome.",,,,,,,
four-addends-g2,2,g2n-01-02,i1,content/courses/four-addends-g2/lessons/g2n-01-02.json,numberLineHop,Adding four numbers needs how many joins?,"three=""Three joins"" | four=""Four joins""",three,Three joins,"Each join folds in one more addend: pair (1), third (2), fourth (3).",KEEP,"Prediction precedes a direct causal model, retains the learner choice, and explains the observed outcome.",,,,,,,
four-addends-g2,2,g2n-01-03,i1,content/courses/four-addends-g2/lessons/g2n-01-03.json,tapDiagram,"In 38 + 25 + 12, which pair lands on a ten?","outer=""38 and 12"" | first=""38 and 25""",outer,38 and 12,"8 ones + 2 ones = 10, so 38 + 12 = 50 exactly — the middle addend waits its turn.",KEEP,"Prediction precedes a direct causal model, retains the learner choice, and explains the observed outcome.",,,,,,,
four-addends-g2,2,g2n-02-01,i1,content/courses/four-addends-g2/lessons/g2n-02-01.json,numberLineHop,Split 34 + 25 by place: what are the two piles?,"right=""30 + 20 and 4 + 5"" | cross=""30 + 5 and 4 + 20""",right,30 + 20 and 4 + 5,Tens meet tens and ones meet ones — crossing them mixes unit sizes.,KEEP,"Prediction precedes a direct causal model, retains the learner choice, and explains the observed outcome.",,,,,,,
four-addends-g2,2,g2n-02-02,i1,content/courses/four-addends-g2/lessons/g2n-02-02.json,tapDiagram,46 + 23 + 14: scan the ones. Which two complete a ten?,"pair=""46 and 14 (6 + 4)"" | none=""No pair exists""",pair,46 and 14 (6 + 4),"6 + 4 = 10, so 46 + 14 = 60 — the scan found free simplicity.",KEEP,"Prediction precedes a direct causal model, retains the learner choice, and explains the observed outcome.",,,,,,,
four-addends-g2,2,g2n-02-03,i1,content/courses/four-addends-g2/lessons/g2n-02-03.json,numberLineHop,Halfway through a four-addend sum you pause. What must you still know?,"total=""The running total so far"" | first=""Only the first addend""",total,The running total so far,"The total-so-far is the whole state of the sum — with it, any pause is safe.",KEEP,"Prediction precedes a direct causal model, retains the learner choice, and explains the observed outcome.",,,,,,,
four-addends-g2,2,g2n-03-01,i1,content/courses/four-addends-g2/lessons/g2n-03-01.json,numberLineHop,A story lists four amounts and asks for the total. What is the first move?,"name=""Name the four addends"" | guess=""Guess near the biggest""",name,Name the four addends,Every staged sum starts by knowing exactly what is being joined.,KEEP,"Prediction precedes a direct causal model, retains the learner choice, and explains the observed outcome.",,,,,,,
four-addends-g2,2,g2n-03-02,i1,content/courses/four-addends-g2/lessons/g2n-03-02.json,numberLineHop,Forward gave 84; backward gives 84. What did you learn?,"strong=""Strong evidence the sum is right"" | nothing=""Nothing — orders differ""",strong,Strong evidence the sum is right,Two independent paths agreeing is exactly what a correct total looks like.,KEEP,"Prediction precedes a direct causal model, retains the learner choice, and explains the observed outcome.",,,,,,,
fraction-division-g5,5,g5f-01-01,i1,content/courses/fraction-division-g5/lessons/g5f-01-01.json,fractionBar,3 shared among 4 — does anyone get a whole sandwich?,"no=""No — less than one each"" | yes=""Yes""",no,No — less than one each,Three wholes cannot give four people one each; every share must fall under a whole.,KEEP,"Prediction precedes a direct causal model, retains the learner choice, and explains the observed outcome.",,,,,,,
fraction-division-g5,5,g5f-01-02,i1,content/courses/fraction-division-g5/lessons/g5f-01-02.json,fractionBar,What is 5 ÷ 8 as a fraction?,"58=""5/8"" | 85=""8/5""",58,5/8,The amount being shared goes on top; the number of shares goes underneath.,KEEP,"Prediction precedes a direct causal model, retains the learner choice, and explains the observed outcome.",,,,,,,
fraction-division-g5,5,g5f-01-03,i1,content/courses/fraction-division-g5/lessons/g5f-01-03.json,fractionBar,13 people into 4-seat cars — fraction or remainder?,"rem=""Remainder — people cannot be cut"" | frac=""Fraction""",rem,Remainder — people cannot be cut,"A quarter of a person is meaningless, so the leftover stays whole and needs another car.",KEEP,"Prediction precedes a direct causal model, retains the learner choice, and explains the observed outcome.",,,,,,,
fraction-division-g5,5,g5f-01-04,i1,content/courses/fraction-division-g5/lessons/g5f-01-04.json,fractionBar,7 metres among 8 people — more or less than a metre each?,"less=""Less"" | more=""More""",less,Less,Seven wholes cannot give eight people a whole metre each.,KEEP,"Prediction precedes a direct causal model, retains the learner choice, and explains the observed outcome.",,,,,,,
fraction-division-g5,5,g5f-02-01,i1,content/courses/fraction-division-g5/lessons/g5f-02-01.json,fractionBar,"Sharing 1/4 three ways, does the denominator grow or shrink?","grow=""Grow — to twelfths"" | shrink=""Shrink""",grow,Grow — to twelfths,"More cuts means more pieces in the whole, so the number naming the piece size rises.",KEEP,"Prediction precedes a direct causal model, retains the learner choice, and explains the observed outcome.",,,,,,,
fraction-division-g5,5,g5f-02-02,i1,content/courses/fraction-division-g5/lessons/g5f-02-02.json,fractionBar,Is 3 ÷ 1/4 bigger or smaller than 3?,"bigger=""Bigger — 12"" | smaller=""Smaller""",bigger,Bigger — 12,"Fourths are small, so a great many of them fit inside three wholes.",KEEP,"Prediction precedes a direct causal model, retains the learner choice, and explains the observed outcome.",,,,,,,
fraction-division-g5,5,g5f-02-03,i1,content/courses/fraction-division-g5/lessons/g5f-02-03.json,fractionBar,Do 3 ÷ 4 and 3 ÷ 1/4 have the same answer?,"no=""No — 3/4 and 12"" | yes=""Yes""",no,No — 3/4 and 12,One shares three among four; the other counts how many fourths fit in three.,KEEP,"Prediction precedes a direct causal model, retains the learner choice, and explains the observed outcome.",,,,,,,
fraction-division-g5,5,g5f-02-04,i1,content/courses/fraction-division-g5/lessons/g5f-02-04.json,fractionBar,Jumps of 1/3 to reach 5 wholes — how many?,"fifteen=""15"" | five=""5""",fifteen,15,"Each whole takes three jumps, so five wholes take fifteen.",KEEP,"Prediction precedes a direct causal model, retains the learner choice, and explains the observed outcome.",,,,,,,
fraction-division-g5,5,g5f-03-01,i1,content/courses/fraction-division-g5/lessons/g5f-03-01.json,fractionBar,"If 3 ÷ 1/4 = 12, what should 12 × 1/4 give?","three=""3"" | twelve=""12""",three,3,Multiplying the quotient by the divisor must rebuild the original amount.,KEEP,"Prediction precedes a direct causal model, retains the learner choice, and explains the observed outcome.",,,,,,,
fraction-division-g5,5,g5f-03-02,i1,content/courses/fraction-division-g5/lessons/g5f-03-02.json,estimateSlider,4 metres in 1/2-metre pieces — how many pieces?,"eight=""8"" | two=""2""",eight,8,"Each metre gives two half-metre pieces, so four metres give eight.",KEEP,"Prediction precedes a direct causal model, retains the learner choice, and explains the observed outcome.",,,,,,,
fraction-division-g5,5,g5f-03-03,i1,content/courses/fraction-division-g5/lessons/g5f-03-03.json,estimateSlider,6 litres into 1/3-litre cups — more or fewer than 6 cups?,"more=""More"" | fewer=""Fewer""",more,More,"Each litre fills three cups, so the count is well above the number of litres.",KEEP,"Prediction precedes a direct causal model, retains the learner choice, and explains the observed outcome.",,,,,,,
fraction-division-g5,5,g5f-03-04,i1,content/courses/fraction-division-g5/lessons/g5f-03-04.json,estimateSlider,Dividing by 1/3 — does the answer grow or shrink?,"grow=""Grow, roughly triple"" | shrink=""Shrink""",grow,"Grow, roughly triple","Thirds are small, so three of them fit in every whole and the count triples.",KEEP,"Prediction precedes a direct causal model, retains the learner choice, and explains the observed outcome.",,,,,,,
fraction-multiply-g4,4,g4x-01-01,i1,content/courses/fraction-multiply-g4/lessons/g4x-01-01.json,fractionBar,"Adding 2/5 three times, what changes?","top=""Only the count of pieces"" | both=""Both numbers""",top,Only the count of pieces,The pieces stay fifths; you simply end up holding six of them instead of two.,KEEP,"Prediction precedes a direct causal model, retains the learner choice, and explains the observed outcome.",,,,,,,
fraction-multiply-g4,4,g4x-01-02,i1,content/courses/fraction-multiply-g4/lessons/g4x-01-02.json,fractionBar,"In 3 × 2/5, which number does the 3 multiply?","num=""The numerator"" | both=""Both parts""",num,The numerator,"Three groups means three times as many PIECES, and the piece size is what the denominator names.",KEEP,"Prediction precedes a direct causal model, retains the learner choice, and explains the observed outcome.",,,,,,,
fraction-multiply-g4,4,g4x-01-03,i1,content/courses/fraction-multiply-g4/lessons/g4x-01-03.json,fractionBar,What is 4 × 1/6?,"46=""4/6"" | 424=""4/24""",46,4/6,Four sixth-pieces are four sixths. Collecting pieces never makes them smaller.,KEEP,"Prediction precedes a direct causal model, retains the learner choice, and explains the observed outcome.",,,,,,,
fraction-multiply-g4,4,g4x-01-04,i1,content/courses/fraction-multiply-g4/lessons/g4x-01-04.json,fractionBar,Does n × a/b ever change the denominator?,"never=""No — never"" | sometimes=""Sometimes""",never,No — never,Collecting groups of identical pieces cannot change what a piece IS — only how many you hold.,KEEP,"Prediction precedes a direct causal model, retains the learner choice, and explains the observed outcome.",,,,,,,
fraction-multiply-g4,4,g4x-02-01,i1,content/courses/fraction-multiply-g4/lessons/g4x-02-01.json,numberLinePlace,Three jumps of 2/5 from zero land where?,"sixfifths=""6/5 — past 1"" | one=""Exactly 1""",sixfifths,6/5 — past 1,"Each jump covers two fifths, so three jumps cover six — one more than the five fifths in a whole.",KEEP,"Prediction precedes a direct causal model, retains the learner choice, and explains the observed outcome.",,,,,,,
fraction-multiply-g4,4,g4x-02-02,i1,content/courses/fraction-multiply-g4/lessons/g4x-02-02.json,fractionBar,Four rows each shading 3/8 — do the pieces get smaller?,"no=""No — still eighths"" | yes=""Yes — now 32nds""",no,No — still eighths,Each row is a copy of the same whole cut into eighths; stacking copies never re-cuts the pieces.,KEEP,"Prediction precedes a direct causal model, retains the learner choice, and explains the observed outcome.",,,,,,,
fraction-multiply-g4,4,g4x-02-03,i1,content/courses/fraction-multiply-g4/lessons/g4x-02-03.json,fractionBar,Is 5 × 3/4 more or less than one whole?,"more=""More"" | less=""Less""",more,More,Five groups of nearly-a-whole cannot stay under one; fifteen fourths is almost four wholes.,KEEP,"Prediction precedes a direct causal model, retains the learner choice, and explains the observed outcome.",,,,,,,
fraction-multiply-g4,4,g4x-02-04,i1,content/courses/fraction-multiply-g4/lessons/g4x-02-04.json,fractionBar,How many wholes are in 12/8?,"one=""1, with 4/8 left"" | twelve=""12""",one,"1, with 4/8 left","Eight eighths make one whole, and twelve eighths contains exactly one such group plus four spare.",KEEP,"Prediction precedes a direct causal model, retains the learner choice, and explains the observed outcome.",,,,,,,
fraction-multiply-g4,4,g4x-03-01,i1,content/courses/fraction-multiply-g4/lessons/g4x-03-01.json,fractionBar,Six bags of 2/6 kg each — total?,"twelve=""12/6 kg"" | eight=""8/6 kg""",twelve,12/6 kg,Six groups of two sixths collects twelve sixths; adding the counts would answer a different question.,KEEP,"Prediction precedes a direct causal model, retains the learner choice, and explains the observed outcome.",,,,,,,
fraction-multiply-g4,4,g4x-03-02,i1,content/courses/fraction-multiply-g4/lessons/g4x-03-02.json,fractionBar,Five batches of 3/4 cup each. Total?,"fifteen=""15/4 cups"" | eight=""8/4 cups""",fifteen,15/4 cups,Five groups of three fourths collects fifteen fourths — three and three-quarter cups.,KEEP,"Prediction precedes a direct causal model, retains the learner choice, and explains the observed outcome.",,,,,,,
fraction-multiply-g4,4,g4x-03-03,i1,content/courses/fraction-multiply-g4/lessons/g4x-03-03.json,numberLinePlace,Six laps of 3/8 mile — total distance?,"eighteen=""18/8 miles"" | nine=""9/8 miles""",eighteen,18/8 miles,Six groups of three eighths is eighteen eighths; nine would be only three laps.,KEEP,"Prediction precedes a direct causal model, retains the learner choice, and explains the observed outcome.",,,,,,,
fraction-multiply-g4,4,g4x-03-04,i1,content/courses/fraction-multiply-g4/lessons/g4x-03-04.json,estimateSlider,Is 7 × 5/6 nearer 6 or nearer 35?,"six=""Nearer 6"" | thirtyfive=""Nearer 35""",six,Nearer 6,"35 counts sixth-PIECES, not wholes; thirty-five sixths is only about six wholes.",KEEP,"Prediction precedes a direct causal model, retains the learner choice, and explains the observed outcome.",,,,,,,
fractions,3,fr-01-01,i1,content/courses/fractions/lessons/fr-01-01.json,tapDiagram,"What makes a cut into fourths FAIR — having four pieces, or having four EQUAL pieces?","equal=""Four equal pieces"" | four=""Any four pieces"" | big=""Four pieces with one big one""",equal,Four equal pieces,"Fourths only count when every piece matches — four pieces of different sizes is a cut, but it isn't fourths.",KEEP,"Prediction precedes a direct causal model, retains the learner choice, and explains the observed outcome.",,,,,,,
fractions,3,fr-01-02,i1,content/courses/fractions/lessons/fr-01-02.json,slider,You'll raise the cut count from 2 pieces up to 8. What happens to the size of ONE piece as the cuts go up?,"smaller=""Each piece gets smaller"" | bigger=""Each piece gets bigger"" | same=""Piece size stays the same""",smaller,Each piece gets smaller,"More cuts share the SAME bar among more pieces — so every single piece shrinks. Bigger bottom number, smaller piece.",KEEP,"Prediction precedes a direct causal model, retains the learner choice, and explains the observed outcome.",,,,,,,
fractions,3,fr-01-03,i1,content/courses/fractions/lessons/fr-01-03.json,buildExpression,You took 5 of the 6 slices. Is your share more than half the pizza?,"more=""More than half"" | less=""Less than half"" | half=""Exactly half""",more,More than half,Half of six slices is three — five slices sails well past it. Benchmarking against a half reads a fraction before any symbols do.,REMOVE,The attached surface does not meet the direct-manipulation and visible-consequence threshold.,,,,,,,
fractions,3,fr-01-04,i1,content/courses/fractions/lessons/fr-01-04.json,dragBucket,"If the BOTTOM number grows while the top stays put, does your amount grow or shrink?","shrink=""It shrinks"" | grow=""It grows"" | same=""It stays the same""",shrink,It shrinks,"A bigger bottom means the whole was cut into more, smaller pieces — holding the same count of tinier pieces is holding less.",REMOVE,The attached surface does not meet the direct-manipulation and visible-consequence threshold.,,,,,,,
fractions,3,fr-02-01,i1,content/courses/fractions/lessons/fr-02-01.json,slider,"Right now the trip is 2 big jumps. When you cut it into SIXTHS, will each jump be longer or shorter than a half-jump?","shorter=""Shorter than a half-jump"" | longer=""Longer than a half-jump"" | same=""The same length""",shorter,Shorter than a half-jump,Six jumps must share the very same trip that two jumps shared — so each sixth is a much shorter stride than a half.,KEEP,"Prediction precedes a direct causal model, retains the learner choice, and explains the observed outcome.",,,,,,,
fractions,3,fr-02-02,i1,content/courses/fractions/lessons/fr-02-02.json,slider,You'll slide to 1/4 of the trip. Will that spot be nearer the START (0) or nearer the END (1)?,"start=""Nearer the start"" | end=""Nearer the end"" | middle=""Exactly halfway""",start,Nearer the start,"One jump out of four barely leaves the trailhead — 1/4 sits close to 0, not near the 4th tick at the end.",KEEP,"Prediction precedes a direct causal model, retains the learner choice, and explains the observed outcome.",,,,,,,
fractions,3,fr-02-03,i1,content/courses/fractions/lessons/fr-02-03.json,slider,"You'll slide to 3/4. Is that before the halfway point, exactly halfway, or past halfway?","past=""Past halfway"" | before=""Before halfway"" | half=""Exactly halfway""",past,Past halfway,Halfway is 2/4 — two jumps. Three jumps carries you a whole jump beyond the middle of the trip.,KEEP,"Prediction precedes a direct causal model, retains the learner choice, and explains the observed outcome.",,,,,,,
fractions,3,fr-02-04,i1,content/courses/fractions/lessons/fr-02-04.json,slider,"This line runs 0→2. When you slide to 5/4, will you be before 1, exactly on 1, or past 1?","past=""Past 1"" | on=""Exactly on 1"" | before=""Before 1""",past,Past 1,Four fourth-jumps land exactly on 1 — the fifth jump steps beyond it. A fraction bigger than its bottom number lives past the whole.,KEEP,"Prediction precedes a direct causal model, retains the learner choice, and explains the observed outcome.",,,,,,,
fractions,3,fr-03-01,e1,content/courses/fractions/lessons/fr-03-01.json,fractionBar,The bar starts at 1/1. Before you touch it: is 1/1 more or less of the bar than 1/2?,"more=""1/1 is more"" | less=""1/1 is less"" | same=""They're the same amount""",more,1/1 is more,"With the same whole, the bar settles it: 1/1 covers more than 1/2. Count of pieces and size of pieces work together — neither alone decides the amount.",KEEP,"Prediction precedes a direct causal model, retains the learner choice, and explains the observed outcome.",,,,,,,
fractions,3,fr-03-02,i1,content/courses/fractions/lessons/fr-03-02.json,dragBucket,Cutting every piece of a bar in half — does the shaded AMOUNT change?,"no=""No — same amount, more pieces"" | yes=""Yes — more pieces means more"" | less=""Yes — cutting shrinks it""",no,"No — same amount, more pieces",The cuts multiply the count and shrink the size in perfect balance — 2/4 covers exactly the ground 1/2 did. That balance IS equivalence.,REMOVE,The attached surface does not meet the direct-manipulation and visible-consequence threshold.,,,,,,,
fractions,3,fr-03-03,i1,content/courses/fractions/lessons/fr-03-03.json,slider,You'll slide to 6/3 on a line that runs 0→3. Where will 6/3 land?,"whole=""Exactly on the whole number 2"" | between=""Between 1 and 2"" | past=""Past 2""",whole,Exactly on the whole number 2,"Every 3 third-jumps banks one whole — six jumps banks exactly two wholes, so 6/3 sits right on 2.",KEEP,"Prediction precedes a direct causal model, retains the learner choice, and explains the observed outcome.",,,,,,,
fractions,3,fr-04-01,i1,content/courses/fractions/lessons/fr-04-01.json,dragOrder,All pieces are sevenths of the SAME bar. Predict: what settles which stack is biggest?,"count=""How many sevenths — the top number"" | size=""The size of each piece"" | both=""You can't tell without a picture""",count,How many sevenths — the top number,"Matching bottoms mean matching piece sizes — so ordering sevenths is pure counting. The top number settles it, and the bars will show exactly that.",REMOVE,The attached surface does not meet the direct-manipulation and visible-consequence threshold.,,,,,,,
fractions,3,fr-04-02,i1,content/courses/fractions/lessons/fr-04-02.json,slider,"You'll slide the CUT COUNT on one bar. Predict: to make a single piece as big as possible, the cut count should be…","small=""As small as possible"" | big=""As big as possible"" | none=""It won't change the piece""",small,As small as possible,"Fewer cuts, bigger pieces — the bottom number counts CUTS, not size. Watch the piece shrink as the denominator grows: that's the big-number reflex, disarmed.",KEEP,"Prediction precedes a direct causal model, retains the learner choice, and explains the observed outcome.",,,,,,,
fractions,3,fr-04-03,i1,content/courses/fractions/lessons/fr-04-03.json,dragOrder,Why does 1/3 beat 1/4 in size?,"share=""Fewer sharers — bigger pieces"" | small=""It doesn't — 3 is less than 4"" | equal=""They're the same size""",share,Fewer sharers — bigger pieces,Splitting among three leaves bigger shares than splitting among four — the smaller bottom number wins because fewer people are dividing the bar.,REMOVE,The attached surface does not meet the direct-manipulation and visible-consequence threshold.,,,,,,,
fractions,3,fr-04-04,i1,content/courses/fractions/lessons/fr-04-04.json,dragBucket,Half of a small cookie versus half of a big cake — the same amount?,"no=""No — halves inherit their wholes"" | yes=""Yes — a half is a half"" | cookie=""The cookie half is more""",no,No — halves inherit their wholes,"A fraction is a share OF something — big whole, big half. Comparing fractions only means anything when the wholes match.",REMOVE,The attached surface does not meet the direct-manipulation and visible-consequence threshold.,,,,,,,
fractions-add,4,fa-01-01,i1,content/courses/fractions-add/lessons/fa-01-01.json,fractionBar,"You'll rebuild 1/2 using MORE pieces. To cover the same amount of bar, those pieces must be…","bigger=""Bigger"" | smaller=""Smaller"" | same=""The same size""",smaller,Smaller,"More pieces of a smaller size can cover exactly the same amount — 3/6 uses six small pieces where 1/2 used one big one. Count up, size down, amount unchanged: that trade IS equivalence.",KEEP,"Prediction precedes a direct causal model, retains the learner choice, and explains the observed outcome.",,,,,,,
fractions-add,4,fa-01-02,i1,content/courses/fractions-add/lessons/fa-01-02.json,fractionBar,The bar starts at 1/2. Before you touch it: is 1/2 more or less of the bar than 2/3?,"more=""1/2 is more"" | less=""1/2 is less"" | same=""They're the same amount""",less,1/2 is less,"With the same whole, the bar settles it: 1/2 covers less than 2/3. Count of pieces and size of pieces work together — neither alone decides the amount.",KEEP,"Prediction precedes a direct causal model, retains the learner choice, and explains the observed outcome.",,,,,,,
fractions-add,4,fa-01-03,i1,content/courses/fractions-add/lessons/fa-01-03.json,matchPairs,"Does simplifying a fraction change its VALUE, or only how it's written?","look=""Only how it's written"" | value=""Its value shrinks"" | both=""Both change a little""",look,Only how it's written,Simplifying regroups the same amount into bigger pieces — 4/8 and 1/2 are one quantity wearing two outfits. The value never moves.,REMOVE,The attached surface does not meet the direct-manipulation and visible-consequence threshold.,,,,,,,
fractions-add,4,fa-02-01,i1,content/courses/fractions-add/lessons/fa-02-01.json,dragBucket,"Without a picture, how can you tell a fraction is MORE than 1/2?","half=""Its top is more than half its bottom"" | two=""Its top is more than 2"" | flip=""Its bottom is bigger than its top""",half,Its top is more than half its bottom,"Half of the denominator is the tipping point — 5/8 clears it because 5 beats 4. The benchmark lives in that comparison, no drawing required.",REMOVE,The attached surface does not meet the direct-manipulation and visible-consequence threshold.,,,,,,,
fractions-add,4,fa-03-01,i1,content/courses/fractions-add/lessons/fa-03-01.json,fractionBar,The bar starts at 1/8. Before you touch it: is 1/8 more or less of the bar than 5/8?,"more=""1/8 is more"" | less=""1/8 is less"" | same=""They're the same amount""",less,1/8 is less,"With the same whole, the bar settles it: 1/8 covers less than 5/8. Count of pieces and size of pieces work together — neither alone decides the amount.",KEEP,"Prediction precedes a direct causal model, retains the learner choice, and explains the observed outcome.",,,,,,,
fractions-add,4,fa-03-02,i1,content/courses/fractions-add/lessons/fa-03-02.json,matchPairs,Subtracting 5/8 − 2/8 — do the DENOMINATORS get subtracted too?,"no=""No — the piece size stays eighths"" | yes=""Yes — everything subtracts"" | add=""No — denominators add instead""",no,No — the piece size stays eighths,"The bottom number names the piece SIZE, and taking pieces away doesn't change what size they are — only how many remain. Tops subtract; bottoms hold still.",REMOVE,The attached surface does not meet the direct-manipulation and visible-consequence threshold.,,,,,,,
fractions-add,4,fa-03-03,i1,content/courses/fractions-add/lessons/fa-03-03.json,dragBucket,A story asks 'how much MORE did Ana eat than Ben?' — add or subtract?,"subtract=""Subtract — it's a comparison"" | add=""Add — 'more' means add"" | neither=""Neither — just say Ana""",subtract,Subtract — it's a comparison,"'How much more' measures the GAP between two amounts — a subtraction. The word 'more' baits addition, but the question's shape is a comparison.",REMOVE,The attached surface does not meet the direct-manipulation and visible-consequence threshold.,,,,,,,
fractions-add,4,fa-04-01,i1,content/courses/fractions-add/lessons/fa-04-01.json,fractionBar,The bar starts at 1/4. Before you touch it: is 1/4 more or less of the bar than 7/4?,"more=""1/4 is more"" | less=""1/4 is less"" | same=""They're the same amount""",less,1/4 is less,"With the same whole, the bar settles it: 1/4 covers less than 7/4. Count of pieces and size of pieces work together — neither alone decides the amount.",KEEP,"Prediction precedes a direct causal model, retains the learner choice, and explains the observed outcome.",,,,,,,
fractions-add,4,fa-04-02,i1,content/courses/fractions-add/lessons/fa-04-02.json,matchPairs,"In 2¾, how many FOURTHS are hiding inside just the 2 wholes?","eight=""8 fourths"" | two=""2 fourths"" | six=""6 fourths""",eight,8 fourths,Every whole shatters into four fourths — two wholes carry eight of them before the ¾ even joins. That unpacking is the mixed-to-improper move.,REMOVE,The attached surface does not meet the direct-manipulation and visible-consequence threshold.,,,,,,,
fractions-add,4,fa-04-03,i1,content/courses/fractions-add/lessons/fa-04-03.json,matchPairs,Adding 1½ + 1½ — can the fraction parts alone push the answer up to a new WHOLE?,"yes=""Yes — the halves combine into a whole"" | no=""No — wholes and parts stay separate"" | sub=""Only when subtracting""",yes,Yes — the halves combine into a whole,Half and half make a full one — the parts regroup upward exactly like ones carrying into tens. Mixed numbers trade between their two columns.,REMOVE,The attached surface does not meet the direct-manipulation and visible-consequence threshold.,,,,,,,
fractions-add,4,fa-04-03,i3,content/courses/fractions-add/lessons/fa-04-03.json,mixedRegroup,3 − 1 2/5. The whole-number part of the answer will be:,"two=""2 — just 3 minus 1"" | less=""Less than 2 — a whole gets broken"" | three=""3 — the fraction is too small to matter""",less,Less than 2 — a whole gets broken,"There are no fifths on top to take 2/5 from, so one of the 3 wholes breaks into 5/5. That leaves 2 wholes and 5/5, and after subtracting: 1 3/5.",KEEP,"Prediction precedes a direct causal model, retains the learner choice, and explains the observed outcome.",,,,,,,
fractions-add,4,fa-05-01,i1,content/courses/fractions-add/lessons/fa-05-01.json,matchPairs,Adding 1/4 + 1/4 + 1/4 — does the BOTTOM number grow as you add?,"no=""No — only the top counts up"" | yes=""Yes — bottoms add too"" | both=""Both numbers grow together""",no,No — only the top counts up,"Each added piece is another FOURTH — same size, one more of them. The count climbs while the piece size stands still.",REMOVE,The attached surface does not meet the direct-manipulation and visible-consequence threshold.,,,,,,,
fractions-add,4,fa-05-02,i1,content/courses/fractions-add/lessons/fa-05-02.json,buildExpression,6 × (1/4) — will the answer be more or less than 1?,"more=""More than 1"" | less=""Less than 1"" | one=""Exactly 1""",more,More than 1,Four quarters already build a whole — six of them overflow it. Repeated fractions can climb right past 1.,REMOVE,The attached surface does not meet the direct-manipulation and visible-consequence threshold.,,,,,,,
fractions-deeper-g3,3,g3f-01-01,i1,content/courses/fractions-deeper-g3/lessons/g3f-01-01.json,fractionBar,A circle is cut into 3 pieces of different sizes. Are these thirds?,"no=""No — they are not equal"" | yes=""Yes — there are 3""",no,No — they are not equal,Thirds means three EQUAL parts. Counting to three is not enough; the pieces must match.,KEEP,"Prediction precedes a direct causal model, retains the learner choice, and explains the observed outcome.",,,,,,,
fractions-deeper-g3,3,g3f-01-02,i1,content/courses/fractions-deeper-g3/lessons/g3f-01-02.json,fractionBar,"Same whole, cut into 3 versus cut into 6. Which pieces are bigger?","three=""The thirds"" | six=""The sixths""",three,The thirds,"The whole is fixed, so more cuts means smaller pieces — thirds are bigger than sixths.",KEEP,"Prediction precedes a direct causal model, retains the learner choice, and explains the observed outcome.",,,,,,,
fractions-deeper-g3,3,g3f-01-03,i1,content/courses/fractions-deeper-g3/lessons/g3f-01-03.json,fractionBar,"Collecting 1/5 three times, what changes?","top=""Only the top — 3/5"" | both=""Both numbers""",top,Only the top — 3/5,You gathered three same-size pieces: the count rises to 3 and the fifths stay fifths.,KEEP,"Prediction precedes a direct causal model, retains the learner choice, and explains the observed outcome.",,,,,,,
fractions-deeper-g3,3,g3f-01-04,i1,content/courses/fractions-deeper-g3/lessons/g3f-01-04.json,fractionBar,12 counters in 3 equal groups. What fraction of the set is one group?,"third=""1/3"" | twelfth=""1/12""",third,1/3,"There are three equal groups, so each is one third — even though each holds four counters.",KEEP,"Prediction precedes a direct causal model, retains the learner choice, and explains the observed outcome.",,,,,,,
fractions-deeper-g3,3,g3f-01-05,i1,content/courses/fractions-deeper-g3/lessons/g3f-01-05.json,numberLinePlace,"On an eighths ruler, does any mark land exactly on 1/2?","yes=""Yes — the 4/8 mark"" | no=""No — eighths skip past it""",yes,Yes — the 4/8 mark,"Eight is even, so half the jumps is a whole number of jumps: 4/8 lands precisely on 1/2.",KEEP,"Prediction precedes a direct causal model, retains the learner choice, and explains the observed outcome.",,,,,,,
fractions-deeper-g3,3,g3f-02-01,i1,content/courses/fractions-deeper-g3/lessons/g3f-02-01.json,numberLinePlace,"Cutting 0 to 1 into thirds, how many JUMPS are there?","three=""3 jumps"" | four=""4 — counting both ends""",three,3 jumps,"Four marks bound three spaces. Fractions are named by the spaces you travel, not the posts you pass.",KEEP,"Prediction precedes a direct causal model, retains the learner choice, and explains the observed outcome.",,,,,,,
fractions-deeper-g3,3,g3f-02-02,i1,content/courses/fractions-deeper-g3/lessons/g3f-02-02.json,numberLinePlace,"Which jump is longer, 1/6 or 1/8?","six=""1/6"" | eight=""1/8""",six,1/6,"Eight jumps must fit in the same distance as six, so each eighth is shorter than each sixth.",KEEP,"Prediction precedes a direct causal model, retains the learner choice, and explains the observed outcome.",,,,,,,
fractions-deeper-g3,3,g3f-02-03,i1,content/courses/fractions-deeper-g3/lessons/g3f-02-03.json,fractionBar,"Cutting every piece of 1/2 in two, what happens to the shaded length?","same=""It stays the same"" | double=""It doubles""",same,It stays the same,"More cuts create more, smaller pieces — you hold twice as many of half-sized pieces, so the length is unchanged.",KEEP,"Prediction precedes a direct causal model, retains the learner choice, and explains the observed outcome.",,,,,,,
fractions-deeper-g3,3,g3f-02-04,i1,content/courses/fractions-deeper-g3/lessons/g3f-02-04.json,numberLinePlace,Where does 2/4 sit compared with 1/2?,"same=""Exactly on top of it"" | right=""To its right""",same,Exactly on top of it,"Two of four jumps covers the same distance as one of two — one point, two names.",KEEP,"Prediction precedes a direct causal model, retains the learner choice, and explains the observed outcome.",,,,,,,
fractions-deeper-g3,3,g3f-02-05,i1,content/courses/fractions-deeper-g3/lessons/g3f-02-05.json,fractionBar,How many wholes does 8/4 make?,"two=""2"" | eight=""8""",two,2,"Four fourths rebuild one whole, and eight fourths contain two such groups.",KEEP,"Prediction precedes a direct causal model, retains the learner choice, and explains the observed outcome.",,,,,,,
fractions-deeper-g3,3,g3f-03-01,i1,content/courses/fractions-deeper-g3/lessons/g3f-03-01.json,fractionBar,What does 7/7 equal?,"one=""1"" | seven=""7""",one,1,"Seven of the seven pieces is all of them — the whole, rebuilt exactly.",KEEP,"Prediction precedes a direct causal model, retains the learner choice, and explains the observed outcome.",,,,,,,
fractions-deeper-g3,3,g3f-03-02,i1,content/courses/fractions-deeper-g3/lessons/g3f-03-02.json,fractionBar,Ben's 1/4 slice is bigger than Maya's 1/2 slice. Is 1/4 > 1/2?,"no=""No — different wholes"" | yes=""Yes — bigger slice""",no,No — different wholes,His pizza was larger. Fraction comparison only means something when both fractions share one whole.,KEEP,"Prediction precedes a direct causal model, retains the learner choice, and explains the observed outcome.",,,,,,,
fractions-deeper-g3,3,g3f-03-03,i1,content/courses/fractions-deeper-g3/lessons/g3f-03-03.json,fractionBar,"Order 1/3, 1/4, 1/6 from least to greatest. Which is least?","sixth=""1/6"" | third=""1/3""",sixth,1/6,"Six pieces in one whole are the smallest pieces here, so 1/6 is the least.",KEEP,"Prediction precedes a direct causal model, retains the learner choice, and explains the observed outcome.",,,,,,,
fractions-deeper-g3,3,g3f-03-04,i1,content/courses/fractions-deeper-g3/lessons/g3f-03-04.json,fractionBar,"A ribbon in 6 equal pieces, 5 used. Which number goes on the bottom?","six=""6 — the pieces made"" | five=""5 — the pieces used""",six,6 — the pieces made,The bottom always names how many equal pieces the whole became; the top counts the ones in question.,KEEP,"Prediction precedes a direct causal model, retains the learner choice, and explains the observed outcome.",,,,,,,
fractions-multiply,5,fm-01-01,i1,content/courses/fractions-multiply/lessons/fm-01-01.json,fractionBar,The bar starts at 1/3. Before you touch it: is 1/3 more or less of the bar than 1/4?,"more=""1/3 is more"" | less=""1/3 is less"" | same=""They're the same amount""",more,1/3 is more,"With the same whole, the bar settles it: 1/3 covers more than 1/4. Count of pieces and size of pieces work together — neither alone decides the amount.",KEEP,"Prediction precedes a direct causal model, retains the learner choice, and explains the observed outcome.",,,,,,,
fractions-multiply,5,fm-01-02,i1,content/courses/fractions-multiply/lessons/fm-01-02.json,fractionBar,The bar starts at 1/2. Before you touch it: is 1/2 more or less of the bar than 5/6?,"more=""1/2 is more"" | less=""1/2 is less"" | same=""They're the same amount""",less,1/2 is less,"With the same whole, the bar settles it: 1/2 covers less than 5/6. Count of pieces and size of pieces work together — neither alone decides the amount.",KEEP,"Prediction precedes a direct causal model, retains the learner choice, and explains the observed outcome.",,,,,,,
fractions-multiply,5,fm-01-03,i1,content/courses/fractions-multiply/lessons/fm-01-03.json,fractionBar,5/6 − 1/3. The pieces are different sizes. What has to happen before they can be subtracted?,"common=""Rewrite them over a common denominator — 1/3 becomes 2/6"" | subtract=""Subtract the numerators and the denominators separately"" | nothing=""Nothing — subtract as they stand""",common,Rewrite them over a common denominator — 1/3 becomes 2/6,"They have to be the same SIZE of piece first. 1/3 is 2/6, so the subtraction becomes 5/6 − 2/6 = 3/6 — three sixths, which is a half.",KEEP,"Prediction precedes a direct causal model, retains the learner choice, and explains the observed outcome.",,,,,,,
fractions-multiply,5,fm-02-01,i1,content/courses/fractions-multiply/lessons/fm-02-01.json,fractionBar,3 × 2/5 is three groups of 2/5 laid end to end. Will the result reach past one whole?,"past=""Yes — three groups of 2/5 overshoot a whole"" | short=""No — fifths are small, so it stays under one whole"" | exact=""It lands exactly on one whole""",past,Yes — three groups of 2/5 overshoot a whole,"Each group is 2/5, and 5/5 makes a whole — so two groups reach 4/5 and the third pushes past. The bar will cross the whole-mark, which is exactly why the numerator ends up larger than the denominator.",KEEP,"Prediction precedes a direct causal model, retains the learner choice, and explains the observed outcome.",,,,,,,
fractions-multiply,5,fm-02-02,e1,content/courses/fractions-multiply/lessons/fm-02-02.json,fractionOfSet,3/4 of 12 counters: the first move is cutting the 12 into…,"four=""4 equal groups of 3"" | three=""3 equal groups of 4"" | twelve=""12 single counters""",four,4 equal groups of 3,"The denominator cuts: 12 splits into 4 equal groups of 3. The numerator collects: keep 3 of those groups — 9 counters. Cut by the bottom, count by the top.",KEEP,"Prediction precedes a direct causal model, retains the learner choice, and explains the observed outcome.",,,,,,,
fractions-multiply,5,fm-03-01,i1,content/courses/fractions-multiply/lessons/fm-03-01.json,fractionBar,The bar starts at 1/3. Before you touch it: is 1/3 more or less of the bar than 6/12?,"more=""1/3 is more"" | less=""1/3 is less"" | same=""They're the same amount""",less,1/3 is less,"With the same whole, the bar settles it: 1/3 covers less than 6/12. Count of pieces and size of pieces work together — neither alone decides the amount.",KEEP,"Prediction precedes a direct causal model, retains the learner choice, and explains the observed outcome.",,,,,,,
fractions-multiply,5,fm-03-02,i1,content/courses/fractions-multiply/lessons/fm-03-02.json,fractionBar,The bar starts at 1/2. Before you touch it: is 1/2 more or less of the bar than 3/10?,"more=""1/2 is more"" | less=""1/2 is less"" | same=""They're the same amount""",more,1/2 is more,"With the same whole, the bar settles it: 1/2 covers more than 3/10. Count of pieces and size of pieces work together — neither alone decides the amount.",KEEP,"Prediction precedes a direct causal model, retains the learner choice, and explains the observed outcome.",,,,,,,
fractions-multiply,5,fm-03-03,i1,content/courses/fractions-multiply/lessons/fm-03-03.json,fractionBar,2/3 × 6/7. Both factors are less than one whole. Where must the product land?,"belowboth=""Below both of them — taking a part of a part shrinks it twice"" | between=""Somewhere between 2/3 and 6/7"" | above=""Above both — two fractions multiplied grow""",belowboth,Below both of them — taking a part of a part shrinks it twice,"Below both. 2/3 of 6/7 is a part OF a part, so it is smaller than either piece you started with. Multiplying across gives 12/21, which reduces to 4/7 — and 4/7 is indeed under both 2/3 and 6/7.",KEEP,"Prediction precedes a direct causal model, retains the learner choice, and explains the observed outcome.",,,,,,,
fractions-multiply,5,fm-04-01,i1,content/courses/fractions-multiply/lessons/fm-04-01.json,fractionBar,"6 × 3/4. Before building anything — will the answer land above 6, below 6, or exactly on it?","below=""Below 6 — because 3/4 is less than one whole"" | above=""Above 6 — multiplying always makes things bigger"" | same=""Exactly 6 — the fraction just rearranges it""",below,Below 6 — because 3/4 is less than one whole,"Below. ""Multiplying makes things bigger"" is only true for factors above 1. Build 3/4 and look at the bar: it is less than one whole, so taking 3/4 OF something can only give you less than you started with.",KEEP,"Prediction precedes a direct causal model, retains the learner choice, and explains the observed outcome.",,,,,,,
fractions-multiply,5,fm-04-02,i2,content/courses/fractions-multiply/lessons/fm-04-02.json,fractionBar,"4/3 is the scaler. Before building it — will 4/3 × 6 land above 6, below 6, or exactly on 6?","above=""Above 6 — 4/3 is more than one whole"" | below=""Below 6 — multiplying by a fraction always shrinks"" | equal=""Exactly 6 — the thirds cancel out""",above,Above 6 — 4/3 is more than one whole,"“Multiplying by a fraction shrinks it” is only true for fractions BELOW one whole. 4/3 reaches past the whole-mark, so it stretches 6 rather than shrinking it — which the bar is about to show.",KEEP,"Prediction precedes a direct causal model, retains the learner choice, and explains the observed outcome.",,,,,,,
fractions-multiply,5,fm-05-01,i1,content/courses/fractions-multiply/lessons/fm-05-01.json,numberLineHop,How many halves will it take to hop from 0 all the way to 4?,"eight=""8 — two halves per whole, four wholes"" | two=""2 — there are two halves in anything"" | four=""4 — one hop per whole""",eight,"8 — two halves per whole, four wholes","Each whole holds two halves, and there are four wholes to cross — so the hops multiply: 4 × 2 = 8. Dividing by 1/n multiplies by n, and the hop count is why.",KEEP,"Prediction precedes a direct causal model, retains the learner choice, and explains the observed outcome.",,,,,,,
fractions-multiply,5,fm-05-02,i1,content/courses/fractions-multiply/lessons/fm-05-02.json,fractionBar,Cut 1/2 into 3 equal parts. Will each part be bigger or smaller than the 1/2 you started with?,"smaller=""Smaller — cutting something into parts makes each part smaller"" | bigger=""Bigger — dividing by 3 makes the pieces grow"" | same=""The same size, just relabelled""",smaller,Smaller — cutting something into parts makes each part smaller,"Smaller. Each of the 3 parts is a third of a half — and it takes six of them to fill a whole, so each one is 1/6. Build it and count.",KEEP,"Prediction precedes a direct causal model, retains the learner choice, and explains the observed outcome.",,,,,,,
fractions-multiply,5,fm-05-03,i2,content/courses/fractions-multiply/lessons/fm-05-03.json,numberLineHop,"A 1/4-cup scoop, and 3 cups to fill. More than 3 scoops, or fewer?","more=""More — a quarter-cup scoop is smaller than a cup"" | fewer=""Fewer — dividing always makes the answer smaller"" | same=""Exactly 3 — one scoop per cup""",more,More — a quarter-cup scoop is smaller than a cup,"The scoop is smaller than the thing being measured, so it takes MANY of them. Dividing only shrinks the answer when you divide by something bigger than 1.",KEEP,"Prediction precedes a direct causal model, retains the learner choice, and explains the observed outcome.",,,,,,,
function-analysis,12,fna-01-01,i1,content/courses/function-analysis/lessons/fna-01-01.json,secantSlope,"You'll build the secant from A at x = 1 out to B at x = 3 on y = x². Compared with the tangent slope AT A (2), the secant's slope will be…","bigger=""Bigger (more positive)"" | smaller=""Smaller"" | equal=""Exactly equal""",bigger,Bigger (more positive),"The secant's slope is (f(3) − f(1))/2 = 4, against 2 for the tangent at A. On a curve whose slope keeps growing, the stretch out to B crosses steeper ground than A itself — so the average beats the value at the start.",KEEP,"Prediction precedes a direct causal model, retains the learner choice, and explains the observed outcome.",,,,,,,
function-analysis,12,fna-01-02,i1,content/courses/function-analysis/lessons/fna-01-02.json,secantSlope,"You'll build the secant from A at x = 0 out to B at x = 3 on y = x². Compared with the tangent slope AT A (0), the secant's slope will be…","bigger=""Bigger (more positive)"" | smaller=""Smaller"" | equal=""Exactly equal""",bigger,Bigger (more positive),"The secant's slope is (f(3) − f(0))/3 = 3, against 0 for the tangent at A. On a curve whose slope keeps growing, the stretch out to B crosses steeper ground than A itself — so the average beats the value at the start.",KEEP,"Prediction precedes a direct causal model, retains the learner choice, and explains the observed outcome.",,,,,,,
function-analysis,12,fna-02-01,i1,content/courses/function-analysis/lessons/fna-02-01.json,secantSlope,"You'll build the secant from A at x = -2 out to B at x = -1 on y = x². Compared with the tangent slope AT A (-4), the secant's slope will be…","bigger=""Bigger (more positive)"" | smaller=""Smaller"" | equal=""Exactly equal""",bigger,Bigger (more positive),"The secant's slope is (f(-1) − f(-2))/1 = -3, against -4 for the tangent at A. On a curve whose slope keeps growing, the stretch out to B crosses steeper ground than A itself — so the average beats the value at the start.",KEEP,"Prediction precedes a direct causal model, retains the learner choice, and explains the observed outcome.",,,,,,,
function-analysis,12,fna-02-02,i1,content/courses/function-analysis/lessons/fna-02-02.json,secantSlope,"As h shrinks toward zero, what should the secant slope do?","diverge=""Grow without bound"" | tangent=""Approach the tangent slope"" | zero=""Approach zero for every function""",tangent,Approach the tangent slope,"The secant uses two nearby points; as they merge, its average rate approaches the instantaneous tangent rate.",KEEP,"Prediction precedes a direct causal model, retains the learner choice, and explains the observed outcome.",,,,,,,
function-analysis,12,fna-06-01,i1,content/courses/function-analysis/lessons/fna-06-01.json,derivativeTrace,f(x) = x² is graphed near x = 2. A second function g is given only as a table with a CONSTANT rate of 3 per step. Will f's instantaneous rate at x = 2 be bigger or smaller than g's constant rate of 3?,"bigger=""Bigger — f is accelerating by x = 2"" | smaller=""Smaller — f started out slower""",bigger,Bigger — f is accelerating by x = 2,"Bigger. f(x) = x² grows faster and faster as x increases; by x = 2 its instantaneous rate has already overtaken a steady rate of 3, even though f started out slower near x = 0.",KEEP,"Prediction precedes a direct causal model, retains the learner choice, and explains the observed outcome.",,,,,,,
function-transformations,11,ft-01-02,i1,content/courses/function-transformations/lessons/ft-01-02.json,signChart,y = √(x − 3): which inputs must be banned?,"neg=""Every x below 3 — the inside goes negative"" | three=""x = 3 as well — √0 is undefined"" | belowZero=""Only x below 0 — positives are always safe""",neg,Every x below 3 — the inside goes negative,"The square root rejects only NEGATIVE insides. Below 3 the inside x − 3 dips negative and the rule fails; AT 3 the inside is 0 and √0 = 0 works fine. Positive x like 2 still breaks it — the boundary is 3, not 0. Domain: x ≥ 3.",KEEP,"Prediction precedes a direct causal model, retains the learner choice, and explains the observed outcome.",,,,,,,
function-transformations,11,ft-01-03,i1,content/courses/function-transformations/lessons/ft-01-03.json,mcq,y = |x|: can the machine ever output a negative number?,"never=""Never — outputs are distances"" | negIn=""Yes — feed it a negative x"" | zero=""Only at x = 0""",never,Never — outputs are distances,"|x| measures distance from 0, and distances are never negative — feeding in x = −5 outputs +5. Zero itself IS reachable (at x = 0), so the range is y ≥ 0: zero included, negatives impossible.",REMOVE,The attached surface does not meet the direct-manipulation and visible-consequence threshold.,,,,,,,
function-transformations,11,ft-02-01,i1,content/courses/function-transformations/lessons/ft-02-01.json,quadraticExplore,You'll raise k from 0 to 5 in y = a(x − h)² + k. Every point on the parabola will move…,"up5=""Up exactly 5 — the arms too, not just the vertex"" | vertexOnly=""Mostly the vertex — the arms lag behind"" | right5=""Right 5 — k slides it sideways""",up5,"Up exactly 5 — the arms too, not just the vertex","Adding 5 outside the square adds 5 to EVERY output at once, so the whole curve rises rigidly by 5 — vertex and arms together. Sideways motion would need the number inside the parentheses (h), not k.",KEEP,"Prediction precedes a direct causal model, retains the learner choice, and explains the observed outcome.",,,,,,,
function-transformations,11,ft-02-02,i1,content/courses/function-transformations/lessons/ft-02-02.json,quadraticExplore,You'll slide the parabola's vertex RIGHT to x = 3. The equation will read…,"minus=""y = (x − 3)²"" | plus=""y = (x + 3)²""",minus,y = (x − 3)²,"Right 3 writes MINUS 3: the inside x − 3 hits zero at x = +3, so that is where the vertex lands. The sign inside the parentheses runs opposite to the direction of travel — the most-missed fact in this chapter.",KEEP,"Prediction precedes a direct causal model, retains the learner choice, and explains the observed outcome.",,,,,,,
function-transformations,11,ft-02-03,i1,content/courses/function-transformations/lessons/ft-02-03.json,quadraticExplore,You'll move h DOWN in y = a(x − h)² + k. Which way does the parabola slide?,"right=""To the right"" | left=""To the left"" | upward=""Straight up""",left,To the left,"Raising h moves the vertex RIGHT even though h is subtracted — (x − h)² is smallest exactly when x = h, so the low point chases h. The minus sign is why so many people guess the wrong direction.",KEEP,"Prediction precedes a direct causal model, retains the learner choice, and explains the observed outcome.",,,,,,,
function-transformations,11,ft-03-01,i1,content/courses/function-transformations/lessons/ft-03-01.json,quadraticExplore,"You'll flip a from 1 to −1. The point (2, 4) on the old parabola will land at…","negOut=""(2, −4) — the output flips sign"" | negIn=""(−2, 4) — the input flips sign"" | stays=""(2, 4) — flips move the vertex, not the arms""",negOut,"(2, −4) — the output flips sign","The minus in front negates every OUTPUT: (2, 4) → (2, −4). The x-axis is the mirror. Flipping inputs — (−2, 4) — is what a minus INSIDE the function does, a y-axis flip; this lesson's second half meets it.",KEEP,"Prediction precedes a direct causal model, retains the learner choice, and explains the observed outcome.",,,,,,,
function-transformations,11,ft-03-02,i1,content/courses/function-transformations/lessons/ft-03-02.json,quadraticExplore,"You'll raise a from 1 to 3. The point (2, 4) on the parent will move to…","out3=""(2, 12) — its output triples"" | in3=""(6, 4) — its input triples"" | add3=""(2, 7) — it rises by 3""",out3,"(2, 12) — its output triples","The 3 multiplies AFTER the squaring: 2² = 4, then 3 × 4 = 12, so (2, 4) → (2, 12). Inputs never moved — the point climbs straight up — and multiplying is not adding: a shift up 3 would be x² + 3, a different move entirely.",KEEP,"Prediction precedes a direct causal model, retains the learner choice, and explains the observed outcome.",,,,,,,
function-transformations,11,ft-04-01,i1,content/courses/function-transformations/lessons/ft-04-01.json,functionMachine,(f + g)(3) with f(x) = x² and g(x) = 2x + 1. What actually gets added?,"outputs=""The two OUTPUTS at x = 3"" | inputs=""The input 3, once for each function"" | chain=""f(3), fed onward into g""",outputs,The two OUTPUTS at x = 3,"Function addition adds outputs at the SAME input: f(3) = 9 and g(3) = 7, so (f + g)(3) = 16. Feeding one result into the other is composition — a different operation with a different answer, and it's coming in two lessons.",KEEP,"Prediction precedes a direct causal model, retains the learner choice, and explains the observed outcome.",,,,,,,
function-transformations,11,ft-04-02,i1,content/courses/function-transformations/lessons/ft-04-02.json,functionMachine,f(g(4)) with g(x) = 2x and f(x) = x + 3. Which function runs FIRST?,"inner=""g — the inside function acts first"" | outer=""f — read the letters left to right""",inner,g — the inside function acts first,"Composition evaluates inside-out: g(4) = 8 first, then f(8) = 11. Running f first computes f(4) = 7 and then g(7) = 14 — a different answer entirely, which is exactly why the order written in f(g(x)) matters.",KEEP,"Prediction precedes a direct causal model, retains the learner choice, and explains the observed outcome.",,,,,,,
function-transformations,11,ft-04-03,i1,content/courses/function-transformations/lessons/ft-04-03.json,functionMachine,"f(g(x)) with f squaring and g adding 1. When x flows through, which operation happens FIRST?","inner=""Add 1 first — the inside function acts first"" | outer=""Square first — read f before g""",inner,Add 1 first — the inside function acts first,"Composition works inside-out: x picks up the +1 from g, THEN gets squared — (x + 1)². Squaring first builds x² + 1, which is g(f(x)), a genuinely different curve: at x = 1 they read 4 and 2.",KEEP,"Prediction precedes a direct causal model, retains the learner choice, and explains the observed outcome.",,,,,,,
function-transformations,11,ft-05-01,i1,content/courses/function-transformations/lessons/ft-05-01.json,functionMachine,"To UNDO f(x) = 2x − 3 and recover the input, which reverse step comes FIRST?","add=""Add 3 back, then halve"" | halve=""Halve, then add 3"" | same=""Same order: double, then subtract""",add,"Add 3 back, then halve","Undoing runs the machine backwards, LAST step first: the −3 went on last, so +3 comes off first, then ÷2 — (7 + 3) ÷ 2 = 5, and f(5) = 7 checks out. Shoes off before socks.",KEEP,"Prediction precedes a direct causal model, retains the learner choice, and explains the observed outcome.",,,,,,,
function-transformations,11,ft-05-03,i1,content/courses/function-transformations/lessons/ft-05-03.json,plotPoint,"f passes through (3, 5). Then f⁻¹ must pass through…","swap=""(5, 3) — inputs and outputs trade places"" | neg=""(−3, −5)"" | same=""(3, 5) as well""",swap,"(5, 3) — inputs and outputs trade places","The inverse answers the reverse question: f sends 3 to 5, so f⁻¹ sends 5 back to 3. Every point swaps its coordinates — which is why the two graphs are mirror images across y = x.",KEEP,"Prediction precedes a direct causal model, retains the learner choice, and explains the observed outcome.",,,,,,,
function-transformations,11,ft-05-04,i1,content/courses/function-transformations/lessons/ft-05-04.json,inversePipeline,"f multiplies by 3, then adds 4. Which machine undoes it?","same=""Divide by 3, then subtract 4 — undo each step in order"" | rev=""Subtract 4, then divide by 3 — undo the LAST step first"" | copy=""Multiply by 3, then add 4 — run the same machine again""",rev,"Subtract 4, then divide by 3 — undo the LAST step first","Undo the last step first. The + 4 was the final thing f did, so it's the first thing f⁻¹ must remove: subtract 4, THEN divide by 3. Undoing in the original order leaves the 4 trapped inside the ×3.",KEEP,"Prediction precedes a direct causal model, retains the learner choice, and explains the observed outcome.",,,,,,,
functions-and-sequences,9,fn-01-01,i1,content/courses/functions-and-sequences/lessons/fn-01-01.json,functionMachine,Function notation ahead: f(5) means…,"feed=""Feed 5 into the machine f"" | times=""f times 5"" | fifth=""The 5th value of a list""",feed,Feed 5 into the machine f,"f(5) is not multiplication — the parentheses are the machine's mouth: run f on the input 5. For f(x) = 3x + 2 that's 3·5 + 2 = 17, which is exactly the output you're about to chase.",KEEP,"Prediction precedes a direct causal model, retains the learner choice, and explains the observed outcome.",,,,,,,
functions-and-sequences,9,fn-01-03,i1,content/courses/functions-and-sequences/lessons/fn-01-03.json,functionMachine,A table's outputs climb by 2 every time the input climbs by 1. Where does that 2 live in the rule?,"mult=""As the multiplier: out = 2·in + something"" | add=""Added at the end: out = in + 2"" | nowhere=""It doesn't appear in the rule""",mult,As the multiplier: out = 2·in + something,"A steady +2 per step is the fingerprint of ×2: the rule is out = 2·in + 1. The '+ something' is whatever the table shows at input 0 — the multiplier does the climbing, the constant sets the start.",KEEP,"Prediction precedes a direct causal model, retains the learner choice, and explains the observed outcome.",,,,,,,
functions-and-sequences,9,fn-02-01,i1,content/courses/functions-and-sequences/lessons/fn-02-01.json,sequenceBuild,"3, 7, 11, 15, … If the pattern holds, the gap between the 9th and 10th terms will be…","same=""4 — the same as every gap"" | grow=""Bigger — the gaps grow down the line"" | cant=""Can't tell without listing all nine""",same,4 — the same as every gap,Arithmetic means ONE fixed gap forever — the 9th-to-10th step is the same 4 as the 1st-to-2nd. That constancy is what lets a formula jump straight to any term: 3 + 9·4 = 39.,KEEP,"Prediction precedes a direct causal model, retains the learner choice, and explains the observed outcome.",,,,,,,
functions-and-sequences,9,fn-02-02,i1,content/courses/functions-and-sequences/lessons/fn-02-02.json,functionMachine,"The sequence 2, 5, 8, 11, 14 jumps by 3. Without adding step by step, the 100th term is…","formula=""3·100 − 1 = 299"" | plus=""14 + 100 = 114"" | bare=""3·100 = 300""",formula,3·100 − 1 = 299,"The nth-term formula 3n − 1 jumps straight to any position: n = 100 gives 299, no ninety-five extra additions. The machine will confirm the same formula at small n — that's what makes it trustworthy at large n.",KEEP,"Prediction precedes a direct causal model, retains the learner choice, and explains the observed outcome.",,,,,,,
functions-and-sequences,9,fn-02-03,i1,content/courses/functions-and-sequences/lessons/fn-02-03.json,sequenceBuild,"To find the 6th term of 4, 7, 10, 13, … do you need to know the 5th first?","no=""No — the formula jumps straight there"" | yes=""Yes — sequences only move one step at a time"" | big=""Only for big positions""",no,No — the formula jumps straight there,"a₆ = 4 + 5·3 = 19 in a single move — set d once and any position reads out directly. Step-by-step also works, but it doesn't scale to term 600; the formula does.",KEEP,"Prediction precedes a direct causal model, retains the learner choice, and explains the observed outcome.",,,,,,,
functions-and-sequences,9,fn-03-01,i1,content/courses/functions-and-sequences/lessons/fn-03-01.json,sequenceBuild,"2, 6, 18, 54 — does each step ADD the same amount or MULTIPLY by the same amount?","mult=""Multiplies by 3"" | add=""Adds 4"" | mix=""Adds, then the additions double""",mult,Multiplies by 3,"2 → 6 could be +4 OR ×3 — one gap can lie. But 6 → 18 settles it: +4 gives 10, only ×3 survives. Always check a second gap; that check is what separates arithmetic from geometric.",KEEP,"Prediction precedes a direct causal model, retains the learner choice, and explains the observed outcome.",,,,,,,
functions-and-sequences,9,fn-03-02,i1,content/courses/functions-and-sequences/lessons/fn-03-02.json,sequenceBuild,"aₙ = a₁·rⁿ⁻¹ — why n − 1 in the exponent, not n?","zero=""The first term uses ZERO multiplications"" | tradition=""Off-by-one tradition"" | size=""Because r is bigger than a₁""",zero,The first term uses ZERO multiplications,"a₁ = 2 stands at zero multiplications; every later term adds one ×3. The 4th term has taken 3 jumps: 2·3³ = 54. The exponent counts the JUMPS between terms, not the terms themselves.",KEEP,"Prediction precedes a direct causal model, retains the learner choice, and explains the observed outcome.",,,,,,,
functions-and-sequences,9,fn-03-03,i1,content/courses/functions-and-sequences/lessons/fn-03-03.json,sequenceBuild,"3, 6, 12, 24, … each term doubles. The 5th term is…","fortyeight=""48 — one more doubling"" | thirty=""30 — add 6 again"" | twentyseven=""27""",fortyeight,48 — one more doubling,"Geometric growth compounds: 24 doubles to 48. Adding a fixed 6 (the FIRST gap) is arithmetic thinking — but the gaps here grow with the terms: 3, 6, 12. The rule is ×2, and the rule never tires.",KEEP,"Prediction precedes a direct causal model, retains the learner choice, and explains the observed outcome.",,,,,,,
functions-and-sequences,9,fn-04-02,i1,content/courses/functions-and-sequences/lessons/fn-04-02.json,sequenceBuild,"2, 5, 8, 11, … — is the same amount ADDED each step, or MULTIPLIED?","add=""Added — a steady +3"" | mult=""Multiplied — a steady ×2.5"" | both=""Both patterns fit these numbers""",add,Added — a steady +3,"2 → 5 could be +3 or ×2.5 — but 5 → 8 is +3 and NOT ×2.5 (that would be 12.5). Adding wins: arithmetic, so the linear formula applies. The second gap is always the tiebreaker.",KEEP,"Prediction precedes a direct causal model, retains the learner choice, and explains the observed outcome.",,,,,,,
functions-and-sequences,9,fn-04-03,i1,content/courses/functions-and-sequences/lessons/fn-04-03.json,sequenceBuild,"$10 saved, then $5 added each week. Is this growth a straight line or a curve?","line=""A straight line — the same $5 lands every week"" | curve=""A curve — money grows faster as it piles up"" | steps=""Neither — money can't be graphed""",line,A straight line — the same $5 lands every week,"Adding a FIXED $5 is arithmetic: 10, 15, 20, 25, 30 — a straight climb. Curves belong to growth that multiplies (interest); allowance-style saving is a line, and after 4 weeks it reads 10 + 4·5 = 30.",KEEP,"Prediction precedes a direct causal model, retains the learner choice, and explains the observed outcome.",,,,,,,
functions-g8,8,fg-01-01,e1,content/courses/functions-g8/lessons/fg-01-01.json,functionMachine,"To find the INPUT that makes the machine output 10, will you undo its steps in FORWARD order or BACKWARD order?","backward=""Backward — undo the last step first"" | forward=""Forward — same order as the machine"" | either=""Either order works""",backward,Backward — undo the last step first,Unwrapping reverses wrapping: the machine's LAST move gets undone FIRST. Working backward through the steps walks the output home to its input.,KEEP,"Prediction precedes a direct causal model, retains the learner choice, and explains the observed outcome.",,,,,,,
functions-g8,8,fg-01-02,i1,content/courses/functions-g8/lessons/fg-01-02.json,mcq,"What would BREAK a function — one input reused with different outputs, or one output reused by different inputs?","input=""One input with different outputs"" | output=""One output from different inputs"" | either=""Either one breaks it""",input,One input with different outputs,A function promises each input exactly one answer — inputs may never contradict themselves. Outputs are free to repeat all they like.,REMOVE,The attached surface does not meet the direct-manipulation and visible-consequence threshold.,,,,,,,
functions-g8,8,fg-01-03,i1,content/courses/functions-g8/lessons/fg-01-03.json,verticalLineScanner,"A vertical line marks ONE input. If it crosses a graph at two points, that input has how many outputs?","two=""Two"" | one=""Still one"" | zero=""Zero""",two,Two,"Both crossings share that x but carry different y's — one input, two answers. The vertical line test just makes the contradiction visible.",KEEP,"Prediction precedes a direct causal model, retains the learner choice, and explains the observed outcome.",,,,,,,
functions-g8,8,fg-02-01,i1,content/courses/functions-g8/lessons/fg-02-01.json,secantSlope,"You'll build the secant from A at x = 1 out to B at x = 3 on y = x². Compared with the tangent slope AT A (2), the secant's slope will be…","bigger=""Bigger (more positive)"" | smaller=""Smaller"" | equal=""Exactly equal""",bigger,Bigger (more positive),"The secant's slope is (f(3) − f(1))/2 = 4, against 2 for the tangent at A. On a curve whose slope keeps growing, the stretch out to B crosses steeper ground than A itself — so the average beats the value at the start.",KEEP,"Prediction precedes a direct causal model, retains the learner choice, and explains the observed outcome.",,,,,,,
functions-g8,8,fg-02-02,i2,content/courses/functions-g8/lessons/fg-02-02.json,slopeTriangle,"The line through (1, 1) and (4, 7) climbs 6 while running across 3. Before you compute — what is its slope?","ratio=""2 — the climb per single step across"" | rise=""6 — the climb is what slope measures"" | sum=""9 — the climb and the run together""",ratio,2 — the climb per single step across,"Slope is the climb for ONE step across, not the whole climb: 6 spread over 3 steps is 2 per step. That is why the triangle's two legs are divided, never added.",KEEP,"Prediction precedes a direct causal model, retains the learner choice, and explains the observed outcome.",,,,,,,
functions-g8,8,fg-02-03,i1,content/courses/functions-g8/lessons/fg-02-03.json,lineExplore,The tank STARTS with 2 litres and gains 3 a minute. Which dial does the starting 2 control — slope or intercept?,"intercept=""The intercept"" | slope=""The slope"" | both=""Both dials""",intercept,The intercept,The starting amount is where the line meets the axis before any time passes — the intercept. The per-minute gain is the slope's job.,KEEP,"Prediction precedes a direct causal model, retains the learner choice, and explains the observed outcome.",,,,,,,
functions-g8,8,fg-03-01,i1,content/courses/functions-g8/lessons/fg-03-01.json,covariationScrubber,"The table rises 2 each step. If you set the slope to 2 but leave the start at 0, will your line CROSS the target line or run PARALLEL to it?","parallel=""Parallel — never touching"" | cross=""They'll cross somewhere"" | same=""It IS the target line""",parallel,Parallel — never touching,Same slope means the same tilt forever — two lines with equal slopes but different starts stay the same distance apart and never meet.,KEEP,"Prediction precedes a direct causal model, retains the learner choice, and explains the observed outcome.",,,,,,,
functions-g8,8,fg-04-01,i1,content/courses/functions-g8/lessons/fg-04-01.json,mcq,'Linear' means the outputs change HOW as the inputs step by 1?,"same=""By the same amount every step"" | double=""By doubling every step"" | one=""Always by exactly 1""",same,By the same amount every step,A line's signature is a constant step — equal input jumps buy equal output jumps. Check the gaps in the table and the shape confesses.,REMOVE,The attached surface does not meet the direct-manipulation and visible-consequence threshold.,,,,,,,
functions-g8,8,fg-04-03,i1,content/courses/functions-g8/lessons/fg-04-03.json,graphStoryLab,"Before you assemble the stages, what graph feature should appear after the hose is turned off?","flat=""A flat horizontal segment"" | rise=""Another rising segment"" | fall=""A falling segment""",flat,A flat horizontal segment,"Turning the hose off makes the water level hold steady, so the second stage must be flat. Now build both stages in order.",KEEP,"Prediction precedes a direct causal model, retains the learner choice, and explains the observed outcome.",,,,,,,
geometry-foundations,10,gf-02-01,i2,content/courses/geometry-foundations/lessons/gf-02-01.json,slider,The endpoints sit at 3 and 11. The midpoint is at…,"seven=""7"" | eight=""8"" | four=""4""",seven,7,"7 — the average, (3 + 11) ÷ 2. The 8 is the segment's LENGTH, 11 − 3, which is a distance rather than a place. A midpoint is a coordinate, and it has to sit between the two endpoints it splits.",KEEP,"Prediction precedes a direct causal model, retains the learner choice, and explains the observed outcome.",,,,,,,
geometry-foundations,10,gf-02-02,i1,content/courses/geometry-foundations/lessons/gf-02-02.json,numeric,The rays read 30° and 75° on the protractor. To get the angle between them you'll…,"sub=""Subtract the readings"" | add=""Add the readings"" | avg=""Average the readings""",sub,Subtract the readings,"Protractor numbers are POSITIONS, not sizes. The angle between two rays is the gap between their readings: 75° − 30° = 45°. Adding gives 105° — that would only be right if the rays opened from opposite sides of zero.",REMOVE,The attached surface does not meet the direct-manipulation and visible-consequence threshold.,,,,,,,
geometry-foundations,10,gf-02-03,i1,content/courses/geometry-foundations/lessons/gf-02-03.json,buildExpression,B sits between A and C. Which relationship MUST hold?,"add=""AB + BC = AC — the parts fill the whole"" | equal=""AB = BC"" | mult=""AB × BC = AC""",add,AB + BC = AC — the parts fill the whole,"Betweenness is additive: walking A to B and then B to C covers exactly A to C. So (2x + 3) + (3x − 7) = 41, which is 5x − 4 = 41 — geometry hands algebra the equation, and x = 9 falls out.",REMOVE,The attached surface does not meet the direct-manipulation and visible-consequence threshold.,,,,,,,
geometry-foundations,10,gf-03-01,i1,content/courses/geometry-foundations/lessons/gf-03-01.json,plotPoint,"Every point feeds the rule (x, y) → (x + 3, y + 1). Can two different points land on the same image?","never=""Never — one output each, and the shift can be undone"" | some=""Sometimes, near the edges"" | always=""Always""",never,"Never — one output each, and the shift can be undone","A translation is one-to-one: undo it by subtracting (3, 1) and every image betrays its unique source. P(2, 3) lands on (5, 4), and nothing else can — rigid motions never fold the plane.",KEEP,"Prediction precedes a direct causal model, retains the learner choice, and explains the observed outcome.",,,,,,,
geometry-foundations,10,gf-03-02,i2,content/courses/geometry-foundations/lessons/gf-03-02.json,plotPoint,"Reflecting over the line y = x, the coordinates of (2, 5)…","swap=""Swap: (5, 2)"" | signs=""Flip signs: (−2, −5)"" | stay=""Stay put — it's a line, not a mirror""",swap,"Swap: (5, 2)","Over y = x, the coordinates trade jobs: (2, 5) → (5, 2). Sign flips belong to the AXES — the y = x mirror is the swap, which is exactly the mirror inverse functions use.",KEEP,"Prediction precedes a direct causal model, retains the learner choice, and explains the observed outcome.",,,,,,,
geometry-foundations,10,gf-03-03,i1,content/courses/geometry-foundations/lessons/gf-03-03.json,mcq,"You'll rotate (3, 5) a half turn about the origin. How many coordinates change sign?","both=""Both — the point lands directly opposite"" | yOnly=""Only y — like a flip over the x-axis"" | neither=""Neither — turning preserves coordinates""",both,Both — the point lands directly opposite,"A 180° turn sends every point straight through the origin to the opposite side: (x, y) → (−x, −y), so (3, 5) lands on (−3, −5). Flipping only one sign is a REFLECTION's fingerprint, not a half turn's.",REMOVE,The attached surface does not meet the direct-manipulation and visible-consequence threshold.,,,,,,,
geometry-foundations,10,gf-04-01,i1,content/courses/geometry-foundations/lessons/gf-04-01.json,transformExplore,"After two translations, what single motion can always replace them?","add=""One translation whose vector is the component-wise sum"" | reflect=""A reflection followed by a smaller slide"" | rotate=""A rotation about the origin""",add,One translation whose vector is the component-wise sum,Translations compose by adding horizontal components and vertical components; orientation and all distances stay fixed.,KEEP,"Prediction precedes a direct causal model, retains the learner choice, and explains the observed outcome.",,,,,,,
geometry-foundations,10,gf-04-02,i1,content/courses/geometry-foundations/lessons/gf-04-02.json,tapDiagram,A vertical line of symmetry means a fold down the middle matches the left half to the right. Which of these letters has one?,"a=""A"" | l=""L"" | r=""R""",a,A,"A. Fold it down the middle and the two halves land exactly on each other. L and R have no fold that works anywhere — a shape either has a mirror that maps it onto itself or it does not, and ""nearly"" is not a kind of symmetry.",KEEP,"Prediction precedes a direct causal model, retains the learner choice, and explains the observed outcome.",,,,,,,
geometry-foundations,10,gf-04-03,i1,content/courses/geometry-foundations/lessons/gf-04-03.json,numeric,A square is about to be turned. How many different turns UNDER 360° land it back on itself?,"three=""Three — at 90°, 180°, and 270°"" | one=""One — only the 180° half turn"" | all=""Every turn works — it's symmetric""",three,"Three — at 90°, 180°, and 270°","Four identical corners give a match every 360° ÷ 4 = 90°: the square re-lands at 90°, 180°, and 270°. The SMALLEST of those, 90°, is the one that names its rotational symmetry — and it's the answer you're about to enter.",REMOVE,The attached surface does not meet the direct-manipulation and visible-consequence threshold.,,,,,,,
geometry-foundations,10,gf-05-01,i1,content/courses/geometry-foundations/lessons/gf-05-01.json,mcq,A dilation with scale factor 2 is about to face the rigid-motion test. Will lengths survive it?,"no=""No — every length doubles"" | yes=""Yes — the shape stays similar, so it passes""",no,No — every length doubles,"Rigid means every distance is preserved EXACTLY. A factor-2 dilation doubles every length: angles survive, so the image stays similar — but similar is not congruent, and 'keeps the shape' is not the test. It fails.",REMOVE,The attached surface does not meet the direct-manipulation and visible-consequence threshold.,,,,,,,
geometry-foundations,10,gf-05-02,i1,content/courses/geometry-foundations/lessons/gf-05-02.json,transformExplore,"A(1, 1) maps to D(3, 5). To land B and C on their images too, each must move by…","same=""The same (dx, dy) — one rule moves every point"" | own=""Its own amount — corners can travel differently""",same,"The same (dx, dy) — one rule moves every point","A translation is one rule for the whole plane: every point slides by the same (dx, dy). Reading A → D gives (+2, +4) — and B and C must obey the identical shift, or the motion was never a translation at all.",KEEP,"Prediction precedes a direct causal model, retains the learner choice, and explains the observed outcome.",,,,,,,
geometry-g7,7,g7-01-01,i1,content/courses/geometry-g7/lessons/g7-01-01.json,doubleNumberLine,Every drawing centimetre stands for 4 real metres. So 3 cm of drawing means…,"twelve=""12 m — three fours"" | seven=""7 m — that's 3 + 4"" | three=""3 m — the number carries over""",twelve,12 m — three fours,"Scale is a per-unit contract: each cm carries 4 m, so 3 cm carries 3 × 4 = 12 m. Adding 3 + 4 mixes the drawing's units with the world's — the two lines move in lockstep, never by addition.",KEEP,"Prediction precedes a direct causal model, retains the learner choice, and explains the observed outcome.",,,,,,,
geometry-g7,7,g7-01-02,i1,content/courses/geometry-g7/lessons/g7-01-02.json,dilationExplore,You'll double every length (k = 2). What happens to the rectangle's AREA?,"x2=""It doubles"" | x4=""It quadruples"" | same=""It stays the same""",x4,It quadruples,"Both the width AND the height double, so the area picks up a factor of 2 twice: k² = 4. Scaling lengths by k always scales area by k² — watch the copy swallow four of the original.",KEEP,"Prediction precedes a direct causal model, retains the learner choice, and explains the observed outcome.",,,,,,,
geometry-g7,7,g7-02-01,i1,content/courses/geometry-g7/lessons/g7-02-01.json,circleMeasureExplore,"The diameter of a circle, compared with its radius, is…?","double=""Double it"" | half=""Half of it"" | pi=""π times it""",double,Double it,"The diameter walks the whole way across through the center — a radius out and a radius back. Two radii, every time.",KEEP,"Prediction precedes a direct causal model, retains the learner choice, and explains the observed outcome.",,,,,,,
geometry-g7,7,g7-02-02,i1,content/courses/geometry-g7/lessons/g7-02-02.json,circleMeasureExplore,How does a circle's circumference compare with its DIAMETER?,"pi=""A bit more than 3 diameters — that's literally what π is"" | three=""Exactly 3 diameters"" | radius=""π times the radius""",pi,A bit more than 3 diameters — that's literally what π is,"π is defined as the circumference-to-diameter ratio: C = πd = 2πr. With r = 5, d = 10, so C = 10π ≈ 31.4 — just over three laps of the diameter, for every circle at every size.",KEEP,"Prediction precedes a direct causal model, retains the learner choice, and explains the observed outcome.",,,,,,,
geometry-g7,7,g7-02-03,i1,content/courses/geometry-g7/lessons/g7-02-03.json,circleMeasureExplore,Doubling a circle's radius does what to its AREA?,"four=""×4 — the radius gets squared"" | two=""×2 — everything doubles"" | add=""Adds 2π""",four,×4 — the radius gets squared,"A = πr² squares the radius, so doubling r quadruples the area. This circle holds 25π; a radius-10 circle would hold 100π — four of these, tiled inside.",KEEP,"Prediction precedes a direct causal model, retains the learner choice, and explains the observed outcome.",,,,,,,
geometry-g7,7,g7-03-01,i1,content/courses/geometry-g7/lessons/g7-03-01.json,angleMeasure,One angle is 35°. Its COMPLEMENT — together they square off a right angle — measures…,"fiftyfive=""55°"" | supp=""145°"" | same=""35°""",fiftyfive,55°,"Complements complete 90°: the partner is 90 − 35 = 55°. Answering 145° completes a straight LINE instead — that's the supplement, the other half of the C/S trap.",KEEP,"Prediction precedes a direct causal model, retains the learner choice, and explains the observed outcome.",,,,,,,
geometry-g7,7,g7-03-03,i1,content/courses/geometry-g7/lessons/g7-03-03.json,balanceScale,x and 2x together square off a right angle: x + 2x = 90. So x is…,"thirty=""30° — three equal shares of 90"" | fortyfive=""45° — half of 90"" | sixty=""60°""",thirty,30° — three equal shares of 90,"x + 2x is 3x — three copies of one unknown splitting 90° evenly: x = 30, and its partner 2x = 60. Halving to 45 assumes the two angles are equal, but 2x is twice its partner by construction.",KEEP,"Prediction precedes a direct causal model, retains the learner choice, and explains the observed outcome.",,,,,,,
geometry-g7,7,g7-04-01,i1,content/courses/geometry-g7/lessons/g7-04-01.json,mcq,"For three lengths to close into a triangle, the two SHORTER ones together must…?","beat=""Beat the longest one"" | equal=""Equal the longest one"" | any=""Nothing — any three lengths close""",beat,Beat the longest one,"The two short sides must reach past the long side's far end, or the shape gapes open. Exactly equal just collapses flat — strictly longer, or no triangle.",REMOVE,The attached surface does not meet the direct-manipulation and visible-consequence threshold.,,,,,,,
geometry-g7,7,g7-04-02,i1,content/courses/geometry-g7/lessons/g7-04-02.json,mcq,Slicing a solid PARALLEL to its base — will the cross-section copy the base's shape?,"yes=""Yes — the base's shape"" | rect=""No — slices are always rectangles"" | depends=""Depends how high you slice""",yes,Yes — the base's shape,A parallel slice meets the solid exactly the way the base does — same outline at every height. Tilt the cut and the story changes.,REMOVE,The attached surface does not meet the direct-manipulation and visible-consequence threshold.,,,,,,,
geometry-g7,7,g7-04-03,i1,content/courses/geometry-g7/lessons/g7-04-03.json,scaledCircleLab,Drawing radius 3 cm on a 1 cm = 2 m plan (real radius 6 m). Is the REAL area just 2 × the drawing's area number?,"four=""No — areas scale by 2² = 4"" | two=""Yes — everything scales by 2"" | none=""Areas don't scale with the plan""",four,No — areas scale by 2² = 4,"Lengths scale ×2 but areas ×4: the drawing's 9π becomes a real 36π. Converting the radius FIRST (3 cm → 6 m, then πr²) dodges the trap automatically — scale the length, then square.",KEEP,"Prediction precedes a direct causal model, retains the learner choice, and explains the observed outcome.",,,,,,,
geometry-g7,7,sa7-01-01,i1,content/courses/geometry-g7/lessons/sa7-01-01.json,netFold,A closed box has six faces. How many DIFFERENT face areas can it have at most?,"six=""Six — every face can differ"" | three=""Three — they come in matching pairs"" | two=""Two — top-bottom and sides""",three,Three — they come in matching pairs,"Opposite faces of a box are identical rectangles, so six faces carry at most three distinct areas. That pairing is why every surface-area formula for a box starts by doubling: you compute three faces and the box supplies their twins.",KEEP,"Prediction precedes a direct causal model, retains the learner choice, and explains the observed outcome.",,,,,,,
geometry-g7,7,sa7-01-02,i1,content/courses/geometry-g7/lessons/sa7-01-02.json,netFold,Double every dimension of a box. What happens to its surface area?,"double=""It doubles"" | quadruple=""It multiplies by 4"" | octuple=""It multiplies by 8""",quadruple,It multiplies by 4,"Every face is a product of TWO lengths, so doubling both doubles it twice: each face quadruples, and so does the total. Volume, which multiplies three lengths, would multiply by 8 — the clearest sign that these two measures are genuinely different questions.",KEEP,"Prediction precedes a direct causal model, retains the learner choice, and explains the observed outcome.",,,,,,,
geometry-g7,7,sa7-01-03,i1,content/courses/geometry-g7/lessons/sa7-01-03.json,compositeAreaLab,The three rectangular sides of a triangular prism — what do their widths equal?,"equal=""All the same — they are matching faces"" | sides=""The three SIDES of the triangular end"" | length=""The prism's length, in each case""",sides,The three SIDES of the triangular end,"Each rectangle is glued to one edge of the triangle, so its width is that edge and its length is the prism's length. Add the three widths and you have the triangle's perimeter — which is why 'perimeter times length' produces the entire lateral surface in a single product.",KEEP,"Prediction precedes a direct causal model, retains the learner choice, and explains the observed outcome.",,,,,,,
geometry-g7,7,sa7-02-01,i1,content/courses/geometry-g7/lessons/sa7-02-01.json,volumeBuilder,The height is fixed at 2 and you need 24 cubic units. What must the BASE area be?,"24=""24 — the same as the volume"" | 12=""12"" | 48=""48""",12,12,"Two identical layers make the solid, so each layer holds half the total: 12 square units of base — which at a locked width of 3 means a length of 4. Volume divided by height recovers the base area every time, and that is how capacity problems get solved backwards.",KEEP,"Prediction precedes a direct causal model, retains the learner choice, and explains the observed outcome.",,,,,,,
geometry-g7,7,sa7-02-02,i1,content/courses/geometry-g7/lessons/sa7-02-02.json,compositeAreaLab,"An alcove is cut out of a rectangular room. To find the remaining floor, the alcove's area is…","added=""Added to the room's area"" | subtracted=""Subtracted from the room's area"" | ignored=""Ignored — it does not change the floor""",subtracted,Subtracted from the room's area,"The ledger's signs are the whole method: pieces present count positive, pieces removed count negative. Getting a sign wrong is the most common composite-area error, and it is visible immediately — the answer comes out larger than the whole rectangle it started from.",KEEP,"Prediction precedes a direct causal model, retains the learner choice, and explains the observed outcome.",,,,,,,
geometry-g7,7,sa7-02-03,i1,content/courses/geometry-g7/lessons/sa7-02-03.json,areaModel,"The crate is 4 by 3 by 2. Which is LARGEST as a number: footprint area, surface area, or volume?","floor=""Footprint area"" | surface=""Surface area"" | volume=""Volume""",surface,Surface area,"Footprint 12, volume 24, surface area 52 — the wrapping wins here. But this is a fact about these particular numbers, not a rule: a tall thin crate would order them differently. Comparing measures across different units is a habit worth distrusting.",KEEP,"Prediction precedes a direct causal model, retains the learner choice, and explains the observed outcome.",,,,,,,
how-many-k,0,khm-01-01,i1,content/courses/how-many-k/lessons/khm-01-01.json,tenFrame,"If a toy is skipped while counting 4 toys, what happens?","small=""The count comes out too small"" | same=""Nothing changes""",small,The count comes out too small,"A skipped toy gets no number, so the last number said falls short of the true amount.",KEEP,"Prediction precedes a direct causal model, retains the learner choice, and explains the observed outcome.",,,,,,,
how-many-k,0,khm-01-02,i1,content/courses/how-many-k/lessons/khm-01-02.json,tenFrame,Counting a toy twice makes the answer…,"big=""Too big"" | small=""Too small""",big,Too big,"A repeated toy takes two numbers, so the last number said runs past the true amount.",KEEP,"Prediction precedes a direct causal model, retains the learner choice, and explains the observed outcome.",,,,,,,
how-many-k,0,khm-01-03,i1,content/courses/how-many-k/lessons/khm-01-03.json,numberLineHop,"Counting a line of things, where do you start?","end=""At one end"" | middle=""In the middle""",end,At one end,Starting at an end keeps counted and uncounted things on opposite sides of your finger.,KEEP,"Prediction precedes a direct causal model, retains the learner choice, and explains the observed outcome.",,,,,,,
how-many-k,0,khm-01-04,i1,content/courses/how-many-k/lessons/khm-01-04.json,tenFrame,"Counting a circle of beads without marking the start, what is the risk?","twice=""Counting some beads twice"" | none=""No risk""",twice,Counting some beads twice,"With no ends to stop you, the count can lap the circle and recount the first beads.",KEEP,"Prediction precedes a direct causal model, retains the learner choice, and explains the observed outcome.",,,,,,,
how-many-k,0,khm-01-05,i1,content/courses/how-many-k/lessons/khm-01-05.json,tenFrame,Stars printed on a page — how do you keep track while counting?,"mark=""Mark each one as it is counted"" | stare=""Stare harder""",mark,Mark each one as it is counted,A mark does what moving would do: it separates the counted from the uncounted.,KEEP,"Prediction precedes a direct causal model, retains the learner choice, and explains the observed outcome.",,,,,,,
how-many-k,0,khm-02-01,i1,content/courses/how-many-k/lessons/khm-02-01.json,tenFrame,"After counting “1, 2, 3, 4, 5”, what does 5 name?","group=""The whole group"" | lasttoy=""Just the last toy""",group,The whole group,"The final count word answers “how many” for everything counted, not for one shell.",KEEP,"Prediction precedes a direct causal model, retains the learner choice, and explains the observed outcome.",,,,,,,
how-many-k,0,khm-02-02,i1,content/courses/how-many-k/lessons/khm-02-02.json,tenFrame,Nothing changed since you counted 6. How many now?,"six=""Still 6"" | recount=""Unknown until recounted""",six,Still 6,A count keeps its answer as long as the group is untouched.,KEEP,"Prediction precedes a direct causal model, retains the learner choice, and explains the observed outcome.",,,,,,,
how-many-k,0,khm-02-03,i1,content/courses/how-many-k/lessons/khm-02-03.json,tenFrame,Counting the same 5 toys from the right instead — what changes?,"nothing=""Nothing — still 5"" | more=""The count grows""",nothing,Nothing — still 5,Order is free; the amount is fixed. Every toy still gets exactly one number.,KEEP,"Prediction precedes a direct causal model, retains the learner choice, and explains the observed outcome.",,,,,,,
how-many-k,0,khm-02-04,i1,content/courses/how-many-k/lessons/khm-02-04.json,tenFrame,5 buttons are spread far apart. More buttons now?,"no=""No — still 5"" | yes=""Yes — they fill more space""",no,No — still 5,"Spreading changes where the buttons sit, not how many there are.",KEEP,"Prediction precedes a direct causal model, retains the learner choice, and explains the observed outcome.",,,,,,,
how-many-k,0,khm-02-05,i1,content/courses/how-many-k/lessons/khm-02-05.json,tenFrame,Counting scattered stickers without marking — the danger is…,"both=""Skipping some and repeating others"" | none=""No danger""",both,Skipping some and repeating others,"With nothing separating counted from uncounted, both mistakes come easily.",KEEP,"Prediction precedes a direct causal model, retains the learner choice, and explains the observed outcome.",,,,,,,
how-many-k,0,khm-03-01,i1,content/courses/how-many-k/lessons/khm-03-01.json,numberLineHop,A group of 5 gets one more toy. The new count is…,"next=""6 — the next number"" | recount=""Unknown until recounted""",next,6 — the next number,One more moves the count forward by exactly one word: from five to six.,KEEP,"Prediction precedes a direct causal model, retains the learner choice, and explains the observed outcome.",,,,,,,
how-many-k,0,khm-03-02,i1,content/courses/how-many-k/lessons/khm-03-02.json,numberLineHop,You know there are 12. Three more arrive. What do you do?,"on=""Count on: 13, 14, 15"" | over=""Start over from 1""",on,"Count on: 13, 14, 15",The 12 is already counted; only the newcomers need numbers.,KEEP,"Prediction precedes a direct causal model, retains the learner choice, and explains the observed outcome.",,,,,,,
how-many-k,0,khm-03-03,i1,content/courses/how-many-k/lessons/khm-03-03.json,tenFrame,Ben has one more than Ana's 6. Pairing them up leaves…,"one=""One of Ben's unmatched"" | none=""Nothing unmatched""",one,One of Ben's unmatched,One-to-one pairing uses all of Ana's six and leaves Ben's single extra standing alone.,KEEP,"Prediction precedes a direct causal model, retains the learner choice, and explains the observed outcome.",,,,,,,
how-many-k,0,khm-03-04,i1,content/courses/how-many-k/lessons/khm-03-04.json,tenFrame,Counting out 7 from a pile of many — when do you stop?,"seven=""The moment the count says 7"" | empty=""When the pile is empty""",seven,The moment the count says 7,The request fixes the stopping point; the rest of the pile is not your problem.,KEEP,"Prediction precedes a direct causal model, retains the learner choice, and explains the observed outcome.",,,,,,,
how-many-k,0,khm-03-05,i1,content/courses/how-many-k/lessons/khm-03-05.json,tenFrame,A dice-four flashes for a moment. Can you name it without counting?,"yes=""Yes — the shape says four"" | no=""No — counting is always needed""",yes,Yes — the shape says four,"Small amounts make shapes the eye recognises whole, faster than any count.",KEEP,"Prediction precedes a direct causal model, retains the learner choice, and explains the observed outcome.",,,,,,,
how-many-k,0,khm-03-06,i1,content/courses/how-many-k/lessons/khm-03-06.json,tenFrame,"On a ten-frame, a full row plus two more reads as…","seven=""Seven, at a glance"" | count=""Unknown without counting each dot""",seven,"Seven, at a glance",The full row is a known five; only the extras need noticing.,KEEP,"Prediction precedes a direct causal model, retains the learner choice, and explains the observed outcome.",,,,,,,
inequalities-and-regions,9,iar-01-01,i1,content/courses/inequalities-and-regions/lessons/iar-01-01.json,plotPoint,"Before plotting: (5, 2) — on the line y = x + 1, above it, or below it?","above=""Above the line"" | below=""Below the line"" | on=""Exactly on it""",below,Below the line,"At x = 5 the line stands at 5 + 1 = 6, and the point's y is only 2 — it sits 4 below the boundary. Every point answers this question through the same computation: compare its y to the line's y.",KEEP,"Prediction precedes a direct causal model, retains the learner choice, and explains the observed outcome.",,,,,,,
inequalities-and-regions,9,iar-01-02,i1,content/courses/inequalities-and-regions/lessons/iar-01-02.json,plotPoint,"When we substitute (0, 0) into y > 2x − 1, the statement becomes…","true=""0 > −1 — true"" | false=""0 > −1 — false"" | cant=""Can't tell without the graph""",true,0 > −1 — true,"0 > 2·0 − 1 is 0 > −1 — TRUE. So the origin is a solution, and the entire origin side of the line is the solution region. One point's testimony convicts a whole half-plane.",KEEP,"Prediction precedes a direct causal model, retains the learner choice, and explains the observed outcome.",,,,,,,
inequalities-and-regions,9,iar-01-03,i1,content/courses/inequalities-and-regions/lessons/iar-01-03.json,plotPoint,"The point (2, 3) sits exactly ON y = x + 1. Will the STRICT y > x + 1 accept it?","reject=""Rejected — strict means strictly above"" | accept=""Accepted — it touches the line"" | depends=""Depends on the graph's scale""",reject,Rejected — strict means strictly above,"Strict is strict: 3 > 3 is false, so the boundary point fails the test. That is exactly why > draws a DASHED fence — the line itself is off-limits — while ≥ draws it solid and lets you stand on it.",KEEP,"Prediction precedes a direct causal model, retains the learner choice, and explains the observed outcome.",,,,,,,
inequalities-and-regions,9,iar-02-01,i1,content/courses/inequalities-and-regions/lessons/iar-02-01.json,plotPoint,How many of the checks must a point pass to be a solution of the system?,"both=""Both — the region is the overlap"" | either=""Either one — the region is the union"" | depends=""Depends on the inequalities""",both,Both — the region is the overlap,"AND means both: a point that clears y > x but breaks y < 4 is not half a solution — it is no solution. The system's region is the INTERSECTION of the two half-planes, always a subset of each.",KEEP,"Prediction precedes a direct causal model, retains the learner choice, and explains the observed outcome.",,,,,,,
inequalities-and-regions,9,iar-02-02,i1,content/courses/inequalities-and-regions/lessons/iar-02-02.json,systemsExplore,Before dragging: the corner of y = x and y = 4 sits at…,"ff=""(4, 4)"" | fz=""(4, 0)"" | zf=""(0, 4)""",ff,"(4, 4)","Height 4 is forced by the second line, and y = x then forces x = 4 too: the corner is (4, 4). Solving the two boundary EQUATIONS is how every corner of every region is found — no picture required.",KEEP,"Prediction precedes a direct causal model, retains the learner choice, and explains the observed outcome.",,,,,,,
inequalities-and-regions,9,iar-02-03,i1b,content/courses/inequalities-and-regions/lessons/iar-02-03.json,plotPoint,"(0, 6) sits exactly on TWO boundaries (x = 0 and x + y = 6). In or out?","in=""In — every fence here includes its boundary"" | out=""Out — boundaries don't count"" | half=""Half in — it passes 2 of 3""",in,In — every fence here includes its boundary,"Both of its fences are non-strict: 0 ≥ 0 holds and 6 ≤ 6 holds, so (0, 6) is a full member — it's a CORNER of the region. With ≥ and ≤, corners belong to the yard.",KEEP,"Prediction precedes a direct causal model, retains the learner choice, and explains the observed outcome.",,,,,,,
inequalities-and-regions,9,iar-03-01,i1,content/courses/inequalities-and-regions/lessons/iar-03-01.json,plotPoint,"With x = 2 fixed, how many whole-number values of y are feasible?","five=""Five: y = 0 through 4"" | four=""Four: y = 1 through 4"" | seven=""Seven: y = 0 through 6""",five,Five: y = 0 through 4,"y can be 0, 1, 2, 3, or 4 — five plans, because 2 + y ≤ 6 caps y at 4 and y ≥ 0 floors it at 0. The feasible region is a menu, and constraints decide its length.",KEEP,"Prediction precedes a direct causal model, retains the learner choice, and explains the observed outcome.",,,,,,,
inequalities-and-regions,9,iar-03-02,i1,content/courses/inequalities-and-regions/lessons/iar-03-02.json,estimateSlider,"As P grows, the line 2x + y = P slides without tilting. Its LAST contact with the region will be…","corner=""A corner"" | middle=""A point mid-edge only"" | inside=""An interior point""",corner,A corner,"A straight line sliding across a polygon exits through a vertex (or, in ties, a whole edge ending in vertices). Either way a corner attains the maximum — that's the corner principle, seen rather than memorized.",KEEP,"Prediction precedes a direct causal model, retains the learner choice, and explains the observed outcome.",,,,,,,
inequalities-and-regions,9,iar-03-03,i1b,content/courses/inequalities-and-regions/lessons/iar-03-03.json,plotPoint,"(2, 3) satisfies every constraint and even lies on x + 2y = 8. Corner or not?","not=""Not a corner — it touches only one boundary"" | yes=""A corner — it's on a boundary"" | out=""Not even feasible""",not,Not a corner — it touches only one boundary,"Feasible and on a boundary — but only ONE boundary. A corner needs two fences meeting: (2, 3) is mid-edge on the oven cap, between the true corners (4, 2) and (0, 4).",KEEP,"Prediction precedes a direct causal model, retains the learner choice, and explains the observed outcome.",,,,,,,
integration-accumulation,13,in-01-01,i1,content/courses/integration-accumulation/lessons/in-01-01.json,riemannSum,"y = x² rises across [0, 2]. Using the LEFT rule, your first estimate will land…","under=""Under the true area"" | over=""Over the true area"" | exact=""Exactly on it""",under,Under the true area,"On a rising curve every left-hand strip is only as tall as its shortest edge, so left sums always undershoot — and raising n squeezes that gap toward zero.",KEEP,"Prediction precedes a direct causal model, retains the learner choice, and explains the observed outcome.",,,,,,,
integration-accumulation,13,in-01-02,i1,content/courses/integration-accumulation/lessons/in-01-02.json,riemannSum,"y = x² rises across [0, 2]. Using the LEFT rule, your first estimate will land…","under=""Under the true area"" | over=""Over the true area"" | exact=""Exactly on it""",under,Under the true area,"On a rising curve every left-hand strip is only as tall as its shortest edge, so left sums always undershoot — and raising n squeezes the gap toward zero.",KEEP,"Prediction precedes a direct causal model, retains the learner choice, and explains the observed outcome.",,,,,,,
integration-accumulation,13,in-02-01,i1,content/courses/integration-accumulation/lessons/in-02-01.json,accumulateArea,"When the integrand is negative, what happens to the accumulation function?","increase=""It must keep increasing because area is positive"" | decrease=""It decreases"" | flat=""It becomes constant""",decrease,It decreases,"The derivative of accumulated signed area is the integrand itself, so negative integrand values make accumulation decrease.",KEEP,"Prediction precedes a direct causal model, retains the learner choice, and explains the observed outcome.",,,,,,,
integration-accumulation,13,in-02-02,i1,content/courses/integration-accumulation/lessons/in-02-02.json,accumulateArea,f(x) = x − 2 is negative before x = 2. The accumulation curve A is momentarily flat where…,"fzero=""f = 0"" | flow=""f is at its lowest"" | azero=""A itself is zero""",fzero,f = 0,"Where f = 0, at x = 2. A's slope IS f — that is the whole relationship — so A is flat exactly where f crosses the axis. How high A happens to sit at that moment is a separate question entirely, decided by everything that accumulated before it.",KEEP,"Prediction precedes a direct causal model, retains the learner choice, and explains the observed outcome.",,,,,,,
integration-accumulation,13,in-02-03,i1,content/courses/integration-accumulation/lessons/in-02-03.json,accumulateArea,"You'll sweep out area under a FLAT function. As x moves right, the accumulated area grows…","steady=""At a steady rate"" | faster=""Faster and faster"" | slower=""Slower and slower""",steady,At a steady rate,"Area pours in at exactly the current height of f — and a flat function's height never changes, so the accumulation climbs in a straight line. The rate area grows IS the function's height.",KEEP,"Prediction precedes a direct causal model, retains the learner choice, and explains the observed outcome.",,,,,,,
integration-accumulation,13,in-03-01,i1,content/courses/integration-accumulation/lessons/in-03-01.json,accumulateArea,"You'll sweep out area under f(x) = x² from the left. As x moves right, the accumulated area grows…","faster=""Faster and faster"" | steady=""At a steady rate"" | slower=""Slower and slower""",faster,Faster and faster,"Area pours in at exactly the current height of f(x) = x² — and that height keeps rising, so the accumulation curve bends upward. The rate the area grows IS the function's height.",KEEP,"Prediction precedes a direct causal model, retains the learner choice, and explains the observed outcome.",,,,,,,
integration-accumulation,13,in-03-02,i1,content/courses/integration-accumulation/lessons/in-03-02.json,riemannSum,"y = x² rises across [0, 2]. Using the LEFT rule, your first estimate will land…","under=""Under the true area"" | over=""Over the true area"" | exact=""Exactly on it""",under,Under the true area,"On a rising curve every left-hand strip is only as tall as its shortest edge, so left sums always undershoot — and raising n squeezes the gap toward zero.",KEEP,"Prediction precedes a direct causal model, retains the learner choice, and explains the observed outcome.",,,,,,,
integration-accumulation,13,in-03-03,i1,content/courses/integration-accumulation/lessons/in-03-03.json,accumulateArea,"You'll sweep out area under f(x) = 2x from the left. As x moves right, the accumulated area grows…","faster=""Faster and faster"" | steady=""At a steady rate"" | slower=""Slower and slower""",faster,Faster and faster,"Area pours in at exactly the current height of f(x) = 2x — and that height keeps rising, so the accumulation curve bends upward. The rate the area grows IS the function's height.",KEEP,"Prediction precedes a direct causal model, retains the learner choice, and explains the observed outcome.",,,,,,,
integration-accumulation,13,in-04-01,i1,content/courses/integration-accumulation/lessons/in-04-01.json,riemannSum,"y = x² rises across [0, 2]. Using the LEFT rule, your first estimate will land…","under=""Under the true area"" | over=""Over the true area"" | exact=""Exactly on it""",under,Under the true area,"On a rising curve every left-hand strip is only as tall as its shortest edge, so left sums always undershoot — and raising n squeezes the gap toward zero.",KEEP,"Prediction precedes a direct causal model, retains the learner choice, and explains the observed outcome.",,,,,,,
integration-accumulation,13,in-04-02,i1b,content/courses/integration-accumulation/lessons/in-04-02.json,derivativeTrace,"The top pane shows f(x) = x², the bottom traces f′. If you slide the WHOLE curve upward, what happens in the f′ pane?","f-prime-rises=""f′ rises too — the curve went up"" | f-prime-still=""Nothing at all — f′ does not move"" | f-prime-tilts=""f′ tilts, because the curve is steeper up there""",f-prime-still,Nothing at all — f′ does not move,"Nothing moves. Sliding a curve up does not tilt it anywhere, so every member of the family x² + C has the identical derivative 2x. That is why the derivative alone can never tell you which member you have — and why an initial condition is not extra calculus, it is the missing information put back.",KEEP,"Prediction precedes a direct causal model, retains the learner choice, and explains the observed outcome.",,,,,,,
integration-accumulation,13,in-04-03,i1,content/courses/integration-accumulation/lessons/in-04-03.json,unitCircleExplore,You'll rotate from 0° to 90°. What does the point's HEIGHT do along the way?,"climb=""Climbs the whole way"" | updown=""Climbs, then falls back"" | fall=""Falls the whole way""",climb,Climbs the whole way,From 0° to 90° the height — the sine — only rises; the fall doesn't begin until past 90° (or past 270° coming out of the trough).,KEEP,"Prediction precedes a direct causal model, retains the learner choice, and explains the observed outcome.",,,,,,,
integration-accumulation,13,in-05-01,i1,content/courses/integration-accumulation/lessons/in-05-01.json,derivativeRuleLab,"When 2x dx is consumed by du, what should remain from 2x(x² + 1)³ dx in the u-world?","clean=""u³ du"" | double=""2u³ du"" | stranded=""xu³ du""",clean,u³ du,"du is the entire 2x dx factor, while (x² + 1)³ becomes u³. The clean u-world is u³ du; no x survives.",KEEP,"Prediction precedes a direct causal model, retains the learner choice, and explains the observed outcome.",,,,,,,
integration-applications,13,ia-01-01,i1,content/courses/integration-applications/lessons/ia-01-01.json,sliceSum,"Between x = 0 and x = 1, which curve is on top — y = x or y = x²?","line=""y = x"" | para=""y = x² — squaring makes things bigger"" | swap=""They swap over somewhere inside the interval""",line,y = x,"y = x. Squaring makes numbers bigger only above 1; between 0 and 1 it makes them SMALLER, so the parabola sits underneath. They touch only at the two ends. That is why each strip's height is x − x², and why writing it the other way round hands back a negative answer that no area could have.",KEEP,"Prediction precedes a direct causal model, retains the learner choice, and explains the observed outcome.",,,,,,,
integration-applications,13,ia-01-02,i1,content/courses/integration-applications/lessons/ia-01-02.json,sliceSum,"A strip spins into a disc, and its height becomes the disc's radius. Double the strip's height and the disc's area is multiplied by…","four=""4"" | two=""2"" | none=""Nothing — the radius changed, not the area""",four,4,"Four. The height becomes the RADIUS, and a disc's area goes as r², so doubling one quadruples the other. That square is the whole difference between an area integral and a volume integral: same slicing, same adding, one squared measurement in the middle.",KEEP,"Prediction precedes a direct causal model, retains the learner choice, and explains the observed outcome.",,,,,,,
integration-applications,13,ia-01-03,i1,content/courses/integration-applications/lessons/ia-01-03.json,sliceSum,What changes when the number of volume slices increases?,"thinner=""Slices become thinner and the estimate usually improves"" | larger=""Every slice becomes larger"" | formula=""The cross-section formula is no longer needed""",thinner,Slices become thinner and the estimate usually improves,"Refinement reduces slice thickness while preserving the same cross-section rule, bringing the sum closer to the limiting volume.",KEEP,"Prediction precedes a direct causal model, retains the learner choice, and explains the observed outcome.",,,,,,,
integration-applications,13,ia-02-01,i1,content/courses/integration-applications/lessons/ia-02-01.json,sliceSum,Keep every slice's size the same but make each cross-section a SQUARE of side r instead of a circle of radius r. The total volume will be…,"less=""Smaller"" | more=""Bigger — a square has corners the circle lacks"" | same=""The same — the slices are the same size""",less,Smaller,"Smaller. A square of side r has area r², while the circle of radius r has πr² ≈ 3.14 r² — the circle is inscribed in a square of side 2r, not r. Notice what had to change to answer that: one formula. Slice, find ONE cross-section's area, integrate. The circle was never load-bearing.",KEEP,"Prediction precedes a direct causal model, retains the learner choice, and explains the observed outcome.",,,,,,,
integration-applications,13,ia-03-01,i1,content/courses/integration-applications/lessons/ia-03-01.json,accumulateArea,"You'll sweep out area under f(x) = x² from the left. As x moves right, the accumulated area grows…","faster=""Faster and faster"" | steady=""At a steady rate"" | slower=""Slower and slower""",faster,Faster and faster,"Area pours in at exactly the current height of f(x) = x² — and that height keeps rising, so the accumulation curve bends upward. The rate the area grows IS the function's height.",KEEP,"Prediction precedes a direct causal model, retains the learner choice, and explains the observed outcome.",,,,,,,
integration-applications,13,ia-04-01,i1,content/courses/integration-applications/lessons/ia-04-01.json,accumulateArea,The velocity starts negative and later turns positive. The accumulated displacement stops falling at the instant when…,"zero=""The velocity reaches zero"" | min=""The velocity is at its most negative"" | back=""The object gets back to where it started""",zero,The velocity reaches zero,"When v hits zero. Displacement falls exactly while v is negative, so the turn is where v crosses the axis — not where the object happens to return, and not where it is moving fastest backwards. That crossing is also the moment displacement and total distance stop agreeing.",KEEP,"Prediction precedes a direct causal model, retains the learner choice, and explains the observed outcome.",,,,,,,
length-problems-g2,2,g2p-01-01,i1,content/courses/length-problems-g2/lessons/g2p-01-01.json,lengthCompare,Two ribbons start together; one sticks out past the other. What is the overhang?,"diff=""The difference in their lengths"" | sum=""Their lengths added""",diff,The difference in their lengths,The shared part cancels; only the extra shows — and the extra is longer minus shorter.,KEEP,"Prediction precedes a direct causal model, retains the learner choice, and explains the observed outcome.",,,,,,,
length-problems-g2,2,g2p-01-02,i1,content/courses/length-problems-g2/lessons/g2p-01-02.json,lengthCompare,An item is longer than TWO others in a set of four. Is it the longest?,"maybe=""Not necessarily — check the fourth"" | yes=""Yes""",maybe,Not necessarily — check the fourth,Beating some is not beating all; the crown needs every comparison.,KEEP,"Prediction precedes a direct causal model, retains the learner choice, and explains the observed outcome.",,,,,,,
length-problems-g2,2,g2p-01-03,i1,content/courses/length-problems-g2/lessons/g2p-01-03.json,unitRuler,An object runs from mark 3 to mark 11. Is it 11 cm long?,"no=""No — it is 11 − 3 = 8 cm"" | yes=""Yes — the end says 11""",no,No — it is 11 − 3 = 8 cm,"The stretch before mark 3 belongs to the ruler, not the object; subtracting the start returns the true 8.",KEEP,"Prediction precedes a direct causal model, retains the learner choice, and explains the observed outcome.",,,,,,,
length-problems-g2,2,g2p-02-01,i1,content/courses/length-problems-g2/lessons/g2p-02-01.json,numberLineHop,Two pieces joined end to end: what does the far end read?,"sum=""The SUM of the lengths"" | long=""Just the longer piece""",sum,The SUM of the lengths,Each piece pushes the end farther by its full length — the far end accumulates both.,KEEP,"Prediction precedes a direct causal model, retains the learner choice, and explains the observed outcome.",,,,,,,
length-problems-g2,2,g2p-02-02,i1,content/courses/length-problems-g2/lessons/g2p-02-02.json,numberLineHop,A total distance skips one leg. Is it still the total?,"no=""No — totals collect every leg"" | yes=""Close enough""",no,No — totals collect every leg,"Leaving out a leg measures a different, shorter journey — the total owes every part its due.",KEEP,"Prediction precedes a direct causal model, retains the learner choice, and explains the observed outcome.",,,,,,,
length-problems-g2,2,g2p-02-03,i1,content/courses/length-problems-g2/lessons/g2p-02-03.json,numberLineHop,"Whole 75, known part 40. The missing part must be…","d=""75 − 40 = 35"" | s=""75 + 40""",d,75 − 40 = 35,"The parts rebuild the whole: 40 + 35 = 75, and no other missing part manages it.",KEEP,"Prediction precedes a direct causal model, retains the learner choice, and explains the observed outcome.",,,,,,,
length-problems-g2,2,g2p-03-01,i1,content/courses/length-problems-g2/lessons/g2p-03-01.json,lengthCompare,"In a bar drawing, what does a GAP between bar ends mean?","find=""A difference to find"" | err=""A drawing mistake""",find,A difference to find,The gap is the picture's question — the difference between the quantities the bars represent.,KEEP,"Prediction precedes a direct causal model, retains the learner choice, and explains the observed outcome.",,,,,,,
length-problems-g2,2,g2p-03-02,i1,content/courses/length-problems-g2/lessons/g2p-03-02.json,numberLineHop,"On the line, a length is best shown as…","jump=""A jump of that many units"" | dot=""A single dot""",jump,A jump of that many units,A dot marks a place; a LENGTH covers ground — and covering ground is a jump.,KEEP,"Prediction precedes a direct causal model, retains the learner choice, and explains the observed outcome.",,,,,,,
length-problems-g2,2,g2p-03-03,i1,content/courses/length-problems-g2/lessons/g2p-03-03.json,numberLineHop,A two-step story: what carries you from step one to step two?,"run=""The running total after step one"" | orig=""The original amount""",run,The running total after step one,Step two acts on what step one left behind — the running total is the bridge.,KEEP,"Prediction precedes a direct causal model, retains the learner choice, and explains the observed outcome.",,,,,,,
length-problems-g2,2,g2p-03-04,i1,content/courses/length-problems-g2/lessons/g2p-03-04.json,lengthCompare,A computed difference comes out LONGER than the longer object. Possible?,"no=""No — gaps fit inside the longer"" | yes=""Sometimes""",no,No — gaps fit inside the longer,The difference lives inside the longer length; outgrowing it means the computation slipped.,KEEP,"Prediction precedes a direct causal model, retains the learner choice, and explains the observed outcome.",,,,,,,
limits-continuity,12,lc-01-01,i1,content/courses/limits-continuity/lessons/lc-01-01.json,graphZoom,You'll zoom in at x = 3. What will the two sides of the graph do?,"agree=""Close in on the same height"" | differ=""Settle on two different heights"" | blow=""Climb off the screen""",agree,Close in on the same height,"Both sides close in on 5. A limit only asks where the sides are HEADING, so it exists here.",KEEP,"Prediction precedes a direct causal model, retains the learner choice, and explains the observed outcome.",,,,,,,
limits-continuity,12,lc-01-02,i1,content/courses/limits-continuity/lessons/lc-01-02.json,graphZoom,"When you zoom toward the target x-value, what evidence matters most for the limit?","approach=""Values approached from both sides"" | pixel=""The single plotted pixel at the target"" | axis=""The nearest axis label""",approach,Values approached from both sides,"A limit is controlled by nearby values from both sides, not by whether the function is filled in at the target itself.",KEEP,"Prediction precedes a direct causal model, retains the learner choice, and explains the observed outcome.",,,,,,,
limits-continuity,12,lc-01-03,i1,content/courses/limits-continuity/lessons/lc-01-03.json,graphZoom,You'll zoom in at x = 2. What will the two sides of the graph do?,"agree=""Close in on the same height"" | differ=""Settle on two different heights"" | blow=""Climb off the screen""",differ,Settle on two different heights,"The left side settles at 1 and the right at 3 — they never agree, no matter how far you zoom. Disagreeing sides is exactly what ""the limit does not exist"" means.",KEEP,"Prediction precedes a direct causal model, retains the learner choice, and explains the observed outcome.",,,,,,,
limits-continuity,12,lc-02-02,i1,content/courses/limits-continuity/lessons/lc-02-02.json,graphZoom,You'll zoom in at x = 2. What will the two sides of the graph do?,"agree=""Close in on the same height"" | differ=""Settle on two different heights"" | blow=""Climb off the screen""",agree,Close in on the same height,"Both sides close in on 4 — even though the point itself is missing. A limit only asks where the sides are HEADING, so it exists here despite the hole.",KEEP,"Prediction precedes a direct causal model, retains the learner choice, and explains the observed outcome.",,,,,,,
limits-continuity,12,lc-03-01,i1,content/courses/limits-continuity/lessons/lc-03-01.json,graphZoom,You'll zoom in at x = 0. What will the two sides of the graph do?,"agree=""Close in on the same height"" | differ=""Settle on two different heights"" | blow=""Climb off the screen""",differ,Settle on two different heights,"The left side settles at -1 and the right at 1 — they never agree, no matter how far you zoom. Disagreeing sides is exactly what ""the limit does not exist"" means.",KEEP,"Prediction precedes a direct causal model, retains the learner choice, and explains the observed outcome.",,,,,,,
limits-continuity,12,lc-04-02,i1,content/courses/limits-continuity/lessons/lc-04-02.json,graphZoom,You'll zoom in at x = 2. What will the two sides of the graph do?,"blow=""Climb off the screen"" | agree=""Close in on the same height"" | differ=""Settle on two different heights""",blow,Climb off the screen,"Zooming never tames it — the graph climbs off every window near x = 2. When the values grow without bound, there is no height to agree on, so the limit does not exist.",KEEP,"Prediction precedes a direct causal model, retains the learner choice, and explains the observed outcome.",,,,,,,
limits-continuity,12,lc-05-01,i1,content/courses/limits-continuity/lessons/lc-05-01.json,secantSlope,"You'll build the secant from A at x = 1 out to B at x = 2 on y = x³. Compared with the tangent slope AT A (3), the secant's slope will be…","bigger=""Bigger (more positive)"" | smaller=""Smaller"" | equal=""Exactly equal""",bigger,Bigger (more positive),"The secant's slope is (f(2) − f(1))/1 = 7, against 3 for the tangent at A. On a curve whose slope keeps growing, the stretch out to B crosses steeper ground than A itself — so the average beats the value at the start.",KEEP,"Prediction precedes a direct causal model, retains the learner choice, and explains the observed outcome.",,,,,,,
limits-continuity,12,lc-05-02,i1,content/courses/limits-continuity/lessons/lc-05-02.json,secantSlope,"You'll squeeze the gap h toward 0, dragging B into A at x = 3. What does the secant's slope do?","settles=""Settles toward one number (6)"" | blows=""Grows without bound"" | bounces=""Keeps changing — no single value""",settles,Settles toward one number (6),The secant slopes home in on 6 — the tangent slope at x = 3. A derivative is not a new kind of slope; it is the number the secant slopes were already approaching.,KEEP,"Prediction precedes a direct causal model, retains the learner choice, and explains the observed outcome.",,,,,,,
linear-equations-systems,8,les-01-01,e1,content/courses/linear-equations-systems/lessons/les-01-01.json,balanceScale,The scale starts with x = 0. Right now the left pan (2x + 3) is…,"light=""Lighter than the right pan"" | heavy=""Heavier than the right pan"" | level=""Already balanced""",light,Lighter than the right pan,"At x = 0 the left pan weighs 3 against 11 on the right — 8 short. Every unit you add to x moves only that pan, which is why exactly one value levels the scale.",KEEP,"Prediction precedes a direct causal model, retains the learner choice, and explains the observed outcome.",,,,,,,
linear-equations-systems,8,les-01-02,i1,content/courses/linear-equations-systems/lessons/les-01-02.json,dragOrder,Solving 5x + 2 = 3x + 10 — what's the first USEFUL move?,"gather=""Gather the x-terms on one side"" | divide=""Divide everything right away"" | answer=""Guess x and check""",gather,Gather the x-terms on one side,"With x's living on both sides, nothing simplifies until they're collected — subtract 3x and the equation finally has one unknown territory.",REMOVE,The attached surface does not meet the direct-manipulation and visible-consequence threshold.,,,,,,,
linear-equations-systems,8,les-01-03,i1,content/courses/linear-equations-systems/lessons/les-01-03.json,numeric,"In 3(x + 4), does the 3 multiply ONLY the x, or the 4 as well?","both=""Both — everything inside"" | x=""Only the x"" | four=""Only the 4""",both,Both — everything inside,The parentheses bundle x and 4 into one package — the 3 copies the WHOLE package. Skipping the 4 is the single most common distribution slip.,REMOVE,The attached surface does not meet the direct-manipulation and visible-consequence threshold.,,,,,,,
linear-equations-systems,8,les-02-03,i1,content/courses/linear-equations-systems/lessons/les-02-03.json,mcq,Which ending signals an equation with NO solution — 'x = 7' or '0 = 5'?,"false=""0 = 5 — a false statement"" | x7=""x = 7"" | true=""7 = 7""",false,0 = 5 — a false statement,"When the x's vanish and what's left is FALSE, no number could ever fix it — zero solutions. A leftover truth like 7 = 7 means every number works instead.",REMOVE,The attached surface does not meet the direct-manipulation and visible-consequence threshold.,,,,,,,
linear-equations-systems,8,les-03-01,i1,content/courses/linear-equations-systems/lessons/les-03-01.json,systemsExplore,Two lines with different slopes are on the grid. How many points can satisfy BOTH equations at once?,"one=""Exactly one"" | two=""Two"" | many=""Every point on either line""",one,Exactly one,"Lines with different slopes cross exactly once, so exactly one pair sits in both solution sets — the crossing point. Being on ONE line is not enough; the system demands both.",KEEP,"Prediction precedes a direct causal model, retains the learner choice, and explains the observed outcome.",,,,,,,
linear-equations-systems,8,les-03-02,i1,content/courses/linear-equations-systems/lessons/les-03-02.json,plotPoint,"y = 2x and y = x + 3 cross at one point. At that crossing, do the two rules give the SAME y-value or different ones?","same=""The same y — that's what crossing means"" | different=""Different y's"" | zero=""Both give y = 0""",same,The same y — that's what crossing means,"The intersection is the one input where both rules agree — same x, same y, both equations satisfied at once. That's what solving the system finds.",KEEP,"Prediction precedes a direct causal model, retains the learner choice, and explains the observed outcome.",,,,,,,
linear-equations-systems,8,les-03-03,i1,content/courses/linear-equations-systems/lessons/les-03-03.json,mcq,Two lines with DIFFERENT slopes — how many times can they cross?,"once=""Exactly once"" | never=""Never"" | twice=""Twice""",once,Exactly once,Different tilts guarantee the lines drift together and apart at different rates — they meet at one single point and never again.,REMOVE,The attached surface does not meet the direct-manipulation and visible-consequence threshold.,,,,,,,
linear-equations-systems,8,les-04-01,i1,content/courses/linear-equations-systems/lessons/les-04-01.json,systemsExplore,Two lines with different slopes are on the grid. How many points can satisfy BOTH equations at once?,"one=""Exactly one"" | two=""Two"" | many=""Every point on either line""",one,Exactly one,"Lines with different slopes cross exactly once, so exactly one pair sits in both solution sets — the crossing point. Being on ONE line is not enough; the system demands both.",KEEP,"Prediction precedes a direct causal model, retains the learner choice, and explains the observed outcome.",,,,,,,
linear-functions,9,lf-01-01,i1,content/courses/linear-functions/lessons/lf-01-01.json,plotPoint,"The line rises 2 for every 1 across. After 3 steps across, its height is…","six=""6"" | five=""5"" | nine=""9""",six,6,"Two per step, three steps: 2 × 3 = 6 — the points (1, 2), (2, 4), (3, 6) climb an even staircase. Answering 3 + 2 = 5 treats slope as a one-time boost instead of a rate that repeats every step.",KEEP,"Prediction precedes a direct causal model, retains the learner choice, and explains the observed outcome.",,,,,,,
linear-functions,9,lf-01-02,i3,content/courses/linear-functions/lessons/lf-01-02.json,slopeTriangle,"A is (0, 0) and B is (3, 2) — the line runs further than it climbs. Its slope will be…","lt1=""less than 1, because the rise is smaller than the run"" | gt1=""greater than 1, because there are two numbers above 1 involved"" | neg=""negative, because 2 is less than 3""",lt1,"less than 1, because the rise is smaller than the run","Rise 2 over run 3 is 2/3, and any ratio with a smaller top than bottom is under 1. A slope below 1 is exactly what a line that runs further than it climbs looks like.",KEEP,"Prediction precedes a direct causal model, retains the learner choice, and explains the observed outcome.",,,,,,,
linear-functions,9,lf-01-03,i2,content/courses/linear-functions/lessons/lf-01-03.json,slopeTriangle,"A (2, 5) and B (7, 5) sit at the same height. What will the rise leg have to be?","zero=""0 — there is no change in height"" | five=""5 — that is the height they are both at"" | undef=""undefined — a flat line has no slope""",zero,0 — there is no change in height,"The rise measures CHANGE in height, and 5 − 5 = 0. So the slope is 0 ÷ 5 = 0 — a real number, not a missing one.",KEEP,"Prediction precedes a direct causal model, retains the learner choice, and explains the observed outcome.",,,,,,,
linear-functions,9,lf-01-03,i3,content/courses/linear-functions/lessons/lf-01-03.json,slopeTriangle,"A (4, 1) and B (4, 7) sit on the same vertical. When you set the run to 0, the slope will be…","undef=""undefined — you cannot divide the rise by 0"" | zero=""0 — because one of the legs is 0"" | six=""6 — the rise, since there is no run to divide by""",undef,undefined — you cannot divide the rise by 0,"Zero slope is the FLAT case (rise 0). Here the run is 0, and rise ÷ 0 has no value at all — which is what ""undefined"" means.",KEEP,"Prediction precedes a direct causal model, retains the learner choice, and explains the observed outcome.",,,,,,,
linear-functions,9,lf-02-01,e1,content/courses/linear-functions/lessons/lf-02-01.json,lineExplore,"In y = mx + b, what does raising b do to the line?","tilt=""Tilts it steeper"" | up=""Slides it straight up, same tilt"" | right=""Shifts it to the right""",up,"Slides it straight up, same tilt","b adds the same amount to every point's height, so the whole line rides up without tilting — the steepness lives entirely in m.",KEEP,"Prediction precedes a direct causal model, retains the learner choice, and explains the observed outcome.",,,,,,,
linear-functions,9,lf-02-02,i2,content/courses/linear-functions/lessons/lf-02-02.json,plotPoint,"On y = 2x + 1, take any point and step one to the right. The next point is…","one=""1 higher"" | two=""2 higher"" | three=""3 higher""",two,2 higher,"2 higher — that is precisely what slope 2 means, and the three points say it out loud: 3, 5, 7. The +1 decides where the line starts; the 2 decides how it steps, and it takes the same step every single time.",KEEP,"Prediction precedes a direct causal model, retains the learner choice, and explains the observed outcome.",,,,,,,
linear-functions,9,lf-03-01,i1,content/courses/linear-functions/lessons/lf-03-01.json,lineExplore,"The line through (1, 1) with slope 2. Its y-intercept will be…","one=""1 — the point's own y-value"" | minus=""−1"" | two=""2 — the slope""",minus,−1,"−1. Point-slope writes it as y − 1 = 2(x − 1), and multiplying out gives y = 2x − 1. The point you were handed is not the intercept: stepping back one unit in x drops you by 2, from 1 down to −1.",KEEP,"Prediction precedes a direct causal model, retains the learner choice, and explains the observed outcome.",,,,,,,
linear-functions,9,lf-03-02,i1,content/courses/linear-functions/lessons/lf-03-02.json,mcq,y − 3 = 2(x − 1): can you read the SLOPE before doing any algebra?,"yes=""Yes — the 2 outside the parentheses is m"" | no=""No — convert to y = mx + b first"" | neg=""It's −3""",yes,Yes — the 2 outside the parentheses is m,"Point-slope wears its slope openly: the 2 IS m, and (1, 3) is the point. Converting (to y = 2x + 1) only rearranges to expose b — the slope never changes, because rearranging never tilts a line.",REMOVE,The attached surface does not meet the direct-manipulation and visible-consequence threshold.,,,,,,,
linear-functions,9,lf-03-03,i1,content/courses/linear-functions/lessons/lf-03-03.json,mcq,Can ONE line wear both costumes: y = 2x + 1 AND 2x − y = −1?,"yes=""Yes — same line, rearranged"" | no=""No — different lines"" | origin=""Only lines through the origin""",yes,"Yes — same line, rearranged","Solve 2x − y = −1 for y and y = 2x + 1 falls out — identical line, not a single point moved. Forms are costumes: slope-intercept shows m and b at a glance; standard form trades that for tidy integer intercepts.",REMOVE,The attached surface does not meet the direct-manipulation and visible-consequence threshold.,,,,,,,
linear-functions,9,lf-04-01,i1,content/courses/linear-functions/lessons/lf-04-01.json,lineExplore,"The line must pass through (1, 5) with slope 2. Is the intercept b forced, or yours to choose?","forced=""Forced — a slope plus one point pin the whole line"" | free=""Free — any b still has slope 2"" | five=""b = 5, the point's own y""",forced,Forced — a slope plus one point pin the whole line,"With the slope locked at 2, sliding b sweeps the line up and down — and only b = 3 threads (1, 5): 5 = 2·1 + 3. One point plus a slope leaves nothing to choose. (b would equal 5 only if the point sat ON the y-axis.)",KEEP,"Prediction precedes a direct causal model, retains the learner choice, and explains the observed outcome.",,,,,,,
linear-functions,9,lf-04-02,i1,content/courses/linear-functions/lessons/lf-04-02.json,lineExplore,Your line must pass through two given points. How many different lines can do that?,"one=""Exactly one"" | two=""Two"" | many=""Infinitely many""",one,Exactly one,"Two points pin a line completely: the slope is forced (rise over run between them), and once the slope is set, the intercept is forced too. That's why two points are always enough to write y = mx + b.",KEEP,"Prediction precedes a direct causal model, retains the learner choice, and explains the observed outcome.",,,,,,,
linear-functions,9,lf-04-03,i1,content/courses/linear-functions/lessons/lf-04-03.json,lineExplore,You'll build a line PARALLEL to y = 2x + 1. Which knob is locked?,"slope=""The slope — it must stay 2"" | intercept=""The intercept — it must stay 1"" | both=""Both knobs""",slope,The slope — it must stay 2,"Parallel means same tilt: the slope stays 2 while the intercept is yours to slide. Two parallel lines are the same climb starting from different floors — and if BOTH knobs matched, you'd have the same line, not a parallel one.",KEEP,"Prediction precedes a direct causal model, retains the learner choice, and explains the observed outcome.",,,,,,,
lines-angles,4,la-01-01,i1,content/courses/lines-angles/lessons/la-01-01.json,matchPairs,What separates a LINE from a line SEGMENT?,"forever=""A line runs forever both ways"" | longer=""A line is just longer"" | straight=""A line is straighter""",forever,A line runs forever both ways,"A segment has two endpoints and stops; a line refuses to end in either direction. The arrows in its drawing are a promise, not decoration.",REMOVE,The attached surface does not meet the direct-manipulation and visible-consequence threshold.,,,,,,,
lines-angles,4,la-01-02,e1,content/courses/lines-angles/lessons/la-01-02.json,angleMeasure,An angle's size comes from…,"turn=""How far apart the rays have turned"" | length=""How long the rays are"" | thick=""How thick they're drawn""",turn,How far apart the rays have turned,"Angles measure TURN: 60° of opening is 60° whether the rays are stubby or a mile long. Stretching a ray changes the picture, not the angle — the protractor only watches the spread.",KEEP,"Prediction precedes a direct causal model, retains the learner choice, and explains the observed outcome.",,,,,,,
lines-angles,4,la-01-03,i1,content/courses/lines-angles/lessons/la-01-03.json,matchPairs,"In the angle named 'BAC', which letter sits at the corner?","middle=""A — the middle letter"" | first=""B — the first letter"" | last=""C — the last letter""",middle,A — the middle letter,Angle names put the vertex in the MIDDLE — the two outer letters ride the rays. Read the corner from the center of the name.,REMOVE,The attached surface does not meet the direct-manipulation and visible-consequence threshold.,,,,,,,
lines-angles,4,la-02-01,i1,content/courses/lines-angles/lessons/la-02-01.json,lineRelationLab,Two lines slanting by exactly the SAME amount — will they ever meet?,"never=""Never"" | eventually=""Eventually, far away"" | paper=""Only off the edge of the paper""",never,Never,Equal slant means the gap between them never changes — extend them across the universe and they stay strangers. That's what parallel promises.,KEEP,"Prediction precedes a direct causal model, retains the learner choice, and explains the observed outcome.",,,,,,,
lines-angles,4,la-02-02,i1,content/courses/lines-angles/lessons/la-02-02.json,lineRelationLab,Are all crossing lines perpendicular?,"no=""No — only square-corner crossings"" | yes=""Yes — crossing is crossing"" | tilt=""Only if they look tilted""",no,No — only square-corner crossings,"Perpendicular is a special crossing — exactly 90°, a perfect square corner. Lines can cross at a thousand other angles and earn no badge for it.",KEEP,"Prediction precedes a direct causal model, retains the learner choice, and explains the observed outcome.",,,,,,,
lines-angles,4,la-02-03,i1,content/courses/lines-angles/lessons/la-02-03.json,matchPairs,"In a rectangle, the two sides that MEET at a corner — parallel or perpendicular?","perp=""Perpendicular"" | para=""Parallel"" | neither=""Neither""",perp,Perpendicular,Meeting sides form the rectangle's right-angle corners — perpendicular. The parallel pairs are the sides that face each other and never touch.,REMOVE,The attached surface does not meet the direct-manipulation and visible-consequence threshold.,,,,,,,
lines-angles,4,la-03-01,i1,content/courses/lines-angles/lessons/la-03-01.json,dragBucket,Can a triangle have TWO right angles?,"no=""No — two 90°s spend the whole budget"" | yes=""Yes — right triangles have them"" | big=""Only very large triangles""",no,No — two 90°s spend the whole budget,"Two right angles already total 180° — the third angle would get 0°, and the sides would run parallel instead of closing. One right angle is the maximum.",REMOVE,The attached surface does not meet the direct-manipulation and visible-consequence threshold.,,,,,,,
lines-angles,4,la-03-02,i1,content/courses/lines-angles/lessons/la-03-02.json,triangleAngleLab,"A triangle's angles share a fixed total. If two of its angles GROW, what must the third do?","shrink=""Shrink"" | grow=""Grow too"" | stay=""Stay the same""",shrink,Shrink,"The three angles split one fixed budget of 180° — whatever two of them take, the third gets what's left. Growth anywhere forces shrinkage somewhere.",KEEP,"Prediction precedes a direct causal model, retains the learner choice, and explains the observed outcome.",,,,,,,
lines-angles,4,la-03-03,i1,content/courses/lines-angles/lessons/la-03-03.json,shapeFamilyBuilder,Can a quadrilateral have exactly THREE right angles — with a fourth that isn't?,"no=""No — the fourth gets forced to 90° too"" | yes=""Yes — easily"" | rect=""Only rectangles try that""",no,No — the fourth gets forced to 90° too,"Four angles must total 360° — three right angles spend 270°, leaving exactly 90° for the last. Three rights smuggle in a fourth.",KEEP,"Prediction precedes a direct causal model, retains the learner choice, and explains the observed outcome.",,,,,,,
lines-angles,4,la-04-01,i1,content/courses/lines-angles/lessons/la-04-01.json,dragBucket,A fold line counts as a line of SYMMETRY when the two halves…?,"match=""Match exactly when folded"" | area=""Merely have equal areas"" | similar=""Just look similar""",match,Match exactly when folded,Symmetry demands a perfect overlap — every point landing on its twin. Equal areas or a family resemblance isn't enough; the fold must make the halves disappear into each other.,REMOVE,The attached surface does not meet the direct-manipulation and visible-consequence threshold.,,,,,,,
lines-angles,4,la-04-02,i1,content/courses/lines-angles/lessons/la-04-02.json,matchPairs,"For a REGULAR shape, how does its number of symmetry lines compare to its number of sides?","equal=""They're equal"" | fewer=""Always fewer lines than sides"" | more=""Always more lines than sides""",equal,They're equal,"Perfect regularity buys one mirror line per side — a regular pentagon carries five, a regular hexagon six. The count of sides IS the count of mirrors.",REMOVE,The attached surface does not meet the direct-manipulation and visible-consequence threshold.,,,,,,,
lines-angles,4,la-04-03,i1,content/courses/lines-angles/lessons/la-04-03.json,dragBucket,Does the block capital H have MORE than one line of symmetry?,"yes=""Yes — two"" | one=""No — just one"" | none=""No — none at all""",yes,Yes — two,H folds onto itself both vertically and horizontally — two mirrors in one letter. Some letters are richer in symmetry than they look.,REMOVE,The attached surface does not meet the direct-manipulation and visible-consequence threshold.,,,,,,,
logarithms,11,lg-01-01,i1,content/courses/logarithms/lessons/lg-01-01.json,expLogExplore,"log_b(8) = 3 asks: which base, cubed, gives 8? The base is…","two=""2"" | three=""3"" | div=""8 ÷ 3, about 2.67""",two,2,"2, because 2³ = 8. A logarithm normally hands back the exponent; here the exponent was handed to you and the base was the unknown — the same equation read from a third side. 8 ÷ 3 is what division would give, and nothing here was a division.",KEEP,"Prediction precedes a direct causal model, retains the learner choice, and explains the observed outcome.",,,,,,,
logarithms,11,lg-01-02,i1,content/courses/logarithms/lessons/lg-01-02.json,expLogExplore,log_b(81) = 4 asks which base raised to the FOURTH power gives 81. The base is…,"nine=""9"" | three=""3"" | quart=""81 ÷ 4, about 20.25""",three,3,"3, since 3⁴ = 81. The 9 is tempting because 9² = 81 — but that is the base whose SQUARE is 81, and the ring is set at 4, not 2. Move the ring and the same 81 hands back a different base entirely.",KEEP,"Prediction precedes a direct causal model, retains the learner choice, and explains the observed outcome.",,,,,,,
logarithms,11,lg-01-03,i1,content/courses/logarithms/lessons/lg-01-03.json,expLogExplore,"When the exponential and logarithmic graphs are inverses, what geometric relationship should appear?","mirror=""They reflect across y = x"" | parallel=""They stay parallel"" | xaxis=""They reflect across the x-axis""",mirror,They reflect across y = x,"Inverse functions swap inputs and outputs, so every point (x, y) becomes (y, x). That coordinate swap is reflection across y = x.",KEEP,"Prediction precedes a direct causal model, retains the learner choice, and explains the observed outcome.",,,,,,,
logarithms,11,lg-03-01,i1,content/courses/logarithms/lessons/lg-03-01.json,expLogExplore,"log_b(32) = 5. Before sliding anything, the base must be…","five=""5"" | two=""2"" | div=""32 ÷ 5, about 6.4""",two,2,"2, since 2⁵ = 32. Worth noticing what change-of-base would have said: log 32 / log b = 5, so log b = (log 32)/5 — the same base, reached through base 10 instead. Two routes, one answer, which is the whole claim the formula makes.",KEEP,"Prediction precedes a direct causal model, retains the learner choice, and explains the observed outcome.",,,,,,,
long-division-g5,5,g5l-01-01,i1,content/courses/long-division-g5/lessons/g5l-01-01.json,estimateSlider,"Estimating 552 ÷ 24, which pair helps most?","600=""600 ÷ 25"" | 552=""552 ÷ 20""",600,600 ÷ 25,"25 divides 600 exactly, so the estimate arrives without any working at all.",KEEP,"Prediction precedes a direct causal model, retains the learner choice, and explains the observed outcome.",,,,,,,
long-division-g5,5,g5l-01-02,i1,content/courses/long-division-g5/lessons/g5l-01-02.json,numberLineHop,Is dividing by 30 easier than by 27?,"yes=""Yes — 3 then 10"" | no=""No""",yes,Yes — 3 then 10,A multiple of ten splits into a familiar fact and a place-value shift; 27 offers no such split.,KEEP,"Prediction precedes a direct causal model, retains the learner choice, and explains the observed outcome.",,,,,,,
long-division-g5,5,g5l-02-01,i1,content/courses/long-division-g5/lessons/g5l-02-01.json,barBuilder,May you take 20 groups of 24 before taking 3 more?,"yes=""Yes — total them"" | no=""No — batches must be equal""",yes,Yes — total them,"The quotient counts groups, and counting them in convenient batches reaches the same total.",KEEP,"Prediction precedes a direct causal model, retains the learner choice, and explains the observed outcome.",,,,,,,
long-division-g5,5,g5l-02-02,i1,content/courses/long-division-g5/lessons/g5l-02-02.json,estimateSlider,"In the standard algorithm, what fixes the batch sizes?","place=""Place value"" | choice=""Your choice""",place,Place value,"Each digit's column decides its batch, which is exactly what makes the method compact.",KEEP,"Prediction precedes a direct causal model, retains the learner choice, and explains the observed outcome.",,,,,,,
long-division-g5,5,g5l-03-01,i1,content/courses/long-division-g5/lessons/g5l-03-01.json,estimateSlider,4 × 24 = 96 exceeds 88. What now?,"lower=""Lower the digit to 3"" | negative=""Subtract anyway""",lower,Lower the digit to 3,An overshoot means the trial digit was too big; the algorithm never carries a negative remainder.,KEEP,"Prediction precedes a direct causal model, retains the learner choice, and explains the observed outcome.",,,,,,,
long-division-g5,5,g5l-03-02,i1,content/courses/long-division-g5/lessons/g5l-03-02.json,estimateSlider,"Quotient 23, divisor 24, remainder 8 — how do you check?","rebuild=""23 × 24 + 8"" | product=""23 × 24 only""",rebuild,23 × 24 + 8,"The remainder is part of the dividend, so it must be added back for the rebuild to work.",KEEP,"Prediction precedes a direct causal model, retains the learner choice, and explains the observed outcome.",,,,,,,
measure-compare-k,0,kmd-01-01,i1,content/courses/measure-compare-k/lessons/kmd-01-01.json,unitRuler,Measuring the ribbon's LENGTH — which tool fits?,"ruler=""Blocks laid end to end"" | seesaw=""A seesaw""",ruler,Blocks laid end to end,Length is distance end to end; blocks along the ribbon count it. The seesaw answers a different question — weight.,KEEP,"Prediction precedes a direct causal model, retains the learner choice, and explains the observed outcome.",,,,,,,
measure-compare-k,0,kmd-01-02,i1,content/courses/measure-compare-k/lessons/kmd-01-02.json,unitRuler,A tower tips onto its side. Its TALL becomes…,"long=""LONG — same length, new pose"" | gone=""Nothing — the length vanishes""",long,"LONG — same length, new pose",Length survives turning; only the word changes with the pose.,KEEP,"Prediction precedes a direct causal model, retains the learner choice, and explains the observed outcome.",,,,,,,
measure-compare-k,0,kmd-01-03,i1,content/courses/measure-compare-k/lessons/kmd-01-03.json,balanceScale,The bear's pan hangs lower than the block pan. The bear is…,"heavy=""Heavier than the blocks"" | light=""Lighter than the blocks""",heavy,Heavier than the blocks,Sinking is the seesaw's word for heavier; the low pan carries the greater weight.,KEEP,"Prediction precedes a direct causal model, retains the learner choice, and explains the observed outcome.",,,,,,,
measure-compare-k,0,kmd-01-04,i1,content/courses/measure-compare-k/lessons/kmd-01-04.json,tenFrame,A tall thin glass against a wide bowl — can looks settle which holds more?,"no=""No — fill both and count scoops"" | yes=""Yes — tall wins""",no,No — fill both and count scoops,Capacity hides inside; only the scoop count makes the comparison fair.,KEEP,"Prediction precedes a direct causal model, retains the learner choice, and explains the observed outcome.",,,,,,,
measure-compare-k,0,kmd-02-01,i1,content/courses/measure-compare-k/lessons/kmd-02-01.json,unitRuler,Two ribbons from one start line; one reaches farther. The farther one is…,"longer=""Longer"" | heavier=""Heavier""",longer,Longer,Reach past a shared start line is exactly what LONGER means; weight never entered the test.,KEEP,"Prediction precedes a direct causal model, retains the learner choice, and explains the observed outcome.",,,,,,,
measure-compare-k,0,kmd-02-02,i1,content/courses/measure-compare-k/lessons/kmd-02-02.json,balanceScale,Blocks match the parcel and the pans sit level. What is true?,"equal=""Parcel and blocks weigh the same"" | stuck=""The seesaw jammed""",equal,Parcel and blocks weigh the same,Level is the seesaw's word for equal — the block count now NAMES the parcel's weight.,KEEP,"Prediction precedes a direct causal model, retains the learner choice, and explains the observed outcome.",,,,,,,
measure-compare-k,0,kmd-02-03,i1,content/courses/measure-compare-k/lessons/kmd-02-03.json,unitRuler,A shorter ribbon starts 3 cubes ahead. Its far end reaches farther. Longer?,"no=""No — the head start is lying"" | yes=""Yes — farther is longer""",no,No — the head start is lying,Far ends only speak truth AFTER the starts are aligned; the head start faked the reach.,KEEP,"Prediction precedes a direct causal model, retains the learner choice, and explains the observed outcome.",,,,,,,
measure-compare-k,0,kmd-02-04,i1,content/courses/measure-compare-k/lessons/kmd-02-04.json,unitRuler,Two towers on the same floor. The taller one is the one that…,"higher=""Reaches higher from the floor"" | wider=""Is wider""",higher,Reaches higher from the floor,Tallness is vertical reach from the shared floor; width is a different attribute altogether.,KEEP,"Prediction precedes a direct causal model, retains the learner choice, and explains the observed outcome.",,,,,,,
measure-compare-k,0,kmd-03-01,i1,content/courses/measure-compare-k/lessons/kmd-03-01.json,tapDiagram,Sorting toys by COLOR — what question does every toy get?,"color=""What color are you?"" | size=""How big are you?""",color,What color are you?,"The rule IS the question; a color sort asks color of everything, size of nothing.",KEEP,"Prediction precedes a direct causal model, retains the learner choice, and explains the observed outcome.",,,,,,,
measure-compare-k,0,kmd-03-02,i1,content/courses/measure-compare-k/lessons/kmd-03-02.json,tapDiagram,Sorting buttons into BIG and SMALL — what must be decided first?,"line=""Where big begins"" | count=""How many buttons exist""",line,Where big begins,"A size rule needs its boundary declared; without it, middling buttons have no home.",KEEP,"Prediction precedes a direct causal model, retains the learner choice, and explains the observed outcome.",,,,,,,
measure-compare-k,0,kmd-03-03,i1,content/courses/measure-compare-k/lessons/kmd-03-03.json,tenFrame,Two sorted color groups fill one frame. The frame's total is…,"sum=""Both group counts together"" | big=""Just the bigger group""",sum,Both group counts together,"The whole is its parts together — the sort split the total, and the counts rebuild it.",KEEP,"Prediction precedes a direct causal model, retains the learner choice, and explains the observed outcome.",,,,,,,
measure-compare-k,0,kmd-03-04,i1,content/courses/measure-compare-k/lessons/kmd-03-04.json,tapDiagram,"Groups of 6, 8, and 5. Which has the most?","eight=""The group of 8"" | spread=""Whichever spreads widest""",eight,The group of 8,Most is a claim about counts; 8 beats 6 beats 5 however the shapes sprawl.,KEEP,"Prediction precedes a direct causal model, retains the learner choice, and explains the observed outcome.",,,,,,,
measure-convert,4,mc-01-01,i1,content/courses/measure-convert/lessons/mc-01-01.json,matchPairs,Does the prefix 'kilo' make a unit BIGGER or SMALLER?,"bigger=""Bigger — a thousand of them"" | smaller=""Smaller — a thousandth"" | neither=""Neither — it's just a name""",bigger,Bigger — a thousand of them,"Kilo stamps ×1000 on whatever it touches — a kilometer is a thousand meters, a kilogram a thousand grams. The prefix is the multiplier.",REMOVE,The attached surface does not meet the direct-manipulation and visible-consequence threshold.,,,,,,,
measure-convert,4,mc-01-02,i1,content/courses/measure-convert/lessons/mc-01-02.json,matchPairs,Converting meters into centimeters — will the NUMBER get bigger or smaller?,"bigger=""Bigger — smaller units need more of them"" | smaller=""Smaller — centimeters are smaller"" | same=""It stays the same""",bigger,Bigger — smaller units need more of them,"The length doesn't change — but measuring it in tinier units takes MORE of them. Smaller unit, bigger count: the seesaw at the heart of every conversion.",REMOVE,The attached surface does not meet the direct-manipulation and visible-consequence threshold.,,,,,,,
measure-convert,4,mc-01-03,i1,content/courses/measure-convert/lessons/mc-01-03.json,matchPairs,1 kilogram versus 1000 grams — which is heavier?,"equal=""They're exactly equal"" | kilo=""The kilogram"" | grams=""The 1000 grams""",equal,They're exactly equal,They're the same mass in two costumes — kilo MEANS a thousand. Conversions rename an amount; they never change it.,REMOVE,The attached surface does not meet the direct-manipulation and visible-consequence threshold.,,,,,,,
measure-convert,4,mc-02-01,i1,content/courses/measure-convert/lessons/mc-02-01.json,matchPairs,A 3-by-8 rectangle and an 8-by-3 rectangle — same area?,"yes=""Yes — turning changes nothing"" | no=""No — different shapes, different areas"" | square=""Only if it's a square""",yes,Yes — turning changes nothing,Rotating a rectangle doesn't add or remove a single square — 3 × 8 and 8 × 3 count the same tiles. Multiplication doesn't care about the order.,REMOVE,The attached surface does not meet the direct-manipulation and visible-consequence threshold.,,,,,,,
measure-convert,4,mc-02-02,i1,content/courses/measure-convert/lessons/mc-02-02.json,matchPairs,Which is the longer walk around: a 1-by-9 rectangle or a 5-by-5?,"equal=""Equal trips"" | thin=""The 1-by-9"" | square=""The 5-by-5""",equal,Equal trips,"Both fences total 20 — perimeter listens only to the sum of the sides, not to how skinny or square the shape looks.",REMOVE,The attached surface does not meet the direct-manipulation and visible-consequence threshold.,,,,,,,
measure-convert,4,mc-02-03,i1,content/courses/measure-convert/lessons/mc-02-03.json,dragBucket,Perimeter questions are about going AROUND something. Area questions are about…?,"cover=""Covering it"" | twice=""Going around it twice"" | tall=""How tall it is""",cover,Covering it,Area carpets the inside; perimeter fences the edge. Deciding which one a story wants is the whole game — the formula is the easy part.,REMOVE,The attached surface does not meet the direct-manipulation and visible-consequence threshold.,,,,,,,
measure-convert,4,mc-03-01,i1,content/courses/measure-convert/lessons/mc-03-01.json,slider,You'll slide all the way around to a full turn. How many quarter turns of 90° fit inside it?,"four=""4 quarter turns"" | three=""3 quarter turns"" | two=""2 quarter turns""",four,4 quarter turns,"A full turn is four 90° corners stacked together — 90, 180, 270, 360. Four quarters make the whole spin.",KEEP,"Prediction precedes a direct causal model, retains the learner choice, and explains the observed outcome.",,,,,,,
measure-convert,4,mc-03-02,i1,content/courses/measure-convert/lessons/mc-03-02.json,slider,Each clock hour is worth 30°. From 12 o'clock to 4 o'clock — more than a quarter turn (90°) or less?,"more=""More than 90°"" | less=""Less than 90°"" | exactly=""Exactly 90°""",more,More than 90°,Three hours already make the quarter turn (3 × 30° = 90°) — a fourth hour pushes the angle past it.,KEEP,"Prediction precedes a direct causal model, retains the learner choice, and explains the observed outcome.",,,,,,,
measure-convert,4,mc-03-03,i1,content/courses/measure-convert/lessons/mc-03-03.json,dragBucket,An angle just slightly WIDER than a square corner — acute or obtuse?,"obtuse=""Obtuse"" | acute=""Acute"" | right=""Still a right angle""",obtuse,Obtuse,"The square corner is the border at 90° — anything past it, even a hair, is obtuse; anything short of it is acute. The families split at that line.",REMOVE,The attached surface does not meet the direct-manipulation and visible-consequence threshold.,,,,,,,
measure-convert,4,mc-04-01,i1,content/courses/measure-convert/lessons/mc-04-01.json,numeric,Two angles sit side by side sharing a ray. Do their measures ADD to make the combined angle?,"yes=""Yes — they add"" | no=""No — take the bigger one"" | avg=""No — average them""",yes,Yes — they add,Angles glued along a shared ray pool their turns — the combined opening is the sum. Angle measure adds exactly the way lengths do.,REMOVE,The attached surface does not meet the direct-manipulation and visible-consequence threshold.,,,,,,,
measure-convert,4,mc-04-02,i1,content/courses/measure-convert/lessons/mc-04-02.json,numeric,Two angles together make a straight line. What must they total?,"oneeighty=""180°"" | ninety=""90°"" | threesixty=""360°""",oneeighty,180°,A straight line is a half-turn — 180°. Knowing one angle hands you the other by subtraction; the line does the accounting.,REMOVE,The attached surface does not meet the direct-manipulation and visible-consequence threshold.,,,,,,,
measure-convert,4,mc-04-03,i1,content/courses/measure-convert/lessons/mc-04-03.json,numeric,Can a single angle around a point measure MORE than 180°?,"yes=""Yes — angles can bend past a straight line"" | no=""No — 180° is the ceiling"" | neg=""Only as a negative angle""",yes,Yes — angles can bend past a straight line,"A full turn is 360°, and one angle can claim most of it — a 200° angle wraps well past straight. Around-a-point problems welcome the big ones.",REMOVE,The attached surface does not meet the direct-manipulation and visible-consequence threshold.,,,,,,,
measure-convert,4,mc-05-01,i1,content/courses/measure-convert/lessons/mc-05-01.json,numeric,"On an EIGHTHS ruler, each tick mark is worth how much?","eighth=""1/8 inch"" | inch=""1 whole inch"" | third=""1/3 inch""",eighth,1/8 inch,An eighths ruler slices every inch into eight steps — each tick advances one eighth. Counting ticks is counting eighths.,REMOVE,The attached surface does not meet the direct-manipulation and visible-consequence threshold.,,,,,,,
measure-convert,4,mc-05-02,i1,content/courses/measure-convert/lessons/mc-05-02.json,numeric,Can one tick on a line plot carry MORE than one X?,"yes=""Yes — one X per data value"" | no=""No — one X each, maximum"" | whole=""Only above whole numbers""",yes,Yes — one X per data value,Repeated measurements pile up — every matching pencil stacks another X above the same tick. The height of a stack IS that value's count.,REMOVE,The attached surface does not meet the direct-manipulation and visible-consequence threshold.,,,,,,,
measure-convert,4,mc-05-03,i1,content/courses/measure-convert/lessons/mc-05-03.json,numeric,Answering 'how many measured MORE than 1/2' — do the X's sitting exactly AT 1/2 count?,"no=""No — 'more than' means strictly past it"" | yes=""Yes — 1/2 is close enough"" | half=""Count them as half each""",no,No — 'more than' means strictly past it,'More than 1/2' draws its line just past the tick — values sitting exactly on 1/2 don't cross it. Reading the boundary word precisely is the whole skill.,REMOVE,The attached surface does not meet the direct-manipulation and visible-consequence threshold.,,,,,,,
measure-length-g1,1,g1m-01-01,i1,content/courses/measure-length-g1/lessons/g1m-01-01.json,lengthCompare,One ribbon starts further along than the other. Can you trust the far ends alone?,"no=""No — align them first"" | yes=""Yes — just look""",no,No — align them first,"A shifted start can make the shorter ribbon reach farther, so aligning comes first.",KEEP,"Prediction precedes a direct causal model, retains the learner choice, and explains the observed outcome.",,,,,,,
measure-length-g1,1,g1m-01-02,i1,content/courses/measure-length-g1/lessons/g1m-01-02.json,lengthCompare,"To order three objects, how many at a time do you compare?","two=""Two at a time"" | three=""All three at once""",two,Two at a time,Comparing pairs is what the eye and the ruler can actually do; the order builds up from those results.,KEEP,"Prediction precedes a direct causal model, retains the learner choice, and explains the observed outcome.",,,,,,,
measure-length-g1,1,g1m-01-03,i1,content/courses/measure-length-g1/lessons/g1m-01-03.json,lengthCompare,Two objects cannot be moved. Can a third object still settle which is longer?,"yes=""Yes — compare each to it"" | no=""No — they must touch""",yes,Yes — compare each to it,"Each object is compared to the same go-between, and those two results settle the pair.",KEEP,"Prediction precedes a direct causal model, retains the learner choice, and explains the observed outcome.",,,,,,,
measure-length-g1,1,g1m-01-04,i1,content/courses/measure-length-g1/lessons/g1m-01-04.json,lengthCompare,A beats B and B beats C. Could C still beat A?,"no=""No — the chain holds"" | maybe=""Maybe — it depends""",no,No — the chain holds,"Both links point the same direction, so the conclusion cannot turn around.",KEEP,"Prediction precedes a direct causal model, retains the learner choice, and explains the observed outcome.",,,,,,,
measure-length-g1,1,g1m-02-01,i1,content/courses/measure-length-g1/lessons/g1m-02-01.json,unitRuler,Where must the first unit begin?,"edge=""At the object's starting edge"" | any=""Anywhere along it""",edge,At the object's starting edge,"Starting anywhere else measures only part of the object, so the count comes out wrong.",KEEP,"Prediction precedes a direct causal model, retains the learner choice, and explains the observed outcome.",,,,,,,
measure-length-g1,1,g1m-02-02,i1,content/courses/measure-length-g1/lessons/g1m-02-02.json,unitRuler,A child leaves small gaps between units. Will the count be too big or too small?,"small=""Too small"" | big=""Too big""",small,Too small,"Gaps mean fewer units are needed to reach the end, so the count comes out under the true length.",KEEP,"Prediction precedes a direct causal model, retains the learner choice, and explains the observed outcome.",,,,,,,
measure-length-g1,1,g1m-02-03,i1,content/courses/measure-length-g1/lessons/g1m-02-03.json,unitRuler,Five same-size units exactly cover an object. How long is it?,"five=""Five units"" | one=""One unit""",five,Five units,"Length in units is the number of units it takes to cover the object — here, five.",KEEP,"Prediction precedes a direct causal model, retains the learner choice, and explains the observed outcome.",,,,,,,
measure-length-g1,1,g1m-03-01,i1,content/courses/measure-length-g1/lessons/g1m-03-01.json,unitRuler,Why do cubes work well as measuring units?,"same=""They are all the same size"" | color=""They are colorful""",same,They are all the same size,Identical size is the whole requirement; color and material make no difference to a count.,KEEP,"Prediction precedes a direct causal model, retains the learner choice, and explains the observed outcome.",,,,,,,
measure-length-g1,1,g1m-03-02,i1,content/courses/measure-length-g1/lessons/g1m-03-02.json,unitRuler,The same ribbon is measured in cubes and in longer clips. Will the counts match?,"diff=""No — different counts"" | same=""Yes — identical""",diff,No — different counts,"Longer units cover more each, so the same ribbon needs fewer of them.",KEEP,"Prediction precedes a direct causal model, retains the learner choice, and explains the observed outcome.",,,,,,,
measure-length-g1,1,g1m-03-03,i1,content/courses/measure-length-g1/lessons/g1m-03-03.json,unitRuler,"Switching to units twice as long, what happens to the count?","half=""It gets smaller"" | double=""It gets bigger""",half,It gets smaller,"Each unit now covers twice as much, so it takes fewer of them to cover the same object.",KEEP,"Prediction precedes a direct causal model, retains the learner choice, and explains the observed outcome.",,,,,,,
measure-money-time,2,mmt-01-01,i1,content/courses/measure-money-time/lessons/mmt-01-01.json,unitRuler,What must be true when units measure length?,"touch=""Equal units touch end to end from the object’s start."" | gaps=""Small gaps are harmless."" | label=""The ending ruler label is always the length.""",touch,Equal units touch end to end from the object’s start.,Measurement iterates equal units from the correct starting point with no gaps or overlaps.,KEEP,"Prediction precedes a direct causal model, retains the learner choice, and explains the observed outcome.",,,,,,,
measure-money-time,2,mmt-02-02,i2,content/courses/measure-money-time/lessons/mmt-02-02.json,lengthCompare,"The pencil is 6 inches and the crayon is 3. To find how many MORE inches, what do you measure?","gap=""Only the stretch past the crayon's end"" | whole=""The pencil's whole 6 inches"" | sum=""Both lengths added together""",gap,Only the stretch past the crayon's end,"Comparing two lengths means measuring the GAP between their ends. The pencil's own length answers “how long”, not “how much longer” — those are different questions.",KEEP,"Prediction precedes a direct causal model, retains the learner choice, and explains the observed outcome.",,,,,,,
measure-money-time,2,mmt-02-03,i1,content/courses/measure-money-time/lessons/mmt-02-03.json,lengthCompare,"If a measured object is shifted sideways without being stretched, what happens to its length?","same=""It stays the same"" | longer=""It becomes longer"" | shorter=""It becomes shorter""",same,It stays the same,"Position can change without changing length. Fair comparison depends on equal units and aligned starts, not where the drawing sits.",KEEP,"Prediction precedes a direct causal model, retains the learner choice, and explains the observed outcome.",,,,,,,
measure-money-time,2,mmt-03-01,i2,content/courses/measure-money-time/lessons/mmt-03-01.json,moneyBoard,One quarter and one dime together are worth…,"thirtyfive=""35¢"" | two=""2¢ — there are two coins"" | fifteen=""15¢""",thirtyfive,35¢,"35¢ — a quarter is 25¢ and a dime is 10¢. Counting the coins gives 2, but coins are not worth the same as each other, so how many you hold tells you nothing about how much you have. You have to add the values.",KEEP,"Prediction precedes a direct causal model, retains the learner choice, and explains the observed outcome.",,,,,,,
measure-money-time,2,mmt-03-02,i1,content/courses/measure-money-time/lessons/mmt-03-02.json,moneyBoard,"3 dimes and 2 pennies — is that the same as 5 cents, since there are 5 coins?","no=""No — coins carry different values"" | yes=""Yes — 5 coins is 5 cents"" | cannot=""You can't tell without a price tag""",no,No — coins carry different values,Counting coins isn't counting cents — each dime alone is worth ten pennies. Five coins here hold far more than five cents.,KEEP,"Prediction precedes a direct causal model, retains the learner choice, and explains the observed outcome.",,,,,,,
measure-money-time,2,mmt-03-03,i1,content/courses/measure-money-time/lessons/mmt-03-03.json,moneyBoard,Each nickel is worth 5¢. Predict: how many nickels will it take to build exactly 25¢?,"five=""5 nickels"" | twentyfive=""25 nickels"" | twenty=""20 nickels""",five,5 nickels,"Five nickels — 25 ÷ 5 = 5. Building it coin by coin shows why: each coin adds its VALUE, so the count is the total divided by the coin's worth.",KEEP,"Prediction precedes a direct causal model, retains the learner choice, and explains the observed outcome.",,,,,,,
measure-money-time,2,mmt-04-01,i1,content/courses/measure-money-time/lessons/mmt-04-01.json,clockSet,Setting the clock to 3:25 — which numeral will the MINUTE hand point at?,"five=""The 5"" | twentyfive=""A 25 on the clock face"" | three=""The 3""",five,The 5,"Every numeral is worth five minutes — 25 minutes is five numerals around, so the long hand lands on the 5, not on any 25.",KEEP,"Prediction precedes a direct causal model, retains the learner choice, and explains the observed outcome.",,,,,,,
measure-money-time,2,mmt-04-02,e1,content/courses/measure-money-time/lessons/mmt-04-02.json,clockSet,For 3:15 the minute hand points at the number 3. How many minutes is that?,"fifteen=""15 minutes"" | three=""3 minutes"" | thirty=""30 minutes""",fifteen,15 minutes,"15 minutes. Every number on the face is worth 5 minutes to the minute hand, so the 3 means three fives. The very same number means 3 o'clock to the hour hand — one face, two different ways of counting it.",KEEP,"Prediction precedes a direct causal model, retains the learner choice, and explains the observed outcome.",,,,,,,
measure-money-time,2,mmt-05-03,i2,content/courses/measure-money-time/lessons/mmt-05-03.json,lengthCompare,Tuesday's bar reaches 7 votes and Monday's reaches 3. What does “how many more” ask you to read off?,"gap=""The distance between the two bar ends"" | tall=""The height of Tuesday's bar"" | total=""Both bars added together""",gap,The distance between the two bar ends,"On a bar graph, “how many more” is the gap between the two bars' ends — the same comparison you make with two rulers laid side by side.",KEEP,"Prediction precedes a direct causal model, retains the learner choice, and explains the observed outcome.",,,,,,,
measure-problems-g4,4,g4v-01-01,i1,content/courses/measure-problems-g4/lessons/g4v-01-01.json,numberLineHop,"A rope is 3 m. In centimeters, is the number bigger or smaller?","bigger=""Bigger"" | smaller=""Smaller""",bigger,Bigger,"Centimeters are smaller, so many more of them fit along the same rope — 300 instead of 3.",KEEP,"Prediction precedes a direct causal model, retains the learner choice, and explains the observed outcome.",,,,,,,
measure-problems-g4,4,g4v-01-02,i1,content/courses/measure-problems-g4/lessons/g4v-01-02.json,barBuilder,"If 1 m = 100 cm, what is 9 m?","900=""900 cm"" | 109=""109 cm""",900,900 cm,The same factor applies to every row: nine meters is nine hundreds of centimeters.,KEEP,"Prediction precedes a direct causal model, retains the learner choice, and explains the observed outcome.",,,,,,,
measure-problems-g4,4,g4v-01-03,i1,content/courses/measure-problems-g4/lessons/g4v-01-03.json,numberLineHop,500 cm in meters — will the number grow or shrink?,"shrink=""Shrink"" | grow=""Grow""",shrink,Shrink,"Meters are bigger, so fewer of them cover the same rope: 500 cm is only 5 m.",KEEP,"Prediction precedes a direct causal model, retains the learner choice, and explains the observed outcome.",,,,,,,
measure-problems-g4,4,g4v-01-04,i1,content/courses/measure-problems-g4/lessons/g4v-01-04.json,numberLineHop,"Converting 5 kg to grams, multiply or divide?","mult=""Multiply by 1,000"" | div=""Divide by 1,000""",mult,"Multiply by 1,000","Grams are smaller, so many more of them make up the same mass: 5,000 g.",KEEP,"Prediction precedes a direct causal model, retains the learner choice, and explains the observed outcome.",,,,,,,
measure-problems-g4,4,g4v-02-01,i1,content/courses/measure-problems-g4/lessons/g4v-02-01.json,numberLineHop,"6,000 mL in liters?","six=""6 L"" | sixmillion=""6,000,000 L""",six,6 L,"Liters are bigger, so the number must shrink: 6,000 ÷ 1,000 = 6.",KEEP,"Prediction precedes a direct causal model, retains the learner choice, and explains the observed outcome.",,,,,,,
measure-problems-g4,4,g4v-02-02,i1,content/courses/measure-problems-g4/lessons/g4v-02-02.json,numberLineHop,Does a factor of 60 change the method?,"no=""No — same two decisions"" | yes=""Yes""",no,No — same two decisions,"Direction and factor are all a conversion ever needs; 60 simply replaces 100 or 1,000.",KEEP,"Prediction precedes a direct causal model, retains the learner choice, and explains the observed outcome.",,,,,,,
measure-problems-g4,4,g4v-02-03,i1,content/courses/measure-problems-g4/lessons/g4v-02-03.json,estimateSlider,"6 laps of 400 m, stopping 150 m early. Total?","2250=""2,250 m"" | 1500=""1,500 m""",2250,"2,250 m","The 150 comes off the whole distance once, not off every lap.",KEEP,"Prediction precedes a direct causal model, retains the learner choice, and explains the observed outcome.",,,,,,,
measure-problems-g4,4,g4v-02-04,i1,content/courses/measure-problems-g4/lessons/g4v-02-04.json,numberLineHop,"Five 30-minute shifts, answer wanted in hours. Convert when?","after=""After building the total"" | before=""Before, per shift""",after,After building the total,"One conversion at the end is cleaner than five, and avoids fractions before they are needed.",KEEP,"Prediction precedes a direct causal model, retains the learner choice, and explains the observed outcome.",,,,,,,
measure-problems-g4,4,g4v-03-01,i1,content/courses/measure-problems-g4/lessons/g4v-03-01.json,barBuilder,"Nine passes at 25 dollars, 40 off. Total?","185=""185 dollars"" | 265=""265 dollars""",185,185 dollars,"225 built, then 40 removed once — a voucher reduces the bill rather than adding to it.",KEEP,"Prediction precedes a direct causal model, retains the learner choice, and explains the observed outcome.",,,,,,,
measure-problems-g4,4,g4v-03-02,i1,content/courses/measure-problems-g4/lessons/g4v-03-02.json,numberLinePlace,Eight quarter-inches — how many inches?,"two=""2 inches"" | eight=""8 inches""",two,2 inches,"Four quarter-inches make one inch, so eight of them group into exactly two.",KEEP,"Prediction precedes a direct causal model, retains the learner choice, and explains the observed outcome.",,,,,,,
measure-problems-g4,4,g4v-03-03,i1,content/courses/measure-problems-g4/lessons/g4v-03-03.json,estimateSlider,Total first or convert first?,"total=""Total first"" | convert=""Convert first""",total,Total first,"Building the total in one unit keeps the numbers whole; convert once, at the very end.",KEEP,"Prediction precedes a direct causal model, retains the learner choice, and explains the observed outcome.",,,,,,,
measure-problems-g4,4,g4v-03-04,i1,content/courses/measure-problems-g4/lessons/g4v-03-04.json,barBuilder,150 m crossed off the END of the bar means…,"once=""Removed once, from the total"" | each=""Removed from each lap""",once,"Removed once, from the total",A mark at the end of the whole bar removes 150 m one time; a mark inside every part would remove it six times.,KEEP,"Prediction precedes a direct causal model, retains the learner choice, and explains the observed outcome.",,,,,,,
measurement-data,3,md-01-01,i2,content/courses/measurement-data/lessons/md-01-01.json,slider,"You'll walk the minute hand around to the 6. When it points at the 6, how many minutes have passed?","thirty=""More than 6 minutes"" | six=""Exactly 6 minutes"" | fewer=""Fewer than 6 minutes""",thirty,More than 6 minutes,"Each number the hand passes is worth FIVE minutes, not one — reaching the 6 takes six fives of minutes, far more than six.",KEEP,"Prediction precedes a direct causal model, retains the learner choice, and explains the observed outcome.",,,,,,,
measurement-data,3,md-01-02,i1,content/courses/measurement-data/lessons/md-01-02.json,matchPairs,'Quarter past' the hour means how many minutes past?,"fifteen=""15 minutes"" | twentyfive=""25 minutes"" | four=""4 minutes""",fifteen,15 minutes,"A quarter of the 60-minute hour is 15 — the phrase divides the clock, not the numerals. 'Quarter past' parks the minute hand on the 3.",REMOVE,The attached surface does not meet the direct-manipulation and visible-consequence threshold.,,,,,,,
measurement-data,3,md-01-03,i2,content/courses/measurement-data/lessons/md-01-03.json,slider,From 1:50 to 2:30 — how many minutes?,"forty=""40 minutes"" | twenty=""20 minutes"" | eighty=""80 minutes""",forty,40 minutes,"40 minutes: 10 to reach 2:00, then 30 more. Subtracting the minute labels gives 30 − 50 = −20, which is nonsense — the hour rolls over at 60, not at 100. Hopping to the whole hour first keeps you clear of that trap entirely.",KEEP,"Prediction precedes a direct causal model, retains the learner choice, and explains the observed outcome.",,,,,,,
measurement-data,3,md-02-01,i2,content/courses/measurement-data/lessons/md-02-01.json,estimateSlider,"A full school backpack — is its mass on the 100-gram side of the line or the 10,000-gram side?","big=""Near 10,000 g"" | small=""Near 100 g"" | tiny=""Under 100 g""",big,"Near 10,000 g","A loaded backpack weighs a few kilograms — thousands of grams — landing far up toward the 10,000 mark, not near a small apple's 100.",KEEP,"Prediction precedes a direct causal model, retains the learner choice, and explains the observed outcome.",,,,,,,
measurement-data,3,md-02-02,i1,content/courses/measurement-data/lessons/md-02-02.json,estimateSlider,"A mop bucket, filled — MORE than 1 liter or LESS?","more=""Much more than 1 L"" | about=""About 1 L"" | less=""Less than 1 L""",more,Much more than 1 L,"One liter is a big drink bottle — a bucket swallows many bottles' worth, landing around ten liters on the line.",KEEP,"Prediction precedes a direct causal model, retains the learner choice, and explains the observed outcome.",,,,,,,
measurement-data,3,md-02-03,i2,content/courses/measurement-data/lessons/md-02-03.json,tapDiagram,"600 g of soup, some eaten. Before any exact math: could the amount LEFT ever be bigger than 600 g?","no=""No — never bigger than the start"" | yes=""Yes — it could be"" | depends=""Only exact math can tell""",no,No — never bigger than the start,Eating only removes soup — what's left must be smaller than what you started with. Size alone busts some answers before any arithmetic.,KEEP,"Prediction precedes a direct causal model, retains the learner choice, and explains the observed outcome.",,,,,,,
measurement-data,3,md-03-01,i2,content/courses/measurement-data/lessons/md-03-01.json,tapDiagram,Each 🍏 stands for 3 votes. How many apple symbols are worth 12 votes?,"four=""4 apples"" | twelve=""12 apples"" | three=""3 apples""",four,4 apples,"Every apple carries THREE votes, so 12 votes is four apples — reading symbols as single votes is the trap.",KEEP,"Prediction precedes a direct causal model, retains the learner choice, and explains the observed outcome.",,,,,,,
measurement-data,3,md-03-02,e1,content/courses/measurement-data/lessons/md-03-02.json,barBuilder,The axis counts by 5s. Building Blue's bar of 15 — how many steps will it take?,"three=""Exactly 3 steps"" | fifteen=""15 steps"" | cannot=""The axis can't show 15""",three,Exactly 3 steps,"Each step of this axis is worth FIVE — three steps carry the bar to 15. Reading the scale, not counting ticks as ones, is the game.",KEEP,"Prediction precedes a direct causal model, retains the learner choice, and explains the observed outcome.",,,,,,,
measurement-data,3,md-03-03,i1,content/courses/measurement-data/lessons/md-03-03.json,matchPairs,"'How many MORE does A have than B?' — do you read one bar, or compare two?","compare=""Compare two bars"" | tall=""Read the taller bar"" | add=""Add the two bars""",compare,Compare two bars,"'More than' is a gap question — it lives BETWEEN two bars, not inside either one. Subtracting their heights measures the gap.",REMOVE,The attached surface does not meet the direct-manipulation and visible-consequence threshold.,,,,,,,
measurement-data,3,md-03-04,i1,content/courses/measurement-data/lessons/md-03-04.json,matchPairs,"On a line plot of pencil lengths, what does each X stand for?","pencil=""One measured pencil"" | inch=""One inch of length"" | tick=""One tick on the ruler""",pencil,One measured pencil,"Every X is one pencil filed above its length — the plot counts THINGS at each value. Stack height tells how many pencils matched, not how long they are.",REMOVE,The attached surface does not meet the direct-manipulation and visible-consequence threshold.,,,,,,,
measurement-data,3,md-04-01,i1,content/courses/measurement-data/lessons/md-04-01.json,tapDiagram,"A rectangle tiled in unit squares. Will rows × columns give the count, or must you count squares one by one?","multiply=""Rows × columns gives it"" | count=""Only counting one by one works"" | add=""Rows + columns gives it""",multiply,Rows × columns gives it,The tiling is equal rows of equal squares — multiplying the rows by the columns counts every tile at once. Tap and check it.,KEEP,"Prediction precedes a direct causal model, retains the learner choice, and explains the observed outcome.",,,,,,,
measurement-data,3,md-04-02,e1,content/courses/measurement-data/lessons/md-04-02.json,areaModel,Is there more than one rectangle with an area of exactly 12 squares?,"yes=""Yes — several shapes work"" | no=""No — only one shape"" | square=""Only a square works""",yes,Yes — several shapes work,"12 splits into different factor pairs, and each pair is its own rectangle — one area, several honest shapes.",KEEP,"Prediction precedes a direct causal model, retains the learner choice, and explains the observed outcome.",,,,,,,
measurement-data,3,md-04-03,i1,content/courses/measurement-data/lessons/md-04-03.json,buildExpression,Splitting the 7 into 5 and 2 — does 6×5 plus 6×2 still cover the whole 6-by-7 rectangle?,"yes=""Yes — every square counted once"" | double=""No — some squares get counted twice"" | miss=""No — some squares go missing""",yes,Yes — every square counted once,"The cut shares out the columns — five to one piece, two to the other — and every square lands in exactly one piece. Break-apart multiplication is just careful bookkeeping.",REMOVE,The attached surface does not meet the direct-manipulation and visible-consequence threshold.,,,,,,,
measurement-data,3,md-04-04,i1,content/courses/measurement-data/lessons/md-04-04.json,matchPairs,"After cutting an L-shape into two rectangles, what's the LAST step?","add=""Add the two areas"" | multiply=""Multiply the two areas"" | sub=""Subtract the smaller from the bigger""",add,Add the two areas,"Each rectangle covers its own patch of the L — together they cover it all, so their areas add. Piece + piece = whole.",REMOVE,The attached surface does not meet the direct-manipulation and visible-consequence threshold.,,,,,,,
measurement-data,3,md-05-01,i1,content/courses/measurement-data/lessons/md-05-01.json,tapDiagram,Walking all the way around this 8-by-3 rectangle — how many times does each measurement get walked?,"twice=""The 8 and the 3 each get walked twice"" | once=""Each side length once"" | long=""Only the long sides count""",twice,The 8 and the 3 each get walked twice,A rectangle has two matching pairs — going around walks the 8 twice and the 3 twice. That doubling is what perimeter means.,KEEP,"Prediction precedes a direct causal model, retains the learner choice, and explains the observed outcome.",,,,,,,
measurement-data,3,md-05-03,i1,content/courses/measurement-data/lessons/md-05-03.json,matchPairs,Two rectangles share the same perimeter of 12. Must they also share the same AREA?,"no=""No — same fence, different yards"" | yes=""Yes — perimeter fixes area"" | square=""Only if one is a square""",no,"No — same fence, different yards",A fence of 12 can wrap a skinny 1-by-5 or a plump 3-by-3 — five squares versus nine. Perimeter and area answer different questions and move independently.,REMOVE,The attached surface does not meet the direct-manipulation and visible-consequence threshold.,,,,,,,
mult-div-fluency-g4,4,g4m-01-01,i1,content/courses/mult-div-fluency-g4/lessons/g4m-01-01.json,areaModel,"If 3 × 4 = 12, what is 30 × 4?","120=""120"" | 12=""Still 12""",120,120,"30 is three TENS, so the product is the basic fact taken ten times over.",KEEP,"Prediction precedes a direct causal model, retains the learner choice, and explains the observed outcome.",,,,,,,
mult-div-fluency-g4,4,g4m-01-02,i1,content/courses/mult-div-fluency-g4/lessons/g4m-01-02.json,areaModel,"Splitting 14 into 10 and 4, does the product change?","no=""No — the pieces add back"" | yes=""Yes — splitting loses some""",no,No — the pieces add back,"The two regions together ARE the rectangle: 60 + 24 = 84, exactly 14 × 6.",KEEP,"Prediction precedes a direct causal model, retains the learner choice, and explains the observed outcome.",,,,,,,
mult-div-fluency-g4,4,g4m-01-03,i1,content/courses/mult-div-fluency-g4/lessons/g4m-01-03.json,columnCalc,"Multiplying 1,342 × 3, how many columns get multiplied?","four=""All four"" | one=""Just the ones""",four,All four,"Every place of 1,342 is part of the number, so every place is multiplied by 3.",KEEP,"Prediction precedes a direct causal model, retains the learner choice, and explains the observed outcome.",,,,,,,
mult-div-fluency-g4,4,g4m-01-04,i1,content/courses/mult-div-fluency-g4/lessons/g4m-01-04.json,columnCalc,"In 487 × 6, the ones give 7 × 6 = 42. What stays in the ones column?","two=""2, and 4 tens carry"" | fortytwo=""42""",two,"2, and 4 tens carry","A column holds one digit. Forty-two is 4 tens and 2 ones — the 2 stays, the 4 tens move left.",KEEP,"Prediction precedes a direct causal model, retains the learner choice, and explains the observed outcome.",,,,,,,
mult-div-fluency-g4,4,g4m-01-05,i1,content/courses/mult-div-fluency-g4/lessons/g4m-01-05.json,areaModel,"Splitting both factors of 23 × 14, how many regions appear?","four=""Four"" | two=""Two""",four,Four,"Two pieces across times two pieces down makes four rectangles, and all four are real area.",KEEP,"Prediction precedes a direct causal model, retains the learner choice, and explains the observed outcome.",,,,,,,
mult-div-fluency-g4,4,g4m-01-06,i1,content/courses/mult-div-fluency-g4/lessons/g4m-01-06.json,areaModel,"In 26 × 18, what is the LARGEST partial product?","tens=""20 × 10 = 200"" | ones=""6 × 8 = 48""",tens,20 × 10 = 200,The tens-by-tens region is by far the biggest piece — which is why dropping it is the costliest mistake.,KEEP,"Prediction precedes a direct causal model, retains the learner choice, and explains the observed outcome.",,,,,,,
mult-div-fluency-g4,4,g4m-02-01,i1,content/courses/mult-div-fluency-g4/lessons/g4m-02-01.json,estimateSlider,"Estimating 38 × 52, which rounding helps most?","friendly=""40 × 50"" | none=""No rounding""",friendly,40 × 50,"Forty and fifty are friendly, and their product sits within a whisker of the exact 1,976.",KEEP,"Prediction precedes a direct causal model, retains the learner choice, and explains the observed outcome.",,,,,,,
mult-div-fluency-g4,4,g4m-02-02,i1,content/courses/mult-div-fluency-g4/lessons/g4m-02-02.json,estimateSlider,"Exact claim 2,822 against an estimate of 300. What follows?","wrong=""2,822 is wrong"" | ok=""It is fine""",wrong,"2,822 is wrong",Being an order of magnitude away is not estimation error — it is a place-value slip.,KEEP,"Prediction precedes a direct causal model, retains the learner choice, and explains the observed outcome.",,,,,,,
mult-div-fluency-g4,4,g4m-02-03,i1,content/courses/mult-div-fluency-g4/lessons/g4m-02-03.json,estimateSlider,"Dividing 936 ÷ 3, which place does the quotient start in?","h=""Hundreds"" | o=""Ones""",h,Hundreds,"Nine hundreds can be split three ways, so the quotient's first digit is a hundreds digit.",KEEP,"Prediction precedes a direct causal model, retains the learner choice, and explains the observed outcome.",,,,,,,
mult-div-fluency-g4,4,g4m-02-04,i1,content/courses/mult-div-fluency-g4/lessons/g4m-02-04.json,estimateSlider,"Taking 200 fours out of 852 first, is that legal?","yes=""Yes — any size chunk"" | no=""No — one at a time""",yes,Yes — any size chunk,"800 fits inside 852, so the chunk is legal — and it does most of the work in a single step.",KEEP,"Prediction precedes a direct causal model, retains the learner choice, and explains the observed outcome.",,,,,,,
mult-div-fluency-g4,4,g4m-02-05,i1,content/courses/mult-div-fluency-g4/lessons/g4m-02-05.json,columnCalc,"Dividing 504 ÷ 6, can the hundreds be divided first?","no=""No — 5 is less than 6"" | yes=""Yes — always start left""",no,No — 5 is less than 6,"Five hundreds cannot make a group of six, so those hundreds join the tens and division begins there.",KEEP,"Prediction precedes a direct causal model, retains the learner choice, and explains the observed outcome.",,,,,,,
mult-div-fluency-g4,4,g4m-03-01,i1,content/courses/mult-div-fluency-g4/lessons/g4m-03-01.json,estimateSlider,"Estimating 3,612 ÷ 6, which friendly dividend helps?","3600=""3,600"" | 3000=""3,000""",3600,"3,600","3,600 is both close to 3,612 and cleanly divisible by 6, giving 600 on sight.",KEEP,"Prediction precedes a direct causal model, retains the learner choice, and explains the observed outcome.",,,,,,,
mult-div-fluency-g4,4,g4m-03-02,i1,content/courses/mult-div-fluency-g4/lessons/g4m-03-02.json,numberLineHop,"Dividing 47 by 6, can the remainder be 8?","no=""No — 8 is bigger than 6"" | yes=""Yes""",no,No — 8 is bigger than 6,"A remainder of 8 still contains a whole group of 6, so the quotient was counted one too low.",KEEP,"Prediction precedes a direct causal model, retains the learner choice, and explains the observed outcome.",,,,,,,
mult-div-fluency-g4,4,g4m-03-03,i1,content/courses/mult-div-fluency-g4/lessons/g4m-03-03.json,numberLineHop,"53 hikers, vans of 8, everyone must ride. How many vans?","seven=""7"" | six=""6""",seven,7,"Six vans carry 48 and leave five behind — those five need a seventh van, even a mostly empty one.",KEEP,"Prediction precedes a direct causal model, retains the learner choice, and explains the observed outcome.",,,,,,,
mult-div-fluency-g4,4,g4m-03-04,i1,content/courses/mult-div-fluency-g4/lessons/g4m-03-04.json,estimateSlider,"Estimating 2,437 ÷ 5, which friendly dividend helps?","2500=""2,500"" | 2000=""2,000""",2500,"2,500","2,500 is closest to 2,437 among the multiples of 5 that divide cleanly, giving 500.",KEEP,"Prediction precedes a direct causal model, retains the learner choice, and explains the observed outcome.",,,,,,,
mult-div-fluency-g4,4,g4m-03-05,i1,content/courses/mult-div-fluency-g4/lessons/g4m-03-05.json,columnCalc,You found 852 ÷ 4 = 213. Which product should rebuild 852?,"back=""213 × 4"" | fwd=""852 × 4""",back,213 × 4,The quotient times the divisor reconstructs the dividend — that is exactly what division took apart.,KEEP,"Prediction precedes a direct causal model, retains the learner choice, and explains the observed outcome.",,,,,,,
mult-fluency-g3,3,mf3-01-01,i1,content/courses/mult-fluency-g3/lessons/mf3-01-01.json,areaModel,You will build 2 rows of 6. How many squares will the array hold?,"d=""12 — double 6"" | s=""8 — 6 plus 2"" | n=""6 — one row's worth""",d,12 — double 6,Two equal rows of 6 means 6 + 6 = 12. Multiplying by 2 doubles the group size.,KEEP,"Prediction precedes a direct causal model, retains the learner choice, and explains the observed outcome.",,,,,,,
mult-fluency-g3,3,mf3-01-02,i1,content/courses/mult-fluency-g3/lessons/mf3-01-02.json,areaModel,You will build 3 rows of 7. Which is closest to the total?,"a=""21"" | b=""10"" | c=""37""",a,21,"Three groups of 7: 7, 14, 21. Adding the factors would give 10; the array shows why that is far too small.",KEEP,"Prediction precedes a direct causal model, retains the learner choice, and explains the observed outcome.",,,,,,,
mult-fluency-g3,3,mf3-01-03,i1,content/courses/mult-fluency-g3/lessons/mf3-01-03.json,areaModel,2 × 6 = 12. What will 4 × 6 be?,"d=""24 — double it again"" | s=""14 — add 2 more"" | t=""18 — add another 6""",d,24 — double it again,Doubling the number of groups doubles the product: 4 × 6 is double 2 × 6 = 24.,KEEP,"Prediction precedes a direct causal model, retains the learner choice, and explains the observed outcome.",,,,,,,
mult-fluency-g3,3,mf3-01-04,i1,content/courses/mult-fluency-g3/lessons/mf3-01-04.json,areaModel,Every ×5 product ends in which digits?,"a=""5 or 0"" | b=""always 5"" | c=""any digit""",a,5 or 0,Odd groups of 5 end in 5; even groups end in 0. The pattern checks an answer but does not name it.,KEEP,"Prediction precedes a direct causal model, retains the learner choice, and explains the observed outcome.",,,,,,,
mult-fluency-g3,3,mf3-01-05,i1,content/courses/mult-fluency-g3/lessons/mf3-01-05.json,areaModel,What is 10 × 7?,"a=""70 — seven tens"" | b=""17 — ten plus seven"" | c=""7 — unchanged""",a,70 — seven tens,"Ten groups of 7 is 7 tens = 70. Adding the factors gives 17, which is only one group plus ten.",KEEP,"Prediction precedes a direct causal model, retains the learner choice, and explains the observed outcome.",,,,,,,
mult-fluency-g3,3,mf3-01-06,i1,content/courses/mult-fluency-g3/lessons/mf3-01-06.json,areaModel,What is special about the array for 6 × 6?,"a=""Its rows and columns match"" | b=""It has only one row"" | c=""It cannot be built""",a,Its rows and columns match,Multiplying a number by itself gives an array as tall as it is wide — a square.,KEEP,"Prediction precedes a direct causal model, retains the learner choice, and explains the observed outcome.",,,,,,,
mult-fluency-g3,3,mf3-02-01,i1,content/courses/mult-fluency-g3/lessons/mf3-02-01.json,areaModel,3 × 7 = 21. What will 6 × 7 be?,"d=""42 — double 21"" | s=""24 — add 3"" | t=""28 — add 7""",d,42 — double 21,Doubling the group count doubles the product: 6 × 7 is double 3 × 7 = 42.,KEEP,"Prediction precedes a direct causal model, retains the learner choice, and explains the observed outcome.",,,,,,,
mult-fluency-g3,3,mf3-02-02,i1,content/courses/mult-fluency-g3/lessons/mf3-02-02.json,areaModel,7 × 4 = 28. What will 7 × 8 be?,"d=""56 — double 28"" | s=""32 — add 4"" | t=""35 — add 7""",d,56 — double 28,Doubling one factor doubles the product: 7 × 8 is double 7 × 4 = 56.,KEEP,"Prediction precedes a direct causal model, retains the learner choice, and explains the observed outcome.",,,,,,,
mult-fluency-g3,3,mf3-02-03,i1,content/courses/mult-fluency-g3/lessons/mf3-02-03.json,areaModel,4 × 6 = 24. What will 8 × 6 be?,"d=""48 — double 24"" | s=""28 — add 4"" | t=""30 — add 6""",d,48 — double 24,Doubling the number of groups doubles the product: 8 × 6 = 48.,KEEP,"Prediction precedes a direct causal model, retains the learner choice, and explains the observed outcome.",,,,,,,
mult-fluency-g3,3,mf3-02-04,i1,content/courses/mult-fluency-g3/lessons/mf3-02-04.json,areaModel,10 × 7 = 70. What will 9 × 7 be?,"d=""63 — one group of 7 less"" | s=""69 — one less"" | t=""60 — ten less""",d,63 — one group of 7 less,"One fewer GROUP means 7 fewer, not 1 fewer: 70 − 7 = 63.",KEEP,"Prediction precedes a direct causal model, retains the learner choice, and explains the observed outcome.",,,,,,,
mult-fluency-g3,3,mf3-02-05,i1,content/courses/mult-fluency-g3/lessons/mf3-02-05.json,areaModel,Why are facts like 7 × 8 harder than 5 × 8?,"a=""They have no skip-count shortcut"" | b=""Their products are odd"" | c=""They break multiplication rules""",a,They have no skip-count shortcut,"×5 and ×10 have digit patterns; ×6 through ×9 do not, so these need direct recall or a derived step.",KEEP,"Prediction precedes a direct causal model, retains the learner choice, and explains the observed outcome.",,,,,,,
mult-fluency-g3,3,mf3-02-06,i1,content/courses/mult-fluency-g3/lessons/mf3-02-06.json,areaModel,5 × 7 = 35. What is 6 × 7?,"a=""42 — add one more 7"" | b=""36 — add one"" | c=""40 — add 5""",a,42 — add one more 7,"One more GROUP adds 7, not 1: 35 + 7 = 42.",KEEP,"Prediction precedes a direct causal model, retains the learner choice, and explains the observed outcome.",,,,,,,
mult-fluency-g3,3,mf3-03-01,i1,content/courses/mult-fluency-g3/lessons/mf3-03-01.json,areaModel,Why is mixed practice harder than one table in order?,"a=""You cannot predict the next answer"" | b=""The facts are different ones"" | c=""The numbers get bigger""",a,You cannot predict the next answer,In a table each product is the last plus the group size. Mixed order removes that crutch and tests real recall.,KEEP,"Prediction precedes a direct causal model, retains the learner choice, and explains the observed outcome.",,,,,,,
mult-fluency-g3,3,mf3-03-02,i1,content/courses/mult-fluency-g3/lessons/mf3-03-02.json,areaModel,A fact you have to skip-count to reach — is it fluent yet?,"a=""Not yet — fluent means immediate"" | b=""Yes, the answer is right"" | c=""Only for small facts""",a,Not yet — fluent means immediate,"A correct answer reached by counting is real understanding, but fluency means recall without the detour.",KEEP,"Prediction precedes a direct causal model, retains the learner choice, and explains the observed outcome.",,,,,,,
mult-fluency-g3,3,mf3-03-03,i1,content/courses/mult-fluency-g3/lessons/mf3-03-03.json,areaModel,Which facts deserve the most practice?,"a=""The ones that still need working out"" | b=""The ones already automatic"" | c=""All of them equally""",a,The ones that still need working out,Practice is worth most where recall is slowest. Facts already automatic gain little from repetition.,KEEP,"Prediction precedes a direct causal model, retains the learner choice, and explains the observed outcome.",,,,,,,
mult-fluency-g3,3,mf3-03-04,i1,content/courses/mult-fluency-g3/lessons/mf3-03-04.json,areaModel,6 × ? = 42. How do you find the missing factor?,"a=""Divide 42 by 6"" | b=""Subtract 6 from 42"" | c=""Add 6 to 42""",a,Divide 42 by 6,"Division undoes multiplication, so the missing factor is 42 ÷ 6 = 7.",KEEP,"Prediction precedes a direct causal model, retains the learner choice, and explains the observed outcome.",,,,,,,
mult-fluency-g3,3,mf3-03-05,i1,content/courses/mult-fluency-g3/lessons/mf3-03-05.json,areaModel,6 × 7 = 42. How many other facts does that give you free?,"a=""Three — one more product and two quotients"" | b=""None"" | c=""One""",a,Three — one more product and two quotients,"The family holds 6×7=42, 7×6=42, 42÷6=7 and 42÷7=6 — four facts from one relationship.",KEEP,"Prediction precedes a direct causal model, retains the learner choice, and explains the observed outcome.",,,,,,,
mult-fluency-g3,3,mf3-03-06,i1,content/courses/mult-fluency-g3/lessons/mf3-03-06.json,areaModel,"After all this practice, what is left to work on?","a=""The few facts still not automatic"" | b=""Every fact, from the start"" | c=""Nothing""",a,The few facts still not automatic,Most of the table is now recall. Fluency work narrows to the specific facts that still need a detour.,KEEP,"Prediction precedes a direct causal model, retains the learner choice, and explains the observed outcome.",,,,,,,
multiplication-division,3,mult-01-01,i1,content/courses/multiplication-division/lessons/mult-01-01.json,slider,Each bag holds 4 apples. Before you pack: how many bags will 20 apples fill?,"five=""5 bags"" | four=""4 bags"" | sixteen=""16 bags""",five,5 bags,"Five bags of 4 — the slider counts GROUPS, and 5 groups of 4 is the multiplication 5 × 4 = 20. Groups-of is what the × sign means.",KEEP,"Prediction precedes a direct causal model, retains the learner choice, and explains the observed outcome.",,,,,,,
multiplication-division,3,mult-01-02,i1,content/courses/multiplication-division/lessons/mult-01-02.json,slider,Each row fits 5 cars. Guess first: how many rows until exactly 15 cars are parked?,"three=""3 rows"" | five=""5 rows"" | ten=""10 rows""",three,3 rows,Three rows of 5 make 15 — and the finished lot IS a 3 × 5 array. Rows × row-size counts everything without counting by ones.,KEEP,"Prediction precedes a direct causal model, retains the learner choice, and explains the observed outcome.",,,,,,,
multiplication-division,3,mult-01-03,i1,content/courses/multiplication-division/lessons/mult-01-03.json,dragOrder,Counting by 2s — each next number is…,"add=""2 more than the last"" | double=""Double the last"" | depends=""It depends on where you start""",add,2 more than the last,"Skip counting climbs by a fixed step: 2, 4, 6, 8 — each adds 2. Doubling would race away to 2, 4, 8, 16: a much steeper ladder. Same start, very different climbs.",REMOVE,The attached surface does not meet the direct-manipulation and visible-consequence threshold.,,,,,,,
multiplication-division,3,mult-01-04,i1,content/courses/multiplication-division/lessons/mult-01-04.json,slider,The frog hops 3 spaces at a time. Predict: how many hops to land exactly on 12?,"four=""4 hops"" | three=""3 hops"" | nine=""9 hops""",four,4 hops,"Four hops of 3 land on 3, 6, 9, 12 — equal jumps on the line ARE multiplication: 4 × 3 = 12, drawn as distance.",KEEP,"Prediction precedes a direct causal model, retains the learner choice, and explains the observed outcome.",,,,,,,
multiplication-division,3,mult-01-05,i1,content/courses/multiplication-division/lessons/mult-01-05.json,steppedReveal,Turn a 2 × 5 array on its side and it reads 5 × 2. Does the dot count change?,"no=""No — same dots, new viewpoint"" | more=""Yes — there are more rows now"" | square=""Only square arrays stay equal""",no,"No — same dots, new viewpoint",Rotating rearranges nothing: the same 10 dots are just read as 5 columns of 2. That's the whole proof that 2 × 5 = 5 × 2 — every fact you learn buys its twin for free.,REMOVE,The attached surface does not meet the direct-manipulation and visible-consequence threshold.,,,,,,,
multiplication-division,3,mult-02-01,i1,content/courses/multiplication-division/lessons/mult-02-01.json,plotPoint,"Dealing one sticker to each of the 3 kids per round, 12 stickers last for…","four=""4 rounds — that's 12 ÷ 3"" | nine=""9 rounds — 12 minus 3"" | thirtysix=""36 rounds""",four,4 rounds — that's 12 ÷ 3,"Each round spends 3 stickers, so 12 stickers fund 12 ÷ 3 = 4 full rounds. Fair sharing IS division — dealt out one lap at a time until the pile runs dry.",KEEP,"Prediction precedes a direct causal model, retains the learner choice, and explains the observed outcome.",,,,,,,
multiplication-division,3,mult-02-02,i1,content/courses/multiplication-division/lessons/mult-02-02.json,slider,"You'll pack 12 eggs into boxes of 4. If the boxes instead held MORE eggs each, you'd need…","fewer=""Fewer boxes — each box swallows more"" | more=""More boxes — more eggs per box means more boxes""",fewer,Fewer boxes — each box swallows more,Bigger groups means fewer groups: 12 eggs fill 3 boxes of 4 but only 2 boxes of 6. The total never changes — group size and group count trade off against each other. That trade IS division.,KEEP,"Prediction precedes a direct causal model, retains the learner choice, and explains the observed outcome.",,,,,,,
multiplication-division,3,mult-02-03,i1,content/courses/multiplication-division/lessons/mult-02-03.json,steppedReveal,Before the reveal: 12 ÷ 4 asks the same question as which multiplication?,"blank4=""__ × 4 = 12"" | 12x4=""12 × 4 = __"" | 4minus=""12 − 4 = __""",blank4,__ × 4 = 12,"Division is a missing-factor hunt: 12 ÷ 4 means ""what times 4 makes 12?"" — the same fact family, read from a different side.",REMOVE,The attached surface does not meet the direct-manipulation and visible-consequence threshold.,,,,,,,
multiplication-division,3,mult-02-04,i1,content/courses/multiplication-division/lessons/mult-02-04.json,matchPairs,How many DIVISION facts share the family of 3 × 4 = 12?,"two=""Two: 12 ÷ 4 = 3 and 12 ÷ 3 = 4"" | one=""Just one"" | none=""None — division has its own families""",two,Two: 12 ÷ 4 = 3 and 12 ÷ 3 = 4,"One array, two ways to split it: 12 ÷ 4 = 3 and 12 ÷ 3 = 4. A fact family is a single triangle of numbers — 3, 4, 12 — read in different directions.",REMOVE,The attached surface does not meet the direct-manipulation and visible-consequence threshold.,,,,,,,
multiplication-division,3,mult-02-05,i2,content/courses/multiplication-division/lessons/mult-02-05.json,dragBucket,6 × 0 and 6 × 1 — will these two land in the same bucket?,"no=""No — one keeps the 6, the other erases it"" | yes=""Yes — both leave the 6 alone""",no,"No — one keeps the 6, the other erases it","×1 hands back exactly what it was given — one group of 6 is 6. ×0 makes ZERO groups of 6: nothing at all. The two strangers look like neighbors but do opposite jobs: one is the identity, the other the annihilator.",REMOVE,The attached surface does not meet the direct-manipulation and visible-consequence threshold.,,,,,,,
multiplication-division,3,mult-03-01,i1,content/courses/multiplication-division/lessons/mult-03-01.json,dragBucket,One of the cards to sort is 7 + 8. Does it count as a double?,"no=""No — the two parts differ"" | yes=""Yes — 7 and 8 are neighbors""",no,No — the two parts differ,A double needs both parts identical: 7 + 7 or 8 + 8. 7 + 8 is a NEAR double — one more than 7 + 7 — and spotting that difference is exactly how doubles will help you solve it later.,REMOVE,The attached surface does not meet the direct-manipulation and visible-consequence threshold.,,,,,,,
multiplication-division,3,mult-03-02,i1,content/courses/multiplication-division/lessons/mult-03-02.json,estimateSlider,32 classrooms of about 10 kids each — the total lands between…,"mid=""100 and 1,000"" | low=""10 and 100"" | high=""1,000 and 10,000""",mid,"100 and 1,000","32 × 10 = 320 — a three-digit answer, parked between 100 and 1,000. Multiplying by ten slides a number one whole tick along this line: that power-of-ten skeleton is what every estimate hangs on.",KEEP,"Prediction precedes a direct causal model, retains the learner choice, and explains the observed outcome.",,,,,,,
multiplication-division,3,mult-03-03,i2,content/courses/multiplication-division/lessons/mult-03-03.json,dragOrder,Doubling 3 three times (3 → 6 → 12 → 24) is the same as multiplying 3 by…,"eight=""8"" | six=""6"" | nine=""9""",eight,8,"Double, double, double is ×2 · ×2 · ×2 = ×8 — so 3 × 8 = 24 without ever knowing your 8s. Doubling just twice is the same trick for ×4.",REMOVE,The attached surface does not meet the direct-manipulation and visible-consequence threshold.,,,,,,,
multiplication-division,3,mult-03-04,i1,content/courses/multiplication-division/lessons/mult-03-04.json,matchPairs,Before matching: the digits of every ×9 answer on the board will add up to…,"nine=""9, every single time"" | small=""9 only for the small facts"" | none=""No fixed total""",nine,"9, every single time","9 is one less than ten: 9 × n = 10n − n, so the tens digit is n − 1 and the ones digit fills the rest of the way to 9. The digits always total 9 — that sum is your built-in answer checker.",REMOVE,The attached surface does not meet the direct-manipulation and visible-consequence threshold.,,,,,,,
multiplication-division,3,mult-03-05,i1,content/courses/multiplication-division/lessons/mult-03-05.json,steppedReveal,8 × 7 split into 8 × 5 + 8 × 2 — does splitting change the answer?,"no=""No — 40 + 16 still makes 56"" | lose=""Yes — splitting loses some"" | even=""It only works for even numbers""",no,No — 40 + 16 still makes 56,Cutting the 7 into 5 + 2 just slices the array down the middle: 8 × 5 = 40 and 8 × 2 = 16 rebuild the whole 56. Break-apart works because the two pieces still cover every row.,REMOVE,The attached surface does not meet the direct-manipulation and visible-consequence threshold.,,,,,,,
multiplication-division,3,mult-04-02,i1,content/courses/multiplication-division/lessons/mult-04-02.json,matchPairs,'15 pens split evenly into 3 boxes' — which number is the story missing?,"size=""The size of each group"" | count=""The number of groups"" | total=""The total""",size,The size of each group,The total (15) and the group count (3 boxes) are given; how many pens land in EACH box is the hole. Division stories always leave exactly one slot empty — naming the slot is what picks the equation.,REMOVE,The attached surface does not meet the direct-manipulation and visible-consequence threshold.,,,,,,,
multiplication-division,3,mult-04-03,i1,content/courses/multiplication-division/lessons/mult-04-03.json,steppedReveal,"In the equation 3 × n = 12, the letter n is…","fixed=""One specific number wearing a name tag — here, 4"" | any=""Any number you like"" | letter=""Worth 14, its spot in the alphabet""",fixed,"One specific number wearing a name tag — here, 4","n names the ONE number that makes the story true: 3 × 4 = 12, so n = 4. A letter in an equation isn't a wildcard — it's a fixed unknown waiting to be caught.",REMOVE,The attached surface does not meet the direct-manipulation and visible-consequence threshold.,,,,,,,
multiplication-division,3,mult-04-04,i1,content/courses/multiplication-division/lessons/mult-04-04.json,dragOrder,"Ella buys 3 packs of 4 pencils, then gives 5 away. Which operation comes FIRST?","mult=""Multiply: 3 × 4"" | sub=""Subtract: take the 5 away"" | either=""Either order — same answer""",mult,Multiply: 3 × 4,"You can't give away pencils you haven't counted: first 3 × 4 = 12, then 12 − 5 = 7. The story sets the order — subtracting first would mean taking 5 from a single pack of 4.",REMOVE,The attached surface does not meet the direct-manipulation and visible-consequence threshold.,,,,,,,
multiplication-division,3,mult-04-05,i1,content/courses/multiplication-division/lessons/mult-04-05.json,dragBucket,24 ÷ 4 = 96 — before any math: can splitting 24 into groups give MORE than 24?,"no=""No — sharing can't grow the pile"" | some=""Yes, sometimes"" | big=""Only with big divisors""",no,No — sharing can't grow the pile,"Splitting 24 among 4 groups leaves each group with less than the whole pile — 96 is four times too big (it's 24 × 4, the multiplication in disguise). A size check catches the flip before any computing starts.",REMOVE,The attached surface does not meet the direct-manipulation and visible-consequence threshold.,,,,,,,
multiplication-division,3,mult-05-01,i1,content/courses/multiplication-division/lessons/mult-05-01.json,plotPoint,"In an addition table, where do the doubles (1+1, 2+2, 3+3, …) live?","diag=""On the main diagonal"" | col=""Down the first column"" | scatter=""Scattered with no pattern""",diag,On the main diagonal,Doubles happen exactly where the row number equals the column number — a straight diagonal line. Patterns in the table are geometry: same-plus-same draws a line you can point at.,KEEP,"Prediction precedes a direct causal model, retains the learner choice, and explains the observed outcome.",,,,,,,
multiplication-division,3,mult-05-02,i1,content/courses/multiplication-division/lessons/mult-05-02.json,tapDiagram,A SQUARE number is something times itself. Is 6 one?,"no=""No — 6 is 2 × 3, two different factors"" | add=""Yes — 6 is 3 + 3"" | even=""Yes — it's even""",no,"No — 6 is 2 × 3, two different factors","6 only splits as 2 × 3 — different factors make a rectangle, never a square. 4 = 2 × 2, 9 = 3 × 3 and 16 = 4 × 4 are the true squares here; 3 + 3 is doubling, not squaring.",KEEP,"Prediction precedes a direct causal model, retains the learner choice, and explains the observed outcome.",,,,,,,
multiplication-division,3,mult-05-03,i1,content/courses/multiplication-division/lessons/mult-05-03.json,dragBucket,"4 × 7 is on one card. Without multiplying, its product must be…","even=""Even — one even factor forces it"" | odd=""Odd — the odd factor decides"" | unknown=""Impossible to tell without computing""",even,Even — one even factor forces it,"4 × 7 is seven groups of an EVEN number — every group is made of pairs, and stacking groups keeps every pair intact. One even factor makes the whole product even, and that single rule sorts every card without any arithmetic.",REMOVE,The attached surface does not meet the direct-manipulation and visible-consequence threshold.,,,,,,,
multiplication-division,3,mult-05-04,i1,content/courses/multiplication-division/lessons/mult-05-04.json,plotPoint,"Counting 1–20 in rows of five, where do the multiples of 5 land?","col=""Stacked in the last column"" | diag=""Along a diagonal"" | random=""Scattered randomly""",col,Stacked in the last column,"Every fifth number finishes a row, so 5, 10, 15, 20 stack in one straight column. Multiples make stripes whenever the chart's width matches the skip — change the width and the stripe tilts.",KEEP,"Prediction precedes a direct causal model, retains the learner choice, and explains the observed outcome.",,,,,,,
multiply-bigger,4,mb-01-01,i1,content/courses/multiply-bigger/lessons/mb-01-01.json,slider,Maya's bar must be 3 TIMES as long as Leo's 4. Is that the same as 3 MORE than Leo's?,"longer=""No — times makes it longer than adding"" | same=""Yes — it's the same thing"" | shorter=""No — times makes it shorter""",longer,No — times makes it longer than adding,Three MORE would reach just 7 — but three TIMES copies Leo's whole bar again and again. Multiplying grows far faster than adding.,KEEP,"Prediction precedes a direct causal model, retains the learner choice, and explains the observed outcome.",,,,,,,
multiply-bigger,4,mb-01-02,i1,content/courses/multiply-bigger/lessons/mb-01-02.json,buildExpression,'The oak (40 ft) is 5 times as tall as the sapling s.' Which equation matches?,"oak=""40 = 5 × s — the oak equals five saplings"" | sap=""s = 5 × 40 — the sapling gets the 5"" | even=""40 = s — they're really equal""",oak,40 = 5 × s — the oak equals five saplings,"The oak is the BIG one, so it weighs in as five saplings: 40 = 5 × s, giving s = 8. Writing s = 5 × 40 grows the sapling to 200 ft — the classic reversal in comparison stories.",REMOVE,The attached surface does not meet the direct-manipulation and visible-consequence threshold.,,,,,,,
multiply-bigger,4,mb-01-03,i1,content/courses/multiply-bigger/lessons/mb-01-03.json,dragBucket,'3 MORE marbles' and '3 TIMES the marbles' — the same amount?,"no=""No — copies beat additions"" | yes=""Yes — both are about 3"" | times=""No — 'times' gives less""",no,No — copies beat additions,'More' stacks three extra marbles on the pile; 'times' rebuilds the WHOLE pile three times over. The two phrases part ways fast as numbers grow.,REMOVE,The attached surface does not meet the direct-manipulation and visible-consequence threshold.,,,,,,,
multiply-bigger,4,mb-02-01,i1,content/courses/multiply-bigger/lessons/mb-02-01.json,tapDiagram,Two DIFFERENT rectangles can both use exactly 12 tiles with none left over — true or false?,"true=""True"" | false=""False — only one shape fits 12""",true,True,"12 breaks into more than one factor pair, and every pair is its own rectangle — the same total, several honest shapes.",KEEP,"Prediction precedes a direct causal model, retains the learner choice, and explains the observed outcome.",,,,,,,
multiply-bigger,4,mb-02-02,i1,content/courses/multiply-bigger/lessons/mb-02-02.json,tapDiagram,Skip-counting by 5 — which digits can a landing spot END in?,"zerofive=""Only 0 or 5"" | five=""Only 5"" | even=""Any even digit""",zerofive,Only 0 or 5,"Fives land 5, 10, 15, 20… — the ones digit flips between 5 and 0 forever. That last digit is the whole test.",KEEP,"Prediction precedes a direct causal model, retains the learner choice, and explains the observed outcome.",,,,,,,
multiply-bigger,4,mb-02-03,i2,content/courses/multiply-bigger/lessons/mb-02-03.json,tapDiagram,Can an ODD number still fail to be prime?,"yes=""Yes — odd doesn't mean prime"" | no=""No — every odd number is prime""",yes,Yes — odd doesn't mean prime,"Odd only means not divisible by 2 — an odd number can still split other ways, like 21 into 3 × 7. Prime demands exactly two factors.",KEEP,"Prediction precedes a direct causal model, retains the learner choice, and explains the observed outcome.",,,,,,,
multiply-bigger,4,mb-03-01,i1,content/courses/multiply-bigger/lessons/mb-03-01.json,slider,Three jumps of 40 — before you slide: will you land past 100 or before 100?,"past=""Past 100"" | before=""Before 100"" | on=""Exactly on 100""",past,Past 100,Two jumps of 40 reach 80 and the third adds forty more — three 40s carry you past the hundred mark.,KEEP,"Prediction precedes a direct causal model, retains the learner choice, and explains the observed outcome.",,,,,,,
multiply-bigger,4,mb-03-02,i1,content/courses/multiply-bigger/lessons/mb-03-02.json,buildExpression,Breaking 6 × 34 into 6 × 30 + 6 × 4: why must BOTH pieces keep the 6?,"all=""Every part of 34 gets its 6 groups"" | one=""They don't — one 6 is enough"" | looks=""Just to keep it looking balanced""",all,Every part of 34 gets its 6 groups,"34 is 30 + 4, and the array is 6 tall the whole way across — the 30 needs its 6 rows AND the 4 needs its 6 rows: 180 + 24 = 204. Dropping a 6 leaves part of the array uncounted.",REMOVE,The attached surface does not meet the direct-manipulation and visible-consequence threshold.,,,,,,,
multiply-bigger,4,mb-03-03,i1,content/courses/multiply-bigger/lessons/mb-03-03.json,tapDiagram,The grid splits 23 × 45 by place value. How many separate multiplications will it break into?,"four=""Four"" | two=""Two"" | one=""Just one""",four,Four,"Each part of 23 meets each part of 45 — tens × tens, tens × ones, ones × tens, ones × ones. Four rectangles, then one big sum.",KEEP,"Prediction precedes a direct causal model, retains the learner choice, and explains the observed outcome.",,,,,,,
multiply-bigger,4,mb-04-01,i1,content/courses/multiply-bigger/lessons/mb-04-01.json,dragBucket,What makes a division come out perfectly EVEN?,"multiple=""The total is a multiple of the group size"" | even=""The total is an even number"" | small=""The divisor is small""",multiple,The total is a multiple of the group size,"Even splits happen when the group size fits the total a whole number of times — 12 by 4, clean; 13 by 4, one left over. Multiples, not evenness, decide it.",REMOVE,The attached surface does not meet the direct-manipulation and visible-consequence threshold.,,,,,,,
multiply-bigger,4,mb-04-02,i1,content/courses/multiply-bigger/lessons/mb-04-02.json,buildExpression,Splitting 84 ÷ 4 into 80 ÷ 4 + 4 ÷ 4 — why split at 80?,"friendly=""Because 80 ÷ 4 is instant — the split is chosen for friendliness"" | only=""Because only 80 + 4 makes the math come out right"" | tens=""Because 4 can only divide tens""",friendly,Because 80 ÷ 4 is instant — the split is chosen for friendliness,"Any split of 84 obeys the distributive law — but 80 + 4 is the friendly one: 80 ÷ 4 = 20 and 4 ÷ 4 = 1 are both instant, so 84 ÷ 4 = 21. Break-apart division is the art of choosing pieces the divisor likes.",REMOVE,The attached surface does not meet the direct-manipulation and visible-consequence threshold.,,,,,,,
multiply-bigger,4,mb-04-03,i1,content/courses/multiply-bigger/lessons/mb-04-03.json,dragBucket,"27 kids, and each car holds 4. Does the remainder mean you SKIP a car or ADD one?","addcar=""Add one — everyone rides"" | skip=""Skip it — drop the leftovers"" | half=""Send half a car""",addcar,Add one — everyone rides,"Three leftover kids still need seats — the context rounds UP. The same remainder gets dropped, rounded, or reported depending on what the story demands.",REMOVE,The attached surface does not meet the direct-manipulation and visible-consequence threshold.,,,,,,,
multiply-bigger,4,mb-05-01,i1,content/courses/multiply-bigger/lessons/mb-05-01.json,dragBucket,"The pattern 3, 6, 12, 24 — is its rule ADD 3 or DOUBLE?","double=""Double each time"" | add=""Add 3 each time"" | both=""Both rules fit""",double,Double each time,"Add-3 explains only the first step — 6 to 12 breaks it, doubling doesn't. A rule earns the name only by fitting EVERY step of the pattern.",REMOVE,The attached surface does not meet the direct-manipulation and visible-consequence threshold.,,,,,,,
multiply-bigger,4,mb-05-02,i1,content/courses/multiply-bigger/lessons/mb-05-02.json,dragOrder,"'A rabbit eats 7' — does that happen to the number of ROWS, or to the running TOTAL?","total=""The running total"" | rows=""The number of rows"" | anywhere=""It can slot in anywhere""",total,The running total,"The rabbit eats plants, not rows — its 7 comes off the total AFTER the planting is counted. Multi-step stories care deeply about what each step acts on.",REMOVE,The attached surface does not meet the direct-manipulation and visible-consequence threshold.,,,,,,,
multistep-g4,4,g4s-01-01,i1,content/courses/multistep-g4/lessons/g4s-01-01.json,barBuilder,"7 packs of 8, then 12 lost. Is it 7 × (8 − 12)?","no=""No — (7 × 8) − 12"" | yes=""Yes""",no,No — (7 × 8) − 12,Removing 12 from every pack would empty them; the twelve come off the whole collection once.,KEEP,"Prediction precedes a direct causal model, retains the learner choice, and explains the observed outcome.",,,,,,,
multistep-g4,4,g4s-01-02,i1,content/courses/multistep-g4/lessons/g4s-01-02.json,estimateSlider,"6 boxes of 9, 14 out, 20 in. Which order?","mult=""Multiply, subtract, add"" | add=""Add, multiply, subtract""",mult,"Multiply, subtract, add","The 20 arrive last, so adding them first would multiply them by the box count too.",KEEP,"Prediction precedes a direct causal model, retains the learner choice, and explains the observed outcome.",,,,,,,
multistep-g4,4,g4s-01-03,i1,content/courses/multistep-g4/lessons/g4s-01-03.json,barBuilder,45 m versus 9 m — how many TIMES as long?,"five=""5 times"" | thirtysix=""36 times""",five,5 times,36 is how many metres LONGER; the factor is 45 ÷ 9 = 5.,KEEP,"Prediction precedes a direct causal model, retains the learner choice, and explains the observed outcome.",,,,,,,
multistep-g4,4,g4s-02-01,i1,content/courses/multistep-g4/lessons/g4s-02-01.json,numberLineHop,"74 hikers, buses of 9, everyone rides. How many buses?","nine=""9"" | eight=""8""",nine,9,Eight buses carry 72 and leave two behind — those two need a ninth bus.,KEEP,"Prediction precedes a direct causal model, retains the learner choice, and explains the observed outcome.",,,,,,,
multistep-g4,4,g4s-02-02,i1,content/courses/multistep-g4/lessons/g4s-02-02.json,areaModel,"In 7 × n = 56, what does n stand for?","side=""The missing side"" | area=""The area""",side,The missing side,56 is already the area; the letter holds the factor that pairs with 7 to produce it.,KEEP,"Prediction precedes a direct causal model, retains the learner choice, and explains the observed outcome.",,,,,,,
multistep-g4,4,g4s-02-03,i1,content/courses/multistep-g4/lessons/g4s-02-03.json,estimateSlider,"Estimating 7 × 68 − 90, which rounding helps?","seventy=""7 × 70 − 90"" | none=""No rounding""",seventy,7 × 70 − 90,"Seventy is friendly and close to 68, so the rounded chain lands within fourteen of the exact answer.",KEEP,"Prediction precedes a direct causal model, retains the learner choice, and explains the observed outcome.",,,,,,,
multistep-g4,4,g4s-03-01,i1,content/courses/multistep-g4/lessons/g4s-03-01.json,estimateSlider,Rounding a factor UP — is the estimate above or below?,"above=""Above"" | below=""Below""",above,Above,"Every group was made larger, so the product grew — the estimate overshoots by 7 × 2 = 14.",KEEP,"Prediction precedes a direct causal model, retains the learner choice, and explains the observed outcome.",,,,,,,
multistep-g4,4,g4s-03-02,i1,content/courses/multistep-g4/lessons/g4s-03-02.json,barBuilder,Why name the 54 rather than push straight on?,"check=""So an error can be located"" | rules=""Because rules require it""",check,So an error can be located,"A named quantity can be checked on its own, which turns a wrong answer into a findable wrong step.",KEEP,"Prediction precedes a direct causal model, retains the learner choice, and explains the observed outcome.",,,,,,,
nonlinear-systems,9,nls-01-01,i1,content/courses/nonlinear-systems/lessons/nls-01-01.json,plotPoint,A line crossed two LINES at most once each. How many times can a line cross a parabola?,"two=""Up to two"" | one=""At most one, like lines"" | many=""Unlimited""",two,Up to two,"Up to two: the curve bends back, so a line can enter and exit — here at (−1, 1) and (2, 4). Tangency gives exactly one touch, and a miss gives zero: the full menu is 0, 1, or 2.",KEEP,"Prediction precedes a direct causal model, retains the learner choice, and explains the observed outcome.",,,,,,,
nonlinear-systems,9,nls-01-02,i2,content/courses/nonlinear-systems/lessons/nls-01-02.json,plotPoint,"For recovering y, does it matter whether you substitute x into the line or the curve?","same=""No — both give the same y at a true crossing"" | line=""Yes — only the line is valid"" | curve=""Yes — only the curve is valid""",same,No — both give the same y at a true crossing,"At an intersection they MUST agree — that's what intersecting means. Using the line is just less arithmetic. If the two ever disagree on a y, the x wasn't a real solution: a built-in error detector.",KEEP,"Prediction precedes a direct causal model, retains the learner choice, and explains the observed outcome.",,,,,,,
nonlinear-systems,9,nls-01-03,i1b,content/courses/nonlinear-systems/lessons/nls-01-03.json,plotPoint,y = 4x − 4 with y = x²: before computing — the discriminant of x² − 4x + 4 will be…,"zero=""Zero — tangent"" | pos=""Positive — two crossings"" | neg=""Negative — a miss""",zero,Zero — tangent,"16 − 16 = 0: a perfect square (x − 2)², so the line is tangent at (2, 4). Discriminant zero IS tangency — the same number that counted a quadratic's roots now counts a system's meetings.",KEEP,"Prediction precedes a direct causal model, retains the learner choice, and explains the observed outcome.",,,,,,,
nonlinear-systems,9,nls-02-01,i1,content/courses/nonlinear-systems/lessons/nls-02-01.json,plotPoint,"Where does (2, 4) live relative to x² + y² = 25?","inside=""Inside — the sum falls short of 25"" | on=""On the circle"" | outside=""Outside — the sum exceeds 25""",inside,Inside — the sum falls short of 25,"4 + 16 = 20 < 25 — inside. The comparison does everything: sum under 25 is inside, equal is on, over is outside. The circle's equation is a distance meter with three readings.",KEEP,"Prediction precedes a direct causal model, retains the learner choice, and explains the observed outcome.",,,,,,,
nonlinear-systems,9,nls-02-02,i2,content/courses/nonlinear-systems/lessons/nls-02-02.json,plotPoint,Before plotting: will BOTH intersection points pass the circle's own check x² + y² = 25?,"both=""Both — 16+9 and 9+16 each make 25"" | one=""Only one will"" | neither=""Neither — the line check suffices""",both,Both — 16+9 and 9+16 each make 25,"They must — being on the circle is half the definition of intersecting it. (−4)² + (−3)² = 25 and 3² + 4² = 25: the familiar 3-4-5 triple, appearing twice in two sign-costumes.",KEEP,"Prediction precedes a direct causal model, retains the learner choice, and explains the observed outcome.",,,,,,,
nonlinear-systems,9,nls-02-03,i1b,content/courses/nonlinear-systems/lessons/nls-02-03.json,plotPoint,Without computing: y = −5 will meet the circle how many times?,"one=""Once — tangent at the bottom"" | two=""Twice"" | zero=""Never""",one,Once — tangent at the bottom,"By symmetry with y = 5 — it grazes the BOTTOM at (0, −5), since x² = 25 − 25 = 0 again. The circle treats up and down alike; every tangent height has a mirror twin.",KEEP,"Prediction precedes a direct causal model, retains the learner choice, and explains the observed outcome.",,,,,,,
number-line-g2,2,g2l-01-01,i1,content/courses/number-line-g2/lessons/g2l-01-01.json,numberLineHop,Where does 67 live compared to 50?,"right=""To the right — it is bigger"" | left=""To the left""",right,To the right — it is bigger,"Bigger numbers always sit farther right; 67 outranks 50, so it lives rightward.",KEEP,"Prediction precedes a direct causal model, retains the learner choice, and explains the observed outcome.",,,,,,,
number-line-g2,2,g2l-01-02,i1,content/courses/number-line-g2/lessons/g2l-01-02.json,numberLineHop,A line squeezes the gap between 40 and 50 smaller than the others. Trustworthy?,"no=""No — gaps must match"" | yes=""Yes — looks don't matter""",no,No — gaps must match,A squeezed gap makes ten units look like five — the picture would contradict the values.,KEEP,"Prediction precedes a direct causal model, retains the learner choice, and explains the observed outcome.",,,,,,,
number-line-g2,2,g2l-01-03,i1,content/courses/number-line-g2/lessons/g2l-01-03.json,numberLineHop,"Between marks 60 and 70, does 64 exist on the line?","yes=""Yes — labels just skip it"" | no=""No — only marks are real""",yes,Yes — labels just skip it,"The line holds every number; labels are a courtesy, not a boundary.",KEEP,"Prediction precedes a direct causal model, retains the learner choice, and explains the observed outcome.",,,,,,,
number-line-g2,2,g2l-02-01,i1,content/courses/number-line-g2/lessons/g2l-02-01.json,numberLineHop,Adding on the line moves which way?,"right=""Right — sums grow"" | left=""Left""",right,Right — sums grow,"Adding makes numbers bigger, and bigger lives to the right.",KEEP,"Prediction precedes a direct causal model, retains the learner choice, and explains the observed outcome.",,,,,,,
number-line-g2,2,g2l-02-02,i1,content/courses/number-line-g2/lessons/g2l-02-02.json,numberLineHop,Subtracting on the line moves which way?,"left=""Left — toward zero"" | right=""Right""",left,Left — toward zero,"Taking away shrinks the number, and smaller lives to the left.",KEEP,"Prediction precedes a direct causal model, retains the learner choice, and explains the observed outcome.",,,,,,,
number-line-g2,2,g2l-02-03,i1,content/courses/number-line-g2/lessons/g2l-02-03.json,numberLineHop,"To travel 32 along the line, which plan wins?","mix=""Three tens, then two ones"" | ones=""Thirty-two ones""",mix,"Three tens, then two ones","Both arrive, but the mixed plan takes five jumps where ones-only takes thirty-two.",KEEP,"Prediction precedes a direct causal model, retains the learner choice, and explains the observed outcome.",,,,,,,
number-line-g2,2,g2l-03-01,i1,content/courses/number-line-g2/lessons/g2l-03-01.json,numberLineHop,"In a drawing of 38 + 20, what does the starting mark show?","first=""The first addend, 38"" | answer=""The answer""",first,"The first addend, 38",The journey begins at the first addend; the answer is where it ENDS.,KEEP,"Prediction precedes a direct causal model, retains the learner choice, and explains the observed outcome.",,,,,,,
number-line-g2,2,g2l-03-02,i1,content/courses/number-line-g2/lessons/g2l-03-02.json,numberLineHop,Which ALSO shows 57 − 23?,"gap=""Marks at 23 and 57; the gap between"" | sum=""Adding the marks""",gap,Marks at 23 and 57; the gap between,The distance from 23 up to 57 is the same 34 the backward walk finds.,KEEP,"Prediction precedes a direct causal model, retains the learner choice, and explains the observed outcome.",,,,,,,
number-line-g2,2,g2l-03-03,i1,content/courses/number-line-g2/lessons/g2l-03-03.json,numberLineHop,"Start 40, landing 70, jump unknown. How do you find it?","sub=""Subtract: 70 − 40"" | add=""Add: 70 + 40""",sub,Subtract: 70 − 40,"The jump is the distance between landing and start — a difference, never a sum.",KEEP,"Prediction precedes a direct causal model, retains the learner choice, and explains the observed outcome.",,,,,,,
number-line-g2,2,g2l-03-04,i1,content/courses/number-line-g2/lessons/g2l-03-04.json,numberLineHop,A story says Maggie walks BACK toward the trailhead. Which way on the line?,"left=""Left — the marker number shrinks"" | right=""Right""",left,Left — the marker number shrinks,"Back toward the start means smaller markers — a leftward, subtracting move.",KEEP,"Prediction precedes a direct causal model, retains the learner choice, and explains the observed outcome.",,,,,,,
number-system,6,ns-01-01,i1,content/courses/number-system/lessons/ns-01-01.json,numberLineHop,Dividing 2 by 1/5 — will the answer be bigger or smaller than 2?,"bigger=""Bigger than 2"" | smaller=""Smaller than 2"" | two=""Exactly 2""",bigger,Bigger than 2,The question asks how many FIFTHS fit inside 2 — and small pieces fit in droves. Dividing by a fraction under 1 grows the count.,KEEP,"Prediction precedes a direct causal model, retains the learner choice, and explains the observed outcome.",,,,,,,
number-system,6,ns-01-01,i2,content/courses/number-system/lessons/ns-01-01.json,matchPairs,Each question asks how many small pieces fit inside a bigger amount. Will those answers be bigger or smaller than the amount you started with?,"bigger=""Bigger — you are counting pieces, and small pieces are plentiful"" | smaller=""Smaller — dividing always makes things smaller"" | depends=""It depends which number is on top""",bigger,"Bigger — you are counting pieces, and small pieces are plentiful","Bigger, every time the piece is smaller than one. ""Division makes things smaller"" is a rule learned with whole numbers, and it stops being true the moment you divide by something less than 1 — because you are counting how many pieces fit, and small pieces fit many times over.",REMOVE,The attached surface does not meet the direct-manipulation and visible-consequence threshold.,,,,,,,
number-system,6,ns-01-03,i1,content/courses/number-system/lessons/ns-01-03.json,fractionBar,You'll rewrite 2 1/3 in thirds. The 2 wholes alone are worth…,"six=""6 thirds — each whole splits into 3"" | two=""2 thirds — the digit carries straight over"" | five=""5 thirds — one less than double""",six,6 thirds — each whole splits into 3,"Each whole is 3 thirds, so 2 wholes are 2 × 3 = 6 thirds; add the extra third and 2 1/3 = 7/3. Writing 2/3 keeps the digits but throws away both WHOLES — the single most common slip in this conversion.",KEEP,"Prediction precedes a direct causal model, retains the learner choice, and explains the observed outcome.",,,,,,,
number-system,6,ns-02-01,i2,content/courses/number-system/lessons/ns-02-01.json,quotientReasoningLab,50 ÷ 9: nine fits into 50 five times (45). Could the remainder ever be 9 or more?,"no=""No — a leftover of 9 would still fit another group"" | yes=""Yes — any leftover count is possible""",no,No — a leftover of 9 would still fit another group,"The remainder is what's left AFTER every full group of 9 is pulled out — 50 − 45 = 5. If 9 or more remained, another group of 9 would still fit and the quotient wasn't finished. Remainders always sit strictly below the divisor.",KEEP,"Prediction precedes a direct causal model, retains the learner choice, and explains the observed outcome.",,,,,,,
number-system,6,ns-02-02,i2,content/courses/number-system/lessons/ns-02-02.json,columnCalc,The classic slip in 8.6 + 0.75 is lining up the RIGHT ends (6 under the 5). Doing that treats 8.6 as…,"small=""0.86 — the 8 gets demoted to tenths"" | same=""8.60 — alignment can't change a number"" | big=""86 — the digits shift up instead""",small,0.86 — the 8 gets demoted to tenths,Right-aligning puts the 6 under the 5 — the hundredths column — dragging the 8 into the tenths: the work silently computes 0.86 + 0.75 = 1.61. Stacking the decimal POINTS keeps the 8 worth eight wholes: 8.60 + 0.75 = 9.35.,KEEP,"Prediction precedes a direct causal model, retains the learner choice, and explains the observed outcome.",,,,,,,
number-system,6,ns-02-03,i2,content/courses/number-system/lessons/ns-02-03.json,probabilityArea,For 0.6 × 0.7 you'll compute 6 × 7 = 42. The final answer will be…,"two=""0.42 — one decimal place from each factor"" | one=""4.2 — one place total is enough"" | whole=""42 — the zeros drop away""",two,0.42 — one decimal place from each factor,"Each factor carries one decimal place, and places ADD in multiplication: 42 needs two, giving 0.42. Notice it's smaller than either factor — six-tenths OF seven-tenths is a piece of a piece.",KEEP,"Prediction precedes a direct causal model, retains the learner choice, and explains the observed outcome.",,,,,,,
number-system,6,ns-03-01,i1,content/courses/number-system/lessons/ns-03-01.json,numberLineHop,The greatest COMMON factor of 8 and 12 — can it be bigger than 8?,"no=""No — a factor of 8 can't exceed 8"" | yes=""Yes — 12 is"" | product=""It equals 8 × 12""",no,No — a factor of 8 can't exceed 8,"Every common factor must divide BOTH numbers — and nothing above 8 divides 8. The GCF lives at or below the smaller number, never above it.",KEEP,"Prediction precedes a direct causal model, retains the learner choice, and explains the observed outcome.",,,,,,,
number-system,6,ns-03-02,i1,content/courses/number-system/lessons/ns-03-02.json,numberLineHop,Multiples of 3 and multiples of 5: the first number on BOTH lists is…,"fifteen=""15"" | thirty=""30"" | eight=""8""",fifteen,15,"Both lists pass through 15 first — 30 is also shared, just not LEAST. And 3 + 5 = 8 sits on neither list: common multiples come from the lists themselves, not from adding the two numbers.",KEEP,"Prediction precedes a direct causal model, retains the learner choice, and explains the observed outcome.",,,,,,,
number-system,6,ns-03-03,i1,content/courses/number-system/lessons/ns-03-03.json,areaModel,8 + 12 = 20. Both 2 × (4 + 6) and 4 × (2 + 3) rebuild 20 correctly. Is either one 'the' factored form?,"greatest=""Only 4 × (2 + 3) — the GCF is the GREATEST common factor, and 2 is not it"" | both=""Both — they both multiply back to 20, so both are factored"" | neither=""Neither — 20 has too many factor pairs for one to be special""",greatest,"Only 4 × (2 + 3) — the GCF is the GREATEST common factor, and 2 is not it","Only 4 × (2 + 3). Pulling out 2 leaves 4 + 6, which still shares a factor of 2 — the job is not finished. Pulling out 4 leaves 2 + 3, which shares nothing. That is what 'greatest' buys you: a leftover sum with no common factor left in it.",KEEP,"Prediction precedes a direct causal model, retains the learner choice, and explains the observed outcome.",,,,,,,
number-system,6,ns-04-01,e1,content/courses/number-system/lessons/ns-04-01.json,numberLinePlace,Before you place it: is -5 closer to -10 or to 10?,"min=""Closer to -10"" | max=""Closer to 10"" | half=""Exactly halfway""",min,Closer to -10,-5 sits 5 from -10 and 15 from 10 — the -10 side wins. Judging position from the endpoints first makes the exact placement easier to defend.,KEEP,"Prediction precedes a direct causal model, retains the learner choice, and explains the observed outcome.",,,,,,,
number-system,6,ns-04-02,i1,content/courses/number-system/lessons/ns-04-02.json,rationalCompare,"On the number line, which direction means GREATER — even for negatives?","right=""Rightward, always"" | left=""Leftward, for negatives"" | size=""It depends which digit is bigger""",right,"Rightward, always","Greater means farther right, with no exceptions — the rule doesn't flip below zero. Digit size misleads exactly there, where −2 outranks −5.",REMOVE,The attached surface does not meet the direct-manipulation and visible-consequence threshold.,,,,,,,
number-system,6,ns-04-02,i2,content/courses/number-system/lessons/ns-04-02.json,dragOrder,"0, -5, -1, -8 from smallest to largest. Where does -8 go?","first=""First — it is the smallest, even though 8 is the biggest digit"" | last=""Last among the negatives — 8 is the largest number there"" | middle=""Between -5 and -1, ordered by size of the digit""",first,"First — it is the smallest, even though 8 is the biggest digit","First. On the line, -8 sits farthest LEFT, and left means smaller. The digit 8 being large is exactly what pushes it further from zero in the negative direction — bigger digit, smaller number.",REMOVE,The attached surface does not meet the direct-manipulation and visible-consequence threshold.,,,,,,,
number-system,6,ns-04-03,i1,content/courses/number-system/lessons/ns-04-03.json,plotPoint,"The point (3, -2) has a positive x and a negative y. Before plotting it — which way from the origin does that put it?","rightdown=""Right and DOWN — positive x moves right, negative y moves down"" | rightup=""Right and up — the signs both describe distance, not direction"" | leftdown=""Left and down — a negative anywhere sends it left""",rightdown,"Right and DOWN — positive x moves right, negative y moves down","Right and down. Each coordinate controls its own axis independently: the x tells you how far across, its sign which side; the y how far up or down, its sign which side. Place it and read the quadrant off where it lands.",KEEP,"Prediction precedes a direct causal model, retains the learner choice, and explains the observed outcome.",,,,,,,
number-system,6,ns-05-01,i1,content/courses/number-system/lessons/ns-05-01.json,numberLinePlace,Absolute value measures a number's…?,"distance=""Distance from zero"" | sign=""Sign"" | opposite=""Opposite""",distance,Distance from zero,"Absolute value strips the direction and keeps the distance — how far from zero, never which side. Distance can't be negative, so neither can it.",KEEP,"Prediction precedes a direct causal model, retains the learner choice, and explains the observed outcome.",,,,,,,
number-system,6,ns-05-02,i1,content/courses/number-system/lessons/ns-05-02.json,rationalCompare,−8 has the BIGGER absolute value. Does that make −8 the greater number?,"no=""No — it's farther below zero"" | yes=""Yes — bigger size wins"" | equal=""They tie""",no,No — it's farther below zero,"Absolute value measures distance; greatness measures position. −8 sits farther from zero AND farther down — big magnitude, small number.",REMOVE,The attached surface does not meet the direct-manipulation and visible-consequence threshold.,,,,,,,
number-system,6,ns-05-02,i2,content/courses/number-system/lessons/ns-05-02.json,absValueLine,-4 and 3. One of them is the GREATER number; one is FARTHER from zero. Is it the same one?,"different=""No — 3 is greater, but -4 is farther from zero"" | same=""Yes — the greater number is always the farther one"" | neg=""No — -4 is both greater and farther, since 4 beats 3""",different,"No — 3 is greater, but -4 is farther from zero","Different numbers answer the two questions. 3 sits to the RIGHT of -4, so 3 is greater. But -4 sits four steps from zero and 3 sits three, so -4 is farther. Order and distance are separate facts about the same pair.",REMOVE,The attached surface does not meet the direct-manipulation and visible-consequence threshold.,,,,,,,
number-system,6,ns-05-03,i1,content/courses/number-system/lessons/ns-05-03.json,rationalCompare,"A fraction and a decimal — are they even the same KIND of number, comparable at all?","same=""Same kind — translate and compare"" | diff=""Different kinds — incomparable"" | dec=""Decimals are always bigger""",same,Same kind — translate and compare,Both are costumes for the same rational numbers — rewrite either one and they stand on a single number line together. Form never blocks comparison.,REMOVE,The attached surface does not meet the direct-manipulation and visible-consequence threshold.,,,,,,,
number-system,6,ns-05-03,i2,content/courses/number-system/lessons/ns-05-03.json,dragOrder,"0.75, -2, 1.5, -1/2 — a decimal, a negative integer, another decimal and a negative fraction. What decides the order?","position=""Position on the number line — the written form does not matter"" | form=""Group them by form first: integers, then decimals, then fractions"" | digits=""Compare the digits: 2 beats 1.5 beats 0.75 beats 1/2""",position,Position on the number line — the written form does not matter,"Position, and nothing else. A number's form is just how it is written down; -1/2 and -0.5 are the same point. Put each one where it falls on the line and the order reads off left to right.",REMOVE,The attached surface does not meet the direct-manipulation and visible-consequence threshold.,,,,,,,
number-writing-k,0,kcw-01-01,i1,content/courses/number-writing-k/lessons/kcw-01-01.json,tenFrame,The mark 3 is written on a card. What does it promise?,"amount=""An amount of three"" | shape=""Just a curly shape""",amount,An amount of three,Numerals are names for amounts — the shape carries a count inside it.,KEEP,"Prediction precedes a direct causal model, retains the learner choice, and explains the observed outcome.",,,,,,,
number-writing-k,0,kcw-01-02,i1,content/courses/number-writing-k/lessons/kcw-01-02.json,tenFrame,"Which mark can 6 be mistaken for, turned upside-down?","nine=""9"" | zero=""0""",nine,9,6 and 9 are one shape in two orientations — which way the loop sits decides.,KEEP,"Prediction precedes a direct causal model, retains the learner choice, and explains the observed outcome.",,,,,,,
number-writing-k,0,kcw-01-03,i1,content/courses/number-writing-k/lessons/kcw-01-03.json,tenFrame,"What comes after 9, the last single mark?","two=""A number needing TWO marks"" | none=""Nothing — counting ends""",two,A number needing TWO marks,Counting never ends; the writing system simply switches to two-mark numerals at ten.,KEEP,"Prediction precedes a direct causal model, retains the learner choice, and explains the observed outcome.",,,,,,,
number-writing-k,0,kcw-01-04,i1,content/courses/number-writing-k/lessons/kcw-01-04.json,tapDiagram,A plate with no cookies — does it have a count?,"yes=""Yes — zero"" | no=""No count at all""",yes,Yes — zero,"Emptiness is countable: the count is zero, and the mark 0 records it.",KEEP,"Prediction precedes a direct causal model, retains the learner choice, and explains the observed outcome.",,,,,,,
number-writing-k,0,kcw-01-05,i1,content/courses/number-writing-k/lessons/kcw-01-05.json,tenFrame,The card says 7 and the group holds 6. A match?,"no=""No — exact or nothing"" | close=""Close enough""",no,No — exact or nothing,Numerals are exact promises; one missing thing breaks the match.,KEEP,"Prediction precedes a direct causal model, retains the learner choice, and explains the observed outcome.",,,,,,,
number-writing-k,0,kcw-02-01,i1,content/courses/number-writing-k/lessons/kcw-02-01.json,tenFrame,You count 1 to 9. Which numeral do you write?,"nine=""9 — the last word said"" | one=""1 — the first word""",nine,9 — the last word said,"The written numeral records where the count FINISHED, not where it began.",KEEP,"Prediction precedes a direct causal model, retains the learner choice, and explains the observed outcome.",,,,,,,
number-writing-k,0,kcw-02-02,i1,content/courses/number-writing-k/lessons/kcw-02-02.json,tenFrame,Writing fourteen — what does the front 1 stand for?,"ten=""One full ten"" | one=""Just one""",ten,One full ten,"Position gives the digit its job: in front of another digit, 1 reports a complete ten.",KEEP,"Prediction precedes a direct causal model, retains the learner choice, and explains the observed outcome.",,,,,,,
number-writing-k,0,kcw-02-03,i1,content/courses/number-writing-k/lessons/kcw-02-03.json,numberLineHop,"Does eleven contain a full ten, though its name hides it?","yes=""Yes — 11 writes ten-and-one"" | no=""No — no ten inside""",yes,Yes — 11 writes ten-and-one,The name is irregular but the numeral is honest: the leading 1 reports the ten.,KEEP,"Prediction precedes a direct causal model, retains the learner choice, and explains the observed outcome.",,,,,,,
number-writing-k,0,kcw-02-04,i1,content/courses/number-writing-k/lessons/kcw-02-04.json,tenFrame,"From 13 up to 19, which digit changes?","ones=""Only the ones digit"" | tens=""The front 1""",ones,Only the ones digit,One ten serves the whole stretch; only the count of extras climbs.,KEEP,"Prediction precedes a direct causal model, retains the learner choice, and explains the observed outcome.",,,,,,,
number-writing-k,0,kcw-02-05,i1,content/courses/number-writing-k/lessons/kcw-02-05.json,numberLineHop,After 19 comes 20. What happened to the nine extras?,"closed=""One more closed them into a second ten"" | lost=""They vanished""",closed,One more closed them into a second ten,"Ten extras stop being extras — they bind into a complete second ten, and the ones place empties.",KEEP,"Prediction precedes a direct causal model, retains the learner choice, and explains the observed outcome.",,,,,,,
number-writing-k,0,kcw-03-01,i1,content/courses/number-writing-k/lessons/kcw-03-01.json,tenFrame,A full frame plus 7 loose dots. The numeral you write is…,"sev=""17 — ten and seven"" | sevonly=""7 — the loose ones""",sev,17 — ten and seven,The frame's ten belongs in the numeral too — the leading 1 records it.,KEEP,"Prediction precedes a direct causal model, retains the learner choice, and explains the observed outcome.",,,,,,,
number-writing-k,0,kcw-03-02,i1,content/courses/number-writing-k/lessons/kcw-03-02.json,tenFrame,Card says 7. When does the building stop?,"seven=""The moment the count says 7"" | feel=""When it feels right""",seven,The moment the count says 7,The numeral is the rule; feelings undercount and overcount alike.,KEEP,"Prediction precedes a direct causal model, retains the learner choice, and explains the observed outcome.",,,,,,,
number-writing-k,0,kcw-03-03,i1,content/courses/number-writing-k/lessons/kcw-03-03.json,tenFrame,Drawing 5 circles — when do you count them?,"during=""As each one is drawn"" | after=""Only at the end""",during,As each one is drawn,Counting during the drawing stops the pencil on time; counting after finds mistakes too late.,KEEP,"Prediction precedes a direct causal model, retains the learner choice, and explains the observed outcome.",,,,,,,
number-writing-k,0,kcw-03-04,i1,content/courses/number-writing-k/lessons/kcw-03-04.json,tenFrame,"Numeral 4, word “four”, picture of 4 dots — how many amounts?","one=""One amount, three names"" | three=""Three different amounts""",one,"One amount, three names",The costumes differ; the count underneath is the same single four.,KEEP,"Prediction precedes a direct causal model, retains the learner choice, and explains the observed outcome.",,,,,,,
parametric-polar-calculus,13,pc-02-01,i1,content/courses/parametric-polar-calculus/lessons/pc-02-01.json,sliceSum,What changes when the number of volume slices increases?,"thinner=""Slices become thinner and the estimate usually improves"" | larger=""Every slice becomes larger"" | formula=""The cross-section formula is no longer needed""",thinner,Slices become thinner and the estimate usually improves,"Refinement reduces slice thickness while preserving the same cross-section rule, bringing the sum closer to the limiting volume.",KEEP,"Prediction precedes a direct causal model, retains the learner choice, and explains the observed outcome.",,,,,,,
parametric-polar-calculus,13,pc-03-01,i1,content/courses/parametric-polar-calculus/lessons/pc-03-01.json,vectorExplore,Look at the two arrows before you move anything. The dot product u · v of the STARTING pair is…,"pos=""Positive — they lean the same way"" | neg=""Negative — they lean apart"" | zero=""Zero — they're perpendicular""",pos,Positive — they lean the same way,"u · v = 3·3 + 4·0 = 9. One number tells the geometry: positive means the angle is under 90°, zero means exactly 90°, negative means past it.",KEEP,"Prediction precedes a direct causal model, retains the learner choice, and explains the observed outcome.",,,,,,,
patterns-factors-g4,4,g4p-01-01,i1,content/courses/patterns-factors-g4/lessons/g4p-01-01.json,areaModel,Are 4 × 6 and 6 × 4 different factor pairs of 24?,"same=""No — the same rectangle turned"" | diff=""Yes — two pairs""",same,No — the same rectangle turned,"Rotating a rectangle does not change which two numbers multiply to 24, so the pair is counted once.",KEEP,"Prediction precedes a direct causal model, retains the learner choice, and explains the observed outcome.",,,,,,,
patterns-factors-g4,4,g4p-01-02,i1,content/courses/patterns-factors-g4/lessons/g4p-01-02.json,tapDiagram,Is 5 a factor of 24?,"no=""No — it leaves a remainder"" | yes=""Yes""",no,No — it leaves a remainder,"24 ÷ 5 is 4 remainder 4, and a factor must divide with nothing left over.",KEEP,"Prediction precedes a direct causal model, retains the learner choice, and explains the observed outcome.",,,,,,,
patterns-factors-g4,4,g4p-01-03,i1,content/courses/patterns-factors-g4/lessons/g4p-01-03.json,numberLineHop,How many multiples does 6 have?,"endless=""Endlessly many"" | few=""Only a few""",endless,Endlessly many,"You can always take one more hop of 6, so the multiples never run out — unlike the factors, which do.",KEEP,"Prediction precedes a direct causal model, retains the learner choice, and explains the observed outcome.",,,,,,,
patterns-factors-g4,4,g4p-01-04,i1,content/courses/patterns-factors-g4/lessons/g4p-01-04.json,numberLineHop,6 is a factor of 24. Is 24 a multiple of 6?,"yes=""Yes — always"" | no=""Not necessarily""",yes,Yes — always,The two statements say the same thing from opposite ends: 6 × 4 = 24 makes both true at once.,KEEP,"Prediction precedes a direct causal model, retains the learner choice, and explains the observed outcome.",,,,,,,
patterns-factors-g4,4,g4p-02-01,i1,content/courses/patterns-factors-g4/lessons/g4p-02-01.json,areaModel,Can 13 be built as a rectangle with both sides above 1?,"no=""No — 13 is prime"" | yes=""Yes""",no,No — 13 is prime,"13's only factors are 1 and 13, so the only rectangle is the 1-wide strip — the signature of a prime.",KEEP,"Prediction precedes a direct causal model, retains the learner choice, and explains the observed outcome.",,,,,,,
patterns-factors-g4,4,g4p-02-02,i1,content/courses/patterns-factors-g4/lessons/g4p-02-02.json,numberLineHop,"After crossing out multiples of 2, is a separate pass for 4 needed?","no=""No — already gone"" | yes=""Yes""",no,No — already gone,"Every multiple of 4 is also a multiple of 2, so the first pass already removed them all.",KEEP,"Prediction precedes a direct causal model, retains the learner choice, and explains the observed outcome.",,,,,,,
patterns-factors-g4,4,g4p-03-01,i1,content/courses/patterns-factors-g4/lessons/g4p-03-01.json,barBuilder,"In 3, 6, 12, 24, do the gaps stay the same?","grow=""No — they grow"" | same=""Yes""",grow,No — they grow,"The gaps are 3, 6, 12 — widening every step, which is the signature of a multiplying rule.",KEEP,"Prediction precedes a direct causal model, retains the learner choice, and explains the observed outcome.",,,,,,,
patterns-factors-g4,4,g4p-03-02,i1,content/courses/patterns-factors-g4/lessons/g4p-03-02.json,barBuilder,"Adding 3 squares each step, how many at step 6?","eighteen=""18"" | fifteen=""15""",eighteen,18,"Step n uses 3 × n squares, so step 6 uses 18 — no drawing required.",KEEP,"Prediction precedes a direct causal model, retains the learner choice, and explains the observed outcome.",,,,,,,
patterns-factors-g4,4,g4p-03-03,i1,content/courses/patterns-factors-g4/lessons/g4p-03-03.json,tapDiagram,Does 'add 3' mention odd and even?,"no=""No — parity comes free"" | yes=""Yes""",no,No — parity comes free,"The rule speaks only of adding 3; the alternating parity is a consequence, not an instruction.",KEEP,"Prediction precedes a direct causal model, retains the learner choice, and explains the observed outcome.",,,,,,,
patterns-factors-g4,4,g4p-03-04,i1,content/courses/patterns-factors-g4/lessons/g4p-03-04.json,barBuilder,"Which tells you term 20 — the next number, or the rule?","rule=""The rule"" | next=""The next number""",rule,The rule,The next number advances you one step; the rule reaches any step you like.,KEEP,"Prediction precedes a direct causal model, retains the learner choice, and explains the observed outcome.",,,,,,,
place-value,3,pv-01-01,e1,content/courses/place-value/lessons/pv-01-01.json,placeValue,"156 needs 1 flat, 5 rods and 6 cubes. Which digit brings the FEWEST blocks but the MOST value?","one=""The 1"" | six=""The 6"" | five=""The 5""",one,The 1,"That single flat outweighs the 5 rods and 6 cubes combined: 100 against 56. Fewest pieces, biggest worth — the spot does the heavy lifting, not the digit.",KEEP,"Prediction precedes a direct causal model, retains the learner choice, and explains the observed outcome.",,,,,,,
place-value,3,pv-01-02,i1,content/courses/place-value/lessons/pv-01-02.json,buildExpression,"In 375's expanded form, the middle digit 7 shows up as…","seventy=""70 — its spot makes it seventy"" | seven=""7 — a digit is a digit"" | sevenhundred=""700""",seventy,70 — its spot makes it seventy,"The 7 sits in the tens spot, so its worth-piece is 70: 375 = 300 + 70 + 5. Writing + 7 instead would shortchange the number by 63 — expanded form pays each digit its full place value.",REMOVE,The attached surface does not meet the direct-manipulation and visible-consequence threshold.,,,,,,,
place-value,3,pv-01-03,i1,content/courses/place-value/lessons/pv-01-03.json,dragOrder,Can a 2-digit number ever beat a 3-digit number?,"no=""No — more digits always wins"" | yes=""Yes — if its digits are big"" | some=""Sometimes""",no,No — more digits always wins,A third digit means the hundreds place is occupied — even 100 outranks 99. Big digits can't rescue a number from a missing place.,REMOVE,The attached surface does not meet the direct-manipulation and visible-consequence threshold.,,,,,,,
place-value,3,pv-01-04,i1,content/courses/place-value/lessons/pv-01-04.json,slider,60 loose beads get bagged in tens. How does the number of bags relate to the digits of 60?,"tens=""It's the 6 — the tens digit"" | ones=""It's the 0 — the ones digit"" | none=""The digits don't say""",tens,It's the 6 — the tens digit,"Bags of ten ARE the tens place — 60 holds six tens, so six bags swallow every bead. The tens digit counts the bags.",KEEP,"Prediction precedes a direct causal model, retains the learner choice, and explains the observed outcome.",,,,,,,
place-value,3,pv-02-01,i1,content/courses/place-value/lessons/pv-02-01.json,slider,Before you slide: which ten is closer to 47?,"forty=""40"" | fifty=""50"" | tie=""They're the same distance""",fifty,50,"47 sits 7 steps from 40 but only 3 from 50 — the closer neighbor wins, and the slider will show it.",KEEP,"Prediction precedes a direct causal model, retains the learner choice, and explains the observed outcome.",,,,,,,
place-value,3,pv-02-02,i1,content/courses/place-value/lessons/pv-02-02.json,matchPairs,Rounding 349 to the nearest HUNDRED — which digit decides whether you round up or down?,"tens=""The tens digit"" | ones=""The ones digit"" | hundreds=""The hundreds digit""",tens,The tens digit,"The digit one place BELOW the target place is the referee — the 4 in 349 sits under five, so the hundred rounds down. The ones digit never gets a vote.",REMOVE,The attached surface does not meet the direct-manipulation and visible-consequence threshold.,,,,,,,
place-value,3,pv-02-03,i1,content/courses/place-value/lessons/pv-02-03.json,slider,45 is EXACTLY halfway between 40 and 50. What should rounding do with it?,"up=""Send it up to 50"" | down=""Send it down to 40"" | stuck=""It can't be rounded — it's a tie""",up,Send it up to 50,Distance really is stuck at a perfect tie — so mathematicians agreed on a rule: exact halfway goes UP. Find the tie spot and feel why a rule was needed.,KEEP,"Prediction precedes a direct causal model, retains the learner choice, and explains the observed outcome.",,,,,,,
place-value,3,pv-02-04,i1,content/courses/place-value/lessons/pv-02-04.json,estimateSlider,"289 + 512, rounded to friendly hundreds, is about…","eight=""800 — round to 300 + 500"" | seven=""700 — round both down"" | eightthousand=""8,000""",eight,800 — round to 300 + 500,289 leans up to 300 and 512 leans down to 500: about 800. Rounding both DOWN to 200 + 500 ignores that 289 is a whisker from 300 — estimates round each number to its nearest friend.,KEEP,"Prediction precedes a direct causal model, retains the learner choice, and explains the observed outcome.",,,,,,,
place-value,3,pv-03-01,i1,content/courses/place-value/lessons/pv-03-01.json,slider,You'll add 30 to 47 with ten-hops. Which digit of 47 will change?,"tens=""Only the tens digit"" | ones=""Only the ones digit"" | both=""Both digits""",tens,Only the tens digit,Every ten-hop climbs a whole row: the tens digit steps 4 → 5 → 6 → 7 while the ones digit stays 7 the entire way.,KEEP,"Prediction precedes a direct causal model, retains the learner choice, and explains the observed outcome.",,,,,,,
place-value,3,pv-03-02,i1,content/courses/place-value/lessons/pv-03-02.json,steppedReveal,47 + 25: the ones pile makes 7 + 5 = 12. What must happen?,"trade=""Ten of them trade up — the answer is 72"" | glue=""Write 12 in the ones spot — the answer is 612"" | fits=""Nothing — 12 fits in the ones spot fine""",trade,Ten of them trade up — the answer is 72,"Twelve ones overflow a spot that holds nine: ten bundle into a rod, joining 4 + 2 to make 7 tens — 72. Writing 612 records the raw pile without trading: right as an amount, wrong as a numeral.",REMOVE,The attached surface does not meet the direct-manipulation and visible-consequence threshold.,,,,,,,
place-value,3,pv-03-03,i1,content/courses/place-value/lessons/pv-03-03.json,steppedReveal,Trading a ten for ones in 52 — does that change the VALUE of 52?,"no=""No — same total, new form"" | shrink=""Yes — it shrinks by ten"" | grow=""Yes — it grows""",no,"No — same total, new form","4 tens and 12 ones weigh exactly what 5 tens and 2 ones did — the trade rearranges, never adds or removes. That conservation is what makes borrowing legal.",REMOVE,The attached surface does not meet the direct-manipulation and visible-consequence threshold.,,,,,,,
place-value,3,pv-03-04,i1,content/courses/place-value/lessons/pv-03-04.json,estimateSlider,Before computing 487 + 316 exactly: the guard's estimate is about…,"eight=""800 — that's 500 + 300"" | seven=""700"" | eleven=""1,100""",eight,800 — that's 500 + 300,"487 rounds up to 500 and 316 down to 300: about 800. Now the exact answer (803) has a bodyguard — if your computation lands far from 800, the estimate catches the slip before anyone else does.",KEEP,"Prediction precedes a direct causal model, retains the learner choice, and explains the observed outcome.",,,,,,,
place-value,3,pv-04-01,i1,content/courses/place-value/lessons/pv-04-01.json,buildExpression,4 × 60 seen as 4 × 6 TENS gives 24 tens. Is 24 tens the same as 240?,"yes=""Yes — 24 tens is 240"" | no=""No — 24 tens is just 24"" | some=""Only when the fact is even""",yes,Yes — 24 tens is 240,"24 tens means 24 rods on the table: 240. Multiplying by tens is a basic fact (4 × 6 = 24) wearing a place-value coat — do the small fact, then hand the ten back.",REMOVE,The attached surface does not meet the direct-manipulation and visible-consequence threshold.,,,,,,,
place-value,3,pv-04-02,i1,content/courses/place-value/lessons/pv-04-02.json,dragOrder,3 × 10 versus 3 × 100 — how many times bigger is the second?,"ten=""Ten times"" | hundred=""A hundred times"" | three=""Three times""",ten,Ten times,Each rung of the ladder is one more ×10 — the zeros count the climbs. The pattern in the zeros IS the pattern in the sizes.,REMOVE,The attached surface does not meet the direct-manipulation and visible-consequence threshold.,,,,,,,
place-value,3,pv-04-03,i1,content/courses/place-value/lessons/pv-04-03.json,dragBucket,'4 shelves with 20 books each — how many books in all?' Which operation builds the answer?,"mul=""4 × 20 — combining equal groups"" | div=""80 ÷ 4 — splitting a total"" | sub=""20 − 4""",mul,4 × 20 — combining equal groups,"Groups given, total wanted: multiply. Total given, shares wanted: divide. Sort stories by what's MISSING, not by their keywords — 'each' shows up in both kinds.",REMOVE,The attached surface does not meet the direct-manipulation and visible-consequence threshold.,,,,,,,
place-value-1000,2,pv1000-01-01,i1,content/courses/place-value-1000/lessons/pv1000-01-01.json,placeValue,"You'll set 3 hundreds, 4 tens and 2 ones. Which single control moves the number MOST per click?","h=""Hundreds"" | t=""Tens"" | o=""Ones""",h,Hundreds,One click of hundreds is worth 100 — the same move as ten clicks of tens or a hundred clicks of ones. The spot multiplies the click: that's the whole point of place value.,KEEP,"Prediction precedes a direct causal model, retains the learner choice, and explains the observed outcome.",,,,,,,
place-value-1000,2,pv1000-01-02,i1,content/courses/place-value-1000/lessons/pv1000-01-02.json,baseTenCompose,Maya builds 230 with 2 flats and 3 rods. Leo uses 1 flat and 13 rods. Who has more?,"maya=""Maya has more"" | leo=""Leo has more"" | same=""They have the same amount""",same,They have the same amount,"A flat IS ten rods stuck together, so trading 1 flat for 10 rods changes the pieces but never the amount — both builds are exactly 230. That trade is the whole trading post.",KEEP,"Prediction precedes a direct causal model, retains the learner choice, and explains the observed outcome.",,,,,,,
place-value-1000,2,pv1000-01-03,i1,content/courses/place-value-1000/lessons/pv1000-01-03.json,baseTenCompose,"In 641, which digit is worth the MOST?","six=""The 6"" | four=""The 4"" | one=""The 1""",six,The 6,"Worth comes from the spot: the 6 carries 600, the 4 carries 40, the 1 carries 1. Leftmost wins — and you'll see it as 6 big flats against 4 rods and a lone cube.",KEEP,"Prediction precedes a direct causal model, retains the learner choice, and explains the observed outcome.",,,,,,,
place-value-1000,2,pv1000-02-01,i1,content/courses/place-value-1000/lessons/pv1000-02-01.json,numberLineHop,Skip-counting 320 → 330 → 340 → … which digit does all the moving?,"tens=""The tens digit"" | ones=""The ones digit"" | hundreds=""The hundreds digit""",tens,The tens digit,"Hops of ten spin the TENS digit — 2, 3, 4, 5 — while the ones digit stays parked on 0. The hundreds only stir when the tens wrap past 9, which is exactly what the next problem will do.",KEEP,"Prediction precedes a direct causal model, retains the learner choice, and explains the observed outcome.",,,,,,,
place-value-1000,2,pv1000-02-02,i1,content/courses/place-value-1000/lessons/pv1000-02-02.json,numberLineHop,"Counting by 5s from 610, the ones digit flips 0, 5, 0, 5… After the next hop past 620, it will read…","five=""5"" | zero=""0"" | three=""3""",five,5,"By-fives only ever visits ones digits 0 and 5 — from …0 one hop lands on …5. If a count by fives ever ends in 3, a hop went wrong somewhere.",KEEP,"Prediction precedes a direct causal model, retains the learner choice, and explains the observed outcome.",,,,,,,
place-value-1000,2,pv1000-02-03,i1,content/courses/place-value-1000/lessons/pv1000-02-03.json,numberLineHop,3 hops of 10 from 450 — how far from 450 will you end up in total?,"thirty=""30 away"" | thirteen=""13 away"" | three=""3 away""",thirty,30 away,"3 hops of 10 cover 3 × 10 = 30, so you land on 480 — counting forward by tens is really adding one 30 in a single thought. 13 mixes up the hop size with the hop count.",KEEP,"Prediction precedes a direct causal model, retains the learner choice, and explains the observed outcome.",,,,,,,
place-value-1000,2,pv1000-03-01,i1,content/courses/place-value-1000/lessons/pv1000-03-01.json,placeValue,"507 has a 0 in the tens. When you build it, the tens control must…","zero=""Sit at 0 — but the spot still exists"" | skip=""Be skipped — 57 means the same"" | one=""Hold at least a 1""",zero,Sit at 0 — but the spot still exists,"The zero holds the tens spot OPEN: drop it and the 5 slides next to the 7, collapsing 507 into 57. A placeholder zero contributes nothing to the total and everything to the meaning.",KEEP,"Prediction precedes a direct causal model, retains the learner choice, and explains the observed outcome.",,,,,,,
place-value-1000,2,pv1000-03-02,i1,content/courses/place-value-1000/lessons/pv1000-03-02.json,placeCompare,"275 or 312 — before the blocks appear, which comparison do you expect to win?","hundreds=""312 — its hundreds digit is bigger"" | digits=""275 — its digits 7 and 5 are bigger"" | equal=""They'll come out equal""",hundreds,312 — its hundreds digit is bigger,"The blocks settle it: 312's three flats beat 275's two, and no pile of rods and cubes can make that up. The HIGHEST place decides first.",REMOVE,The attached surface does not meet the direct-manipulation and visible-consequence threshold.,,,,,,,
place-value-1000,2,pv1000-03-03,i2,content/courses/place-value-1000/lessons/pv1000-03-03.json,dragOrder,"All four numbers use only the digits 2, 6, and 7. What will decide their order?","hundreds=""The hundreds spot — the biggest spot speaks first"" | digits=""The biggest digit anywhere in the number"" | ones=""The ones spot — start where adding starts""",hundreds,The hundreds spot — the biggest spot speaks first,"Place beats digit size: 276 sits below 627 even though both use the very same digits, because 2 hundreds can't touch 6 hundreds. Only when hundreds tie do the tens get a vote — comparison scans left to right, the opposite end from addition.",REMOVE,The attached surface does not meet the direct-manipulation and visible-consequence threshold.,,,,,,,
place-value-1000,2,pv1000-04-01,i1,content/courses/place-value-1000/lessons/pv1000-04-01.json,baseTenCompose,"324 + 251, combined by place: 3+2 flats, 2+5 rods, 4+1 cubes. Will any pile overflow (reach 10 or more)?","no=""No — every pile stays under 10"" | ones=""Yes — the cubes overflow"" | tens=""Yes — the rods overflow""",no,No — every pile stays under 10,"5 flats, 7 rods, 5 cubes — every pile stays under ten, so the sum reads straight off as 575. Enjoy it: the very next problem's piles WILL overflow, and that's where trading starts.",KEEP,"Prediction precedes a direct causal model, retains the learner choice, and explains the observed outcome.",,,,,,,
place-value-1000,2,pv1000-04-02,i1,content/courses/place-value-1000/lessons/pv1000-04-02.json,baseTenCompose,"486 − 253, place by place: 4−2 flats, 8−5 rods, 6−3 cubes. Will any spot need to TRADE (top digit too small)?","no=""No — every top digit is big enough"" | ones=""Yes — the cubes come up short"" | tens=""Yes — the rods come up short""",no,No — every top digit is big enough,"Every top digit covers its bill — 6 ≥ 3, 8 ≥ 5, 4 ≥ 2 — so 233 reads straight off. The next one, 342 − 127, has 2 − 7 waiting in the ones: THAT's when a rod gets traded down.",KEEP,"Prediction precedes a direct causal model, retains the learner choice, and explains the observed outcome.",,,,,,,
place-value-1000,2,pv1000-04-03,i1,content/courses/place-value-1000/lessons/pv1000-04-03.json,baseTenCompose,The school library grows in this story. Before computing: the answer must be…,"more=""More than 324"" | less=""Less than 324"" | cant=""Impossible to tell without computing""",more,More than 324,Receiving books only grows the pile — the answer must top 324 (it's 575). Reading a story's DIRECTION first is the cheapest error-catcher there is: an answer like 65 that shrinks the pile fails the smell test before any checking.,KEEP,"Prediction precedes a direct causal model, retains the learner choice, and explains the observed outcome.",,,,,,,
place-value-million,4,pv2-01-01,i1,content/courses/place-value-million/lessons/pv2-01-01.json,dragOrder,Stepping one place to the LEFT multiplies a digit's value by…?,"ten=""10"" | two=""2"" | hundred=""100""",ten,10,Each rung of the place-value ladder is a ×10 climb — ones to tens to hundreds. That single ratio builds the whole system.,REMOVE,The attached surface does not meet the direct-manipulation and visible-consequence threshold.,,,,,,,
place-value-million,4,pv2-01-02,i1,content/courses/place-value-million/lessons/pv2-01-02.json,matchPairs,"Multiplying a whole number by 10 — do its digits CHANGE, or just SHIFT?","shift=""Shift — each digit moves one place left"" | change=""Change into new digits"" | nothing=""Nothing happens""",shift,Shift — each digit moves one place left,"The digits keep their identities and slide one place up in rank — a zero fills the vacated ones place. ×10 is a promotion, not a rewrite.",REMOVE,The attached surface does not meet the direct-manipulation and visible-consequence threshold.,,,,,,,
place-value-million,4,pv2-01-03,i1,content/courses/place-value-million/lessons/pv2-01-03.json,matchPairs,Two IDENTICAL digits sitting in different places — worth the same amount?,"no=""No — the place sets the value"" | yes=""Yes — a digit is a digit"" | zero=""Only zeros match everywhere""",no,No — the place sets the value,A 4 in the hundred-thousands dwarfs a 4 in the tens — position multiplies meaning. Place value is the rule that one symbol can carry many sizes.,REMOVE,The attached surface does not meet the direct-manipulation and visible-consequence threshold.,,,,,,,
place-value-million,4,pv2-02-01,i1,content/courses/place-value-million/lessons/pv2-02-01.json,matchPairs,"Word form — does it name the DIGITS one by one, or the place-value chunks?","chunks=""The chunks — like 'four hundred twenty-five thousand'"" | digits=""The digits — 'four two five three zero one'"" | both=""Both, equally""",chunks,The chunks — like 'four hundred twenty-five thousand',"Words speak in place-value bundles, not digit lists — the language itself groups by thousands and hundreds. Reading digits one by one names a phone number, not a quantity.",REMOVE,The attached surface does not meet the direct-manipulation and visible-consequence threshold.,,,,,,,
place-value-million,4,pv2-02-02,i1,content/courses/place-value-million/lessons/pv2-02-02.json,matchPairs,Reading a big number aloud — what does the comma tell you to SAY?,"thousand=""Say 'thousand'"" | pause=""Just pause silently"" | comma=""Say 'comma'""",thousand,Say 'thousand',The comma marks the thousands period — reading it aloud AS 'thousand' splits the number into speakable chunks. Punctuation with a pronunciation.,REMOVE,The attached surface does not meet the direct-manipulation and visible-consequence threshold.,,,,,,,
place-value-million,4,pv2-02-03,i1,content/courses/place-value-million/lessons/pv2-02-03.json,dragBucket,Commas in big numbers are placed by counting groups of how many digits from the RIGHT?,"three=""Three"" | two=""Two"" | four=""Four""",three,Three,"Every period holds three digits — ones, tens, hundreds of its bundle. Counting by threes from the right drops each comma exactly where the next bundle begins.",REMOVE,The attached surface does not meet the direct-manipulation and visible-consequence threshold.,,,,,,,
place-value-million,4,pv2-03-01,i1,content/courses/place-value-million/lessons/pv2-03-01.json,numberLinePlace,Before you place it: is 46800 closer to 40000 or to 50000?,"min=""Closer to 40000"" | max=""Closer to 50000"" | half=""Exactly halfway""",max,Closer to 50000,46800 sits 6800 from 40000 and 3200 from 50000 — the 50000 side wins. Judging position from the endpoints first makes the exact placement easier to defend.,KEEP,"Prediction precedes a direct causal model, retains the learner choice, and explains the observed outcome.",,,,,,,
place-value-million,4,pv2-03-03,i1,content/courses/place-value-million/lessons/pv2-03-03.json,matchPairs,"A front-end estimate (leading digit kept, the rest zeroed) — does it run HIGH, LOW, or either?","low=""Never above the real number"" | high=""Never below it"" | either=""Either side, randomly""",low,Never above the real number,Zeroing the trailing digits only ever throws value away — the estimate can match the number but never beat it. Knowing an estimate's bias is half its usefulness.,REMOVE,The attached surface does not meet the direct-manipulation and visible-consequence threshold.,,,,,,,
place-value-million,4,pv2-04-01,i1,content/courses/place-value-million/lessons/pv2-04-01.json,steppedReveal,Column addition runs right to left. Why that direction?,"carry=""Carries pass to the LEFT"" | small=""Small columns deserve to go first"" | trad=""Tradition only""",carry,Carries pass to the LEFT,"An overflowing column hands its extra ten leftward — starting at the ones lets every carry arrive before its column is judged. The direction is logistics, not custom.",REMOVE,The attached surface does not meet the direct-manipulation and visible-consequence threshold.,,,,,,,
place-value-million,4,pv2-04-02,i1,content/courses/place-value-million/lessons/pv2-04-02.json,steppedReveal,"When a column can't subtract, where does the help come FROM?","left=""The neighbor on the left"" | right=""The neighbor on the right"" | answer=""The answer row""",left,The neighbor on the left,The left neighbor is worth ten of the stuck column — it breaks one of its units into ten smaller ones and lends them over. Help always flows down the place ladder.,REMOVE,The attached surface does not meet the direct-manipulation and visible-consequence threshold.,,,,,,,
place-value-million,4,pv2-04-03,i1,content/courses/place-value-million/lessons/pv2-04-03.json,steppedReveal,Borrowing when the very next column holds a ZERO — does the borrow just stop there?,"chain=""No — it chains left until a nonzero digit"" | stop=""Yes — you can't borrow from 0"" | right=""Borrow from the right instead""",chain,No — it chains left until a nonzero digit,"A zero has nothing to lend, so it borrows too — the request relays leftward until someone can pay, and the zeros become nines along the way.",REMOVE,The attached surface does not meet the direct-manipulation and visible-consequence threshold.,,,,,,,
place-value-million,4,pv2-05-01,i1,content/courses/place-value-million/lessons/pv2-05-01.json,numberLinePlace,Before you place it: is 3450000 closer to 3000000 or to 4000000?,"min=""Closer to 3000000"" | max=""Closer to 4000000"" | half=""Exactly halfway""",min,Closer to 3000000,3450000 sits 450000 from 3000000 and 550000 from 4000000 — the 3000000 side wins. Judging position from the endpoints first makes the exact placement easier to defend.,KEEP,"Prediction precedes a direct causal model, retains the learner choice, and explains the observed outcome.",,,,,,,
place-value-million,4,pv2-05-02,i1,content/courses/place-value-million/lessons/pv2-05-02.json,dragOrder,Comparing two big numbers — what do you check FIRST: digit COUNT or leading digits?,"count=""The count of digits"" | lead=""The leading digits"" | ones=""The ones digits""",count,The count of digits,More digits means a higher place is occupied — a 6-digit number beats every 5-digit one before a single digit is read. Length first; digits break the ties.,REMOVE,The attached surface does not meet the direct-manipulation and visible-consequence threshold.,,,,,,,
polar-parametric,12,pp-02-02,i1,content/courses/polar-parametric/lessons/pp-02-02.json,polarTrace,"For r = cos(nθ), what happens to the petal count when n is even?","same=""It always equals n"" | double=""It becomes 2n"" | zero=""The curve disappears""",double,It becomes 2n,"For even n, the full sweep creates twice as many distinct petals; the trace makes that symmetry visible.",KEEP,"Prediction precedes a direct causal model, retains the learner choice, and explains the observed outcome.",,,,,,,
polar-parametric,12,pp-02-03,i1,content/courses/polar-parametric/lessons/pp-02-03.json,polarTrace,r = a + 2cos θ has an inner loop. Raising a will close that loop to a single cusp when a reaches…,"zero=""0"" | two=""2 — matching the coefficient of cos θ"" | four=""4""",two,2 — matching the coefficient of cos θ,"a = 2, where the ratio a/b hits 1. The loop exists only while r can go negative; at a = 2 the smallest r is exactly 0, reached at one angle alone — and a single point where the curve touches the origin is precisely a cusp. Past 2, r never reaches zero and the shape dimples instead.",KEEP,"Prediction precedes a direct causal model, retains the learner choice, and explains the observed outcome.",,,,,,,
polar-parametric,12,pp-03-01,i1,content/courses/polar-parametric/lessons/pp-03-01.json,argandExplore,"3 + 4i is plotted as the point (3, 4). Its modulus — its distance from the origin — is…","five=""5"" | seven=""7"" | twelve=""12""",five,5,"5. The modulus is Pythagoras applied to the real and imaginary parts, exactly as a vector's length is Pythagoras applied to its components. 3 + 4i and ⟨3, 4⟩ are the same arrow in different notation, and the modulus is where that stops being a metaphor.",KEEP,"Prediction precedes a direct causal model, retains the learner choice, and explains the observed outcome.",,,,,,,
polar-parametric,12,pp-03-02,i1,content/courses/polar-parametric/lessons/pp-03-02.json,argandExplore,Multiplying by i turns a point through 90°. So the z whose product with i is −4 + 3i must have modulus…,"five=""5 — the same as −4 + 3i"" | twentyfive=""25"" | one=""1""",five,5 — the same as −4 + 3i,"5. |i| = 1, so multiplying by i cannot change any length — it only turns. That is De Moivre in a single move: moduli multiply and arguments add, so a factor of modulus 1 is pure rotation and nothing else.",KEEP,"Prediction precedes a direct causal model, retains the learner choice, and explains the observed outcome.",,,,,,,
polygons-quadrilaterals,10,pq-02-03,i1,content/courses/polygons-quadrilaterals/lessons/pq-02-03.json,coordinateProofLab,"In a parallelogram, the midpoint of diagonal AC and the midpoint of diagonal BD are…","same=""The same point"" | near=""Close together, but generally different points"" | ends=""At opposite ends of the shape""",same,The same point,"The same point. That is what makes 'bisect each other' a single fact rather than two: one crossing point that is simultaneously the middle of both diagonals, giving AO = OC and BO = OD in one stroke.",KEEP,"Prediction precedes a direct causal model, retains the learner choice, and explains the observed outcome.",,,,,,,
polygons-quadrilaterals,10,pq-03-01,i1,content/courses/polygons-quadrilaterals/lessons/pq-03-01.json,quadDrag,"When the fourth vertex reaches the rectangle position, which extra property appears beyond opposite sides matching?","diag=""The diagonals are congruent"" | allsides=""All four sides become equal"" | oned=""Only one diagonal is bisected""",diag,The diagonals are congruent,A rectangle is a parallelogram with right angles; its diagonals are both bisected and congruent.,KEEP,"Prediction precedes a direct causal model, retains the learner choice, and explains the observed outcome.",,,,,,,
polygons-quadrilaterals,10,pq-03-03,i1,content/courses/polygons-quadrilaterals/lessons/pq-03-03.json,quadDrag,"Three corners are pinned at (0,0), (5,0) and (5,5). How many places can the fourth corner go and still make a square?","one=""Exactly one — the other three corners have already decided it"" | two=""Two — one on each side of the diagonal"" | four=""Four — one for each rotation of the square""",one,Exactly one — the other three corners have already decided it,"Exactly one. Three corners of a square leave no freedom at all for the fourth — every other position breaks either a side length or a right angle. Place it and watch the name snap to ""a square"" at one spot and nowhere else.",KEEP,"Prediction precedes a direct causal model, retains the learner choice, and explains the observed outcome.",,,,,,,
polygons-quadrilaterals,10,pq-04-02,i2,content/courses/polygons-quadrilaterals/lessons/pq-04-02.json,quadDrag,A trapezoid has bases 8 and 4. Its midsegment will measure…,"between=""6 — between the two bases"" | twelve=""12 — the two bases added"" | four=""4 — the same as the shorter base""",between,6 — between the two bases,"6, the average. The midsegment is a compromise between the two bases, so it always lands strictly between them — never outside, and never equal to either unless the bases already match.",KEEP,"Prediction precedes a direct causal model, retains the learner choice, and explains the observed outcome.",,,,,,,
polygons-quadrilaterals,10,pq-04-03,i1,content/courses/polygons-quadrilaterals/lessons/pq-04-03.json,quadDrag,A kite and a parallelogram both have two pairs of equal sides. Where do the equal sides sit in each?,"adjacent=""Kite: the equal sides are ADJACENT (they share a corner). Parallelogram: OPPOSITE."" | opposite=""The other way round — a kite pairs opposite sides"" | same=""Both pair them the same way; the difference is only the angles""",adjacent,Kite: the equal sides are ADJACENT (they share a corner). Parallelogram: OPPOSITE.,Adjacent. That single difference is the whole distinction — place the corner so the two equal sides meet at a vertex and the shape reads as a kite; pair them across from each other instead and it reads as a parallelogram.,KEEP,"Prediction precedes a direct causal model, retains the learner choice, and explains the observed outcome.",,,,,,,
polygons-quadrilaterals,10,pq-05-01,i2,content/courses/polygons-quadrilaterals/lessons/pq-05-01.json,coordinateProofLab,Two rods of EQUAL length are pinned so they cross at each other's exact midpoints. Elastic joins the four ends. The shape is always…,"rect=""A rectangle"" | rhombus=""A rhombus"" | any=""Any parallelogram — it depends on the crossing angle""",rect,A rectangle,"Always a rectangle. Crossing at the midpoints makes it a parallelogram; the rods being equal makes the diagonals congruent, and a parallelogram with congruent diagonals is a rectangle. The crossing angle changes how long and thin it is, never whether the corners are square.",KEEP,"Prediction precedes a direct causal model, retains the learner choice, and explains the observed outcome.",,,,,,,
polygons-quadrilaterals,10,pq-05-02,i1,content/courses/polygons-quadrilaterals/lessons/pq-05-02.json,quadDrag,"You will place the corner so all four sides equal 5. Will that alone make it a square, or only a rhombus?","rhombus=""Only a rhombus — equal sides say nothing about the angles"" | square=""A square — four equal sides is exactly what a square means"" | depends=""It depends where the other three corners were pinned""",rhombus,Only a rhombus — equal sides say nothing about the angles,"Only a rhombus. Four equal sides leave the angles free to lean — ""all sides equal"" is ALWAYS true of a square but only SOMETIMES gives you one. That gap is the whole point of always/sometimes/never.",KEEP,"Prediction precedes a direct causal model, retains the learner choice, and explains the observed outcome.",,,,,,,
polygons-quadrilaterals,10,pq-05-03,i1,content/courses/polygons-quadrilaterals/lessons/pq-05-03.json,coordinateProofLab,"Before you place D: if the diagonals bisect each other AND cross at a right angle, must the four sides come out equal, or could they differ?","equal=""They must be equal — the right-angle crossing makes congruent triangles on every side"" | differ=""They could differ — a right angle controls angles, not side lengths"" | twopairs=""Only the opposite sides must match; the adjacent pair is still free""",equal,They must be equal — the right-angle crossing makes congruent triangles on every side,"They must be equal. The bisection point splits each diagonal into two equal halves, and the right angle there is shared by all four corner triangles, so SAS makes them congruent — every side ends up the same length. That is why 'perpendicular bisecting diagonals' and 'all four sides equal' certify the identical shape: a rhombus. It stops there, though — a square additionally needs the diagonals themselves to be congruent, a condition perpendicular bisection alone never supplies.",KEEP,"Prediction precedes a direct causal model, retains the learner choice, and explains the observed outcome.",,,,,,,
polynomial-functions,11,pf-01-02,i2,content/courses/polynomial-functions/lessons/pf-01-02.json,signChart,f(x) = -2x^5. The x^5 grows huge and positive on the right. What does the -2 do to that?,"flip=""Flips it negative — the right end falls"" | shrink=""Shrinks it toward zero, so the end levels off"" | nothing=""Nothing to the direction — only the steepness""",flip,Flips it negative — the right end falls,"It flips the sign. A negative leading coefficient turns a huge positive x^5 into a huge negative value, so the far-right end of the chart is negative — and because x^5 keeps growing without bound, so does the fall.",KEEP,"Prediction precedes a direct causal model, retains the learner choice, and explains the observed outcome.",,,,,,,
polynomial-functions,11,pf-01-03,i2,content/courses/polynomial-functions/lessons/pf-01-03.json,signChart,"x^2 against 50x. For small positive x the 50x is far bigger. Does x^2 ever catch up permanently, or does it keep trading the lead?","permanent=""It catches up once and never falls behind again"" | trade=""They keep trading the lead as x grows"" | never=""50x stays ahead forever — a multiplier of 50 is a lot to beat""",permanent,It catches up once and never falls behind again,"Once, and permanently. x^2 - 50x factors as x(x - 50), so it is negative only between 0 and 50 and positive everywhere after. A higher power always wins in the end, no matter how large the coefficient it is chasing.",KEEP,"Prediction precedes a direct causal model, retains the learner choice, and explains the observed outcome.",,,,,,,
polynomial-functions,11,pf-02-01,i2,content/courses/polynomial-functions/lessons/pf-02-01.json,signChart,"For f(x) = (x − 2)(x + 3)(x − 5), what is f(2) — without multiplying anything out?","zero=""0 — the first factor becomes zero, so the whole product does"" | compute=""Something non-zero; you have to expand and substitute"" | neg=""−21 — the other two factors multiplied together""",zero,"0 — the first factor becomes zero, so the whole product does","0. A product is zero as soon as ANY factor is zero, and (2 − 2) = 0. That is why the zeros can be read straight off factored form — no expansion, no substitution arithmetic.",KEEP,"Prediction precedes a direct causal model, retains the learner choice, and explains the observed outcome.",,,,,,,
polynomial-functions,11,pf-02-02,i1,content/courses/polynomial-functions/lessons/pf-02-02.json,signChart,"At the double root x = 1, the graph of p(x) = (x + 2)(x − 1)²(x − 3)…","bounce=""Bounces — touches the axis and turns back"" | cross=""Crosses to the other side"" | jump=""Jumps over it""",bounce,Bounces — touches the axis and turns back,"An even power can't change sign: (x − 1)² is positive on BOTH sides of 1, so p kisses the axis there and turns back. The odd roots at −2 and 3 cross; even multiplicity bounces.",KEEP,"Prediction precedes a direct causal model, retains the learner choice, and explains the observed outcome.",,,,,,,
polynomial-functions,11,pf-02-03,i1,content/courses/polynomial-functions/lessons/pf-02-03.json,signChart,f(x) = x³ − 7x + 6 factors as (x + 3)(x − 1)(x − 2). Before probing — what will f(1) be?,"zero=""Exactly 0 — one of the factors becomes zero, so the whole product does"" | six=""6 — the constant term is what is left when the x terms vanish"" | nonzero=""Some small non-zero number; it only gets close to 0""",zero,"Exactly 0 — one of the factors becomes zero, so the whole product does","Exactly 0. At x = 1 the factor (x − 1) is 0, and a product with a zero factor is zero — no matter what the other factors are. That is the Factor Theorem in one direction: a root makes a factor vanish.",KEEP,"Prediction precedes a direct causal model, retains the learner choice, and explains the observed outcome.",,,,,,,
polynomial-functions,11,pf-03-03,i1,content/courses/polynomial-functions/lessons/pf-03-03.json,signChart,f(x) = x³ − 4x² + x + 6 factors as (x − 2)(x − 3)(x + 1). Before computing — what will f(2) be?,"zero=""Exactly 0 — the factor (x − 2) becomes zero, and zero times anything is zero"" | two=""2 — you substitute the 2 back in"" | cant=""You cannot tell without multiplying it all out""",zero,"Exactly 0 — the factor (x − 2) becomes zero, and zero times anything is zero","Exactly 0. One factor of the product becomes (2 − 2) = 0, so the whole product collapses to zero no matter what the other factors are. That is the Factor Theorem read backwards — and dividing by (x − 2) would leave remainder 0 for the same reason.",KEEP,"Prediction precedes a direct causal model, retains the learner choice, and explains the observed outcome.",,,,,,,
polynomial-functions,11,pf-05-01,i1,content/courses/polynomial-functions/lessons/pf-05-01.json,signChart,"For LARGE positive x, p(x) = (x + 1)(x − 2)² is…","pos=""Positive — every factor is positive out there"" | neg=""Negative"" | zero=""Zero""",pos,Positive — every factor is positive out there,"Past the last root, every factor is positive, so the rightmost interval reads +. Then work LEFTWARD: flip the sign crossing the odd root at −1, bounce without flipping at the double root 2.",KEEP,"Prediction precedes a direct causal model, retains the learner choice, and explains the observed outcome.",,,,,,,
polynomial-rational-analysis,12,pra-04-01,i1,content/courses/polynomial-rational-analysis/lessons/pra-04-01.json,signChart,p(x) = x²(x − 4) is zero at x = 0 and at x = 4. The SIGN of p actually changes at…,"four=""x = 4 only"" | both=""Both zeros"" | neither=""Neither — a zero is where the sign is undecided""",four,x = 4 only,"Only at x = 4. The x² factor is a double root: the curve touches the axis at 0 and turns back, so the sign that arrives is the sign that leaves. Odd multiplicity crosses, even multiplicity bounces — which is why counting the zeros is not the same as counting the places the chart is cut.",KEEP,"Prediction precedes a direct causal model, retains the learner choice, and explains the observed outcome.",,,,,,,
polynomial-rational-analysis,12,pra-04-02,i1,content/courses/polynomial-rational-analysis/lessons/pra-04-02.json,signChart,"At a root of even multiplicity, what happens to the function's sign?","flip=""It always flips"" | stay=""It stays the same across the root"" | unknown=""Multiplicity gives no information""",stay,It stays the same across the root,"An even-multiplicity root touches the axis and turns back, so the sign on the two neighboring intervals matches.",KEEP,"Prediction precedes a direct causal model, retains the learner choice, and explains the observed outcome.",,,,,,,
properties-strategies-g1,1,g1p-01-01,i1,content/courses/properties-strategies-g1/lessons/g1p-01-01.json,numberLineHop,3 + 8 is swapped to 8 + 3. Does the total change?,"same=""No — same total"" | diff=""Yes — a different total""",same,No — same total,"The same two groups are joined either way, so the total cannot change.",KEEP,"Prediction precedes a direct causal model, retains the learner choice, and explains the observed outcome.",,,,,,,
properties-strategies-g1,1,g1p-01-02,i1,content/courses/properties-strategies-g1/lessons/g1p-01-02.json,numberLineHop,"If 4 + 9 = 13, what is 9 + 4?","same13=""13 — the same"" | more=""More than 13""",same13,13 — the same,"The same two groups are in the pile, so the total is the same 13.",KEEP,"Prediction precedes a direct causal model, retains the learner choice, and explains the observed outcome.",,,,,,,
properties-strategies-g1,1,g1p-01-03,i1,content/courses/properties-strategies-g1/lessons/g1p-01-03.json,numberLineHop,You start at 11 and count on 3. About where do you land?,"near=""A little past 11"" | far=""Far past 20""",near,A little past 11,"Counting on 3 moves just three steps up, landing a little past 11.",KEEP,"Prediction precedes a direct causal model, retains the learner choice, and explains the observed outcome.",,,,,,,
properties-strategies-g1,1,g1p-01-04,i1,content/courses/properties-strategies-g1/lessons/g1p-01-04.json,numberLineHop,Adding 2 to 15: is counting on a good fit?,"yes=""Yes — it is only 2 hops"" | no=""No — too many hops""",yes,Yes — it is only 2 hops,"Two hops are quick to make and easy to track, so counting on fits well.",KEEP,"Prediction precedes a direct causal model, retains the learner choice, and explains the observed outcome.",,,,,,,
properties-strategies-g1,1,g1p-01-05,i1,content/courses/properties-strategies-g1/lessons/g1p-01-05.json,numberLineHop,You start at 12 and count back 3. Which way do you move?,"down=""Down, to a smaller number"" | up=""Up, to a bigger number""",down,"Down, to a smaller number","Counting BACK always moves down the number line, toward smaller numbers.",KEEP,"Prediction precedes a direct causal model, retains the learner choice, and explains the observed outcome.",,,,,,,
properties-strategies-g1,1,g1p-02-01,i1,content/courses/properties-strategies-g1/lessons/g1p-02-01.json,numberLineHop,6 + 6 joins two equal groups. Will the total be even or odd?,"even=""Even — everything pairs up"" | odd=""Odd — one is left over""",even,Even — everything pairs up,"Two equal groups pair up perfectly, so a double is always even.",KEEP,"Prediction precedes a direct causal model, retains the learner choice, and explains the observed outcome.",,,,,,,
properties-strategies-g1,1,g1p-02-02,i1,content/courses/properties-strategies-g1/lessons/g1p-02-02.json,numberLineHop,6 + 7 compared with the double 6 + 6: how do the totals compare?,"one=""6 + 7 is one more"" | same=""They are the same""",one,6 + 7 is one more,"One addend grew by exactly one, so the total is exactly one more than the double.",KEEP,"Prediction precedes a direct causal model, retains the learner choice, and explains the observed outcome.",,,,,,,
properties-strategies-g1,1,g1p-02-03,i1,content/courses/properties-strategies-g1/lessons/g1p-02-03.json,numberLineHop,6 + 5 compared with the double 6 + 6: how do the totals compare?,"less=""6 + 5 is one less"" | more=""6 + 5 is one more""",less,6 + 5 is one less,"One addend shrank by exactly one, so the total is exactly one less than the double.",KEEP,"Prediction precedes a direct causal model, retains the learner choice, and explains the observed outcome.",,,,,,,
properties-strategies-g1,1,g1p-02-04,i1,content/courses/properties-strategies-g1/lessons/g1p-02-04.json,tenFrame,8 is in the frame. How many more are needed to make a whole ten?,"two=""2 more"" | eight=""8 more""",two,2 more,Ten take away 8 is 2 — exactly how many squares are still empty.,KEEP,"Prediction precedes a direct causal model, retains the learner choice, and explains the observed outcome.",,,,,,,
properties-strategies-g1,1,g1p-02-05,i1,content/courses/properties-strategies-g1/lessons/g1p-02-05.json,numberLineHop,13 − 5 in two steps: what is the best first stop?,"ten=""Stop at 10"" | eleven=""Stop at 11""",ten,Stop at 10,Ten is the friendly landing spot — the rest of the subtraction is easy from there.,KEEP,"Prediction precedes a direct causal model, retains the learner choice, and explains the observed outcome.",,,,,,,
properties-strategies-g1,1,g1p-03-01,i1,content/courses/properties-strategies-g1/lessons/g1p-03-01.json,numberLineHop,9 + 4 = 13 is known. What is 13 − 9?,"four=""4 — the other part"" | thirteen=""13 — the whole""",four,4 — the other part,Removing one part from the whole leaves exactly the other part of the family.,KEEP,"Prediction precedes a direct causal model, retains the learner choice, and explains the observed outcome.",,,,,,,
properties-strategies-g1,1,g1p-03-02,i1,content/courses/properties-strategies-g1/lessons/g1p-03-02.json,numberLineHop,"Two counters move from the 5 to the 8, making 10 + 3. Does the total change?","no=""No — counters only moved"" | yes=""Yes — it grew""",no,No — counters only moved,Moving counters between the groups changes neither pile's combined size.,KEEP,"Prediction precedes a direct causal model, retains the learner choice, and explains the observed outcome.",,,,,,,
properties-strategies-g1,1,g1p-03-03,i1,content/courses/properties-strategies-g1/lessons/g1p-03-03.json,numberLineHop,"A problem adds a small amount, like 2 or 3. Which strategy fits best?","counton=""Count on"" | maketen=""Make ten""",counton,Count on,"For very small add-ons, counting on is the fastest and simplest strategy.",KEEP,"Prediction precedes a direct causal model, retains the learner choice, and explains the observed outcome.",,,,,,,
properties-strategies-g1,1,g1p-03-04,i1,content/courses/properties-strategies-g1/lessons/g1p-03-04.json,numberLineHop,A strategy changes HOW you count. What must it never change?,"total=""The total"" | order=""The order of the numbers""",total,The total,A strategy is only valid if the total survives it — the counting path may change freely.,KEEP,"Prediction precedes a direct causal model, retains the learner choice, and explains the observed outcome.",,,,,,,
proportional-relationships,7,pr-01-01,i1,content/courses/proportional-relationships/lessons/pr-01-01.json,ratioTable,A runner covers 1/2 mile in 1/4 hour. In a WHOLE hour — four of those quarter-hours — how far?,"two=""2 miles — four quarter-hours, each carrying 1/2 mile"" | half=""Still 1/2 mile"" | eighth=""1/8 mile — the fractions multiply""",two,"2 miles — four quarter-hours, each carrying 1/2 mile","A unit rate asks what happens in ONE whole unit. Four quarter-hours make an hour, and each brings another half mile: 4 × 1/2 = 2 miles per hour. Dividing by 1/4 and multiplying by 4 are the same move.",KEEP,"Prediction precedes a direct causal model, retains the learner choice, and explains the observed outcome.",,,,,,,
proportional-relationships,7,pr-01-02,i1,content/courses/proportional-relationships/lessons/pr-01-02.json,doubleNumberLine,"The lines mark litres and km in lockstep. Three ticks along, the km line reads…","mult=""36 — three twelves"" | add=""15 — that's 12 + 3"" | count=""3""",mult,36 — three twelves,"Each tick is one litre worth 12 km, so three ticks is 3 × 12 = 36. The two lines stretch together — that lockstep IS proportionality. Writing 12 + 3 mixes the litre scale into the km scale.",KEEP,"Prediction precedes a direct causal model, retains the learner choice, and explains the observed outcome.",,,,,,,
proportional-relationships,7,pr-01-03,i1,content/courses/proportional-relationships/lessons/pr-01-03.json,ratioTable,A hiker covers 5/8 mile in 5/16 hour. Is the unit rate more or less than 1 mile per hour?,"more=""More — 5/8 mile in well under half an hour is quick"" | less=""Less — 5/8 is smaller than 1"" | equal=""Exactly 1""",more,More — 5/8 mile in well under half an hour is quick,"5/16 hour is under a third of an hour, and 5/8 mile is covered in it. Scaling up to a full hour multiplies both by more than three — so the rate lands well above 1 mile per hour.",KEEP,"Prediction precedes a direct causal model, retains the learner choice, and explains the observed outcome.",,,,,,,
proportional-relationships,7,pr-02-02,i1,content/courses/proportional-relationships/lessons/pr-02-02.json,covariationScrubber,Pay for 8 hours: which route gets there?,"both=""Both — add the 2-hour and 6-hour rows, or ride $12.50 per hour"" | unit=""Only the unit rate"" | rows=""Only adding rows""",both,"Both — add the 2-hour and 6-hour rows, or ride $12.50 per hour","Proportional tables are generous: ($25 for 2 h) + ($75 for 6 h) = $100 for 8 h, and 8 × $12.50 lands on the same $100. Every legal route agrees — that agreement is the constant of proportionality doing its job.",KEEP,"Prediction precedes a direct causal model, retains the learner choice, and explains the observed outcome.",,,,,,,
proportional-relationships,7,pr-03-02,i1,content/courses/proportional-relationships/lessons/pr-03-02.json,plotPoint,A line's unit rate is 3. At which x-value does the graph show the unit rate directly?,"one=""At x = 1"" | zero=""At x = 0"" | three=""At x = 3""",one,At x = 1,Unit rate means 'per ONE' — at x = 1 the height of the line IS the rate itself. That single point carries the whole story.,KEEP,"Prediction precedes a direct causal model, retains the learner choice, and explains the observed outcome.",,,,,,,
proportional-relationships,7,pr-03-03,i2,content/courses/proportional-relationships/lessons/pr-03-03.json,plotPoint,"On a proportional graph, where does the UNIT rate live?","one=""At x = 1 — the height there IS the rate"" | origin=""At the origin"" | four=""At x = 4""",one,At x = 1 — the height there IS the rate,"At x = 1 minute the tank holds 4 gallons: the point (1, 4) carries the whole story, since every other point is just (1, 4) scaled up. The origin says nothing — every proportional line passes through it.",KEEP,"Prediction precedes a direct causal model, retains the learner choice, and explains the observed outcome.",,,,,,,
proportional-relationships,7,pr-04-01,i1,content/courses/proportional-relationships/lessons/pr-04-01.json,percentBar,A 20% tip on a $40 bill — more or less than $10?,"less=""Less than $10"" | more=""More than $10"" | exact=""Exactly $10""",less,Less than $10,"A quarter of the bill — 25% — would be $10, and 20% comes in under that: $8. Benchmarking against the quarter turns tip math into a single comparison before you shade a thing.",KEEP,"Prediction precedes a direct causal model, retains the learner choice, and explains the observed outcome.",,,,,,,
proportional-relationships,7,pr-04-02,i1,content/courses/proportional-relationships/lessons/pr-04-02.json,percentChangeLab,"$10 marked UP 25%, then that price marked DOWN 25%. Back to $10?","below=""No — you land below $10"" | cancel=""Yes — the changes cancel"" | above=""No — you land above $10""",below,No — you land below $10,"The markdown acts on the BIGGER number: up to $12.50, then down $3.13 — landing near $9.38. Percent changes never cancel, because each one rides a different base. That asymmetry is the whole markup/markdown story.",KEEP,"Prediction precedes a direct causal model, retains the learner choice, and explains the observed outcome.",,,,,,,
proportional-relationships,7,pr-04-03,i1,content/courses/proportional-relationships/lessons/pr-04-03.json,percentBar,A $50 jacket rises by 30%. The new price is…,"right=""$65 — the increase is $15"" | dollars=""$80 — it rises BY $30"" | tiny=""$50.30""",right,$65 — the increase is $15,"30% is a share of the base, not raw dollars: 0.30 × $50 = $15 of increase, so $65. Reading '30%' as '$30' is the classic slip — the bar you're about to shade is the $15 slice.",KEEP,"Prediction precedes a direct causal model, retains the learner choice, and explains the observed outcome.",,,,,,,
quadratics,9,qu-01-01,i1,content/courses/quadratics/lessons/qu-01-01.json,quadraticExplore,You'll move h UP in y = a(x − h)² + k. Which way does the parabola slide?,"right=""To the right"" | left=""To the left"" | upward=""Straight up""",right,To the right,"Raising h moves the vertex RIGHT even though h is subtracted — (x − h)² is smallest exactly when x = h, so the low point chases h. The minus sign is why so many people guess the wrong direction.",KEEP,"Prediction precedes a direct causal model, retains the learner choice, and explains the observed outcome.",,,,,,,
quadratics,9,qu-01-02,i1,content/courses/quadratics/lessons/qu-01-02.json,quadraticExplore,You'll move h UP in y = a(x − h)² + k. Which way does the parabola slide?,"right=""To the right"" | left=""To the left"" | upward=""Straight up""",right,To the right,"Raising h moves the vertex RIGHT even though h is subtracted — (x − h)² is smallest exactly when x = h, so the low point chases h. The minus sign is why so many people guess the wrong direction.",KEEP,"Prediction precedes a direct causal model, retains the learner choice, and explains the observed outcome.",,,,,,,
quadratics,9,qu-01-03,e1,content/courses/quadratics/lessons/qu-01-03.json,quadraticExplore,You'll move h DOWN in y = a(x − h)² + k. Which way does the parabola slide?,"right=""To the right"" | left=""To the left"" | upward=""Straight up""",left,To the left,"Raising h moves the vertex RIGHT even though h is subtracted — (x − h)² is smallest exactly when x = h, so the low point chases h. The minus sign is why so many people guess the wrong direction.",KEEP,"Prediction precedes a direct causal model, retains the learner choice, and explains the observed outcome.",,,,,,,
quadratics,9,qu-02-01,i1,content/courses/quadratics/lessons/qu-02-01.json,quadraticExplore,(x − 3)(x + 2) = 0: why does setting each factor to zero work?,"zero=""A product is 0 only when a factor is 0"" | both=""Both factors must be 0 at once"" | any=""It works for any target, not just 0""",zero,A product is 0 only when a factor is 0,"Zero is special: one factor dying kills the whole product, so x = 3 or x = −2. No other target grants this — (x − 3)(x + 2) = 10 does NOT split into x − 3 = 10. The zero on the right is doing all the work.",KEEP,"Prediction precedes a direct causal model, retains the learner choice, and explains the observed outcome.",,,,,,,
quadratics,9,qu-02-02,i1,content/courses/quadratics/lessons/qu-02-02.json,mcq,To factor x² + 5x + 6 you'll hunt for two numbers. They must…,"prodSum=""Multiply to 6 AND add to 5"" | swap=""Multiply to 5 AND add to 6"" | both6=""Both equal 6""",prodSum,Multiply to 6 AND add to 5,Expanding (x + p)(x + q) gives x² + (p + q)x + pq: the middle coefficient is the SUM and the constant is the PRODUCT. Swap those roles and you chase 1 and 5 — numbers that fit nothing here. The pair is 2 and 3.,REMOVE,The attached surface does not meet the direct-manipulation and visible-consequence threshold.,,,,,,,
quadratics,9,qu-02-03,i1,content/courses/quadratics/lessons/qu-02-03.json,quadraticExplore,x² − 9 = 0: how many solutions does it have?,"two=""Two — 3 and −3"" | one=""One — just 3"" | none=""None — squares can't reach 9… wait""",two,Two — 3 and −3,"Both 3² and (−3)² make 9, so the graph of x² − 9 cuts the axis TWICE, symmetric about zero. Dropping the −3 is the most commonly lost solution in algebra — the difference of squares (x−3)(x+3) hands you both.",KEEP,"Prediction precedes a direct causal model, retains the learner choice, and explains the observed outcome.",,,,,,,
quadratics,9,qu-03-01,i1,content/courses/quadratics/lessons/qu-03-01.json,numeric,"Solving x² = 9 by square roots: √9 = 3, so the solutions are…","pm=""±3 — the equation keeps both"" | pos=""Just 3 — that's what √ means"" | root=""±√3""",pm,±3 — the equation keeps both,"√9 is DEFINED as the positive root, 3 — but the equation x² = 9 asks for every number whose square is 9, and there are two. The ± is yours to add when you unsquare: the symbol and the equation answer different questions.",REMOVE,The attached surface does not meet the direct-manipulation and visible-consequence threshold.,,,,,,,
quadratics,9,qu-03-02,i1,content/courses/quadratics/lessons/qu-03-02.json,quadraticExplore,"The formula's ± produces two candidates. With a positive a, the LARGER solution comes from…","plus=""The + branch"" | minus=""The − branch"" | tie=""They tie""",plus,The + branch,"Adding the root pushes x up: (5 + 1)/2 = 3 beats (5 − 1)/2 = 2. The ± isn't decoration — it's both solutions living in one line, and the discriminant under the root decides how far apart they sit.",KEEP,"Prediction precedes a direct causal model, retains the learner choice, and explains the observed outcome.",,,,,,,
quadratics,9,qu-03-03,i1,content/courses/quadratics/lessons/qu-03-03.json,numeric,For x² − 5x + 6 = 0 the discriminant b² − 4ac is 1. Before solving: how many real solutions?,"two=""Two — it's positive"" | one=""One — it's small"" | none=""None — it's less than 4ac… wait""",two,Two — it's positive,A positive discriminant makes the formula's ± add and subtract a real √1 = 1 — two distinct answers (2 and 3). Zero would merge them into one; negative would push them off the real line. One number forecasts the whole cast.,REMOVE,The attached surface does not meet the direct-manipulation and visible-consequence threshold.,,,,,,,
quadratics,9,qu-04-01,i1,content/courses/quadratics/lessons/qu-04-01.json,quadraticExplore,You'll move h UP in y = a(x − h)² + k. Which way does the parabola slide?,"right=""To the right"" | left=""To the left"" | upward=""Straight up""",right,To the right,"Raising h moves the vertex RIGHT even though h is subtracted — (x − h)² is smallest exactly when x = h, so the low point chases h. The minus sign is why so many people guess the wrong direction.",KEEP,"Prediction precedes a direct causal model, retains the learner choice, and explains the observed outcome.",,,,,,,
quadratics,9,qu-04-02,i1,content/courses/quadratics/lessons/qu-04-02.json,quadraticExplore,"x² + 3x − 40 = 0 factors to (x + 8)(x − 5), giving TWO solutions. Can both be the rectangle's width?","pos=""Only the positive one — a width can't be negative"" | both=""Both — every solution counts"" | neither=""Neither — word problems need whole new methods""",pos,Only the positive one — a width can't be negative,"The algebra offers x = 5 and x = −8, but a rectangle can't be −8 units wide — the story rejects it. Word problems always get this last step: solve, then ask which solutions the situation can actually use.",KEEP,"Prediction precedes a direct causal model, retains the learner choice, and explains the observed outcome.",,,,,,,
quadratics,9,qu-04-03,i1,content/courses/quadratics/lessons/qu-04-03.json,numeric,P = −x² + 12x: profit is zero at x = 0 and x = 12. The PEAK sits…,"mid=""Halfway between — at x = 6"" | end=""At x = 12, the bigger zero"" | cant=""Anywhere — parabolas vary""",mid,Halfway between — at x = 6,"A parabola peaks midway between its zeros: (0 + 12)/2 = 6, where P = 36. The axis of symmetry is the AVERAGE of the roots — the peak found with no formula grinding at all.",REMOVE,The attached surface does not meet the direct-manipulation and visible-consequence threshold.,,,,,,,
radical-functions,11,re-03-02,i1,content/courses/radical-functions/lessons/re-03-02.json,signChart,f(x) = √(x + 6). A square root refuses negative inputs. Which x survive that rule?,"ge=""Those making x + 6 zero or positive — so from −6 rightwards"" | pos=""Only x itself positive — from 0 rightwards"" | all=""All of them; the root handles negatives fine""",ge,Those making x + 6 zero or positive — so from −6 rightwards,"The rule applies to what is UNDER the root, not to x. x + 6 is zero or positive from −6 rightwards, so that is the domain — and −6 itself is in it, because √0 = 0 is perfectly defined.",KEEP,"Prediction precedes a direct causal model, retains the learner choice, and explains the observed outcome.",,,,,,,
radical-functions,11,re-04-01,i1,content/courses/radical-functions/lessons/re-04-01.json,extraneousRootLab,Squaring √(x + 6) = x will hand you two candidates. How many of them solve the ORIGINAL equation?,"both=""Both — squaring is reversible"" | one=""Exactly one — squaring can invent an extra"" | neither=""Neither — squaring wrecks the equation""",one,Exactly one — squaring can invent an extra,Squaring keeps every true solution and can add impostors wherever the line dipped below the axis. Here exactly one candidate survives the return trip — finding which one is the work ahead.,KEEP,"Prediction precedes a direct causal model, retains the learner choice, and explains the observed outcome.",,,,,,,
radical-functions,11,re-04-02,i1,content/courses/radical-functions/lessons/re-04-02.json,extraneousRootLab,"After squaring both sides, which equation must decide whether a candidate is a genuine solution?","original=""The original radical equation"" | squared=""Only the squared equation"" | either=""Either one gives the same solution set""",original,The original radical equation,"Squaring is not reversible when signs are lost, so it can enlarge the solution set. Every candidate must return to the original equation.",KEEP,"Prediction precedes a direct causal model, retains the learner choice, and explains the observed outcome.",,,,,,,
radicals-and-exponents,9,rad-01-01,i3,content/courses/radicals-and-exponents/lessons/rad-01-01.json,numeric,Is 20 itself a perfect square?,"no=""No — it falls between two squares"" | yes=""Yes — 4 × 5 counts""",no,No — it falls between two squares,"20 sits strictly between 4² = 16 and 5² = 25, so √20 is not whole. But a perfect square hides INSIDE it — 20 = 4 × 5 — and pulling that 4 out through the root is exactly where √20 = 2√5 will come from.",REMOVE,The attached surface does not meet the direct-manipulation and visible-consequence threshold.,,,,,,,
radicals-and-exponents,9,rad-02-02,i1,content/courses/radicals-and-exponents/lessons/rad-02-02.json,numeric,√2 · √8 — two irrational numbers. Their product will be…,"whole=""A whole number — the radicands merge"" | irr=""Irrational — irrationals stay irrational"" | sixteen=""Exactly 16""",whole,A whole number — the radicands merge,"The product rule merges the insides: √2 · √8 = √16 = 4 — the root of the product, not the product itself. Two irrationals can land square on a whole number whenever their radicands multiply to a perfect square.",REMOVE,The attached surface does not meet the direct-manipulation and visible-consequence threshold.,,,,,,,
radicals-and-exponents,9,rad-04-01,i1,content/courses/radicals-and-exponents/lessons/rad-04-01.json,distanceGrid,"Run 6, rise 8 gives distance 10. If BOTH legs doubled, the distance would be…","twenty=""20 — it doubles too"" | hundred=""100"" | fourteen=""14""",twenty,20 — it doubles too,"Scale both legs by 2 and the hypotenuse scales by 2: √(144 + 256) = 20. Pythagorean triples come in families — 3-4-5 hides inside 6-8-10, which hides inside 12-16-20.",KEEP,"Prediction precedes a direct causal model, retains the learner choice, and explains the observed outcome.",,,,,,,
radicals-and-exponents,9,rad-04-03,i1,content/courses/radicals-and-exponents/lessons/rad-04-03.json,distanceGrid,Distance 5 from the origin with a run of 3: the rise must be…,"four=""4 — since 3² + 4² = 25"" | two=""2 — since 3 + 2 = 5"" | five=""5""",four,4 — since 3² + 4² = 25,"Distance runs on squares: 5² − 3² = 16, so the rise is 4. The straight-line 5 splits into legs 3 and 4 — making the legs add to 5 (3 + 2) walks the streets, not the diagonal.",KEEP,"Prediction precedes a direct causal model, retains the learner choice, and explains the observed outcome.",,,,,,,
rational-functions,11,rf-01-01,i1,content/courses/rational-functions/lessons/rf-01-01.json,signChart,"At x = 4 the denominator of (x + 7)/(x − 4) is zero. Does the curve cross the axis there, or something else?","asymptote=""Neither — there is no point there at all; the curve runs off toward infinity"" | cross=""It crosses, like any other sign change"" | touch=""It touches zero and turns back""",asymptote,Neither — there is no point there at all; the curve runs off toward infinity,"There is no point at x = 4 at all — the function is undefined, and the curve runs away from a vertical asymptote on both sides. The surprise is that the SIGN still changes across it, even though nothing ever crosses the axis.",KEEP,"Prediction precedes a direct causal model, retains the learner choice, and explains the observed outcome.",,,,,,,
rational-functions,11,rf-01-02,i2,content/courses/rational-functions/lessons/rf-01-02.json,signChart,(x² + 5x + 6)/(x² − 4) cancels to (x + 3)/(x − 2). The cancelled (x + 2) is gone from the formula — is it gone from the GRAPH?,"hole=""No — x = −2 is still excluded, leaving a hole in an otherwise unbroken curve"" | gone=""Yes — once it cancels it stops affecting the function at all"" | asymptote=""No — it leaves a vertical asymptote, just like x = 2 does""",hole,"No — x = −2 is still excluded, leaving a hole in an otherwise unbroken curve","A hole, not an asymptote. Cancelling changes the FORMULA, never the domain — x = −2 was excluded before and stays excluded. But nothing blows up there: the curve carries on either side at the same sign, with a single point punched out.",KEEP,"Prediction precedes a direct causal model, retains the learner choice, and explains the observed outcome.",,,,,,,
rational-functions,11,rf-01-03,i2,content/courses/rational-functions/lessons/rf-01-03.json,signChart,"(4 − x)/(x² − 16) cancels down to −1/(x + 4). What happened to x = 4, which used to break the original?","hole=""It is still excluded — the cancelling leaves a hole there"" | fine=""It is fine now; the cancellation repaired it"" | pole=""It became a vertical asymptote""",hole,It is still excluded — the cancelling leaves a hole there,"Still excluded. Cancelling changes how the expression LOOKS, never which inputs it was allowed to take — the original was undefined at x = 4 and so is the simplified form, with a single point punched out. That puncture is a hole, not an asymptote: the curve carries on either side of it.",KEEP,"Prediction precedes a direct causal model, retains the learner choice, and explains the observed outcome.",,,,,,,
rational-functions,11,rf-02-01,i1,content/courses/rational-functions/lessons/rf-02-01.json,signChart,"In (x + 5)/x · x/(x + 1), the x's cancel. Does the ban on x = 0 cancel with them?","gone=""Yes — once the factor is gone, so is its restriction"" | stays=""The restriction survives — it was set by the ORIGINAL expression"" | moves=""It moves to x = −1 and merges with that ban""",stays,The restriction survives — it was set by the ORIGINAL expression,"Restrictions are set before any simplifying happens: the original expression divides by x, so x = 0 was never allowed. Cancelling rewrites the formula, not its history — the ban survives as a hole.",KEEP,"Prediction precedes a direct causal model, retains the learner choice, and explains the observed outcome.",,,,,,,
rational-functions,11,rf-02-02,i1b,content/courses/rational-functions/lessons/rf-02-02.json,signChart,"Dividing by (x − 1)/10 bans one value of x. Where does that ban show up in the ANSWER, 2(x + 2)/(x − 1)?","pole=""As a wall at x = 1 that the curve never reaches"" | root=""As a zero at x = 1"" | gone=""Nowhere — the division is finished, so its condition is spent""",pole,As a wall at x = 1 that the curve never reaches,"You may never divide by zero, so x = 1 was excluded the moment the division was written — and after the flip that factor sits in the denominator, where it shows as a vertical wall. The condition does not expire when the operation is carried out; it is recorded in the result.",KEEP,"Prediction precedes a direct causal model, retains the learner choice, and explains the observed outcome.",,,,,,,
rational-functions,11,rf-04-01,i1,content/courses/rational-functions/lessons/rf-04-01.json,graphZoom,You'll zoom in at x = 0. What will the two sides of the graph do?,"blow=""Climb off the screen"" | agree=""Close in on the same height"" | differ=""Settle on two different heights""",blow,Climb off the screen,"Zooming never tames it — the graph climbs off every window near x = 0. When the values grow without bound, there is no height to agree on, so the limit does not exist.",KEEP,"Prediction precedes a direct causal model, retains the learner choice, and explains the observed outcome.",,,,,,,
rational-functions,11,rf-04-02,i1,content/courses/rational-functions/lessons/rf-04-02.json,graphZoom,You'll zoom in at x = 2. What will the two sides of the graph do?,"agree=""Close in on the same height"" | differ=""Settle on two different heights"" | blow=""Climb off the screen""",agree,Close in on the same height,"Both sides close in on 4 — even though the point itself is missing. A limit only asks where the sides are HEADING, so it exists here despite the hole.",KEEP,"Prediction precedes a direct causal model, retains the learner choice, and explains the observed outcome.",,,,,,,
rational-functions,11,rf-05-01,i2,content/courses/rational-functions/lessons/rf-05-01.json,signChart,"Clearing the LCD gave candidates x = 4 and x = 7, from an equation whose denominator was (x − 4). Before checking either — can BOTH be solutions?","one=""No — x = 4 was never allowed, because it zeroes the denominator"" | both=""Yes — both came out of correct algebra, so both count"" | neither=""No — multiplying by the LCD invalidates every candidate""",one,"No — x = 4 was never allowed, because it zeroes the denominator","Only one. x = 4 was banned before the algebra started — it makes the original denominator zero, so it was never in the domain. Multiplying by the LCD quietly removed that restriction and minted a candidate the original equation cannot accept.",KEEP,"Prediction precedes a direct causal model, retains the learner choice, and explains the observed outcome.",,,,,,,
rational-number-operations,7,rno-01-01,i1,content/courses/rational-number-operations/lessons/rno-01-01.json,integerChips,Building −3 + (−4) with chips: will any chips cancel?,"no=""No — every chip points the same way"" | three=""Yes — 3 pairs vanish"" | all=""Yes — all of them""",no,No — every chip points the same way,"Cancelling needs OPPOSITE chips, and here every chip is negative — seven − chips simply stack up to −7. Same signs pile; only different signs fight.",KEEP,"Prediction precedes a direct causal model, retains the learner choice, and explains the observed outcome.",,,,,,,
rational-number-operations,7,rno-01-02,e1,content/courses/rational-number-operations/lessons/rno-01-02.json,integerChips,You'll mix + and − chips to build −3. One (+) chip and one (−) chip together are worth…,"zero=""0 — they cancel"" | negtwo=""−2"" | two=""+2""",zero,0 — they cancel,"An opposite pair annihilates: +1 and −1 make 0. That's the engine of different-sign addition — in 5 + (−8), five pairs vanish and three − chips are left standing: −3.",KEEP,"Prediction precedes a direct causal model, retains the learner choice, and explains the observed outcome.",,,,,,,
rational-number-operations,7,rno-01-03,i1,content/courses/rational-number-operations/lessons/rno-01-03.json,integerChips,"You'll model −8 + (−5) with chips: 8 negatives, then 5 more negatives. How many zero pairs will cancel?","none=""None — every chip is negative, total −13"" | five=""Five pairs — leaving −3"" | flip=""They all cancel to +13""",none,"None — every chip is negative, total −13","A zero pair needs one positive AND one negative — thirteen negatives have nothing to cancel against, so the pile is simply −13. Getting −3 comes from subtracting the magnitudes, but same-sign addition ADDS them.",KEEP,"Prediction precedes a direct causal model, retains the learner choice, and explains the observed outcome.",,,,,,,
rational-number-operations,7,rno-02-01,i1,content/courses/rational-number-operations/lessons/rno-02-01.json,integerChips,2 − 3 rewritten as 2 + (−3): does the rewrite change the answer?,"no=""No — subtracting is adding the opposite"" | flip=""Yes — it flips the sign"" | pos=""Only for positive answers""",no,No — subtracting is adding the opposite,"Taking 3 away and adding a −3 land in the same spot: the two + chips pair off against two − chips, one − chip stands: −1. The rewrite is the whole trick — every subtraction becomes an addition you already know how to chip out.",KEEP,"Prediction precedes a direct causal model, retains the learner choice, and explains the observed outcome.",,,,,,,
rational-number-operations,7,rno-02-02,i1,content/courses/rational-number-operations/lessons/rno-02-02.json,numberLineHop,You'll compute −3 − (−6) with six hops from −3. Which way do the hops go?,"right=""Right — subtracting a negative adds"" | left=""Left — subtraction always moves left""",right,Right — subtracting a negative adds,"Subtracting −6 is adding its opposite, +6: six hops RIGHT from −3 land on 3. 'Subtract means go left' only holds when the number being taken away is positive — a negative flips the direction.",KEEP,"Prediction precedes a direct causal model, retains the learner choice, and explains the observed outcome.",,,,,,,
rational-number-operations,7,rno-02-03,i3,content/courses/rational-number-operations/lessons/rno-02-03.json,numberLinePlace,"−6 − (−10): before computing, which side of zero does the answer land on?","pos=""Positive — removing a bigger debt lifts you past zero"" | neg=""Negative — it starts negative and stays there"" | zero=""Exactly zero — the negatives cancel""",pos,Positive — removing a bigger debt lifts you past zero,"Subtracting −10 adds 10: from −6, ten steps right crosses zero with room to spare, landing at +4. 'Subtraction makes smaller' fails the moment the number being taken away is negative.",KEEP,"Prediction precedes a direct causal model, retains the learner choice, and explains the observed outcome.",,,,,,,
rational-number-operations,7,rno-03-01,i1,content/courses/rational-number-operations/lessons/rno-03-01.json,numberLinePlace,"−4 × 5: before any arithmetic, the product's sign must be…","neg=""Negative — the signs differ"" | pos=""Positive — the bigger factor is positive"" | order=""It depends on which factor is written first""",neg,Negative — the signs differ,"Different signs always produce a negative: −4 × 5 is five groups of −4, a debt of 20. Size doesn't vote — only signs do — and since multiplication commutes, 5 × (−4) is the same −20.",KEEP,"Prediction precedes a direct causal model, retains the learner choice, and explains the observed outcome.",,,,,,,
rational-number-operations,7,rno-03-02,i2,content/courses/rational-number-operations/lessons/rno-03-02.json,numberLinePlace,−12 ÷ 3 asks: 3 times WHAT gives −12. That missing factor's sign is…,"neg=""Negative — a positive times it must land negative"" | pos=""Positive — division washes signs out"" | either=""Either sign works""",neg,Negative — a positive times it must land negative,"3 × (+4) = +12, the wrong side of zero — only 3 × (−4) reaches −12. Division inherits multiplication's sign rule because it IS a multiplication question in reverse: different signs in, negative out.",KEEP,"Prediction precedes a direct causal model, retains the learner choice, and explains the observed outcome.",,,,,,,
rational-number-operations,7,rno-03-03,i3,content/courses/rational-number-operations/lessons/rno-03-03.json,numberLinePlace,−1 × −1 × −1 × −1: four negative factors. The result's sign will be…,"pos=""Positive — the minuses cancel in pairs"" | neg=""Negative — four minuses is deeply negative"" | zero=""Zero — they wipe each other out""",pos,Positive — the minuses cancel in pairs,"Each PAIR of negatives multiplies to +1, and four negatives make exactly two pairs: +1. Count the minus signs — even count means positive, odd leaves one unpaired minus standing. Cancelling never means zero: these are factors, not opposites being added.",KEEP,"Prediction precedes a direct causal model, retains the learner choice, and explains the observed outcome.",,,,,,,
rational-number-operations,7,rno-04-02,i1,content/courses/rational-number-operations/lessons/rno-04-02.json,numberLinePlace,−2.5 + 1.75: which side of zero does the sum land on?,"neg=""Negative — 2.5 outweighs 1.75"" | pos=""Positive — adding a positive ends positive"" | zero=""Exactly zero — they cancel""",neg,Negative — 2.5 outweighs 1.75,"Different-sign addition is a tug-of-war of magnitudes: 2.5 beats 1.75, so the negative side keeps the difference — −0.75. Adding a positive moves you right, but 1.75 of movement can't cover a 2.5 deficit.",KEEP,"Prediction precedes a direct causal model, retains the learner choice, and explains the observed outcome.",,,,,,,
ratios-rates,6,rr-01-01,i1,content/courses/ratios-rates/lessons/rr-01-01.json,mcq,Does the ORDER of a ratio matter — is 3 : 2 the same as 2 : 3?,"matters=""Order matters — they're different"" | same=""Same — a pair is a pair"" | add=""Same — both add to 5""",matters,Order matters — they're different,A ratio speaks in order: apples to oranges names apples FIRST. Swap the order and the sentence — and the relationship — reverses.,REMOVE,The attached surface does not meet the direct-manipulation and visible-consequence threshold.,,,,,,,
ratios-rates,6,rr-01-02,i1,content/courses/ratios-rates/lessons/rr-01-02.json,mcq,3 girls for every 2 boys — the WHOLE class is how many parts?,"five=""5 parts"" | three=""3 parts"" | two=""2 parts""",five,5 parts,The whole swallows both parts — 3 and 2 together make every 5 students. Part-to-whole ratios always sum the pieces first.,REMOVE,The attached surface does not meet the direct-manipulation and visible-consequence threshold.,,,,,,,
ratios-rates,6,rr-01-03,i1,content/courses/ratios-rates/lessons/rr-01-03.json,ratioTable,"Flour 2 goes with sugar 3 in this recipe. For 10 cups of flour, will the sugar be MORE or LESS than 10?","more=""More than 10"" | less=""Less than 10"" | exactly=""Exactly 10""",more,More than 10,"Sugar runs bigger than flour in this ratio — one-and-a-half times as much — so whenever flour reads 10, sugar has already climbed past it.",KEEP,"Prediction precedes a direct causal model, retains the learner choice, and explains the observed outcome.",,,,,,,
ratios-rates,6,rr-02-01,e1,content/courses/ratios-rates/lessons/rr-02-01.json,ratioTable,"3 cups serve 2 people. 12 cups is 3 cups four times over, so it serves…","eight=""8 — 2 people, four times over"" | eleven=""11 — 12 is 9 more, so add 9"" | twentyfour=""24""",eight,"8 — 2 people, four times over","Scaling the cups ×4 scales the people ×4: 2 × 4 = 8. The additive route — '9 more cups, so 9 more people' — breaks the recipe. Ratios scale by multiplying, never by adding.",KEEP,"Prediction precedes a direct causal model, retains the learner choice, and explains the observed outcome.",,,,,,,
ratios-rates,6,rr-02-02,e1,content/courses/ratios-rates/lessons/rr-02-02.json,covariationScrubber,6 apples is DOUBLE 3 apples. The price becomes…,"four=""$4 — it doubles too"" | five=""$5 — up by 3"" | two=""$2 — the price is the price""",four,$4 — it doubles too,"Double the apples, double the dollars: $2 → $4. The two lines stretch together in lockstep — adding 3 to the price confuses the apple count with the cost.",KEEP,"Prediction precedes a direct causal model, retains the learner choice, and explains the observed outcome.",,,,,,,
ratios-rates,6,rr-02-03,i1,content/courses/ratios-rates/lessons/rr-02-03.json,numeric,Scaling a recipe — must BOTH quantities scale by the same factor?,"yes=""Yes — one multiplier for both"" | no=""No — each scales its own way"" | add=""No — add the same amount to both""",yes,Yes — one multiplier for both,"The relationship survives only if both quantities ride the same multiplier — quadruple the concentrate, quadruple the water. Different factors break the recipe.",REMOVE,The attached surface does not meet the direct-manipulation and visible-consequence threshold.,,,,,,,
ratios-rates,6,rr-03-01,i1,content/courses/ratios-rates/lessons/rr-03-01.json,doubleNumberLine,"Riding 15 miles every hour — after 4 hours, will the top line read more or less than 50?","more=""More than 50"" | less=""Less than 50"" | fifty=""Exactly 50""",more,More than 50,"Four hops of 15 stack past the fifty mark — three hours alone reach 45, and a whole hour more remains.",KEEP,"Prediction precedes a direct causal model, retains the learner choice, and explains the observed outcome.",,,,,,,
ratios-rates,6,rr-04-01,i1,content/courses/ratios-rates/lessons/rr-04-01.json,percentBar,Shading 35% of 200 students — will the shading reach past the halfway mark of the bar?,"less=""No — it stops before half"" | more=""Yes — past halfway"" | half=""It lands exactly on half""",less,No — it stops before half,"Half the bar is 50 out of every hundred — 35 per hundred falls short of that mark, so the shading stops before the middle.",KEEP,"Prediction precedes a direct causal model, retains the learner choice, and explains the observed outcome.",,,,,,,
ratios-rates,6,rr-04-02,e1,content/courses/ratios-rates/lessons/rr-04-02.json,percentBar,25% of 80: which everyday fraction is 25%?,"quarter=""A quarter — so 80 ÷ 4"" | third=""A third — so 80 ÷ 3"" | weird=""25 ÷ 80""",quarter,A quarter — so 80 ÷ 4,"25% is one quarter: 80 ÷ 4 = 20, and the bar will show exactly a quarter shaded. The common percents are fractions in disguise — 50% halves, 25% quarters, 10% shifts the decimal point.",KEEP,"Prediction precedes a direct causal model, retains the learner choice, and explains the observed outcome.",,,,,,,
ratios-rates,6,rr-04-03,i1,content/courses/ratios-rates/lessons/rr-04-03.json,numeric,100% of a number is…?,"itself=""The whole number itself"" | half=""Half of it"" | more=""A little more than it""",itself,The whole number itself,"Percent means per hundred — and 100 per hundred is everything, exactly once. 100% is the identity, the anchor every other percent measures against.",REMOVE,The attached surface does not meet the direct-manipulation and visible-consequence threshold.,,,,,,,
ratios-rates,6,rr-05-01,i1,content/courses/ratios-rates/lessons/rr-05-01.json,numeric,"12 inches for every 1 foot — is a unit conversion a RATIO, like a recipe?","yes=""Yes — 12 : 1, held constant"" | no=""No — units aren't ratios"" | metric=""Only metric units are""",yes,"Yes — 12 : 1, held constant","Every foot brings exactly twelve inches — a fixed 12 : 1 relationship, scaled up just like ingredients. Conversion tables are ratio tables wearing unit labels.",REMOVE,The attached surface does not meet the direct-manipulation and visible-consequence threshold.,,,,,,,
right-triangles-trig,10,rt-01-01,i1,content/courses/right-triangles-trig/lessons/rt-01-01.json,distanceGrid,"Legs 3 and 4, hypotenuse 5. Will 3² + 4² land exactly on 5², or only close?","exact=""Exactly — the theorem is an identity"" | close=""Close — it's a good approximation""",exact,Exactly — the theorem is an identity,"9 + 16 = 25, on the nose. The theorem isn't a measurement or an estimate — the squares built on the two legs carry exactly as much area as the square on the hypotenuse, in every right triangle without exception.",KEEP,"Prediction precedes a direct causal model, retains the learner choice, and explains the observed outcome.",,,,,,,
right-triangles-trig,10,rt-01-02,i1,content/courses/right-triangles-trig/lessons/rt-01-02.json,triangleSolve,Sides 6 and 8: which third side makes the angle between them exactly 90°?,"ten=""10 — since 6² + 8² = 10²"" | fourteen=""14 — the sides added"" | seven=""7""",ten,10 — since 6² + 8² = 10²,"The converse runs Pythagoras backwards: if the third side satisfies c² = 6² + 8² = 100, the angle MUST be right. Shorter than 10 squeezes it acute; longer pries it obtuse — the third side is an angle gauge.",KEEP,"Prediction precedes a direct causal model, retains the learner choice, and explains the observed outcome.",,,,,,,
right-triangles-trig,10,rt-01-03,i1,content/courses/right-triangles-trig/lessons/rt-01-03.json,geometricConstraintLab,Legs 1 and 1. Will the hypotenuse come out a whole number?,"no=""No — nothing whole squares to 2"" | yes=""Yes — 1 + 1 = 2 exactly""",no,No — nothing whole squares to 2,"c² = 1 + 1 = 2, and 2 sits strictly between 1² = 1 and 2² = 4 — no whole number squares to it. The diagonal of a unit square is √2 ≈ 1.414, the first length in this course that refuses to be a fraction at all.",KEEP,"Prediction precedes a direct causal model, retains the learner choice, and explains the observed outcome.",,,,,,,
right-triangles-trig,10,rt-01-04,i1,content/courses/right-triangles-trig/lessons/rt-01-04.json,triangleSolve,"In a 30-60-90 triangle, the side opposite the 30° angle, compared with the hypotenuse, is…","half=""Exactly half of it, always"" | less=""A little less than half"" | depends=""It depends on how big the triangle is""",half,"Exactly half of it, always","Exactly half — and the resize dial is what proves the third option wrong. Halving is a statement about the RATIO, and the 30° angle fixes the ratio no matter what the lengths are.",KEEP,"Prediction precedes a direct causal model, retains the learner choice, and explains the observed outcome.",,,,,,,
right-triangles-trig,10,rt-01-04,i2,content/courses/right-triangles-trig/lessons/rt-01-04.json,mcq,The long leg is √3 times the short one. Doubling the LONG leg will give…,"over=""Too much — doubling is the short leg's move"" | hyp=""Exactly the hypotenuse"" | perim=""The whole perimeter""",over,Too much — doubling is the short leg's move,"The hypotenuse is 2 × the SHORT leg. From the long leg you must first step down (divide by √3), then double: in the 1-√3-2 triangle that's √3 → 1 → 2, while doubling √3 itself gives about 3.46 — well past the true 2.",REMOVE,The attached surface does not meet the direct-manipulation and visible-consequence threshold.,,,,,,,
right-triangles-trig,10,rt-02-01,i1,content/courses/right-triangles-trig/lessons/rt-02-01.json,triangleSolve,"Three right triangles all hold a 35° angle, with hypotenuses 70, 110, and 150. Across the three, opposite ÷ hypotenuse will…","same=""Match exactly — same angle, same shape"" | shrink=""Shrink as the triangle grows"" | grow=""Grow with the triangle""",same,"Match exactly — same angle, same shape","The 35° (plus the right angle) fixes the SHAPE — all three are similar by AA. Scaling multiplies opposite and hypotenuse by the same factor, which cancels in the ratio. That constancy is precisely what lets 'sin 35°' name a single number.",KEEP,"Prediction precedes a direct causal model, retains the learner choice, and explains the observed outcome.",,,,,,,
right-triangles-trig,10,rt-03-01,i1,content/courses/right-triangles-trig/lessons/rt-03-01.json,triangleSolve,"You hold θ and the hypotenuse, and want the side OPPOSITE θ. How many of the three ratios connect exactly those two sides?","one=""Exactly one"" | all=""All three — any works with enough algebra"" | two=""Two of them""",one,Exactly one,"Only sine mentions both players: sin θ = opposite/hypotenuse. Cosine drags in the adjacent side you don't know, and tangent never touches the hypotenuse at all. The sides in play choose the ratio — not habit.",KEEP,"Prediction precedes a direct causal model, retains the learner choice, and explains the observed outcome.",,,,,,,
right-triangles-trig,10,rt-03-02,i1,content/courses/right-triangles-trig/lessons/rt-03-02.json,triangleSolve,tan⁻¹(0.75) hands back…,"angle=""An angle"" | ratio=""A ratio"" | side=""A side length""",angle,An angle,An angle. Forward tangent runs angle → ratio; the inverse runs ratio → angle. Notice what is missing from both directions: any length. That is why resizing the triangle in a moment will change nothing.,KEEP,"Prediction precedes a direct causal model, retains the learner choice, and explains the observed outcome.",,,,,,,
right-triangles-trig,10,rt-04-02,i2,content/courses/right-triangles-trig/lessons/rt-04-02.json,triangleSolve,"Two kites, both on 90 m of string, one at 30° and one at 60°. The 60° kite's height will be…","less=""More than the 30° kite's, but less than double it"" | double=""Exactly double the 30° kite's"" | more=""More than double the 30° kite's""",less,"More than the 30° kite's, but less than double it","Higher, but not double: 45 m becomes 77.9 m, a factor of about 1.73. Doubling the ANGLE is not doubling the height, because the height is 90·sin θ and sine bends — it climbs fastest near 0° and flattens as it approaches 90°.",KEEP,"Prediction precedes a direct causal model, retains the learner choice, and explains the observed outcome.",,,,,,,
right-triangles-trig,10,rt-05-01,i1,content/courses/right-triangles-trig/lessons/rt-05-01.json,triangleSolve,Somewhere between 10° and 80° there is an angle whose adj/hyp equals sin 20°. Where?,"seventy=""At 70° — the angle that completes 20° to a right angle"" | twenty=""At 20° — the same angle"" | never=""Nowhere; sine and cosine never agree""",seventy,At 70° — the angle that completes 20° to a right angle,"At 70°. The two acute angles of a right triangle sum to 90°, and they share the same three sides — the leg that is 'opposite' from one corner is 'adjacent' from the other. That swap is the whole content of the cofunction rule.",KEEP,"Prediction precedes a direct causal model, retains the learner choice, and explains the observed outcome.",,,,,,,
right-triangles-trig,10,rt-05-03,i1,content/courses/right-triangles-trig/lessons/rt-05-03.json,triangleSolve,At what included angle does the law of cosines become the Pythagorean theorem?,"right=""90°"" | sixty=""60°"" | zero=""0°""",right,90°,"At 90°, cos 90° = 0, so the correction term disappears and a² + b² = c² remains.",KEEP,"Prediction precedes a direct causal model, retains the learner choice, and explains the observed outcome.",,,,,,,
sampling-and-probability,7,sp-01-01,i1,content/courses/sampling-and-probability/lessons/sp-01-01.json,ratioTable,30 of 50 sampled students prefer pizza. The school has 500 students — ten times the sample. What should the estimate be?,"ten=""Ten times the sample count — 300"" | same=""Still 30 — the sample already counted them"" | half=""250 — half the school, since 30 is about half the sample""",ten,Ten times the sample count — 300,"A sample estimate assumes the same RATIO holds in the whole population. 500 is ten times 50, so the count scales by ten as well: 300. The ratio stays fixed while both numbers grow — which is what the table will show.",KEEP,"Prediction precedes a direct causal model, retains the learner choice, and explains the observed outcome.",,,,,,,
sampling-and-probability,7,sp-01-02,i1,content/courses/sampling-and-probability/lessons/sp-01-02.json,samplingBiasLab,Which change reduces selection bias?,"method=""Use a representative selection method."" | size=""Only make the sample larger."" | repeat=""Repeat the same biased selection many times.""",method,Use a representative selection method.,"A larger sample reduces random variability, but only representative selection addresses systematic bias.",KEEP,"Prediction precedes a direct causal model, retains the learner choice, and explains the observed outcome.",,,,,,,
sampling-and-probability,7,sp-01-03,i1,content/courses/sampling-and-probability/lessons/sp-01-03.json,ratioTable,2 defects in a sample of 50 phones. The factory made 5000 — a hundred times as many. Will the estimated defect count be small or large?,"twohundred=""Large in count, small in rate — about 200"" | two=""Still about 2 — defects are rare"" | fifty=""About 50 — one per hundred phones""",twohundred,"Large in count, small in rate — about 200","A rare rate can still be a big count once the population is large. 2 in 50 is 4%, and 4% of 5000 is 200 — the RATE stayed tiny while the count grew a hundredfold.",KEEP,"Prediction precedes a direct causal model, retains the learner choice, and explains the observed outcome.",,,,,,,
sampling-and-probability,7,sp-03-01,e1,content/courses/sampling-and-probability/lessons/sp-03-01.json,probabilityArea,You'll shade 1/3 of the grid. Will that cover more or less than half of it?,"more=""More than half"" | less=""Less than half"" | half=""Exactly half""",less,Less than half,Half means the numerator is half the denominator — 1.5/3 here — and 1 is less. Probability as shaded area makes the benchmark visible before you count a single cell.,KEEP,"Prediction precedes a direct causal model, retains the learner choice, and explains the observed outcome.",,,,,,,
sampling-and-probability,7,sp-04-01,e1,content/courses/sampling-and-probability/lessons/sp-04-01.json,treeDiagram,3 shirts and 4 hats — how many different outfits?,"mult=""12 — each shirt pairs with all 4 hats"" | add=""7 — add them up"" | four=""4 — one per hat""",mult,12 — each shirt pairs with all 4 hats,"Each of the 3 shirts fans out into 4 hat-branches: 3 × 4 = 12 leaves on the tree. Adding 3 + 4 = 7 counts the CLOTHES in the closet, not the ways to combine them.",KEEP,"Prediction precedes a direct causal model, retains the learner choice, and explains the observed outcome.",,,,,,,
sampling-and-probability,7,sp-04-02,e1,content/courses/sampling-and-probability/lessons/sp-04-02.json,spinnerSim,You'll shade 3 of the 8 equal sectors. Is that chance more or less than a coin flip?,"more=""More than 1/2"" | less=""Less than 1/2"" | half=""Exactly 1/2""",less,Less than 1/2,"Half of 8 sectors is 4, and 3 is less — so the chance 3/8 sits below 1/2. Benchmarking against a coin flip is the fastest sanity check a probability has.",KEEP,"Prediction precedes a direct causal model, retains the learner choice, and explains the observed outcome.",,,,,,,
sequences-series,11,sr-01-02,i1,content/courses/sequences-series/lessons/sr-01-02.json,sequenceBuild,A sequence starts at 3 and its 6th term must be 23. The step you need is…,"four=""4"" | third=""About 3.83 — the 23 shared over 6 terms"" | twenty=""20 — the whole distance from 3 to 23""",four,4,"4. Getting from the 1st term to the 6th is FIVE hops, not six: 3 + 5×4 = 23. Counting the terms instead of the gaps between them is the most reliable way to land one step out, and it is why the formula carries (n − 1) rather than n.",KEEP,"Prediction precedes a direct causal model, retains the learner choice, and explains the observed outcome.",,,,,,,
sequences-series,11,sr-05-01,i1,content/courses/sequences-series/lessons/sr-05-01.json,sequenceBuild,"As the common ratio moves closer to 1 from below, what happens to the infinite geometric sum?","grows=""Its finite limit grows and eventually escapes as r approaches 1"" | shrinks=""Its limit shrinks toward the first term"" | fixed=""The limit stays fixed because the first term is fixed""",grows,Its finite limit grows and eventually escapes as r approaches 1,"The limit is a/(1 − r). As r approaches 1, the denominator approaches zero, so the ceiling rises without bound.",KEEP,"Prediction precedes a direct causal model, retains the learner choice, and explains the observed outcome.",,,,,,,
sequences-series,11,sr-05-02,i1,content/courses/sequences-series/lessons/sr-05-02.json,sequenceBuild,2 + 2r + 2r² + … The ratio that makes the forever-sum come to exactly 10 is…,"point8=""0.8"" | point2=""0.2"" | five=""5""",point8,0.8,"0.8. The sum is 2/(1 − r), so a total of 10 needs 1 − r = 0.2. Notice how close to 1 the ratio must climb to pile up five times the first term — and that r = 5 is not merely the wrong value, it is outside the range where a forever-sum exists at all.",KEEP,"Prediction precedes a direct causal model, retains the learner choice, and explains the observed outcome.",,,,,,,
series-convergence,13,sc-02-01,i1,content/courses/series-convergence/lessons/sc-02-01.json,taylorApprox,"e ≈ 2.71828. Adding terms of 1 + x + x²/2! + x³/3! + … at x = 1, getting within 0.01 of e will take…","few=""A couple of terms"" | six=""About half a dozen terms"" | lots=""Dozens of terms""",six,About half a dozen terms,"About six. The factorials in the denominators grow far faster than xⁿ can at x = 1, so each new term is a small fraction of the one before and the partial sums close in fast. That collapse is the reason a polynomial can stand in for a transcendental function at all.",KEEP,"Prediction precedes a direct causal model, retains the learner choice, and explains the observed outcome.",,,,,,,
series-convergence,13,sc-02-02,i1,content/courses/series-convergence/lessons/sc-02-02.json,taylorApprox,What does adding another correct Taylor term guarantee near the center?,"local=""More matched local derivative information"" | global=""Exact equality for every x"" | random=""A randomly better graph""",local,More matched local derivative information,"Each added term matches another derivative at the center, improving the local approximation without promising global equality.",KEEP,"Prediction precedes a direct causal model, retains the learner choice, and explains the observed outcome.",,,,,,,
series-convergence,13,sc-03-01,i1,content/courses/series-convergence/lessons/sc-03-01.json,taylorApprox,"1 + x + x² + … at x = 0.5 climbs toward 2. After each new term, the distance still remaining to 2 will…","half=""Halve"" | const=""Shrink by the same fixed amount each time"" | slow=""Barely change — it takes dozens of terms""",half,Halve,"It halves. After n terms the leftover is exactly (0.5)ⁿ, so every term closes half of whatever gap is left — which is why six terms suffice. Geometric convergence is not merely getting closer; it is taking a fixed FRACTION of the remaining distance every time.",KEEP,"Prediction precedes a direct causal model, retains the learner choice, and explains the observed outcome.",,,,,,,
shapes-and-sorting-k,0,ks-03-01,i1,content/courses/shapes-and-sorting-k/lessons/ks-03-01.json,unitRuler,What must be true when units measure length?,"touch=""Equal units touch end to end from the object’s start."" | gaps=""Small gaps are harmless."" | label=""The ending ruler label is always the length.""",touch,Equal units touch end to end from the object’s start.,Measurement iterates equal units from the correct starting point with no gaps or overlaps.,KEEP,"Prediction precedes a direct causal model, retains the learner choice, and explains the observed outcome.",,,,,,,
shapes-build-k,0,kgb-01-01,i1,content/courses/shapes-build-k/lessons/kgb-01-01.json,tapDiagram,“The cat is above” — is the sentence finished?,"no=""No — above WHAT?"" | yes=""Yes, it is complete""",no,No — above WHAT?,"Position words compare; without a landmark, above points at nothing.",KEEP,"Prediction precedes a direct causal model, retains the learner choice, and explains the observed outcome.",,,,,,,
shapes-build-k,0,kgb-01-02,i1,content/courses/shapes-build-k/lessons/kgb-01-02.json,tapDiagram,The dog is IN FRONT OF the house. Where is the house?,"behind=""Behind the dog"" | front=""Also in front""",behind,Behind the dog,Swap the landmark and the word flips to its opposite — in front of becomes behind.,KEEP,"Prediction precedes a direct causal model, retains the learner choice, and explains the observed outcome.",,,,,,,
shapes-build-k,0,kgb-01-03,i1,content/courses/shapes-build-k/lessons/kgb-01-03.json,tapDiagram,A cup sits between shelf and lamp. How many position words can describe it?,"many=""Many — one per landmark"" | one=""Exactly one""",many,Many — one per landmark,"Each landmark grants its own true word: above the shelf, below the lamp, beside the vase.",KEEP,"Prediction precedes a direct causal model, retains the learner choice, and explains the observed outcome.",,,,,,,
shapes-build-k,0,kgb-01-04,i1,content/courses/shapes-build-k/lessons/kgb-01-04.json,unitRuler,Where exactly does a corner live?,"meet=""Where two sides meet"" | middle=""In the shape's middle""",meet,Where two sides meet,"Corners are meeting points — the outline turns there, from one side onto the next.",KEEP,"Prediction precedes a direct causal model, retains the learner choice, and explains the observed outcome.",,,,,,,
shapes-build-k,0,kgb-01-05,i1,content/courses/shapes-build-k/lessons/kgb-01-05.json,tenFrame,A square is tilted like a diamond. How many corners now?,"four=""Still four"" | more=""More than four""",four,Still four,Tilting moves the corners without making or unmaking any; the count is the shape's own.,KEEP,"Prediction precedes a direct causal model, retains the learner choice, and explains the observed outcome.",,,,,,,
shapes-build-k,0,kgb-02-01,i1,content/courses/shapes-build-k/lessons/kgb-02-01.json,unitRuler,Counting a triangle's sides — when do you stop?,"home=""Back at the starting corner"" | tired=""Whenever you like""",home,Back at the starting corner,The outline closes; arriving home means every side has been walked exactly once.,KEEP,"Prediction precedes a direct causal model, retains the learner choice, and explains the observed outcome.",,,,,,,
shapes-build-k,0,kgb-02-02,i1,content/courses/shapes-build-k/lessons/kgb-02-02.json,unitRuler,A square grows to double size. What happens to its name?,"same=""Still a square"" | new=""It becomes a new shape""",same,Still a square,Growing stretches the sides but keeps four-equal-and-four-corners — the name rides on those.,KEEP,"Prediction precedes a direct causal model, retains the learner choice, and explains the observed outcome.",,,,,,,
shapes-build-k,0,kgb-02-03,i1,content/courses/shapes-build-k/lessons/kgb-02-03.json,tapDiagram,Square and rectangle — what do they share?,"four=""Four sides and four corners"" | nothing=""Nothing at all""",four,Four sides and four corners,Both answer FOUR to the side question and the corner question — that is their family bond.,KEEP,"Prediction precedes a direct causal model, retains the learner choice, and explains the observed outcome.",,,,,,,
shapes-build-k,0,kgb-02-04,i1,content/courses/shapes-build-k/lessons/kgb-02-04.json,tapDiagram,Triangle against square — the telling difference?,"counts=""Three sides against four"" | color=""Their colors""",counts,Three sides against four,The side count splits them; color decorates without deciding.,KEEP,"Prediction precedes a direct causal model, retains the learner choice, and explains the observed outcome.",,,,,,,
shapes-build-k,0,kgb-02-05,i1,content/courses/shapes-build-k/lessons/kgb-02-05.json,unitRuler,A ball and a drawn circle — which can your hand pick up?,"ball=""The ball — it takes up space"" | both=""Both alike""",ball,The ball — it takes up space,The drawing stays on its page; the solid has an inside for your hand to grasp.,KEEP,"Prediction precedes a direct causal model, retains the learner choice, and explains the observed outcome.",,,,,,,
shapes-build-k,0,kgb-03-01,i1,content/courses/shapes-build-k/lessons/kgb-03-01.json,unitRuler,"Three straight strokes, but the ends miss. A triangle yet?","no=""Not until it closes"" | yes=""Yes — three strokes is enough""",no,Not until it closes,The outline must return to its start; a gap leaks the inside out.,KEEP,"Prediction precedes a direct causal model, retains the learner choice, and explains the observed outcome.",,,,,,,
shapes-build-k,0,kgb-03-02,i1,content/courses/shapes-build-k/lessons/kgb-03-02.json,unitRuler,Two sticks only — can they close into a shape?,"no=""No — nothing closes with two"" | yes=""Yes, a thin shape""",no,No — nothing closes with two,Two straight sticks can meet at most at their ends and leave the rest open; closing needs a third.,KEEP,"Prediction precedes a direct causal model, retains the learner choice, and explains the observed outcome.",,,,,,,
shapes-build-k,0,kgb-03-03,i1,content/courses/shapes-build-k/lessons/kgb-03-03.json,tapDiagram,Two triangles slide together edge to edge. What can appear?,"square=""A square"" | circle=""A circle""",square,A square,"Their outlines fuse along the shared edge; the straight sides compose a square, never a curve.",KEEP,"Prediction precedes a direct causal model, retains the learner choice, and explains the observed outcome.",,,,,,,
shapes-build-k,0,kgb-03-04,i1,content/courses/shapes-build-k/lessons/kgb-03-04.json,tapDiagram,"Four small equal triangles, joined without gaps. What can they build?","big=""A larger shape — such as a bigger square"" | none=""Nothing larger""",big,A larger shape — such as a bigger square,"Small shapes are building blocks — edge to edge, their outlines fuse into one larger whole.",KEEP,"Prediction precedes a direct causal model, retains the learner choice, and explains the observed outcome.",,,,,,,
shapes-measure-g1,1,smg1-01-01,i1,content/courses/shapes-measure-g1/lessons/smg1-01-01.json,shapeParts,You will touch each side of the triangle once. How many touches will that take?,"three=""3"" | two=""2"" | four=""4""",three,3,A triangle has three straight sides. Touch each one and count as you go — that is what “how many sides” means.,KEEP,"Prediction precedes a direct causal model, retains the learner choice, and explains the observed outcome.",,,,,,,
shapes-measure-g1,1,smg1-01-02,i2,content/courses/shapes-measure-g1/lessons/smg1-01-02.json,shapeParts,A cube is a solid box. Before counting — how many flat faces does it have?,"six=""6"" | four=""4 — just the sides you can see"" | eight=""8""",six,6,"A cube has a face on every side: top, bottom, front, back, left and right — six in all. The ones facing away still count, which is why the dashed lines matter.",KEEP,"Prediction precedes a direct causal model, retains the learner choice, and explains the observed outcome.",,,,,,,
shapes-measure-g1,1,smg1-01-03,i1,content/courses/shapes-measure-g1/lessons/smg1-01-03.json,shapeParts,A cube's corners are called vertices. Some are at the front and some are hidden at the back. How many in all?,"eight=""8"" | four=""4"" | six=""6""",eight,8,Four corners sit at the front and four more sit behind them — eight in all. The dashed lines will help you find the ones at the back.,KEEP,"Prediction precedes a direct causal model, retains the learner choice, and explains the observed outcome.",,,,,,,
shapes-measure-g1,1,smg1-02-01,i1,content/courses/shapes-measure-g1/lessons/smg1-02-01.json,numeric,Can a bar have THREE equal parts where each part is a half?,"no=""No — that many equal parts makes thirds"" | yes=""Yes — if the parts are equal"" | big=""Only if the bar is big enough""",no,No — that many equal parts makes thirds,"'Half' means the whole shared into exactly TWO equal parts — three equal parts make thirds, no matter how fair the cut.",REMOVE,The attached surface does not meet the direct-manipulation and visible-consequence threshold.,,,,,,,
shapes-measure-g1,1,smg1-02-02,i1,content/courses/shapes-measure-g1/lessons/smg1-02-02.json,numeric,Fourths versus halves — will each fourth be BIGGER or SMALLER than a half?,"smaller=""Smaller than a half"" | bigger=""Bigger than a half"" | same=""The same size""",smaller,Smaller than a half,Four sharers split the same bar that two sharers split — more parts means each part shrinks. A fourth is half of a half.,REMOVE,The attached surface does not meet the direct-manipulation and visible-consequence threshold.,,,,,,,
shapes-measure-g1,1,smg1-02-03,i1,content/courses/shapes-measure-g1/lessons/smg1-02-03.json,fractionBar,You will add fourths one at a time. How many will it take to reach the half mark?,"two=""Two fourths"" | one=""Just one fourth"" | four=""All four fourths""",two,Two fourths,"A half is one of two equal parts, and a fourth is one of four. Two fourths side by side reach exactly as far as one half — you are about to watch them land on the same spot.",KEEP,"Prediction precedes a direct causal model, retains the learner choice, and explains the observed outcome.",,,,,,,
shapes-measure-g1,1,smg1-03-01,i1,content/courses/shapes-measure-g1/lessons/smg1-03-01.json,unitRuler,What must be true when units measure length?,"touch=""Equal units touch end to end from the object’s start."" | gaps=""Small gaps are harmless."" | label=""The ending ruler label is always the length.""",touch,Equal units touch end to end from the object’s start.,Measurement iterates equal units from the correct starting point with no gaps or overlaps.,KEEP,"Prediction precedes a direct causal model, retains the learner choice, and explains the observed outcome.",,,,,,,
shapes-measure-g1,1,smg1-03-02,i1,content/courses/shapes-measure-g1/lessons/smg1-03-02.json,lengthCompare,"The pencil is longer than the eraser. To find how many MORE, what do you count?","extra=""Only the extra part that sticks out"" | whole=""The whole pencil"" | both=""Both bars added together""",extra,Only the extra part that sticks out,“How many more” means how much longer one is than the other. That is just the part sticking out past the end of the shorter bar — not the whole bar.,KEEP,"Prediction precedes a direct causal model, retains the learner choice, and explains the observed outcome.",,,,,,,
shapes-measure-g1,1,smg1-04-01,i1,content/courses/shapes-measure-g1/lessons/smg1-04-01.json,clockSet,"For 3 o'clock, where does the LONG hand point?","twelve=""Straight up, to the 12"" | three=""To the 3"" | round=""All the way round""",twelve,"Straight up, to the 12","Straight up to the 12. The long hand at the 12 always means o'clock, whatever the hour is. It is the short hand that moves round to the 3.",KEEP,"Prediction precedes a direct causal model, retains the learner choice, and explains the observed outcome.",,,,,,,
shapes-measure-g1,1,smg1-04-02,i1,content/courses/shapes-measure-g1/lessons/smg1-04-02.json,clockSet,"For half past 7, where does the LONG hand point?","six=""Straight down, to the 6"" | seven=""To the 7"" | twelve=""Straight up, to the 12""",six,"Straight down, to the 6","Straight down to the 6 — halfway round the clock, which is what half past means. The short hand sits between the 7 and the 8, because half of that hour has already gone.",KEEP,"Prediction precedes a direct causal model, retains the learner choice, and explains the observed outcome.",,,,,,,
shapes-measure-g1,1,smg1-04-03,i1,content/courses/shapes-measure-g1/lessons/smg1-04-03.json,clockSet,Which hand do you check FIRST to know whether it is o'clock or half past?,"long=""The long hand"" | short=""The short hand"" | either=""Either one works the same""",long,The long hand,"The long hand. Straight up at the 12 means o'clock; straight down at the 6 means half past. Check that first, then read which hour it is from the short hand.",KEEP,"Prediction precedes a direct causal model, retains the learner choice, and explains the observed outcome.",,,,,,,
shapes-shares-g2,2,ssg2-01-01,i1,content/courses/shapes-shares-g2/lessons/ssg2-01-01.json,shapeParts,“Hepta” means seven. Before counting — how many sides will the heptagon have?,"seven=""7"" | six=""6"" | eight=""8""",seven,7,"Shape names carry their number: hexa is 6, hepta is 7, octa is 8. Counting the sides confirms the name is not arbitrary.",KEEP,"Prediction precedes a direct causal model, retains the learner choice, and explains the observed outcome.",,,,,,,
shapes-shares-g2,2,ssg2-01-02,i1,content/courses/shapes-shares-g2/lessons/ssg2-01-02.json,shapeParts,A square pyramid sits on a square base with triangles rising to a point. How many faces in total?,"five=""5 — four triangles and the base"" | four=""4 — just the triangles"" | six=""6""",five,5 — four triangles and the base,The base is a face too — it is flat and it closes the solid. Four triangles plus one square base makes five.,KEEP,"Prediction precedes a direct causal model, retains the learner choice, and explains the observed outcome.",,,,,,,
shapes-shares-g2,2,ssg2-01-03,i1,content/courses/shapes-shares-g2/lessons/ssg2-01-03.json,shapeFamilyBuilder,What decides a shape family?,"rules=""Its defining attributes."" | tilt=""How it is tilted."" | size=""How large it is.""",rules,Its defining attributes.,"Shape names come from invariant attributes such as side count, right angles, equality, and parallelism.",KEEP,"Prediction precedes a direct causal model, retains the learner choice, and explains the observed outcome.",,,,,,,
shapes-shares-g2,2,ssg2-02-01,i1,content/courses/shapes-shares-g2/lessons/ssg2-02-01.json,areaModel,12 squares with 3 in each row — how many rows will the rectangle need?,"four=""4 rows"" | three=""3 rows"" | nine=""9 rows""",four,4 rows,Dealing 12 squares into rows of 3 fills exactly four rows — equal grouping is division wearing a shape.,KEEP,"Prediction precedes a direct causal model, retains the learner choice, and explains the observed outcome.",,,,,,,
shapes-shares-g2,2,ssg2-03-01,i1,content/courses/shapes-shares-g2/lessons/ssg2-03-01.json,fractionBar,The bar starts at 1/2. Before you touch it: is 1/2 more or less of the bar than 1/3?,"more=""1/2 is more"" | less=""1/2 is less"" | same=""They're the same amount""",more,1/2 is more,"With the same whole, the bar settles it: 1/2 covers more than 1/3. Count of pieces and size of pieces work together — neither alone decides the amount.",KEEP,"Prediction precedes a direct causal model, retains the learner choice, and explains the observed outcome.",,,,,,,
shapes-shares-g2,2,ssg2-03-02,i1,content/courses/shapes-shares-g2/lessons/ssg2-03-02.json,fractionBar,"To make thirds, how many equal parts do you cut the bar into?","three=""3 parts"" | two=""2 parts"" | one=""1 part""",three,3 parts,"3 equal parts, and one of them is a third. A half comes from 2 parts and a fourth from 4 — the name always tells you how many to cut. The parts have to be the same size, or none of them is a third.",KEEP,"Prediction precedes a direct causal model, retains the learner choice, and explains the observed outcome.",,,,,,,
shapes-space,3,geo-01-02,i1,content/courses/shapes-space/lessons/geo-01-02.json,shapeFamilyBuilder,A square obeys the rectangle's rule AND adds more of its own. Does that make it a rectangle too?,"yes=""Yes — meeting the rule means membership"" | no=""No — it's a square instead"" | neither=""It stops being either""",yes,Yes — meeting the rule means membership,"Shape clubs admit anyone who satisfies the rule — extra qualities don't disqualify. A square is a rectangle with a bonus, not a rival.",KEEP,"Prediction precedes a direct causal model, retains the learner choice, and explains the observed outcome.",,,,,,,
shapes-space,3,geo-01-03,i1,content/courses/shapes-space/lessons/geo-01-03.json,steppedReveal,Every square is a rectangle. Is every RECTANGLE also a square?,"no=""No — the arrow runs one way"" | yes=""Yes — the club goes both ways"" | neither=""Neither is really the other""",no,No — the arrow runs one way,"The square's club has a stricter door — all sides equal — and most rectangles can't pass it. Membership flows up the hierarchy, never automatically back down.",REMOVE,The attached surface does not meet the direct-manipulation and visible-consequence threshold.,,,,,,,
shapes-space,3,geo-02-01,i1,content/courses/shapes-space/lessons/geo-02-01.json,dragBucket,Can a shape have a right angle without BEING a rectangle?,"yes=""Yes — one square corner isn't the whole club"" | no=""No — right angles mean rectangle"" | tri=""Only triangles are allowed to""",yes,Yes — one square corner isn't the whole club,"A right triangle carries a square corner and isn't remotely a rectangle — one feature satisfies one rule, not a whole definition. Sorting by a rule means checking THAT rule alone.",REMOVE,The attached surface does not meet the direct-manipulation and visible-consequence threshold.,,,,,,,
shapes-space,3,geo-02-02,i1,content/courses/shapes-space/lessons/geo-02-02.json,matchPairs,A shape with three sides but one OPEN corner — is it a triangle?,"no=""No — a triangle must close"" | yes=""Yes — three sides is enough"" | equal=""Only if the sides are equal""",no,No — a triangle must close,"Triangle membership takes the whole checklist: three sides, all straight, fully closed. One open corner fails it — near-misses teach the definition better than perfect examples do.",REMOVE,The attached surface does not meet the direct-manipulation and visible-consequence threshold.,,,,,,,
shapes-space,3,geo-03-02,i2,content/courses/shapes-space/lessons/geo-03-02.json,tapDiagram,"You'll shade 4 of the 6 equal parts. Is 4/6 more than half the shape, or less?","more=""More than half"" | less=""Less than half"" | half=""Exactly half""",more,More than half,Half of six parts is three — shading four goes one whole part beyond the halfway mark.,KEEP,"Prediction precedes a direct causal model, retains the learner choice, and explains the observed outcome.",,,,,,,
similarity,10,sy-01-01,i1,content/courses/similarity/lessons/sy-01-01.json,dilationExplore,"When the scale factor doubles, what happens to angles and area?","anglearea=""Angles stay equal and area becomes four times as large"" | bothdouble=""Angles and area both double"" | areasame=""Angles and area both stay unchanged""",anglearea,Angles stay equal and area becomes four times as large,"A dilation preserves angles, multiplies every length by k, and multiplies area by k².",KEEP,"Prediction precedes a direct causal model, retains the learner choice, and explains the observed outcome.",,,,,,,
similarity,10,sy-01-02,i2,content/courses/similarity/lessons/sy-01-02.json,ratioTable,"AB = 6 corresponds to DE = 9. Going from the small triangle to the large one, what happens to every side?","ratio=""Each is multiplied by the same ratio, 9/6"" | add=""Each grows by the same amount, 3"" | vary=""Each changes by its own amount""",ratio,"Each is multiplied by the same ratio, 9/6","Similar figures scale by a RATIO, not by an amount added. 6 becomes 9 by multiplying by 1.5 — so every other side multiplies by 1.5 too. Adding 3 to each side would distort the shape.",KEEP,"Prediction precedes a direct causal model, retains the learner choice, and explains the observed outcome.",,,,,,,
similarity,10,sy-02-01,i1,content/courses/similarity/lessons/sy-02-01.json,dilationExplore,"Two triangles have sides 4 and 6, and 6 and 9, with equal included angles. Dilating the first onto the second will need…","one=""One scale factor that works for both sides"" | two=""A different scale factor for each side"" | none=""No single dilation — the angle would change too""",one,One scale factor that works for both sides,"One factor, 1.5, and it moves both sides together — that is what makes the ratio 'common'. And the angle is untouched, because a dilation stretches distances and leaves directions alone.",KEEP,"Prediction precedes a direct causal model, retains the learner choice, and explains the observed outcome.",,,,,,,
similarity,10,sy-02-02,i1,content/courses/similarity/lessons/sy-02-02.json,dilationExplore,"Triangle A is 3-4-5, triangle B is 9-12-15. Checking SSS~ means checking…","all=""All three ratios, and finding they are equal"" | one=""One ratio — the others must follow"" | angles=""The angles, since sides cannot settle similarity""",all,"All three ratios, and finding they are equal","All three — the criterion is that they agree, and agreement is the thing being tested. What the dilation shows is why they agree when they do: one factor is acting on every side at once.",KEEP,"Prediction precedes a direct causal model, retains the learner choice, and explains the observed outcome.",,,,,,,
similarity,10,sy-03-01,i1,content/courses/similarity/lessons/sy-03-01.json,dilationExplore,A line parallel to the base cuts the other two sides. Slide it up and down: can the two ratios AD/DB and AE/EC ever come apart?,"never=""Never — wherever the parallel cut sits, the two ratios stay equal"" | sometimes=""Sometimes — they only match when the cut is at the midpoint"" | shape=""It depends on the triangle — they match only in isosceles ones""",never,"Never — wherever the parallel cut sits, the two ratios stay equal","Never. Drag the cut anywhere along the sides and the two readouts move together, digit for digit — that is the side-splitter theorem, and the reason it can be used to solve for a missing length.",KEEP,"Prediction precedes a direct causal model, retains the learner choice, and explains the observed outcome.",,,,,,,
similarity,10,sy-03-03,i1,content/courses/similarity/lessons/sy-03-03.json,dilationExplore,"A segment inside a triangle is marked parallel to the base. Sliding it up and down, the two side ratios AD/DB and AE/EC will…","together=""Always match each other, at every position"" | sometimes=""Match only at the midpoint"" | never=""Move independently — they measure different sides""",together,"Always match each other, at every position","Always. Parallel to the base is the condition, and it holds at every height, so the two ratios are equal everywhere the cut can go. The midpoint is not where the theorem starts working — it is just the position where both ratios happen to read 1.",KEEP,"Prediction precedes a direct causal model, retains the learner choice, and explains the observed outcome.",,,,,,,
similarity,10,sy-04-01,i1,content/courses/similarity/lessons/sy-04-01.json,dilationExplore,Drop the altitude from the right angle to the hypotenuse. How many triangles similar to each other are now in the figure?,"three=""Three — the two small ones and the original"" | two=""Two — just the two new small ones"" | none=""None; cutting a triangle destroys the similarity""",three,Three — the two small ones and the original,"Three. It is easy to count only the two new pieces and forget that the original is still there and still similar to both. That third one is what makes the geometric-mean relationships work, because it is the triangle whose hypotenuse the segments belong to.",KEEP,"Prediction precedes a direct causal model, retains the learner choice, and explains the observed outcome.",,,,,,,
similarity,10,sy-04-02,i2,content/courses/similarity/lessons/sy-04-02.json,dilationExplore,The altitude to a hypotenuse splits it into 9 and 16. The altitude's length will be…,"twelve=""12 — the square root of 9 × 16"" | half=""12.5 — half the hypotenuse"" | seven=""12.5 — the average of 9 and 16 is close enough""",twelve,12 — the square root of 9 × 16,"12, and the route is the product rather than the sum: √(9 × 16) = √144. Half the hypotenuse is 12.5, which is close enough to 12 to hide the mistake here and to fail badly on any less balanced split — at 4 and 21 the mean is 12.5 and the altitude is only about 9.2.",KEEP,"Prediction precedes a direct causal model, retains the learner choice, and explains the observed outcome.",,,,,,,
similarity,10,sy-04-03,i1,content/courses/similarity/lessons/sy-04-03.json,dilationExplore,The two hypotenuse segments are 3 and 12. Before computing: the altitude will be…,"six=""6 — the square root of the product"" | fivehalf=""7.5 — halfway between 3 and 12"" | nine=""9 — the difference between them""",six,6 — the square root of the product,"6. The altitude is the geometric mean, √(3 × 12) = √36, not the arithmetic mean 7.5. The two means agree only when the segments are equal, which is the one position where the foot sits at the midpoint.",KEEP,"Prediction precedes a direct causal model, retains the learner choice, and explains the observed outcome.",,,,,,,
similarity,10,sy-05-01,i1,content/courses/similarity/lessons/sy-05-01.json,ratioTable,A 6-ft person casts a 4-ft shadow. The tree's shadow is 20 ft — five times as long. How tall is the tree?,"five=""Five times the person's height — 30 ft"" | add=""6 + 16 = 22 ft, since the shadow grew by 16"" | product=""6 × 20 = 120 ft""",five,Five times the person's height — 30 ft,"The sun makes the same angle for both, so person and tree form similar triangles: height and shadow scale together. A shadow five times longer means a height five times taller — 30 ft.",KEEP,"Prediction precedes a direct causal model, retains the learner choice, and explains the observed outcome.",,,,,,,
similarity,10,sy-05-02,i1,content/courses/similarity/lessons/sy-05-02.json,ratioTable,A model is built at scale 1 : 50. Its 8 cm part stands for how much real length?,"mult=""8 × 50 — every model centimetre stands for 50 real ones"" | add=""8 + 50, adding the scale on"" | div=""8 ÷ 50, since the model is smaller""",mult,8 × 50 — every model centimetre stands for 50 real ones,"A scale is a ratio, so it MULTIPLIES. Each centimetre of model stands for 50 real centimetres, and 8 of them stand for 8 × 50 = 400. Dividing would go the other way, from real to model.",KEEP,"Prediction precedes a direct causal model, retains the learner choice, and explains the observed outcome.",,,,,,,
similarity,10,sy-05-03,i1,content/courses/similarity/lessons/sy-05-03.json,dilationExplore,You'll scale every length by k = 3. What happens to the shape's AREA?,"k=""It grows by ×3"" | k2=""It grows by ×9"" | same=""It stays the same""",k2,It grows by ×9,"Width AND height both scale by 3, so area picks up that factor twice: k² = 9. Lengths scale by k, areas always by k² — watch the two figures to see it.",KEEP,"Prediction precedes a direct causal model, retains the learner choice, and explains the observed outcome.",,,,,,,
similarity,10,sy-06-01,i1,content/courses/similarity/lessons/sy-06-01.json,dilationExplore,"A rectangle sits away from the centre of dilation. After dilating by k = 2, will its sides still be parallel to the original rectangle's sides?","yes=""Yes — dilation preserves the direction of every line not through the centre"" | no=""No — stretching would tilt the sides""",yes,Yes — dilation preserves the direction of every line not through the centre,"Yes. Every side of the rectangle avoids the centre, so every side comes out parallel to where it started — only the LENGTHS change, never the directions.",KEEP,"Prediction precedes a direct causal model, retains the learner choice, and explains the observed outcome.",,,,,,,
solid-geometry,10,sg-01-01,i1,content/courses/solid-geometry/lessons/sg-01-01.json,solidSliceLab,Slide a plane through a sphere. Where is the cross-section BIGGEST?,"mid=""Exactly halfway — the slice through the centre"" | top=""Near the top, where the surface curves hardest"" | same=""Every parallel slice has the same area""",mid,Exactly halfway — the slice through the centre,Halfway. Only the slice through the centre is a circle of the sphere's full radius; every other parallel cut is a smaller circle. Sweep the plane and watch the area readout rise to its maximum and fall away again.,KEEP,"Prediction precedes a direct causal model, retains the learner choice, and explains the observed outcome.",,,,,,,
solid-geometry,10,sg-01-03,i1,content/courses/solid-geometry/lessons/sg-01-03.json,solidSliceLab,"A cone is cut by a plane parallel to its base, halfway up. How does that slice's AREA compare with the base?","quarter=""One quarter of it — the radius halves, so the area quarters"" | half=""Half of it — halfway up, half the area"" | same=""The same — parallel cuts of a cone are congruent""",quarter,"One quarter of it — the radius halves, so the area quarters","One quarter. Halfway up, the radius has halved — and area follows the SQUARE of the radius, so it drops to a quarter. This is the k² rule appearing inside a single solid. Sweep the plane and watch the area fall faster than the height.",KEEP,"Prediction precedes a direct causal model, retains the learner choice, and explains the observed outcome.",,,,,,,
solid-geometry,10,sg-02-01,i1,content/courses/solid-geometry/lessons/sg-02-01.json,solidSliceLab,"Two solids have equal heights, and their cross-sections match at the bottom and at the top. Must they have the same volume?","no=""No — they must match at EVERY height, not just two of them"" | yes=""Yes — matching ends is enough to pin the volume"" | cant=""There is no way to tell without the formulas""",no,"No — they must match at EVERY height, not just two of them","No. Cavalieri's hypothesis is every height, and two agreements do not make a theorem — the solids are free to disagree everywhere in between. Sweep the plane through both and hunt for a height where the two readouts come apart.",KEEP,"Prediction precedes a direct causal model, retains the learner choice, and explains the observed outcome.",,,,,,,
solid-geometry,10,sg-02-02,i1,content/courses/solid-geometry/lessons/sg-02-02.json,solidSliceLab,Every cross-section of solid B has exactly half the area of A's at the same height. What is B's volume?,"half=""Half of A's — the ratio carries straight through"" | quarter=""A quarter — areas scale as the square"" | unknown=""Not determined without the shapes""",half,Half of A's — the ratio carries straight through,"Half. Volume is the accumulation of slices, so a constant ratio between the slices passes straight to the total — no squaring, because nothing is being scaled in two directions here. Sweep and watch the ratio hold at every height.",KEEP,"Prediction precedes a direct causal model, retains the learner choice, and explains the observed outcome.",,,,,,,
solid-geometry,10,sg-03-01,i1,content/courses/solid-geometry/lessons/sg-03-01.json,solidSliceLab,A cylinder and a prism have equal heights and equal base areas. What must match at every horizontal level?,"sections=""Their cross-sectional areas"" | perimeters=""Their cross-sectional perimeters"" | surfaces=""Their lateral surface areas""",sections,Their cross-sectional areas,Cavalieri compares area slice by slice. Equal cross-sectional area at every height implies equal volume.,KEEP,"Prediction precedes a direct causal model, retains the learner choice, and explains the observed outcome.",,,,,,,
solid-geometry,10,sg-03-02,i1,content/courses/solid-geometry/lessons/sg-03-02.json,solidSliceLab,A pyramid has base area 36 and height 6. What is its cross-sectional area halfway up?,"nine=""9 — halfway up, the linear scale is ½, so the area is ¼ of 36"" | eighteen=""18 — half the height, half the area"" | twelve=""12 — a third, because pyramids are one-third solids""",nine,"9 — halfway up, the linear scale is ½, so the area is ¼ of 36","9. Halfway up, every horizontal length has halved, so the area is 36 × (½)² = 9. The one-third in the volume formula comes from ACCUMULATING these shrinking slices — it is not a factor you apply to any single one of them.",KEEP,"Prediction precedes a direct causal model, retains the learner choice, and explains the observed outcome.",,,,,,,
solid-geometry,10,sg-04-01,i1b,content/courses/solid-geometry/lessons/sg-04-01.json,solidSliceLab,A hemisphere of radius 5 sits on a cylinder. Across how many heights does the sphere's horizontal section have area π·5²?,"one=""One — the equator, and nowhere else"" | all=""Every height — the radius is 5 throughout"" | none=""None — a curved surface never gives a flat circle""",one,"One — the equator, and nowhere else","A sphere's sections are circles that shrink as you move away from the equator, so π·5² is reached exactly once. The equator is therefore the only circle a cylinder of radius 5 can be joined to — which is why the two radii must match.",KEEP,"Prediction precedes a direct causal model, retains the learner choice, and explains the observed outcome.",,,,,,,
solid-geometry,10,sg-05-01,i1,content/courses/solid-geometry/lessons/sg-05-01.json,dilationExplore,"A statue is scaled up by k = 5. Its height, its bronze surface, and its weight scale by:","kkk=""5, then 25, then 125 — one exponent per dimension involved"" | all5=""5 for all three — scaling is scaling"" | k2k3=""5, 125, 25 — weight before surface""",kkk,"5, then 25, then 125 — one exponent per dimension involved","5, 25, 125. Length has one dimension, surface two, volume three, and each picks up one factor of k. Drag k and watch the three readouts pull apart at three different speeds — that separation IS the reason a scaled statue costs so much more bronze than it does height.",KEEP,"Prediction precedes a direct causal model, retains the learner choice, and explains the observed outcome.",,,,,,,
solving-equations,9,alg1-01-01,i1,content/courses/solving-equations/lessons/alg1-01-01.json,balanceScale,The scale starts with x = 0. Right now the left pan (2x + 3) is…,"light=""Lighter than the right pan"" | heavy=""Heavier than the right pan"" | level=""Already balanced""",light,Lighter than the right pan,"At x = 0 the left pan weighs 3 against 11 on the right — 8 short. Every unit you add to x moves only that pan, which is why exactly one value levels the scale.",KEEP,"Prediction precedes a direct causal model, retains the learner choice, and explains the observed outcome.",,,,,,,
solving-equations,9,alg1-01-01,c2b,content/courses/solving-equations/lessons/alg1-01-01.json,solveBalance,"The pans hold 3x + 5 on the left and 20 on the right. If you take the 5 unit tiles off the left and leave the right alone, what does the beam do?","stays-level=""Stays level — I removed what I meant to remove"" | tips=""Tips — the sides no longer weigh the same"" | solves=""It solves the equation for me""",tips,Tips — the sides no longer weigh the same,"It tips, immediately. ""Do the same to both sides"" is not etiquette — the beam is weighing a real x, and a one-sided removal makes the two pans genuinely unequal. Take the 5 off BOTH sides and the beam stays level, which is the equation staying true.",KEEP,"Prediction precedes a direct causal model, retains the learner choice, and explains the observed outcome.",,,,,,,
solving-equations,9,alg1-03-03,i1,content/courses/solving-equations/lessons/alg1-03-03.json,dragOrder,Undoing C = (F − 32)·5/9 to free F: which wrapper comes off FIRST?,"mul=""The ×5/9 — it went on last"" | sub=""The −32 — it's deepest inside"" | any=""Order doesn't matter for equations""",mul,The ×5/9 — it went on last,"Unwrapping runs last-on, first-off: multiply both sides by 9/5 to peel the 5/9, THEN add 32 — F = 9C/5 + 32. Grabbing the −32 first would tear it out from under the multiplication it's wrapped in.",REMOVE,The attached surface does not meet the direct-manipulation and visible-consequence threshold.,,,,,,,
statistical-inference,11,si-02-01,i1,content/courses/statistical-inference/lessons/si-02-01.json,sampleSim,"You'll run 20 honest, random polls of 25 people each, from a population where 60% say yes. The results will land…","scatter=""Scattered widely around 60%"" | tight=""All within a point or two of 60%"" | exact=""Mostly at exactly 60%""",scatter,Scattered widely around 60%,"Honest same-size polls disagree — here by 20 points or more — with nobody making a mistake. That scatter is sampling variability, and it's why one poll is never the whole story.",KEEP,"Prediction precedes a direct causal model, retains the learner choice, and explains the observed outcome.",,,,,,,
statistical-inference,11,si-02-02,i1,content/courses/statistical-inference/lessons/si-02-02.json,sampleSim,"When sample size increases but the population and random method stay fixed, what should happen to the sampling distribution?","narrow=""Its center stays near the truth while its spread narrows"" | move=""Its center moves away from the truth"" | wide=""Its spread becomes wider""",narrow,Its center stays near the truth while its spread narrows,Larger random samples reduce sampling variability. They do not systematically move the center; they tighten the distribution around the population value.,KEEP,"Prediction precedes a direct causal model, retains the learner choice, and explains the observed outcome.",,,,,,,
statistical-inference,11,si-03-01,i1,content/courses/statistical-inference/lessons/si-03-01.json,estimateSlider,A 400-person poll carries a margin of about ±5 points. To reach about ±1 point you would need roughly…,"double=""Twice as many people"" | five=""Five times as many people"" | twentyfive=""Twenty-five times as many people""",twentyfive,Twenty-five times as many people,"About twenty-five times — some 10,000 people. The margin shrinks with the SQUARE ROOT of the sample, so cutting it to a fifth costs 5² = 25 times the sample. That is why national polls stop near a thousand: the next point of precision is ruinously expensive.",KEEP,"Prediction precedes a direct causal model, retains the learner choice, and explains the observed outcome.",,,,,,,
statistical-inference,11,si-04-02,i1,content/courses/statistical-inference/lessons/si-04-02.json,shuffleTest,"This time the two methods differ by only 0.6. When you rebuild the chance pile, gaps of 0.6 or more will turn up…","often=""Often — chance alone produces gaps this big"" | never=""Almost never"" | exact=""Exactly 5% of the time""",often,Often — chance alone produces gaps this big,"Often, and that IS the verdict. A p-value asks what fraction of chance-produced gaps reach as far as the one you actually saw; when that fraction is large, your gap is unremarkable. Note what this does not say: not that the methods are identical, only that this evidence cannot tell them apart.",KEEP,"Prediction precedes a direct causal model, retains the learner choice, and explains the observed outcome.",,,,,,,
statistical-inference,11,si-06-01,i1,content/courses/statistical-inference/lessons/si-06-01.json,sampleSim,Twenty sample proportions get stacked on a line. What shape does the pile take?,"mound=""A mound — tall in the middle, thin at the edges"" | flat=""Flat — every value equally often"" | edges=""Two piles at the extremes""",mound,"A mound — tall in the middle, thin at the edges","Middling results are common and extreme ones rare, so the pile mounds up over the truth and thins outward — symmetric, single-peaked: a bell. Chance doesn't spread evenly; it clusters.",KEEP,"Prediction precedes a direct causal model, retains the learner choice, and explains the observed outcome.",,,,,,,
statistical-inference,11,si-06-02,i1,content/courses/statistical-inference/lessons/si-06-02.json,estimateSlider,Within ONE σ of the mean (90–110): more or less than half the scores?,"more=""More than half — the middle is where the bell is fat"" | half=""Exactly half"" | less=""Less than half — one σ is a narrow slice""",more,More than half — the middle is where the bell is fat,The bell piles most of its area in the middle: one σ each side holds about 68% — over two-thirds. Half would be a flat distribution's answer; the bell is anything but flat.,KEEP,"Prediction precedes a direct causal model, retains the learner choice, and explains the observed outcome.",,,,,,,
statistical-inference,11,si-06-03,i0,content/courses/statistical-inference/lessons/si-06-03.json,estimateSlider,"Two different tests. A scores 130 where μ = 100, σ = 10. B scores 65 where μ = 50, σ = 5. Who is more extreme?","equal=""They're equally extreme — both 3 σ out"" | a=""A — 130 is the bigger number"" | b=""B — smaller scales exaggerate""",equal,They're equally extreme — both 3 σ out,Raw scores lie across scales. A: (130−100)/10 = 3. B: (65−50)/5 = 3. Both stand exactly three wobbles above their crowds — identical rarity. Dividing out the yardstick is z's entire job.,KEEP,"Prediction precedes a direct causal model, retains the learner choice, and explains the observed outcome.",,,,,,,
systems-equations,9,se-01-01,i1,content/courses/systems-equations/lessons/se-01-01.json,systemsExplore,Two lines with different slopes are on the grid. How many points can satisfy BOTH equations at once?,"one=""Exactly one"" | two=""Two"" | many=""Every point on either line""",one,Exactly one,"Lines with different slopes cross exactly once, so exactly one pair sits in both solution sets — the crossing point. Being on ONE line is not enough; the system demands both.",KEEP,"Prediction precedes a direct causal model, retains the learner choice, and explains the observed outcome.",,,,,,,
systems-equations,9,se-01-02,e1,content/courses/systems-equations/lessons/se-01-02.json,systemsExplore,Two lines with different slopes are on the grid. How many points can satisfy BOTH equations at once?,"one=""Exactly one"" | two=""Two"" | many=""Every point on either line""",one,Exactly one,"Lines with different slopes cross exactly once, so exactly one pair sits in both solution sets — the crossing point. Being on ONE line is not enough; the system demands both.",KEEP,"Prediction precedes a direct causal model, retains the learner choice, and explains the observed outcome.",,,,,,,
systems-equations,9,se-01-03,i1,content/courses/systems-equations/lessons/se-01-03.json,systemsExplore,You are about to make the two rates equal. The single crossing will…,"gone=""Be gone — no crossing at all"" | moves=""Move somewhere else on the grid"" | offscreen=""Slide off the edge, still out there somewhere""",gone,Be gone — no crossing at all,"Gone. Equal rates means the lines never close on each other, so they hold a constant gap and never meet — not further along, and not off the edge of the grid either. Only if their starting values match as well do the two become one line.",KEEP,"Prediction precedes a direct causal model, retains the learner choice, and explains the observed outcome.",,,,,,,
teen-numbers-k,0,knb-01-01,i1,content/courses/teen-numbers-k/lessons/knb-01-01.json,tenFrame,"A full ten, then one more dot. What number is that?","eleven=""11 — ten and one"" | one=""1 — just the new dot""",eleven,11 — ten and one,The finished ten still counts; the new dot lifts the total one past it.,KEEP,"Prediction precedes a direct causal model, retains the learner choice, and explains the observed outcome.",,,,,,,
teen-numbers-k,0,knb-01-02,i1,content/courses/teen-numbers-k/lessons/knb-01-02.json,tenFrame,Ten and two more — do you recount the ten?,"no=""No — count on: 11, 12"" | yes=""Yes, start from 1""",no,"No — count on: 11, 12","The ten is a finished, trusted chunk; only the newcomers need numbers.",KEEP,"Prediction precedes a direct causal model, retains the learner choice, and explains the observed outcome.",,,,,,,
teen-numbers-k,0,knb-01-03,i1,content/courses/teen-numbers-k/lessons/knb-01-03.json,tenFrame,A full frame and 5 loose dots — how do you read it?,"on=""Ten at a glance, then count 5"" | all=""Count all fifteen dots one by one""",on,"Ten at a glance, then count 5",The full frame is a known ten; counting it dot by dot wastes the frame's whole gift.,KEEP,"Prediction precedes a direct causal model, retains the learner choice, and explains the observed outcome.",,,,,,,
teen-numbers-k,0,knb-01-04,i1,content/courses/teen-numbers-k/lessons/knb-01-04.json,tenFrame,"Does “twelve” contain a ten, even though the name hides it?","yes=""Yes — twelve is 10 + 2"" | no=""No — twelve is its own thing""",yes,Yes — twelve is 10 + 2,"The name is old and strange, but the numeral 12 plainly writes one ten and two ones.",KEEP,"Prediction precedes a direct causal model, retains the learner choice, and explains the observed outcome.",,,,,,,
teen-numbers-k,0,knb-02-01,i1,content/courses/teen-numbers-k/lessons/knb-02-01.json,tenFrame,What does the “four” in fourteen count?,"ones=""The four ones past the ten"" | tens=""Four tens""",ones,The four ones past the ten,The -teen ending carries the ten; the front of the word counts only the extras.,KEEP,"Prediction precedes a direct causal model, retains the learner choice, and explains the observed outcome.",,,,,,,
teen-numbers-k,0,knb-02-02,i1,content/courses/teen-numbers-k/lessons/knb-02-02.json,tenFrame,Nineteen is one more dot away from…,"twenty=""20 — a second full ten"" | ten=""10 — back to one ten""",twenty,20 — a second full ten,Nine ones is a nearly-finished second frame; one more dot completes it at twenty.,KEEP,"Prediction precedes a direct causal model, retains the learner choice, and explains the observed outcome.",,,,,,,
teen-numbers-k,0,knb-02-03,i1,content/courses/teen-numbers-k/lessons/knb-02-03.json,tenFrame,Sixteen breaks into ten and…,"six=""6 — the right digit"" | sixteen=""16 — it cannot break""",six,6 — the right digit,"The numeral stores the split: one ten on the left, six ones on the right.",KEEP,"Prediction precedes a direct causal model, retains the learner choice, and explains the observed outcome.",,,,,,,
teen-numbers-k,0,knb-02-04,i1,content/courses/teen-numbers-k/lessons/knb-02-04.json,tenFrame,Which equation matches a full ten and 4 more?,"right=""10 + 4 = 14"" | wrong=""1 + 4 = 14""",right,10 + 4 = 14,"The left digit of 14 is a whole ten, so the true equation adds 10, not 1.",KEEP,"Prediction precedes a direct causal model, retains the learner choice, and explains the observed outcome.",,,,,,,
teen-numbers-k,0,knb-03-01,i1,content/courses/teen-numbers-k/lessons/knb-03-01.json,tenFrame,17 dots meet a ten-frame. How many stay outside?,"seven=""7 — the ones digit"" | none=""0 — they all fit""",seven,7 — the ones digit,The frame holds exactly ten; the ones digit counts everything past that.,KEEP,"Prediction precedes a direct causal model, retains the learner choice, and explains the observed outcome.",,,,,,,
teen-numbers-k,0,knb-03-02,i1,content/courses/teen-numbers-k/lessons/knb-03-02.json,numberLineHop,Where does 13 live on the line?,"past=""3 steps past 10"" | before=""3 steps before 10""",past,3 steps past 10,The ones count the steps beyond the completed ten; teens all live to ten's right.,KEEP,"Prediction precedes a direct causal model, retains the learner choice, and explains the observed outcome.",,,,,,,
teen-numbers-k,0,knb-03-03,i1,content/courses/teen-numbers-k/lessons/knb-03-03.json,tenFrame,"Full frame, 6 dots outside. Which teen?","sixteen=""16 — ten and six"" | six=""6 — count the outsiders only""",sixteen,16 — ten and six,The outsiders ride on a finished ten; the name must carry both parts.,KEEP,"Prediction precedes a direct causal model, retains the learner choice, and explains the observed outcome.",,,,,,,
teen-numbers-k,0,knb-03-04,i1,content/courses/teen-numbers-k/lessons/knb-03-04.json,tenFrame,A ten-tray of eggs and 2 loose ones. Fastest true count?,"twelve=""Ten and 2 — twelve"" | count=""Count all twelve one by one""",twelve,Ten and 2 — twelve,The tray is a ready-made ten; only the loose eggs need counting.,KEEP,"Prediction precedes a direct causal model, retains the learner choice, and explains the observed outcome.",,,,,,,
tens-and-ones,1,tno-01-01,i1,content/courses/tens-and-ones/lessons/tno-01-01.json,baseTenCompose,Maya builds 30 with 3 rods. Leo builds it with 2 rods and 10 cubes. Who has more?,"maya=""Maya has more"" | leo=""Leo has more"" | same=""They have the same amount""",same,They have the same amount,"A rod IS ten cubes bundled together, so trading 1 rod for 10 cubes changes the look but never the amount — both builds are exactly 30.",KEEP,"Prediction precedes a direct causal model, retains the learner choice, and explains the observed outcome.",,,,,,,
tens-and-ones,1,tno-01-02,i2,content/courses/tens-and-ones/lessons/tno-01-02.json,baseTenCompose,You'll build 46 with blocks. Which digit tells you how many RODS (tens) to grab?,"four=""The 4"" | six=""The 6"" | either=""Either one works""",four,The 4,"The left digit counts the tens: 4 rods, then 6 cubes. Swap their jobs and you'd build 64 — a different number, because place is what gives a digit its value.",KEEP,"Prediction precedes a direct causal model, retains the learner choice, and explains the observed outcome.",,,,,,,
tens-and-ones,1,tno-01-03,i1,content/courses/tens-and-ones/lessons/tno-01-03.json,baseTenCompose,47 is built from 4 rods and 7 cubes. Which pile has more PIECES — and which is worth more?,"split=""The cubes are more pieces, but the rods are worth more"" | cubes=""The cubes win both"" | rods=""The rods win both""",split,"The cubes are more pieces, but the rods are worth more",7 cubes out-count 4 rods — but the rods carry 40 against the cubes' 7. Pieces and worth are different questions; the tray shows both at once.,KEEP,"Prediction precedes a direct causal model, retains the learner choice, and explains the observed outcome.",,,,,,,
tens-and-ones,1,tno-02-01,i1,content/courses/tens-and-ones/lessons/tno-02-01.json,baseTenCompose,63 breaks into tens + ones. Which addition sentence will the blocks show?,"sixty=""60 + 3"" | six=""6 + 3"" | swap=""6 + 30""",sixty,60 + 3,"6 rods carry 60, not 6 — so 63 = 60 + 3. Writing 6 + 3 = 9 throws away the rods' worth; the breakdown keeps every block counted.",KEEP,"Prediction precedes a direct causal model, retains the learner choice, and explains the observed outcome.",,,,,,,
tens-and-ones,1,tno-02-02,i1,content/courses/tens-and-ones/lessons/tno-02-02.json,baseTenCompose,40 + 6 names a number. How many digits will it have?,"two=""Two digits"" | three=""Three digits"" | depends=""It depends on the order""",two,Two digits,"40 + 6 = 46 — two digits. The 40 IS 4 tens, so it slides into the tens spot; gluing the digits side by side into 406 invents a hundreds spot that 40 + 6 never asked for.",KEEP,"Prediction precedes a direct causal model, retains the learner choice, and explains the observed outcome.",,,,,,,
tens-and-ones,1,tno-02-03,i1,content/courses/tens-and-ones/lessons/tno-02-03.json,baseTenCompose,"In 52, which digit is worth MORE?","five=""The 5"" | two=""The 2"" | equal=""They're worth the same""",five,The 5,"The 5 sits in the tens spot, so it's worth 50 — the 2 is worth just 2. You're about to see it as 5 whole rods towering over 2 little cubes: place, not the digit's size, decides worth.",KEEP,"Prediction precedes a direct causal model, retains the learner choice, and explains the observed outcome.",,,,,,,
tens-and-ones,1,tno-03-01,i1,content/courses/tens-and-ones/lessons/tno-03-01.json,numberLineHop,"One hop of ten forward from 34 — what changes, what stays?","tens=""Tens digit changes, ones stays: 44"" | both=""Both digits change"" | ones=""Ones digit changes: 35""",tens,"Tens digit changes, ones stays: 44","Ten more is 34 → 44: the 3 ticks up, the 4 in the ones rides along untouched. 'Ten more, ten less' is a one-digit story — and 35 is what ONE more looks like.",KEEP,"Prediction precedes a direct causal model, retains the learner choice, and explains the observed outcome.",,,,,,,
tens-and-ones,1,tno-03-02,i1,content/courses/tens-and-ones/lessons/tno-03-02.json,numberLineHop,You'll add 30 to 40 with hops of ten. What happens to the ONES digit of 40?,"stays=""It stays 0"" | grows=""It grows by 3"" | becomes=""It becomes 3""",stays,It stays 0,Hops of ten land only on tens — 40 → 50 → 60 → 70 — so the ones digit never budges. Adding tens is a tens-place story; the ones just watch.,KEEP,"Prediction precedes a direct causal model, retains the learner choice, and explains the observed outcome.",,,,,,,
tens-and-ones,1,tno-03-03,i1,content/courses/tens-and-ones/lessons/tno-03-03.json,numberLineHop,"You'll take 30 from 65 with hops of ten. What happens to the ones digit, the 5?","stays=""It stays 5"" | shrinks=""It shrinks to 2"" | gone=""It becomes 0""",stays,It stays 5,Backward hops of ten slide you a whole rod at a time — 65 → 55 → 45 → 35 — and the 5 in the ones rides along untouched. Only subtracting ONES could change it.,KEEP,"Prediction precedes a direct causal model, retains the learner choice, and explains the observed outcome.",,,,,,,
tens-and-ones,1,tno-04-01,i1,content/courses/tens-and-ones/lessons/tno-04-01.json,placeCompare,Comparing 45 and 52 — which digits do you check FIRST?,"tens=""The tens"" | ones=""The ones"" | both=""Both at once""",tens,The tens,Tens outrank ones — a difference there settles everything before the ones get a look. Compare from the biggest place down.,REMOVE,The attached surface does not meet the direct-manipulation and visible-consequence threshold.,,,,,,,
tens-and-ones,1,tno-04-02,i1,content/courses/tens-and-ones/lessons/tno-04-02.json,placeCompare,"If two numbers have the SAME tens digit, what breaks the tie?","ones=""The ones digit"" | first=""Whichever was written first"" | nothing=""Nothing — they're equal""",ones,The ones digit,Matching tens hand the decision down the ladder — the ones digit gets the deciding vote. Comparison walks left to right until somewhere disagrees.,REMOVE,The attached surface does not meet the direct-manipulation and visible-consequence threshold.,,,,,,,
tens-and-ones,1,tno-04-03,i1,content/courses/tens-and-ones/lessons/tno-04-03.json,placeCompare,52 has SMALLER ones than 48. Can 52 still be the bigger number?,"yes=""Yes — tens outrank ones"" | no=""No — 8 beats 2"" | tie=""They tie""",yes,Yes — tens outrank ones,Five tens beat four tens before the ones even speak — 52's extra ten is worth more than 48's extra ones. Place beats face value.,REMOVE,The attached surface does not meet the direct-manipulation and visible-consequence threshold.,,,,,,,
the-real-number-system,8,rns-01-02,i1,content/courses/the-real-number-system/lessons/rns-01-02.json,mcq,A fraction whose denominator is built ONLY from 2s and 5s — will its decimal STOP or REPEAT?,"stop=""Stop — it fits the tenths' factors"" | repeat=""Repeat forever"" | divide=""Can't know without long division""",stop,Stop — it fits the tenths' factors,"Tens factor into 2s and 5s — a denominator made only of those slots perfectly into some power of ten, and the decimal terminates. Any other prime forces a repeat.",REMOVE,The attached surface does not meet the direct-manipulation and visible-consequence threshold.,,,,,,,
the-real-number-system,8,rns-02-02,i1,content/courses/the-real-number-system/lessons/rns-02-02.json,dragBucket,A repeating decimal like 0.333… — rational or irrational?,"rational=""Rational — it's a fraction in disguise"" | irrational=""Irrational — it never ends"" | neither=""Neither — it's unfinished""",rational,Rational — it's a fraction in disguise,"Repeating is a pattern, and patterns convert to fractions — 0.333… is exactly 1/3. Irrational means no pattern EVER; endlessness alone doesn't qualify.",REMOVE,The attached surface does not meet the direct-manipulation and visible-consequence threshold.,,,,,,,
the-real-number-system,8,rns-03-01,i1,content/courses/the-real-number-system/lessons/rns-03-01.json,numberLinePlace,Before you place it: is 3.16 closer to 3 or to 4?,"min=""Closer to 3"" | max=""Closer to 4"" | half=""Exactly halfway""",min,Closer to 3,3.16 sits 0.16 from 3 and 0.84 from 4 — the 3 side wins. Judging position from the endpoints first makes the exact placement easier to defend.,KEEP,"Prediction precedes a direct causal model, retains the learner choice, and explains the observed outcome.",,,,,,,
the-real-number-system,8,rns-03-02,i1,content/courses/the-real-number-system/lessons/rns-03-02.json,numberLinePlace,Before you place it: is 3.14 closer to 3 or to 4?,"min=""Closer to 3"" | max=""Closer to 4"" | half=""Exactly halfway""",min,Closer to 3,3.14 sits 0.14 from 3 and 0.86 from 4 — the 3 side wins. Judging position from the endpoints first makes the exact placement easier to defend.,KEEP,"Prediction precedes a direct causal model, retains the learner choice, and explains the observed outcome.",,,,,,,
the-real-number-system,8,rns-03-03,i2,content/courses/the-real-number-system/lessons/rns-03-03.json,estimateSlider,π is a bit more than 3. Where will π² land?,"underten=""Just under 10"" | nine=""Exactly on 9"" | high=""Above 12""",underten,Just under 10,Squaring a-bit-more-than-3 gives a-bit-more-than-9 — the extra 0.14 pushes π² up near 10 but never past it.,KEEP,"Prediction precedes a direct causal model, retains the learner choice, and explains the observed outcome.",,,,,,,
transformations-measurement,8,tm-01-01,i1,content/courses/transformations-measurement/lessons/tm-01-01.json,transformExplore,You'll slide the triangle right 2 and up 3. What happens to its side lengths?,"same=""They stay exactly the same"" | stretch=""They stretch a little"" | depends=""It depends how far it slides""",same,They stay exactly the same,"A translation adds the same vector to every vertex, so the distances BETWEEN vertices cannot change — no matter how far it slides. That is what makes it a rigid motion.",KEEP,"Prediction precedes a direct causal model, retains the learner choice, and explains the observed outcome.",,,,,,,
transformations-measurement,8,tm-01-02,e1,content/courses/transformations-measurement/lessons/tm-01-02.json,transformExplore,The target is the triangle's mirror image below the x-axis. Can sliding alone — no flip — ever land it?,"no=""No — a slide can't turn a shape over"" | yes=""Yes — slide down far enough"" | size=""Only if the triangle were a square""",no,No — a slide can't turn a shape over,Slide the triangle down and its peak still points UP — the mirror image's peak points down. Translations keep orientation; reflections reverse it. No amount of sliding substitutes for the flip.,KEEP,"Prediction precedes a direct causal model, retains the learner choice, and explains the observed outcome.",,,,,,,
transformations-measurement,8,tm-02-01,i1,content/courses/transformations-measurement/lessons/tm-02-01.json,mcq,Does FLIPPING a shape change its size or its side lengths?,"no=""No — everything survives but the position"" | yes=""Yes — flips distort shapes"" | slide=""Only slides are safe""",no,No — everything survives but the position,"Flips, slides, and turns are rigid — they move a shape without bending or stretching a single part. Whatever they produce is congruent to what they started with.",REMOVE,The attached surface does not meet the direct-manipulation and visible-consequence threshold.,,,,,,,
transformations-measurement,8,tm-02-02,e1,content/courses/transformations-measurement/lessons/tm-02-02.json,dilationExplore,You'll scale every length by k = 2. What happens to the shape's AREA?,"k=""It grows by ×2"" | k2=""It grows by ×4"" | same=""It stays the same""",k2,It grows by ×4,"Width AND height both scale by 2, so area picks up that factor twice: k² = 4. Lengths scale by k, areas always by k² — watch the two figures to see it.",KEEP,"Prediction precedes a direct causal model, retains the learner choice, and explains the observed outcome.",,,,,,,
transformations-measurement,8,tm-02-03,i1,content/courses/transformations-measurement/lessons/tm-02-03.json,dilationExplore,You'll scale every length by k = 2. What happens to the shape's AREA?,"k=""It grows by ×2"" | k2=""It grows by ×4"" | same=""It stays the same""",k2,It grows by ×4,"Width AND height both scale by 2, so area picks up that factor twice: k² = 4. Lengths scale by k, areas always by k² — watch the two figures to see it.",KEEP,"Prediction precedes a direct causal model, retains the learner choice, and explains the observed outcome.",,,,,,,
transformations-measurement,8,tm-03-02,i1,content/courses/transformations-measurement/lessons/tm-03-02.json,triangleAngleLab,Two angles are set at 40° and 60°. Is the third angle FORCED?,"yes=""Yes — the three must total 180°"" | no=""No — triangles vary"" | right=""Only in right triangles""",yes,Yes — the three must total 180°,"180° is every triangle's fixed budget: 40 + 60 spends 100, leaving exactly 80 — no freedom left. Two angles always determine the third, which is why matching two angles will be enough for similarity.",KEEP,"Prediction precedes a direct causal model, retains the learner choice, and explains the observed outcome.",,,,,,,
transformations-measurement,8,tm-03-03,i1,content/courses/transformations-measurement/lessons/tm-03-03.json,geometricConstraintLab,Both triangles have angles of 50° and 60°. Their THIRD angles…,"match=""Must match too — 70° each"" | differ=""Could differ"" | repeat=""Are 50° and 60° over again""",match,Must match too — 70° each,"Each third angle is 180 − 110 = 70 — forced on both. Three matching angles means the same SHAPE: similar. Size stays free, and that freedom is exactly the gap between similar and congruent.",KEEP,"Prediction precedes a direct causal model, retains the learner choice, and explains the observed outcome.",,,,,,,
transformations-measurement,8,tm-04-02,i1,content/courses/transformations-measurement/lessons/tm-04-02.json,distanceGrid,A right triangle has legs 6 and 8. Its hypotenuse is…,"ten=""10 — from √(36 + 64)"" | fourteen=""14 — the legs added"" | fortyeight=""48 — the legs multiplied""",ten,10 — from √(36 + 64),"c² = 36 + 64 = 100, so c = 10. The diagonal always beats either leg but undercuts their sum — 14 is the walk AROUND the corner, and the grid will show the shortcut.",KEEP,"Prediction precedes a direct causal model, retains the learner choice, and explains the observed outcome.",,,,,,,
transformations-measurement,8,tm-05-01,i1,content/courses/transformations-measurement/lessons/tm-05-01.json,volumeBuilder,"A cylinder is a circle raised into a column (r = 3, h = 4). Its volume is…","base=""Base area × height: 9π × 4 = 36π"" | wrap=""Circumference × height: 24π"" | mix=""r × h × π = 12π""",base,Base area × height: 9π × 4 = 36π,"Volume stacks the base: each unit of height adds another 9π slab, 36π in all. Circumference × height (24π) measures the LABEL wrapped around the can — its side surface, not its capacity.",KEEP,"Prediction precedes a direct causal model, retains the learner choice, and explains the observed outcome.",,,,,,,
transformations-measurement,8,tm-05-02,i1,content/courses/transformations-measurement/lessons/tm-05-02.json,volumeBuilder,A cone and a cylinder share the same radius 3 and height 4. How does the cone's volume compare?,"third=""Exactly one third of the cylinder's"" | half=""Exactly half of it"" | same=""The same — same radius, same height""",third,Exactly one third of the cylinder's,"A cone tapers to a point, so it holds far less than the cylinder around it — and the amount is not roughly a third but EXACTLY a third. Three cones empty into their cylinder and fill it precisely.",KEEP,"Prediction precedes a direct causal model, retains the learner choice, and explains the observed outcome.",,,,,,,
transformations-measurement,8,tm-05-03,i1,content/courses/transformations-measurement/lessons/tm-05-03.json,volumeBuilder,"A sphere of radius 3 — will its volume be more or less than the 36π cylinder from earlier (radius 3, height 4)?","equal=""Exactly the same, 36π"" | less=""Less — a ball is smaller than a can"" | more=""More""",equal,"Exactly the same, 36π","They match exactly. 4πr³/3 at r = 3 is 36π, and so is πr²h at r = 3, h = 4. Two very different shapes can hold precisely the same amount — volume is not decided by how a solid looks.",KEEP,"Prediction precedes a direct causal model, retains the learner choice, and explains the observed outcome.",,,,,,,
triangle-congruence,10,tc-01-01,i1,content/courses/triangle-congruence/lessons/tc-01-01.json,triangleConstraintLab,Will SSA always determine exactly one triangle?,"yes=""Yes—two sides and any angle are enough"" | no=""No—it can permit two noncongruent triangles"" | onlyright=""Only when the angle is acute""",no,No—it can permit two noncongruent triangles,SSA can create the ambiguous case. SAS removes that branch because the angle lies between the two fixed sides.,KEEP,"Prediction precedes a direct causal model, retains the learner choice, and explains the observed outcome.",,,,,,,
triangle-congruence,10,tc-01-02,i1,content/courses/triangle-congruence/lessons/tc-01-02.json,triangleConstraintLab,Two sides and a non-included angle (SSA) are given. Will they always lock ONE triangle?,"no=""No — the same givens can close into two different triangles"" | yes=""Yes — any two sides and an angle pin the shape"" | depends=""Only if you also know it's a right triangle""",no,No — the same givens can close into two different triangles,"No. Swing the free side from the given angle: it can meet the opposite ray at TWO different points, and both finish a legitimate triangle from the same three parts. SSA is the one combination that doesn't guarantee congruence — build both triangles and see them stand side by side.",KEEP,"Prediction precedes a direct causal model, retains the learner choice, and explains the observed outcome.",,,,,,,
triangle-congruence,10,tc-02-01,i1,content/courses/triangle-congruence/lessons/tc-02-01.json,numeric,"Hypotenuse 13, one leg 5. How is the missing leg found?","squares=""Subtract SQUARES: √(13² − 5²)"" | linear=""Subtract lengths: 13 − 5 = 8"" | add=""Add squares: √(13² + 5²)""",squares,Subtract SQUARES: √(13² − 5²),"Pythagoras trades in squares, never bare lengths: 169 − 25 = 144, so the leg is 12 — not the tempting 13 − 5 = 8. Adding the squares is for finding a HYPOTENUSE; here 13 already is one, so its square is the total the legs must share.",REMOVE,The attached surface does not meet the direct-manipulation and visible-consequence threshold.,,,,,,,
triangle-congruence,10,tc-02-01,i3,content/courses/triangle-congruence/lessons/tc-02-01.json,triangleConstraintLab,SSA leaves two possible triangles. Fixing the given angle at exactly 90° will…,"kills=""Destroy one of them, leaving exactly one triangle"" | both=""Leave both — a right angle changes nothing"" | none=""Destroy both — no triangle can close""",kills,"Destroy one of them, leaving exactly one triangle","One survives. The second SSA triangle exists because the given side can swing to two positions; at a right angle those two positions collapse onto each other. HL is SSA with the ambiguity removed by the right angle, which is why it works only for right triangles.",KEEP,"Prediction precedes a direct causal model, retains the learner choice, and explains the observed outcome.",,,,,,,
triangle-congruence,10,tc-03-01,i1,content/courses/triangle-congruence/lessons/tc-03-01.json,triangleConstraintLab,The apex is 40°. Each base angle will come out…,"bigger=""Bigger than 40° — they split the lion's share"" | equal=""Exactly 40° — all three match"" | smaller=""Smaller than 40° — the apex dominates""",bigger,Bigger than 40° — they split the lion's share,"The apex takes only 40 of the triangle's 180 degrees, leaving 140 for the two base angles to split equally — 70 each, well above the apex. Equal legs force equal base angles, but nothing forces them to match the apex.",KEEP,"Prediction precedes a direct causal model, retains the learner choice, and explains the observed outcome.",,,,,,,
triangle-congruence,10,tc-03-02,i2,content/courses/triangle-congruence/lessons/tc-03-02.json,numeric,Could an equilateral triangle contain a 90° angle?,"no=""No — three equal 90s would burst past 180"" | yes=""Yes — one right angle is allowed""",no,No — three equal 90s would burst past 180,"Equal sides force ALL THREE angles equal, so each must be exactly a third of 180°. Three 90s would total 270 — impossible — and even one 90° would leave the other two only 90 to share, breaking the equality. The three-way split is forced.",REMOVE,The attached surface does not meet the direct-manipulation and visible-consequence threshold.,,,,,,,
triangle-congruence,10,tc-03-02,i3,content/courses/triangle-congruence/lessons/tc-03-02.json,triangleConstraintLab,"If a triangle's two BASE ANGLES measure the same, must the two legs also match?","yes=""Yes — equal angles force equal legs, the theorem run in reverse"" | no=""No — angles and sides are independent facts about a triangle"" | sometimes=""Only if the triangle is also equilateral""",yes,"Yes — equal angles force equal legs, the theorem run in reverse","Yes — this is the converse. With the legs locked equal, try a few apex angles: the base angles always agree. Release the lock at that SAME angle and watch them come apart — the legs, not the angle, were doing the work.",KEEP,"Prediction precedes a direct causal model, retains the learner choice, and explains the observed outcome.",,,,,,,
triangle-congruence,10,tc-03-03,i1,content/courses/triangle-congruence/lessons/tc-03-03.json,triangleConstraintLab,"The midsegment joins the MIDPOINTS of two sides. Compared to the 18-unit base it parallels, it will be…","half=""Exactly half as long"" | same=""The same length — parallel means equal"" | depends=""It depends on the triangle's shape""",half,Exactly half as long,"Cutting both sides at their midpoints creates a small triangle similar to the whole with ratio 1/2 (SAS about the apex), so the midsegment is always exactly half its parallel side — 9 here, and in every triangle, whatever its shape.",KEEP,"Prediction precedes a direct causal model, retains the learner choice, and explains the observed outcome.",,,,,,,
triangle-congruence,10,tc-05-01,i2,content/courses/triangle-congruence/lessons/tc-05-01.json,triangleSolve,"Two sides measure 5 and 8. As you stretch the third side longer and longer, the triangle will…","stops=""Stop existing once the third side reaches 13"" | flat=""Keep existing, just getting flatter forever"" | any=""Exist for any third side at all""",stops,Stop existing once the third side reaches 13,"It stops. At exactly 13 the sides 5 and 8 lie flat end to end along the third side, enclosing no area at all, and beyond that they cannot reach. The bound is not a rule bolted onto triangles — it is the point where two sides can no longer meet.",KEEP,"Prediction precedes a direct causal model, retains the learner choice, and explains the observed outcome.",,,,,,,
triangle-congruence,10,tc-05-02,i3,content/courses/triangle-congruence/lessons/tc-05-02.json,triangleSolve,Two sides stay fixed and only the angle between them grows. Does the third side ALWAYS grow too?,"always=""Always — a bigger included angle means a bigger opposite side, no exceptions"" | sometimes=""Sometimes — it depends on which two sides are fixed"" | no=""No — the third side can shrink even as the angle grows""",always,"Always — a bigger included angle means a bigger opposite side, no exceptions",Always. Drag the included angle open and watch the third side's length climb without ever turning back — a hinge swinging wider always pushes its far ends further apart. That one-way relationship is the whole hinge theorem.,KEEP,"Prediction precedes a direct causal model, retains the learner choice, and explains the observed outcome.",,,,,,,
trig-functions,11,tf-03-01,e1,content/courses/trig-functions/lessons/tf-03-01.json,unitCircleExplore,You'll rotate from 0° to 120°. What does the point's HEIGHT do along the way?,"updown=""Climbs, then falls back"" | climb=""Climbs the whole way"" | fall=""Falls the whole way""",updown,"Climbs, then falls back","The height rises until the top of the circle at 90°, then falls — the sine's peak is exactly where the point is highest.",KEEP,"Prediction precedes a direct causal model, retains the learner choice, and explains the observed outcome.",,,,,,,
trig-functions,11,tf-03-02,i1,content/courses/trig-functions/lessons/tf-03-02.json,unitCircleExplore,You'll rotate from 0° to 150°. What does the point's HEIGHT do along the way?,"updown=""Climbs, then falls back"" | climb=""Climbs the whole way"" | fall=""Falls the whole way""",updown,"Climbs, then falls back","The height rises until the top of the circle at 90°, then falls — the sine's peak is exactly where the point is highest.",KEEP,"Prediction precedes a direct causal model, retains the learner choice, and explains the observed outcome.",,,,,,,
trig-functions,11,tf-03-03,i1,content/courses/trig-functions/lessons/tf-03-03.json,unitCircleExplore,You'll rotate from 0° to 240°. What does the point's HEIGHT do along the way?,"updown=""Climbs, then falls back"" | climb=""Climbs the whole way"" | fall=""Falls the whole way""",updown,"Climbs, then falls back","The height rises until the top of the circle at 90°, then falls — the sine's peak is exactly where the point is highest.",KEEP,"Prediction precedes a direct causal model, retains the learner choice, and explains the observed outcome.",,,,,,,
trig-functions,11,tf-04-01,i1,content/courses/trig-functions/lessons/tf-04-01.json,unitCircleExplore,You'll rotate the point from 0° to 90°. What does its HEIGHT do along the way?,"climb=""Climbs the whole way"" | climbfall=""Climbs, then falls back"" | fall=""Falls the whole way""",climb,Climbs the whole way,"Across the first quarter turn the height — the sine — rises from 0 all the way to its maximum of 1. The falling only begins past 90°, on the way toward 180°.",KEEP,"Prediction precedes a direct causal model, retains the learner choice, and explains the observed outcome.",,,,,,,
trig-graphs-inverses,12,tg-01-01,i1,content/courses/trig-graphs-inverses/lessons/tg-01-01.json,unitCircleExplore,y = sin(x − 90°) is sin x with its start delayed. Where is its FIRST peak?,"p90=""Still at 90° — shifting doesn't move the peak"" | p180=""At 180° — everything slides right by the shift"" | p0=""At 0° — the wave starts at its top now""",p180,At 180° — everything slides right by the shift,"180°. The circle's pointer starts 90° behind, so every feature of the wave — peak included — arrives 90° late. Drag θ and watch the trace: the peak lands where the pointer finally reaches the top.",KEEP,"Prediction precedes a direct causal model, retains the learner choice, and explains the observed outcome.",,,,,,,
trig-graphs-inverses,12,tg-01-02,i1,content/courses/trig-graphs-inverses/lessons/tg-01-02.json,unitCircleExplore,y = 3 sin(2(x − 45°)) + 1. Which dial decides the MAXIMUM value of y?,"amp=""Amplitude alone — max is 3"" | ampmid=""Amplitude AND midline — max is 3 + 1 = 4"" | scale=""The 2 inside — it doubles the height""",ampmid,Amplitude AND midline — max is 3 + 1 = 4,"Amplitude sets how far the wave swings, the midline sets what it swings AROUND: max = 1 + 3 = 4. The 2 inside changes how fast, never how high. Set the four dials and watch each one move exactly one thing.",KEEP,"Prediction precedes a direct causal model, retains the learner choice, and explains the observed outcome.",,,,,,,
trig-graphs-inverses,12,tg-01-03,i1,content/courses/trig-graphs-inverses/lessons/tg-01-03.json,unitCircleExplore,y = 2 sin(2(x − 30°)) − 1: the 2 inside squeezes the wave. How long is ONE full cycle?,"d360=""360° — a sine wave always takes a full turn"" | d180=""180° — twice the speed, half the length"" | d720=""720° — the 2 stretches it out""",d180,"180° — twice the speed, half the length","180°. The pointer's angle is doubled, so the circle completes a lap while x covers only half a turn. Drag through one full cycle and read the period off the axis — then the quarter-step the prose asks for is 180°/4.",KEEP,"Prediction precedes a direct causal model, retains the learner choice, and explains the observed outcome.",,,,,,,
trig-graphs-inverses,12,tg-02-01,i1,content/courses/trig-graphs-inverses/lessons/tg-02-01.json,unitCircleExplore,y = 2 cos x + 3: where does a COSINE wave start at x = 0°?,"top=""At its crest — cos 0° = 1, so y starts at its maximum"" | mid=""On its midline, like sine does"" | bottom=""At its trough — cosine is sine upside-down""",top,"At its crest — cos 0° = 1, so y starts at its maximum","At the crest: cos 0° = 1, so y = 2(1) + 3 = 5 right out of the gate. Cosine's pointer starts at the circle's rightmost point — full x-coordinate — which is why its wave is born at the top. Now trace the whole fall and land where it climbs back onto its center line.",KEEP,"Prediction precedes a direct causal model, retains the learner choice, and explains the observed outcome.",,,,,,,
trig-graphs-inverses,12,tg-02-02,i1,content/courses/trig-graphs-inverses/lessons/tg-02-02.json,unitCircleExplore,"sin(x + 90°) and cos x — the same wave, or merely similar?","same=""The same — the two points will sit on top of each other everywhere"" | close=""Similar but not equal — they'll drift apart somewhere"" | quad=""Equal only in the first quadrant""",same,The same — the two points will sit on top of each other everywhere,"The same wave under two names. Drag θ anywhere — past 90°, through the third quadrant, all the way around — and the point computed from the cofunction formula never leaves the direct point. An identity is a coincidence that survives every drag.",KEEP,"Prediction precedes a direct causal model, retains the learner choice, and explains the observed outcome.",,,,,,,
trig-graphs-inverses,12,tg-02-03,i1,content/courses/trig-graphs-inverses/lessons/tg-02-03.json,unitCircleExplore,"Slide x forward by HALF a period — add π. What happens to the point's two coordinates, cos and sin?","both=""Both flip sign — the point jumps to the far side of the circle"" | sine=""Only sine flips — cosine is even, it never changes"" | neither=""Neither — a slide moves the wave, not its values""",both,Both flip sign — the point jumps to the far side of the circle,"Adding π sends the point to its antipode, straight through the center — so BOTH coordinates flip: sin(x + π) = −sin x and cos(x + π) = −cos x. (“Only sine flips” is a different identity: that one belongs to −x, not to x + π.)",KEEP,"Prediction precedes a direct causal model, retains the learner choice, and explains the observed outcome.",,,,,,,
trig-graphs-inverses,12,tg-03-01,i1,content/courses/trig-graphs-inverses/lessons/tg-03-01.json,unitCircleExplore,"When the point moves to 90°, which coordinate becomes 1?","x=""The horizontal coordinate, cosine"" | y=""The vertical coordinate, sine"" | both=""Both coordinates""",y,"The vertical coordinate, sine","At 90°, the unit-circle point is (0,1), so sine is 1 and cosine is 0.",KEEP,"Prediction precedes a direct causal model, retains the learner choice, and explains the observed outcome.",,,,,,,
trig-graphs-inverses,12,tg-03-02,i1,content/courses/trig-graphs-inverses/lessons/tg-03-02.json,unitCircleExplore,Walking the tangent trace toward 90°: what does the wave do?,"wall=""It climbs without limit — there's a wall at 90°, not a value"" | peak=""It peaks at 1 and comes back down, like sine"" | zero=""It crosses zero there""",wall,"It climbs without limit — there's a wall at 90°, not a value","A wall. tan θ = sin θ / cos θ, and at 90° the denominator hits zero — the trace shoots off the top of the stage and reappears from the bottom. The zeros live where SINE is zero: at 0°, 180°, 360°. Drag past the wall and land on the crossing at 180°.",KEEP,"Prediction precedes a direct causal model, retains the learner choice, and explains the observed outcome.",,,,,,,
trig-graphs-inverses,12,tg-03-03,i1,content/courses/trig-graphs-inverses/lessons/tg-03-03.json,unitCircleExplore,tan x repeats every 180°. How often does tan(2x) repeat?,"d90=""Every 90° — double speed, half the spacing"" | d180=""Still every 180° — the walls don't move"" | d360=""Every 360° — like sine and cosine""",d90,"Every 90° — double speed, half the spacing","Every 90°. The 2 doubles how fast the pointer sweeps, so walls and zeros arrive in half the distance — and tangent started with a 180° period, not 360°. Drag one full copy of the pattern and read its length off the axis.",KEEP,"Prediction precedes a direct causal model, retains the learner choice, and explains the observed outcome.",,,,,,,
trig-graphs-inverses,12,tg-04-01,i1,content/courses/trig-graphs-inverses/lessons/tg-04-01.json,unitCircleExplore,sin 150° = 1/2 too. Can the drag reach 150° to claim it as arcsin(1/2)?,"no=""No — the branch stops at 90°; only one angle per sine value is allowed in"" | yes=""Yes — any angle with the right sine counts"" | wrap=""Yes, by dragging the long way around""",no,No — the branch stops at 90°; only one angle per sine value is allowed in,"No — you hit a wall at 90°. That wall is the whole point: inside [−90°, 90°] every sine value appears exactly once, so “the angle whose sine is 1/2” picks out one answer. Feel for the wall, then land on 30°.",KEEP,"Prediction precedes a direct causal model, retains the learner choice, and explains the observed outcome.",,,,,,,
trig-graphs-inverses,12,tg-04-02,i1,content/courses/trig-graphs-inverses/lessons/tg-04-02.json,unitCircleExplore,"Arcsine lives on [−90°, 90°]. Can arccosine use the same branch?","no=""No — cosine repeats inside that branch; arccos needs [0°, 180°]"" | yes=""Yes — one branch fits all the inverses"" | any=""Any 180° window works for any inverse""",no,"No — cosine repeats inside that branch; arccos needs [0°, 180°]","No: on [−90°, 90°], cosine hits every value TWICE (cos(−60°) = cos 60°), so that window can't serve as arccos. On [0°, 180°] cosine descends from 1 to −1 without repeating — a different function needs a different branch. Feel this one's walls, then find the angle whose cosine is 1/2.",KEEP,"Prediction precedes a direct causal model, retains the learner choice, and explains the observed outcome.",,,,,,,
trig-graphs-inverses,12,tg-04-03,i1,content/courses/trig-graphs-inverses/lessons/tg-04-03.json,unitCircleExplore,"The branch point (30°, 1/2) is on restricted sine. What point must arcsin's graph carry?","swap=""(1/2, 30°) — inputs and outputs trade places"" | same=""(30°, 1/2) — the graphs share their points"" | neg=""(−1/2, −30°) only""",swap,"(1/2, 30°) — inputs and outputs trade places","(1/2, 30°): an inverse answers the reversed question, so every point swaps coordinates — the y = x mirror. On the circle that reads: sine SENDS 30° to 1/2, arcsine sends 1/2 BACK to 30°, and the branch guarantees the return address is unique. Land on it.",KEEP,"Prediction precedes a direct causal model, retains the learner choice, and explains the observed outcome.",,,,,,,
trig-graphs-inverses,12,tg-05-01,i1,content/courses/trig-graphs-inverses/lessons/tg-05-01.json,unitCircleExplore,arcsin(sin 150°): sine of 150° is 1/2. Does the round trip return 150°?,"fold=""No — arcsin can only answer from inside its branch: you get 30° back"" | same=""Yes — inverse means you always get your angle back"" | zero=""It returns 0°""",fold,No — arcsin can only answer from inside its branch: you get 30° back,"You get 30°. sin(arcsin x) is the SAFE direction — 0.3 in, 0.3 out, as above — but arcsin(sin θ) must answer from inside [−90°, 90°], and 150° lives outside. Try to drag to 150°: the wall you hit is the fold happening under your hand.",KEEP,"Prediction precedes a direct causal model, retains the learner choice, and explains the observed outcome.",,,,,,,
trig-graphs-inverses,12,tg-05-02,i1,content/courses/trig-graphs-inverses/lessons/tg-05-02.json,distanceGrid,"Opposite is 3, hypotenuse is 5. As you slide the adjacent leg longer, what happens to the hypotenuse reading?","grows=""It grows too, until one exact length makes it read 5"" | fixed=""It stays 5 no matter what — hypotenuse is fixed by the angle alone"" | shrinks=""It shrinks, since a longer adjacent leaves less for the hypotenuse""",grows,"It grows too, until one exact length makes it read 5",The hypotenuse is the far side of a triangle whose other two legs you are setting — stretch either leg and it has to grow to reach across. Only ONE adjacent length makes it land on exactly 5 with opposite held at 3.,KEEP,"Prediction precedes a direct causal model, retains the learner choice, and explains the observed outcome.",,,,,,,
trig-graphs-inverses,12,tg-05-03,i1,content/courses/trig-graphs-inverses/lessons/tg-05-03.json,unitCircleExplore,"sin x = 1/2 on [0°, 360°). Arcsine hands you 30°. How many solutions are there in total?","two=""Two — 30° and its mirror partner across the vertical axis"" | one=""One — the inverse's answer is the answer"" | four=""Four — one per quadrant""",two,Two — 30° and its mirror partner across the vertical axis,"Two. Height 1/2 is a horizontal line through the circle, and it meets the circle at TWO points: 30° and its mirror 180° − 30° = 150°. The inverse only ever reports the branch's copy — you drag to the partner yourself.",KEEP,"Prediction precedes a direct causal model, retains the learner choice, and explains the observed outcome.",,,,,,,
trig-identities-equations,12,ti-01-01,i1,content/courses/trig-identities-equations/lessons/ti-01-01.json,unitCircleExplore,"When the point moves to 90°, which coordinate becomes 1?","x=""The horizontal coordinate, cosine"" | y=""The vertical coordinate, sine"" | both=""Both coordinates""",y,"The vertical coordinate, sine","At 90°, the unit-circle point is (0,1), so sine is 1 and cosine is 0.",KEEP,"Prediction precedes a direct causal model, retains the learner choice, and explains the observed outcome.",,,,,,,
trig-identities-equations,12,ti-01-02,i1,content/courses/trig-identities-equations/lessons/ti-01-02.json,unitCircleExplore,Sine's solution ladder needs TWO families (+360°k each). How many does tangent need?,"one=""One — tangent repeats every 180°, so a single ladder catches everything"" | two=""Two, like sine — all trig functions pair up"" | half=""None — tangent equations have single answers""",one,"One — tangent repeats every 180°, so a single ladder catches everything",One ladder with a 180° step. Tangent's whole pattern lives in one branch and repeats every half-turn — drag one full copy and read its length — so θ + 180°k sweeps up every solution. That's why sine's two families MERGE for tangent.,KEEP,"Prediction precedes a direct causal model, retains the learner choice, and explains the observed outcome.",,,,,,,
trig-identities-equations,12,ti-01-03,i1,content/courses/trig-identities-equations/lessons/ti-01-03.json,unitCircleExplore,"Solutions of sin(2x) = … come from a 2x-ladder with 360° rungs. After dividing by 2, how far apart are the x-rungs?","d180=""180° — dividing the ladder divides the spacing"" | d360=""Still 360° — the +2πk is untouchable"" | d720=""720° — dividing spreads them out""",d180,180° — dividing the ladder divides the spacing,"180°: dividing EVERYTHING by 2 divides the rung spacing too — 2πk becomes πk. On the wave, that's just the period of sin 2x: drag one full cycle and see it close in half a turn.",KEEP,"Prediction precedes a direct causal model, retains the learner choice, and explains the observed outcome.",,,,,,,
trig-identities-equations,12,ti-02-01,i1,content/courses/trig-identities-equations/lessons/ti-02-01.json,unitCircleExplore,sec θ = 1/cos θ. What happens to sec as θ approaches 90°?,"blow=""It blows up — dividing by a cosine that's heading to zero"" | one=""It heads to 1 — reciprocals settle down"" | zero=""It heads to 0, following cosine down""",blow,It blows up — dividing by a cosine that's heading to zero,It blows up: sec inherits a wall exactly where cos crosses zero. Reciprocal functions add no new information — sec θ = 5/4 when cos θ = 4/5 — but they invert the geography: small cosines make huge secants. Land the trace on the crossing that makes the wall.,KEEP,"Prediction precedes a direct causal model, retains the learner choice, and explains the observed outcome.",,,,,,,
trig-identities-equations,12,ti-02-02,i1,content/courses/trig-identities-equations/lessons/ti-02-02.json,unitCircleExplore,"The Pythagorean family all comes from one picture. If a formula in it carries a sign slip, what will the circle show?","mirror=""The computed point mirrors off the true one the moment θ moves"" | nothing=""Nothing — signs wash out when you square"" | shrink=""The point spirals inward""",mirror,The computed point mirrors off the true one the moment θ moves,"It mirrors off — a wrong sign is a wrong reflection, visible instantly. tan²θ + 1 = sec²θ is safe under squaring, but the family's unsquared members are not: pick each formula and watch which survives the drag.",KEEP,"Prediction precedes a direct causal model, retains the learner choice, and explains the observed outcome.",,,,,,,
trig-identities-equations,12,ti-02-03,i1,content/courses/trig-identities-equations/lessons/ti-02-03.json,unitCircleExplore,A proof works one side toward the other. What does a VALID step do to the point the expression names?,"glue=""Nothing — valid steps rename the point without moving it"" | closer=""Moves it a little closer to the target"" | jump=""Teleports it to the other side's point""",glue,Nothing — valid steps rename the point without moving it,"Nothing moves. tan θ · cos θ and sin θ are two names for one point-height, so every legal rewrite leaves the point exactly where it was — through the whole drag. An invalid step is the one that lets the two names come apart somewhere.",KEEP,"Prediction precedes a direct causal model, retains the learner choice, and explains the observed outcome.",,,,,,,
trig-identities-equations,12,ti-03-01,i1,content/courses/trig-identities-equations/lessons/ti-03-01.json,unitCircleExplore,Is sin(A + B) the same as sin A + sin B?,"no=""No — the “add the sines” point will drift OFF the circle entirely"" | yes=""Yes — sine distributes over addition"" | small=""Only for small angles""",no,No — the “add the sines” point will drift OFF the circle entirely,"No — and the failure is visible: coordinates built by simple addition can exceed 1, so that point sails off the circle, where no angle's sine and cosine can live. The true expansion keeps the point exactly on the direct one. Watch both.",KEEP,"Prediction precedes a direct causal model, retains the learner choice, and explains the observed outcome.",,,,,,,
trig-identities-equations,12,ti-03-02,i1,content/courses/trig-identities-equations/lessons/ti-03-02.json,unitCircleExplore,"Cofunction claims survive any θ — even past 90°, where the “co” angle goes negative?","hold=""They hold everywhere — the swap needs no quadrant escort"" | acute=""Only while both angles stay acute"" | flip=""Past 90° a sign flips in""",hold,They hold everywhere — the swap needs no quadrant escort,"Everywhere. Drag θ through 90° and beyond: the swapped-coordinate point never leaves the direct one, negative co-angle and all. The quadrant-blind version — tacking on a sign — detaches immediately. Identities don't check quadrants; wrong formulas do.",KEEP,"Prediction precedes a direct causal model, retains the learner choice, and explains the observed outcome.",,,,,,,
trig-identities-equations,12,ti-03-03,i1,content/courses/trig-identities-equations/lessons/ti-03-03.json,unitCircleExplore,sin 40° cos 10° + cos 40° sin 10° — what single value is this?,"s50=""sin 50° — it's the expansion of sin(40° + 10°), read backwards"" | s30=""sin 30° — the difference"" | sum=""sin 40° + sin 10°""",s50,"sin 50° — it's the expansion of sin(40° + 10°), read backwards","sin 50°. The four-term string is the sum formula already expanded — recognizing the pattern lets you fold it back to one clean value. On the circle: the folded point and the expanded point are the SAME point, at every angle you can drag to.",KEEP,"Prediction precedes a direct causal model, retains the learner choice, and explains the observed outcome.",,,,,,,
trig-identities-equations,12,ti-04-01,i1,content/courses/trig-identities-equations/lessons/ti-04-01.json,unitCircleExplore,"As θ sweeps, a second point rides at 2θ. When does sin 2θ reach its maximum of 1?","t45=""At θ = 45° — the doubled point tops out at 90°"" | t90=""At θ = 90° — where sine itself peaks"" | t30=""At θ = 30°""",t45,At θ = 45° — the doubled point tops out at 90°,"θ = 45°: the doubled point moves twice as fast, so it reaches the top of the circle while θ is only halfway there. Watch the formula point 2 sin θ cos θ ride the direct 2θ point the whole way — one angle, used twice, is still one point.",KEEP,"Prediction precedes a direct causal model, retains the learner choice, and explains the observed outcome.",,,,,,,
trig-identities-equations,12,ti-04-02,i1,content/courses/trig-identities-equations/lessons/ti-04-02.json,unitCircleExplore,cos 2θ is written three ways. How many of them are the same function?,"all3=""All three — the Pythagorean identity converts each into the others"" | one=""Only cos²θ − sin²θ is exact; the others approximate"" | depends=""It depends on the quadrant""",all3,All three — the Pythagorean identity converts each into the others,"All three: substituting sin²θ = 1 − cos²θ turns the first face into the second, and cos²θ = 1 − sin²θ turns it into the third. Try each — three formulas, one glued point. The fourth candidate is a face with its signs backwards; the circle will show you which.",KEEP,"Prediction precedes a direct causal model, retains the learner choice, and explains the observed outcome.",,,,,,,
trig-identities-equations,12,ti-04-03,i1,content/courses/trig-identities-equations/lessons/ti-04-03.json,unitCircleExplore,θ is acute (under 90°). Must cos 2θ be positive too?,"no=""No — 2θ can cross into the second quadrant while θ is still acute"" | yes=""Yes — acute in, positive out"" | zero=""cos 2θ is zero for all acute θ""",no,No — 2θ can cross into the second quadrant while θ is still acute,"No: at θ = 70°, the doubled point sits at 140° — second quadrant, cosine negative — while θ itself is comfortably acute. Watch the direct point cross the vertical axis at θ = 45°. Proofs that expand sin 2θ = 2 sin θ cos θ work in every quadrant precisely because the formula carries its own signs.",KEEP,"Prediction precedes a direct causal model, retains the learner choice, and explains the observed outcome.",,,,,,,
trig-identities-equations,12,ti-05-01,i1,content/courses/trig-identities-equations/lessons/ti-05-01.json,unitCircleExplore,"2sin²x − sin x − 1 = 0 factors to sin x = 1 or sin x = −1/2. How many solutions on [0°, 360°)?","three=""Three — sin x = 1 touches once; sin x = −1/2 crosses twice"" | four=""Four — two per factor, always"" | two=""Two — one per factor""",three,Three — sin x = 1 touches once; sin x = −1/2 crosses twice,"Three. The line y = 1 only TOUCHES the wave — at its crest — while y = −1/2 cuts clean through it twice. “Solutions per factor” is geometry, not a rule of two: land the trace on the crest and see why sin x = 1 is a one-answer equation.",KEEP,"Prediction precedes a direct causal model, retains the learner choice, and explains the observed outcome.",,,,,,,
trig-identities-equations,12,ti-05-02,i1,content/courses/trig-identities-equations/lessons/ti-05-02.json,unitCircleExplore,Substituting cos²x = 1 − sin²x rewrites the equation entirely in sin x. Does the rewrite move any solutions?,"none=""No — the substitution is an identity, true at every x"" | some=""It can shift solutions slightly"" | adds=""It adds solutions""",none,"No — the substitution is an identity, true at every x","None move: an identity holds at EVERY x, so replacing cos²x with 1 − sin²x changes the equation's clothing, never its solution set. (Squaring both sides is a different animal — that's the next lesson's trap.) Converting first earns you one function to solve for; the wave shows where.",KEEP,"Prediction precedes a direct causal model, retains the learner choice, and explains the observed outcome.",,,,,,,
trig-identities-equations,12,ti-05-03,i1,content/courses/trig-identities-equations/lessons/ti-05-03.json,unitCircleExplore,Squaring both sides of cos x = 1 − sin x: does the solution set survive intact?,"gains=""No — squaring can ADD impostors that solve the squared version only"" | same=""Yes — squaring is reversible"" | loses=""No — squaring silently DROPS solutions""",gains,No — squaring can ADD impostors that solve the squared version only,"Squaring adds: it makes cos x = −(1 − sin x) count too, so candidates appear that fail the original — x = π among them, as the entry shows. The danger zone is wherever cos x changes sign: land on that crossing. (Dividing by a trig factor is the opposite crime — it LOSES roots.)",KEEP,"Prediction precedes a direct causal model, retains the learner choice, and explains the observed outcome.",,,,,,,
two-step-equations,7,tse-01-01,i1,content/courses/two-step-equations/lessons/tse-01-01.json,algebraTiles,Distributing −3 across (x + 2) — does the NEGATIVE reach both terms inside?,"both=""Yes — both get multiplied by −3"" | first=""No — only the x takes the sign"" | none=""The sign stays outside""",both,Yes — both get multiplied by −3,The −3 is one package — sign included — and distribution copies the whole package onto every term. Losing the minus on the second term is the classic slip.,KEEP,"Prediction precedes a direct causal model, retains the learner choice, and explains the observed outcome.",,,,,,,
two-step-equations,7,tse-01-02,e1,content/courses/two-step-equations/lessons/tse-01-02.json,algebraTiles,"−3x + 5x — after the tiles cancel, will the leftovers be x-tiles or number-tiles?","xtiles=""x-tiles"" | numbers=""Number-tiles"" | nothing=""Nothing is left""",xtiles,x-tiles,"Opposite x-tiles cancel in pairs — three negatives eat three positives, leaving two x-tiles standing and no plain numbers at all.",KEEP,"Prediction precedes a direct causal model, retains the learner choice, and explains the observed outcome.",,,,,,,
two-step-equations,7,tse-01-03,i1,content/courses/two-step-equations/lessons/tse-01-03.json,algebraTiles,"In 3(x + 2) + 4x, can the 4x combine with anything BEFORE distributing?","notyet=""Not yet — the 3x is locked in the parentheses"" | two=""Yes — with the 2"" | three=""Yes — with the 3""",notyet,Not yet — the 3x is locked in the parentheses,"The parentheses hide a 3x that only distribution releases — until then the 4x has no visible partner. Unlock first, then collect.",KEEP,"Prediction precedes a direct causal model, retains the learner choice, and explains the observed outcome.",,,,,,,
two-step-equations,7,tse-02-01,i1,content/courses/two-step-equations/lessons/tse-02-01.json,inversePipeline,"To undo x → ×3 → +4, which move comes FIRST on the way back?","sub=""Subtract 4 — undo the last thing that happened"" | div=""Divide by 3 — undo the multiplication"" | either=""Either order gives the same answer""",sub,Subtract 4 — undo the last thing that happened,"Subtract 4 first. Going forward, ×3 happened and THEN +4, so coming back you meet +4 first — the way you take off a coat before the shirt that went on under it. Build the track and watch the order reverse itself.",KEEP,"Prediction precedes a direct causal model, retains the learner choice, and explains the observed outcome.",,,,,,,
two-step-equations,7,tse-02-02,i1,content/courses/two-step-equations/lessons/tse-02-02.json,solveBalance,"On the balance, −2x + 5 = −7 starts with NEGATIVE tiles on both pans. Can you finish with x alone and positive?","flip=""Yes — but something has to turn the signs around"" | never=""No — negative tiles can never become positive"" | auto=""Yes — the negatives cancel by themselves""",flip,Yes — but something has to turn the signs around,"Something has to turn them around. Clearing units and splitting gets you as far as −x = −6 — true, but not yet an answer. Multiplying BOTH pans by −1 is the move that flips every tile at once and leaves x standing positive.",KEEP,"Prediction precedes a direct causal model, retains the learner choice, and explains the observed outcome.",,,,,,,
two-step-equations,7,tse-02-03,i1,content/courses/two-step-equations/lessons/tse-02-03.json,solveBalance,"A cab charges $3 to get in plus $4 a mile, and the fare came to $19. On the balance, which tiles stand for the $3?","units=""The 3 loose unit tiles — they are there whatever the distance"" | xtiles=""The x-tiles — they hold the money"" | right=""The right pan — that is where the total lives""",units,The 3 loose unit tiles — they are there whatever the distance,"The 3 loose units. The flat fee does not depend on how far you go, so it sits as plain tiles; the x-tiles carry the per-mile charge and grow with the distance. Clear the flat fee off both pans first and what is left is pure mileage.",KEEP,"Prediction precedes a direct causal model, retains the learner choice, and explains the observed outcome.",,,,,,,
two-step-equations,7,tse-02-04,i1,content/courses/two-step-equations/lessons/tse-02-04.json,solveBalance,"If you take 3 unit tiles off ONLY the left pan of 2x + 3 = 11, what happens to the beam?","level=""It stays level — the x-tiles keep it steady"" | tips=""It tips — the right pan is now heavier"" | flips=""It tips the other way — the left pan gets heavier""",tips,It tips — the right pan is now heavier,"The beam tips toward the right pan. Taking 3 off the left made that side lighter, and nothing changed on the right — so the sides are no longer equal. Every fair move comes in pairs: what leaves the left must leave the right.",KEEP,"Prediction precedes a direct causal model, retains the learner choice, and explains the observed outcome.",,,,,,,
two-step-equations,7,tse-02-05,i1,content/courses/two-step-equations/lessons/tse-02-05.json,inversePipeline,"The machine multiplies by 5, then adds 3. Which undo machine finds x?","same=""Divide by 5, then subtract 3 — undo each step in order"" | rev=""Subtract 3, then divide by 5 — undo the LAST step first"" | copy=""Multiply by 5, then add 3 — run the same machine again""",rev,"Subtract 3, then divide by 5 — undo the LAST step first","Undo the last step first. The + 3 was the machine's final move, so it must be the first thing removed: 28 − 3 = 25, then 25 ÷ 5 = 5. Dividing first splits the 3 too — that's how 28 ÷ 5 − 3 goes wrong.",KEEP,"Prediction precedes a direct causal model, retains the learner choice, and explains the observed outcome.",,,,,,,
two-step-equations,7,tse-03-01,i1,content/courses/two-step-equations/lessons/tse-03-01.json,solveBalance,"3(x + 2) = 18 sits on the pan as three sealed (x + 2) groups. Opening them, where does the ×3 land?","both=""On both parts — 3 x-tiles AND 6 units"" | xonly=""On the x only — 3 x-tiles and 2 units"" | outside=""Nowhere — the 3 stays outside""",both,On both parts — 3 x-tiles AND 6 units,"On both parts. Three copies of (x + 2) hold three x-tiles and three 2s — six units. The pan cannot gain or lose weight just because you opened the brackets, and the beam will say so immediately if it does.",KEEP,"Prediction precedes a direct causal model, retains the learner choice, and explains the observed outcome.",,,,,,,
two-step-equations,7,tse-03-02,i3,content/courses/two-step-equations/lessons/tse-03-02.json,solveBalance,−5(x + 3) = −20 — five copies of −(x + 3). Does the minus reach the 3 as well as the x?,"both=""Yes — every tile inside turns negative"" | xonly=""No — only the x turns negative"" | outside=""The minus stays outside the brackets""",both,Yes — every tile inside turns negative,"Every tile inside. A negative multiplier is still a multiplier: it reaches the whole group, so each copy contributes −x AND −3. Watch the pan fill with negative tiles when the groups open.",KEEP,"Prediction precedes a direct causal model, retains the learner choice, and explains the observed outcome.",,,,,,,
two-step-equations,7,tse-03-03,i1,content/courses/two-step-equations/lessons/tse-03-03.json,solveBalance,3(x + 4) = 24. Before opening anything — how many unit tiles will the left pan hold once the brackets are off?,"twelve=""12 — three copies of 4"" | four=""4 — the 4 inside the brackets"" | seven=""7 — 3 plus 4""",twelve,12 — three copies of 4,"Twelve. Three groups, each carrying a 4, is three 4s. The count is settled before you press anything — opening the brackets only shows you tiles that were already on the pan.",KEEP,"Prediction precedes a direct causal model, retains the learner choice, and explains the observed outcome.",,,,,,,
two-step-equations,7,tse-04-01,i1,content/courses/two-step-equations/lessons/tse-04-01.json,solveBalance,Solving an inequality — are the steps the SAME as an equation's?,"until=""Same — until a negative multiplies or divides"" | diff=""Totally different rules"" | guess=""No steps — just test numbers""",until,Same — until a negative multiplies or divides,"Add, subtract, and positive scaling all work unchanged — the one landmine is multiplying or dividing by a negative. Everything else is equation muscle memory.",KEEP,"Prediction precedes a direct causal model, retains the learner choice, and explains the observed outcome.",,,,,,,
two-step-equations,7,tse-04-01,i1b,content/courses/two-step-equations/lessons/tse-04-01.json,numberLineRay,You are about to divide both sides of 3x > 12 by 3. What happens to the number line?,"still=""Nothing moves — the set is already right, only the writing changes"" | reflect=""The ray swings to the other side of 4"" | slide=""The endpoint slides toward 0 because both sides got smaller""",still,"Nothing moves — the set is already right, only the writing changes","Nothing moves. 3x > 12 and x > 4 are two ways of writing the SAME set, and dividing both sides by a positive number cannot change which numbers work. The ray only ever swings when the divider is negative — that is the whole difference, and it is the next lesson's story.",KEEP,"Prediction precedes a direct causal model, retains the learner choice, and explains the observed outcome.",,,,,,,
two-step-equations,7,tse-04-02,i1,content/courses/two-step-equations/lessons/tse-04-02.json,solveBalance,True or false: 2 < 5. Now multiply BOTH sides by −1 — is −2 < −5?,"false=""False — the order reverses"" | true=""True — still less"" | equal=""They become equal""",false,False — the order reverses,−2 sits ABOVE −5 — negating both sides mirrored the number line and flipped the order. That mirror is exactly why the inequality sign must flip too.,KEEP,"Prediction precedes a direct causal model, retains the learner choice, and explains the observed outcome.",,,,,,,
two-step-equations,7,tse-04-02,i1b,content/courses/two-step-equations/lessons/tse-04-02.json,numberLineRay,You are about to divide both sides of −2x > −8 by −2. What happens to the number line?,"reflect=""The ray swings to the other side of 4"" | slide=""The endpoint slides away from 4"" | still=""Nothing moves until the sign is changed too""",reflect,The ray swings to the other side of 4,"The endpoint stays at 4 — dividing both sides cannot move it, because 4 is where −2x and −8 are equal and that stays true whatever you divide by. What moves is the SET: the ray swings across 4, and numbers that worked a moment ago stop working. Turning the sign round is what brings them back.",KEEP,"Prediction precedes a direct causal model, retains the learner choice, and explains the observed outcome.",,,,,,,
two-step-equations,7,tse-04-03,i1,content/courses/two-step-equations/lessons/tse-04-03.json,mcq,"The answer to an inequality like this — a single number, or a whole RANGE?","range=""A range — every qualifying value"" | one=""One number"" | two=""Exactly two numbers""",range,A range — every qualifying value,"Inequalities describe thresholds, and infinitely many numbers clear a threshold — the solution is a region of the line, not a point on it.",REMOVE,The attached surface does not meet the direct-manipulation and visible-consequence threshold.,,,,,,,
unlike-fractions-g5,5,g5u-01-01,i1,content/courses/unlike-fractions-g5/lessons/g5u-01-01.json,fractionBar,"Can 1/2 and 1/3 be added by counting, as they stand?","no=""No — different piece sizes"" | yes=""Yes""",no,No — different piece sizes,"A half and a third are different-sized pieces, so there is nothing common to count until both are renamed.",KEEP,"Prediction precedes a direct causal model, retains the learner choice, and explains the observed outcome.",,,,,,,
unlike-fractions-g5,5,g5u-01-02,i1,content/courses/unlike-fractions-g5/lessons/g5u-01-02.json,fractionBar,"Renaming 1/3 as twelfths, does the amount change?","no=""No — same amount"" | yes=""Yes — it grows""",no,No — same amount,Four twelfths cover exactly the ground one third covers; only the cut is finer.,KEEP,"Prediction precedes a direct causal model, retains the learner choice, and explains the observed outcome.",,,,,,,
unlike-fractions-g5,5,g5u-01-03,i1,content/courses/unlike-fractions-g5/lessons/g5u-01-03.json,fractionBar,"For 1/4 + 1/6, is 24 wrong as a denominator?","works=""It works, but 12 is smaller"" | wrong=""Yes — it is wrong""",works,"It works, but 12 is smaller",24 gives a correct answer; it just leaves bigger numbers and more simplifying at the end.,KEEP,"Prediction precedes a direct causal model, retains the learner choice, and explains the observed outcome.",,,,,,,
unlike-fractions-g5,5,g5u-01-04,i1,content/courses/unlike-fractions-g5/lessons/g5u-01-04.json,fractionBar,"Renaming 1/4 and 1/6 into twelfths, same scaling factor?","diff=""No — 3 and 2"" | same=""Yes""",diff,No — 3 and 2,"Each denominator needs whatever factor carries IT to twelve, and 4 and 6 need different ones.",KEEP,"Prediction precedes a direct causal model, retains the learner choice, and explains the observed outcome.",,,,,,,
unlike-fractions-g5,5,g5u-01-05,i1,content/courses/unlike-fractions-g5/lessons/g5u-01-05.json,fractionBar,"Adding 3/12 + 4/12, what happens to the 12?","stays=""It stays 12"" | adds=""It becomes 24""",stays,It stays 12,"You are counting twelfths, so the answer is measured in twelfths too.",KEEP,"Prediction precedes a direct causal model, retains the learner choice, and explains the observed outcome.",,,,,,,
unlike-fractions-g5,5,g5u-02-01,i1,content/courses/unlike-fractions-g5/lessons/g5u-02-01.json,fractionBar,"Subtracting 1/3 from 1/2, what comes first?","rename=""Rename both"" | sub=""Subtract straight away""",rename,Rename both,"Halves and thirds are different sizes, so there is nothing to take away until both are sixths.",KEEP,"Prediction precedes a direct causal model, retains the learner choice, and explains the observed outcome.",,,,,,,
unlike-fractions-g5,5,g5u-02-02,i1,content/courses/unlike-fractions-g5/lessons/g5u-02-02.json,fractionBar,"Adding 2 3/8 + 1 2/8, how are the wholes handled?","sep=""Separately, then rejoined"" | mixed=""Mixed into the fractions""",sep,"Separately, then rejoined",Wholes add with wholes and parts with parts; the two results are combined at the end.,KEEP,"Prediction precedes a direct causal model, retains the learner choice, and explains the observed outcome.",,,,,,,
unlike-fractions-g5,5,g5u-02-03,i1,content/courses/unlike-fractions-g5/lessons/g5u-02-03.json,fractionBar,"Converting 2 3/8 to eighths, how many pieces?","19=""19"" | 5=""5""",19,19,"Two wholes are sixteen eighths, plus the three already there.",KEEP,"Prediction precedes a direct causal model, retains the learner choice, and explains the observed outcome.",,,,,,,
unlike-fractions-g5,5,g5u-02-04,i1,content/courses/unlike-fractions-g5/lessons/g5u-02-04.json,fractionBar,"In 4 1/8 − 1 5/8, what must happen first?","trade=""Trade a whole for 8/8"" | flip=""Compute 5/8 − 1/8""",trade,Trade a whole for 8/8,Flipping answers a different question; trading makes the real subtraction possible.,KEEP,"Prediction precedes a direct causal model, retains the learner choice, and explains the observed outcome.",,,,,,,
unlike-fractions-g5,5,g5u-02-05,i1,content/courses/unlike-fractions-g5/lessons/g5u-02-05.json,fractionBar,"Simplifying 8/12 to 2/3, does the amount change?","no=""No — same amount"" | smaller=""Yes — it shrinks""",no,No — same amount,"Dividing both parts by 4 re-cuts the same length into fewer, larger pieces.",KEEP,"Prediction precedes a direct causal model, retains the learner choice, and explains the observed outcome.",,,,,,,
unlike-fractions-g5,5,g5u-03-01,i1,content/courses/unlike-fractions-g5/lessons/g5u-03-01.json,estimateSlider,"Estimating 7/8 + 1/12 with benchmarks, roughly what?","one=""About 1"" | two=""About 2""",one,About 1,Nearly one plus nearly nothing lands just under one whole.,KEEP,"Prediction precedes a direct causal model, retains the learner choice, and explains the observed outcome.",,,,,,,
unlike-fractions-g5,5,g5u-03-02,i1,content/courses/unlike-fractions-g5/lessons/g5u-03-02.json,estimateSlider,Can 1/2 + 1/3 equal 2/5?,"no=""No — smaller than 1/2"" | yes=""Yes""",no,No — smaller than 1/2,"A sum can never be smaller than one of its parts, and 2/5 is less than 1/2.",KEEP,"Prediction precedes a direct causal model, retains the learner choice, and explains the observed outcome.",,,,,,,
unlike-fractions-g5,5,g5u-03-03,i1,content/courses/unlike-fractions-g5/lessons/g5u-03-03.json,fractionBar,'Poured in' means the total will be…,"more=""More than either amount"" | less=""Less""",more,More than either amount,Adding liquid raises the total above each amount that went into it.,KEEP,"Prediction precedes a direct causal model, retains the learner choice, and explains the observed outcome.",,,,,,,
unlike-fractions-g5,5,g5u-03-04,i1,content/courses/unlike-fractions-g5/lessons/g5u-03-04.json,estimateSlider,"For 3/4, 1/3 and 1/6, which shared denominator?","twelve=""Twelfths"" | four=""Fourths""",twelve,Twelfths,Thirds and sixths do not fit into fourths; twelve is the least size all three share.,KEEP,"Prediction precedes a direct causal model, retains the learner choice, and explains the observed outcome.",,,,,,,
vectors-matrices,12,vec-01-01,i1,content/courses/vectors-matrices/lessons/vec-01-01.json,vectorExplore,"The vector ⟨3, 4⟩ has components 3 and 4. Its LENGTH will be…","seven=""7 — the two components added"" | five=""5"" | half=""3.5 — the average of the two""",five,5,"5, by Pythagoras. The components are the two legs of a right triangle, not pieces to be totalled. Adding them measures a journey along the grid lines; the vector's length is the straight line cutting across.",KEEP,"Prediction precedes a direct causal model, retains the learner choice, and explains the observed outcome.",,,,,,,
vectors-matrices,12,vec-02-01,i1,content/courses/vectors-matrices/lessons/vec-02-01.json,vectorExplore,"You walk u = ⟨3, 4⟩ first, then v, and must finish at (7, 1). The v you need is…","dest=""⟨7, 1⟩ — the destination itself"" | diff=""⟨4, −3⟩"" | sum=""⟨10, 5⟩""",diff,"⟨4, −3⟩","⟨4, −3⟩: 3 + 4 = 7 and 4 + (−3) = 1. Addition is component-wise, so the second leg is the destination MINUS wherever the first leg already took you. The negative is not a special case — it is simply the part of the journey that heads back down.",KEEP,"Prediction precedes a direct causal model, retains the learner choice, and explains the observed outcome.",,,,,,,
vectors-matrices,12,vec-02-03,i1,content/courses/vectors-matrices/lessons/vec-02-03.json,vectorExplore,A unit vector has length exactly 1. How many different unit vectors are there in the plane?,"many=""Infinitely many — one for every direction"" | two=""Two — one along each axis"" | one=""One — length 1 pins it down""",many,Infinitely many — one for every direction,"Infinitely many, all sitting on the circle of radius 1. ""Unit"" fixes the length and says nothing whatever about the way it points — which is exactly why v = |v|·û splits a vector cleanly into those two independent facts.",KEEP,"Prediction precedes a direct causal model, retains the learner choice, and explains the observed outcome.",,,,,,,
vectors-matrices,12,vec-03-01,i1,content/courses/vectors-matrices/lessons/vec-03-01.json,vectorExplore,Look at the two arrows before you move anything. The dot product u · v of the STARTING pair is…,"pos=""Positive — they lean the same way"" | neg=""Negative — they lean apart"" | zero=""Zero — they're perpendicular""",pos,Positive — they lean the same way,"u · v = 3·1 + 4·0 = 3. One number tells the geometry: positive means the angle is under 90°, zero means exactly 90°, negative means past it.",KEEP,"Prediction precedes a direct causal model, retains the learner choice, and explains the observed outcome.",,,,,,,
vectors-matrices,12,vec-03-02,i1,content/courses/vectors-matrices/lessons/vec-03-02.json,vectorExplore,Look at the two arrows before you move anything. The dot product u · v of the STARTING pair is…,"pos=""Positive — they lean the same way"" | neg=""Negative — they lean apart"" | zero=""Zero — they're perpendicular""",pos,Positive — they lean the same way,"u · v = 3·3 + 4·0 = 9. One number tells the geometry: positive means the angle is under 90°, zero means exactly 90°, negative means past it.",KEEP,"Prediction precedes a direct causal model, retains the learner choice, and explains the observed outcome.",,,,,,,
vectors-matrices,12,vec-03-03,i1,content/courses/vectors-matrices/lessons/vec-03-03.json,vectorExplore,Look at the two arrows before you move anything. The dot product u · v of the STARTING pair is…,"pos=""Positive — they lean the same way"" | neg=""Negative — they lean apart"" | zero=""Zero — they're perpendicular""",zero,Zero — they're perpendicular,"u · v = 4·0 + 0·3 = 0. One number tells the geometry: positive means the angle is under 90°, zero means exactly 90°, negative means past it.",KEEP,"Prediction precedes a direct causal model, retains the learner choice, and explains the observed outcome.",,,,,,,
vectors-matrices,12,vec-05-01,i1,content/courses/vectors-matrices/lessons/vec-05-01.json,matrixTransform,You'll stretch the plane to twice as wide (x-parts double) while heights stay put. What happens to the unit square's area?,"x2=""It doubles"" | x4=""It quadruples"" | same=""It stays the same""",x2,It doubles,"Only one direction stretched, so area scales by 2 — and that's exactly the determinant: 2·1 − 0·0 = 2. The determinant IS the area scale factor.",KEEP,"Prediction precedes a direct causal model, retains the learner choice, and explains the observed outcome.",,,,,,,
vectors-matrices,12,vec-05-02,i1,content/courses/vectors-matrices/lessons/vec-05-02.json,matrixTransform,Which part of a 2×2 matrix tells where the first basis vector lands?,"row=""The first row"" | column=""The first column"" | det=""Only the determinant""",column,The first column,A matrix's columns are the images of the basis vectors; the transformed grid makes that structural fact visible.,KEEP,"Prediction precedes a direct causal model, retains the learner choice, and explains the observed outcome.",,,,,,,
volume-measurement,5,vm-01-01,i1,content/courses/volume-measurement/lessons/vm-01-01.json,unitChain,"The bar is 3 km long. When the ruler under it is re-labeled to count in meters, the number on the readout will…","bigger=""get bigger — meters are smaller, so more of them fit"" | smaller=""get smaller — meters are a smaller unit, so the number shrinks"" | same=""stay 3 — the bar didn't change""",bigger,"get bigger — meters are smaller, so more of them fit","The bar really didn't change — but the counting unit did. A smaller unit fits more times into the same distance, so the number grows: 3 km is 3000 m.",KEEP,"Prediction precedes a direct causal model, retains the learner choice, and explains the observed outcome.",,,,,,,
volume-measurement,5,vm-01-02,i1,content/courses/volume-measurement/lessons/vm-01-02.json,unitChain,Feet to inches uses ×12 instead of ×10 or ×1000. What actually changes about the crossing?,"factor=""only the factor — the direction rule is the same"" | direction=""the direction — customary units convert by dividing"" | both=""both the factor and the direction""",factor,only the factor — the direction rule is the same,"The rule survives the factor swap: bigger unit to smaller unit still multiplies. Customary units just use their own gear sizes — 12, 3, 4, 16 — instead of tens.",KEEP,"Prediction precedes a direct causal model, retains the learner choice, and explains the observed outcome.",,,,,,,
volume-measurement,5,vm-01-03,i1,content/courses/volume-measurement/lessons/vm-01-03.json,unitChain,"Yards to inches crosses two gears, 3 and 12. Combined into one jump, they act like…","mult=""×36 — chained gears multiply"" | add=""×15 — the factors add up"" | big=""×12 — the bigger gear wins""",mult,×36 — chained gears multiply,"Each yard is 3 feet and each of those feet is 12 inches — 3 groups of 12, which is multiplication: 36 inches per yard.",KEEP,"Prediction precedes a direct causal model, retains the learner choice, and explains the observed outcome.",,,,,,,
volume-measurement,5,vm-02-01,i1,content/courses/volume-measurement/lessons/vm-02-01.json,dotPlot,"On the ribbon plot, the stack above 1/2 is the tallest. The tallest stack means…","most=""the most ribbons had that length"" | longest=""the ribbons at 1/2 are the longest ones"" | biggest=""1/2 is the biggest measurement taken""",most,the most ribbons had that length,"Height on a line plot counts ribbons; it says nothing about which length is bigger — that lives on the number line underneath. The tallest stack is the most COMMON length, not the longest.",KEEP,"Prediction precedes a direct causal model, retains the learner choice, and explains the observed outcome.",,,,,,,
volume-measurement,5,vm-02-02,i1,content/courses/volume-measurement/lessons/vm-02-02.json,numberLineHop,Three halves laid end to end: where does the last one stop?,"between=""between 1 and 2 — past one whole, short of two"" | three=""at 3 — three ribbons, three marks"" | under=""before 1 — halves are less than one""",between,"between 1 and 2 — past one whole, short of two","Two halves already make a whole, so the third half lands past 1 — at 1 1/2. “At 3” counts ribbons instead of length; “before 1” forgets the halves accumulate.",KEEP,"Prediction precedes a direct causal model, retains the learner choice, and explains the observed outcome.",,,,,,,
volume-measurement,5,vm-03-01,i2,content/courses/volume-measurement/lessons/vm-03-01.json,volumeBuilder,A flat layer of unit cubes is 3 across and 2 deep. How many cubes fill it?,"six=""6"" | five=""5 — the 3 and the 2 together"" | three=""3""",six,6,"6. Each of the 3 columns holds 2 cubes, so the count multiplies. Adding gives 5, which counts along the two edges and misses every cube in the middle — the fastest way to see the difference is to watch a whole 2-cube column arrive each time the length grows by one.",KEEP,"Prediction precedes a direct causal model, retains the learner choice, and explains the observed outcome.",,,,,,,
volume-measurement,5,vm-03-02,i1,content/courses/volume-measurement/lessons/vm-03-02.json,volumeBuilder,Is there more than one box shape that holds exactly 24 cubes?,"yes=""Yes — several boxes work"" | no=""No — just one"" | cube=""Only a perfect cube""",yes,Yes — several boxes work,24 factors three ways at once — different length-width-height triples build different boxes with the very same count of cubes.,KEEP,"Prediction precedes a direct causal model, retains the learner choice, and explains the observed outcome.",,,,,,,
volume-measurement,5,vm-04-01,i2,content/courses/volume-measurement/lessons/vm-04-01.json,volumeBuilder,The base holds 10 cubes. Stacking it 3 layers tall gives a total of…,"thirty=""30"" | thirteen=""13 — the base plus the 3 layers"" | ten=""10 — the base is the box""",thirty,30,"30 — three copies of the base. Adding the 3 to the 10 treats a LAYER as if it were a single cube, and the slider settles it: each step up adds ten cubes at once, not one.",KEEP,"Prediction precedes a direct causal model, retains the learner choice, and explains the observed outcome.",,,,,,,
volume-measurement,5,vm-04-02,e1,content/courses/volume-measurement/lessons/vm-04-02.json,volumeBuilder,"If you double just ONE dimension of a box, what happens to how many cubes it holds?","double=""The count doubles"" | same=""It stays the same"" | quad=""It becomes four times as much""",double,The count doubles,"Doubling one edge stacks a second copy of the whole box along that direction — every cube gets a twin, and the volume doubles exactly.",KEEP,"Prediction precedes a direct causal model, retains the learner choice, and explains the observed outcome.",,,,,,,
volume-measurement,5,vm-04-03,i1,content/courses/volume-measurement/lessons/vm-04-03.json,volumeBuilder,The base is 5 by 4 — that's 20 squares. How many cubes does EACH layer of the box add?,"twenty=""20 cubes"" | sixty=""60 cubes"" | nine=""9 cubes""",twenty,20 cubes,A layer is the base made solid — 20 cubes every time. The height just counts how many identical layers you stack.,KEEP,"Prediction precedes a direct causal model, retains the learner choice, and explains the observed outcome.",,,,,,,
volume-measurement,5,vm-05-01,i1,content/courses/volume-measurement/lessons/vm-05-01.json,volumeBuilder,"Box A measures 4 long, 2 wide and 3 tall. Its volume in cubic units is…","nine=""9 — the three edge lengths added"" | twentyfour=""24"" | twelve=""12""",twentyfour,24,"24. Adding the edges gives 9, but that is a total LENGTH, measured in units — it cannot be a count of cubes, which are measured in cubic units. Whenever the units of an answer do not match the units of the question, the operation is wrong.",KEEP,"Prediction precedes a direct causal model, retains the learner choice, and explains the observed outcome.",,,,,,,
volume-measurement,5,vm-05-02,i1,content/courses/volume-measurement/lessons/vm-05-02.json,volumeBuilder,The slab is 2 wide and 2 tall. Each extra unit of LENGTH will add…,"one=""1 cube"" | two=""2 cubes"" | four=""4 cubes""",four,4 cubes,"4 — a whole 2-by-2 cross-section arrives with every unit of length. This is why an L-shaped solid can be split and its parts added: each part is a plain box built the same way, and no cube is ever counted by two of them.",KEEP,"Prediction precedes a direct causal model, retains the learner choice, and explains the observed outcome.",,,,,,,
volume-problems-g5,5,g5v-01-01,i1,content/courses/volume-problems-g5/lessons/g5v-01-01.json,areaModel,Does counting cubes measure volume?,"yes=""Yes — a cube is one unit of space"" | no=""No — you need a formula""",yes,Yes — a cube is one unit of space,The formula is a shortcut for the count; the count is what volume means.,KEEP,"Prediction precedes a direct causal model, retains the learner choice, and explains the observed outcome.",,,,,,,
volume-problems-g5,5,g5v-01-02,i1,content/courses/volume-problems-g5/lessons/g5v-01-02.json,barBuilder,"Base of 12, four layers — 16 cubes or 48?","48=""48"" | 16=""16""",48,48,"Each layer repeats the whole base, so four layers hold four twelves.",KEEP,"Prediction precedes a direct causal model, retains the learner choice, and explains the observed outcome.",,,,,,,
volume-problems-g5,5,g5v-02-01,i1,content/courses/volume-problems-g5/lessons/g5v-02-01.json,areaModel,"In V = l × w × h, what does l × w produce?","layer=""One layer"" | vol=""The whole volume""",layer,One layer,Two dimensions give a flat layer; the third stacks it into a solid.,KEEP,"Prediction precedes a direct causal model, retains the learner choice, and explains the observed outcome.",,,,,,,
volume-problems-g5,5,g5v-02-02,i1,content/courses/volume-problems-g5/lessons/g5v-02-02.json,estimateSlider,Why prefer V = B × h?,"general=""It works for any base shape"" | short=""It is shorter to write""",general,It works for any base shape,The stacking argument never depended on the base being a rectangle.,KEEP,"Prediction precedes a direct causal model, retains the learner choice, and explains the observed outcome.",,,,,,,
volume-problems-g5,5,g5v-02-03,i1,content/courses/volume-problems-g5/lessons/g5v-02-03.json,estimateSlider,"Volume 60, base 20 — how is the height found?","div=""60 ÷ 20"" | sub=""60 − 20""",div,60 ÷ 20,"The height counts how many base-layers fit, and counting how many fit is division.",KEEP,"Prediction precedes a direct causal model, retains the learner choice, and explains the observed outcome.",,,,,,,
volume-problems-g5,5,g5v-03-01,i1,content/courses/volume-problems-g5/lessons/g5v-03-01.json,barBuilder,A 5-by-6 block with an 8-cube notch — volume?,"22=""22"" | 38=""38""",22,22,"The notch removes cubes, so the count falls from 30 rather than rising.",KEEP,"Prediction precedes a direct causal model, retains the learner choice, and explains the observed outcome.",,,,,,,
volume-problems-g5,5,g5v-03-02,i1,content/courses/volume-problems-g5/lessons/g5v-03-02.json,estimateSlider,"4 m by 3 m base, 2 m deep — is 12 the answer?","no=""No — that is the base only"" | yes=""Yes""",no,No — that is the base only,"Twelve is one layer; the depth stacks two of them, giving 24 cubic metres.",KEEP,"Prediction precedes a direct causal model, retains the learner choice, and explains the observed outcome.",,,,,,,
volume-problems-g5,5,g5v-03-03,i1,content/courses/volume-problems-g5/lessons/g5v-03-03.json,estimateSlider,A is 20 × 3 and B is 12 × 5. Which is larger?,"equal=""Equal — both 60"" | a=""A""",equal,Equal — both 60,Different dimensions can multiply to the same count; the shapes differ but the space filled does not.,KEEP,"Prediction precedes a direct causal model, retains the learner choice, and explains the observed outcome.",,,,,,,
word-problems-g3,3,g3w-01-01,i1,content/courses/word-problems-g3/lessons/g3w-01-01.json,estimateSlider,"6 pencils per box, 4 boxes, 5 given away. What must you find first?","total=""The total in 4 boxes"" | given=""How many she gave away""",total,The total in 4 boxes,The story already states 5. The total in 4 boxes is the number it hides — and the one subtraction needs.,KEEP,"Prediction precedes a direct causal model, retains the learner choice, and explains the observed outcome.",,,,,,,
word-problems-g3,3,g3w-01-02,i1,content/courses/word-problems-g3/lessons/g3w-01-02.json,numberLineHop,"4 vans, 1 more arrives, each holds 7. Is the answer (4 × 7) + 1?","no=""No — (4 + 1) × 7"" | yes=""Yes""",no,No — (4 + 1) × 7,"The new van gets filled too, so it brings 7 hikers, not 1. The addition must happen before the multiplication.",KEEP,"Prediction precedes a direct causal model, retains the learner choice, and explains the observed outcome.",,,,,,,
word-problems-g3,3,g3w-01-03,i1,content/courses/word-problems-g3/lessons/g3w-01-03.json,barBuilder,"5 tables of 4 chairs, 3 break. Is it 5 × (4 − 3)?","no=""No — (5 × 4) − 3"" | yes=""Yes""",no,No — (5 × 4) − 3,5 × (4 − 3) breaks three chairs at every table — fifteen in all. The story breaks exactly three.,KEEP,"Prediction precedes a direct causal model, retains the learner choice, and explains the observed outcome.",,,,,,,
word-problems-g3,3,g3w-01-04,i1,content/courses/word-problems-g3/lessons/g3w-01-04.json,barBuilder,"18 apples into 3 bags, then 2 more into each bag. One bag holds…","eight=""8"" | six=""6""",eight,8,"Sharing gives 6 per bag, then each bag gains 2 more: 6 + 2 = 8.",KEEP,"Prediction precedes a direct causal model, retains the learner choice, and explains the observed outcome.",,,,,,,
word-problems-g3,3,g3w-02-01,i1,content/courses/word-problems-g3/lessons/g3w-02-01.json,numberLineHop,"In 6 × n = 42, what does n stand for?","size=""The size of one group"" | total=""The total""",size,The size of one group,42 is already the total. The letter holds the missing factor — how many are in each of the six groups.,KEEP,"Prediction precedes a direct causal model, retains the learner choice, and explains the observed outcome.",,,,,,,
word-problems-g3,3,g3w-02-02,i1,content/courses/word-problems-g3/lessons/g3w-02-02.json,numberLinePlace,Do (5 × 4) − 3 and 5 × (4 − 3) give the same answer?,"no=""No — 17 and 5"" | yes=""Yes — same numbers""",no,No — 17 and 5,"Same numbers, different order: one removes three chairs, the other removes three from every table.",KEEP,"Prediction precedes a direct causal model, retains the learner choice, and explains the observed outcome.",,,,,,,
word-problems-g3,3,g3w-02-03,i1,content/courses/word-problems-g3/lessons/g3w-02-03.json,barBuilder,A bar shows 4 parts of 7 with 6 crossed off the end. The equation is…,"outer=""(4 × 7) − 6"" | inner=""4 × (7 − 6)""",outer,(4 × 7) − 6,"The crossing-off sits at the end of the whole bar, so it happens after the four parts are built.",KEEP,"Prediction precedes a direct causal model, retains the learner choice, and explains the observed outcome.",,,,,,,
word-problems-g3,3,g3w-02-04,i1,content/courses/word-problems-g3/lessons/g3w-02-04.json,estimateSlider,"Estimating 7 × 48 − 96, which rounding helps most?","friendly=""7 × 50 − 100"" | none=""No rounding — do it exactly""",friendly,7 × 50 − 100,"Fifty and one hundred are friendly numbers, and the rounded chain lands close enough to guard the exact work.",KEEP,"Prediction precedes a direct causal model, retains the learner choice, and explains the observed outcome.",,,,,,,
word-problems-g3,3,g3w-03-01,i1,content/courses/word-problems-g3/lessons/g3w-03-01.json,estimateSlider,"Exact answer 255, estimate 260. What follows?","ok=""255 is reasonable"" | wrong=""255 must be wrong""",ok,255 is reasonable,"Estimates are neighbourhoods, not targets. Landing five away from 260 is exactly what a good estimate predicts.",KEEP,"Prediction precedes a direct causal model, retains the learner choice, and explains the observed outcome.",,,,,,,
word-problems-g3,3,g3w-03-02,i1,content/courses/word-problems-g3/lessons/g3w-03-02.json,numberLinePlace,"8 crates of 9 apples, 12 eaten. Could 150 be left?","no=""No — only 72 ever existed"" | yes=""Yes""",no,No — only 72 ever existed,"Seventy-two is the ceiling, and eating only lowers it. An answer above the ceiling is impossible before you check the arithmetic.",KEEP,"Prediction precedes a direct causal model, retains the learner choice, and explains the observed outcome.",,,,,,,
word-problems-g3,3,g3w-03-03,i1,content/courses/word-problems-g3/lessons/g3w-03-03.json,tapDiagram,The question asks about blue bags only. Are the 3 red bags needed?,"no=""No — extra information"" | yes=""Yes""",no,No — extra information,"They are real bags, but the question never asks about them, so they stay out of the arithmetic.",KEEP,"Prediction precedes a direct causal model, retains the learner choice, and explains the observed outcome.",,,,,,,
word-problems-g3,3,g3w-03-04,i1,content/courses/word-problems-g3/lessons/g3w-03-04.json,numberLinePlace,"For (5 × 6) + 4, should the 4 be added to each basket?","once=""No — once, to the total"" | each=""Yes — to each""",once,"No — once, to the total","Adding to each basket would be 5 × (6 + 4). The parentheses put the addition outside, so it happens once.",KEEP,"Prediction precedes a direct causal model, retains the learner choice, and explains the observed outcome.",,,,,,,
