work_id,priority,priority_score,workstream,status,source,lesson_id,step_path,current_figure_id,learner_harm,frequency,visibility,strategic_importance,mismatch_evidence,next_action
LEDGER-CL-P0-003,P0,500,CLOSURE_LEDGER,CLOSED-SOURCE / RUNTIME REPROVE OPEN,CLOSURE_LEDGER.md,,Onboarding/placement,,5,1,4,5,Grade 3 alone used legacy 3-question comfort quiz while `/placement` used 12-item diagnostic. Inconsistent placement confidence and setup behavior.,One canonical diagnostic for all grades + explicit bypass; persist recommendation into onboarding.
LEDGER-CL-P0-008,P0,500,CLOSURE_LEDGER,OPEN — PROGRESS,CLOSURE_LEDGER.md,,HS premium density,,5,1,4,5,Fresh tier compiler found A365/B204/C57/D1 across 627 HS lessons.,"Fresh necessity audit, then targeted existing-engine upgrades / justified advanced gaps."
LEDGER-CL-P0-009,P0,500,CLOSURE_LEDGER,OPEN,CLOSURE_LEDGER.md,,State-aware adaptation,,5,1,4,5,63/127 engines have adapt=0; multiple high-use manipulatives lack process evidence.,Meaningful event/state contracts and deterministic intervention loop.
LEDGER-CL-P0-013,P0,500,CLOSURE_LEDGER,OPEN — DESIGN DECISION,CLOSURE_LEDGER.md,,dCL causal misconception,,5,1,4,5,Judge overlay answers wrong conclusion but cannot yet let learner manipulate distributions until their claim becomes true.,Decide judge vs explore demand; implement only if learner retains the conclusion-making work.
LEDGER-CL-P0-016,P0,500,CLOSURE_LEDGER,OPEN,CLOSURE_LEDGER.md,,Billing,,5,1,4,5,Premium page explicitly says no real billing; checkout/entitlement are demo. Paid flow cannot ship.,"Real processor, webhook/entitlement lifecycle, renewal/cancel/failure tests."
LEDGER-CL-P0-017,P0,500,CLOSURE_LEDGER,OPEN,CLOSURE_LEDGER.md,,Email/account lifecycle,,5,1,4,5,Auth mail writes to `mail_outbox`; no production email delivery.,Production provider + delivery/retry/bounce observability and e2e.
LEDGER-CL-P0-018,P0,500,CLOSURE_LEDGER,OPEN,CLOSURE_LEDGER.md,,Cross-device/class workflows,,5,1,4,5,Class client explicitly says cross-device class tools are off.,Durable hosted persistence/sync + class workflow e2e.
LEDGER-CL-P0-020,P0,500,CLOSURE_LEDGER,OPEN,CLOSURE_LEDGER.md,,Observability,,5,1,4,5,route error boundary only `console.error`; no production observability evidenced.,"Error/performance telemetry, release correlation, alerting."
LEDGER-CL-P0-022,P0,500,CLOSURE_LEDGER,OPEN,CLOSURE_LEDGER.md,,Calibration claims,,5,1,4,5,"Adaptive item parameters are architecture, not empirically validated psychometrics.",Learner pilots: difficulty/discrimination/reliability/subgroups/retention/transfer.
LEDGER-CL-P0-023,P0,500,CLOSURE_LEDGER,OPEN,CLOSURE_LEDGER.md,,Commercial deployment,,5,1,4,5,No hosted production deployment configured; full account→pay→cross-device return path not proven.,Wave 7 production integration + end-to-end deployment test.
LEDGER-CL-P0-054,P0,500,CLOSURE_LEDGER,SAFE RUNTIME / DETECTOR CLEAR — HUMAN PARITY REVIEW STILL OPEN,CLOSURE_LEDGER.md,,Illustration/text truth,,5,1,4,5,"S316–S318 cleared every remaining `VIS01_PLACEMENTS.csv` `cause != RENDERS` row via four S318 lane clearances (G3, G4/G7+HS, K2) plus prior S316/S317 figure-truth fixes. Live re-measurement: 3,573/3,573 placements `RENDERS`, 0 withheld.","Detector evidence: `reports/vis/VIS01_PLACEMENTS.csv` (0 non-`RENDERS` rows). Clearance evidence: `reports/closure/S318_G3_WITHHELD_CLEARANCE.md`, `S318_G4G7_WITHHELD_CLEARANCE.md`, `S318_HS_WITHHELD_CLEARANCE.md`, `S318_K2_WITHHELD_CLEARANCE.md`. None of these four reports records a screenshot, browser render, or human visual/accessible-description parity pass — this row's own reopen condition (""close the visual backlog only after each restored pairing passes human visual and accessible-description parity review"") is therefore not met. Status stays OPEN; do not close without that review."
LEDGER-CL-P0-056,P0,500,CLOSURE_LEDGER,"OPEN — DETECTOR CLEAR / HUMAN PARITY REVIEW PENDING (was 1,078 REPLACEMENTS REQUIRED)",CLOSURE_LEDGER.md,,Illustration replacement coverage,,5,1,4,5,"Same underlying backlog as CL-P0-054, tracked through the consolidated queue this row itself cites. `PREMIUM_PENDING_WORKLOAD_QUEUE.csv` now regenerates with 0 `ILLUSTRATION_REPLACEMENT` rows (962 P0 + 116 P1 = 1,078 at S234; 0 now), because every placement the detector once flagged now renders per current source.","Same evidence as CL-P0-054. Per the queue contract (""queue presence is not completion""), the inverse also holds — queue absence is not completion either. Close only after the same human parity review CL-P0-054 needs."
V4-PHASE-0,P0,500,V4_PROGRAMME_PHASE,OPEN_PROGRAMME_PHASE,MAGGIE’S TRAIL — MATHS CONTENT EXCELLENCE PROGRAM V4,,Phase 0: Evidence and deployment parity,,5,1,5,5,V4 programme-level closure gate; detailed child rows are in this same queue.,"Freeze the candidate, deploy it, and bind browser evidence to the exact commit and content hashes."
V4-PHASE-2,P0,500,V4_PROGRAMME_PHASE,OPEN_PROGRAMME_PHASE,MAGGIE’S TRAIL — MATHS CONTENT EXCELLENCE PROGRAM V4,,Phase 2: Semantic correctness,,5,1,5,5,V4 programme-level closure gate; detailed child rows are in this same queue.,"Prove target, model, evaluator, feedback, reveal, accessible description, title and objective agreement by high-risk family."
V4-PHASE-3,P0,500,V4_PROGRAMME_PHASE,OPEN_PROGRAMME_PHASE,MAGGIE’S TRAIL — MATHS CONTENT EXCELLENCE PROGRAM V4,,Phase 3: Visual-first and question-diversity canaries,,5,1,5,5,V4 programme-level closure gate; detailed child rows are in this same queue.,Pass bounded representative lesson and generator canaries before scaling each family contract.
EXCELLENCE-df3-03-02,P0,470,QUESTION_DIVERSITY_AND_TRANSFER,OPEN_REPRESENTATION_NOVELTY,content/courses/division-fluency-g3/lessons/df3-03-02.json,df3-03-02,assessed sequence,,4,1,5,5,intentional-assessment: ,"No manipulable engine change or additional transfer item is warranted. All assessed/exploratory items (i1, i2 mcq + k1, k2, k3 check + ch1 challenge) are deliberately conventional select/entry surfaces (mcq, numeric) because the concept — division by zero is undefined — is a symbolic, definitional exclusion proven by inverse multiplication (0 x ? = n has no solution), not a spatial or quantitative relationship a drag/build engine would model more truthfully. k1 (7÷0) and k3 (12÷0) share the DivZeroMcq generator form to drill the same undefined-quotient judgment at different numbers (near-repetition is intentional practice, not a flaw); k2 (0÷5=0, zero as dividend) and ch1 (discriminate 8÷0 vs 0÷8) are authored one-off conceptual items. This shape is test-locked by src/lib/session186.fluencyPair.test.ts (NO_FACT_LESSONS = {df3-03-02}; UNVARIANTED_OK includes df3-03-02/k2 and df3-03-02/ch1, documented there as 'one-off conceptual items') and src/lib/session254.divisionFluencyG3CourseIntegrity.test.tsx (option-id/length parity checks specifically pin df3-03-02/k1 and df3-03-02/k3)."
EXCELLENCE-ks-01-01,P0,470,QUESTION_DIVERSITY_AND_TRANSFER,OPEN_REPRESENTATION_NOVELTY,content/courses/shapes-and-sorting-k/lessons/ks-01-01.json,ks-01-01,assessed sequence,,4,1,5,5,extend: adapt; formal; prediction; transfer,Novel challenge extension beyond variant:match-object-shape:default + variant:shape-identify:default; current assessed surfaces: matchPairs + mcq + tapDiagram
EXCELLENCE-ks-01-02,P0,470,QUESTION_DIVERSITY_AND_TRANSFER,OPEN_REPRESENTATION_NOVELTY,content/courses/shapes-and-sorting-k/lessons/ks-01-02.json,ks-01-02,assessed sequence,,4,1,5,5,extend: adapt; formal; prediction; transfer,Novel challenge extension beyond variant:g0-shapes-sorting:shapeAnyWayMcq + variant:g0-shapes-sorting:shapeAnyWayTap; current assessed surfaces: matchPairs + mcq + tapDiagram
EXCELLENCE-ks-01-03,P0,470,QUESTION_DIVERSITY_AND_TRANSFER,OPEN_REPRESENTATION_NOVELTY,content/courses/shapes-and-sorting-k/lessons/ks-01-03.json,ks-01-03,assessed sequence,,4,1,5,5,extend: adapt; formal; prediction; transfer,Novel challenge extension beyond variant:g0-shapes-sorting:shapePositionMcq + variant:g0-shapes-sorting:shapePositionTap; current assessed surfaces: dragBucket + mcq + tapDiagram
EXCELLENCE-ks-02-01,P0,470,QUESTION_DIVERSITY_AND_TRANSFER,OPEN_REPRESENTATION_NOVELTY,content/courses/shapes-and-sorting-k/lessons/ks-02-01.json,ks-02-01,assessed sequence,,4,1,5,5,extend: adapt; formal; prediction; transfer,Novel challenge extension beyond variant:match-object-shape:solids + variant:shape-identify:solid; current assessed surfaces: matchPairs + mcq + tapDiagram
EXCELLENCE-ks-02-03,P0,470,QUESTION_DIVERSITY_AND_TRANSFER,OPEN_REPRESENTATION_NOVELTY,content/courses/shapes-and-sorting-k/lessons/ks-02-03.json,ks-02-03,assessed sequence,,4,1,5,5,extend: adapt; formal; prediction; transfer,Novel challenge extension beyond variant:g0-shapes-sorting:shapeComposeMcq + variant:g0-shapes-sorting:shapeComposePairs + variant:g0-shapes-sorting:shapeComposeTap; current assessed surfaces: dragBucket + matchPairs + mcq + tapDiagram
EXCELLENCE-ks-03-02,P0,470,QUESTION_DIVERSITY_AND_TRANSFER,OPEN_REPRESENTATION_NOVELTY,content/courses/shapes-and-sorting-k/lessons/ks-03-02.json,ks-03-02,assessed sequence,,4,1,5,5,extend: adapt; formal; prediction; transfer,Novel challenge extension beyond variant:g0-shapes-sorting:shapeWeightMcq + variant:g0-shapes-sorting:shapeWeightTap; current assessed surfaces: dragBucket + mcq + tapDiagram
EXCELLENCE-mmt-02-01,P0,470,QUESTION_DIVERSITY_AND_TRANSFER,OPEN_REPRESENTATION_NOVELTY,content/courses/measure-money-time/lessons/mmt-02-01.json,mmt-02-01,assessed sequence,,4,1,5,5,multi-engine: contrast; formal; prediction; transfer,Multi-representation sequence beyond variant:g2-measure-money-time:MmtEstimateMcq; current assessed surfaces: matchPairs + mcq
EXCELLENCE-ns-04b-01,P0,470,QUESTION_DIVERSITY_AND_TRANSFER,OPEN_REPRESENTATION_NOVELTY,content/courses/number-system/lessons/ns-04b-01.json,ns-04b-01,assessed sequence,,4,1,5,5,multi-engine: contrast; formal; prediction; transfer,Multi-representation sequence beyond surface:mcq; current assessed surfaces: mcq
EXCELLENCE-sp-03-02,P0,470,QUESTION_DIVERSITY_AND_TRANSFER,OPEN_REPRESENTATION_NOVELTY,content/courses/sampling-and-probability/lessons/sp-03-02.json,sp-03-02,assessed sequence,,4,1,5,5,multi-engine: adapt; contrast; formal; prediction; transfer,Multi-representation sequence beyond variant:g7-sp-likelihood-words:spLikelihoodImpossible + variant:prob-fraction:trialRelFreq; current assessed surfaces: matchPairs + mcq + trialProbabilityLab
CHOICE-0001,P1,400,CHOICE_SURFACE_INTEGRITY,OPEN_STEM_OPTION_AND_VISUAL_REVIEW,content/courses/add-subtract-100/lessons/as100-03-04.json,as100-03-04,k3,,4,1,5,5,length-prose-vs-prose:38 chars vs longest distractor 22: When do we break a ten?,"Review the complete semantic item; keep one defensible answer, misconception-based parallel options, no writing clue, and a synchronized visual whenever the representation carries the mathematics."
CHOICE-0002,P1,400,CHOICE_SURFACE_INTEGRITY,OPEN_STEM_OPTION_AND_VISUAL_REVIEW,content/courses/area-surface-volume/lessons/asv-01-01.json,asv-01-01,k2,,4,1,5,5,"length-prose-vs-prose:63 chars vs longest distractor 40: What does ""height"" mean in the triangle area formula?","Review the complete semantic item; keep one defensible answer, misconception-based parallel options, no writing clue, and a synchronized visual whenever the representation carries the mathematics."
CHOICE-0003,P1,400,CHOICE_SURFACE_INTEGRITY,OPEN_STEM_OPTION_AND_VISUAL_REVIEW,content/courses/area-surface-volume/lessons/asv-01-03.json,asv-01-03,k3,,4,1,5,5,"length-prose-vs-prose:112 chars vs longest distractor 60: For fixed height and two DIFFERENT base lengths, why does the trapezoid formula average the bases instead of using just one?","Review the complete semantic item; keep one defensible answer, misconception-based parallel options, no writing clue, and a synchronized visual whenever the representation carries the mathematics."
CHOICE-0004,P1,400,CHOICE_SURFACE_INTEGRITY,OPEN_STEM_OPTION_AND_VISUAL_REVIEW,content/courses/absolute-value-piecewise/lessons/avp-02-02.json,avp-02-02,k3,,4,1,5,5,"length-prose-vs-prose:69 chars vs longest distractor 37: Graphically, why does |x| = −2 have no solutions?","Review the complete semantic item; keep one defensible answer, misconception-based parallel options, no writing clue, and a synchronized visual whenever the representation carries the mathematics."
CHOICE-0005,P1,400,CHOICE_SURFACE_INTEGRITY,OPEN_STEM_OPTION_AND_VISUAL_REVIEW,content/courses/absolute-value-piecewise/lessons/avp-03-01.json,avp-03-01,k3,,4,1,5,5,length-prose-vs-prose:74 chars vs longest distractor 48: Why must the conditions of a piecewise rule never overlap?,"Review the complete semantic item; keep one defensible answer, misconception-based parallel options, no writing clue, and a synchronized visual whenever the representation carries the mathematics."
CHOICE-0006,P1,400,CHOICE_SURFACE_INTEGRITY,OPEN_STEM_OPTION_AND_VISUAL_REVIEW,content/courses/binomial-theorem/lessons/bt-01-03.json,bt-01-03,k3,,4,1,5,5,length-prose-vs-prose:77 chars vs longest distractor 40: Why is Pascal's triangle symmetric?,"Review the complete semantic item; keep one defensible answer, misconception-based parallel options, no writing clue, and a synchronized visual whenever the representation carries the mathematics."
CHOICE-0007,P1,400,CHOICE_SURFACE_INTEGRITY,OPEN_STEM_OPTION_AND_VISUAL_REVIEW,content/courses/bivariate-statistics/lessons/bv-02-02.json,bv-02-02,k2,,4,1,5,5,length-prose-vs-prose:60 chars vs longest distractor 30: What single idea best measures how good a line of best fit is?,"Review the complete semantic item; keep one defensible answer, misconception-based parallel options, no writing clue, and a synchronized visual whenever the representation carries the mathematics."
CHOICE-0008,P1,400,CHOICE_SURFACE_INTEGRITY,OPEN_STEM_OPTION_AND_VISUAL_REVIEW,content/courses/complex-numbers/lessons/cn-01-02.json,cn-01-02,k3,,4,1,5,5,"length-prose-vs-prose:57 chars vs longest distractor 32: In this method, why add (b/2)² to both sides?","Review the complete semantic item; keep one defensible answer, misconception-based parallel options, no writing clue, and a synchronized visual whenever the representation carries the mathematics."
CHOICE-0009,P1,400,CHOICE_SURFACE_INTEGRITY,OPEN_STEM_OPTION_AND_VISUAL_REVIEW,content/courses/conic-sections/lessons/co-03-02.json,co-03-02,k3,,4,1,5,5,length-prose-vs-prose:48 chars vs longest distractor 31: How does the hyperbola's focus rule differ from the ellipse's?,"Review the complete semantic item; keep one defensible answer, misconception-based parallel options, no writing clue, and a synchronized visual whenever the representation carries the mathematics."
CHOICE-0010,P1,400,CHOICE_SURFACE_INTEGRITY,OPEN_STEM_OPTION_AND_VISUAL_REVIEW,content/courses/conic-sections/lessons/co-04-03.json,co-04-03,k2,,4,1,5,5,length-prose-vs-prose:36 chars vs longest distractor 13: Which conic does NOT require dividing to make the right side equal 1?,"Review the complete semantic item; keep one defensible answer, misconception-based parallel options, no writing clue, and a synchronized visual whenever the representation carries the mathematics."
CHOICE-0011,P1,400,CHOICE_SURFACE_INTEGRITY,OPEN_STEM_OPTION_AND_VISUAL_REVIEW,content/courses/conditional-probability/lessons/cpr-02-03.json,cpr-02-03,k2,,4,1,5,5,length-prose-vs-prose:80 chars vs longest distractor 53: Why do we subtract the 40 when we add the bus row (100) to the sport column (110)?,"Review the complete semantic item; keep one defensible answer, misconception-based parallel options, no writing clue, and a synchronized visual whenever the representation carries the mathematics."
CHOICE-0012,P1,400,CHOICE_SURFACE_INTEGRITY,OPEN_STEM_OPTION_AND_VISUAL_REVIEW,content/courses/data-and-models/lessons/dm-02-01.json,dm-02-01,k2,,4,1,5,5,length-prose-vs-prose:84 chars vs longest distractor 46: What does it mean for a line to 'fit' a scatter of points well?,"Review the complete semantic item; keep one defensible answer, misconception-based parallel options, no writing clue, and a synchronized visual whenever the representation carries the mathematics."
CHOICE-0013,P1,400,CHOICE_SURFACE_INTEGRITY,OPEN_STEM_OPTION_AND_VISUAL_REVIEW,content/courses/data-and-models/lessons/dm-02-02.json,dm-02-02,ch1,,4,1,5,5,only-option-with-a-unit:Dataset B — 0.95 in magnitude beats 0.8: Dataset A has r = 0.8. Dataset B has r = −0.95. Which has the STRONGER linear relationship?,"Review the complete semantic item; keep one defensible answer, misconception-based parallel options, no writing clue, and a synchronized visual whenever the representation carries the mathematics."
CHOICE-0014,P1,400,CHOICE_SURFACE_INTEGRITY,OPEN_STEM_OPTION_AND_VISUAL_REVIEW,content/courses/decimals-place-value/lessons/dpv-01-02.json,dpv-01-02,k2,,4,1,5,5,"length-prose-vs-prose:35 chars vs longest distractor 22: In the number 0.375, which digit is in the THOUSANDTHS place?","Review the complete semantic item; keep one defensible answer, misconception-based parallel options, no writing clue, and a synchronized visual whenever the representation carries the mathematics."
CHOICE-0015,P1,400,CHOICE_SURFACE_INTEGRITY,OPEN_STEM_OPTION_AND_VISUAL_REVIEW,content/courses/exponents-scientific-notation/lessons/esn-03-03.json,esn-03-03,k3,,4,1,5,5,length-prose-vs-prose:58 chars vs longest distractor 37: Which is bigger: 3.1 × 10⁶ or 7.5 × 10⁶?,"Review the complete semantic item; keep one defensible answer, misconception-based parallel options, no writing clue, and a synchronized visual whenever the representation carries the mathematics."
CHOICE-0016,P1,400,CHOICE_SURFACE_INTEGRITY,OPEN_STEM_OPTION_AND_VISUAL_REVIEW,content/courses/expected-value/lessons/ev-01-01.json,ev-01-01,k3,,4,1,5,5,"length-prose-vs-prose:34 chars vs longest distractor 16: Which of these is a random VARIABLE, not an outcome?","Review the complete semantic item; keep one defensible answer, misconception-based parallel options, no writing clue, and a synchronized visual whenever the representation carries the mathematics."
CHOICE-0017,P1,400,CHOICE_SURFACE_INTEGRITY,OPEN_STEM_OPTION_AND_VISUAL_REVIEW,content/courses/functions-g8/lessons/fg-01-02.json,fg-01-02,i2,,4,1,5,5,"length-prose-vs-prose:59 chars vs longest distractor 37: Is this a function? (1, 8), (2, 8), (3, 8)","Review the complete semantic item; keep one defensible answer, misconception-based parallel options, no writing clue, and a synchronized visual whenever the representation carries the mathematics."
CHOICE-0018,P1,400,CHOICE_SURFACE_INTEGRITY,OPEN_STEM_OPTION_AND_VISUAL_REVIEW,content/courses/functions-g8/lessons/fg-01-03.json,fg-01-03,k3,,4,1,5,5,"length-prose-vs-prose:49 chars vs longest distractor 24: An upright U-shape (like y = x², opening upward) — does it pass the vertical line test?","Review the complete semantic item; keep one defensible answer, misconception-based parallel options, no writing clue, and a synchronized visual whenever the representation carries the mathematics."
CHOICE-0019,P1,400,CHOICE_SURFACE_INTEGRITY,OPEN_STEM_OPTION_AND_VISUAL_REVIEW,content/courses/function-analysis/lessons/fna-01-03.json,fna-01-03,k3,,4,1,5,5,only-option-with-a-unit:Ava's (5 km/h vs 4 km/h): Ava walks 10 km in 2 hours. Ben walks 12 km in 3 hours. Whose average speed is greater?,"Review the complete semantic item; keep one defensible answer, misconception-based parallel options, no writing clue, and a synchronized visual whenever the representation carries the mathematics."
CHOICE-0020,P1,400,CHOICE_SURFACE_INTEGRITY,OPEN_STEM_OPTION_AND_VISUAL_REVIEW,content/courses/function-analysis/lessons/fna-03-01.json,fna-03-01,k2,,4,1,5,5,length-prose-vs-prose:20 chars vs longest distractor 4: Classify h(x) = x² + x.,"Review the complete semantic item; keep one defensible answer, misconception-based parallel options, no writing clue, and a synchronized visual whenever the representation carries the mathematics."
CHOICE-0021,P1,400,CHOICE_SURFACE_INTEGRITY,OPEN_STEM_OPTION_AND_VISUAL_REVIEW,content/courses/function-analysis/lessons/fna-03-02.json,fna-03-02,k3,,4,1,5,5,length-prose-vs-prose:92 chars vs longest distractor 34: Why is the pair of conditions written as x < 2 and x ≥ 2 (rather than x ≤ 2 and x ≥ 2)?,"Review the complete semantic item; keep one defensible answer, misconception-based parallel options, no writing clue, and a synchronized visual whenever the representation carries the mathematics."
CHOICE-0022,P1,400,CHOICE_SURFACE_INTEGRITY,OPEN_STEM_OPTION_AND_VISUAL_REVIEW,content/courses/function-analysis/lessons/fna-03-03.json,fna-03-03,k3,,4,1,5,5,length-prose-vs-prose:67 chars vs longest distractor 41: What happens to C(w) as a parcel's weight crosses from 2 kg to just over 2 kg?,"Review the complete semantic item; keep one defensible answer, misconception-based parallel options, no writing clue, and a synchronized visual whenever the representation carries the mathematics."
CHOICE-0023,P1,400,CHOICE_SURFACE_INTEGRITY,OPEN_STEM_OPTION_AND_VISUAL_REVIEW,content/courses/function-analysis/lessons/fna-05-01.json,fna-05-01,k1,,4,1,5,5,length-prose-vs-prose:75 chars vs longest distractor 34: Why does f(x) = x² (all real x) have no inverse function?,"Review the complete semantic item; keep one defensible answer, misconception-based parallel options, no writing clue, and a synchronized visual whenever the representation carries the mathematics."
CHOICE-0024,P1,400,CHOICE_SURFACE_INTEGRITY,OPEN_STEM_OPTION_AND_VISUAL_REVIEW,content/courses/function-analysis/lessons/fna-05-02.json,fna-05-02,k2,,4,1,5,5,length-prose-vs-prose:23 chars vs longest distractor 10: Which restriction ALSO makes f(x) = (x − 3)² one-to-one?,"Review the complete semantic item; keep one defensible answer, misconception-based parallel options, no writing clue, and a synchronized visual whenever the representation carries the mathematics."
CHOICE-0025,P1,400,CHOICE_SURFACE_INTEGRITY,OPEN_STEM_OPTION_AND_VISUAL_REVIEW,content/courses/function-analysis/lessons/fna-05-02.json,fna-05-02,k3,,4,1,5,5,length-answer-explains-itself:41 chars vs longest distractor 16: f(x) = x² on x ≥ 0 has range y ≥ 0. What is the DOMAIN of f⁻¹(x) = √x?,"Review the complete semantic item; keep one defensible answer, misconception-based parallel options, no writing clue, and a synchronized visual whenever the representation carries the mathematics."
CHOICE-0026,P1,400,CHOICE_SURFACE_INTEGRITY,OPEN_STEM_OPTION_AND_VISUAL_REVIEW,content/courses/function-transformations/lessons/ft-03-03.json,ft-03-03,i1,,4,1,5,5,"only-option-with-a-unit:The −2 in front; its negative sign refle: In y = −2(x − 1)² + 8, which number controls the FLIP?","Review the complete semantic item; keep one defensible answer, misconception-based parallel options, no writing clue, and a synchronized visual whenever the representation carries the mathematics."
CHOICE-0027,P1,400,CHOICE_SURFACE_INTEGRITY,OPEN_STEM_OPTION_AND_VISUAL_REVIEW,content/courses/compose-shapes-g1/lessons/g1s-01-01.json,g1s-01-01,k2,,4,1,5,5,length-prose-vs-prose:43 chars vs longest distractor 15: What makes a shape a square?,"Review the complete semantic item; keep one defensible answer, misconception-based parallel options, no writing clue, and a synchronized visual whenever the representation carries the mathematics."
CHOICE-0028,P1,400,CHOICE_SURFACE_INTEGRITY,OPEN_STEM_OPTION_AND_VISUAL_REVIEW,content/courses/compose-shapes-g1/lessons/g1s-01-02.json,g1s-01-02,ch1,,4,1,5,5,length-prose-vs-prose:37 chars vs longest distractor 15: What makes a shape a rectangle?,"Review the complete semantic item; keep one defensible answer, misconception-based parallel options, no writing clue, and a synchronized visual whenever the representation carries the mathematics."
CHOICE-0029,P1,400,CHOICE_SURFACE_INTEGRITY,OPEN_STEM_OPTION_AND_VISUAL_REVIEW,content/courses/compose-shapes-g1/lessons/g1s-01-03.json,g1s-01-03,k1,,4,1,5,5,length-prose-vs-prose:37 chars vs longest distractor 15: What makes a shape a rectangle?,"Review the complete semantic item; keep one defensible answer, misconception-based parallel options, no writing clue, and a synchronized visual whenever the representation carries the mathematics."
CHOICE-0030,P1,400,CHOICE_SURFACE_INTEGRITY,OPEN_STEM_OPTION_AND_VISUAL_REVIEW,content/courses/compose-shapes-g1/lessons/g1s-02-02.json,g1s-02-02,ch1,,4,1,5,5,length-prose-vs-prose:37 chars vs longest distractor 15: What makes a shape a rectangle?,"Review the complete semantic item; keep one defensible answer, misconception-based parallel options, no writing clue, and a synchronized visual whenever the representation carries the mathematics."
CHOICE-0031,P1,400,CHOICE_SURFACE_INTEGRITY,OPEN_STEM_OPTION_AND_VISUAL_REVIEW,content/courses/compose-shapes-g1/lessons/g1s-03-03.json,g1s-03-03,ch1,,4,1,5,5,length-prose-vs-prose:43 chars vs longest distractor 15: What makes a shape a square?,"Review the complete semantic item; keep one defensible answer, misconception-based parallel options, no writing clue, and a synchronized visual whenever the representation carries the mathematics."
CHOICE-0032,P1,400,CHOICE_SURFACE_INTEGRITY,OPEN_STEM_OPTION_AND_VISUAL_REVIEW,content/courses/arrays-even-odd-g2/lessons/g2a-02-03.json,g2a-02-03,k3,,4,1,5,5,length-prose-vs-prose:49 chars vs longest distractor 32: A 2-by-8 array and a 4-by-4 array both use 16 dots. What does that show?,"Review the complete semantic item; keep one defensible answer, misconception-based parallel options, no writing clue, and a synchronized visual whenever the representation carries the mathematics."
CHOICE-0033,P1,400,CHOICE_SURFACE_INTEGRITY,OPEN_STEM_OPTION_AND_VISUAL_REVIEW,content/courses/arrays-even-odd-g2/lessons/g2a-03-02.json,g2a-03-02,k1,,4,1,5,5,length-prose-vs-prose:49 chars vs longest distractor 32: A 2-by-8 array and a 4-by-4 array both use 16 dots. What does that show?,"Review the complete semantic item; keep one defensible answer, misconception-based parallel options, no writing clue, and a synchronized visual whenever the representation carries the mathematics."
CHOICE-0034,P1,400,CHOICE_SURFACE_INTEGRITY,OPEN_STEM_OPTION_AND_VISUAL_REVIEW,content/courses/arrays-even-odd-g2/lessons/g2a-03-02.json,g2a-03-02,k3,,4,1,5,5,length-prose-vs-prose:49 chars vs longest distractor 32: A 2-by-9 array and a 3-by-6 array both use 18 dots. What does that show?,"Review the complete semantic item; keep one defensible answer, misconception-based parallel options, no writing clue, and a synchronized visual whenever the representation carries the mathematics."
CHOICE-0035,P1,400,CHOICE_SURFACE_INTEGRITY,OPEN_STEM_OPTION_AND_VISUAL_REVIEW,content/courses/length-problems-g2/lessons/g2p-01-03.json,g2p-01-03,k3,,4,1,5,5,lone-justification:No because 30 is less than the 32 m part | only-option-with-a-unit:No because 30 is less than the 32 m part: Two trail legs of 32 m and 25 m give a computed total of 30 m. Reasonable?,"Review the complete semantic item; keep one defensible answer, misconception-based parallel options, no writing clue, and a synchronized visual whenever the representation carries the mathematics."
CHOICE-0036,P1,400,CHOICE_SURFACE_INTEGRITY,OPEN_STEM_OPTION_AND_VISUAL_REVIEW,content/courses/length-problems-g2/lessons/g2p-03-04.json,g2p-03-04,k1,,4,1,5,5,lone-justification:No because 30 is less than the 32 m part | only-option-with-a-unit:No because 30 is less than the 32 m part: Two trail legs of 32 m and 25 m give a computed total of 30 m. Reasonable?,"Review the complete semantic item; keep one defensible answer, misconception-based parallel options, no writing clue, and a synchronized visual whenever the representation carries the mathematics."
CHOICE-0037,P1,400,CHOICE_SURFACE_INTEGRITY,OPEN_STEM_OPTION_AND_VISUAL_REVIEW,content/courses/length-problems-g2/lessons/g2p-03-04.json,g2p-03-04,k3,,4,1,5,5,"length-prose-vs-prose:73 chars vs longest distractor 48: Maggie walks two trail legs, first 18 m then 24 m, and says the whole trip totals 42 m. Does that check out?","Review the complete semantic item; keep one defensible answer, misconception-based parallel options, no writing clue, and a synchronized visual whenever the representation carries the mathematics."
CHOICE-0038,P1,400,CHOICE_SURFACE_INTEGRITY,OPEN_STEM_OPTION_AND_VISUAL_REVIEW,content/courses/word-problems-g3/lessons/g3w-03-02.json,g3w-03-02,k3,,4,1,5,5,length-prose-vs-prose:71 chars vs longest distractor 29: Five boxes hold 7 pencils each and 6 pencils are given away. Why is an answer of 80 impossible?,"Review the complete semantic item; keep one defensible answer, misconception-based parallel options, no writing clue, and a synchronized visual whenever the representation carries the mathematics."
CHOICE-0039,P1,400,CHOICE_SURFACE_INTEGRITY,OPEN_STEM_OPTION_AND_VISUAL_REVIEW,content/courses/long-division-g5/lessons/g5l-01-01.json,g5l-01-01,k1,,4,1,5,5,"lone-justification:600 ÷ 25 = 24, since 25 divides 600 exactly: Estimating 552 ÷ 24, which pair of compatible numbers helps most?","Review the complete semantic item; keep one defensible answer, misconception-based parallel options, no writing clue, and a synchronized visual whenever the representation carries the mathematics."
CHOICE-0040,P1,400,CHOICE_SURFACE_INTEGRITY,OPEN_STEM_OPTION_AND_VISUAL_REVIEW,content/courses/volume-problems-g5/lessons/g5v-02-02.json,g5v-02-02,k1,,4,1,5,5,length-prose-vs-prose:37 chars vs longest distractor 24: What advantage does V = B × h have over V = l × w × h? Choose a new reason.,"Review the complete semantic item; keep one defensible answer, misconception-based parallel options, no writing clue, and a synchronized visual whenever the representation carries the mathematics."
CHOICE-0041,P1,400,CHOICE_SURFACE_INTEGRITY,OPEN_STEM_OPTION_AND_VISUAL_REVIEW,content/courses/volume-problems-g5/lessons/g5v-02-02.json,g5v-02-02,k3,,4,1,5,5,length-prose-vs-prose:37 chars vs longest distractor 24: What advantage does V = B × h have over V = l × w × h? Use a different check.,"Review the complete semantic item; keep one defensible answer, misconception-based parallel options, no writing clue, and a synchronized visual whenever the representation carries the mathematics."
CHOICE-0042,P1,400,CHOICE_SURFACE_INTEGRITY,OPEN_STEM_OPTION_AND_VISUAL_REVIEW,content/courses/geometry-foundations/lessons/gf-01-01.json,gf-01-01,k1,,4,1,5,5,"length-prose-vs-prose:77 chars vs longest distractor 46: Why does geometry leave point, line, and plane UNDEFINED?","Review the complete semantic item; keep one defensible answer, misconception-based parallel options, no writing clue, and a synchronized visual whenever the representation carries the mathematics."
CHOICE-0043,P1,400,CHOICE_SURFACE_INTEGRITY,OPEN_STEM_OPTION_AND_VISUAL_REVIEW,content/courses/geometry-foundations/lessons/gf-04-02.json,gf-04-02,i2,,4,1,5,5,length-answer-explains-itself:47 chars vs longest distractor 3: How many lines of symmetry does a circle have?,"Review the complete semantic item; keep one defensible answer, misconception-based parallel options, no writing clue, and a synchronized visual whenever the representation carries the mathematics."
CHOICE-0044,P1,400,CHOICE_SURFACE_INTEGRITY,OPEN_STEM_OPTION_AND_VISUAL_REVIEW,content/courses/geometry-foundations/lessons/gf-05-01.json,gf-05-01,i1,,4,1,5,5,length-prose-vs-prose:30 chars vs longest distractor 13: Which of these is NOT a rigid motion?,"Review the complete semantic item; keep one defensible answer, misconception-based parallel options, no writing clue, and a synchronized visual whenever the representation carries the mathematics."
CHOICE-0045,P1,400,CHOICE_SURFACE_INTEGRITY,OPEN_STEM_OPTION_AND_VISUAL_REVIEW,content/courses/integration-applications/lessons/ia-01-02.json,ia-01-02,k1,,4,1,5,5,length-answer-explains-itself:46 chars vs longest distractor 6: A region under y = f(x) is revolved about the x-axis. What is the radius of the disc at x?,"Review the complete semantic item; keep one defensible answer, misconception-based parallel options, no writing clue, and a synchronized visual whenever the representation carries the mathematics."
CHOICE-0046,P1,400,CHOICE_SURFACE_INTEGRITY,OPEN_STEM_OPTION_AND_VISUAL_REVIEW,content/courses/integration-applications/lessons/ia-02-01.json,ia-02-01,k2,,4,1,5,5,"length-prose-vs-prose:90 chars vs longest distractor 39: The slices are equilateral TRIANGLES of side s = f(x), instead of squares. What changes?","Review the complete semantic item; keep one defensible answer, misconception-based parallel options, no writing clue, and a synchronized visual whenever the representation carries the mathematics."
CHOICE-0047,P1,400,CHOICE_SURFACE_INTEGRITY,OPEN_STEM_OPTION_AND_VISUAL_REVIEW,content/courses/inequalities-and-regions/lessons/iar-01-02.json,iar-01-02,ch1,,4,1,5,5,"length-prose-vs-prose:61 chars vs longest distractor 31: For y > 2x, why can't (0, 0) be the test point — and what do you do?","Review the complete semantic item; keep one defensible answer, misconception-based parallel options, no writing clue, and a synchronized visual whenever the representation carries the mathematics."
CHOICE-0048,P1,400,CHOICE_SURFACE_INTEGRITY,OPEN_STEM_OPTION_AND_VISUAL_REVIEW,content/courses/inequalities-and-regions/lessons/iar-02-02.json,iar-02-02,k1,,4,1,5,5,length-prose-vs-prose:47 chars vs longest distractor 28: How is a region's corner computed?,"Review the complete semantic item; keep one defensible answer, misconception-based parallel options, no writing clue, and a synchronized visual whenever the representation carries the mathematics."
CHOICE-0049,P1,400,CHOICE_SURFACE_INTEGRITY,OPEN_STEM_OPTION_AND_VISUAL_REVIEW,content/courses/inequalities-and-regions/lessons/iar-02-03.json,iar-02-03,k2,,4,1,5,5,"length-answer-explains-itself:24 chars vs longest distractor 5: (5, 3) is outside x ≥ 0, y ≥ 0, x + y ≤ 6. Which fence broke?","Review the complete semantic item; keep one defensible answer, misconception-based parallel options, no writing clue, and a synchronized visual whenever the representation carries the mathematics."
CHOICE-0050,P1,400,CHOICE_SURFACE_INTEGRITY,OPEN_STEM_OPTION_AND_VISUAL_REVIEW,content/courses/shapes-build-k/lessons/kgb-01-01.json,kgb-01-01,k2,,4,1,5,5,length-answer-explains-itself:41 chars vs longest distractor 14: What do position words like ABOVE and BESIDE always need?,"Review the complete semantic item; keep one defensible answer, misconception-based parallel options, no writing clue, and a synchronized visual whenever the representation carries the mathematics."
CHOICE-0051,P1,400,CHOICE_SURFACE_INTEGRITY,OPEN_STEM_OPTION_AND_VISUAL_REVIEW,content/courses/shapes-build-k/lessons/kgb-01-02.json,kgb-01-02,ch1,,4,1,5,5,length-prose-vs-prose:50 chars vs longest distractor 29: The cup sits ABOVE the shelf and BELOW the lamp. How can both be true?,"Review the complete semantic item; keep one defensible answer, misconception-based parallel options, no writing clue, and a synchronized visual whenever the representation carries the mathematics."
CHOICE-0052,P1,400,CHOICE_SURFACE_INTEGRITY,OPEN_STEM_OPTION_AND_VISUAL_REVIEW,content/courses/shapes-build-k/lessons/kgb-01-04.json,kgb-01-04,k2,,4,1,5,5,length-prose-vs-prose:42 chars vs longest distractor 23: What is a SIDE of a flat shape?,"Review the complete semantic item; keep one defensible answer, misconception-based parallel options, no writing clue, and a synchronized visual whenever the representation carries the mathematics."
CHOICE-0053,P1,400,CHOICE_SURFACE_INTEGRITY,OPEN_STEM_OPTION_AND_VISUAL_REVIEW,content/courses/shapes-build-k/lessons/kgb-02-04.json,kgb-02-04,k2,,4,1,5,5,length-prose-vs-prose:34 chars vs longest distractor 22: A triangle is turned. What proves it is still a triangle?,"Review the complete semantic item; keep one defensible answer, misconception-based parallel options, no writing clue, and a synchronized visual whenever the representation carries the mathematics."
CHOICE-0054,P1,400,CHOICE_SURFACE_INTEGRITY,OPEN_STEM_OPTION_AND_VISUAL_REVIEW,content/courses/shapes-build-k/lessons/kgb-02-05.json,kgb-02-05,k1,,4,1,5,5,length-prose-vs-prose:54 chars vs longest distractor 24: What separates a FLAT shape from a SOLID shape?,"Review the complete semantic item; keep one defensible answer, misconception-based parallel options, no writing clue, and a synchronized visual whenever the representation carries the mathematics."
CHOICE-0055,P1,400,CHOICE_SURFACE_INTEGRITY,OPEN_STEM_OPTION_AND_VISUAL_REVIEW,content/courses/shapes-build-k/lessons/kgb-02-05.json,kgb-02-05,k2,,4,1,5,5,length-prose-vs-prose:42 chars vs longest distractor 14: Why can cans be stacked into a steady tower?,"Review the complete semantic item; keep one defensible answer, misconception-based parallel options, no writing clue, and a synchronized visual whenever the representation carries the mathematics."
CHOICE-0056,P1,400,CHOICE_SURFACE_INTEGRITY,OPEN_STEM_OPTION_AND_VISUAL_REVIEW,content/courses/shapes-build-k/lessons/kgb-03-01.json,kgb-03-01,k1,,4,1,5,5,length-prose-vs-prose:50 chars vs longest distractor 19: Drawing a triangle — what must the pencil do?,"Review the complete semantic item; keep one defensible answer, misconception-based parallel options, no writing clue, and a synchronized visual whenever the representation carries the mathematics."
CHOICE-0057,P1,400,CHOICE_SURFACE_INTEGRITY,OPEN_STEM_OPTION_AND_VISUAL_REVIEW,content/courses/shapes-build-k/lessons/kgb-03-01.json,kgb-03-01,k2,,4,1,5,5,length-prose-vs-prose:47 chars vs longest distractor 29: A drawing has 3 straight sides but a gap where the ends miss. Is it a triangle?,"Review the complete semantic item; keep one defensible answer, misconception-based parallel options, no writing clue, and a synchronized visual whenever the representation carries the mathematics."
CHOICE-0058,P1,400,CHOICE_SURFACE_INTEGRITY,OPEN_STEM_OPTION_AND_VISUAL_REVIEW,content/courses/shapes-build-k/lessons/kgb-03-02.json,kgb-03-02,k1,,4,1,5,5,length-prose-vs-prose:32 chars vs longest distractor 19: Building a square from sticks — what must the sticks be?,"Review the complete semantic item; keep one defensible answer, misconception-based parallel options, no writing clue, and a synchronized visual whenever the representation carries the mathematics."
CHOICE-0059,P1,400,CHOICE_SURFACE_INTEGRITY,OPEN_STEM_OPTION_AND_VISUAL_REVIEW,content/courses/lines-angles/lessons/la-03-01.json,la-03-01,k2,,4,1,5,5,length-answer-explains-itself:65 chars vs longest distractor 40: Could a triangle have two obtuse angles (both over 90°)?,"Review the complete semantic item; keep one defensible answer, misconception-based parallel options, no writing clue, and a synchronized visual whenever the representation carries the mathematics."
CHOICE-0060,P1,400,CHOICE_SURFACE_INTEGRITY,OPEN_STEM_OPTION_AND_VISUAL_REVIEW,content/courses/limits-continuity/lessons/lc-01-03.json,lc-01-03,k1,,4,1,5,5,"length-prose-vs-prose:41 chars vs longest distractor 27: For f(x) = 1/x² as x → 0, the values grow 100, 10 000, 1 000 000, … So lim(x→0) f(x):","Review the complete semantic item; keep one defensible answer, misconception-based parallel options, no writing clue, and a synchronized visual whenever the representation carries the mathematics."
CHOICE-0061,P1,400,CHOICE_SURFACE_INTEGRITY,OPEN_STEM_OPTION_AND_VISUAL_REVIEW,content/courses/linear-equations-systems/lessons/les-01-02.json,les-01-02,k2,,4,1,5,5,length-answer-explains-itself:54 chars vs longest distractor 34: Why must 3x be subtracted from BOTH sides of 5x + 2 = 3x + 10?,"Review the complete semantic item; keep one defensible answer, misconception-based parallel options, no writing clue, and a synchronized visual whenever the representation carries the mathematics."
CHOICE-0062,P1,400,CHOICE_SURFACE_INTEGRITY,OPEN_STEM_OPTION_AND_VISUAL_REVIEW,content/courses/linear-equations-systems/lessons/les-02-01.json,les-02-01,ch1,,4,1,5,5,length-prose-vs-prose:28 chars vs longest distractor 12: Which value of ▢ makes 6x + 1 = 6x + ▢ have NO solution?,"Review the complete semantic item; keep one defensible answer, misconception-based parallel options, no writing clue, and a synchronized visual whenever the representation carries the mathematics."
CHOICE-0063,P1,400,CHOICE_SURFACE_INTEGRITY,OPEN_STEM_OPTION_AND_VISUAL_REVIEW,content/courses/measure-convert/lessons/mc-03-02.json,mc-03-02,k3,,4,1,5,5,only-option-with-a-unit:90° — going backward through 11 and 10 i: What is the SHORTER angle between 12 o'clock and 9 o'clock?,"Review the complete semantic item; keep one defensible answer, misconception-based parallel options, no writing clue, and a synchronized visual whenever the representation carries the mathematics."
CHOICE-0064,P1,400,CHOICE_SURFACE_INTEGRITY,OPEN_STEM_OPTION_AND_VISUAL_REVIEW,content/courses/measure-convert/lessons/mc-05-01.json,mc-05-01,k3,,4,1,5,5,length-answer-explains-itself:27 chars vs longest distractor 4: A measurement reads 3/8 inch. What is its simplest form?,"Review the complete semantic item; keep one defensible answer, misconception-based parallel options, no writing clue, and a synchronized visual whenever the representation carries the mathematics."
CHOICE-0065,P1,400,CHOICE_SURFACE_INTEGRITY,OPEN_STEM_OPTION_AND_VISUAL_REVIEW,content/courses/nonlinear-systems/lessons/nls-01-02.json,nls-01-02,k3,,4,1,5,5,"length-prose-vs-prose:37 chars vs longest distractor 19: A student claims (1, 3) is an intersection of y = x² + 1 and y = 2x + 1. The audit says…","Review the complete semantic item; keep one defensible answer, misconception-based parallel options, no writing clue, and a synchronized visual whenever the representation carries the mathematics."
CHOICE-0066,P1,400,CHOICE_SURFACE_INTEGRITY,OPEN_STEM_OPTION_AND_VISUAL_REVIEW,content/courses/parametric-polar-calculus/lessons/pc-01-01.json,pc-01-01,k2,,4,1,5,5,length-answer-explains-itself:71 chars vs longest distractor 19: When does a parametric curve have a HORIZONTAL tangent?,"Review the complete semantic item; keep one defensible answer, misconception-based parallel options, no writing clue, and a synchronized visual whenever the representation carries the mathematics."
CHOICE-0067,P1,400,CHOICE_SURFACE_INTEGRITY,OPEN_STEM_OPTION_AND_VISUAL_REVIEW,content/courses/parametric-polar-calculus/lessons/pc-01-02.json,pc-01-02,k3,,4,1,5,5,length-answer-explains-itself:62 chars vs longest distractor 25: What IS the quantity √((dx/dt)² + (dy/dt)²)?,"Review the complete semantic item; keep one defensible answer, misconception-based parallel options, no writing clue, and a synchronized visual whenever the representation carries the mathematics."
CHOICE-0068,P1,400,CHOICE_SURFACE_INTEGRITY,OPEN_STEM_OPTION_AND_VISUAL_REVIEW,content/courses/parametric-polar-calculus/lessons/pc-02-01.json,pc-02-01,k1,,4,1,5,5,length-prose-vs-prose:71 chars vs longest distractor 39: Why does the polar area formula carry a ½?,"Review the complete semantic item; keep one defensible answer, misconception-based parallel options, no writing clue, and a synchronized visual whenever the representation carries the mathematics."
CHOICE-0069,P1,400,CHOICE_SURFACE_INTEGRITY,OPEN_STEM_OPTION_AND_VISUAL_REVIEW,content/courses/polynomial-functions/lessons/pf-04-02.json,pf-04-02,k2,,4,1,5,5,"length-answer-explains-itself:46 chars vs longest distractor 27: After grouping, you get x²(x + 4) + 3(x + 2). What does this tell you?","Review the complete semantic item; keep one defensible answer, misconception-based parallel options, no writing clue, and a synchronized visual whenever the representation carries the mathematics."
CHOICE-0070,P1,400,CHOICE_SURFACE_INTEGRITY,OPEN_STEM_OPTION_AND_VISUAL_REVIEW,content/courses/polygons-quadrilaterals/lessons/pq-01-03.json,pq-01-03,i1,,4,1,5,5,"length-prose-vs-prose:76 chars vs longest distractor 31: As a regular polygon gains more and more sides, what happens to each interior angle?","Review the complete semantic item; keep one defensible answer, misconception-based parallel options, no writing clue, and a synchronized visual whenever the representation carries the mathematics."
CHOICE-0071,P1,400,CHOICE_SURFACE_INTEGRITY,OPEN_STEM_OPTION_AND_VISUAL_REVIEW,content/courses/polygons-quadrilaterals/lessons/pq-02-02.json,pq-02-02,i2,,4,1,5,5,"length-prose-vs-prose:94 chars vs longest distractor 44: A quadrilateral has angles 70°, 110°, 70°, 110° in order around the shape. Could it be a parallelogram?","Review the complete semantic item; keep one defensible answer, misconception-based parallel options, no writing clue, and a synchronized visual whenever the representation carries the mathematics."
CHOICE-0072,P1,400,CHOICE_SURFACE_INTEGRITY,OPEN_STEM_OPTION_AND_VISUAL_REVIEW,content/courses/polygons-quadrilaterals/lessons/pq-04-03.json,pq-04-03,i2,,4,1,5,5,length-prose-vs-prose:113 chars vs longest distractor 43: Why does Area = ½·d₁·d₂ work for rhombi too?,"Review the complete semantic item; keep one defensible answer, misconception-based parallel options, no writing clue, and a synchronized visual whenever the representation carries the mathematics."
CHOICE-0073,P1,400,CHOICE_SURFACE_INTEGRITY,OPEN_STEM_OPTION_AND_VISUAL_REVIEW,content/courses/polygons-quadrilaterals/lessons/pq-05-01.json,pq-05-01,ch,,4,1,5,5,"length-answer-explains-itself:64 chars vs longest distractor 38: A builder knows: AB ≅ CD, and AD ∥ BC. Which ONE additional measurement certifies a parallelogram?","Review the complete semantic item; keep one defensible answer, misconception-based parallel options, no writing clue, and a synchronized visual whenever the representation carries the mathematics."
CHOICE-0074,P1,400,CHOICE_SURFACE_INTEGRITY,OPEN_STEM_OPTION_AND_VISUAL_REVIEW,content/courses/polygons-quadrilaterals/lessons/pq-05-01.json,pq-05-01,i1,,4,1,5,5,length-prose-vs-prose:109 chars vs longest distractor 43: What's the logical difference between a parallelogram PROPERTY and a parallelogram TEST?,"Review the complete semantic item; keep one defensible answer, misconception-based parallel options, no writing clue, and a synchronized visual whenever the representation carries the mathematics."
CHOICE-0075,P1,400,CHOICE_SURFACE_INTEGRITY,OPEN_STEM_OPTION_AND_VISUAL_REVIEW,content/courses/polygons-quadrilaterals/lessons/pq-05-02.json,pq-05-02,i2,,4,1,5,5,"length-prose-vs-prose:72 chars vs longest distractor 45: “A rhombus is a kite.” Under the standard (inclusive) kite definition used in ch4, this is:","Review the complete semantic item; keep one defensible answer, misconception-based parallel options, no writing clue, and a synchronized visual whenever the representation carries the mathematics."
CHOICE-0076,P1,400,CHOICE_SURFACE_INTEGRITY,OPEN_STEM_OPTION_AND_VISUAL_REVIEW,content/courses/the-real-number-system/lessons/rns-03-01.json,rns-03-01,k3,,4,1,5,5,"lone-justification:10, since 95 is closer to 100 than to 81: √95 is closer to:","Review the complete semantic item; keep one defensible answer, misconception-based parallel options, no writing clue, and a synchronized visual whenever the representation carries the mathematics."
CHOICE-0077,P1,400,CHOICE_SURFACE_INTEGRITY,OPEN_STEM_OPTION_AND_VISUAL_REVIEW,content/courses/sampling-and-probability/lessons/sp-02b-02.json,sp-02b-02,k3,,4,1,5,5,length-answer-explains-itself:74 chars vs longest distractor 41: Groups C and D come out 1 MAD apart. What is the honest conclusion?,"Review the complete semantic item; keep one defensible answer, misconception-based parallel options, no writing clue, and a synchronized visual whenever the representation carries the mathematics."
CHOICE-0078,P1,400,CHOICE_SURFACE_INTEGRITY,OPEN_STEM_OPTION_AND_VISUAL_REVIEW,content/courses/sequences-series/lessons/sr-05-02.json,sr-05-02,i2,,4,1,5,5,length-prose-vs-prose:70 chars vs longest distractor 32: Plugging 5 + 10 + 20 + ⋯ into a₁/(1 − r) gives 5/(1 − 2) = −5. What's wrong?,"Review the complete semantic item; keep one defensible answer, misconception-based parallel options, no writing clue, and a synchronized visual whenever the representation carries the mathematics."
CHOICE-0079,P1,400,CHOICE_SURFACE_INTEGRITY,OPEN_STEM_OPTION_AND_VISUAL_REVIEW,content/courses/shapes-shares-g2/lessons/ssg2-03-01.json,ssg2-03-01,i2,,4,1,5,5,"length-prose-vs-prose:38 chars vs longest distractor 24: A shape is cut into 3 pieces, but one is bigger than the others. Are these thirds?","Review the complete semantic item; keep one defensible answer, misconception-based parallel options, no writing clue, and a synchronized visual whenever the representation carries the mathematics."
CHOICE-0080,P1,400,CHOICE_SURFACE_INTEGRITY,OPEN_STEM_OPTION_AND_VISUAL_REVIEW,content/courses/trig-identities-equations/lessons/ti-03-02.json,ti-03-02,k3,,4,1,5,5,"lone-justification:cos θ, since the sine term survives the expansion.: Expanding sin(90° − θ) with the difference formula gives:","Review the complete semantic item; keep one defensible answer, misconception-based parallel options, no writing clue, and a synchronized visual whenever the representation carries the mathematics."
CHOICE-0081,P1,400,CHOICE_SURFACE_INTEGRITY,OPEN_STEM_OPTION_AND_VISUAL_REVIEW,content/courses/vectors-matrices/lessons/vec-01-02.json,vec-01-02,k1,,4,1,5,5,"length-prose-vs-prose:21 chars vs longest distractor 7: The direction angle of v = ⟨−3, 4⟩ is closest to:","Review the complete semantic item; keep one defensible answer, misconception-based parallel options, no writing clue, and a synchronized visual whenever the representation carries the mathematics."
CHOICE-0082,P1,400,CHOICE_SURFACE_INTEGRITY,OPEN_STEM_OPTION_AND_VISUAL_REVIEW,content/courses/vectors-matrices/lessons/vec-01-03.json,vec-01-03,k3,,4,1,5,5,length-prose-vs-prose:23 chars vs longest distractor 9: The displacement from a point to itself is:,"Review the complete semantic item; keep one defensible answer, misconception-based parallel options, no writing clue, and a synchronized visual whenever the representation carries the mathematics."
CHOICE-0083,P1,400,CHOICE_SURFACE_INTEGRITY,OPEN_STEM_OPTION_AND_VISUAL_REVIEW,content/courses/vectors-matrices/lessons/vec-02-03.json,vec-02-03,k2,,4,1,5,5,"length-prose-vs-prose:20 chars vs longest distractor 6: What is ⟨3, 4⟩ + ⟨−3, −4⟩?","Review the complete semantic item; keep one defensible answer, misconception-based parallel options, no writing clue, and a synchronized visual whenever the representation carries the mathematics."
CHOICE-0084,P1,400,CHOICE_SURFACE_INTEGRITY,OPEN_STEM_OPTION_AND_VISUAL_REVIEW,content/courses/vectors-matrices/lessons/vec-03-01.json,vec-03-01,k3,,4,1,5,5,"length-prose-vs-prose:25 chars vs longest distractor 13: The dot product ⟨1, 0⟩ · ⟨−2, 5⟩ = −2. This means the angle between them is:","Review the complete semantic item; keep one defensible answer, misconception-based parallel options, no writing clue, and a synchronized visual whenever the representation carries the mathematics."
CHOICE-0085,P1,400,CHOICE_SURFACE_INTEGRITY,OPEN_STEM_OPTION_AND_VISUAL_REVIEW,content/courses/vectors-matrices/lessons/vec-04-03.json,vec-04-03,k3,,4,1,5,5,length-prose-vs-prose:48 chars vs longest distractor 22: A system's coefficient matrix has determinant 0. This means:,"Review the complete semantic item; keep one defensible answer, misconception-based parallel options, no writing clue, and a synchronized visual whenever the representation carries the mathematics."
CHOICE-0086,P1,400,CHOICE_SURFACE_INTEGRITY,OPEN_STEM_OPTION_AND_VISUAL_REVIEW,content/courses/vectors-matrices/lessons/vec-05-03.json,vec-05-03,k3,,4,1,5,5,"length-prose-vs-prose:51 chars vs longest distractor 33: A·B gave a 90° CLOCKWISE rotation. What does the reversed order B·A = [[0, −1], [1, 0]] give?","Review the complete semantic item; keep one defensible answer, misconception-based parallel options, no writing clue, and a synchronized visual whenever the representation carries the mathematics."
CHOICE-0087,P1,400,CHOICE_SURFACE_INTEGRITY,OPEN_STEM_OPTION_AND_VISUAL_REVIEW,generator:a1-exponential,,exp-graph-read__mcq,,4,1,5,5,length-prose-vs-prose:48 chars vs longest distractor 28: Which description matches f(x) = 4 · 4^x?,"Review the complete semantic item; keep one defensible answer, misconception-based parallel options, no writing clue, and a synchronized visual whenever the representation carries the mathematics."
CHOICE-0088,P1,400,CHOICE_SURFACE_INTEGRITY,OPEN_STEM_OPTION_AND_VISUAL_REVIEW,generator:a1-systems,,classify-systems__mcq,,4,1,5,5,length-prose-vs-prose:25 chars vs longest distractor 12: How many solutions does the system y = -4x − 6 and y = -4x − 6 have?,"Review the complete semantic item; keep one defensible answer, misconception-based parallel options, no writing clue, and a synchronized visual whenever the representation carries the mathematics."
CHOICE-0089,P1,400,CHOICE_SURFACE_INTEGRITY,OPEN_STEM_OPTION_AND_VISUAL_REVIEW,generator:a2-complex,,cn-cts-solve__mcq,,4,1,5,5,length-prose-vs-prose:64 chars vs longest distractor 42: Why is the same square added to both sides when completing the square?,"Review the complete semantic item; keep one defensible answer, misconception-based parallel options, no writing clue, and a synchronized visual whenever the representation carries the mathematics."
CHOICE-0090,P1,400,CHOICE_SURFACE_INTEGRITY,OPEN_STEM_OPTION_AND_VISUAL_REVIEW,generator:a2-logarithms,,lg-graph__mcq,,4,1,5,5,"length-prose-vs-prose:52 chars vs longest distractor 31: Which statement is true for y=log_b(x), where b>1?","Review the complete semantic item; keep one defensible answer, misconception-based parallel options, no writing clue, and a synchronized visual whenever the representation carries the mathematics."
CHOICE-0091,P1,400,CHOICE_SURFACE_INTEGRITY,OPEN_STEM_OPTION_AND_VISUAL_REVIEW,generator:a2-logarithms,,lg-scales__mcq,,4,1,5,5,length-prose-vs-prose:37 chars vs longest distractor 23: An earthquake magnitude increases by 9. Approximately how does shaking intensity change on a base-10 logarithmic scale?,"Review the complete semantic item; keep one defensible answer, misconception-based parallel options, no writing clue, and a synchronized visual whenever the representation carries the mathematics."
CHOICE-0092,P1,400,CHOICE_SURFACE_INTEGRITY,OPEN_STEM_OPTION_AND_VISUAL_REVIEW,generator:a2-polynomials,,pf-long-div__mcq,,4,1,5,5,length-prose-vs-prose:46 chars vs longest distractor 28: What is the fastest complete check of a polynomial division result?,"Review the complete semantic item; keep one defensible answer, misconception-based parallel options, no writing clue, and a synchronized visual whenever the representation carries the mathematics."
CHOICE-0093,P1,400,CHOICE_SURFACE_INTEGRITY,OPEN_STEM_OPTION_AND_VISUAL_REVIEW,generator:a2-radicals,,re-extraneous__mcq,,4,1,5,5,length-prose-vs-prose:71 chars vs longest distractor 43: Why can squaring a radical equation create an extraneous solution?,"Review the complete semantic item; keep one defensible answer, misconception-based parallel options, no writing clue, and a synchronized visual whenever the representation carries the mathematics."
CHOICE-0094,P1,400,CHOICE_SURFACE_INTEGRITY,OPEN_STEM_OPTION_AND_VISUAL_REVIEW,generator:a2-rationals,,rf-equations__mcq,,4,1,5,5,length-prose-vs-prose:63 chars vs longest distractor 39: Why must solutions of rational equations be checked in the original equation?,"Review the complete semantic item; keep one defensible answer, misconception-based parallel options, no writing clue, and a synchronized visual whenever the representation carries the mathematics."
CHOICE-0095,P1,400,CHOICE_SURFACE_INTEGRITY,OPEN_STEM_OPTION_AND_VISUAL_REVIEW,generator:a2-rationals,,rf-reciprocal__mcq,,4,1,5,5,length-prose-vs-prose:80 chars vs longest distractor 36: Why can f(x)=1/x never equal 0?,"Review the complete semantic item; keep one defensible answer, misconception-based parallel options, no writing clue, and a synchronized visual whenever the representation carries the mathematics."
CHOICE-0096,P1,400,CHOICE_SURFACE_INTEGRITY,OPEN_STEM_OPTION_AND_VISUAL_REVIEW,generator:a2-rationals,,rf-simplify__mcq,,4,1,5,5,length-prose-vs-prose:42 chars vs longest distractor 23: Can (x+3)/(x+4) be simplified by canceling x?,"Review the complete semantic item; keep one defensible answer, misconception-based parallel options, no writing clue, and a synchronized visual whenever the representation carries the mathematics."
CHOICE-0097,P1,400,CHOICE_SURFACE_INTEGRITY,OPEN_STEM_OPTION_AND_VISUAL_REVIEW,generator:a2-statistics,,si-experiment-design__mcq,,4,1,5,5,length-prose-vs-prose:49 chars vs longest distractor 27: A treatment group recovers at 90%. What is missing before attributing recovery to the treatment?,"Review the complete semantic item; keep one defensible answer, misconception-based parallel options, no writing clue, and a synchronized visual whenever the representation carries the mathematics."
CHOICE-0098,P1,400,CHOICE_SURFACE_INTEGRITY,OPEN_STEM_OPTION_AND_VISUAL_REVIEW,generator:a2-statistics,,si-sampling-dist__mcq,,4,1,5,5,length-prose-vs-prose:75 chars vs longest distractor 36: What happens to a sampling distribution when n increases substantially?,"Review the complete semantic item; keep one defensible answer, misconception-based parallel options, no writing clue, and a synchronized visual whenever the representation carries the mathematics."
CHOICE-0099,P1,400,CHOICE_SURFACE_INTEGRITY,OPEN_STEM_OPTION_AND_VISUAL_REVIEW,generator:a2-statistics,,si-sampling-variability__mcq,,4,1,5,5,length-prose-vs-prose:62 chars vs longest distractor 37: Repeated honest random samples land on both sides of the true value. What does the center of their estimates indicate?,"Review the complete semantic item; keep one defensible answer, misconception-based parallel options, no writing clue, and a synchronized visual whenever the representation carries the mathematics."
CHOICE-0100,P1,400,CHOICE_SURFACE_INTEGRITY,OPEN_STEM_OPTION_AND_VISUAL_REVIEW,generator:a2-statistics,,si-significance-limits__mcq,,4,1,5,5,length-prose-vs-prose:80 chars vs longest distractor 41: A huge randomized study finds a 0.3-point score increase with p<0.001. What is the best conclusion?,"Review the complete semantic item; keep one defensible answer, misconception-based parallel options, no writing clue, and a synchronized visual whenever the representation carries the mathematics."
CHOICE-0101,P1,400,CHOICE_SURFACE_INTEGRITY,OPEN_STEM_OPTION_AND_VISUAL_REVIEW,generator:a2-statistics,,si-standard-error__mcq,,4,1,5,5,"length-prose-vs-prose:80 chars vs longest distractor 25: Two 1,000-person polls sample from populations of 100,000 and 100 million. Which has noticeably smaller standard error?","Review the complete semantic item; keep one defensible answer, misconception-based parallel options, no writing clue, and a synchronized visual whenever the representation carries the mathematics."
CHOICE-0102,P1,400,CHOICE_SURFACE_INTEGRITY,OPEN_STEM_OPTION_AND_VISUAL_REVIEW,generator:area-formula-pick,,trapezoidAverage,,4,1,5,5,length-prose-vs-prose:83 chars vs longest distractor 50: A trapezoid has parallel bases 10 and 3 and height 8. Why does its formula average the two bases?,"Review the complete semantic item; keep one defensible answer, misconception-based parallel options, no writing clue, and a synchronized visual whenever the representation carries the mathematics."
CHOICE-0103,P1,400,CHOICE_SURFACE_INTEGRITY,OPEN_STEM_OPTION_AND_VISUAL_REVIEW,generator:attributes,,definingAttribute,,4,1,5,5,length-prose-vs-prose:37 chars vs longest distractor 24: Which fact is a defining attribute of a triangle?,"Review the complete semantic item; keep one defensible answer, misconception-based parallel options, no writing clue, and a synchronized visual whenever the representation carries the mathematics."
CHOICE-0104,P1,400,CHOICE_SURFACE_INTEGRITY,OPEN_STEM_OPTION_AND_VISUAL_REVIEW,generator:compare-same-num,,whoIsRight,,4,1,5,5,"length-prose-vs-prose:54 chars vs longest distractor 35: Bea says 3/12 is bigger than 3/5, ""because 12 is bigger than 5."" What is the reply?","Review the complete semantic item; keep one defensible answer, misconception-based parallel options, no writing clue, and a synchronized visual whenever the representation carries the mathematics."
CHOICE-0105,P1,400,CHOICE_SURFACE_INTEGRITY,OPEN_STEM_OPTION_AND_VISUAL_REVIEW,generator:const-sum-rule,,whyConstant,,4,1,5,5,length-prose-vs-prose:81 chars vs longest distractor 43: Why is d/dx[x⁴ + 40] the same as d/dx[x⁴]?,"Review the complete semantic item; keep one defensible answer, misconception-based parallel options, no writing clue, and a synchronized visual whenever the representation carries the mathematics."
CHOICE-0106,P1,400,CHOICE_SURFACE_INTEGRITY,OPEN_STEM_OPTION_AND_VISUAL_REVIEW,generator:critical-count,,oddPowerSaddle,,4,1,5,5,length-answer-explains-itself:86 chars vs longest distractor 19: f(x) = x⁵ has a critical point at x = 0. What is it?,"Review the complete semantic item; keep one defensible answer, misconception-based parallel options, no writing clue, and a synchronized visual whenever the representation carries the mathematics."
CHOICE-0107,P1,400,CHOICE_SURFACE_INTEGRITY,OPEN_STEM_OPTION_AND_VISUAL_REVIEW,generator:end-behavior,,poleClassify,,4,1,5,5,length-answer-explains-itself:64 chars vs longest distractor 16: f(x) = (6x − 8)/(x − 2). What happens at x = 2?,"Review the complete semantic item; keep one defensible answer, misconception-based parallel options, no writing clue, and a synchronized visual whenever the representation carries the mathematics."
CHOICE-0108,P1,400,CHOICE_SURFACE_INTEGRITY,OPEN_STEM_OPTION_AND_VISUAL_REVIEW,generator:end-behavior,,polyLimit,,4,1,5,5,length-answer-explains-itself:63 chars vs longest distractor 6: f(x) = −x³ + 5x². What happens as x → −∞?,"Review the complete semantic item; keep one defensible answer, misconception-based parallel options, no writing clue, and a synchronized visual whenever the representation carries the mathematics."
CHOICE-0109,P1,400,CHOICE_SURFACE_INTEGRITY,OPEN_STEM_OPTION_AND_VISUAL_REVIEW,generator:estimation,,whenEstimate,,4,1,5,5,length-prose-vs-prose:72 chars vs longest distractor 37: When is rounding to estimate the right move? Consider making a quick shopping budget.,"Review the complete semantic item; keep one defensible answer, misconception-based parallel options, no writing clue, and a synchronized visual whenever the representation carries the mathematics."
CHOICE-0110,P1,400,CHOICE_SURFACE_INTEGRITY,OPEN_STEM_OPTION_AND_VISUAL_REVIEW,generator:even-odd-classify,,neitherMixed,,4,1,5,5,length-prose-vs-prose:20 chars vs longest distractor 4: Classify h(x) = 4x² + 2x.,"Review the complete semantic item; keep one defensible answer, misconception-based parallel options, no writing clue, and a synchronized visual whenever the representation carries the mathematics."
CHOICE-0111,P1,400,CHOICE_SURFACE_INTEGRITY,OPEN_STEM_OPTION_AND_VISUAL_REVIEW,generator:fact-family,,howManyFacts,,4,1,5,5,"length-answer-explains-itself:34 chars vs longest distractor 20: The family of 8, 8, and 64 — how many DIFFERENT facts does it have?","Review the complete semantic item; keep one defensible answer, misconception-based parallel options, no writing clue, and a synchronized visual whenever the representation carries the mathematics."
CHOICE-0112,P1,400,CHOICE_SURFACE_INTEGRITY,OPEN_STEM_OPTION_AND_VISUAL_REVIEW,generator:full-sketch,,fallingSteepening,,4,1,5,5,"length-prose-vs-prose:53 chars vs longest distractor 27: For f = x³ − 15x² + 5, describe the curve on the interval (0, 5).","Review the complete semantic item; keep one defensible answer, misconception-based parallel options, no writing clue, and a synchronized visual whenever the representation carries the mathematics."
CHOICE-0113,P1,400,CHOICE_SURFACE_INTEGRITY,OPEN_STEM_OPTION_AND_VISUAL_REVIEW,generator:full-sketch,,logicalContradiction,,4,1,5,5,"length-prose-vs-prose:82 chars vs longest distractor 52: A student claims f′ > 0 on all of (1, 5), and that f has a maximum at x = 4. What is wrong?","Review the complete semantic item; keep one defensible answer, misconception-based parallel options, no writing clue, and a synchronized visual whenever the representation carries the mathematics."
CHOICE-0114,P1,400,CHOICE_SURFACE_INTEGRITY,OPEN_STEM_OPTION_AND_VISUAL_REVIEW,generator:g10-circle-theorems,,cr-chord-perp__mcq,,4,1,5,5,length-prose-vs-prose:85 chars vs longest distractor 55: You have a fragment of a broken circular plate. How do you locate the original center?,"Review the complete semantic item; keep one defensible answer, misconception-based parallel options, no writing clue, and a synchronized visual whenever the representation carries the mathematics."
CHOICE-0115,P1,400,CHOICE_SURFACE_INTEGRITY,OPEN_STEM_OPTION_AND_VISUAL_REVIEW,generator:g10-circle-theorems,,cr-cyclic-quad__mcq,,4,1,5,5,"length-prose-vs-prose:60 chars vs longest distractor 32 | length-answer-explains-itself:66 chars vs longest distractor 21: A quadrilateral has consecutive angles 88°, 105°, 92°, 75°. Is it cyclic?","Review the complete semantic item; keep one defensible answer, misconception-based parallel options, no writing clue, and a synchronized visual whenever the representation carries the mathematics."
CHOICE-0116,P1,400,CHOICE_SURFACE_INTEGRITY,OPEN_STEM_OPTION_AND_VISUAL_REVIEW,generator:g10-circle-theorems,,cr-secant-angles__mcq,,4,1,5,5,length-prose-vs-prose:47 chars vs longest distractor 28: A photographer outside a circular fountain sights along two tangent lines to its rim. Which formula gives the angle between the sight lines?,"Review the complete semantic item; keep one defensible answer, misconception-based parallel options, no writing clue, and a synchronized visual whenever the representation carries the mathematics."
CHOICE-0117,P1,400,CHOICE_SURFACE_INTEGRITY,OPEN_STEM_OPTION_AND_VISUAL_REVIEW,generator:g10-circle-theorems,,cr-tangent-chord__mcq,,4,1,5,5,length-prose-vs-prose:92 chars vs longest distractor 20: A tangent-chord angle halves “the intercepted arc.” Which arc is that?,"Review the complete semantic item; keep one defensible answer, misconception-based parallel options, no writing clue, and a synchronized visual whenever the representation carries the mathematics."
CHOICE-0118,P1,400,CHOICE_SURFACE_INTEGRITY,OPEN_STEM_OPTION_AND_VISUAL_REVIEW,generator:g10-conditional-probability,,conditional-probability__cpr-table-union__mcq,,4,1,5,5,length-prose-vs-prose:80 chars vs longest distractor 53: Why do we subtract the 40 when we add the bus row (100) to the sport column (110)?,"Review the complete semantic item; keep one defensible answer, misconception-based parallel options, no writing clue, and a synchronized visual whenever the representation carries the mathematics."
CHOICE-0119,P1,400,CHOICE_SURFACE_INTEGRITY,OPEN_STEM_OPTION_AND_VISUAL_REVIEW,generator:g10-constructions-proof,,cp-conjecture-proof__mcq,,4,1,5,5,length-prose-vs-prose:78 chars vs longest distractor 47: Why couldn't a carefully measured construction be accepted on the drawing alone?,"Review the complete semantic item; keep one defensible answer, misconception-based parallel options, no writing clue, and a synchronized visual whenever the representation carries the mathematics."
CHOICE-0120,P1,400,CHOICE_SURFACE_INTEGRITY,OPEN_STEM_OPTION_AND_VISUAL_REVIEW,generator:g10-constructions-proof,,cp-perp-at-point__mcq,,4,1,5,5,"length-prose-vs-prose:84 chars vs longest distractor 38: What guarantees PQ ⊥ the line, without measuring?","Review the complete semantic item; keep one defensible answer, misconception-based parallel options, no writing clue, and a synchronized visual whenever the representation carries the mathematics."
CHOICE-0121,P1,400,CHOICE_SURFACE_INTEGRITY,OPEN_STEM_OPTION_AND_VISUAL_REVIEW,generator:g10-constructions-proof,,cp-perp-bisector__mcq,,4,1,5,5,length-answer-explains-itself:74 chars vs longest distractor 44: You need to construct the MIDPOINT of a segment — no perpendicular required. Which construction gives it to you?,"Review the complete semantic item; keep one defensible answer, misconception-based parallel options, no writing clue, and a synchronized visual whenever the representation carries the mathematics."
CHOICE-0122,P1,400,CHOICE_SURFACE_INTEGRITY,OPEN_STEM_OPTION_AND_VISUAL_REVIEW,generator:g10-constructions-proof,,cp-proving-transversal__mcq,,4,1,5,5,length-prose-vs-prose:45 chars vs longest distractor 26: A transversal proof needs to conclude two angles are SUPPLEMENTARY (sum 180°). Which fact does it most naturally use?,"Review the complete semantic item; keep one defensible answer, misconception-based parallel options, no writing clue, and a synchronized visual whenever the representation carries the mathematics."
CHOICE-0123,P1,400,CHOICE_SURFACE_INTEGRITY,OPEN_STEM_OPTION_AND_VISUAL_REVIEW,generator:g10-coordinate-proofs,,cx-circle-cts__mcq,,4,1,5,5,"length-answer-explains-itself:51 chars vs longest distractor 13: Using k1's unmasked circle (center (3, 2), r² = 25): where does (0, 6) sit?","Review the complete semantic item; keep one defensible answer, misconception-based parallel options, no writing clue, and a synchronized visual whenever the representation carries the mathematics."
CHOICE-0124,P1,400,CHOICE_SURFACE_INTEGRITY,OPEN_STEM_OPTION_AND_VISUAL_REVIEW,generator:g10-coordinate-proofs,,cx-classify-quad__mcq,,4,1,5,5,"length-prose-vs-prose:57 chars vs longest distractor 36: P(1, 2), Q(6, 3), R(7, 7), S(2, 6). The slope audit (PQ, QR, RS, SP) finds:","Review the complete semantic item; keep one defensible answer, misconception-based parallel options, no writing clue, and a synchronized visual whenever the representation carries the mathematics."
CHOICE-0125,P1,400,CHOICE_SURFACE_INTEGRITY,OPEN_STEM_OPTION_AND_VISUAL_REVIEW,generator:g10-coordinate-proofs,,cx-classify-tri__mcq,,4,1,5,5,"length-answer-explains-itself:85 chars vs longest distractor 23: Same triangle A(1, 1), B(5, 3), C(3, 7). Full classification:","Review the complete semantic item; keep one defensible answer, misconception-based parallel options, no writing clue, and a synchronized visual whenever the representation carries the mathematics."
CHOICE-0126,P1,400,CHOICE_SURFACE_INTEGRITY,OPEN_STEM_OPTION_AND_VISUAL_REVIEW,generator:g10-coordinate-proofs,,cx-general-proof__mcq,,4,1,5,5,length-prose-vs-prose:146 chars vs longest distractor 45: The figure shows each midpoint-parallelogram side parallel to a diagonal. Why does that prove Varignon for EVERY quadrilateral?,"Review the complete semantic item; keep one defensible answer, misconception-based parallel options, no writing clue, and a synchronized visual whenever the representation carries the mathematics."
CHOICE-0127,P1,400,CHOICE_SURFACE_INTEGRITY,OPEN_STEM_OPTION_AND_VISUAL_REVIEW,generator:g10-coordinate-proofs,,cx-parallel-proof__mcq,,4,1,5,5,length-prose-vs-prose:110 chars vs longest distractor 44: Which fact makes the translation proof work?,"Review the complete semantic item; keep one defensible answer, misconception-based parallel options, no writing clue, and a synchronized visual whenever the representation carries the mathematics."
CHOICE-0128,P1,400,CHOICE_SURFACE_INTEGRITY,OPEN_STEM_OPTION_AND_VISUAL_REVIEW,generator:g10-coordinate-proofs,,cx-perp-proof__mcq,,4,1,5,5,length-prose-vs-prose:79 chars vs longest distractor 38: Lines x = 3 and y = −2: perpendicular?,"Review the complete semantic item; keep one defensible answer, misconception-based parallel options, no writing clue, and a synchronized visual whenever the representation carries the mathematics."
CHOICE-0129,P1,400,CHOICE_SURFACE_INTEGRITY,OPEN_STEM_OPTION_AND_VISUAL_REVIEW,generator:g10-coordinate-proofs,,cx-shoelace__mcq,,4,1,5,5,length-prose-vs-prose:79 chars vs longest distractor 29: Run the shoelace on the SAME quadrilateral but list the vertices clockwise. The result:,"Review the complete semantic item; keep one defensible answer, misconception-based parallel options, no writing clue, and a synchronized visual whenever the representation carries the mathematics."
CHOICE-0130,P1,400,CHOICE_SURFACE_INTEGRITY,OPEN_STEM_OPTION_AND_VISUAL_REVIEW,generator:g10-right-triangles,,rt-elev-depress__mcq,,4,1,5,5,"length-prose-vs-prose:49 chars vs longest distractor 32: From a cliff top, the angle of depression to a boat is 15°. What is the angle of ELEVATION from the boat up to the cliff top?","Review the complete semantic item; keep one defensible answer, misconception-based parallel options, no writing clue, and a synchronized visual whenever the representation carries the mathematics."
CHOICE-0131,P1,400,CHOICE_SURFACE_INTEGRITY,OPEN_STEM_OPTION_AND_VISUAL_REVIEW,generator:g10-right-triangles,,rt-law-cosines__mcq,,4,1,5,5,length-answer-explains-itself:37 chars vs longest distractor 23: You know two sides and the angle BETWEEN them. Which tool finds the third side?,"Review the complete semantic item; keep one defensible answer, misconception-based parallel options, no writing clue, and a synchronized visual whenever the representation carries the mathematics."
CHOICE-0132,P1,400,CHOICE_SURFACE_INTEGRITY,OPEN_STEM_OPTION_AND_VISUAL_REVIEW,generator:g10-similarity,,sy-aa__mcq,,4,1,5,5,length-prose-vs-prose:71 chars vs longest distractor 38: What justifies using a proportion for the shadow problem — WHY are the two triangles similar?,"Review the complete semantic item; keep one defensible answer, misconception-based parallel options, no writing clue, and a synchronized visual whenever the representation carries the mathematics."
CHOICE-0133,P1,400,CHOICE_SURFACE_INTEGRITY,OPEN_STEM_OPTION_AND_VISUAL_REVIEW,generator:g10-similarity,,sy-altitude-similar__mcq,,4,1,5,5,length-prose-vs-prose:47 chars vs longest distractor 21: The three triangles in the altitude picture are…,"Review the complete semantic item; keep one defensible answer, misconception-based parallel options, no writing clue, and a synchronized visual whenever the representation carries the mathematics."
CHOICE-0134,P1,400,CHOICE_SURFACE_INTEGRITY,OPEN_STEM_OPTION_AND_VISUAL_REVIEW,generator:g10-similarity,,sy-criterion-choice__mcq,,4,1,5,5,length-prose-vs-prose:57 chars vs longest distractor 32: A line parallel to one side of a triangle crosses the other two sides. Which criterion does this most naturally set up?,"Review the complete semantic item; keep one defensible answer, misconception-based parallel options, no writing clue, and a synchronized visual whenever the representation carries the mathematics."
CHOICE-0135,P1,400,CHOICE_SURFACE_INTEGRITY,OPEN_STEM_OPTION_AND_VISUAL_REVIEW,generator:g10-similarity,,sy-geometric-mean__mcq,,4,1,5,5,"length-prose-vs-prose:59 chars vs longest distractor 33: To find a LEG using the geometric mean, you take the square root of…","Review the complete semantic item; keep one defensible answer, misconception-based parallel options, no writing clue, and a synchronized visual whenever the representation carries the mathematics."
CHOICE-0136,P1,400,CHOICE_SURFACE_INTEGRITY,OPEN_STEM_OPTION_AND_VISUAL_REVIEW,generator:g10-similarity,,sy-indirect__mcq,,4,1,5,5,length-prose-vs-prose:85 chars vs longest distractor 29: Why does the mirror method create similar triangles?,"Review the complete semantic item; keep one defensible answer, misconception-based parallel options, no writing clue, and a synchronized visual whenever the representation carries the mathematics."
CHOICE-0137,P1,400,CHOICE_SURFACE_INTEGRITY,OPEN_STEM_OPTION_AND_VISUAL_REVIEW,generator:g10-similarity,,sy-side-splitter__mcq,,4,1,5,5,length-prose-vs-prose:89 chars vs longest distractor 49: Why does a line parallel to one side split the other two proportionally?,"Review the complete semantic item; keep one defensible answer, misconception-based parallel options, no writing clue, and a synchronized visual whenever the representation carries the mathematics."
CHOICE-0138,P1,400,CHOICE_SURFACE_INTEGRITY,OPEN_STEM_OPTION_AND_VISUAL_REVIEW,generator:g10-similarity,,sy-side-splitter-converse__mcq,,4,1,5,5,"length-prose-vs-prose:52 chars vs longest distractor 22: A segment splits a triangle's sides: AD = 5, DB = 10, AE = 7, EC = 14. Is it parallel to the third side?","Review the complete semantic item; keep one defensible answer, misconception-based parallel options, no writing clue, and a synchronized visual whenever the representation carries the mathematics."
CHOICE-0139,P1,400,CHOICE_SURFACE_INTEGRITY,OPEN_STEM_OPTION_AND_VISUAL_REVIEW,generator:g10-similarity,,sy-similarity__mcq,,4,1,5,5,length-prose-vs-prose:71 chars vs longest distractor 36: How are congruence and similarity related?,"Review the complete semantic item; keep one defensible answer, misconception-based parallel options, no writing clue, and a synchronized visual whenever the representation carries the mathematics."
CHOICE-0140,P1,400,CHOICE_SURFACE_INTEGRITY,OPEN_STEM_OPTION_AND_VISUAL_REVIEW,generator:g10-similarity,,sy-sss-similar__mcq,,4,1,5,5,"length-prose-vs-prose:57 chars vs longest distractor 26: Triangle A: 6, 9, 12. Triangle B: 8, 12, 16. Are they similar, and what is the scale factor?","Review the complete semantic item; keep one defensible answer, misconception-based parallel options, no writing clue, and a synchronized visual whenever the representation carries the mathematics."
CHOICE-0141,P1,400,CHOICE_SURFACE_INTEGRITY,OPEN_STEM_OPTION_AND_VISUAL_REVIEW,generator:g10-solid-geometry,,sg-cavalieri__mcq,,4,1,5,5,"length-prose-vs-prose:70 chars vs longest distractor 37: Eight identical coins are stacked straight, then pushed into a lean. The leaning stack's volume, compared to the straight stack:","Review the complete semantic item; keep one defensible answer, misconception-based parallel options, no writing clue, and a synchronized visual whenever the representation carries the mathematics."
CHOICE-0142,P1,400,CHOICE_SURFACE_INTEGRITY,OPEN_STEM_OPTION_AND_VISUAL_REVIEW,generator:g10-solid-geometry,,sg-cavalieri-apply__mcq,,4,1,5,5,"length-prose-vs-prose:64 chars vs longest distractor 34: To prove two solids have equal volume via Cavalieri, you must establish:","Review the complete semantic item; keep one defensible answer, misconception-based parallel options, no writing clue, and a synchronized visual whenever the representation carries the mathematics."
CHOICE-0143,P1,400,CHOICE_SURFACE_INTEGRITY,OPEN_STEM_OPTION_AND_VISUAL_REVIEW,generator:g10-solid-geometry,,sg-cavalieri-limits__mcq,,4,1,5,5,length-prose-vs-prose:119 chars vs longest distractor 34: Does equal volume imply equal cross-sections at each level?,"Review the complete semantic item; keep one defensible answer, misconception-based parallel options, no writing clue, and a synchronized visual whenever the representation carries the mathematics."
CHOICE-0144,P1,400,CHOICE_SURFACE_INTEGRITY,OPEN_STEM_OPTION_AND_VISUAL_REVIEW,generator:g10-solid-geometry,,sg-cross-sections__mcq,,4,1,5,5,length-answer-explains-itself:76 chars vs longest distractor 27: A plane slices a cone straight down through its apex (and through the base). The cross-section is:,"Review the complete semantic item; keep one defensible answer, misconception-based parallel options, no writing clue, and a synchronized visual whenever the representation carries the mathematics."
CHOICE-0145,P1,400,CHOICE_SURFACE_INTEGRITY,OPEN_STEM_OPTION_AND_VISUAL_REVIEW,generator:g10-solid-geometry,,sg-cylinder-justified__mcq,,4,1,5,5,length-prose-vs-prose:130 chars vs longest distractor 47: The prism-to-cylinder justification works because:,"Review the complete semantic item; keep one defensible answer, misconception-based parallel options, no writing clue, and a synchronized visual whenever the representation carries the mathematics."
CHOICE-0146,P1,400,CHOICE_SURFACE_INTEGRITY,OPEN_STEM_OPTION_AND_VISUAL_REVIEW,generator:g10-solid-geometry,,sg-density__mcq,,4,1,5,5,length-answer-explains-itself:67 chars vs longest distractor 28: A solid pine block (density 0.6 g/cm³) of ANY shape is placed in water (density 1). It:,"Review the complete semantic item; keep one defensible answer, misconception-based parallel options, no writing clue, and a synchronized visual whenever the representation carries the mathematics."
CHOICE-0147,P1,400,CHOICE_SURFACE_INTEGRITY,OPEN_STEM_OPTION_AND_VISUAL_REVIEW,generator:g10-solid-geometry,,sg-modeling__mcq,,4,1,5,5,length-prose-vs-prose:127 chars vs longest distractor 26: A mouse must eat constantly while an elephant doesn't. The k-law explanation:,"Review the complete semantic item; keep one defensible answer, misconception-based parallel options, no writing clue, and a synchronized visual whenever the representation carries the mathematics."
CHOICE-0148,P1,400,CHOICE_SURFACE_INTEGRITY,OPEN_STEM_OPTION_AND_VISUAL_REVIEW,generator:g10-solid-geometry,,sg-section-reasoning__mcq,,4,1,5,5,length-prose-vs-prose:83 chars vs longest distractor 39: Why is the great circle the LARGEST section of a sphere?,"Review the complete semantic item; keep one defensible answer, misconception-based parallel options, no writing clue, and a synchronized visual whenever the representation carries the mathematics."
CHOICE-0149,P1,400,CHOICE_SURFACE_INTEGRITY,OPEN_STEM_OPTION_AND_VISUAL_REVIEW,generator:g10-solid-geometry,,sg-third-story__mcq,,4,1,5,5,"length-prose-vs-prose:163 chars vs longest distractor 43: The cube tiling certifies ⅓Bh for one special pyramid. Why does EVERY pyramid (any base, even oblique) obey it?","Review the complete semantic item; keep one defensible answer, misconception-based parallel options, no writing clue, and a synchronized visual whenever the representation carries the mathematics."
CHOICE-0150,P1,400,CHOICE_SURFACE_INTEGRITY,OPEN_STEM_OPTION_AND_VISUAL_REVIEW,generator:g10-triangle-congruence,,tc-asa__mcq,,4,1,5,5,length-prose-vs-prose:94 chars vs longest distractor 61: Why is AAS (two angles and a NON-included side) a valid congruence criterion?,"Review the complete semantic item; keep one defensible answer, misconception-based parallel options, no writing clue, and a synchronized visual whenever the representation carries the mathematics."
CHOICE-0151,P1,400,CHOICE_SURFACE_INTEGRITY,OPEN_STEM_OPTION_AND_VISUAL_REVIEW,generator:g10-triangle-congruence,,tc-centroid__mcq,,4,1,5,5,length-prose-vs-prose:89 chars vs longest distractor 59: What is the difference between a median and an altitude from a vertex?,"Review the complete semantic item; keep one defensible answer, misconception-based parallel options, no writing clue, and a synchronized visual whenever the representation carries the mathematics."
CHOICE-0152,P1,400,CHOICE_SURFACE_INTEGRITY,OPEN_STEM_OPTION_AND_VISUAL_REVIEW,generator:g10-triangle-congruence,,tc-circumcenter__mcq,,4,1,5,5,"length-prose-vs-prose:72 chars vs longest distractor 35: Since the circumcenter is equidistant from all three vertices, it is the center of…","Review the complete semantic item; keep one defensible answer, misconception-based parallel options, no writing clue, and a synchronized visual whenever the representation carries the mathematics."
CHOICE-0153,P1,400,CHOICE_SURFACE_INTEGRITY,OPEN_STEM_OPTION_AND_VISUAL_REVIEW,generator:g10-triangle-congruence,,tc-cpctc-practice__mcq,,4,1,5,5,"length-prose-vs-prose:48 chars vs longest distractor 28: In that proof, the equality BD = BD comes from which reason?","Review the complete semantic item; keep one defensible answer, misconception-based parallel options, no writing clue, and a synchronized visual whenever the representation carries the mathematics."
CHOICE-0154,P1,400,CHOICE_SURFACE_INTEGRITY,OPEN_STEM_OPTION_AND_VISUAL_REVIEW,generator:g10-triangle-congruence,,tc-hl__mcq,,4,1,5,5,"length-prose-vs-prose:76 chars vs longest distractor 37: SSA usually fails, so why does HL (which looks similar) succeed?","Review the complete semantic item; keep one defensible answer, misconception-based parallel options, no writing clue, and a synchronized visual whenever the representation carries the mathematics."
CHOICE-0155,P1,400,CHOICE_SURFACE_INTEGRITY,OPEN_STEM_OPTION_AND_VISUAL_REVIEW,generator:g10-triangle-congruence,,tc-inequality-proofs__mcq,,4,1,5,5,"length-prose-vs-prose:61 chars vs longest distractor 23: Two triangles share sides of length 8 and 11. The included angle in the first is 65°, in the second 50°. To prove the first's third side is longer, which theore","Review the complete semantic item; keep one defensible answer, misconception-based parallel options, no writing clue, and a synchronized visual whenever the representation carries the mathematics."
CHOICE-0156,P1,400,CHOICE_SURFACE_INTEGRITY,OPEN_STEM_OPTION_AND_VISUAL_REVIEW,generator:g10-triangle-congruence,,tc-isosceles-converse__mcq,,4,1,5,5,"length-prose-vs-prose:71 chars vs longest distractor 29: You measure two angles of a triangle and find them equal. By the converse, what follows?","Review the complete semantic item; keep one defensible answer, misconception-based parallel options, no writing clue, and a synchronized visual whenever the representation carries the mathematics."
CHOICE-0157,P1,400,CHOICE_SURFACE_INTEGRITY,OPEN_STEM_OPTION_AND_VISUAL_REVIEW,generator:g10-triangle-congruence,,tc-overlapping__mcq,,4,1,5,5,"length-prose-vs-prose:45 chars vs longest distractor 29: Two overlapping triangles share vertex angle ∠A, and the two sides forming ∠A are equal in each. Which criterion proves them congruent?","Review the complete semantic item; keep one defensible answer, misconception-based parallel options, no writing clue, and a synchronized visual whenever the representation carries the mathematics."
CHOICE-0158,P1,400,CHOICE_SURFACE_INTEGRITY,OPEN_STEM_OPTION_AND_VISUAL_REVIEW,generator:g10-triangle-congruence,,tc-ssa-fails__mcq,,4,1,5,5,length-prose-vs-prose:78 chars vs longest distractor 34: What makes SSA fail where SAS succeeds?,"Review the complete semantic item; keep one defensible answer, misconception-based parallel options, no writing clue, and a synchronized visual whenever the representation carries the mathematics."
CHOICE-0159,P1,400,CHOICE_SURFACE_INTEGRITY,OPEN_STEM_OPTION_AND_VISUAL_REVIEW,generator:g10-triangle-congruence,,tc-sss__mcq,,4,1,5,5,length-prose-vs-prose:82 chars vs longest distractor 44: Why does SSS (three pairs of equal sides) guarantee congruence?,"Review the complete semantic item; keep one defensible answer, misconception-based parallel options, no writing clue, and a synchronized visual whenever the representation carries the mathematics."
CHOICE-0160,P1,400,CHOICE_SURFACE_INTEGRITY,OPEN_STEM_OPTION_AND_VISUAL_REVIEW,generator:g12-conic-sections,,conic-sections__co-asymptote__mcq,,4,1,5,5,length-prose-vs-prose:48 chars vs longest distractor 31: How does the hyperbola's focus rule differ from the ellipse's?,"Review the complete semantic item; keep one defensible answer, misconception-based parallel options, no writing clue, and a synchronized visual whenever the representation carries the mathematics."
CHOICE-0161,P1,400,CHOICE_SURFACE_INTEGRITY,OPEN_STEM_OPTION_AND_VISUAL_REVIEW,generator:g12-conic-sections,,conic-sections__co-general-hp__mcq,,4,1,5,5,length-prose-vs-prose:36 chars vs longest distractor 13: Which conic does NOT require dividing to make the right side equal 1?,"Review the complete semantic item; keep one defensible answer, misconception-based parallel options, no writing clue, and a synchronized visual whenever the representation carries the mathematics."
CHOICE-0162,P1,400,CHOICE_SURFACE_INTEGRITY,OPEN_STEM_OPTION_AND_VISUAL_REVIEW,generator:g12-function-analysis,,function-analysis__fna-restricted__mcq,,4,1,5,5,length-answer-explains-itself:41 chars vs longest distractor 16 | length-prose-vs-prose:23 chars vs longest distractor 10: f(x) = x² on x ≥ 0 has range y ≥ 0. What is the DOMAIN of f⁻¹(x) = √x?,"Review the complete semantic item; keep one defensible answer, misconception-based parallel options, no writing clue, and a synchronized visual whenever the representation carries the mathematics."
CHOICE-0163,P1,400,CHOICE_SURFACE_INTEGRITY,OPEN_STEM_OPTION_AND_VISUAL_REVIEW,generator:g12-polar-parametric,,polar-parametric__pp-limacons__mcq,,4,1,5,5,length-prose-vs-prose:22 chars vs longest distractor 8: What shape is r = 5 + 2 cos θ?,"Review the complete semantic item; keep one defensible answer, misconception-based parallel options, no writing clue, and a synchronized visual whenever the representation carries the mathematics."
CHOICE-0164,P1,400,CHOICE_SURFACE_INTEGRITY,OPEN_STEM_OPTION_AND_VISUAL_REVIEW,generator:g12-polar-parametric,,polar-parametric__pp-nth-roots__mcq,,4,1,5,5,length-prose-vs-prose:18 chars vs longest distractor 1: Which is one of the cube roots of 8?,"Review the complete semantic item; keep one defensible answer, misconception-based parallel options, no writing clue, and a synchronized visual whenever the representation carries the mathematics."
CHOICE-0165,P1,400,CHOICE_SURFACE_INTEGRITY,OPEN_STEM_OPTION_AND_VISUAL_REVIEW,generator:g12-polar-parametric,,polar-parametric__pp-parabolic-path__mcq,,4,1,5,5,"length-prose-vs-prose:45 chars vs longest distractor 18: After eliminating t, the trajectory y in terms of x is:","Review the complete semantic item; keep one defensible answer, misconception-based parallel options, no writing clue, and a synchronized visual whenever the representation carries the mathematics."
CHOICE-0166,P1,400,CHOICE_SURFACE_INTEGRITY,OPEN_STEM_OPTION_AND_VISUAL_REVIEW,generator:g12-polar-parametric,,polar-parametric__pp-parametric__mcq,,4,1,5,5,"length-prose-vs-prose:60 chars vs longest distractor 29: Why can x = t², y = t trace a curve that's NOT a function y = f(x)?","Review the complete semantic item; keep one defensible answer, misconception-based parallel options, no writing clue, and a synchronized visual whenever the representation carries the mathematics."
CHOICE-0167,P1,400,CHOICE_SURFACE_INTEGRITY,OPEN_STEM_OPTION_AND_VISUAL_REVIEW,generator:g12-polynomial-rational-analysis,,polynomial-rational-analysis__pra-boundary-rule__mcq,,4,1,5,5,"length-prose-vs-prose:111 chars vs longest distractor 58: A student solves x/(x − 2) ≤ 3 by multiplying both sides by (x − 2), getting x ≥ 3. What went wrong?","Review the complete semantic item; keep one defensible answer, misconception-based parallel options, no writing clue, and a synchronized visual whenever the representation carries the mathematics."
CHOICE-0168,P1,400,CHOICE_SURFACE_INTEGRITY,OPEN_STEM_OPTION_AND_VISUAL_REVIEW,generator:g12-polynomial-rational-analysis,,polynomial-rational-analysis__pra-ineq-scratch__mcq,,4,1,5,5,length-prose-vs-prose:63 chars vs longest distractor 31: How does the answer change for the STRICT inequality x³ > 4x?,"Review the complete semantic item; keep one defensible answer, misconception-based parallel options, no writing clue, and a synchronized visual whenever the representation carries the mathematics."
CHOICE-0169,P1,400,CHOICE_SURFACE_INTEGRITY,OPEN_STEM_OPTION_AND_VISUAL_REVIEW,generator:g12-polynomial-rational-analysis,,polynomial-rational-analysis__pra-rational-cuts__mcq,,4,1,5,5,length-prose-vs-prose:100 chars vs longest distractor 49: A student charts x/(x − 5) using ONLY the cut x = 0. What goes wrong?,"Review the complete semantic item; keep one defensible answer, misconception-based parallel options, no writing clue, and a synchronized visual whenever the representation carries the mathematics."
CHOICE-0170,P1,400,CHOICE_SURFACE_INTEGRITY,OPEN_STEM_OPTION_AND_VISUAL_REVIEW,generator:g12-polynomial-rational-analysis,,polynomial-rational-analysis__pra-rrt-list__mcq,,4,1,5,5,length-prose-vs-prose:72 chars vs longest distractor 39: Which statement about the Rational Root Theorem is true?,"Review the complete semantic item; keep one defensible answer, misconception-based parallel options, no writing clue, and a synchronized visual whenever the representation carries the mathematics."
CHOICE-0171,P1,400,CHOICE_SURFACE_INTEGRITY,OPEN_STEM_OPTION_AND_VISUAL_REVIEW,generator:g12-polynomial-rational-analysis,,polynomial-rational-analysis__pra-slant-when__mcq,,4,1,5,5,length-prose-vs-prose:64 chars vs longest distractor 26: k(x) = (x⁴ + 2)/(x − 1). What is true of its far-out behavior?,"Review the complete semantic item; keep one defensible answer, misconception-based parallel options, no writing clue, and a synchronized visual whenever the representation carries the mathematics."
CHOICE-0172,P1,400,CHOICE_SURFACE_INTEGRITY,OPEN_STEM_OPTION_AND_VISUAL_REVIEW,generator:g12-trig-graphs-inverses,,trig-graphs-inverses__tg-arccos__mcq,,4,1,5,5,length-prose-vs-prose:63 chars vs longest distractor 26: What happens to arctan(x) as x grows without bound?,"Review the complete semantic item; keep one defensible answer, misconception-based parallel options, no writing clue, and a synchronized visual whenever the representation carries the mathematics."
CHOICE-0173,P1,400,CHOICE_SURFACE_INTEGRITY,OPEN_STEM_OPTION_AND_VISUAL_REVIEW,generator:g12-trig-graphs-inverses,,trig-graphs-inverses__tg-arcsin__mcq,,4,1,5,5,length-prose-vs-prose:69 chars vs longest distractor 29 | length-answer-explains-itself:33 chars vs longest distractor 10: sin(5π/6) = 1/2 too. Why isn't arcsin(1/2) = 5π/6?,"Review the complete semantic item; keep one defensible answer, misconception-based parallel options, no writing clue, and a synchronized visual whenever the representation carries the mathematics."
CHOICE-0174,P1,400,CHOICE_SURFACE_INTEGRITY,OPEN_STEM_OPTION_AND_VISUAL_REVIEW,generator:g12-trig-graphs-inverses,,trig-graphs-inverses__tg-cos-graph__mcq,,4,1,5,5,"length-prose-vs-prose:21 chars vs longest distractor 5: For y = 2 cos x + 3, where does the graph FIRST cross its midline (x > 0)?","Review the complete semantic item; keep one defensible answer, misconception-based parallel options, no writing clue, and a synchronized visual whenever the representation carries the mathematics."
CHOICE-0175,P1,400,CHOICE_SURFACE_INTEGRITY,OPEN_STEM_OPTION_AND_VISUAL_REVIEW,generator:g12-trig-graphs-inverses,,trig-graphs-inverses__tg-mixed-comp__mcq,,4,1,5,5,length-answer-explains-itself:40 chars vs longest distractor 4: What is cos(arcsin(−3/5))?,"Review the complete semantic item; keep one defensible answer, misconception-based parallel options, no writing clue, and a synchronized visual whenever the representation carries the mathematics."
CHOICE-0176,P1,400,CHOICE_SURFACE_INTEGRITY,OPEN_STEM_OPTION_AND_VISUAL_REVIEW,generator:g12-trig-graphs-inverses,,trig-graphs-inverses__tg-tan-transform__mcq,,4,1,5,5,length-answer-explains-itself:53 chars vs longest distractor 27: What does the 3 do in y = 3 tan x?,"Review the complete semantic item; keep one defensible answer, misconception-based parallel options, no writing clue, and a synchronized visual whenever the representation carries the mathematics."
CHOICE-0177,P1,400,CHOICE_SURFACE_INTEGRITY,OPEN_STEM_OPTION_AND_VISUAL_REVIEW,generator:g12-trig-identities-equations,,trig-identities-equations__ti-general__mcq,,4,1,5,5,length-prose-vs-prose:31 chars vs longest distractor 18: The GENERAL solution of cos x = 1/2 is:,"Review the complete semantic item; keep one defensible answer, misconception-based parallel options, no writing clue, and a synchronized visual whenever the representation carries the mathematics."
CHOICE-0178,P1,400,CHOICE_SURFACE_INTEGRITY,OPEN_STEM_OPTION_AND_VISUAL_REVIEW,generator:g12-trig-identities-equations,,trig-identities-equations__ti-prove__mcq,,4,1,5,5,"length-answer-explains-itself:29 chars vs longest distractor 11: After rewriting, the left side (sin θ/cos θ)·cos θ becomes:","Review the complete semantic item; keep one defensible answer, misconception-based parallel options, no writing clue, and a synchronized visual whenever the representation carries the mathematics."
CHOICE-0179,P1,400,CHOICE_SURFACE_INTEGRITY,OPEN_STEM_OPTION_AND_VISUAL_REVIEW,generator:g12-trig-identities-equations,,trig-identities-equations__ti-tan-ladder__mcq,,4,1,5,5,length-prose-vs-prose:26 chars vs longest distractor 12: The general solution of sin x = 0 is best written as:,"Review the complete semantic item; keep one defensible answer, misconception-based parallel options, no writing clue, and a synchronized visual whenever the representation carries the mathematics."
CHOICE-0180,P1,400,CHOICE_SURFACE_INTEGRITY,OPEN_STEM_OPTION_AND_VISUAL_REVIEW,generator:g12-vectors-matrices,,vectors-matrices__vec-direction__mcq,,4,1,5,5,"length-prose-vs-prose:21 chars vs longest distractor 7: The direction angle of v = ⟨−3, 4⟩ is closest to:","Review the complete semantic item; keep one defensible answer, misconception-based parallel options, no writing clue, and a synchronized visual whenever the representation carries the mathematics."
CHOICE-0181,P1,400,CHOICE_SURFACE_INTEGRITY,OPEN_STEM_OPTION_AND_VISUAL_REVIEW,generator:g12-vectors-matrices,,vectors-matrices__vec-displacement__mcq,,4,1,5,5,length-prose-vs-prose:23 chars vs longest distractor 11: The displacement from a point to itself is:,"Review the complete semantic item; keep one defensible answer, misconception-based parallel options, no writing clue, and a synchronized visual whenever the representation carries the mathematics."
CHOICE-0182,P1,400,CHOICE_SURFACE_INTEGRITY,OPEN_STEM_OPTION_AND_VISUAL_REVIEW,generator:g12-vectors-matrices,,vectors-matrices__vec-dot__mcq,,4,1,5,5,"length-prose-vs-prose:25 chars vs longest distractor 13: The dot product ⟨1, 0⟩ · ⟨−2, 5⟩ = −2. This means the angle between them is:","Review the complete semantic item; keep one defensible answer, misconception-based parallel options, no writing clue, and a synchronized visual whenever the representation carries the mathematics."
CHOICE-0183,P1,400,CHOICE_SURFACE_INTEGRITY,OPEN_STEM_OPTION_AND_VISUAL_REVIEW,generator:g12-vectors-matrices,,vectors-matrices__vec-solve-systems__mcq,,4,1,5,5,length-prose-vs-prose:48 chars vs longest distractor 22: A system's coefficient matrix has determinant 0. This means:,"Review the complete semantic item; keep one defensible answer, misconception-based parallel options, no writing clue, and a synchronized visual whenever the representation carries the mathematics."
CHOICE-0184,P1,400,CHOICE_SURFACE_INTEGRITY,OPEN_STEM_OPTION_AND_VISUAL_REVIEW,generator:g13-curve-analysis,,curve-analysis__ca-concavity__mcq,,4,1,5,5,length-prose-vs-prose:61 chars vs longest distractor 31: A curve has f′ < 0 and f″ > 0. What is it doing?,"Review the complete semantic item; keep one defensible answer, misconception-based parallel options, no writing clue, and a synchronized visual whenever the representation carries the mathematics."
CHOICE-0185,P1,400,CHOICE_SURFACE_INTEGRITY,OPEN_STEM_OPTION_AND_VISUAL_REVIEW,generator:g13-curve-analysis,,curve-analysis__ca-critical-point__mcq,,4,1,5,5,length-prose-vs-prose:72 chars vs longest distractor 44: Why does the definition include 'f′ does not exist' as well as 'f′ = 0'?,"Review the complete semantic item; keep one defensible answer, misconception-based parallel options, no writing clue, and a synchronized visual whenever the representation carries the mathematics."
CHOICE-0186,P1,400,CHOICE_SURFACE_INTEGRITY,OPEN_STEM_OPTION_AND_VISUAL_REVIEW,generator:g13-curve-analysis,,curve-analysis__ca-evt__mcq,,4,1,5,5,"length-prose-vs-prose:79 chars vs longest distractor 29: Why does f(x) = x on the OPEN interval (0, 1) have no maximum?","Review the complete semantic item; keep one defensible answer, misconception-based parallel options, no writing clue, and a synchronized visual whenever the representation carries the mathematics."
CHOICE-0187,P1,400,CHOICE_SURFACE_INTEGRITY,OPEN_STEM_OPTION_AND_VISUAL_REVIEW,generator:g13-curve-analysis,,curve-analysis__ca-inflection__mcq,,4,1,5,5,length-answer-explains-itself:68 chars vs longest distractor 32: f(x) = x⁴ has f″(0) = 0. Is x = 0 an inflection point?,"Review the complete semantic item; keep one defensible answer, misconception-based parallel options, no writing clue, and a synchronized visual whenever the representation carries the mathematics."
CHOICE-0188,P1,400,CHOICE_SURFACE_INTEGRITY,OPEN_STEM_OPTION_AND_VISUAL_REVIEW,generator:g13-curve-analysis,,curve-analysis__ca-mvt-consequences__mcq,,4,1,5,5,"length-prose-vs-prose:125 chars vs longest distractor 39: Why is every antiderivative of f of the form F + C, with no exceptions?","Review the complete semantic item; keep one defensible answer, misconception-based parallel options, no writing clue, and a synchronized visual whenever the representation carries the mathematics."
CHOICE-0189,P1,400,CHOICE_SURFACE_INTEGRITY,OPEN_STEM_OPTION_AND_VISUAL_REVIEW,generator:g13-curve-analysis,,curve-analysis__ca-optimisation-applied__mcq,,4,1,5,5,"length-answer-explains-itself:81 chars vs longest distractor 44: A profit function P(x) has P′(x) > 0 for every x in the allowed range [0, 40]. Where is the maximum profit?","Review the complete semantic item; keep one defensible answer, misconception-based parallel options, no writing clue, and a synchronized visual whenever the representation carries the mathematics."
CHOICE-0190,P1,400,CHOICE_SURFACE_INTEGRITY,OPEN_STEM_OPTION_AND_VISUAL_REVIEW,generator:g13-curve-analysis,,curve-analysis__ca-read-f-prime__mcq,,4,1,5,5,"length-answer-explains-itself:50 chars vs longest distractor 15: The graph of f′ has a MAXIMUM at x = 1 (it peaks and comes back down, staying positive). What is at x = 1 on f?","Review the complete semantic item; keep one defensible answer, misconception-based parallel options, no writing clue, and a synchronized visual whenever the representation carries the mathematics."
CHOICE-0191,P1,400,CHOICE_SURFACE_INTEGRITY,OPEN_STEM_OPTION_AND_VISUAL_REVIEW,generator:g13-curve-analysis,,curve-analysis__ca-rolle__mcq,,4,1,5,5,"length-prose-vs-prose:47 chars vs longest distractor 29: f(x) = |x| − 1 on [−1, 1] has f(−1) = f(1) = 0, yet f′ is never zero. Which hypothesis fails?","Review the complete semantic item; keep one defensible answer, misconception-based parallel options, no writing clue, and a synchronized visual whenever the representation carries the mathematics."
CHOICE-0192,P1,400,CHOICE_SURFACE_INTEGRITY,OPEN_STEM_OPTION_AND_VISUAL_REVIEW,generator:g13-curve-analysis,,curve-analysis__ca-second-derivative-test__mcq,,4,1,5,5,"length-prose-vs-prose:66 chars vs longest distractor 39 | length-answer-explains-itself:43 chars vs longest distractor 26: f has a critical point at a CORNER, where f′ does not exist. Which test can classify it?","Review the complete semantic item; keep one defensible answer, misconception-based parallel options, no writing clue, and a synchronized visual whenever the representation carries the mathematics."
CHOICE-0193,P1,400,CHOICE_SURFACE_INTEGRITY,OPEN_STEM_OPTION_AND_VISUAL_REVIEW,generator:g13-curve-analysis,,curve-analysis__ca-three-charts__mcq,,4,1,5,5,"length-answer-explains-itself:53 chars vs longest distractor 26: On an interval, f′ > 0 and f″ < 0. What is the curve doing, and what is it approaching?","Review the complete semantic item; keep one defensible answer, misconception-based parallel options, no writing clue, and a synchronized visual whenever the representation carries the mathematics."
CHOICE-0194,P1,400,CHOICE_SURFACE_INTEGRITY,OPEN_STEM_OPTION_AND_VISUAL_REVIEW,generator:g13-derivative-rules,,derivative-rules__dr-chain-nested__mcq,,4,1,5,5,length-prose-vs-prose:64 chars vs longest distractor 37: How many factors will the derivative of √((2x + 1)³) have?,"Review the complete semantic item; keep one defensible answer, misconception-based parallel options, no writing clue, and a synchronized visual whenever the representation carries the mathematics."
CHOICE-0195,P1,400,CHOICE_SURFACE_INTEGRITY,OPEN_STEM_OPTION_AND_VISUAL_REVIEW,generator:g13-derivative-rules,,derivative-rules__dr-derivative-function__mcq,,4,1,5,5,length-prose-vs-prose:55 chars vs longest distractor 34: You traced f′ for f(x) = x². What kind of object is f′?,"Review the complete semantic item; keep one defensible answer, misconception-based parallel options, no writing clue, and a synchronized visual whenever the representation carries the mathematics."
CHOICE-0196,P1,400,CHOICE_SURFACE_INTEGRITY,OPEN_STEM_OPTION_AND_VISUAL_REVIEW,generator:g13-derivative-rules,,derivative-rules__dr-flat-not-turning__mcq,,4,1,5,5,"length-answer-explains-itself:64 chars vs longest distractor 42: For f(x) = x³, f′(0) = 0. Does f have a peak or a valley at x = 0?","Review the complete semantic item; keep one defensible answer, misconception-based parallel options, no writing clue, and a synchronized visual whenever the representation carries the mathematics."
CHOICE-0197,P1,400,CHOICE_SURFACE_INTEGRITY,OPEN_STEM_OPTION_AND_VISUAL_REVIEW,generator:g13-derivative-rules,,derivative-rules__dr-implicit-practice__mcq,,4,1,5,5,"length-prose-vs-prose:109 chars vs longest distractor 62: On x² + y² = 25, why does dy/dx = −x/y depend on y as well as x?","Review the complete semantic item; keep one defensible answer, misconception-based parallel options, no writing clue, and a synchronized visual whenever the representation carries the mathematics."
CHOICE-0198,P1,400,CHOICE_SURFACE_INTEGRITY,OPEN_STEM_OPTION_AND_VISUAL_REVIEW,generator:g13-derivative-rules,,derivative-rules__dr-local-linearity__mcq,,4,1,5,5,length-prose-vs-prose:84 chars vs longest distractor 46: You magnify a graph at a point and it becomes indistinguishable from a straight line. What have you shown?,"Review the complete semantic item; keep one defensible answer, misconception-based parallel options, no writing clue, and a synchronized visual whenever the representation carries the mathematics."
CHOICE-0199,P1,400,CHOICE_SURFACE_INTEGRITY,OPEN_STEM_OPTION_AND_VISUAL_REVIEW,generator:g13-derivative-rules,,derivative-rules__dr-trig-derivative__mcq,,4,1,5,5,length-prose-vs-prose:104 chars vs longest distractor 38: Why does (cos x)′ = −sin x carry a minus sign?,"Review the complete semantic item; keep one defensible answer, misconception-based parallel options, no writing clue, and a synchronized visual whenever the representation carries the mathematics."
CHOICE-0200,P1,400,CHOICE_SURFACE_INTEGRITY,OPEN_STEM_OPTION_AND_VISUAL_REVIEW,generator:g13-derivatives-in-context,,derivatives-in-context__dc-choosing-relation__mcq,,4,1,5,5,length-answer-explains-itself:81 chars vs longest distractor 22: A person walks away from a lamppost; their shadow lengthens. Which relation should you use?,"Review the complete semantic item; keep one defensible answer, misconception-based parallel options, no writing clue, and a synchronized visual whenever the representation carries the mathematics."
CHOICE-0201,P1,400,CHOICE_SURFACE_INTEGRITY,OPEN_STEM_OPTION_AND_VISUAL_REVIEW,generator:g13-derivatives-in-context,,derivatives-in-context__dc-differentials__mcq,,4,1,5,5,length-prose-vs-prose:64 chars vs longest distractor 23: A quantity s is measured with a 4% error. What is the error in √s?,"Review the complete semantic item; keep one defensible answer, misconception-based parallel options, no writing clue, and a synchronized visual whenever the representation carries the mathematics."
CHOICE-0202,P1,400,CHOICE_SURFACE_INTEGRITY,OPEN_STEM_OPTION_AND_VISUAL_REVIEW,generator:g13-derivatives-in-context,,derivatives-in-context__dc-lhopital__mcq,,4,1,5,5,length-prose-vs-prose:123 chars vs longest distractor 40: lim(x→0) (x² + 1)/(x + 1). A student applies L'Hôpital and gets 2x/1 = 0. What went wrong?,"Review the complete semantic item; keep one defensible answer, misconception-based parallel options, no writing clue, and a synchronized visual whenever the representation carries the mathematics."
CHOICE-0203,P1,400,CHOICE_SURFACE_INTEGRITY,OPEN_STEM_OPTION_AND_VISUAL_REVIEW,generator:g13-derivatives-in-context,,derivatives-in-context__dc-linearisation-limits__mcq,,4,1,5,5,length-prose-vs-prose:88 chars vs longest distractor 36: Why can f(x) = |x| not be linearised at x = 0?,"Review the complete semantic item; keep one defensible answer, misconception-based parallel options, no writing clue, and a synchronized visual whenever the representation carries the mathematics."
CHOICE-0204,P1,400,CHOICE_SURFACE_INTEGRITY,OPEN_STEM_OPTION_AND_VISUAL_REVIEW,generator:g13-derivatives-in-context,,derivatives-in-context__dc-motion__mcq,,4,1,5,5,length-prose-vs-prose:52 chars vs longest distractor 13: At t = 2: v = −3 and a = 0. What is the particle doing?,"Review the complete semantic item; keep one defensible answer, misconception-based parallel options, no writing clue, and a synchronized visual whenever the representation carries the mathematics."
CHOICE-0205,P1,400,CHOICE_SURFACE_INTEGRITY,OPEN_STEM_OPTION_AND_VISUAL_REVIEW,generator:g13-derivatives-in-context,,derivatives-in-context__dc-other-forms__mcq,,4,1,5,5,length-answer-explains-itself:65 chars vs longest distractor 43: lim(x→0⁺) x·ln x is the indeterminate form 0·(−∞). How do you make L'Hôpital applicable?,"Review the complete semantic item; keep one defensible answer, misconception-based parallel options, no writing clue, and a synchronized visual whenever the representation carries the mathematics."
CHOICE-0206,P1,400,CHOICE_SURFACE_INTEGRITY,OPEN_STEM_OPTION_AND_VISUAL_REVIEW,generator:g13-derivatives-in-context,,derivatives-in-context__dc-speed__mcq,,4,1,5,5,length-answer-explains-itself:108 chars vs longest distractor 51 | length-prose-vs-prose:65 chars vs longest distractor 33: v = −5 and a = −2. Is the particle speeding up or slowing down?,"Review the complete semantic item; keep one defensible answer, misconception-based parallel options, no writing clue, and a synchronized visual whenever the representation carries the mathematics."
CHOICE-0207,P1,400,CHOICE_SURFACE_INTEGRITY,OPEN_STEM_OPTION_AND_VISUAL_REVIEW,generator:g13-differential-equations,,differential-equations__de-equilibrium__mcq,,4,1,5,5,length-prose-vs-prose:61 chars vs longest distractor 35: Solutions near y = 4 move TOWARD it from both sides. Solutions near y = 0 move AWAY from it. What are these two equilibria?,"Review the complete semantic item; keep one defensible answer, misconception-based parallel options, no writing clue, and a synchronized visual whenever the representation carries the mathematics."
CHOICE-0208,P1,400,CHOICE_SURFACE_INTEGRITY,OPEN_STEM_OPTION_AND_VISUAL_REVIEW,generator:g13-differential-equations,,differential-equations__de-euler__mcq,,4,1,5,5,length-prose-vs-prose:65 chars vs longest distractor 24: Euler gives 2.25 where the true answer is e ≈ 2.718. Why the undershoot?,"Review the complete semantic item; keep one defensible answer, misconception-based parallel options, no writing clue, and a synchronized visual whenever the representation carries the mathematics."
CHOICE-0209,P1,400,CHOICE_SURFACE_INTEGRITY,OPEN_STEM_OPTION_AND_VISUAL_REVIEW,generator:g13-differential-equations,,differential-equations__de-exponential__mcq,,4,1,5,5,length-prose-vs-prose:63 chars vs longest distractor 36: Two samples of the same substance start with 1 kg and 1 microgram. Which halves faster?,"Review the complete semantic item; keep one defensible answer, misconception-based parallel options, no writing clue, and a synchronized visual whenever the representation carries the mathematics."
CHOICE-0210,P1,400,CHOICE_SURFACE_INTEGRITY,OPEN_STEM_OPTION_AND_VISUAL_REVIEW,generator:g13-differential-equations,,differential-equations__de-logistic__mcq,,4,1,5,5,length-prose-vs-prose:64 chars vs longest distractor 26: A logistic population sits between K/2 and K. What is it doing?,"Review the complete semantic item; keep one defensible answer, misconception-based parallel options, no writing clue, and a synchronized visual whenever the representation carries the mathematics."
CHOICE-0211,P1,400,CHOICE_SURFACE_INTEGRITY,OPEN_STEM_OPTION_AND_VISUAL_REVIEW,generator:g13-differential-equations,,differential-equations__de-separable__mcq,,4,1,5,5,length-prose-vs-prose:26 chars vs longest distractor 14: ln|y| = x² + C. Solve for y.,"Review the complete semantic item; keep one defensible answer, misconception-based parallel options, no writing clue, and a synchronized visual whenever the representation carries the mathematics."
CHOICE-0212,P1,400,CHOICE_SURFACE_INTEGRITY,OPEN_STEM_OPTION_AND_VISUAL_REVIEW,generator:g13-differential-equations,,differential-equations__de-slope-field__mcq,,4,1,5,5,length-prose-vs-prose:84 chars vs longest distractor 39: How many curves obey the instructions of a slope field?,"Review the complete semantic item; keep one defensible answer, misconception-based parallel options, no writing clue, and a synchronized visual whenever the representation carries the mathematics."
CHOICE-0213,P1,400,CHOICE_SURFACE_INTEGRITY,OPEN_STEM_OPTION_AND_VISUAL_REVIEW,generator:g13-integration-accumulation,,integration-accumulation__in-accumulation__mcq,,4,1,5,5,"length-prose-vs-prose:39 chars vs longest distractor 24: In T(g) = the integral from 0 to g of f(r) dr, what role does r play?","Review the complete semantic item; keep one defensible answer, misconception-based parallel options, no writing clue, and a synchronized visual whenever the representation carries the mathematics."
CHOICE-0214,P1,400,CHOICE_SURFACE_INTEGRITY,OPEN_STEM_OPTION_AND_VISUAL_REVIEW,generator:g13-parametric-polar-calculus,,parametric-polar-calculus__pc-polar-area__mcq,,4,1,5,5,length-prose-vs-prose:71 chars vs longest distractor 39: Why does the polar area formula carry a ½?,"Review the complete semantic item; keep one defensible answer, misconception-based parallel options, no writing clue, and a synchronized visual whenever the representation carries the mathematics."
CHOICE-0215,P1,400,CHOICE_SURFACE_INTEGRITY,OPEN_STEM_OPTION_AND_VISUAL_REVIEW,generator:g13-parametric-polar-calculus,,parametric-polar-calculus__pc-vector-motion__mcq,,4,1,5,5,"length-prose-vs-prose:122 chars vs longest distractor 58: A particle moves on the unit circle: r = ⟨cos t, sin t⟩. Its speed is 1 at every instant. Is it accelerating?","Review the complete semantic item; keep one defensible answer, misconception-based parallel options, no writing clue, and a synchronized visual whenever the representation carries the mathematics."
CHOICE-0216,P1,400,CHOICE_SURFACE_INTEGRITY,OPEN_STEM_OPTION_AND_VISUAL_REVIEW,generator:g13-series-convergence,,series-convergence__sc-alternating__mcq,,4,1,5,5,"length-prose-vs-prose:108 chars vs longest distractor 48: The partial sums of 1 − 1/2 + 1/3 − 1/4 + … run 1, 0.5, 0.833, 0.583, … What are they doing?","Review the complete semantic item; keep one defensible answer, misconception-based parallel options, no writing clue, and a synchronized visual whenever the representation carries the mathematics."
CHOICE-0217,P1,400,CHOICE_SURFACE_INTEGRITY,OPEN_STEM_OPTION_AND_VISUAL_REVIEW,generator:g13-series-convergence,,series-convergence__sc-comparison__mcq,,4,1,5,5,"length-prose-vs-prose:68 chars vs longest distractor 30: Does Σ 1/(n − 1), from n = 2 onward, converge?","Review the complete semantic item; keep one defensible answer, misconception-based parallel options, no writing clue, and a synchronized visual whenever the representation carries the mathematics."
CHOICE-0218,P1,400,CHOICE_SURFACE_INTEGRITY,OPEN_STEM_OPTION_AND_VISUAL_REVIEW,generator:g13-series-convergence,,series-convergence__sc-nth-term__mcq,,4,1,5,5,length-answer-explains-itself:89 chars vs longest distractor 44: The terms of a series do not approach 0. What can you conclude?,"Review the complete semantic item; keep one defensible answer, misconception-based parallel options, no writing clue, and a synchronized visual whenever the representation carries the mathematics."
CHOICE-0219,P1,400,CHOICE_SURFACE_INTEGRITY,OPEN_STEM_OPTION_AND_VISUAL_REVIEW,generator:g13-series-convergence,,series-convergence__sc-radius__mcq,,4,1,5,5,"length-answer-explains-itself:72 chars vs longest distractor 30: At x = 2, the series 1 + x + x² + … has terms 1, 2, 4, 8, … What happens if you add more terms?","Review the complete semantic item; keep one defensible answer, misconception-based parallel options, no writing clue, and a synchronized visual whenever the representation carries the mathematics."
CHOICE-0220,P1,400,CHOICE_SURFACE_INTEGRITY,OPEN_STEM_OPTION_AND_VISUAL_REVIEW,generator:g13-series-convergence,,series-convergence__sc-ratio-test__mcq,,4,1,5,5,length-prose-vs-prose:119 chars vs longest distractor 47: Why does the ratio test work?,"Review the complete semantic item; keep one defensible answer, misconception-based parallel options, no writing clue, and a synchronized visual whenever the representation carries the mathematics."
CHOICE-0221,P1,400,CHOICE_SURFACE_INTEGRITY,OPEN_STEM_OPTION_AND_VISUAL_REVIEW,generator:g13-series-convergence,,series-convergence__sc-taylor__mcq,,4,1,5,5,"length-answer-explains-itself:50 chars vs longest distractor 23: What are the first two terms of a Taylor polynomial, f(0) + f′(0)x?","Review the complete semantic item; keep one defensible answer, misconception-based parallel options, no writing clue, and a synchronized visual whenever the representation carries the mathematics."
CHOICE-0222,P1,400,CHOICE_SURFACE_INTEGRITY,OPEN_STEM_OPTION_AND_VISUAL_REVIEW,generator:g3-div-fluency,,DivZeroMcq,,4,1,5,5,length-answer-explains-itself:42 chars vs longest distractor 1: What is 1 ÷ 0?,"Review the complete semantic item; keep one defensible answer, misconception-based parallel options, no writing clue, and a synchronized visual whenever the representation carries the mathematics."
CHOICE-0223,P1,400,CHOICE_SURFACE_INTEGRITY,OPEN_STEM_OPTION_AND_VISUAL_REVIEW,generator:g4-lines-angles,,laAngleFormationMcq,,4,1,5,5,length-prose-vs-prose:35 chars vs longest distractor 23: What must two rays share in order to form an angle?,"Review the complete semantic item; keep one defensible answer, misconception-based parallel options, no writing clue, and a synchronized visual whenever the representation carries the mathematics."
CHOICE-0224,P1,400,CHOICE_SURFACE_INTEGRITY,OPEN_STEM_OPTION_AND_VISUAL_REVIEW,generator:g4-lines-angles,,laGeometricBasicsMcq,,4,1,5,5,length-prose-vs-prose:59 chars vs longest distractor 34: Which description defines a ray?,"Review the complete semantic item; keep one defensible answer, misconception-based parallel options, no writing clue, and a synchronized visual whenever the representation carries the mathematics."
CHOICE-0225,P1,400,CHOICE_SURFACE_INTEGRITY,OPEN_STEM_OPTION_AND_VISUAL_REVIEW,generator:g4-lines-angles,,laParallelLinesMcq,,4,1,5,5,length-prose-vs-prose:49 chars vs longest distractor 32: Which statement is always true about two parallel lines in a plane?,"Review the complete semantic item; keep one defensible answer, misconception-based parallel options, no writing clue, and a synchronized visual whenever the representation carries the mathematics."
CHOICE-0226,P1,400,CHOICE_SURFACE_INTEGRITY,OPEN_STEM_OPTION_AND_VISUAL_REVIEW,generator:g4-lines-angles,,laSymmetryApplicationMcq,,4,1,5,5,length-prose-vs-prose:73 chars vs longest distractor 42: A point is reflected across a vertical line of symmetry. What must be true of the image point?,"Review the complete semantic item; keep one defensible answer, misconception-based parallel options, no writing clue, and a synchronized visual whenever the representation carries the mathematics."
CHOICE-0227,P1,400,CHOICE_SURFACE_INTEGRITY,OPEN_STEM_OPTION_AND_VISUAL_REVIEW,generator:g4-measure,,mcProtractorReadingMcq,,4,1,5,5,length-prose-vs-prose:43 chars vs longest distractor 24: A ray starts at the protractor's 0° mark on the right. Which scale should you read?,"Review the complete semantic item; keep one defensible answer, misconception-based parallel options, no writing clue, and a synchronized visual whenever the representation carries the mathematics."
CHOICE-0228,P1,400,CHOICE_SURFACE_INTEGRITY,OPEN_STEM_OPTION_AND_VISUAL_REVIEW,generator:g4-place-million,,pvAcrossZerosMcq,,4,1,5,5,length-prose-vs-prose:64 chars vs longest distractor 28: A borrow passes through two zeros. What happens to those crossed zeros?,"Review the complete semantic item; keep one defensible answer, misconception-based parallel options, no writing clue, and a synchronized visual whenever the representation carries the mathematics."
CHOICE-0229,P1,400,CHOICE_SURFACE_INTEGRITY,OPEN_STEM_OPTION_AND_VISUAL_REVIEW,generator:g4-place-million,,pvAddMcq,,4,1,5,5,length-prose-vs-prose:57 chars vs longest distractor 28: A column sum is 16. What should be written and carried?,"Review the complete semantic item; keep one defensible answer, misconception-based parallel options, no writing clue, and a synchronized visual whenever the representation carries the mathematics."
CHOICE-0230,P1,400,CHOICE_SURFACE_INTEGRITY,OPEN_STEM_OPTION_AND_VISUAL_REVIEW,generator:g4-place-million,,pvCommaPeriodsMcq,,4,1,5,5,length-prose-vs-prose:57 chars vs longest distractor 29: What do commas separate in a large whole number?,"Review the complete semantic item; keep one defensible answer, misconception-based parallel options, no writing clue, and a synchronized visual whenever the representation carries the mathematics."
CHOICE-0231,P1,400,CHOICE_SURFACE_INTEGRITY,OPEN_STEM_OPTION_AND_VISUAL_REVIEW,generator:g6-center-spread,,ddBestDescription,,4,1,5,5,"length-prose-vs-prose:71 chars vs longest distractor 37: Choose the best one-sentence description of a roughly symmetric distribution with median 17, IQR 6, and no outliers.","Review the complete semantic item; keep one defensible answer, misconception-based parallel options, no writing clue, and a synchronized visual whenever the representation carries the mathematics."
CHOICE-0232,P1,400,CHOICE_SURFACE_INTEGRITY,OPEN_STEM_OPTION_AND_VISUAL_REVIEW,generator:g6-center-spread,,ddCapReport,,4,1,5,5,"length-prose-vs-prose:72 chars vs longest distractor 40: A distribution clusters near 12, has IQR 7, and contains one high outlier 36. Which report should be filed?","Review the complete semantic item; keep one defensible answer, misconception-based parallel options, no writing clue, and a synchronized visual whenever the representation carries the mathematics."
CHOICE-0233,P1,400,CHOICE_SURFACE_INTEGRITY,OPEN_STEM_OPTION_AND_VISUAL_REVIEW,generator:g6-center-spread,,ddFullReport,,4,1,5,5,length-answer-explains-itself:44 chars vs longest distractor 21: Which two-number report includes both a center and a spread for a distribution with median 18 and IQR 7?,"Review the complete semantic item; keep one defensible answer, misconception-based parallel options, no writing clue, and a synchronized visual whenever the representation carries the mathematics."
CHOICE-0234,P1,400,CHOICE_SURFACE_INTEGRITY,OPEN_STEM_OPTION_AND_VISUAL_REVIEW,generator:g6-data-literacy,,ddDataMixedQuestions,,4,1,5,5,"length-prose-vs-prose:79 chars vs longest distractor 52: A sheet accidentally mixes answers for ""daily steps"" and ""books borrowed"" into one list. Why is that a problem?","Review the complete semantic item; keep one defensible answer, misconception-based parallel options, no writing clue, and a synchronized visual whenever the representation carries the mathematics."
CHOICE-0235,P1,400,CHOICE_SURFACE_INTEGRITY,OPEN_STEM_OPTION_AND_VISUAL_REVIEW,generator:g6-data-literacy,,ddHistDisplayChoice,,4,1,5,5,length-prose-vs-prose:64 chars vs longest distractor 36: A study has 127 measurements spread from 11 to 65. Which display is usually more useful?,"Review the complete semantic item; keep one defensible answer, misconception-based parallel options, no writing clue, and a synchronized visual whenever the representation carries the mathematics."
CHOICE-0236,P1,400,CHOICE_SURFACE_INTEGRITY,OPEN_STEM_OPTION_AND_VISUAL_REVIEW,generator:g6-data-literacy,,ddReadyQuestion,,4,1,5,5,length-prose-vs-prose:59 chars vs longest distractor 23: Which question is ready for consistent data collection?,"Review the complete semantic item; keep one defensible answer, misconception-based parallel options, no writing clue, and a synchronized visual whenever the representation carries the mathematics."
CHOICE-0237,P1,400,CHOICE_SURFACE_INTEGRITY,OPEN_STEM_OPTION_AND_VISUAL_REVIEW,generator:g6-data-literacy,,ddStatDefinition,,4,1,5,5,"length-prose-vs-prose:41 chars vs longest distractor 26: A class asks, ""How many minutes read last night for each of the students in a class?"" What makes this a statistical question?","Review the complete semantic item; keep one defensible answer, misconception-based parallel options, no writing clue, and a synchronized visual whenever the representation carries the mathematics."
CHOICE-0238,P1,400,CHOICE_SURFACE_INTEGRITY,OPEN_STEM_OPTION_AND_VISUAL_REVIEW,generator:g6-data-literacy,,ddStatFixedFact,,4,1,5,5,"length-prose-vs-prose:61 chars vs longest distractor 34: Is ""How many sides does a hexagon have?"" a statistical question?","Review the complete semantic item; keep one defensible answer, misconception-based parallel options, no writing clue, and a synchronized visual whenever the representation carries the mathematics."
CHOICE-0239,P1,400,CHOICE_SURFACE_INTEGRITY,OPEN_STEM_OPTION_AND_VISUAL_REVIEW,generator:g7-sp-sampling-bias,,spBiasCustomer,,4,1,5,5,length-prose-vs-prose:104 chars vs longest distractor 52: A delivery service wants to estimate how satisfied all recent customers are. Which method is least biased?,"Review the complete semantic item; keep one defensible answer, misconception-based parallel options, no writing clue, and a synchronized visual whenever the representation carries the mathematics."
CHOICE-0240,P1,400,CHOICE_SURFACE_INTEGRITY,OPEN_STEM_OPTION_AND_VISUAL_REVIEW,generator:g8-les-solution-count,,lesClassifyChallenge,,4,1,5,5,length-prose-vs-prose:25 chars vs longest distractor 12: Classify: 8(x + 6) = 8x + 48.,"Review the complete semantic item; keep one defensible answer, misconception-based parallel options, no writing clue, and a synchronized visual whenever the representation carries the mathematics."
CHOICE-0241,P1,400,CHOICE_SURFACE_INTEGRITY,OPEN_STEM_OPTION_AND_VISUAL_REVIEW,generator:g8-les-solution-count,,lesClassifyDistributed,,4,1,5,5,length-prose-vs-prose:25 chars vs longest distractor 12: Classify: 7(x + 6) = 7x + 42.,"Review the complete semantic item; keep one defensible answer, misconception-based parallel options, no writing clue, and a synchronized visual whenever the representation carries the mathematics."
CHOICE-0242,P1,400,CHOICE_SURFACE_INTEGRITY,OPEN_STEM_OPTION_AND_VISUAL_REVIEW,generator:g8-les-solution-count,,lesClassifySame,,4,1,5,5,length-prose-vs-prose:25 chars vs longest distractor 12: Classify: 7x + 8 = 7x + 8.,"Review the complete semantic item; keep one defensible answer, misconception-based parallel options, no writing clue, and a synchronized visual whenever the representation carries the mathematics."
CHOICE-0243,P1,400,CHOICE_SURFACE_INTEGRITY,OPEN_STEM_OPTION_AND_VISUAL_REVIEW,generator:g8-tm-congruence,,tmCongruenceMeaning,,4,1,5,5,"length-prose-vs-prose:59 chars vs longest distractor 35: If two polygons are congruent, what must be true?","Review the complete semantic item; keep one defensible answer, misconception-based parallel options, no writing clue, and a synchronized visual whenever the representation carries the mathematics."
CHOICE-0244,P1,400,CHOICE_SURFACE_INTEGRITY,OPEN_STEM_OPTION_AND_VISUAL_REVIEW,generator:line-plot,,ddDotDataSet,,4,1,5,5,"length-prose-vs-prose:62 chars vs longest distractor 14: A dot plot shows 10 (5 dots), 13 (4 dots), 16 (4 dots), 19 (3 dots). Which data set does it represent?","Review the complete semantic item; keep one defensible answer, misconception-based parallel options, no writing clue, and a synchronized visual whenever the representation carries the mathematics."
CHOICE-0245,P1,400,CHOICE_SURFACE_INTEGRITY,OPEN_STEM_OPTION_AND_VISUAL_REVIEW,generator:line-plot,,ddShapeFullStory,,4,1,5,5,"length-prose-vs-prose:55 chars vs longest distractor 25: The data are 0, 0, 0, 1, 1, 2, 7. Which description tells the full story?","Review the complete semantic item; keep one defensible answer, misconception-based parallel options, no writing clue, and a synchronized visual whenever the representation carries the mathematics."
CHOICE-0246,P1,400,CHOICE_SURFACE_INTEGRITY,OPEN_STEM_OPTION_AND_VISUAL_REVIEW,generator:mult-patterns,,rowSubset,,4,1,5,5,length-answer-explains-itself:76 chars vs longest distractor 45: Every number in the 4s row also appears in the 2s row. Why?,"Review the complete semantic item; keep one defensible answer, misconception-based parallel options, no writing clue, and a synchronized visual whenever the representation carries the mathematics."
CHOICE-0247,P1,400,CHOICE_SURFACE_INTEGRITY,OPEN_STEM_OPTION_AND_VISUAL_REVIEW,generator:nl-fraction,,whereLands,,4,1,5,5,length-answer-explains-itself:38 chars vs longest distractor 20: Where does 5/10 land?,"Review the complete semantic item; keep one defensible answer, misconception-based parallel options, no writing clue, and a synchronized visual whenever the representation carries the mathematics."
CHOICE-0248,P1,400,CHOICE_SURFACE_INTEGRITY,OPEN_STEM_OPTION_AND_VISUAL_REVIEW,generator:opt-box,,uselessRoot,,4,1,5,5,length-prose-vs-prose:104 chars vs longest distractor 55: V′ = 12(x − 5)(x − 15) has a critical point at x = 15. Why is it useless?,"Review the complete semantic item; keep one defensible answer, misconception-based parallel options, no writing clue, and a synchronized visual whenever the representation carries the mathematics."
CHOICE-0249,P1,400,CHOICE_SURFACE_INTEGRITY,OPEN_STEM_OPTION_AND_VISUAL_REVIEW,generator:pr-constant-k-g7,,rrZeroAnchor,,4,1,5,5,length-prose-vs-prose:85 chars vs longest distractor 46: A student draws double number lines for 3 laps in 4 minutes but starts the minutes line at 1 instead of 0. What goes wrong?,"Review the complete semantic item; keep one defensible answer, misconception-based parallel options, no writing clue, and a synchronized visual whenever the representation carries the mathematics."
CHOICE-0250,P1,400,CHOICE_SURFACE_INTEGRITY,OPEN_STEM_OPTION_AND_VISUAL_REVIEW,generator:read-clock,,hourBetween,,4,1,5,5,"length-prose-vs-prose:31 chars vs longest distractor 16: At 7:30, where is the HOUR hand?","Review the complete semantic item; keep one defensible answer, misconception-based parallel options, no writing clue, and a synchronized visual whenever the representation carries the mathematics."
CHOICE-0251,P1,400,CHOICE_SURFACE_INTEGRITY,OPEN_STEM_OPTION_AND_VISUAL_REVIEW,generator:scatter-features,,clusterCorner,,4,1,5,5,"length-prose-vs-prose:54 chars vs longest distractor 27: On a scatter plot, several dots are tightly bunched in the lower-left corner. What does this show?","Review the complete semantic item; keep one defensible answer, misconception-based parallel options, no writing clue, and a synchronized visual whenever the representation carries the mathematics."
CHOICE-0252,P1,400,CHOICE_SURFACE_INTEGRITY,OPEN_STEM_OPTION_AND_VISUAL_REVIEW,generator:variable-meaning,,independentPay,,4,1,5,5,"length-prose-vs-prose:16 chars vs longest distractor 3: In pay = 11h, which variable is independent?","Review the complete semantic item; keep one defensible answer, misconception-based parallel options, no writing clue, and a synchronized visual whenever the representation carries the mathematics."
LEDGER-CL-P1-010,P1,400,CLOSURE_LEDGER,OPEN,CLOSURE_LEDGER.md,,Accessible state,,4,1,4,5,describeState exists for 84/127; 13 high-use/spatial manipulatives lack it.,Add exact state descriptions derived from evaluator/model state.
LEDGER-CL-P1-011,P1,400,CLOSURE_LEDGER,OPEN,CLOSURE_LEDGER.md,,Mobile,,4,1,4,5,"`systemsExplore`, `matrixTransform`, `compassConstruct` have mobile=1.",Real-device/touch + alternative-control repair.
LEDGER-CL-P1-012,P1,400,CLOSURE_LEDGER,OPEN,CLOSURE_LEDGER.md,,dCL visual polish,,4,1,4,5,Known overlap label can collide with bracket.,Reposition label with breakpoint/SR parity tests.
LEDGER-CL-P1-014,P1,400,CLOSURE_LEDGER,OPEN,CLOSURE_LEDGER.md,,Algebra tiles,,4,1,4,5,Second genuine distribute deployment remains queued; factor mode is display-only.,Fresh lesson/engine fit audit; reuse `algebraTiles` where structure benefits.
LEDGER-CL-P1-015,P1,400,CLOSURE_LEDGER,OPEN — 4/7 CLOSED,CLOSURE_LEDGER.md,,Advanced engines,,4,1,4,5,"Seven proposed gaps: nested rules, u-sub two-world, error propagation, growth race, movable Rolle interval, odometer, derivative quotient mode.",Re-audit necessity one by one; extend existing engine first.
LEDGER-CL-P1-019,P1,400,CLOSURE_LEDGER,OPEN,CLOSURE_LEDGER.md,,LTI,,4,1,4,5,AGS score queue exists; live score delivery explicitly not implemented.,Implement/retry/sign live AGS delivery if LTI remains supported.
LEDGER-CL-P1-021,P1,400,CLOSURE_LEDGER,OPEN,CLOSURE_LEDGER.md,,Performance,,4,1,4,5,Current payload/INP/drag frame/SVG/low-end Android costs unmeasured; build time intentionally no longer reported stale.,Profile current build before richer motion/world animation.
LEDGER-CL-P1-031,P1,400,CLOSURE_LEDGER,OPEN — EXTERNAL EXECUTION DEPENDENCY,CLOSURE_LEDGER.md,,Release-environment provenance,,4,1,4,5,S221 exhausted all non-invasive runtime recovery paths: local Node upgrade download unavailable; package mirror 404s core packages; Vercel has zero projects; GitHub connector has zero repositories; Vercel Sandbox package is not installed and cannot bootstrap without registry access.,"Supply or connect a supported Node >=22.17/24 environment with the exact lockfile dependency tree, or a repository/project-backed CI environment; then execute the existing S220 chain without product refactor."
LEDGER-CL-P1-033,P1,400,CLOSURE_LEDGER,OPEN,CLOSURE_LEDGER.md,,Current full Vitest,,4,1,4,5,"Windows current branch is not green: 15 failures / 12,813 tests across 6 files; 321 files and 12,798 tests pass.",Fix path-separator and temp cleanup portability plus authored-set/evaluation expectation failures; rerun full suite on Linux CI and Windows. The S236 focused learner-flow set remains green.
LEDGER-CL-P1-035,P1,400,CLOSURE_LEDGER,OPEN — HUMAN/HARDWARE,CLOSURE_LEDGER.md,,Manual accessibility/device gates,,4,1,4,5,"Real-device touch, NVDA/VoiceOver math parity, physical 200% zoom, and normal-motion meaning review were not available.",Execute the four retained manual gates before whole-program closure.
LEDGER-CL-P1-040,P1,400,CLOSURE_LEDGER,OPEN — TOOLING ONLY,CLOSURE_LEDGER.md,,Historical generated verifier portability,,4,1,4,5,"The historical S147+ Python authored audits hash raw Windows bytes, decode without explicit UTF-8, and emit platform separators, so a current Windows corpus is falsely reported as wholly changed.","S146 received narrow UTF-8/POSIX-path/newline normalization and passes 37/37; the later sweep is stopped at S147 and its false FAIL artifact was discarded. Current-source corpus, schema, pedagogy, registration, build, focused tests, and security gates remain independently green."
LEDGER-CL-P1-044,P1,400,CLOSURE_LEDGER,OPEN — PRE-EXISTING CONTENT,CLOSURE_LEDGER.md,,Strict CML baseline,,4,1,4,5,Strict CML remains red on two existing radical-functions findings in `re-04-02`; S225 target lessons are clean.,Repair or formally reclassify `re-04-02` in a separate authorized lesson audit; do not attribute this baseline to S225.
LEDGER-CL-P1-049,P1,400,CLOSURE_LEDGER,OPEN — WAVE D REVIEW,CLOSURE_LEDGER.md,,Prediction ceremony,,4,1,4,5,"200 of 1,362 authored prediction gates do not meet the direct causal surface threshold in the deterministic audit.","Review `PREDICTION_GATE_AUDIT.csv`; remove duplicated/non-causal gates, retain informative ungraded prediction → action → reveal loops."
LEDGER-CL-P1-051,P1,400,CLOSURE_LEDGER,OPEN — WAVE E,CLOSURE_LEDGER.md,,Mobile visual labels,,4,1,4,5,`asv-01-01`'s triangle figure clips the right-side height label and overlaps the center label at 390 px.,Evidence: `PREMIUM_REBUILD_SCREENSHOTS_S227/asv-01-01-step1-390-light-after.png`. Repair through the visual rebuild queue with SR-label parity; do not mix it into typesetting architecture.
LEDGER-CL-P1-059,P1,400,CLOSURE_LEDGER,OPEN — 17 ENGINE FAMILIES,CLOSURE_LEDGER.md,,Engine-specific play depth,,4,1,4,5,Removing the shared lock does not make one-way or answer-only engines reversibly playful.,"`PREMIUM_ENGINE_EXPLORATION_AUDIT_S235.csv` identifies 17 engine families for reversible/direct-manipulation remediation, 107 KEEP-with-regression rows, and 3 existing-disposition reviews. Repair by learner harm × frequency × visibility × strategic importance."
V4-PHASE-1,P1,350,V4_PROGRAMME_PHASE,OPEN_PROGRAMME_PHASE,MAGGIE’S TRAIL — MATHS CONTENT EXCELLENCE PROGRAM V4,,Phase 1: Complete curriculum disposition,,4,1,5,5,V4 programme-level closure gate; detailed child rows are in this same queue.,"Close every lesson, visual, language, repetition, question-job, and standards disposition with calibrated evidence."
V4-PHASE-4,P1,350,V4_PROGRAMME_PHASE,OPEN_PROGRAMME_PHASE,MAGGIE’S TRAIL — MATHS CONTENT EXCELLENCE PROGRAM V4,,Phase 4: Presentation and bounded queue closure,,4,1,5,5,V4 programme-level closure gate; detailed child rows are in this same queue.,"Close live renderer residues, choice clues, withheld illustrations, interactions, language and standards in root-cause batches."
V4-PHASE-5,P1,350,V4_PROGRAMME_PHASE,OPEN_PROGRAMME_PHASE,MAGGIE’S TRAIL — MATHS CONTENT EXCELLENCE PROGRAM V4,,Phase 5: Generator and family assurance,,4,1,5,5,V4 programme-level closure gate; detailed child rows are in this same queue.,"Run risk-based properties, unseen seeds, collision checks, qualitative review and transitive consumer reopening."
V4-PHASE-6,P1,350,V4_PROGRAMME_PHASE,OPEN_PROGRAMME_PHASE,MAGGIE’S TRAIL — MATHS CONTENT EXCELLENCE PROGRAM V4,,Phase 6: Cross-band journeys and release,,4,1,5,5,V4 programme-level closure gate; detailed child rows are in this same queue.,"Verify representative deployed journeys, accessibility, responsive states, exact standards evidence and production parity."
STANDARD-79471c7e3ec00a6c3a9c8e08,P1,340,STANDARDS_VERIFICATION,OPEN_EXACT_BENCHMARK_AND_EVIDENCE_REVIEW,content/standards/evidence-dossiers.json#79471c7e3ec00a6c3a9c8e08,koa-01-01 koa-01-02 koa-01-03 koa-01-04 koa-01-05,koa-ch1-addition-problems-within-10,,3,1,4,5,"K.OA.A.2: exact-code-text-import-required; Partial evidence: Chapter 1 solves addition problems with totals through 9 using visual models, but contains no subtraction problems or assessments.","Verify official wording and full intent, then approve, reject, or mark partial with concept teaching and independent learner evidence tied to the exact source."
STANDARD-8900583c72ca2c802bed757a,P1,340,STANDARDS_VERIFICATION,OPEN_EXACT_BENCHMARK_AND_EVIDENCE_REVIEW,content/standards/evidence-dossiers.json#8900583c72ca2c802bed757a,koa-01-01 koa-01-02 koa-01-03 koa-01-04 koa-01-05,koa-ch1-addition-representations,,3,1,4,5,"K.OA.A.1: exact-code-text-import-required; Partial evidence: Chapter 1 represents addition with objects, fingers, drawings, acting out, expressions, and equations, but contains no subtraction evidence.","Verify official wording and full intent, then approve, reject, or mark partial with concept teaching and independent learner evidence tied to the exact source."
PROGRESSION-alg1-01-01,P1,330,LESSON_PROGRESSION_AND_DUPLICATION,OPEN_REPEAT_PURPOSE_OR_REDESIGN,content/courses/solving-equations/lessons/alg1-01-01.json,alg1-01-01,ch1,,3,1,5,5,duplicate-widgets=[]; exact-prompts=[]; number-normalized-prompts=[ch1],"Assign question jobs and approve a fluency/retrieval rationale or replace the repeat with a different action, representation, misconception, constraint, or transfer demand."
PROGRESSION-alg1-01-02,P1,330,LESSON_PROGRESSION_AND_DUPLICATION,OPEN_REPEAT_PURPOSE_OR_REDESIGN,content/courses/solving-equations/lessons/alg1-01-02.json,alg1-01-02,k2 ch1,,3,1,5,5,"duplicate-widgets=[]; exact-prompts=[]; number-normalized-prompts=[k2,ch1]","Assign question jobs and approve a fluency/retrieval rationale or replace the repeat with a different action, representation, misconception, constraint, or transfer demand."
PROGRESSION-alg1-02-01,P1,330,LESSON_PROGRESSION_AND_DUPLICATION,OPEN_REPEAT_PURPOSE_OR_REDESIGN,content/courses/solving-equations/lessons/alg1-02-01.json,alg1-02-01,ch1,,3,1,5,5,duplicate-widgets=[]; exact-prompts=[]; number-normalized-prompts=[ch1],"Assign question jobs and approve a fluency/retrieval rationale or replace the repeat with a different action, representation, misconception, constraint, or transfer demand."
PROGRESSION-alg1-02-02,P1,330,LESSON_PROGRESSION_AND_DUPLICATION,OPEN_REPEAT_PURPOSE_OR_REDESIGN,content/courses/solving-equations/lessons/alg1-02-02.json,alg1-02-02,k2 ch1,,3,1,5,5,"duplicate-widgets=[]; exact-prompts=[]; number-normalized-prompts=[k2,ch1]","Assign question jobs and approve a fluency/retrieval rationale or replace the repeat with a different action, representation, misconception, constraint, or transfer demand."
PROGRESSION-alg1-02-03,P1,330,LESSON_PROGRESSION_AND_DUPLICATION,OPEN_REPEAT_PURPOSE_OR_REDESIGN,content/courses/solving-equations/lessons/alg1-02-03.json,alg1-02-03,k2 ch1,,3,1,5,5,"duplicate-widgets=[]; exact-prompts=[]; number-normalized-prompts=[k2,ch1]","Assign question jobs and approve a fluency/retrieval rationale or replace the repeat with a different action, representation, misconception, constraint, or transfer demand."
PROGRESSION-alg1-03-03,P1,330,LESSON_PROGRESSION_AND_DUPLICATION,OPEN_REPEAT_PURPOSE_OR_REDESIGN,content/courses/solving-equations/lessons/alg1-03-03.json,alg1-03-03,k3,,3,1,5,5,duplicate-widgets=[]; exact-prompts=[]; number-normalized-prompts=[k3],"Assign question jobs and approve a fluency/retrieval rationale or replace the repeat with a different action, representation, misconception, constraint, or transfer demand."
PROGRESSION-as-04-01,P1,330,LESSON_PROGRESSION_AND_DUPLICATION,OPEN_REPEAT_PURPOSE_OR_REDESIGN,content/courses/add-subtract-20/lessons/as-04-01.json,as-04-01,k2,,3,1,5,5,duplicate-widgets=[]; exact-prompts=[]; number-normalized-prompts=[k2],"Assign question jobs and approve a fluency/retrieval rationale or replace the repeat with a different action, representation, misconception, constraint, or transfer demand."
PROGRESSION-as100-03-04,P1,330,LESSON_PROGRESSION_AND_DUPLICATION,OPEN_REPEAT_PURPOSE_OR_REDESIGN,content/courses/add-subtract-100/lessons/as100-03-04.json,as100-03-04,k2 ch1,,3,1,5,5,"duplicate-widgets=[]; exact-prompts=[]; number-normalized-prompts=[k2,ch1]","Assign question jobs and approve a fluency/retrieval rationale or replace the repeat with a different action, representation, misconception, constraint, or transfer demand."
PROGRESSION-asv-01-01,P1,330,LESSON_PROGRESSION_AND_DUPLICATION,OPEN_REPEAT_PURPOSE_OR_REDESIGN,content/courses/area-surface-volume/lessons/asv-01-01.json,asv-01-01,k1,,3,1,5,5,duplicate-widgets=[]; exact-prompts=[]; number-normalized-prompts=[k1],"Assign question jobs and approve a fluency/retrieval rationale or replace the repeat with a different action, representation, misconception, constraint, or transfer demand."
PROGRESSION-asv-01-02,P1,330,LESSON_PROGRESSION_AND_DUPLICATION,OPEN_REPEAT_PURPOSE_OR_REDESIGN,content/courses/area-surface-volume/lessons/asv-01-02.json,asv-01-02,ch1,,3,1,5,5,duplicate-widgets=[]; exact-prompts=[]; number-normalized-prompts=[ch1],"Assign question jobs and approve a fluency/retrieval rationale or replace the repeat with a different action, representation, misconception, constraint, or transfer demand."
PROGRESSION-asv-03-01,P1,330,LESSON_PROGRESSION_AND_DUPLICATION,OPEN_REPEAT_PURPOSE_OR_REDESIGN,content/courses/area-surface-volume/lessons/asv-03-01.json,asv-03-01,k3,,3,1,5,5,duplicate-widgets=[]; exact-prompts=[]; number-normalized-prompts=[k3],"Assign question jobs and approve a fluency/retrieval rationale or replace the repeat with a different action, representation, misconception, constraint, or transfer demand."
PROGRESSION-asv-03-02,P1,330,LESSON_PROGRESSION_AND_DUPLICATION,OPEN_REPEAT_PURPOSE_OR_REDESIGN,content/courses/area-surface-volume/lessons/asv-03-02.json,asv-03-02,ch1,,3,1,5,5,duplicate-widgets=[]; exact-prompts=[]; number-normalized-prompts=[ch1],"Assign question jobs and approve a fluency/retrieval rationale or replace the repeat with a different action, representation, misconception, constraint, or transfer demand."
PROGRESSION-asv-05-02,P1,330,LESSON_PROGRESSION_AND_DUPLICATION,OPEN_REPEAT_PURPOSE_OR_REDESIGN,content/courses/area-surface-volume/lessons/asv-05-02.json,asv-05-02,ch1,,3,1,5,5,duplicate-widgets=[]; exact-prompts=[]; number-normalized-prompts=[ch1],"Assign question jobs and approve a fluency/retrieval rationale or replace the repeat with a different action, representation, misconception, constraint, or transfer demand."
PROGRESSION-c120-01-02,P1,330,LESSON_PROGRESSION_AND_DUPLICATION,OPEN_REPEAT_PURPOSE_OR_REDESIGN,content/courses/counting-120/lessons/c120-01-02.json,c120-01-02,i2 k2,,3,1,5,5,"duplicate-widgets=[]; exact-prompts=[]; number-normalized-prompts=[i2,k2]","Assign question jobs and approve a fluency/retrieval rationale or replace the repeat with a different action, representation, misconception, constraint, or transfer demand."
PROGRESSION-c120-03-01,P1,330,LESSON_PROGRESSION_AND_DUPLICATION,OPEN_REPEAT_PURPOSE_OR_REDESIGN,content/courses/counting-120/lessons/c120-03-01.json,c120-03-01,i2 k3 ch1,,3,1,5,5,"duplicate-widgets=[]; exact-prompts=[]; number-normalized-prompts=[i2,k3,ch1]","Assign question jobs and approve a fluency/retrieval rationale or replace the repeat with a different action, representation, misconception, constraint, or transfer demand."
PROGRESSION-c120-04-03,P1,330,LESSON_PROGRESSION_AND_DUPLICATION,OPEN_REPEAT_PURPOSE_OR_REDESIGN,content/courses/counting-120/lessons/c120-04-03.json,c120-04-03,k2,,3,1,5,5,duplicate-widgets=[]; exact-prompts=[]; number-normalized-prompts=[k2],"Assign question jobs and approve a fluency/retrieval rationale or replace the repeat with a different action, representation, misconception, constraint, or transfer demand."
PROGRESSION-c120-05-01,P1,330,LESSON_PROGRESSION_AND_DUPLICATION,OPEN_REPEAT_PURPOSE_OR_REDESIGN,content/courses/counting-120/lessons/c120-05-01.json,c120-05-01,k3 ch1,,3,1,5,5,"duplicate-widgets=[]; exact-prompts=[]; number-normalized-prompts=[k3,ch1]","Assign question jobs and approve a fluency/retrieval rationale or replace the repeat with a different action, representation, misconception, constraint, or transfer demand."
PROGRESSION-c120-05-02,P1,330,LESSON_PROGRESSION_AND_DUPLICATION,OPEN_REPEAT_PURPOSE_OR_REDESIGN,content/courses/counting-120/lessons/c120-05-02.json,c120-05-02,ch1,,3,1,5,5,duplicate-widgets=[]; exact-prompts=[]; number-normalized-prompts=[ch1],"Assign question jobs and approve a fluency/retrieval rationale or replace the repeat with a different action, representation, misconception, constraint, or transfer demand."
PROGRESSION-cn-01-01,P1,330,LESSON_PROGRESSION_AND_DUPLICATION,OPEN_REPEAT_PURPOSE_OR_REDESIGN,content/courses/complex-numbers/lessons/cn-01-01.json,cn-01-01,ch1,,3,1,5,5,duplicate-widgets=[]; exact-prompts=[]; number-normalized-prompts=[ch1],"Assign question jobs and approve a fluency/retrieval rationale or replace the repeat with a different action, representation, misconception, constraint, or transfer demand."
PROGRESSION-cn-01-02,P1,330,LESSON_PROGRESSION_AND_DUPLICATION,OPEN_REPEAT_PURPOSE_OR_REDESIGN,content/courses/complex-numbers/lessons/cn-01-02.json,cn-01-02,ch1,,3,1,5,5,duplicate-widgets=[]; exact-prompts=[]; number-normalized-prompts=[ch1],"Assign question jobs and approve a fluency/retrieval rationale or replace the repeat with a different action, representation, misconception, constraint, or transfer demand."
PROGRESSION-cn-05-02,P1,330,LESSON_PROGRESSION_AND_DUPLICATION,OPEN_REPEAT_PURPOSE_OR_REDESIGN,content/courses/complex-numbers/lessons/cn-05-02.json,cn-05-02,k1 ch1,,3,1,5,5,"duplicate-widgets=[]; exact-prompts=[]; number-normalized-prompts=[k1,ch1]","Assign question jobs and approve a fluency/retrieval rationale or replace the repeat with a different action, representation, misconception, constraint, or transfer demand."
PROGRESSION-cx-02-01,P1,330,LESSON_PROGRESSION_AND_DUPLICATION,OPEN_REPEAT_PURPOSE_OR_REDESIGN,content/courses/coordinate-proofs/lessons/cx-02-01.json,cx-02-01,k2,,3,1,5,5,duplicate-widgets=[]; exact-prompts=[]; number-normalized-prompts=[k2],"Assign question jobs and approve a fluency/retrieval rationale or replace the repeat with a different action, representation, misconception, constraint, or transfer demand."
PROGRESSION-dgr1-01-03,P1,330,LESSON_PROGRESSION_AND_DUPLICATION,OPEN_REPEAT_PURPOSE_OR_REDESIGN,content/courses/data-graphs-g1/lessons/dgr1-01-03.json,dgr1-01-03,k3 ch1,,3,1,5,5,"duplicate-widgets=[]; exact-prompts=[]; number-normalized-prompts=[k3,ch1]","Assign question jobs and approve a fluency/retrieval rationale or replace the repeat with a different action, representation, misconception, constraint, or transfer demand."
PROGRESSION-dgr1-01-04,P1,330,LESSON_PROGRESSION_AND_DUPLICATION,OPEN_REPEAT_PURPOSE_OR_REDESIGN,content/courses/data-graphs-g1/lessons/dgr1-01-04.json,dgr1-01-04,k2,,3,1,5,5,duplicate-widgets=[]; exact-prompts=[]; number-normalized-prompts=[k2],"Assign question jobs and approve a fluency/retrieval rationale or replace the repeat with a different action, representation, misconception, constraint, or transfer demand."
PROGRESSION-dgr1-02-03,P1,330,LESSON_PROGRESSION_AND_DUPLICATION,OPEN_REPEAT_PURPOSE_OR_REDESIGN,content/courses/data-graphs-g1/lessons/dgr1-02-03.json,dgr1-02-03,k3 ch1,,3,1,5,5,"duplicate-widgets=[]; exact-prompts=[]; number-normalized-prompts=[k3,ch1]","Assign question jobs and approve a fluency/retrieval rationale or replace the repeat with a different action, representation, misconception, constraint, or transfer demand."
PROGRESSION-dgr1-02-04,P1,330,LESSON_PROGRESSION_AND_DUPLICATION,OPEN_REPEAT_PURPOSE_OR_REDESIGN,content/courses/data-graphs-g1/lessons/dgr1-02-04.json,dgr1-02-04,k3 ch1,,3,1,5,5,"duplicate-widgets=[]; exact-prompts=[]; number-normalized-prompts=[k3,ch1]","Assign question jobs and approve a fluency/retrieval rationale or replace the repeat with a different action, representation, misconception, constraint, or transfer demand."
PROGRESSION-dpv-01-03,P1,330,LESSON_PROGRESSION_AND_DUPLICATION,OPEN_REPEAT_PURPOSE_OR_REDESIGN,content/courses/decimals-place-value/lessons/dpv-01-03.json,dpv-01-03,k3,,3,1,5,5,duplicate-widgets=[]; exact-prompts=[]; number-normalized-prompts=[k3],"Assign question jobs and approve a fluency/retrieval rationale or replace the repeat with a different action, representation, misconception, constraint, or transfer demand."
PROGRESSION-dpv-02-02,P1,330,LESSON_PROGRESSION_AND_DUPLICATION,OPEN_REPEAT_PURPOSE_OR_REDESIGN,content/courses/decimals-place-value/lessons/dpv-02-02.json,dpv-02-02,ch1,,3,1,5,5,duplicate-widgets=[]; exact-prompts=[]; number-normalized-prompts=[ch1],"Assign question jobs and approve a fluency/retrieval rationale or replace the repeat with a different action, representation, misconception, constraint, or transfer demand."
PROGRESSION-dpv-03-01,P1,330,LESSON_PROGRESSION_AND_DUPLICATION,OPEN_REPEAT_PURPOSE_OR_REDESIGN,content/courses/decimals-place-value/lessons/dpv-03-01.json,dpv-03-01,k1 k2 i2 ch1,,3,1,5,5,"duplicate-widgets=[]; exact-prompts=[]; number-normalized-prompts=[k1,k2,i2,ch1]","Assign question jobs and approve a fluency/retrieval rationale or replace the repeat with a different action, representation, misconception, constraint, or transfer demand."
PROGRESSION-dpv-04-01,P1,330,LESSON_PROGRESSION_AND_DUPLICATION,OPEN_REPEAT_PURPOSE_OR_REDESIGN,content/courses/decimals-place-value/lessons/dpv-04-01.json,dpv-04-01,k2 k3,,3,1,5,5,"duplicate-widgets=[]; exact-prompts=[]; number-normalized-prompts=[k2,k3]","Assign question jobs and approve a fluency/retrieval rationale or replace the repeat with a different action, representation, misconception, constraint, or transfer demand."
PROGRESSION-dpv-04-02,P1,330,LESSON_PROGRESSION_AND_DUPLICATION,OPEN_REPEAT_PURPOSE_OR_REDESIGN,content/courses/decimals-place-value/lessons/dpv-04-02.json,dpv-04-02,k3,,3,1,5,5,duplicate-widgets=[]; exact-prompts=[]; number-normalized-prompts=[k3],"Assign question jobs and approve a fluency/retrieval rationale or replace the repeat with a different action, representation, misconception, constraint, or transfer demand."
PROGRESSION-ee-01-02,P1,330,LESSON_PROGRESSION_AND_DUPLICATION,OPEN_REPEAT_PURPOSE_OR_REDESIGN,content/courses/expressions-equations/lessons/ee-01-02.json,ee-01-02,k2,,3,1,5,5,duplicate-widgets=[]; exact-prompts=[]; number-normalized-prompts=[k2],"Assign question jobs and approve a fluency/retrieval rationale or replace the repeat with a different action, representation, misconception, constraint, or transfer demand."
PROGRESSION-ee-05-01,P1,330,LESSON_PROGRESSION_AND_DUPLICATION,OPEN_REPEAT_PURPOSE_OR_REDESIGN,content/courses/expressions-equations/lessons/ee-05-01.json,ee-05-01,k1,,3,1,5,5,duplicate-widgets=[]; exact-prompts=[]; number-normalized-prompts=[k1],"Assign question jobs and approve a fluency/retrieval rationale or replace the repeat with a different action, representation, misconception, constraint, or transfer demand."
PROGRESSION-ep-01-01,P1,330,LESSON_PROGRESSION_AND_DUPLICATION,OPEN_REPEAT_PURPOSE_OR_REDESIGN,content/courses/exponents-polynomials/lessons/ep-01-01.json,ep-01-01,ch1,,3,1,5,5,duplicate-widgets=[]; exact-prompts=[]; number-normalized-prompts=[ch1],"Assign question jobs and approve a fluency/retrieval rationale or replace the repeat with a different action, representation, misconception, constraint, or transfer demand."
PROGRESSION-ep-01-02,P1,330,LESSON_PROGRESSION_AND_DUPLICATION,OPEN_REPEAT_PURPOSE_OR_REDESIGN,content/courses/exponents-polynomials/lessons/ep-01-02.json,ep-01-02,k2 ch1,,3,1,5,5,"duplicate-widgets=[]; exact-prompts=[]; number-normalized-prompts=[k2,ch1]","Assign question jobs and approve a fluency/retrieval rationale or replace the repeat with a different action, representation, misconception, constraint, or transfer demand."
PROGRESSION-ep-01-03,P1,330,LESSON_PROGRESSION_AND_DUPLICATION,OPEN_REPEAT_PURPOSE_OR_REDESIGN,content/courses/exponents-polynomials/lessons/ep-01-03.json,ep-01-03,k3 ch1,,3,1,5,5,"duplicate-widgets=[]; exact-prompts=[]; number-normalized-prompts=[k3,ch1]","Assign question jobs and approve a fluency/retrieval rationale or replace the repeat with a different action, representation, misconception, constraint, or transfer demand."
PROGRESSION-ep-02-03,P1,330,LESSON_PROGRESSION_AND_DUPLICATION,OPEN_REPEAT_PURPOSE_OR_REDESIGN,content/courses/exponents-polynomials/lessons/ep-02-03.json,ep-02-03,k2,,3,1,5,5,duplicate-widgets=[]; exact-prompts=[]; number-normalized-prompts=[k2],"Assign question jobs and approve a fluency/retrieval rationale or replace the repeat with a different action, representation, misconception, constraint, or transfer demand."
PROGRESSION-ep-03-01,P1,330,LESSON_PROGRESSION_AND_DUPLICATION,OPEN_REPEAT_PURPOSE_OR_REDESIGN,content/courses/exponents-polynomials/lessons/ep-03-01.json,ep-03-01,k2,,3,1,5,5,duplicate-widgets=[]; exact-prompts=[]; number-normalized-prompts=[k2],"Assign question jobs and approve a fluency/retrieval rationale or replace the repeat with a different action, representation, misconception, constraint, or transfer demand."
PROGRESSION-ep-04-03,P1,330,LESSON_PROGRESSION_AND_DUPLICATION,OPEN_REPEAT_PURPOSE_OR_REDESIGN,content/courses/exponents-polynomials/lessons/ep-04-03.json,ep-04-03,k2 ch1,,3,1,5,5,"duplicate-widgets=[]; exact-prompts=[]; number-normalized-prompts=[k2,ch1]","Assign question jobs and approve a fluency/retrieval rationale or replace the repeat with a different action, representation, misconception, constraint, or transfer demand."
PROGRESSION-esn-01-03,P1,330,LESSON_PROGRESSION_AND_DUPLICATION,OPEN_REPEAT_PURPOSE_OR_REDESIGN,content/courses/exponents-scientific-notation/lessons/esn-01-03.json,esn-01-03,i2,,3,1,5,5,duplicate-widgets=[]; exact-prompts=[]; number-normalized-prompts=[i2],"Assign question jobs and approve a fluency/retrieval rationale or replace the repeat with a different action, representation, misconception, constraint, or transfer demand."
PROGRESSION-esn-02-01,P1,330,LESSON_PROGRESSION_AND_DUPLICATION,OPEN_REPEAT_PURPOSE_OR_REDESIGN,content/courses/exponents-scientific-notation/lessons/esn-02-01.json,esn-02-01,k2 k3 i3 ch1,,3,1,5,5,"duplicate-widgets=[]; exact-prompts=[]; number-normalized-prompts=[k2,k3,i3,ch1]","Assign question jobs and approve a fluency/retrieval rationale or replace the repeat with a different action, representation, misconception, constraint, or transfer demand."
PROGRESSION-esn-02-02,P1,330,LESSON_PROGRESSION_AND_DUPLICATION,OPEN_REPEAT_PURPOSE_OR_REDESIGN,content/courses/exponents-scientific-notation/lessons/esn-02-02.json,esn-02-02,i2 k2 k3 ch1,,3,1,5,5,"duplicate-widgets=[]; exact-prompts=[]; number-normalized-prompts=[i2,k2,k3,ch1]","Assign question jobs and approve a fluency/retrieval rationale or replace the repeat with a different action, representation, misconception, constraint, or transfer demand."
PROGRESSION-esn-03-01,P1,330,LESSON_PROGRESSION_AND_DUPLICATION,OPEN_REPEAT_PURPOSE_OR_REDESIGN,content/courses/exponents-scientific-notation/lessons/esn-03-01.json,esn-03-01,k2 i3 k3,,3,1,5,5,"duplicate-widgets=[]; exact-prompts=[]; number-normalized-prompts=[k2,i3,k3]","Assign question jobs and approve a fluency/retrieval rationale or replace the repeat with a different action, representation, misconception, constraint, or transfer demand."
PROGRESSION-esn-03-02,P1,330,LESSON_PROGRESSION_AND_DUPLICATION,OPEN_REPEAT_PURPOSE_OR_REDESIGN,content/courses/exponents-scientific-notation/lessons/esn-03-02.json,esn-03-02,k2 i3 k3 ch1,,3,1,5,5,"duplicate-widgets=[]; exact-prompts=[]; number-normalized-prompts=[k2,i3,k3,ch1]","Assign question jobs and approve a fluency/retrieval rationale or replace the repeat with a different action, representation, misconception, constraint, or transfer demand."
PROGRESSION-exp-01-01,P1,330,LESSON_PROGRESSION_AND_DUPLICATION,OPEN_REPEAT_PURPOSE_OR_REDESIGN,content/courses/exponential-functions/lessons/exp-01-01.json,exp-01-01,k2 k3 ch1,,3,1,5,5,"duplicate-widgets=[]; exact-prompts=[]; number-normalized-prompts=[k2,k3,ch1]","Assign question jobs and approve a fluency/retrieval rationale or replace the repeat with a different action, representation, misconception, constraint, or transfer demand."
PROGRESSION-exp-01-02,P1,330,LESSON_PROGRESSION_AND_DUPLICATION,OPEN_REPEAT_PURPOSE_OR_REDESIGN,content/courses/exponential-functions/lessons/exp-01-02.json,exp-01-02,k3 ch1,,3,1,5,5,"duplicate-widgets=[]; exact-prompts=[]; number-normalized-prompts=[k3,ch1]","Assign question jobs and approve a fluency/retrieval rationale or replace the repeat with a different action, representation, misconception, constraint, or transfer demand."
PROGRESSION-exp-01-03,P1,330,LESSON_PROGRESSION_AND_DUPLICATION,OPEN_REPEAT_PURPOSE_OR_REDESIGN,content/courses/exponential-functions/lessons/exp-01-03.json,exp-01-03,k2 k3 ch1,,3,1,5,5,"duplicate-widgets=[]; exact-prompts=[]; number-normalized-prompts=[k2,k3,ch1]","Assign question jobs and approve a fluency/retrieval rationale or replace the repeat with a different action, representation, misconception, constraint, or transfer demand."
PROGRESSION-exp-03-01,P1,330,LESSON_PROGRESSION_AND_DUPLICATION,OPEN_REPEAT_PURPOSE_OR_REDESIGN,content/courses/exponential-functions/lessons/exp-03-01.json,exp-03-01,i2 i3 k2 k3 ch1,,3,1,5,5,"duplicate-widgets=[]; exact-prompts=[]; number-normalized-prompts=[i2,i3,k2,k3,ch1]","Assign question jobs and approve a fluency/retrieval rationale or replace the repeat with a different action, representation, misconception, constraint, or transfer demand."
PROGRESSION-exp-03-02,P1,330,LESSON_PROGRESSION_AND_DUPLICATION,OPEN_REPEAT_PURPOSE_OR_REDESIGN,content/courses/exponential-functions/lessons/exp-03-02.json,exp-03-02,i2 i3 k2 k3 ch1,,3,1,5,5,"duplicate-widgets=[]; exact-prompts=[]; number-normalized-prompts=[i2,i3,k2,k3,ch1]","Assign question jobs and approve a fluency/retrieval rationale or replace the repeat with a different action, representation, misconception, constraint, or transfer demand."
PROGRESSION-exp-03-03,P1,330,LESSON_PROGRESSION_AND_DUPLICATION,OPEN_REPEAT_PURPOSE_OR_REDESIGN,content/courses/exponential-functions/lessons/exp-03-03.json,exp-03-03,k1 k2 k3 ch1,,3,1,5,5,"duplicate-widgets=[]; exact-prompts=[]; number-normalized-prompts=[k1,k2,k3,ch1]","Assign question jobs and approve a fluency/retrieval rationale or replace the repeat with a different action, representation, misconception, constraint, or transfer demand."
PROGRESSION-exp-04-01,P1,330,LESSON_PROGRESSION_AND_DUPLICATION,OPEN_REPEAT_PURPOSE_OR_REDESIGN,content/courses/exponential-functions/lessons/exp-04-01.json,exp-04-01,k3,,3,1,5,5,duplicate-widgets=[]; exact-prompts=[]; number-normalized-prompts=[k3],"Assign question jobs and approve a fluency/retrieval rationale or replace the repeat with a different action, representation, misconception, constraint, or transfer demand."
PROGRESSION-exp-04-02,P1,330,LESSON_PROGRESSION_AND_DUPLICATION,OPEN_REPEAT_PURPOSE_OR_REDESIGN,content/courses/exponential-functions/lessons/exp-04-02.json,exp-04-02,k3,,3,1,5,5,duplicate-widgets=[]; exact-prompts=[]; number-normalized-prompts=[k3],"Assign question jobs and approve a fluency/retrieval rationale or replace the repeat with a different action, representation, misconception, constraint, or transfer demand."
PROGRESSION-exp-04-03,P1,330,LESSON_PROGRESSION_AND_DUPLICATION,OPEN_REPEAT_PURPOSE_OR_REDESIGN,content/courses/exponential-functions/lessons/exp-04-03.json,exp-04-03,k1 ch1,,3,1,5,5,"duplicate-widgets=[]; exact-prompts=[]; number-normalized-prompts=[k1,ch1]","Assign question jobs and approve a fluency/retrieval rationale or replace the repeat with a different action, representation, misconception, constraint, or transfer demand."
PROGRESSION-fg-01-02,P1,330,LESSON_PROGRESSION_AND_DUPLICATION,OPEN_REPEAT_PURPOSE_OR_REDESIGN,content/courses/functions-g8/lessons/fg-01-02.json,fg-01-02,i2 k3,,3,1,5,5,"duplicate-widgets=[]; exact-prompts=[]; number-normalized-prompts=[i2,k3]","Assign question jobs and approve a fluency/retrieval rationale or replace the repeat with a different action, representation, misconception, constraint, or transfer demand."
PROGRESSION-fg-02-01,P1,330,LESSON_PROGRESSION_AND_DUPLICATION,OPEN_REPEAT_PURPOSE_OR_REDESIGN,content/courses/functions-g8/lessons/fg-02-01.json,fg-02-01,k2 k3,,3,1,5,5,"duplicate-widgets=[]; exact-prompts=[]; number-normalized-prompts=[k2,k3]","Assign question jobs and approve a fluency/retrieval rationale or replace the repeat with a different action, representation, misconception, constraint, or transfer demand."
PROGRESSION-fg-02-02,P1,330,LESSON_PROGRESSION_AND_DUPLICATION,OPEN_REPEAT_PURPOSE_OR_REDESIGN,content/courses/functions-g8/lessons/fg-02-02.json,fg-02-02,ch1,,3,1,5,5,duplicate-widgets=[]; exact-prompts=[]; number-normalized-prompts=[ch1],"Assign question jobs and approve a fluency/retrieval rationale or replace the repeat with a different action, representation, misconception, constraint, or transfer demand."
PROGRESSION-fg-03-02,P1,330,LESSON_PROGRESSION_AND_DUPLICATION,OPEN_REPEAT_PURPOSE_OR_REDESIGN,content/courses/functions-g8/lessons/fg-03-02.json,fg-03-02,k1,,3,1,5,5,duplicate-widgets=[]; exact-prompts=[]; number-normalized-prompts=[k1],"Assign question jobs and approve a fluency/retrieval rationale or replace the repeat with a different action, representation, misconception, constraint, or transfer demand."
PROGRESSION-fg-04-01,P1,330,LESSON_PROGRESSION_AND_DUPLICATION,OPEN_REPEAT_PURPOSE_OR_REDESIGN,content/courses/functions-g8/lessons/fg-04-01.json,fg-04-01,i2 k2,,3,1,5,5,"duplicate-widgets=[]; exact-prompts=[]; number-normalized-prompts=[i2,k2]","Assign question jobs and approve a fluency/retrieval rationale or replace the repeat with a different action, representation, misconception, constraint, or transfer demand."
PROGRESSION-fn-01-02,P1,330,LESSON_PROGRESSION_AND_DUPLICATION,OPEN_REPEAT_PURPOSE_OR_REDESIGN,content/courses/functions-and-sequences/lessons/fn-01-02.json,fn-01-02,k1,,3,1,5,5,duplicate-widgets=[]; exact-prompts=[]; number-normalized-prompts=[k1],"Assign question jobs and approve a fluency/retrieval rationale or replace the repeat with a different action, representation, misconception, constraint, or transfer demand."
PROGRESSION-fn-01-03,P1,330,LESSON_PROGRESSION_AND_DUPLICATION,OPEN_REPEAT_PURPOSE_OR_REDESIGN,content/courses/functions-and-sequences/lessons/fn-01-03.json,fn-01-03,i2,,3,1,5,5,duplicate-widgets=[]; exact-prompts=[]; number-normalized-prompts=[i2],"Assign question jobs and approve a fluency/retrieval rationale or replace the repeat with a different action, representation, misconception, constraint, or transfer demand."
PROGRESSION-fn-02-01,P1,330,LESSON_PROGRESSION_AND_DUPLICATION,OPEN_REPEAT_PURPOSE_OR_REDESIGN,content/courses/functions-and-sequences/lessons/fn-02-01.json,fn-02-01,i3 k2 k3 ch1,,3,1,5,5,"duplicate-widgets=[]; exact-prompts=[]; number-normalized-prompts=[i3,k2,k3,ch1]","Assign question jobs and approve a fluency/retrieval rationale or replace the repeat with a different action, representation, misconception, constraint, or transfer demand."
PROGRESSION-fn-02-02,P1,330,LESSON_PROGRESSION_AND_DUPLICATION,OPEN_REPEAT_PURPOSE_OR_REDESIGN,content/courses/functions-and-sequences/lessons/fn-02-02.json,fn-02-02,i2 i3 k2 k3 ch1,,3,1,5,5,"duplicate-widgets=[]; exact-prompts=[]; number-normalized-prompts=[i2,i3,k2,k3,ch1]","Assign question jobs and approve a fluency/retrieval rationale or replace the repeat with a different action, representation, misconception, constraint, or transfer demand."
PROGRESSION-fn-02-03,P1,330,LESSON_PROGRESSION_AND_DUPLICATION,OPEN_REPEAT_PURPOSE_OR_REDESIGN,content/courses/functions-and-sequences/lessons/fn-02-03.json,fn-02-03,i3 k2 k3 ch1,,3,1,5,5,"duplicate-widgets=[]; exact-prompts=[]; number-normalized-prompts=[i3,k2,k3,ch1]","Assign question jobs and approve a fluency/retrieval rationale or replace the repeat with a different action, representation, misconception, constraint, or transfer demand."
PROGRESSION-fn-03-01,P1,330,LESSON_PROGRESSION_AND_DUPLICATION,OPEN_REPEAT_PURPOSE_OR_REDESIGN,content/courses/functions-and-sequences/lessons/fn-03-01.json,fn-03-01,k2 ch1,,3,1,5,5,"duplicate-widgets=[]; exact-prompts=[]; number-normalized-prompts=[k2,ch1]","Assign question jobs and approve a fluency/retrieval rationale or replace the repeat with a different action, representation, misconception, constraint, or transfer demand."
PROGRESSION-fn-03-02,P1,330,LESSON_PROGRESSION_AND_DUPLICATION,OPEN_REPEAT_PURPOSE_OR_REDESIGN,content/courses/functions-and-sequences/lessons/fn-03-02.json,fn-03-02,i2 i3 k2 k3 ch1,,3,1,5,5,"duplicate-widgets=[]; exact-prompts=[]; number-normalized-prompts=[i2,i3,k2,k3,ch1]","Assign question jobs and approve a fluency/retrieval rationale or replace the repeat with a different action, representation, misconception, constraint, or transfer demand."
PROGRESSION-fn-03-03,P1,330,LESSON_PROGRESSION_AND_DUPLICATION,OPEN_REPEAT_PURPOSE_OR_REDESIGN,content/courses/functions-and-sequences/lessons/fn-03-03.json,fn-03-03,i3 k2 k3 ch1,,3,1,5,5,"duplicate-widgets=[]; exact-prompts=[]; number-normalized-prompts=[i3,k2,k3,ch1]","Assign question jobs and approve a fluency/retrieval rationale or replace the repeat with a different action, representation, misconception, constraint, or transfer demand."
PROGRESSION-fn-04-01,P1,330,LESSON_PROGRESSION_AND_DUPLICATION,OPEN_REPEAT_PURPOSE_OR_REDESIGN,content/courses/functions-and-sequences/lessons/fn-04-01.json,fn-04-01,i2 i3 k2 k3 ch1,,3,1,5,5,"duplicate-widgets=[]; exact-prompts=[]; number-normalized-prompts=[i2,i3,k2,k3,ch1]","Assign question jobs and approve a fluency/retrieval rationale or replace the repeat with a different action, representation, misconception, constraint, or transfer demand."
PROGRESSION-fn-04-02,P1,330,LESSON_PROGRESSION_AND_DUPLICATION,OPEN_REPEAT_PURPOSE_OR_REDESIGN,content/courses/functions-and-sequences/lessons/fn-04-02.json,fn-04-02,i3 k2 k3 ch1,,3,1,5,5,"duplicate-widgets=[]; exact-prompts=[]; number-normalized-prompts=[i3,k2,k3,ch1]","Assign question jobs and approve a fluency/retrieval rationale or replace the repeat with a different action, representation, misconception, constraint, or transfer demand."
PROGRESSION-fna-01-01,P1,330,LESSON_PROGRESSION_AND_DUPLICATION,OPEN_REPEAT_PURPOSE_OR_REDESIGN,content/courses/function-analysis/lessons/fna-01-01.json,fna-01-01,k3,,3,1,5,5,duplicate-widgets=[]; exact-prompts=[]; number-normalized-prompts=[k3],"Assign question jobs and approve a fluency/retrieval rationale or replace the repeat with a different action, representation, misconception, constraint, or transfer demand."
PROGRESSION-fna-03-02,P1,330,LESSON_PROGRESSION_AND_DUPLICATION,OPEN_REPEAT_PURPOSE_OR_REDESIGN,content/courses/function-analysis/lessons/fna-03-02.json,fna-03-02,k2,,3,1,5,5,duplicate-widgets=[]; exact-prompts=[]; number-normalized-prompts=[k2],"Assign question jobs and approve a fluency/retrieval rationale or replace the repeat with a different action, representation, misconception, constraint, or transfer demand."
PROGRESSION-g1s-02-04,P1,330,LESSON_PROGRESSION_AND_DUPLICATION,OPEN_REPEAT_PURPOSE_OR_REDESIGN,content/courses/compose-shapes-g1/lessons/g1s-02-04.json,g1s-02-04,k3,,3,1,5,5,duplicate-widgets=[]; exact-prompts=[]; number-normalized-prompts=[k3],"Assign question jobs and approve a fluency/retrieval rationale or replace the repeat with a different action, representation, misconception, constraint, or transfer demand."
PROGRESSION-g2a-01-01,P1,330,LESSON_PROGRESSION_AND_DUPLICATION,OPEN_REPEAT_PURPOSE_OR_REDESIGN,content/courses/arrays-even-odd-g2/lessons/g2a-01-01.json,g2a-01-01,i2 k2 ch1,,3,1,5,5,"duplicate-widgets=[]; exact-prompts=[]; number-normalized-prompts=[i2,k2,ch1]","Assign question jobs and approve a fluency/retrieval rationale or replace the repeat with a different action, representation, misconception, constraint, or transfer demand."
PROGRESSION-g2a-01-03,P1,330,LESSON_PROGRESSION_AND_DUPLICATION,OPEN_REPEAT_PURPOSE_OR_REDESIGN,content/courses/arrays-even-odd-g2/lessons/g2a-01-03.json,g2a-01-03,i2 k3 ch1,,3,1,5,5,"duplicate-widgets=[]; exact-prompts=[]; number-normalized-prompts=[i2,k3,ch1]","Assign question jobs and approve a fluency/retrieval rationale or replace the repeat with a different action, representation, misconception, constraint, or transfer demand."
PROGRESSION-g2a-01-04,P1,330,LESSON_PROGRESSION_AND_DUPLICATION,OPEN_REPEAT_PURPOSE_OR_REDESIGN,content/courses/arrays-even-odd-g2/lessons/g2a-01-04.json,g2a-01-04,i2,,3,1,5,5,duplicate-widgets=[]; exact-prompts=[]; number-normalized-prompts=[i2],"Assign question jobs and approve a fluency/retrieval rationale or replace the repeat with a different action, representation, misconception, constraint, or transfer demand."
PROGRESSION-g2a-02-01,P1,330,LESSON_PROGRESSION_AND_DUPLICATION,OPEN_REPEAT_PURPOSE_OR_REDESIGN,content/courses/arrays-even-odd-g2/lessons/g2a-02-01.json,g2a-02-01,i2 ch1,,3,1,5,5,"duplicate-widgets=[]; exact-prompts=[]; number-normalized-prompts=[i2,ch1]","Assign question jobs and approve a fluency/retrieval rationale or replace the repeat with a different action, representation, misconception, constraint, or transfer demand."
PROGRESSION-g2a-03-01,P1,330,LESSON_PROGRESSION_AND_DUPLICATION,OPEN_REPEAT_PURPOSE_OR_REDESIGN,content/courses/arrays-even-odd-g2/lessons/g2a-03-01.json,g2a-03-01,k3,,3,1,5,5,duplicate-widgets=[]; exact-prompts=[]; number-normalized-prompts=[k3],"Assign question jobs and approve a fluency/retrieval rationale or replace the repeat with a different action, representation, misconception, constraint, or transfer demand."
PROGRESSION-g2l-02-01,P1,330,LESSON_PROGRESSION_AND_DUPLICATION,OPEN_REPEAT_PURPOSE_OR_REDESIGN,content/courses/number-line-g2/lessons/g2l-02-01.json,g2l-02-01,ch1,,3,1,5,5,duplicate-widgets=[]; exact-prompts=[]; number-normalized-prompts=[ch1],"Assign question jobs and approve a fluency/retrieval rationale or replace the repeat with a different action, representation, misconception, constraint, or transfer demand."
PROGRESSION-g2l-02-02,P1,330,LESSON_PROGRESSION_AND_DUPLICATION,OPEN_REPEAT_PURPOSE_OR_REDESIGN,content/courses/number-line-g2/lessons/g2l-02-02.json,g2l-02-02,k2 ch1,,3,1,5,5,"duplicate-widgets=[]; exact-prompts=[]; number-normalized-prompts=[k2,ch1]","Assign question jobs and approve a fluency/retrieval rationale or replace the repeat with a different action, representation, misconception, constraint, or transfer demand."
PROGRESSION-g2l-03-02,P1,330,LESSON_PROGRESSION_AND_DUPLICATION,OPEN_REPEAT_PURPOSE_OR_REDESIGN,content/courses/number-line-g2/lessons/g2l-03-02.json,g2l-03-02,ch1,,3,1,5,5,duplicate-widgets=[]; exact-prompts=[]; number-normalized-prompts=[ch1],"Assign question jobs and approve a fluency/retrieval rationale or replace the repeat with a different action, representation, misconception, constraint, or transfer demand."
PROGRESSION-g2l-03-03,P1,330,LESSON_PROGRESSION_AND_DUPLICATION,OPEN_REPEAT_PURPOSE_OR_REDESIGN,content/courses/number-line-g2/lessons/g2l-03-03.json,g2l-03-03,k2 ch1,,3,1,5,5,"duplicate-widgets=[]; exact-prompts=[]; number-normalized-prompts=[k2,ch1]","Assign question jobs and approve a fluency/retrieval rationale or replace the repeat with a different action, representation, misconception, constraint, or transfer demand."
PROGRESSION-g2l-03-04,P1,330,LESSON_PROGRESSION_AND_DUPLICATION,OPEN_REPEAT_PURPOSE_OR_REDESIGN,content/courses/number-line-g2/lessons/g2l-03-04.json,g2l-03-04,ch1,,3,1,5,5,duplicate-widgets=[]; exact-prompts=[]; number-normalized-prompts=[ch1],"Assign question jobs and approve a fluency/retrieval rationale or replace the repeat with a different action, representation, misconception, constraint, or transfer demand."
PROGRESSION-g2p-01-01,P1,330,LESSON_PROGRESSION_AND_DUPLICATION,OPEN_REPEAT_PURPOSE_OR_REDESIGN,content/courses/length-problems-g2/lessons/g2p-01-01.json,g2p-01-01,ch1,,3,1,5,5,duplicate-widgets=[]; exact-prompts=[]; number-normalized-prompts=[ch1],"Assign question jobs and approve a fluency/retrieval rationale or replace the repeat with a different action, representation, misconception, constraint, or transfer demand."
PROGRESSION-g2p-01-03,P1,330,LESSON_PROGRESSION_AND_DUPLICATION,OPEN_REPEAT_PURPOSE_OR_REDESIGN,content/courses/length-problems-g2/lessons/g2p-01-03.json,g2p-01-03,k2 ch1,,3,1,5,5,"duplicate-widgets=[]; exact-prompts=[]; number-normalized-prompts=[k2,ch1]","Assign question jobs and approve a fluency/retrieval rationale or replace the repeat with a different action, representation, misconception, constraint, or transfer demand."
PROGRESSION-g2p-02-01,P1,330,LESSON_PROGRESSION_AND_DUPLICATION,OPEN_REPEAT_PURPOSE_OR_REDESIGN,content/courses/length-problems-g2/lessons/g2p-02-01.json,g2p-02-01,k2 ch1,,3,1,5,5,"duplicate-widgets=[]; exact-prompts=[]; number-normalized-prompts=[k2,ch1]","Assign question jobs and approve a fluency/retrieval rationale or replace the repeat with a different action, representation, misconception, constraint, or transfer demand."
PROGRESSION-g2p-02-03,P1,330,LESSON_PROGRESSION_AND_DUPLICATION,OPEN_REPEAT_PURPOSE_OR_REDESIGN,content/courses/length-problems-g2/lessons/g2p-02-03.json,g2p-02-03,k2 ch1,,3,1,5,5,"duplicate-widgets=[]; exact-prompts=[]; number-normalized-prompts=[k2,ch1]","Assign question jobs and approve a fluency/retrieval rationale or replace the repeat with a different action, representation, misconception, constraint, or transfer demand."
PROGRESSION-g2p-03-02,P1,330,LESSON_PROGRESSION_AND_DUPLICATION,OPEN_REPEAT_PURPOSE_OR_REDESIGN,content/courses/length-problems-g2/lessons/g2p-03-02.json,g2p-03-02,ch1,,3,1,5,5,duplicate-widgets=[]; exact-prompts=[]; number-normalized-prompts=[ch1],"Assign question jobs and approve a fluency/retrieval rationale or replace the repeat with a different action, representation, misconception, constraint, or transfer demand."
PROGRESSION-g2p-03-03,P1,330,LESSON_PROGRESSION_AND_DUPLICATION,OPEN_REPEAT_PURPOSE_OR_REDESIGN,content/courses/length-problems-g2/lessons/g2p-03-03.json,g2p-03-03,k2 ch1,,3,1,5,5,"duplicate-widgets=[]; exact-prompts=[]; number-normalized-prompts=[k2,ch1]","Assign question jobs and approve a fluency/retrieval rationale or replace the repeat with a different action, representation, misconception, constraint, or transfer demand."
PROGRESSION-g4p-01-01,P1,330,LESSON_PROGRESSION_AND_DUPLICATION,OPEN_REPEAT_PURPOSE_OR_REDESIGN,content/courses/patterns-factors-g4/lessons/g4p-01-01.json,g4p-01-01,i2,,3,1,5,5,duplicate-widgets=[]; exact-prompts=[]; number-normalized-prompts=[i2],"Assign question jobs and approve a fluency/retrieval rationale or replace the repeat with a different action, representation, misconception, constraint, or transfer demand."
PROGRESSION-g5e-01-04,P1,330,LESSON_PROGRESSION_AND_DUPLICATION,OPEN_REPEAT_PURPOSE_OR_REDESIGN,content/courses/expressions-patterns-g5/lessons/g5e-01-04.json,g5e-01-04,k3,,3,1,5,5,duplicate-widgets=[]; exact-prompts=[]; number-normalized-prompts=[k3],"Assign question jobs and approve a fluency/retrieval rationale or replace the repeat with a different action, representation, misconception, constraint, or transfer demand."
PROGRESSION-g5f-03-04,P1,330,LESSON_PROGRESSION_AND_DUPLICATION,OPEN_REPEAT_PURPOSE_OR_REDESIGN,content/courses/fraction-division-g5/lessons/g5f-03-04.json,g5f-03-04,k3,,3,1,5,5,duplicate-widgets=[]; exact-prompts=[]; number-normalized-prompts=[k3],"Assign question jobs and approve a fluency/retrieval rationale or replace the repeat with a different action, representation, misconception, constraint, or transfer demand."
PROGRESSION-g5l-01-01,P1,330,LESSON_PROGRESSION_AND_DUPLICATION,OPEN_REPEAT_PURPOSE_OR_REDESIGN,content/courses/long-division-g5/lessons/g5l-01-01.json,g5l-01-01,i2 ch1,,3,1,5,5,"duplicate-widgets=[]; exact-prompts=[]; number-normalized-prompts=[i2,ch1]","Assign question jobs and approve a fluency/retrieval rationale or replace the repeat with a different action, representation, misconception, constraint, or transfer demand."
PROGRESSION-g5l-01-02,P1,330,LESSON_PROGRESSION_AND_DUPLICATION,OPEN_REPEAT_PURPOSE_OR_REDESIGN,content/courses/long-division-g5/lessons/g5l-01-02.json,g5l-01-02,k3,,3,1,5,5,duplicate-widgets=[]; exact-prompts=[]; number-normalized-prompts=[k3],"Assign question jobs and approve a fluency/retrieval rationale or replace the repeat with a different action, representation, misconception, constraint, or transfer demand."
PROGRESSION-g5l-02-01,P1,330,LESSON_PROGRESSION_AND_DUPLICATION,OPEN_REPEAT_PURPOSE_OR_REDESIGN,content/courses/long-division-g5/lessons/g5l-02-01.json,g5l-02-01,i2 ch1,,3,1,5,5,"duplicate-widgets=[]; exact-prompts=[]; number-normalized-prompts=[i2,ch1]","Assign question jobs and approve a fluency/retrieval rationale or replace the repeat with a different action, representation, misconception, constraint, or transfer demand."
PROGRESSION-g5l-02-02,P1,330,LESSON_PROGRESSION_AND_DUPLICATION,OPEN_REPEAT_PURPOSE_OR_REDESIGN,content/courses/long-division-g5/lessons/g5l-02-02.json,g5l-02-02,ch1,,3,1,5,5,duplicate-widgets=[]; exact-prompts=[]; number-normalized-prompts=[ch1],"Assign question jobs and approve a fluency/retrieval rationale or replace the repeat with a different action, representation, misconception, constraint, or transfer demand."
PROGRESSION-g5l-03-02,P1,330,LESSON_PROGRESSION_AND_DUPLICATION,OPEN_REPEAT_PURPOSE_OR_REDESIGN,content/courses/long-division-g5/lessons/g5l-03-02.json,g5l-03-02,i2,,3,1,5,5,duplicate-widgets=[]; exact-prompts=[]; number-normalized-prompts=[i2],"Assign question jobs and approve a fluency/retrieval rationale or replace the repeat with a different action, representation, misconception, constraint, or transfer demand."
PROGRESSION-gf-03-03,P1,330,LESSON_PROGRESSION_AND_DUPLICATION,OPEN_REPEAT_PURPOSE_OR_REDESIGN,content/courses/geometry-foundations/lessons/gf-03-03.json,gf-03-03,k2,,3,1,5,5,duplicate-widgets=[]; exact-prompts=[]; number-normalized-prompts=[k2],"Assign question jobs and approve a fluency/retrieval rationale or replace the repeat with a different action, representation, misconception, constraint, or transfer demand."
PROGRESSION-gf-05-02,P1,330,LESSON_PROGRESSION_AND_DUPLICATION,OPEN_REPEAT_PURPOSE_OR_REDESIGN,content/courses/geometry-foundations/lessons/gf-05-02.json,gf-05-02,k2,,3,1,5,5,duplicate-widgets=[]; exact-prompts=[]; number-normalized-prompts=[k2],"Assign question jobs and approve a fluency/retrieval rationale or replace the repeat with a different action, representation, misconception, constraint, or transfer demand."
PROGRESSION-kc-01-03,P1,330,LESSON_PROGRESSION_AND_DUPLICATION,OPEN_REPEAT_PURPOSE_OR_REDESIGN,content/courses/counting-to-20-k/lessons/kc-01-03.json,kc-01-03,i2,,3,1,5,5,duplicate-widgets=[]; exact-prompts=[]; number-normalized-prompts=[i2],"Assign question jobs and approve a fluency/retrieval rationale or replace the repeat with a different action, representation, misconception, constraint, or transfer demand."
PROGRESSION-kc-05-01,P1,330,LESSON_PROGRESSION_AND_DUPLICATION,OPEN_REPEAT_PURPOSE_OR_REDESIGN,content/courses/counting-to-20-k/lessons/kc-05-01.json,kc-05-01,i2 k2 k3,,3,1,5,5,"duplicate-widgets=[]; exact-prompts=[]; number-normalized-prompts=[i2,k2,k3]","Assign question jobs and approve a fluency/retrieval rationale or replace the repeat with a different action, representation, misconception, constraint, or transfer demand."
PROGRESSION-les-01-01,P1,330,LESSON_PROGRESSION_AND_DUPLICATION,OPEN_REPEAT_PURPOSE_OR_REDESIGN,content/courses/linear-equations-systems/lessons/les-01-01.json,les-01-01,k3 ch1,,3,1,5,5,"duplicate-widgets=[]; exact-prompts=[]; number-normalized-prompts=[k3,ch1]","Assign question jobs and approve a fluency/retrieval rationale or replace the repeat with a different action, representation, misconception, constraint, or transfer demand."
PROGRESSION-les-01-02,P1,330,LESSON_PROGRESSION_AND_DUPLICATION,OPEN_REPEAT_PURPOSE_OR_REDESIGN,content/courses/linear-equations-systems/lessons/les-01-02.json,les-01-02,i2 k3,,3,1,5,5,"duplicate-widgets=[]; exact-prompts=[]; number-normalized-prompts=[i2,k3]","Assign question jobs and approve a fluency/retrieval rationale or replace the repeat with a different action, representation, misconception, constraint, or transfer demand."
PROGRESSION-les-04-01,P1,330,LESSON_PROGRESSION_AND_DUPLICATION,OPEN_REPEAT_PURPOSE_OR_REDESIGN,content/courses/linear-equations-systems/lessons/les-04-01.json,les-04-01,k3,,3,1,5,5,duplicate-widgets=[]; exact-prompts=[]; number-normalized-prompts=[k3],"Assign question jobs and approve a fluency/retrieval rationale or replace the repeat with a different action, representation, misconception, constraint, or transfer demand."
PROGRESSION-lf-01-01,P1,330,LESSON_PROGRESSION_AND_DUPLICATION,OPEN_REPEAT_PURPOSE_OR_REDESIGN,content/courses/linear-functions/lessons/lf-01-01.json,lf-01-01,ch1,,3,1,5,5,duplicate-widgets=[]; exact-prompts=[]; number-normalized-prompts=[ch1],"Assign question jobs and approve a fluency/retrieval rationale or replace the repeat with a different action, representation, misconception, constraint, or transfer demand."
PROGRESSION-lf-01-03,P1,330,LESSON_PROGRESSION_AND_DUPLICATION,OPEN_REPEAT_PURPOSE_OR_REDESIGN,content/courses/linear-functions/lessons/lf-01-03.json,lf-01-03,k2,,3,1,5,5,duplicate-widgets=[]; exact-prompts=[]; number-normalized-prompts=[k2],"Assign question jobs and approve a fluency/retrieval rationale or replace the repeat with a different action, representation, misconception, constraint, or transfer demand."
PROGRESSION-lf-02-01,P1,330,LESSON_PROGRESSION_AND_DUPLICATION,OPEN_REPEAT_PURPOSE_OR_REDESIGN,content/courses/linear-functions/lessons/lf-02-01.json,lf-02-01,i3,,3,1,5,5,duplicate-widgets=[]; exact-prompts=[]; number-normalized-prompts=[i3],"Assign question jobs and approve a fluency/retrieval rationale or replace the repeat with a different action, representation, misconception, constraint, or transfer demand."
PROGRESSION-lf-03-01,P1,330,LESSON_PROGRESSION_AND_DUPLICATION,OPEN_REPEAT_PURPOSE_OR_REDESIGN,content/courses/linear-functions/lessons/lf-03-01.json,lf-03-01,k3 ch1,,3,1,5,5,"duplicate-widgets=[]; exact-prompts=[]; number-normalized-prompts=[k3,ch1]","Assign question jobs and approve a fluency/retrieval rationale or replace the repeat with a different action, representation, misconception, constraint, or transfer demand."
PROGRESSION-lf-03-02,P1,330,LESSON_PROGRESSION_AND_DUPLICATION,OPEN_REPEAT_PURPOSE_OR_REDESIGN,content/courses/linear-functions/lessons/lf-03-02.json,lf-03-02,ch1,,3,1,5,5,duplicate-widgets=[]; exact-prompts=[]; number-normalized-prompts=[ch1],"Assign question jobs and approve a fluency/retrieval rationale or replace the repeat with a different action, representation, misconception, constraint, or transfer demand."
PROGRESSION-lf-03-03,P1,330,LESSON_PROGRESSION_AND_DUPLICATION,OPEN_REPEAT_PURPOSE_OR_REDESIGN,content/courses/linear-functions/lessons/lf-03-03.json,lf-03-03,k2,,3,1,5,5,duplicate-widgets=[]; exact-prompts=[]; number-normalized-prompts=[k2],"Assign question jobs and approve a fluency/retrieval rationale or replace the repeat with a different action, representation, misconception, constraint, or transfer demand."
PROGRESSION-lf-04-01,P1,330,LESSON_PROGRESSION_AND_DUPLICATION,OPEN_REPEAT_PURPOSE_OR_REDESIGN,content/courses/linear-functions/lessons/lf-04-01.json,lf-04-01,k2 ch1,,3,1,5,5,"duplicate-widgets=[]; exact-prompts=[]; number-normalized-prompts=[k2,ch1]","Assign question jobs and approve a fluency/retrieval rationale or replace the repeat with a different action, representation, misconception, constraint, or transfer demand."
PROGRESSION-lf-04-02,P1,330,LESSON_PROGRESSION_AND_DUPLICATION,OPEN_REPEAT_PURPOSE_OR_REDESIGN,content/courses/linear-functions/lessons/lf-04-02.json,lf-04-02,k3 ch1,,3,1,5,5,"duplicate-widgets=[]; exact-prompts=[]; number-normalized-prompts=[k3,ch1]","Assign question jobs and approve a fluency/retrieval rationale or replace the repeat with a different action, representation, misconception, constraint, or transfer demand."
PROGRESSION-mc-03-02,P1,330,LESSON_PROGRESSION_AND_DUPLICATION,OPEN_REPEAT_PURPOSE_OR_REDESIGN,content/courses/measure-convert/lessons/mc-03-02.json,mc-03-02,k2 i2,,3,1,5,5,"duplicate-widgets=[]; exact-prompts=[]; number-normalized-prompts=[k2,i2]","Assign question jobs and approve a fluency/retrieval rationale or replace the repeat with a different action, representation, misconception, constraint, or transfer demand."
PROGRESSION-mc-04-01,P1,330,LESSON_PROGRESSION_AND_DUPLICATION,OPEN_REPEAT_PURPOSE_OR_REDESIGN,content/courses/measure-convert/lessons/mc-04-01.json,mc-04-01,k2,,3,1,5,5,duplicate-widgets=[]; exact-prompts=[]; number-normalized-prompts=[k2],"Assign question jobs and approve a fluency/retrieval rationale or replace the repeat with a different action, representation, misconception, constraint, or transfer demand."
PROGRESSION-mc-04-03,P1,330,LESSON_PROGRESSION_AND_DUPLICATION,OPEN_REPEAT_PURPOSE_OR_REDESIGN,content/courses/measure-convert/lessons/mc-04-03.json,mc-04-03,k3,,3,1,5,5,duplicate-widgets=[]; exact-prompts=[]; number-normalized-prompts=[k3],"Assign question jobs and approve a fluency/retrieval rationale or replace the repeat with a different action, representation, misconception, constraint, or transfer demand."
PROGRESSION-mmt-03-01,P1,330,LESSON_PROGRESSION_AND_DUPLICATION,OPEN_REPEAT_PURPOSE_OR_REDESIGN,content/courses/measure-money-time/lessons/mmt-03-01.json,mmt-03-01,k1,,3,1,5,5,duplicate-widgets=[]; exact-prompts=[]; number-normalized-prompts=[k1],"Assign question jobs and approve a fluency/retrieval rationale or replace the repeat with a different action, representation, misconception, constraint, or transfer demand."
PROGRESSION-mmt-03-03,P1,330,LESSON_PROGRESSION_AND_DUPLICATION,OPEN_REPEAT_PURPOSE_OR_REDESIGN,content/courses/measure-money-time/lessons/mmt-03-03.json,mmt-03-03,i3 k3 ch1,,3,1,5,5,"duplicate-widgets=[]; exact-prompts=[]; number-normalized-prompts=[i3,k3,ch1]","Assign question jobs and approve a fluency/retrieval rationale or replace the repeat with a different action, representation, misconception, constraint, or transfer demand."
PROGRESSION-mmt-04-01,P1,330,LESSON_PROGRESSION_AND_DUPLICATION,OPEN_REPEAT_PURPOSE_OR_REDESIGN,content/courses/measure-money-time/lessons/mmt-04-01.json,mmt-04-01,i2 i3 k2 k3 ch1,,3,1,5,5,"duplicate-widgets=[]; exact-prompts=[]; number-normalized-prompts=[i2,i3,k2,k3,ch1]","Assign question jobs and approve a fluency/retrieval rationale or replace the repeat with a different action, representation, misconception, constraint, or transfer demand."
PROGRESSION-mmt-04-02,P1,330,LESSON_PROGRESSION_AND_DUPLICATION,OPEN_REPEAT_PURPOSE_OR_REDESIGN,content/courses/measure-money-time/lessons/mmt-04-02.json,mmt-04-02,k1 i2 i3 k2 k3 ch1,,3,1,5,5,"duplicate-widgets=[]; exact-prompts=[]; number-normalized-prompts=[k1,i2,i3,k2,k3,ch1]","Assign question jobs and approve a fluency/retrieval rationale or replace the repeat with a different action, representation, misconception, constraint, or transfer demand."
PROGRESSION-mmt-04-03,P1,330,LESSON_PROGRESSION_AND_DUPLICATION,OPEN_REPEAT_PURPOSE_OR_REDESIGN,content/courses/measure-money-time/lessons/mmt-04-03.json,mmt-04-03,k1 i2 i3 k2 k3,,3,1,5,5,"duplicate-widgets=[]; exact-prompts=[]; number-normalized-prompts=[k1,i2,i3,k2,k3]","Assign question jobs and approve a fluency/retrieval rationale or replace the repeat with a different action, representation, misconception, constraint, or transfer demand."
PROGRESSION-mmt-05-03,P1,330,LESSON_PROGRESSION_AND_DUPLICATION,OPEN_REPEAT_PURPOSE_OR_REDESIGN,content/courses/measure-money-time/lessons/mmt-05-03.json,mmt-05-03,i3 k3 ch1,,3,1,5,5,"duplicate-widgets=[]; exact-prompts=[]; number-normalized-prompts=[i3,k3,ch1]","Assign question jobs and approve a fluency/retrieval rationale or replace the repeat with a different action, representation, misconception, constraint, or transfer demand."
PROGRESSION-pc-01-02,P1,330,LESSON_PROGRESSION_AND_DUPLICATION,OPEN_REPEAT_PURPOSE_OR_REDESIGN,content/courses/parametric-polar-calculus/lessons/pc-01-02.json,pc-01-02,ch1,,3,1,5,5,duplicate-widgets=[]; exact-prompts=[]; number-normalized-prompts=[ch1],"Assign question jobs and approve a fluency/retrieval rationale or replace the repeat with a different action, representation, misconception, constraint, or transfer demand."
PROGRESSION-pp-04-02,P1,330,LESSON_PROGRESSION_AND_DUPLICATION,OPEN_REPEAT_PURPOSE_OR_REDESIGN,content/courses/polar-parametric/lessons/pp-04-02.json,pp-04-02,k3,,3,1,5,5,duplicate-widgets=[]; exact-prompts=[]; number-normalized-prompts=[k3],"Assign question jobs and approve a fluency/retrieval rationale or replace the repeat with a different action, representation, misconception, constraint, or transfer demand."
PROGRESSION-pr-02-01,P1,330,LESSON_PROGRESSION_AND_DUPLICATION,OPEN_REPEAT_PURPOSE_OR_REDESIGN,content/courses/proportional-relationships/lessons/pr-02-01.json,pr-02-01,k1 i2 i3 k2 k3 ch1,,3,1,5,5,"duplicate-widgets=[]; exact-prompts=[]; number-normalized-prompts=[k1,i2,i3,k2,k3,ch1]","Assign question jobs and approve a fluency/retrieval rationale or replace the repeat with a different action, representation, misconception, constraint, or transfer demand."
PROGRESSION-pr-02-02,P1,330,LESSON_PROGRESSION_AND_DUPLICATION,OPEN_REPEAT_PURPOSE_OR_REDESIGN,content/courses/proportional-relationships/lessons/pr-02-02.json,pr-02-02,i2 k2 k3,,3,1,5,5,"duplicate-widgets=[]; exact-prompts=[]; number-normalized-prompts=[i2,k2,k3]","Assign question jobs and approve a fluency/retrieval rationale or replace the repeat with a different action, representation, misconception, constraint, or transfer demand."
PROGRESSION-pr-02-03,P1,330,LESSON_PROGRESSION_AND_DUPLICATION,OPEN_REPEAT_PURPOSE_OR_REDESIGN,content/courses/proportional-relationships/lessons/pr-02-03.json,pr-02-03,i2 k2 ch1,,3,1,5,5,"duplicate-widgets=[]; exact-prompts=[]; number-normalized-prompts=[i2,k2,ch1]","Assign question jobs and approve a fluency/retrieval rationale or replace the repeat with a different action, representation, misconception, constraint, or transfer demand."
PROGRESSION-pr-03-01,P1,330,LESSON_PROGRESSION_AND_DUPLICATION,OPEN_REPEAT_PURPOSE_OR_REDESIGN,content/courses/proportional-relationships/lessons/pr-03-01.json,pr-03-01,k1 i3 k2 ch1,,3,1,5,5,"duplicate-widgets=[]; exact-prompts=[]; number-normalized-prompts=[k1,i3,k2,ch1]","Assign question jobs and approve a fluency/retrieval rationale or replace the repeat with a different action, representation, misconception, constraint, or transfer demand."
PROGRESSION-pr-03-02,P1,330,LESSON_PROGRESSION_AND_DUPLICATION,OPEN_REPEAT_PURPOSE_OR_REDESIGN,content/courses/proportional-relationships/lessons/pr-03-02.json,pr-03-02,k1 i3 k2 k3 ch1,,3,1,5,5,"duplicate-widgets=[]; exact-prompts=[]; number-normalized-prompts=[k1,i3,k2,k3,ch1]","Assign question jobs and approve a fluency/retrieval rationale or replace the repeat with a different action, representation, misconception, constraint, or transfer demand."
PROGRESSION-pr-03b-01,P1,330,LESSON_PROGRESSION_AND_DUPLICATION,OPEN_REPEAT_PURPOSE_OR_REDESIGN,content/courses/proportional-relationships/lessons/pr-03b-01.json,pr-03b-01,i2,,3,1,5,5,duplicate-widgets=[]; exact-prompts=[]; number-normalized-prompts=[i2],"Assign question jobs and approve a fluency/retrieval rationale or replace the repeat with a different action, representation, misconception, constraint, or transfer demand."
PROGRESSION-pr-04-01,P1,330,LESSON_PROGRESSION_AND_DUPLICATION,OPEN_REPEAT_PURPOSE_OR_REDESIGN,content/courses/proportional-relationships/lessons/pr-04-01.json,pr-04-01,k2 k3,,3,1,5,5,"duplicate-widgets=[]; exact-prompts=[]; number-normalized-prompts=[k2,k3]","Assign question jobs and approve a fluency/retrieval rationale or replace the repeat with a different action, representation, misconception, constraint, or transfer demand."
PROGRESSION-pr-04-03,P1,330,LESSON_PROGRESSION_AND_DUPLICATION,OPEN_REPEAT_PURPOSE_OR_REDESIGN,content/courses/proportional-relationships/lessons/pr-04-03.json,pr-04-03,i3 k2 k3 ch1,,3,1,5,5,"duplicate-widgets=[]; exact-prompts=[]; number-normalized-prompts=[i3,k2,k3,ch1]","Assign question jobs and approve a fluency/retrieval rationale or replace the repeat with a different action, representation, misconception, constraint, or transfer demand."
PROGRESSION-pr-04b-01,P1,330,LESSON_PROGRESSION_AND_DUPLICATION,OPEN_REPEAT_PURPOSE_OR_REDESIGN,content/courses/proportional-relationships/lessons/pr-04b-01.json,pr-04b-01,i2,,3,1,5,5,duplicate-widgets=[]; exact-prompts=[]; number-normalized-prompts=[i2],"Assign question jobs and approve a fluency/retrieval rationale or replace the repeat with a different action, representation, misconception, constraint, or transfer demand."
PROGRESSION-pv-03-02,P1,330,LESSON_PROGRESSION_AND_DUPLICATION,OPEN_REPEAT_PURPOSE_OR_REDESIGN,content/courses/place-value/lessons/pv-03-02.json,pv-03-02,k3,,3,1,5,5,duplicate-widgets=[]; exact-prompts=[]; number-normalized-prompts=[k3],"Assign question jobs and approve a fluency/retrieval rationale or replace the repeat with a different action, representation, misconception, constraint, or transfer demand."
PROGRESSION-pv-04-01,P1,330,LESSON_PROGRESSION_AND_DUPLICATION,OPEN_REPEAT_PURPOSE_OR_REDESIGN,content/courses/place-value/lessons/pv-04-01.json,pv-04-01,k3,,3,1,5,5,duplicate-widgets=[]; exact-prompts=[]; number-normalized-prompts=[k3],"Assign question jobs and approve a fluency/retrieval rationale or replace the repeat with a different action, representation, misconception, constraint, or transfer demand."
PROGRESSION-pv-04-02,P1,330,LESSON_PROGRESSION_AND_DUPLICATION,OPEN_REPEAT_PURPOSE_OR_REDESIGN,content/courses/place-value/lessons/pv-04-02.json,pv-04-02,k3,,3,1,5,5,duplicate-widgets=[]; exact-prompts=[]; number-normalized-prompts=[k3],"Assign question jobs and approve a fluency/retrieval rationale or replace the repeat with a different action, representation, misconception, constraint, or transfer demand."
PROGRESSION-qu-02-03,P1,330,LESSON_PROGRESSION_AND_DUPLICATION,OPEN_REPEAT_PURPOSE_OR_REDESIGN,content/courses/quadratics/lessons/qu-02-03.json,qu-02-03,k3,,3,1,5,5,duplicate-widgets=[]; exact-prompts=[]; number-normalized-prompts=[k3],"Assign question jobs and approve a fluency/retrieval rationale or replace the repeat with a different action, representation, misconception, constraint, or transfer demand."
PROGRESSION-qu-03-01,P1,330,LESSON_PROGRESSION_AND_DUPLICATION,OPEN_REPEAT_PURPOSE_OR_REDESIGN,content/courses/quadratics/lessons/qu-03-01.json,qu-03-01,k3,,3,1,5,5,duplicate-widgets=[]; exact-prompts=[]; number-normalized-prompts=[k3],"Assign question jobs and approve a fluency/retrieval rationale or replace the repeat with a different action, representation, misconception, constraint, or transfer demand."
PROGRESSION-qu-04-02,P1,330,LESSON_PROGRESSION_AND_DUPLICATION,OPEN_REPEAT_PURPOSE_OR_REDESIGN,content/courses/quadratics/lessons/qu-04-02.json,qu-04-02,k3,,3,1,5,5,duplicate-widgets=[]; exact-prompts=[]; number-normalized-prompts=[k3],"Assign question jobs and approve a fluency/retrieval rationale or replace the repeat with a different action, representation, misconception, constraint, or transfer demand."
PROGRESSION-re-01-01,P1,330,LESSON_PROGRESSION_AND_DUPLICATION,OPEN_REPEAT_PURPOSE_OR_REDESIGN,content/courses/radical-functions/lessons/re-01-01.json,re-01-01,k3,,3,1,5,5,duplicate-widgets=[]; exact-prompts=[]; number-normalized-prompts=[k3],"Assign question jobs and approve a fluency/retrieval rationale or replace the repeat with a different action, representation, misconception, constraint, or transfer demand."
PROGRESSION-re-02-01,P1,330,LESSON_PROGRESSION_AND_DUPLICATION,OPEN_REPEAT_PURPOSE_OR_REDESIGN,content/courses/radical-functions/lessons/re-02-01.json,re-02-01,k1 ch1,,3,1,5,5,"duplicate-widgets=[]; exact-prompts=[]; number-normalized-prompts=[k1,ch1]","Assign question jobs and approve a fluency/retrieval rationale or replace the repeat with a different action, representation, misconception, constraint, or transfer demand."
PROGRESSION-re-03-01,P1,330,LESSON_PROGRESSION_AND_DUPLICATION,OPEN_REPEAT_PURPOSE_OR_REDESIGN,content/courses/radical-functions/lessons/re-03-01.json,re-03-01,k1,,3,1,5,5,duplicate-widgets=[]; exact-prompts=[]; number-normalized-prompts=[k1],"Assign question jobs and approve a fluency/retrieval rationale or replace the repeat with a different action, representation, misconception, constraint, or transfer demand."
PROGRESSION-re-05-02,P1,330,LESSON_PROGRESSION_AND_DUPLICATION,OPEN_REPEAT_PURPOSE_OR_REDESIGN,content/courses/radical-functions/lessons/re-05-02.json,re-05-02,i2 k3,,3,1,5,5,"duplicate-widgets=[]; exact-prompts=[]; number-normalized-prompts=[i2,k3]","Assign question jobs and approve a fluency/retrieval rationale or replace the repeat with a different action, representation, misconception, constraint, or transfer demand."
PROGRESSION-rns-01-01,P1,330,LESSON_PROGRESSION_AND_DUPLICATION,OPEN_REPEAT_PURPOSE_OR_REDESIGN,content/courses/the-real-number-system/lessons/rns-01-01.json,rns-01-01,ch1,,3,1,5,5,duplicate-widgets=[]; exact-prompts=[]; number-normalized-prompts=[ch1],"Assign question jobs and approve a fluency/retrieval rationale or replace the repeat with a different action, representation, misconception, constraint, or transfer demand."
PROGRESSION-rns-01-02,P1,330,LESSON_PROGRESSION_AND_DUPLICATION,OPEN_REPEAT_PURPOSE_OR_REDESIGN,content/courses/the-real-number-system/lessons/rns-01-02.json,rns-01-02,k2,,3,1,5,5,duplicate-widgets=[]; exact-prompts=[]; number-normalized-prompts=[k2],"Assign question jobs and approve a fluency/retrieval rationale or replace the repeat with a different action, representation, misconception, constraint, or transfer demand."
PROGRESSION-rns-01-03,P1,330,LESSON_PROGRESSION_AND_DUPLICATION,OPEN_REPEAT_PURPOSE_OR_REDESIGN,content/courses/the-real-number-system/lessons/rns-01-03.json,rns-01-03,i2 k3,,3,1,5,5,"duplicate-widgets=[]; exact-prompts=[]; number-normalized-prompts=[i2,k3]","Assign question jobs and approve a fluency/retrieval rationale or replace the repeat with a different action, representation, misconception, constraint, or transfer demand."
PROGRESSION-rns-02-01,P1,330,LESSON_PROGRESSION_AND_DUPLICATION,OPEN_REPEAT_PURPOSE_OR_REDESIGN,content/courses/the-real-number-system/lessons/rns-02-01.json,rns-02-01,i3 k3,,3,1,5,5,"duplicate-widgets=[]; exact-prompts=[]; number-normalized-prompts=[i3,k3]","Assign question jobs and approve a fluency/retrieval rationale or replace the repeat with a different action, representation, misconception, constraint, or transfer demand."
PROGRESSION-rns-02-03,P1,330,LESSON_PROGRESSION_AND_DUPLICATION,OPEN_REPEAT_PURPOSE_OR_REDESIGN,content/courses/the-real-number-system/lessons/rns-02-03.json,rns-02-03,k2 ch1,,3,1,5,5,"duplicate-widgets=[]; exact-prompts=[]; number-normalized-prompts=[k2,ch1]","Assign question jobs and approve a fluency/retrieval rationale or replace the repeat with a different action, representation, misconception, constraint, or transfer demand."
PROGRESSION-rns-03-01,P1,330,LESSON_PROGRESSION_AND_DUPLICATION,OPEN_REPEAT_PURPOSE_OR_REDESIGN,content/courses/the-real-number-system/lessons/rns-03-01.json,rns-03-01,k2 ch1,,3,1,5,5,"duplicate-widgets=[]; exact-prompts=[]; number-normalized-prompts=[k2,ch1]","Assign question jobs and approve a fluency/retrieval rationale or replace the repeat with a different action, representation, misconception, constraint, or transfer demand."
PROGRESSION-rns-03-02,P1,330,LESSON_PROGRESSION_AND_DUPLICATION,OPEN_REPEAT_PURPOSE_OR_REDESIGN,content/courses/the-real-number-system/lessons/rns-03-02.json,rns-03-02,i2 k2 k3 ch1,,3,1,5,5,"duplicate-widgets=[]; exact-prompts=[]; number-normalized-prompts=[i2,k2,k3,ch1]","Assign question jobs and approve a fluency/retrieval rationale or replace the repeat with a different action, representation, misconception, constraint, or transfer demand."
PROGRESSION-se-01-02,P1,330,LESSON_PROGRESSION_AND_DUPLICATION,OPEN_REPEAT_PURPOSE_OR_REDESIGN,content/courses/systems-equations/lessons/se-01-02.json,se-01-02,k2,,3,1,5,5,duplicate-widgets=[]; exact-prompts=[]; number-normalized-prompts=[k2],"Assign question jobs and approve a fluency/retrieval rationale or replace the repeat with a different action, representation, misconception, constraint, or transfer demand."
PROGRESSION-se-02-02,P1,330,LESSON_PROGRESSION_AND_DUPLICATION,OPEN_REPEAT_PURPOSE_OR_REDESIGN,content/courses/systems-equations/lessons/se-02-02.json,se-02-02,k3,,3,1,5,5,duplicate-widgets=[]; exact-prompts=[]; number-normalized-prompts=[k3],"Assign question jobs and approve a fluency/retrieval rationale or replace the repeat with a different action, representation, misconception, constraint, or transfer demand."
PROGRESSION-se-03-03,P1,330,LESSON_PROGRESSION_AND_DUPLICATION,OPEN_REPEAT_PURPOSE_OR_REDESIGN,content/courses/systems-equations/lessons/se-03-03.json,se-03-03,i2 ch1,,3,1,5,5,"duplicate-widgets=[]; exact-prompts=[]; number-normalized-prompts=[i2,ch1]","Assign question jobs and approve a fluency/retrieval rationale or replace the repeat with a different action, representation, misconception, constraint, or transfer demand."
PROGRESSION-smg1-01-01,P1,330,LESSON_PROGRESSION_AND_DUPLICATION,OPEN_REPEAT_PURPOSE_OR_REDESIGN,content/courses/shapes-measure-g1/lessons/smg1-01-01.json,smg1-01-01,ch1,,3,1,5,5,duplicate-widgets=[]; exact-prompts=[]; number-normalized-prompts=[ch1],"Assign question jobs and approve a fluency/retrieval rationale or replace the repeat with a different action, representation, misconception, constraint, or transfer demand."
PROGRESSION-smg1-04-01,P1,330,LESSON_PROGRESSION_AND_DUPLICATION,OPEN_REPEAT_PURPOSE_OR_REDESIGN,content/courses/shapes-measure-g1/lessons/smg1-04-01.json,smg1-04-01,i2 i3 k2 k3 ch1,,3,1,5,5,"duplicate-widgets=[]; exact-prompts=[]; number-normalized-prompts=[i2,i3,k2,k3,ch1]","Assign question jobs and approve a fluency/retrieval rationale or replace the repeat with a different action, representation, misconception, constraint, or transfer demand."
PROGRESSION-smg1-04-02,P1,330,LESSON_PROGRESSION_AND_DUPLICATION,OPEN_REPEAT_PURPOSE_OR_REDESIGN,content/courses/shapes-measure-g1/lessons/smg1-04-02.json,smg1-04-02,i2 i3 k2 k3 ch1,,3,1,5,5,"duplicate-widgets=[]; exact-prompts=[]; number-normalized-prompts=[i2,i3,k2,k3,ch1]","Assign question jobs and approve a fluency/retrieval rationale or replace the repeat with a different action, representation, misconception, constraint, or transfer demand."
PROGRESSION-smg1-04-03,P1,330,LESSON_PROGRESSION_AND_DUPLICATION,OPEN_REPEAT_PURPOSE_OR_REDESIGN,content/courses/shapes-measure-g1/lessons/smg1-04-03.json,smg1-04-03,k1 i2 i3 k2 k3 ch1,,3,1,5,5,"duplicate-widgets=[]; exact-prompts=[]; number-normalized-prompts=[k1,i2,i3,k2,k3,ch1]","Assign question jobs and approve a fluency/retrieval rationale or replace the repeat with a different action, representation, misconception, constraint, or transfer demand."
PROGRESSION-sp-02-01,P1,330,LESSON_PROGRESSION_AND_DUPLICATION,OPEN_REPEAT_PURPOSE_OR_REDESIGN,content/courses/sampling-and-probability/lessons/sp-02-01.json,sp-02-01,k1 i2 i3 k2 k3 ch1,,3,1,5,5,"duplicate-widgets=[]; exact-prompts=[]; number-normalized-prompts=[k1,i2,i3,k2,k3,ch1]","Assign question jobs and approve a fluency/retrieval rationale or replace the repeat with a different action, representation, misconception, constraint, or transfer demand."
PROGRESSION-sp-02-02,P1,330,LESSON_PROGRESSION_AND_DUPLICATION,OPEN_REPEAT_PURPOSE_OR_REDESIGN,content/courses/sampling-and-probability/lessons/sp-02-02.json,sp-02-02,i3 k3,,3,1,5,5,"duplicate-widgets=[]; exact-prompts=[]; number-normalized-prompts=[i3,k3]","Assign question jobs and approve a fluency/retrieval rationale or replace the repeat with a different action, representation, misconception, constraint, or transfer demand."
PROGRESSION-sp-02-03,P1,330,LESSON_PROGRESSION_AND_DUPLICATION,OPEN_REPEAT_PURPOSE_OR_REDESIGN,content/courses/sampling-and-probability/lessons/sp-02-03.json,sp-02-03,i2 i3 k2,,3,1,5,5,"duplicate-widgets=[]; exact-prompts=[]; number-normalized-prompts=[i2,i3,k2]","Assign question jobs and approve a fluency/retrieval rationale or replace the repeat with a different action, representation, misconception, constraint, or transfer demand."
PROGRESSION-sp-03-01,P1,330,LESSON_PROGRESSION_AND_DUPLICATION,OPEN_REPEAT_PURPOSE_OR_REDESIGN,content/courses/sampling-and-probability/lessons/sp-03-01.json,sp-03-01,k3,,3,1,5,5,duplicate-widgets=[]; exact-prompts=[]; number-normalized-prompts=[k3],"Assign question jobs and approve a fluency/retrieval rationale or replace the repeat with a different action, representation, misconception, constraint, or transfer demand."
PROGRESSION-sr-04-01,P1,330,LESSON_PROGRESSION_AND_DUPLICATION,OPEN_REPEAT_PURPOSE_OR_REDESIGN,content/courses/sequences-series/lessons/sr-04-01.json,sr-04-01,i4,,3,1,5,5,duplicate-widgets=[]; exact-prompts=[]; number-normalized-prompts=[i4],"Assign question jobs and approve a fluency/retrieval rationale or replace the repeat with a different action, representation, misconception, constraint, or transfer demand."
PROGRESSION-ssg2-02-01,P1,330,LESSON_PROGRESSION_AND_DUPLICATION,OPEN_REPEAT_PURPOSE_OR_REDESIGN,content/courses/shapes-shares-g2/lessons/ssg2-02-01.json,ssg2-02-01,i3 k2 k3 ch1,,3,1,5,5,"duplicate-widgets=[]; exact-prompts=[]; number-normalized-prompts=[i3,k2,k3,ch1]","Assign question jobs and approve a fluency/retrieval rationale or replace the repeat with a different action, representation, misconception, constraint, or transfer demand."
PROGRESSION-ssg2-02-02,P1,330,LESSON_PROGRESSION_AND_DUPLICATION,OPEN_REPEAT_PURPOSE_OR_REDESIGN,content/courses/shapes-shares-g2/lessons/ssg2-02-02.json,ssg2-02-02,k1 i2 i3 k2 k3 ch1,,3,1,5,5,"duplicate-widgets=[]; exact-prompts=[]; number-normalized-prompts=[k1,i2,i3,k2,k3,ch1]","Assign question jobs and approve a fluency/retrieval rationale or replace the repeat with a different action, representation, misconception, constraint, or transfer demand."
PROGRESSION-ssg2-02-03,P1,330,LESSON_PROGRESSION_AND_DUPLICATION,OPEN_REPEAT_PURPOSE_OR_REDESIGN,content/courses/shapes-shares-g2/lessons/ssg2-02-03.json,ssg2-02-03,k1 i2 i3 k2 k3 ch1,,3,1,5,5,"duplicate-widgets=[]; exact-prompts=[]; number-normalized-prompts=[k1,i2,i3,k2,k3,ch1]","Assign question jobs and approve a fluency/retrieval rationale or replace the repeat with a different action, representation, misconception, constraint, or transfer demand."
PROGRESSION-tf-02-02,P1,330,LESSON_PROGRESSION_AND_DUPLICATION,OPEN_REPEAT_PURPOSE_OR_REDESIGN,content/courses/trig-functions/lessons/tf-02-02.json,tf-02-02,k2 ch1,,3,1,5,5,"duplicate-widgets=[]; exact-prompts=[]; number-normalized-prompts=[k2,ch1]","Assign question jobs and approve a fluency/retrieval rationale or replace the repeat with a different action, representation, misconception, constraint, or transfer demand."
PROGRESSION-tg-05-01,P1,330,LESSON_PROGRESSION_AND_DUPLICATION,OPEN_REPEAT_PURPOSE_OR_REDESIGN,content/courses/trig-graphs-inverses/lessons/tg-05-01.json,tg-05-01,k3 ch1,,3,1,5,5,"duplicate-widgets=[]; exact-prompts=[]; number-normalized-prompts=[k3,ch1]","Assign question jobs and approve a fluency/retrieval rationale or replace the repeat with a different action, representation, misconception, constraint, or transfer demand."
PROGRESSION-ti-03-01,P1,330,LESSON_PROGRESSION_AND_DUPLICATION,OPEN_REPEAT_PURPOSE_OR_REDESIGN,content/courses/trig-identities-equations/lessons/ti-03-01.json,ti-03-01,k2,,3,1,5,5,duplicate-widgets=[]; exact-prompts=[]; number-normalized-prompts=[k2],"Assign question jobs and approve a fluency/retrieval rationale or replace the repeat with a different action, representation, misconception, constraint, or transfer demand."
PROGRESSION-ti-03-02,P1,330,LESSON_PROGRESSION_AND_DUPLICATION,OPEN_REPEAT_PURPOSE_OR_REDESIGN,content/courses/trig-identities-equations/lessons/ti-03-02.json,ti-03-02,ch1,,3,1,5,5,duplicate-widgets=[]; exact-prompts=[]; number-normalized-prompts=[ch1],"Assign question jobs and approve a fluency/retrieval rationale or replace the repeat with a different action, representation, misconception, constraint, or transfer demand."
PROGRESSION-tm-01b-03,P1,330,LESSON_PROGRESSION_AND_DUPLICATION,OPEN_REPEAT_PURPOSE_OR_REDESIGN,content/courses/transformations-measurement/lessons/tm-01b-03.json,tm-01b-03,i2,,3,1,5,5,duplicate-widgets=[]; exact-prompts=[]; number-normalized-prompts=[i2],"Assign question jobs and approve a fluency/retrieval rationale or replace the repeat with a different action, representation, misconception, constraint, or transfer demand."
PROGRESSION-tm-03-03,P1,330,LESSON_PROGRESSION_AND_DUPLICATION,OPEN_REPEAT_PURPOSE_OR_REDESIGN,content/courses/transformations-measurement/lessons/tm-03-03.json,tm-03-03,k2 k3,,3,1,5,5,"duplicate-widgets=[]; exact-prompts=[]; number-normalized-prompts=[k2,k3]","Assign question jobs and approve a fluency/retrieval rationale or replace the repeat with a different action, representation, misconception, constraint, or transfer demand."
PROGRESSION-tm-04-02,P1,330,LESSON_PROGRESSION_AND_DUPLICATION,OPEN_REPEAT_PURPOSE_OR_REDESIGN,content/courses/transformations-measurement/lessons/tm-04-02.json,tm-04-02,k2,,3,1,5,5,duplicate-widgets=[]; exact-prompts=[]; number-normalized-prompts=[k2],"Assign question jobs and approve a fluency/retrieval rationale or replace the repeat with a different action, representation, misconception, constraint, or transfer demand."
PROGRESSION-tm-04-03,P1,330,LESSON_PROGRESSION_AND_DUPLICATION,OPEN_REPEAT_PURPOSE_OR_REDESIGN,content/courses/transformations-measurement/lessons/tm-04-03.json,tm-04-03,i2,,3,1,5,5,duplicate-widgets=[]; exact-prompts=[]; number-normalized-prompts=[i2],"Assign question jobs and approve a fluency/retrieval rationale or replace the repeat with a different action, representation, misconception, constraint, or transfer demand."
PROGRESSION-tse-01-02,P1,330,LESSON_PROGRESSION_AND_DUPLICATION,OPEN_REPEAT_PURPOSE_OR_REDESIGN,content/courses/two-step-equations/lessons/tse-01-02.json,tse-01-02,k2 k3,,3,1,5,5,"duplicate-widgets=[]; exact-prompts=[]; number-normalized-prompts=[k2,k3]","Assign question jobs and approve a fluency/retrieval rationale or replace the repeat with a different action, representation, misconception, constraint, or transfer demand."
PROGRESSION-vec-01-01,P1,330,LESSON_PROGRESSION_AND_DUPLICATION,OPEN_REPEAT_PURPOSE_OR_REDESIGN,content/courses/vectors-matrices/lessons/vec-01-01.json,vec-01-01,k2 ch1,,3,1,5,5,"duplicate-widgets=[]; exact-prompts=[]; number-normalized-prompts=[k2,ch1]","Assign question jobs and approve a fluency/retrieval rationale or replace the repeat with a different action, representation, misconception, constraint, or transfer demand."
PROGRESSION-vec-02-01,P1,330,LESSON_PROGRESSION_AND_DUPLICATION,OPEN_REPEAT_PURPOSE_OR_REDESIGN,content/courses/vectors-matrices/lessons/vec-02-01.json,vec-02-01,k3,,3,1,5,5,duplicate-widgets=[]; exact-prompts=[]; number-normalized-prompts=[k3],"Assign question jobs and approve a fluency/retrieval rationale or replace the repeat with a different action, representation, misconception, constraint, or transfer demand."
PROGRESSION-vec-03-01,P1,330,LESSON_PROGRESSION_AND_DUPLICATION,OPEN_REPEAT_PURPOSE_OR_REDESIGN,content/courses/vectors-matrices/lessons/vec-03-01.json,vec-03-01,k2,,3,1,5,5,duplicate-widgets=[]; exact-prompts=[]; number-normalized-prompts=[k2],"Assign question jobs and approve a fluency/retrieval rationale or replace the repeat with a different action, representation, misconception, constraint, or transfer demand."
PROGRESSION-vec-05-01,P1,330,LESSON_PROGRESSION_AND_DUPLICATION,OPEN_REPEAT_PURPOSE_OR_REDESIGN,content/courses/vectors-matrices/lessons/vec-05-01.json,vec-05-01,k3,,3,1,5,5,duplicate-widgets=[]; exact-prompts=[]; number-normalized-prompts=[k3],"Assign question jobs and approve a fluency/retrieval rationale or replace the repeat with a different action, representation, misconception, constraint, or transfer demand."
VISUAL-DISPOSITION-alg1-04-03,P1,320,VISUAL_FIRST_REPRESENTATION,OPEN_VISUAL_REQUIRED_PREFERRED_SUFFICIENT_DECISION,content/courses/solving-equations/lessons/alg1-04-03.json,alg1-04-03,lesson,,3,1,5,5,No calibrated lesson-level V4 visual-opportunity disposition is recorded.,"Classify the lesson and each concept/question medium; prove every required visual is meaningful, synchronized, visible, and accessibly equivalent."
VISUAL-DISPOSITION-dc-03-01,P1,320,VISUAL_FIRST_REPRESENTATION,OPEN_VISUAL_REQUIRED_PREFERRED_SUFFICIENT_DECISION,content/courses/derivatives-in-context/lessons/dc-03-01.json,dc-03-01,lesson,,3,1,5,5,No calibrated lesson-level V4 visual-opportunity disposition is recorded.,"Classify the lesson and each concept/question medium; prove every required visual is meaningful, synchronized, visible, and accessibly equivalent."
VISUAL-DISPOSITION-dgr1-02-01,P1,320,VISUAL_FIRST_REPRESENTATION,OPEN_VISUAL_REQUIRED_PREFERRED_SUFFICIENT_DECISION,content/courses/data-graphs-g1/lessons/dgr1-02-01.json,dgr1-02-01,lesson,,3,1,5,5,No calibrated lesson-level V4 visual-opportunity disposition is recorded.,"Classify the lesson and each concept/question medium; prove every required visual is meaningful, synchronized, visible, and accessibly equivalent."
VISUAL-DISPOSITION-g1m-02-01,P1,320,VISUAL_FIRST_REPRESENTATION,OPEN_VISUAL_REQUIRED_PREFERRED_SUFFICIENT_DECISION,content/courses/measure-length-g1/lessons/g1m-02-01.json,g1m-02-01,lesson,,3,1,5,5,No calibrated lesson-level V4 visual-opportunity disposition is recorded.,"Classify the lesson and each concept/question medium; prove every required visual is meaningful, synchronized, visible, and accessibly equivalent."
VISUAL-DISPOSITION-g1m-03-02,P1,320,VISUAL_FIRST_REPRESENTATION,OPEN_VISUAL_REQUIRED_PREFERRED_SUFFICIENT_DECISION,content/courses/measure-length-g1/lessons/g1m-03-02.json,g1m-03-02,lesson,,3,1,5,5,No calibrated lesson-level V4 visual-opportunity disposition is recorded.,"Classify the lesson and each concept/question medium; prove every required visual is meaningful, synchronized, visible, and accessibly equivalent."
VISUAL-DISPOSITION-g1s-03-02,P1,320,VISUAL_FIRST_REPRESENTATION,OPEN_VISUAL_REQUIRED_PREFERRED_SUFFICIENT_DECISION,content/courses/compose-shapes-g1/lessons/g1s-03-02.json,g1s-03-02,lesson,,3,1,5,5,No calibrated lesson-level V4 visual-opportunity disposition is recorded.,"Classify the lesson and each concept/question medium; prove every required visual is meaningful, synchronized, visible, and accessibly equivalent."
VISUAL-DISPOSITION-g1t-01-01,P1,320,VISUAL_FIRST_REPRESENTATION,OPEN_VISUAL_REQUIRED_PREFERRED_SUFFICIENT_DECISION,content/courses/add-three-numbers-g1/lessons/g1t-01-01.json,g1t-01-01,lesson,,3,1,5,5,No calibrated lesson-level V4 visual-opportunity disposition is recorded.,"Classify the lesson and each concept/question medium; prove every required visual is meaningful, synchronized, visible, and accessibly equivalent."
VISUAL-DISPOSITION-g2a-02-01,P1,320,VISUAL_FIRST_REPRESENTATION,OPEN_VISUAL_REQUIRED_PREFERRED_SUFFICIENT_DECISION,content/courses/arrays-even-odd-g2/lessons/g2a-02-01.json,g2a-02-01,lesson,,3,1,5,5,No calibrated lesson-level V4 visual-opportunity disposition is recorded.,"Classify the lesson and each concept/question medium; prove every required visual is meaningful, synchronized, visible, and accessibly equivalent."
VISUAL-DISPOSITION-g2a-02-03,P1,320,VISUAL_FIRST_REPRESENTATION,OPEN_VISUAL_REQUIRED_PREFERRED_SUFFICIENT_DECISION,content/courses/arrays-even-odd-g2/lessons/g2a-02-03.json,g2a-02-03,lesson,,3,1,5,5,No calibrated lesson-level V4 visual-opportunity disposition is recorded.,"Classify the lesson and each concept/question medium; prove every required visual is meaningful, synchronized, visible, and accessibly equivalent."
VISUAL-DISPOSITION-g2g-02-01,P1,320,VISUAL_FIRST_REPRESENTATION,OPEN_VISUAL_REQUIRED_PREFERRED_SUFFICIENT_DECISION,content/courses/data-line-plots-g2/lessons/g2g-02-01.json,g2g-02-01,lesson,,3,1,5,5,No calibrated lesson-level V4 visual-opportunity disposition is recorded.,"Classify the lesson and each concept/question medium; prove every required visual is meaningful, synchronized, visible, and accessibly equivalent."
VISUAL-DISPOSITION-g2g-02-03,P1,320,VISUAL_FIRST_REPRESENTATION,OPEN_VISUAL_REQUIRED_PREFERRED_SUFFICIENT_DECISION,content/courses/data-line-plots-g2/lessons/g2g-02-03.json,g2g-02-03,lesson,,3,1,5,5,No calibrated lesson-level V4 visual-opportunity disposition is recorded.,"Classify the lesson and each concept/question medium; prove every required visual is meaningful, synchronized, visible, and accessibly equivalent."
VISUAL-DISPOSITION-g2n-01-01,P1,320,VISUAL_FIRST_REPRESENTATION,OPEN_VISUAL_REQUIRED_PREFERRED_SUFFICIENT_DECISION,content/courses/four-addends-g2/lessons/g2n-01-01.json,g2n-01-01,lesson,,3,1,5,5,No calibrated lesson-level V4 visual-opportunity disposition is recorded.,"Classify the lesson and each concept/question medium; prove every required visual is meaningful, synchronized, visible, and accessibly equivalent."
VISUAL-DISPOSITION-g2p-01-03,P1,320,VISUAL_FIRST_REPRESENTATION,OPEN_VISUAL_REQUIRED_PREFERRED_SUFFICIENT_DECISION,content/courses/length-problems-g2/lessons/g2p-01-03.json,g2p-01-03,lesson,,3,1,5,5,No calibrated lesson-level V4 visual-opportunity disposition is recorded.,"Classify the lesson and each concept/question medium; prove every required visual is meaningful, synchronized, visible, and accessibly equivalent."
VISUAL-DISPOSITION-g2p-02-02,P1,320,VISUAL_FIRST_REPRESENTATION,OPEN_VISUAL_REQUIRED_PREFERRED_SUFFICIENT_DECISION,content/courses/length-problems-g2/lessons/g2p-02-02.json,g2p-02-02,lesson,,3,1,5,5,No calibrated lesson-level V4 visual-opportunity disposition is recorded.,"Classify the lesson and each concept/question medium; prove every required visual is meaningful, synchronized, visible, and accessibly equivalent."
VISUAL-DISPOSITION-g2p-02-03,P1,320,VISUAL_FIRST_REPRESENTATION,OPEN_VISUAL_REQUIRED_PREFERRED_SUFFICIENT_DECISION,content/courses/length-problems-g2/lessons/g2p-02-03.json,g2p-02-03,lesson,,3,1,5,5,No calibrated lesson-level V4 visual-opportunity disposition is recorded.,"Classify the lesson and each concept/question medium; prove every required visual is meaningful, synchronized, visible, and accessibly equivalent."
VISUAL-DISPOSITION-g4p-03-01,P1,320,VISUAL_FIRST_REPRESENTATION,OPEN_VISUAL_REQUIRED_PREFERRED_SUFFICIENT_DECISION,content/courses/patterns-factors-g4/lessons/g4p-03-01.json,g4p-03-01,lesson,,3,1,5,5,No calibrated lesson-level V4 visual-opportunity disposition is recorded.,"Classify the lesson and each concept/question medium; prove every required visual is meaningful, synchronized, visible, and accessibly equivalent."
VISUAL-DISPOSITION-g4s-01-02,P1,320,VISUAL_FIRST_REPRESENTATION,OPEN_VISUAL_REQUIRED_PREFERRED_SUFFICIENT_DECISION,content/courses/multistep-g4/lessons/g4s-01-02.json,g4s-01-02,lesson,,3,1,5,5,No calibrated lesson-level V4 visual-opportunity disposition is recorded.,"Classify the lesson and each concept/question medium; prove every required visual is meaningful, synchronized, visible, and accessibly equivalent."
VISUAL-DISPOSITION-g4s-02-03,P1,320,VISUAL_FIRST_REPRESENTATION,OPEN_VISUAL_REQUIRED_PREFERRED_SUFFICIENT_DECISION,content/courses/multistep-g4/lessons/g4s-02-03.json,g4s-02-03,lesson,,3,1,5,5,No calibrated lesson-level V4 visual-opportunity disposition is recorded.,"Classify the lesson and each concept/question medium; prove every required visual is meaningful, synchronized, visible, and accessibly equivalent."
VISUAL-DISPOSITION-g4s-03-01,P1,320,VISUAL_FIRST_REPRESENTATION,OPEN_VISUAL_REQUIRED_PREFERRED_SUFFICIENT_DECISION,content/courses/multistep-g4/lessons/g4s-03-01.json,g4s-03-01,lesson,,3,1,5,5,No calibrated lesson-level V4 visual-opportunity disposition is recorded.,"Classify the lesson and each concept/question medium; prove every required visual is meaningful, synchronized, visible, and accessibly equivalent."
VISUAL-DISPOSITION-g4s-03-02,P1,320,VISUAL_FIRST_REPRESENTATION,OPEN_VISUAL_REQUIRED_PREFERRED_SUFFICIENT_DECISION,content/courses/multistep-g4/lessons/g4s-03-02.json,g4s-03-02,lesson,,3,1,5,5,No calibrated lesson-level V4 visual-opportunity disposition is recorded.,"Classify the lesson and each concept/question medium; prove every required visual is meaningful, synchronized, visible, and accessibly equivalent."
VISUAL-DISPOSITION-g4v-02-04,P1,320,VISUAL_FIRST_REPRESENTATION,OPEN_VISUAL_REQUIRED_PREFERRED_SUFFICIENT_DECISION,content/courses/measure-problems-g4/lessons/g4v-02-04.json,g4v-02-04,lesson,,3,1,5,5,No calibrated lesson-level V4 visual-opportunity disposition is recorded.,"Classify the lesson and each concept/question medium; prove every required visual is meaningful, synchronized, visible, and accessibly equivalent."
VISUAL-DISPOSITION-g5l-02-01,P1,320,VISUAL_FIRST_REPRESENTATION,OPEN_VISUAL_REQUIRED_PREFERRED_SUFFICIENT_DECISION,content/courses/long-division-g5/lessons/g5l-02-01.json,g5l-02-01,lesson,,3,1,5,5,No calibrated lesson-level V4 visual-opportunity disposition is recorded.,"Classify the lesson and each concept/question medium; prove every required visual is meaningful, synchronized, visible, and accessibly equivalent."
VISUAL-DISPOSITION-g5l-02-02,P1,320,VISUAL_FIRST_REPRESENTATION,OPEN_VISUAL_REQUIRED_PREFERRED_SUFFICIENT_DECISION,content/courses/long-division-g5/lessons/g5l-02-02.json,g5l-02-02,lesson,,3,1,5,5,No calibrated lesson-level V4 visual-opportunity disposition is recorded.,"Classify the lesson and each concept/question medium; prove every required visual is meaningful, synchronized, visible, and accessibly equivalent."
VISUAL-DISPOSITION-g5l-03-01,P1,320,VISUAL_FIRST_REPRESENTATION,OPEN_VISUAL_REQUIRED_PREFERRED_SUFFICIENT_DECISION,content/courses/long-division-g5/lessons/g5l-03-01.json,g5l-03-01,lesson,,3,1,5,5,No calibrated lesson-level V4 visual-opportunity disposition is recorded.,"Classify the lesson and each concept/question medium; prove every required visual is meaningful, synchronized, visible, and accessibly equivalent."
VISUAL-DISPOSITION-g5v-01-01,P1,320,VISUAL_FIRST_REPRESENTATION,OPEN_VISUAL_REQUIRED_PREFERRED_SUFFICIENT_DECISION,content/courses/volume-problems-g5/lessons/g5v-01-01.json,g5v-01-01,lesson,,3,1,5,5,No calibrated lesson-level V4 visual-opportunity disposition is recorded.,"Classify the lesson and each concept/question medium; prove every required visual is meaningful, synchronized, visible, and accessibly equivalent."
VISUAL-DISPOSITION-g5v-01-02,P1,320,VISUAL_FIRST_REPRESENTATION,OPEN_VISUAL_REQUIRED_PREFERRED_SUFFICIENT_DECISION,content/courses/volume-problems-g5/lessons/g5v-01-02.json,g5v-01-02,lesson,,3,1,5,5,No calibrated lesson-level V4 visual-opportunity disposition is recorded.,"Classify the lesson and each concept/question medium; prove every required visual is meaningful, synchronized, visible, and accessibly equivalent."
VISUAL-DISPOSITION-g5v-02-02,P1,320,VISUAL_FIRST_REPRESENTATION,OPEN_VISUAL_REQUIRED_PREFERRED_SUFFICIENT_DECISION,content/courses/volume-problems-g5/lessons/g5v-02-02.json,g5v-02-02,lesson,,3,1,5,5,No calibrated lesson-level V4 visual-opportunity disposition is recorded.,"Classify the lesson and each concept/question medium; prove every required visual is meaningful, synchronized, visible, and accessibly equivalent."
VISUAL-DISPOSITION-g5v-03-01,P1,320,VISUAL_FIRST_REPRESENTATION,OPEN_VISUAL_REQUIRED_PREFERRED_SUFFICIENT_DECISION,content/courses/volume-problems-g5/lessons/g5v-03-01.json,g5v-03-01,lesson,,3,1,5,5,No calibrated lesson-level V4 visual-opportunity disposition is recorded.,"Classify the lesson and each concept/question medium; prove every required visual is meaningful, synchronized, visible, and accessibly equivalent."
VISUAL-DISPOSITION-g5v-03-03,P1,320,VISUAL_FIRST_REPRESENTATION,OPEN_VISUAL_REQUIRED_PREFERRED_SUFFICIENT_DECISION,content/courses/volume-problems-g5/lessons/g5v-03-03.json,g5v-03-03,lesson,,3,1,5,5,No calibrated lesson-level V4 visual-opportunity disposition is recorded.,"Classify the lesson and each concept/question medium; prove every required visual is meaningful, synchronized, visible, and accessibly equivalent."
VISUAL-DISPOSITION-ia-01-02,P1,320,VISUAL_FIRST_REPRESENTATION,OPEN_VISUAL_REQUIRED_PREFERRED_SUFFICIENT_DECISION,content/courses/integration-applications/lessons/ia-01-02.json,ia-01-02,lesson,,3,1,5,5,No calibrated lesson-level V4 visual-opportunity disposition is recorded.,"Classify the lesson and each concept/question medium; prove every required visual is meaningful, synchronized, visible, and accessibly equivalent."
VISUAL-DISPOSITION-ia-02-01,P1,320,VISUAL_FIRST_REPRESENTATION,OPEN_VISUAL_REQUIRED_PREFERRED_SUFFICIENT_DECISION,content/courses/integration-applications/lessons/ia-02-01.json,ia-02-01,lesson,,3,1,5,5,No calibrated lesson-level V4 visual-opportunity disposition is recorded.,"Classify the lesson and each concept/question medium; prove every required visual is meaningful, synchronized, visible, and accessibly equivalent."
VISUAL-DISPOSITION-kc-03-01,P1,320,VISUAL_FIRST_REPRESENTATION,OPEN_VISUAL_REQUIRED_PREFERRED_SUFFICIENT_DECISION,content/courses/counting-to-20-k/lessons/kc-03-01.json,kc-03-01,lesson,,3,1,5,5,No calibrated lesson-level V4 visual-opportunity disposition is recorded.,"Classify the lesson and each concept/question medium; prove every required visual is meaningful, synchronized, visible, and accessibly equivalent."
VISUAL-DISPOSITION-kcm-01-01,P1,320,VISUAL_FIRST_REPRESENTATION,OPEN_VISUAL_REQUIRED_PREFERRED_SUFFICIENT_DECISION,content/courses/compare-numbers-k/lessons/kcm-01-01.json,kcm-01-01,lesson,,3,1,5,5,No calibrated lesson-level V4 visual-opportunity disposition is recorded.,"Classify the lesson and each concept/question medium; prove every required visual is meaningful, synchronized, visible, and accessibly equivalent."
VISUAL-DISPOSITION-kcm-02-01,P1,320,VISUAL_FIRST_REPRESENTATION,OPEN_VISUAL_REQUIRED_PREFERRED_SUFFICIENT_DECISION,content/courses/compare-numbers-k/lessons/kcm-02-01.json,kcm-02-01,lesson,,3,1,5,5,No calibrated lesson-level V4 visual-opportunity disposition is recorded.,"Classify the lesson and each concept/question medium; prove every required visual is meaningful, synchronized, visible, and accessibly equivalent."
VISUAL-DISPOSITION-kcw-02-03,P1,320,VISUAL_FIRST_REPRESENTATION,OPEN_VISUAL_REQUIRED_PREFERRED_SUFFICIENT_DECISION,content/courses/number-writing-k/lessons/kcw-02-03.json,kcw-02-03,lesson,,3,1,5,5,No calibrated lesson-level V4 visual-opportunity disposition is recorded.,"Classify the lesson and each concept/question medium; prove every required visual is meaningful, synchronized, visible, and accessibly equivalent."
VISUAL-DISPOSITION-kcw-03-01,P1,320,VISUAL_FIRST_REPRESENTATION,OPEN_VISUAL_REQUIRED_PREFERRED_SUFFICIENT_DECISION,content/courses/number-writing-k/lessons/kcw-03-01.json,kcw-03-01,lesson,,3,1,5,5,No calibrated lesson-level V4 visual-opportunity disposition is recorded.,"Classify the lesson and each concept/question medium; prove every required visual is meaningful, synchronized, visible, and accessibly equivalent."
VISUAL-DISPOSITION-kcw-03-04,P1,320,VISUAL_FIRST_REPRESENTATION,OPEN_VISUAL_REQUIRED_PREFERRED_SUFFICIENT_DECISION,content/courses/number-writing-k/lessons/kcw-03-04.json,kcw-03-04,lesson,,3,1,5,5,No calibrated lesson-level V4 visual-opportunity disposition is recorded.,"Classify the lesson and each concept/question medium; prove every required visual is meaningful, synchronized, visible, and accessibly equivalent."
VISUAL-DISPOSITION-kgb-01-03,P1,320,VISUAL_FIRST_REPRESENTATION,OPEN_VISUAL_REQUIRED_PREFERRED_SUFFICIENT_DECISION,content/courses/shapes-build-k/lessons/kgb-01-03.json,kgb-01-03,lesson,,3,1,5,5,No calibrated lesson-level V4 visual-opportunity disposition is recorded.,"Classify the lesson and each concept/question medium; prove every required visual is meaningful, synchronized, visible, and accessibly equivalent."
VISUAL-DISPOSITION-kgb-02-02,P1,320,VISUAL_FIRST_REPRESENTATION,OPEN_VISUAL_REQUIRED_PREFERRED_SUFFICIENT_DECISION,content/courses/shapes-build-k/lessons/kgb-02-02.json,kgb-02-02,lesson,,3,1,5,5,No calibrated lesson-level V4 visual-opportunity disposition is recorded.,"Classify the lesson and each concept/question medium; prove every required visual is meaningful, synchronized, visible, and accessibly equivalent."
VISUAL-DISPOSITION-kgb-02-03,P1,320,VISUAL_FIRST_REPRESENTATION,OPEN_VISUAL_REQUIRED_PREFERRED_SUFFICIENT_DECISION,content/courses/shapes-build-k/lessons/kgb-02-03.json,kgb-02-03,lesson,,3,1,5,5,No calibrated lesson-level V4 visual-opportunity disposition is recorded.,"Classify the lesson and each concept/question medium; prove every required visual is meaningful, synchronized, visible, and accessibly equivalent."
VISUAL-DISPOSITION-khm-01-01,P1,320,VISUAL_FIRST_REPRESENTATION,OPEN_VISUAL_REQUIRED_PREFERRED_SUFFICIENT_DECISION,content/courses/how-many-k/lessons/khm-01-01.json,khm-01-01,lesson,,3,1,5,5,No calibrated lesson-level V4 visual-opportunity disposition is recorded.,"Classify the lesson and each concept/question medium; prove every required visual is meaningful, synchronized, visible, and accessibly equivalent."
VISUAL-DISPOSITION-khm-01-03,P1,320,VISUAL_FIRST_REPRESENTATION,OPEN_VISUAL_REQUIRED_PREFERRED_SUFFICIENT_DECISION,content/courses/how-many-k/lessons/khm-01-03.json,khm-01-03,lesson,,3,1,5,5,No calibrated lesson-level V4 visual-opportunity disposition is recorded.,"Classify the lesson and each concept/question medium; prove every required visual is meaningful, synchronized, visible, and accessibly equivalent."
VISUAL-DISPOSITION-kmd-01-01,P1,320,VISUAL_FIRST_REPRESENTATION,OPEN_VISUAL_REQUIRED_PREFERRED_SUFFICIENT_DECISION,content/courses/measure-compare-k/lessons/kmd-01-01.json,kmd-01-01,lesson,,3,1,5,5,No calibrated lesson-level V4 visual-opportunity disposition is recorded.,"Classify the lesson and each concept/question medium; prove every required visual is meaningful, synchronized, visible, and accessibly equivalent."
VISUAL-DISPOSITION-kmd-01-02,P1,320,VISUAL_FIRST_REPRESENTATION,OPEN_VISUAL_REQUIRED_PREFERRED_SUFFICIENT_DECISION,content/courses/measure-compare-k/lessons/kmd-01-02.json,kmd-01-02,lesson,,3,1,5,5,No calibrated lesson-level V4 visual-opportunity disposition is recorded.,"Classify the lesson and each concept/question medium; prove every required visual is meaningful, synchronized, visible, and accessibly equivalent."
VISUAL-DISPOSITION-kmd-01-03,P1,320,VISUAL_FIRST_REPRESENTATION,OPEN_VISUAL_REQUIRED_PREFERRED_SUFFICIENT_DECISION,content/courses/measure-compare-k/lessons/kmd-01-03.json,kmd-01-03,lesson,,3,1,5,5,No calibrated lesson-level V4 visual-opportunity disposition is recorded.,"Classify the lesson and each concept/question medium; prove every required visual is meaningful, synchronized, visible, and accessibly equivalent."
VISUAL-DISPOSITION-kmd-02-01,P1,320,VISUAL_FIRST_REPRESENTATION,OPEN_VISUAL_REQUIRED_PREFERRED_SUFFICIENT_DECISION,content/courses/measure-compare-k/lessons/kmd-02-01.json,kmd-02-01,lesson,,3,1,5,5,No calibrated lesson-level V4 visual-opportunity disposition is recorded.,"Classify the lesson and each concept/question medium; prove every required visual is meaningful, synchronized, visible, and accessibly equivalent."
VISUAL-DISPOSITION-kmd-03-01,P1,320,VISUAL_FIRST_REPRESENTATION,OPEN_VISUAL_REQUIRED_PREFERRED_SUFFICIENT_DECISION,content/courses/measure-compare-k/lessons/kmd-03-01.json,kmd-03-01,lesson,,3,1,5,5,No calibrated lesson-level V4 visual-opportunity disposition is recorded.,"Classify the lesson and each concept/question medium; prove every required visual is meaningful, synchronized, visible, and accessibly equivalent."
VISUAL-DISPOSITION-knb-01-01,P1,320,VISUAL_FIRST_REPRESENTATION,OPEN_VISUAL_REQUIRED_PREFERRED_SUFFICIENT_DECISION,content/courses/teen-numbers-k/lessons/knb-01-01.json,knb-01-01,lesson,,3,1,5,5,No calibrated lesson-level V4 visual-opportunity disposition is recorded.,"Classify the lesson and each concept/question medium; prove every required visual is meaningful, synchronized, visible, and accessibly equivalent."
VISUAL-DISPOSITION-knb-01-02,P1,320,VISUAL_FIRST_REPRESENTATION,OPEN_VISUAL_REQUIRED_PREFERRED_SUFFICIENT_DECISION,content/courses/teen-numbers-k/lessons/knb-01-02.json,knb-01-02,lesson,,3,1,5,5,No calibrated lesson-level V4 visual-opportunity disposition is recorded.,"Classify the lesson and each concept/question medium; prove every required visual is meaningful, synchronized, visible, and accessibly equivalent."
VISUAL-DISPOSITION-knb-01-03,P1,320,VISUAL_FIRST_REPRESENTATION,OPEN_VISUAL_REQUIRED_PREFERRED_SUFFICIENT_DECISION,content/courses/teen-numbers-k/lessons/knb-01-03.json,knb-01-03,lesson,,3,1,5,5,No calibrated lesson-level V4 visual-opportunity disposition is recorded.,"Classify the lesson and each concept/question medium; prove every required visual is meaningful, synchronized, visible, and accessibly equivalent."
VISUAL-DISPOSITION-knb-02-02,P1,320,VISUAL_FIRST_REPRESENTATION,OPEN_VISUAL_REQUIRED_PREFERRED_SUFFICIENT_DECISION,content/courses/teen-numbers-k/lessons/knb-02-02.json,knb-02-02,lesson,,3,1,5,5,No calibrated lesson-level V4 visual-opportunity disposition is recorded.,"Classify the lesson and each concept/question medium; prove every required visual is meaningful, synchronized, visible, and accessibly equivalent."
VISUAL-DISPOSITION-pv1000-01-01,P1,320,VISUAL_FIRST_REPRESENTATION,OPEN_VISUAL_REQUIRED_PREFERRED_SUFFICIENT_DECISION,content/courses/place-value-1000/lessons/pv1000-01-01.json,pv1000-01-01,lesson,,3,1,5,5,No calibrated lesson-level V4 visual-opportunity disposition is recorded.,"Classify the lesson and each concept/question medium; prove every required visual is meaningful, synchronized, visible, and accessibly equivalent."
VISUAL-DISPOSITION-pv1000-01-02,P1,320,VISUAL_FIRST_REPRESENTATION,OPEN_VISUAL_REQUIRED_PREFERRED_SUFFICIENT_DECISION,content/courses/place-value-1000/lessons/pv1000-01-02.json,pv1000-01-02,lesson,,3,1,5,5,No calibrated lesson-level V4 visual-opportunity disposition is recorded.,"Classify the lesson and each concept/question medium; prove every required visual is meaningful, synchronized, visible, and accessibly equivalent."
VISUAL-DISPOSITION-pv1000-01-03,P1,320,VISUAL_FIRST_REPRESENTATION,OPEN_VISUAL_REQUIRED_PREFERRED_SUFFICIENT_DECISION,content/courses/place-value-1000/lessons/pv1000-01-03.json,pv1000-01-03,lesson,,3,1,5,5,No calibrated lesson-level V4 visual-opportunity disposition is recorded.,"Classify the lesson and each concept/question medium; prove every required visual is meaningful, synchronized, visible, and accessibly equivalent."
VISUAL-DISPOSITION-pv1000-02-01,P1,320,VISUAL_FIRST_REPRESENTATION,OPEN_VISUAL_REQUIRED_PREFERRED_SUFFICIENT_DECISION,content/courses/place-value-1000/lessons/pv1000-02-01.json,pv1000-02-01,lesson,,3,1,5,5,No calibrated lesson-level V4 visual-opportunity disposition is recorded.,"Classify the lesson and each concept/question medium; prove every required visual is meaningful, synchronized, visible, and accessibly equivalent."
VISUAL-DISPOSITION-pv1000-02-02,P1,320,VISUAL_FIRST_REPRESENTATION,OPEN_VISUAL_REQUIRED_PREFERRED_SUFFICIENT_DECISION,content/courses/place-value-1000/lessons/pv1000-02-02.json,pv1000-02-02,lesson,,3,1,5,5,No calibrated lesson-level V4 visual-opportunity disposition is recorded.,"Classify the lesson and each concept/question medium; prove every required visual is meaningful, synchronized, visible, and accessibly equivalent."
VISUAL-DISPOSITION-pv1000-02-03,P1,320,VISUAL_FIRST_REPRESENTATION,OPEN_VISUAL_REQUIRED_PREFERRED_SUFFICIENT_DECISION,content/courses/place-value-1000/lessons/pv1000-02-03.json,pv1000-02-03,lesson,,3,1,5,5,No calibrated lesson-level V4 visual-opportunity disposition is recorded.,"Classify the lesson and each concept/question medium; prove every required visual is meaningful, synchronized, visible, and accessibly equivalent."
VISUAL-DISPOSITION-pv1000-03-01,P1,320,VISUAL_FIRST_REPRESENTATION,OPEN_VISUAL_REQUIRED_PREFERRED_SUFFICIENT_DECISION,content/courses/place-value-1000/lessons/pv1000-03-01.json,pv1000-03-01,lesson,,3,1,5,5,No calibrated lesson-level V4 visual-opportunity disposition is recorded.,"Classify the lesson and each concept/question medium; prove every required visual is meaningful, synchronized, visible, and accessibly equivalent."
VISUAL-DISPOSITION-pv1000-03-02,P1,320,VISUAL_FIRST_REPRESENTATION,OPEN_VISUAL_REQUIRED_PREFERRED_SUFFICIENT_DECISION,content/courses/place-value-1000/lessons/pv1000-03-02.json,pv1000-03-02,lesson,,3,1,5,5,No calibrated lesson-level V4 visual-opportunity disposition is recorded.,"Classify the lesson and each concept/question medium; prove every required visual is meaningful, synchronized, visible, and accessibly equivalent."
VISUAL-DISPOSITION-pv1000-03-03,P1,320,VISUAL_FIRST_REPRESENTATION,OPEN_VISUAL_REQUIRED_PREFERRED_SUFFICIENT_DECISION,content/courses/place-value-1000/lessons/pv1000-03-03.json,pv1000-03-03,lesson,,3,1,5,5,No calibrated lesson-level V4 visual-opportunity disposition is recorded.,"Classify the lesson and each concept/question medium; prove every required visual is meaningful, synchronized, visible, and accessibly equivalent."
VISUAL-DISPOSITION-pv1000-04-01,P1,320,VISUAL_FIRST_REPRESENTATION,OPEN_VISUAL_REQUIRED_PREFERRED_SUFFICIENT_DECISION,content/courses/place-value-1000/lessons/pv1000-04-01.json,pv1000-04-01,lesson,,3,1,5,5,No calibrated lesson-level V4 visual-opportunity disposition is recorded.,"Classify the lesson and each concept/question medium; prove every required visual is meaningful, synchronized, visible, and accessibly equivalent."
VISUAL-DISPOSITION-pv1000-04-02,P1,320,VISUAL_FIRST_REPRESENTATION,OPEN_VISUAL_REQUIRED_PREFERRED_SUFFICIENT_DECISION,content/courses/place-value-1000/lessons/pv1000-04-02.json,pv1000-04-02,lesson,,3,1,5,5,No calibrated lesson-level V4 visual-opportunity disposition is recorded.,"Classify the lesson and each concept/question medium; prove every required visual is meaningful, synchronized, visible, and accessibly equivalent."
VISUAL-DISPOSITION-pv1000-04-03,P1,320,VISUAL_FIRST_REPRESENTATION,OPEN_VISUAL_REQUIRED_PREFERRED_SUFFICIENT_DECISION,content/courses/place-value-1000/lessons/pv1000-04-03.json,pv1000-04-03,lesson,,3,1,5,5,No calibrated lesson-level V4 visual-opportunity disposition is recorded.,"Classify the lesson and each concept/question medium; prove every required visual is meaningful, synchronized, visible, and accessibly equivalent."
VISUAL-DISPOSITION-rad-01-01,P1,320,VISUAL_FIRST_REPRESENTATION,OPEN_VISUAL_REQUIRED_PREFERRED_SUFFICIENT_DECISION,content/courses/radicals-and-exponents/lessons/rad-01-01.json,rad-01-01,lesson,,3,1,5,5,No calibrated lesson-level V4 visual-opportunity disposition is recorded.,"Classify the lesson and each concept/question medium; prove every required visual is meaningful, synchronized, visible, and accessibly equivalent."
VISUAL-DISPOSITION-rad-01-02,P1,320,VISUAL_FIRST_REPRESENTATION,OPEN_VISUAL_REQUIRED_PREFERRED_SUFFICIENT_DECISION,content/courses/radicals-and-exponents/lessons/rad-01-02.json,rad-01-02,lesson,,3,1,5,5,No calibrated lesson-level V4 visual-opportunity disposition is recorded.,"Classify the lesson and each concept/question medium; prove every required visual is meaningful, synchronized, visible, and accessibly equivalent."
VISUAL-DISPOSITION-rad-01-03,P1,320,VISUAL_FIRST_REPRESENTATION,OPEN_VISUAL_REQUIRED_PREFERRED_SUFFICIENT_DECISION,content/courses/radicals-and-exponents/lessons/rad-01-03.json,rad-01-03,lesson,,3,1,5,5,No calibrated lesson-level V4 visual-opportunity disposition is recorded.,"Classify the lesson and each concept/question medium; prove every required visual is meaningful, synchronized, visible, and accessibly equivalent."
VISUAL-DISPOSITION-rad-02-01,P1,320,VISUAL_FIRST_REPRESENTATION,OPEN_VISUAL_REQUIRED_PREFERRED_SUFFICIENT_DECISION,content/courses/radicals-and-exponents/lessons/rad-02-01.json,rad-02-01,lesson,,3,1,5,5,No calibrated lesson-level V4 visual-opportunity disposition is recorded.,"Classify the lesson and each concept/question medium; prove every required visual is meaningful, synchronized, visible, and accessibly equivalent."
VISUAL-DISPOSITION-rad-02-02,P1,320,VISUAL_FIRST_REPRESENTATION,OPEN_VISUAL_REQUIRED_PREFERRED_SUFFICIENT_DECISION,content/courses/radicals-and-exponents/lessons/rad-02-02.json,rad-02-02,lesson,,3,1,5,5,No calibrated lesson-level V4 visual-opportunity disposition is recorded.,"Classify the lesson and each concept/question medium; prove every required visual is meaningful, synchronized, visible, and accessibly equivalent."
VISUAL-DISPOSITION-rad-02-03,P1,320,VISUAL_FIRST_REPRESENTATION,OPEN_VISUAL_REQUIRED_PREFERRED_SUFFICIENT_DECISION,content/courses/radicals-and-exponents/lessons/rad-02-03.json,rad-02-03,lesson,,3,1,5,5,No calibrated lesson-level V4 visual-opportunity disposition is recorded.,"Classify the lesson and each concept/question medium; prove every required visual is meaningful, synchronized, visible, and accessibly equivalent."
VISUAL-DISPOSITION-rad-03-01,P1,320,VISUAL_FIRST_REPRESENTATION,OPEN_VISUAL_REQUIRED_PREFERRED_SUFFICIENT_DECISION,content/courses/radicals-and-exponents/lessons/rad-03-01.json,rad-03-01,lesson,,3,1,5,5,No calibrated lesson-level V4 visual-opportunity disposition is recorded.,"Classify the lesson and each concept/question medium; prove every required visual is meaningful, synchronized, visible, and accessibly equivalent."
VISUAL-DISPOSITION-rad-03-02,P1,320,VISUAL_FIRST_REPRESENTATION,OPEN_VISUAL_REQUIRED_PREFERRED_SUFFICIENT_DECISION,content/courses/radicals-and-exponents/lessons/rad-03-02.json,rad-03-02,lesson,,3,1,5,5,No calibrated lesson-level V4 visual-opportunity disposition is recorded.,"Classify the lesson and each concept/question medium; prove every required visual is meaningful, synchronized, visible, and accessibly equivalent."
VISUAL-DISPOSITION-rad-03-03,P1,320,VISUAL_FIRST_REPRESENTATION,OPEN_VISUAL_REQUIRED_PREFERRED_SUFFICIENT_DECISION,content/courses/radicals-and-exponents/lessons/rad-03-03.json,rad-03-03,lesson,,3,1,5,5,No calibrated lesson-level V4 visual-opportunity disposition is recorded.,"Classify the lesson and each concept/question medium; prove every required visual is meaningful, synchronized, visible, and accessibly equivalent."
VISUAL-DISPOSITION-rad-04-01,P1,320,VISUAL_FIRST_REPRESENTATION,OPEN_VISUAL_REQUIRED_PREFERRED_SUFFICIENT_DECISION,content/courses/radicals-and-exponents/lessons/rad-04-01.json,rad-04-01,lesson,,3,1,5,5,No calibrated lesson-level V4 visual-opportunity disposition is recorded.,"Classify the lesson and each concept/question medium; prove every required visual is meaningful, synchronized, visible, and accessibly equivalent."
VISUAL-DISPOSITION-rad-04-02,P1,320,VISUAL_FIRST_REPRESENTATION,OPEN_VISUAL_REQUIRED_PREFERRED_SUFFICIENT_DECISION,content/courses/radicals-and-exponents/lessons/rad-04-02.json,rad-04-02,lesson,,3,1,5,5,No calibrated lesson-level V4 visual-opportunity disposition is recorded.,"Classify the lesson and each concept/question medium; prove every required visual is meaningful, synchronized, visible, and accessibly equivalent."
VISUAL-DISPOSITION-rad-04-03,P1,320,VISUAL_FIRST_REPRESENTATION,OPEN_VISUAL_REQUIRED_PREFERRED_SUFFICIENT_DECISION,content/courses/radicals-and-exponents/lessons/rad-04-03.json,rad-04-03,lesson,,3,1,5,5,No calibrated lesson-level V4 visual-opportunity disposition is recorded.,"Classify the lesson and each concept/question medium; prove every required visual is meaningful, synchronized, visible, and accessibly equivalent."
VISUAL-DISPOSITION-rt-01-04,P1,320,VISUAL_FIRST_REPRESENTATION,OPEN_VISUAL_REQUIRED_PREFERRED_SUFFICIENT_DECISION,content/courses/right-triangles-trig/lessons/rt-01-04.json,rt-01-04,lesson,,3,1,5,5,No calibrated lesson-level V4 visual-opportunity disposition is recorded.,"Classify the lesson and each concept/question medium; prove every required visual is meaningful, synchronized, visible, and accessibly equivalent."
VISUAL-DISPOSITION-rt-05-04,P1,320,VISUAL_FIRST_REPRESENTATION,OPEN_VISUAL_REQUIRED_PREFERRED_SUFFICIENT_DECISION,content/courses/right-triangles-trig/lessons/rt-05-04.json,rt-05-04,lesson,,3,1,5,5,No calibrated lesson-level V4 visual-opportunity disposition is recorded.,"Classify the lesson and each concept/question medium; prove every required visual is meaningful, synchronized, visible, and accessibly equivalent."
VISUAL-DISPOSITION-sc-02-02,P1,320,VISUAL_FIRST_REPRESENTATION,OPEN_VISUAL_REQUIRED_PREFERRED_SUFFICIENT_DECISION,content/courses/series-convergence/lessons/sc-02-02.json,sc-02-02,lesson,,3,1,5,5,No calibrated lesson-level V4 visual-opportunity disposition is recorded.,"Classify the lesson and each concept/question medium; prove every required visual is meaningful, synchronized, visible, and accessibly equivalent."
VISUAL-DISPOSITION-smg1-02-03,P1,320,VISUAL_FIRST_REPRESENTATION,OPEN_VISUAL_REQUIRED_PREFERRED_SUFFICIENT_DECISION,content/courses/shapes-measure-g1/lessons/smg1-02-03.json,smg1-02-03,lesson,,3,1,5,5,No calibrated lesson-level V4 visual-opportunity disposition is recorded.,"Classify the lesson and each concept/question medium; prove every required visual is meaningful, synchronized, visible, and accessibly equivalent."
VISUAL-DISPOSITION-tm-05-03,P1,320,VISUAL_FIRST_REPRESENTATION,OPEN_VISUAL_REQUIRED_PREFERRED_SUFFICIENT_DECISION,content/courses/transformations-measurement/lessons/tm-05-03.json,tm-05-03,lesson,,3,1,5,5,No calibrated lesson-level V4 visual-opportunity disposition is recorded.,"Classify the lesson and each concept/question medium; prove every required visual is meaningful, synchronized, visible, and accessibly equivalent."
VISUAL-DISPOSITION-tno-01-01,P1,320,VISUAL_FIRST_REPRESENTATION,OPEN_VISUAL_REQUIRED_PREFERRED_SUFFICIENT_DECISION,content/courses/tens-and-ones/lessons/tno-01-01.json,tno-01-01,lesson,,3,1,5,5,No calibrated lesson-level V4 visual-opportunity disposition is recorded.,"Classify the lesson and each concept/question medium; prove every required visual is meaningful, synchronized, visible, and accessibly equivalent."
VISUAL-DISPOSITION-tno-01-02,P1,320,VISUAL_FIRST_REPRESENTATION,OPEN_VISUAL_REQUIRED_PREFERRED_SUFFICIENT_DECISION,content/courses/tens-and-ones/lessons/tno-01-02.json,tno-01-02,lesson,,3,1,5,5,No calibrated lesson-level V4 visual-opportunity disposition is recorded.,"Classify the lesson and each concept/question medium; prove every required visual is meaningful, synchronized, visible, and accessibly equivalent."
VISUAL-DISPOSITION-tno-01-03,P1,320,VISUAL_FIRST_REPRESENTATION,OPEN_VISUAL_REQUIRED_PREFERRED_SUFFICIENT_DECISION,content/courses/tens-and-ones/lessons/tno-01-03.json,tno-01-03,lesson,,3,1,5,5,No calibrated lesson-level V4 visual-opportunity disposition is recorded.,"Classify the lesson and each concept/question medium; prove every required visual is meaningful, synchronized, visible, and accessibly equivalent."
VISUAL-DISPOSITION-tno-02-01,P1,320,VISUAL_FIRST_REPRESENTATION,OPEN_VISUAL_REQUIRED_PREFERRED_SUFFICIENT_DECISION,content/courses/tens-and-ones/lessons/tno-02-01.json,tno-02-01,lesson,,3,1,5,5,No calibrated lesson-level V4 visual-opportunity disposition is recorded.,"Classify the lesson and each concept/question medium; prove every required visual is meaningful, synchronized, visible, and accessibly equivalent."
VISUAL-DISPOSITION-tno-02-02,P1,320,VISUAL_FIRST_REPRESENTATION,OPEN_VISUAL_REQUIRED_PREFERRED_SUFFICIENT_DECISION,content/courses/tens-and-ones/lessons/tno-02-02.json,tno-02-02,lesson,,3,1,5,5,No calibrated lesson-level V4 visual-opportunity disposition is recorded.,"Classify the lesson and each concept/question medium; prove every required visual is meaningful, synchronized, visible, and accessibly equivalent."
VISUAL-DISPOSITION-tno-02-03,P1,320,VISUAL_FIRST_REPRESENTATION,OPEN_VISUAL_REQUIRED_PREFERRED_SUFFICIENT_DECISION,content/courses/tens-and-ones/lessons/tno-02-03.json,tno-02-03,lesson,,3,1,5,5,No calibrated lesson-level V4 visual-opportunity disposition is recorded.,"Classify the lesson and each concept/question medium; prove every required visual is meaningful, synchronized, visible, and accessibly equivalent."
VISUAL-DISPOSITION-tno-03-01,P1,320,VISUAL_FIRST_REPRESENTATION,OPEN_VISUAL_REQUIRED_PREFERRED_SUFFICIENT_DECISION,content/courses/tens-and-ones/lessons/tno-03-01.json,tno-03-01,lesson,,3,1,5,5,No calibrated lesson-level V4 visual-opportunity disposition is recorded.,"Classify the lesson and each concept/question medium; prove every required visual is meaningful, synchronized, visible, and accessibly equivalent."
VISUAL-DISPOSITION-tno-03-02,P1,320,VISUAL_FIRST_REPRESENTATION,OPEN_VISUAL_REQUIRED_PREFERRED_SUFFICIENT_DECISION,content/courses/tens-and-ones/lessons/tno-03-02.json,tno-03-02,lesson,,3,1,5,5,No calibrated lesson-level V4 visual-opportunity disposition is recorded.,"Classify the lesson and each concept/question medium; prove every required visual is meaningful, synchronized, visible, and accessibly equivalent."
VISUAL-DISPOSITION-tno-03-03,P1,320,VISUAL_FIRST_REPRESENTATION,OPEN_VISUAL_REQUIRED_PREFERRED_SUFFICIENT_DECISION,content/courses/tens-and-ones/lessons/tno-03-03.json,tno-03-03,lesson,,3,1,5,5,No calibrated lesson-level V4 visual-opportunity disposition is recorded.,"Classify the lesson and each concept/question medium; prove every required visual is meaningful, synchronized, visible, and accessibly equivalent."
VISUAL-DISPOSITION-tno-04-01,P1,320,VISUAL_FIRST_REPRESENTATION,OPEN_VISUAL_REQUIRED_PREFERRED_SUFFICIENT_DECISION,content/courses/tens-and-ones/lessons/tno-04-01.json,tno-04-01,lesson,,3,1,5,5,No calibrated lesson-level V4 visual-opportunity disposition is recorded.,"Classify the lesson and each concept/question medium; prove every required visual is meaningful, synchronized, visible, and accessibly equivalent."
VISUAL-DISPOSITION-tno-04-02,P1,320,VISUAL_FIRST_REPRESENTATION,OPEN_VISUAL_REQUIRED_PREFERRED_SUFFICIENT_DECISION,content/courses/tens-and-ones/lessons/tno-04-02.json,tno-04-02,lesson,,3,1,5,5,No calibrated lesson-level V4 visual-opportunity disposition is recorded.,"Classify the lesson and each concept/question medium; prove every required visual is meaningful, synchronized, visible, and accessibly equivalent."
VISUAL-DISPOSITION-tno-04-03,P1,320,VISUAL_FIRST_REPRESENTATION,OPEN_VISUAL_REQUIRED_PREFERRED_SUFFICIENT_DECISION,content/courses/tens-and-ones/lessons/tno-04-03.json,tno-04-03,lesson,,3,1,5,5,No calibrated lesson-level V4 visual-opportunity disposition is recorded.,"Classify the lesson and each concept/question medium; prove every required visual is meaningful, synchronized, visible, and accessibly equivalent."
LANGUAGE-alg1-04-03,P1,300,GRADE_LANGUAGE_REVIEW,OPEN_GRADE_BAND_LANGUAGE_REVIEW,content/courses/solving-equations/lessons/alg1-04-03.json,alg1-04-03,lesson,,3,1,5,4,"V4 language review is not yet attached across prompts, options, hints, feedback, narration, and generated surfaces.","Review clarity, naturalness, sentence and clause load, referents, vocabulary introduction, and read-aloud fit for the intended grade without diluting mathematics."
LANGUAGE-dc-03-01,P1,300,GRADE_LANGUAGE_REVIEW,OPEN_GRADE_BAND_LANGUAGE_REVIEW,content/courses/derivatives-in-context/lessons/dc-03-01.json,dc-03-01,lesson,,3,1,5,4,"V4 language review is not yet attached across prompts, options, hints, feedback, narration, and generated surfaces.","Review clarity, naturalness, sentence and clause load, referents, vocabulary introduction, and read-aloud fit for the intended grade without diluting mathematics."
LANGUAGE-dgr1-02-01,P1,300,GRADE_LANGUAGE_REVIEW,OPEN_GRADE_BAND_LANGUAGE_REVIEW,content/courses/data-graphs-g1/lessons/dgr1-02-01.json,dgr1-02-01,lesson,,3,1,5,4,"V4 language review is not yet attached across prompts, options, hints, feedback, narration, and generated surfaces.","Review clarity, naturalness, sentence and clause load, referents, vocabulary introduction, and read-aloud fit for the intended grade without diluting mathematics."
LANGUAGE-g1m-02-01,P1,300,GRADE_LANGUAGE_REVIEW,OPEN_GRADE_BAND_LANGUAGE_REVIEW,content/courses/measure-length-g1/lessons/g1m-02-01.json,g1m-02-01,lesson,,3,1,5,4,"V4 language review is not yet attached across prompts, options, hints, feedback, narration, and generated surfaces.","Review clarity, naturalness, sentence and clause load, referents, vocabulary introduction, and read-aloud fit for the intended grade without diluting mathematics."
LANGUAGE-g1m-03-02,P1,300,GRADE_LANGUAGE_REVIEW,OPEN_GRADE_BAND_LANGUAGE_REVIEW,content/courses/measure-length-g1/lessons/g1m-03-02.json,g1m-03-02,lesson,,3,1,5,4,"V4 language review is not yet attached across prompts, options, hints, feedback, narration, and generated surfaces.","Review clarity, naturalness, sentence and clause load, referents, vocabulary introduction, and read-aloud fit for the intended grade without diluting mathematics."
LANGUAGE-g1s-03-02,P1,300,GRADE_LANGUAGE_REVIEW,OPEN_GRADE_BAND_LANGUAGE_REVIEW,content/courses/compose-shapes-g1/lessons/g1s-03-02.json,g1s-03-02,lesson,,3,1,5,4,"V4 language review is not yet attached across prompts, options, hints, feedback, narration, and generated surfaces.","Review clarity, naturalness, sentence and clause load, referents, vocabulary introduction, and read-aloud fit for the intended grade without diluting mathematics."
LANGUAGE-g1t-01-01,P1,300,GRADE_LANGUAGE_REVIEW,OPEN_GRADE_BAND_LANGUAGE_REVIEW,content/courses/add-three-numbers-g1/lessons/g1t-01-01.json,g1t-01-01,lesson,,3,1,5,4,"V4 language review is not yet attached across prompts, options, hints, feedback, narration, and generated surfaces.","Review clarity, naturalness, sentence and clause load, referents, vocabulary introduction, and read-aloud fit for the intended grade without diluting mathematics."
LANGUAGE-g2a-02-01,P1,300,GRADE_LANGUAGE_REVIEW,OPEN_GRADE_BAND_LANGUAGE_REVIEW,content/courses/arrays-even-odd-g2/lessons/g2a-02-01.json,g2a-02-01,lesson,,3,1,5,4,"V4 language review is not yet attached across prompts, options, hints, feedback, narration, and generated surfaces.","Review clarity, naturalness, sentence and clause load, referents, vocabulary introduction, and read-aloud fit for the intended grade without diluting mathematics."
LANGUAGE-g2a-02-03,P1,300,GRADE_LANGUAGE_REVIEW,OPEN_GRADE_BAND_LANGUAGE_REVIEW,content/courses/arrays-even-odd-g2/lessons/g2a-02-03.json,g2a-02-03,lesson,,3,1,5,4,"V4 language review is not yet attached across prompts, options, hints, feedback, narration, and generated surfaces.","Review clarity, naturalness, sentence and clause load, referents, vocabulary introduction, and read-aloud fit for the intended grade without diluting mathematics."
LANGUAGE-g2g-02-01,P1,300,GRADE_LANGUAGE_REVIEW,OPEN_GRADE_BAND_LANGUAGE_REVIEW,content/courses/data-line-plots-g2/lessons/g2g-02-01.json,g2g-02-01,lesson,,3,1,5,4,"V4 language review is not yet attached across prompts, options, hints, feedback, narration, and generated surfaces.","Review clarity, naturalness, sentence and clause load, referents, vocabulary introduction, and read-aloud fit for the intended grade without diluting mathematics."
LANGUAGE-g2g-02-03,P1,300,GRADE_LANGUAGE_REVIEW,OPEN_GRADE_BAND_LANGUAGE_REVIEW,content/courses/data-line-plots-g2/lessons/g2g-02-03.json,g2g-02-03,lesson,,3,1,5,4,"V4 language review is not yet attached across prompts, options, hints, feedback, narration, and generated surfaces.","Review clarity, naturalness, sentence and clause load, referents, vocabulary introduction, and read-aloud fit for the intended grade without diluting mathematics."
LANGUAGE-g2n-01-01,P1,300,GRADE_LANGUAGE_REVIEW,OPEN_GRADE_BAND_LANGUAGE_REVIEW,content/courses/four-addends-g2/lessons/g2n-01-01.json,g2n-01-01,lesson,,3,1,5,4,"V4 language review is not yet attached across prompts, options, hints, feedback, narration, and generated surfaces.","Review clarity, naturalness, sentence and clause load, referents, vocabulary introduction, and read-aloud fit for the intended grade without diluting mathematics."
LANGUAGE-g2p-01-03,P1,300,GRADE_LANGUAGE_REVIEW,OPEN_GRADE_BAND_LANGUAGE_REVIEW,content/courses/length-problems-g2/lessons/g2p-01-03.json,g2p-01-03,lesson,,3,1,5,4,"V4 language review is not yet attached across prompts, options, hints, feedback, narration, and generated surfaces.","Review clarity, naturalness, sentence and clause load, referents, vocabulary introduction, and read-aloud fit for the intended grade without diluting mathematics."
LANGUAGE-g2p-02-02,P1,300,GRADE_LANGUAGE_REVIEW,OPEN_GRADE_BAND_LANGUAGE_REVIEW,content/courses/length-problems-g2/lessons/g2p-02-02.json,g2p-02-02,lesson,,3,1,5,4,"V4 language review is not yet attached across prompts, options, hints, feedback, narration, and generated surfaces.","Review clarity, naturalness, sentence and clause load, referents, vocabulary introduction, and read-aloud fit for the intended grade without diluting mathematics."
LANGUAGE-g2p-02-03,P1,300,GRADE_LANGUAGE_REVIEW,OPEN_GRADE_BAND_LANGUAGE_REVIEW,content/courses/length-problems-g2/lessons/g2p-02-03.json,g2p-02-03,lesson,,3,1,5,4,"V4 language review is not yet attached across prompts, options, hints, feedback, narration, and generated surfaces.","Review clarity, naturalness, sentence and clause load, referents, vocabulary introduction, and read-aloud fit for the intended grade without diluting mathematics."
LANGUAGE-g4p-03-01,P1,300,GRADE_LANGUAGE_REVIEW,OPEN_GRADE_BAND_LANGUAGE_REVIEW,content/courses/patterns-factors-g4/lessons/g4p-03-01.json,g4p-03-01,lesson,,3,1,5,4,"V4 language review is not yet attached across prompts, options, hints, feedback, narration, and generated surfaces.","Review clarity, naturalness, sentence and clause load, referents, vocabulary introduction, and read-aloud fit for the intended grade without diluting mathematics."
LANGUAGE-g4s-01-02,P1,300,GRADE_LANGUAGE_REVIEW,OPEN_GRADE_BAND_LANGUAGE_REVIEW,content/courses/multistep-g4/lessons/g4s-01-02.json,g4s-01-02,lesson,,3,1,5,4,"V4 language review is not yet attached across prompts, options, hints, feedback, narration, and generated surfaces.","Review clarity, naturalness, sentence and clause load, referents, vocabulary introduction, and read-aloud fit for the intended grade without diluting mathematics."
LANGUAGE-g4s-02-03,P1,300,GRADE_LANGUAGE_REVIEW,OPEN_GRADE_BAND_LANGUAGE_REVIEW,content/courses/multistep-g4/lessons/g4s-02-03.json,g4s-02-03,lesson,,3,1,5,4,"V4 language review is not yet attached across prompts, options, hints, feedback, narration, and generated surfaces.","Review clarity, naturalness, sentence and clause load, referents, vocabulary introduction, and read-aloud fit for the intended grade without diluting mathematics."
LANGUAGE-g4s-03-01,P1,300,GRADE_LANGUAGE_REVIEW,OPEN_GRADE_BAND_LANGUAGE_REVIEW,content/courses/multistep-g4/lessons/g4s-03-01.json,g4s-03-01,lesson,,3,1,5,4,"V4 language review is not yet attached across prompts, options, hints, feedback, narration, and generated surfaces.","Review clarity, naturalness, sentence and clause load, referents, vocabulary introduction, and read-aloud fit for the intended grade without diluting mathematics."
LANGUAGE-g4s-03-02,P1,300,GRADE_LANGUAGE_REVIEW,OPEN_GRADE_BAND_LANGUAGE_REVIEW,content/courses/multistep-g4/lessons/g4s-03-02.json,g4s-03-02,lesson,,3,1,5,4,"V4 language review is not yet attached across prompts, options, hints, feedback, narration, and generated surfaces.","Review clarity, naturalness, sentence and clause load, referents, vocabulary introduction, and read-aloud fit for the intended grade without diluting mathematics."
LANGUAGE-g4v-02-04,P1,300,GRADE_LANGUAGE_REVIEW,OPEN_GRADE_BAND_LANGUAGE_REVIEW,content/courses/measure-problems-g4/lessons/g4v-02-04.json,g4v-02-04,lesson,,3,1,5,4,"V4 language review is not yet attached across prompts, options, hints, feedback, narration, and generated surfaces.","Review clarity, naturalness, sentence and clause load, referents, vocabulary introduction, and read-aloud fit for the intended grade without diluting mathematics."
LANGUAGE-g5l-02-01,P1,300,GRADE_LANGUAGE_REVIEW,OPEN_GRADE_BAND_LANGUAGE_REVIEW,content/courses/long-division-g5/lessons/g5l-02-01.json,g5l-02-01,lesson,,3,1,5,4,"V4 language review is not yet attached across prompts, options, hints, feedback, narration, and generated surfaces.","Review clarity, naturalness, sentence and clause load, referents, vocabulary introduction, and read-aloud fit for the intended grade without diluting mathematics."
LANGUAGE-g5l-02-02,P1,300,GRADE_LANGUAGE_REVIEW,OPEN_GRADE_BAND_LANGUAGE_REVIEW,content/courses/long-division-g5/lessons/g5l-02-02.json,g5l-02-02,lesson,,3,1,5,4,"V4 language review is not yet attached across prompts, options, hints, feedback, narration, and generated surfaces.","Review clarity, naturalness, sentence and clause load, referents, vocabulary introduction, and read-aloud fit for the intended grade without diluting mathematics."
LANGUAGE-g5l-03-01,P1,300,GRADE_LANGUAGE_REVIEW,OPEN_GRADE_BAND_LANGUAGE_REVIEW,content/courses/long-division-g5/lessons/g5l-03-01.json,g5l-03-01,lesson,,3,1,5,4,"V4 language review is not yet attached across prompts, options, hints, feedback, narration, and generated surfaces.","Review clarity, naturalness, sentence and clause load, referents, vocabulary introduction, and read-aloud fit for the intended grade without diluting mathematics."
LANGUAGE-g5v-01-01,P1,300,GRADE_LANGUAGE_REVIEW,OPEN_GRADE_BAND_LANGUAGE_REVIEW,content/courses/volume-problems-g5/lessons/g5v-01-01.json,g5v-01-01,lesson,,3,1,5,4,"V4 language review is not yet attached across prompts, options, hints, feedback, narration, and generated surfaces.","Review clarity, naturalness, sentence and clause load, referents, vocabulary introduction, and read-aloud fit for the intended grade without diluting mathematics."
LANGUAGE-g5v-01-02,P1,300,GRADE_LANGUAGE_REVIEW,OPEN_GRADE_BAND_LANGUAGE_REVIEW,content/courses/volume-problems-g5/lessons/g5v-01-02.json,g5v-01-02,lesson,,3,1,5,4,"V4 language review is not yet attached across prompts, options, hints, feedback, narration, and generated surfaces.","Review clarity, naturalness, sentence and clause load, referents, vocabulary introduction, and read-aloud fit for the intended grade without diluting mathematics."
LANGUAGE-g5v-02-02,P1,300,GRADE_LANGUAGE_REVIEW,OPEN_GRADE_BAND_LANGUAGE_REVIEW,content/courses/volume-problems-g5/lessons/g5v-02-02.json,g5v-02-02,lesson,,3,1,5,4,"V4 language review is not yet attached across prompts, options, hints, feedback, narration, and generated surfaces.","Review clarity, naturalness, sentence and clause load, referents, vocabulary introduction, and read-aloud fit for the intended grade without diluting mathematics."
LANGUAGE-g5v-03-01,P1,300,GRADE_LANGUAGE_REVIEW,OPEN_GRADE_BAND_LANGUAGE_REVIEW,content/courses/volume-problems-g5/lessons/g5v-03-01.json,g5v-03-01,lesson,,3,1,5,4,"V4 language review is not yet attached across prompts, options, hints, feedback, narration, and generated surfaces.","Review clarity, naturalness, sentence and clause load, referents, vocabulary introduction, and read-aloud fit for the intended grade without diluting mathematics."
LANGUAGE-g5v-03-03,P1,300,GRADE_LANGUAGE_REVIEW,OPEN_GRADE_BAND_LANGUAGE_REVIEW,content/courses/volume-problems-g5/lessons/g5v-03-03.json,g5v-03-03,lesson,,3,1,5,4,"V4 language review is not yet attached across prompts, options, hints, feedback, narration, and generated surfaces.","Review clarity, naturalness, sentence and clause load, referents, vocabulary introduction, and read-aloud fit for the intended grade without diluting mathematics."
LANGUAGE-ia-01-02,P1,300,GRADE_LANGUAGE_REVIEW,OPEN_GRADE_BAND_LANGUAGE_REVIEW,content/courses/integration-applications/lessons/ia-01-02.json,ia-01-02,lesson,,3,1,5,4,"V4 language review is not yet attached across prompts, options, hints, feedback, narration, and generated surfaces.","Review clarity, naturalness, sentence and clause load, referents, vocabulary introduction, and read-aloud fit for the intended grade without diluting mathematics."
LANGUAGE-ia-02-01,P1,300,GRADE_LANGUAGE_REVIEW,OPEN_GRADE_BAND_LANGUAGE_REVIEW,content/courses/integration-applications/lessons/ia-02-01.json,ia-02-01,lesson,,3,1,5,4,"V4 language review is not yet attached across prompts, options, hints, feedback, narration, and generated surfaces.","Review clarity, naturalness, sentence and clause load, referents, vocabulary introduction, and read-aloud fit for the intended grade without diluting mathematics."
LANGUAGE-kc-03-01,P1,300,GRADE_LANGUAGE_REVIEW,OPEN_GRADE_BAND_LANGUAGE_REVIEW,content/courses/counting-to-20-k/lessons/kc-03-01.json,kc-03-01,lesson,,3,1,5,4,"V4 language review is not yet attached across prompts, options, hints, feedback, narration, and generated surfaces.","Review clarity, naturalness, sentence and clause load, referents, vocabulary introduction, and read-aloud fit for the intended grade without diluting mathematics."
LANGUAGE-kcm-01-01,P1,300,GRADE_LANGUAGE_REVIEW,OPEN_GRADE_BAND_LANGUAGE_REVIEW,content/courses/compare-numbers-k/lessons/kcm-01-01.json,kcm-01-01,lesson,,3,1,5,4,"V4 language review is not yet attached across prompts, options, hints, feedback, narration, and generated surfaces.","Review clarity, naturalness, sentence and clause load, referents, vocabulary introduction, and read-aloud fit for the intended grade without diluting mathematics."
LANGUAGE-kcm-02-01,P1,300,GRADE_LANGUAGE_REVIEW,OPEN_GRADE_BAND_LANGUAGE_REVIEW,content/courses/compare-numbers-k/lessons/kcm-02-01.json,kcm-02-01,lesson,,3,1,5,4,"V4 language review is not yet attached across prompts, options, hints, feedback, narration, and generated surfaces.","Review clarity, naturalness, sentence and clause load, referents, vocabulary introduction, and read-aloud fit for the intended grade without diluting mathematics."
LANGUAGE-kcw-02-03,P1,300,GRADE_LANGUAGE_REVIEW,OPEN_GRADE_BAND_LANGUAGE_REVIEW,content/courses/number-writing-k/lessons/kcw-02-03.json,kcw-02-03,lesson,,3,1,5,4,"V4 language review is not yet attached across prompts, options, hints, feedback, narration, and generated surfaces.","Review clarity, naturalness, sentence and clause load, referents, vocabulary introduction, and read-aloud fit for the intended grade without diluting mathematics."
LANGUAGE-kcw-03-01,P1,300,GRADE_LANGUAGE_REVIEW,OPEN_GRADE_BAND_LANGUAGE_REVIEW,content/courses/number-writing-k/lessons/kcw-03-01.json,kcw-03-01,lesson,,3,1,5,4,"V4 language review is not yet attached across prompts, options, hints, feedback, narration, and generated surfaces.","Review clarity, naturalness, sentence and clause load, referents, vocabulary introduction, and read-aloud fit for the intended grade without diluting mathematics."
LANGUAGE-kcw-03-04,P1,300,GRADE_LANGUAGE_REVIEW,OPEN_GRADE_BAND_LANGUAGE_REVIEW,content/courses/number-writing-k/lessons/kcw-03-04.json,kcw-03-04,lesson,,3,1,5,4,"V4 language review is not yet attached across prompts, options, hints, feedback, narration, and generated surfaces.","Review clarity, naturalness, sentence and clause load, referents, vocabulary introduction, and read-aloud fit for the intended grade without diluting mathematics."
LANGUAGE-kgb-01-03,P1,300,GRADE_LANGUAGE_REVIEW,OPEN_GRADE_BAND_LANGUAGE_REVIEW,content/courses/shapes-build-k/lessons/kgb-01-03.json,kgb-01-03,lesson,,3,1,5,4,"V4 language review is not yet attached across prompts, options, hints, feedback, narration, and generated surfaces.","Review clarity, naturalness, sentence and clause load, referents, vocabulary introduction, and read-aloud fit for the intended grade without diluting mathematics."
LANGUAGE-kgb-02-02,P1,300,GRADE_LANGUAGE_REVIEW,OPEN_GRADE_BAND_LANGUAGE_REVIEW,content/courses/shapes-build-k/lessons/kgb-02-02.json,kgb-02-02,lesson,,3,1,5,4,"V4 language review is not yet attached across prompts, options, hints, feedback, narration, and generated surfaces.","Review clarity, naturalness, sentence and clause load, referents, vocabulary introduction, and read-aloud fit for the intended grade without diluting mathematics."
LANGUAGE-kgb-02-03,P1,300,GRADE_LANGUAGE_REVIEW,OPEN_GRADE_BAND_LANGUAGE_REVIEW,content/courses/shapes-build-k/lessons/kgb-02-03.json,kgb-02-03,lesson,,3,1,5,4,"V4 language review is not yet attached across prompts, options, hints, feedback, narration, and generated surfaces.","Review clarity, naturalness, sentence and clause load, referents, vocabulary introduction, and read-aloud fit for the intended grade without diluting mathematics."
LANGUAGE-khm-01-01,P1,300,GRADE_LANGUAGE_REVIEW,OPEN_GRADE_BAND_LANGUAGE_REVIEW,content/courses/how-many-k/lessons/khm-01-01.json,khm-01-01,lesson,,3,1,5,4,"V4 language review is not yet attached across prompts, options, hints, feedback, narration, and generated surfaces.","Review clarity, naturalness, sentence and clause load, referents, vocabulary introduction, and read-aloud fit for the intended grade without diluting mathematics."
LANGUAGE-khm-01-03,P1,300,GRADE_LANGUAGE_REVIEW,OPEN_GRADE_BAND_LANGUAGE_REVIEW,content/courses/how-many-k/lessons/khm-01-03.json,khm-01-03,lesson,,3,1,5,4,"V4 language review is not yet attached across prompts, options, hints, feedback, narration, and generated surfaces.","Review clarity, naturalness, sentence and clause load, referents, vocabulary introduction, and read-aloud fit for the intended grade without diluting mathematics."
LANGUAGE-kmd-01-01,P1,300,GRADE_LANGUAGE_REVIEW,OPEN_GRADE_BAND_LANGUAGE_REVIEW,content/courses/measure-compare-k/lessons/kmd-01-01.json,kmd-01-01,lesson,,3,1,5,4,"V4 language review is not yet attached across prompts, options, hints, feedback, narration, and generated surfaces.","Review clarity, naturalness, sentence and clause load, referents, vocabulary introduction, and read-aloud fit for the intended grade without diluting mathematics."
LANGUAGE-kmd-01-02,P1,300,GRADE_LANGUAGE_REVIEW,OPEN_GRADE_BAND_LANGUAGE_REVIEW,content/courses/measure-compare-k/lessons/kmd-01-02.json,kmd-01-02,lesson,,3,1,5,4,"V4 language review is not yet attached across prompts, options, hints, feedback, narration, and generated surfaces.","Review clarity, naturalness, sentence and clause load, referents, vocabulary introduction, and read-aloud fit for the intended grade without diluting mathematics."
LANGUAGE-kmd-01-03,P1,300,GRADE_LANGUAGE_REVIEW,OPEN_GRADE_BAND_LANGUAGE_REVIEW,content/courses/measure-compare-k/lessons/kmd-01-03.json,kmd-01-03,lesson,,3,1,5,4,"V4 language review is not yet attached across prompts, options, hints, feedback, narration, and generated surfaces.","Review clarity, naturalness, sentence and clause load, referents, vocabulary introduction, and read-aloud fit for the intended grade without diluting mathematics."
LANGUAGE-kmd-02-01,P1,300,GRADE_LANGUAGE_REVIEW,OPEN_GRADE_BAND_LANGUAGE_REVIEW,content/courses/measure-compare-k/lessons/kmd-02-01.json,kmd-02-01,lesson,,3,1,5,4,"V4 language review is not yet attached across prompts, options, hints, feedback, narration, and generated surfaces.","Review clarity, naturalness, sentence and clause load, referents, vocabulary introduction, and read-aloud fit for the intended grade without diluting mathematics."
LANGUAGE-kmd-03-01,P1,300,GRADE_LANGUAGE_REVIEW,OPEN_GRADE_BAND_LANGUAGE_REVIEW,content/courses/measure-compare-k/lessons/kmd-03-01.json,kmd-03-01,lesson,,3,1,5,4,"V4 language review is not yet attached across prompts, options, hints, feedback, narration, and generated surfaces.","Review clarity, naturalness, sentence and clause load, referents, vocabulary introduction, and read-aloud fit for the intended grade without diluting mathematics."
LANGUAGE-knb-01-01,P1,300,GRADE_LANGUAGE_REVIEW,OPEN_GRADE_BAND_LANGUAGE_REVIEW,content/courses/teen-numbers-k/lessons/knb-01-01.json,knb-01-01,lesson,,3,1,5,4,"V4 language review is not yet attached across prompts, options, hints, feedback, narration, and generated surfaces.","Review clarity, naturalness, sentence and clause load, referents, vocabulary introduction, and read-aloud fit for the intended grade without diluting mathematics."
LANGUAGE-knb-01-02,P1,300,GRADE_LANGUAGE_REVIEW,OPEN_GRADE_BAND_LANGUAGE_REVIEW,content/courses/teen-numbers-k/lessons/knb-01-02.json,knb-01-02,lesson,,3,1,5,4,"V4 language review is not yet attached across prompts, options, hints, feedback, narration, and generated surfaces.","Review clarity, naturalness, sentence and clause load, referents, vocabulary introduction, and read-aloud fit for the intended grade without diluting mathematics."
LANGUAGE-knb-01-03,P1,300,GRADE_LANGUAGE_REVIEW,OPEN_GRADE_BAND_LANGUAGE_REVIEW,content/courses/teen-numbers-k/lessons/knb-01-03.json,knb-01-03,lesson,,3,1,5,4,"V4 language review is not yet attached across prompts, options, hints, feedback, narration, and generated surfaces.","Review clarity, naturalness, sentence and clause load, referents, vocabulary introduction, and read-aloud fit for the intended grade without diluting mathematics."
LANGUAGE-knb-02-02,P1,300,GRADE_LANGUAGE_REVIEW,OPEN_GRADE_BAND_LANGUAGE_REVIEW,content/courses/teen-numbers-k/lessons/knb-02-02.json,knb-02-02,lesson,,3,1,5,4,"V4 language review is not yet attached across prompts, options, hints, feedback, narration, and generated surfaces.","Review clarity, naturalness, sentence and clause load, referents, vocabulary introduction, and read-aloud fit for the intended grade without diluting mathematics."
LANGUAGE-pv1000-01-01,P1,300,GRADE_LANGUAGE_REVIEW,OPEN_GRADE_BAND_LANGUAGE_REVIEW,content/courses/place-value-1000/lessons/pv1000-01-01.json,pv1000-01-01,lesson,,3,1,5,4,"V4 language review is not yet attached across prompts, options, hints, feedback, narration, and generated surfaces.","Review clarity, naturalness, sentence and clause load, referents, vocabulary introduction, and read-aloud fit for the intended grade without diluting mathematics."
LANGUAGE-pv1000-01-02,P1,300,GRADE_LANGUAGE_REVIEW,OPEN_GRADE_BAND_LANGUAGE_REVIEW,content/courses/place-value-1000/lessons/pv1000-01-02.json,pv1000-01-02,lesson,,3,1,5,4,"V4 language review is not yet attached across prompts, options, hints, feedback, narration, and generated surfaces.","Review clarity, naturalness, sentence and clause load, referents, vocabulary introduction, and read-aloud fit for the intended grade without diluting mathematics."
LANGUAGE-pv1000-01-03,P1,300,GRADE_LANGUAGE_REVIEW,OPEN_GRADE_BAND_LANGUAGE_REVIEW,content/courses/place-value-1000/lessons/pv1000-01-03.json,pv1000-01-03,lesson,,3,1,5,4,"V4 language review is not yet attached across prompts, options, hints, feedback, narration, and generated surfaces.","Review clarity, naturalness, sentence and clause load, referents, vocabulary introduction, and read-aloud fit for the intended grade without diluting mathematics."
LANGUAGE-pv1000-02-01,P1,300,GRADE_LANGUAGE_REVIEW,OPEN_GRADE_BAND_LANGUAGE_REVIEW,content/courses/place-value-1000/lessons/pv1000-02-01.json,pv1000-02-01,lesson,,3,1,5,4,"V4 language review is not yet attached across prompts, options, hints, feedback, narration, and generated surfaces.","Review clarity, naturalness, sentence and clause load, referents, vocabulary introduction, and read-aloud fit for the intended grade without diluting mathematics."
LANGUAGE-pv1000-02-02,P1,300,GRADE_LANGUAGE_REVIEW,OPEN_GRADE_BAND_LANGUAGE_REVIEW,content/courses/place-value-1000/lessons/pv1000-02-02.json,pv1000-02-02,lesson,,3,1,5,4,"V4 language review is not yet attached across prompts, options, hints, feedback, narration, and generated surfaces.","Review clarity, naturalness, sentence and clause load, referents, vocabulary introduction, and read-aloud fit for the intended grade without diluting mathematics."
LANGUAGE-pv1000-02-03,P1,300,GRADE_LANGUAGE_REVIEW,OPEN_GRADE_BAND_LANGUAGE_REVIEW,content/courses/place-value-1000/lessons/pv1000-02-03.json,pv1000-02-03,lesson,,3,1,5,4,"V4 language review is not yet attached across prompts, options, hints, feedback, narration, and generated surfaces.","Review clarity, naturalness, sentence and clause load, referents, vocabulary introduction, and read-aloud fit for the intended grade without diluting mathematics."
LANGUAGE-pv1000-03-01,P1,300,GRADE_LANGUAGE_REVIEW,OPEN_GRADE_BAND_LANGUAGE_REVIEW,content/courses/place-value-1000/lessons/pv1000-03-01.json,pv1000-03-01,lesson,,3,1,5,4,"V4 language review is not yet attached across prompts, options, hints, feedback, narration, and generated surfaces.","Review clarity, naturalness, sentence and clause load, referents, vocabulary introduction, and read-aloud fit for the intended grade without diluting mathematics."
LANGUAGE-pv1000-03-02,P1,300,GRADE_LANGUAGE_REVIEW,OPEN_GRADE_BAND_LANGUAGE_REVIEW,content/courses/place-value-1000/lessons/pv1000-03-02.json,pv1000-03-02,lesson,,3,1,5,4,"V4 language review is not yet attached across prompts, options, hints, feedback, narration, and generated surfaces.","Review clarity, naturalness, sentence and clause load, referents, vocabulary introduction, and read-aloud fit for the intended grade without diluting mathematics."
LANGUAGE-pv1000-03-03,P1,300,GRADE_LANGUAGE_REVIEW,OPEN_GRADE_BAND_LANGUAGE_REVIEW,content/courses/place-value-1000/lessons/pv1000-03-03.json,pv1000-03-03,lesson,,3,1,5,4,"V4 language review is not yet attached across prompts, options, hints, feedback, narration, and generated surfaces.","Review clarity, naturalness, sentence and clause load, referents, vocabulary introduction, and read-aloud fit for the intended grade without diluting mathematics."
LANGUAGE-pv1000-04-01,P1,300,GRADE_LANGUAGE_REVIEW,OPEN_GRADE_BAND_LANGUAGE_REVIEW,content/courses/place-value-1000/lessons/pv1000-04-01.json,pv1000-04-01,lesson,,3,1,5,4,"V4 language review is not yet attached across prompts, options, hints, feedback, narration, and generated surfaces.","Review clarity, naturalness, sentence and clause load, referents, vocabulary introduction, and read-aloud fit for the intended grade without diluting mathematics."
LANGUAGE-pv1000-04-02,P1,300,GRADE_LANGUAGE_REVIEW,OPEN_GRADE_BAND_LANGUAGE_REVIEW,content/courses/place-value-1000/lessons/pv1000-04-02.json,pv1000-04-02,lesson,,3,1,5,4,"V4 language review is not yet attached across prompts, options, hints, feedback, narration, and generated surfaces.","Review clarity, naturalness, sentence and clause load, referents, vocabulary introduction, and read-aloud fit for the intended grade without diluting mathematics."
LANGUAGE-pv1000-04-03,P1,300,GRADE_LANGUAGE_REVIEW,OPEN_GRADE_BAND_LANGUAGE_REVIEW,content/courses/place-value-1000/lessons/pv1000-04-03.json,pv1000-04-03,lesson,,3,1,5,4,"V4 language review is not yet attached across prompts, options, hints, feedback, narration, and generated surfaces.","Review clarity, naturalness, sentence and clause load, referents, vocabulary introduction, and read-aloud fit for the intended grade without diluting mathematics."
LANGUAGE-rad-01-01,P1,300,GRADE_LANGUAGE_REVIEW,OPEN_GRADE_BAND_LANGUAGE_REVIEW,content/courses/radicals-and-exponents/lessons/rad-01-01.json,rad-01-01,lesson,,3,1,5,4,"V4 language review is not yet attached across prompts, options, hints, feedback, narration, and generated surfaces.","Review clarity, naturalness, sentence and clause load, referents, vocabulary introduction, and read-aloud fit for the intended grade without diluting mathematics."
LANGUAGE-rad-01-02,P1,300,GRADE_LANGUAGE_REVIEW,OPEN_GRADE_BAND_LANGUAGE_REVIEW,content/courses/radicals-and-exponents/lessons/rad-01-02.json,rad-01-02,lesson,,3,1,5,4,"V4 language review is not yet attached across prompts, options, hints, feedback, narration, and generated surfaces.","Review clarity, naturalness, sentence and clause load, referents, vocabulary introduction, and read-aloud fit for the intended grade without diluting mathematics."
LANGUAGE-rad-01-03,P1,300,GRADE_LANGUAGE_REVIEW,OPEN_GRADE_BAND_LANGUAGE_REVIEW,content/courses/radicals-and-exponents/lessons/rad-01-03.json,rad-01-03,lesson,,3,1,5,4,"V4 language review is not yet attached across prompts, options, hints, feedback, narration, and generated surfaces.","Review clarity, naturalness, sentence and clause load, referents, vocabulary introduction, and read-aloud fit for the intended grade without diluting mathematics."
LANGUAGE-rad-02-01,P1,300,GRADE_LANGUAGE_REVIEW,OPEN_GRADE_BAND_LANGUAGE_REVIEW,content/courses/radicals-and-exponents/lessons/rad-02-01.json,rad-02-01,lesson,,3,1,5,4,"V4 language review is not yet attached across prompts, options, hints, feedback, narration, and generated surfaces.","Review clarity, naturalness, sentence and clause load, referents, vocabulary introduction, and read-aloud fit for the intended grade without diluting mathematics."
LANGUAGE-rad-02-02,P1,300,GRADE_LANGUAGE_REVIEW,OPEN_GRADE_BAND_LANGUAGE_REVIEW,content/courses/radicals-and-exponents/lessons/rad-02-02.json,rad-02-02,lesson,,3,1,5,4,"V4 language review is not yet attached across prompts, options, hints, feedback, narration, and generated surfaces.","Review clarity, naturalness, sentence and clause load, referents, vocabulary introduction, and read-aloud fit for the intended grade without diluting mathematics."
LANGUAGE-rad-02-03,P1,300,GRADE_LANGUAGE_REVIEW,OPEN_GRADE_BAND_LANGUAGE_REVIEW,content/courses/radicals-and-exponents/lessons/rad-02-03.json,rad-02-03,lesson,,3,1,5,4,"V4 language review is not yet attached across prompts, options, hints, feedback, narration, and generated surfaces.","Review clarity, naturalness, sentence and clause load, referents, vocabulary introduction, and read-aloud fit for the intended grade without diluting mathematics."
LANGUAGE-rad-03-01,P1,300,GRADE_LANGUAGE_REVIEW,OPEN_GRADE_BAND_LANGUAGE_REVIEW,content/courses/radicals-and-exponents/lessons/rad-03-01.json,rad-03-01,lesson,,3,1,5,4,"V4 language review is not yet attached across prompts, options, hints, feedback, narration, and generated surfaces.","Review clarity, naturalness, sentence and clause load, referents, vocabulary introduction, and read-aloud fit for the intended grade without diluting mathematics."
LANGUAGE-rad-03-02,P1,300,GRADE_LANGUAGE_REVIEW,OPEN_GRADE_BAND_LANGUAGE_REVIEW,content/courses/radicals-and-exponents/lessons/rad-03-02.json,rad-03-02,lesson,,3,1,5,4,"V4 language review is not yet attached across prompts, options, hints, feedback, narration, and generated surfaces.","Review clarity, naturalness, sentence and clause load, referents, vocabulary introduction, and read-aloud fit for the intended grade without diluting mathematics."
LANGUAGE-rad-03-03,P1,300,GRADE_LANGUAGE_REVIEW,OPEN_GRADE_BAND_LANGUAGE_REVIEW,content/courses/radicals-and-exponents/lessons/rad-03-03.json,rad-03-03,lesson,,3,1,5,4,"V4 language review is not yet attached across prompts, options, hints, feedback, narration, and generated surfaces.","Review clarity, naturalness, sentence and clause load, referents, vocabulary introduction, and read-aloud fit for the intended grade without diluting mathematics."
LANGUAGE-rad-04-01,P1,300,GRADE_LANGUAGE_REVIEW,OPEN_GRADE_BAND_LANGUAGE_REVIEW,content/courses/radicals-and-exponents/lessons/rad-04-01.json,rad-04-01,lesson,,3,1,5,4,"V4 language review is not yet attached across prompts, options, hints, feedback, narration, and generated surfaces.","Review clarity, naturalness, sentence and clause load, referents, vocabulary introduction, and read-aloud fit for the intended grade without diluting mathematics."
LANGUAGE-rad-04-02,P1,300,GRADE_LANGUAGE_REVIEW,OPEN_GRADE_BAND_LANGUAGE_REVIEW,content/courses/radicals-and-exponents/lessons/rad-04-02.json,rad-04-02,lesson,,3,1,5,4,"V4 language review is not yet attached across prompts, options, hints, feedback, narration, and generated surfaces.","Review clarity, naturalness, sentence and clause load, referents, vocabulary introduction, and read-aloud fit for the intended grade without diluting mathematics."
LANGUAGE-rad-04-03,P1,300,GRADE_LANGUAGE_REVIEW,OPEN_GRADE_BAND_LANGUAGE_REVIEW,content/courses/radicals-and-exponents/lessons/rad-04-03.json,rad-04-03,lesson,,3,1,5,4,"V4 language review is not yet attached across prompts, options, hints, feedback, narration, and generated surfaces.","Review clarity, naturalness, sentence and clause load, referents, vocabulary introduction, and read-aloud fit for the intended grade without diluting mathematics."
LANGUAGE-rt-01-04,P1,300,GRADE_LANGUAGE_REVIEW,OPEN_GRADE_BAND_LANGUAGE_REVIEW,content/courses/right-triangles-trig/lessons/rt-01-04.json,rt-01-04,lesson,,3,1,5,4,"V4 language review is not yet attached across prompts, options, hints, feedback, narration, and generated surfaces.","Review clarity, naturalness, sentence and clause load, referents, vocabulary introduction, and read-aloud fit for the intended grade without diluting mathematics."
LANGUAGE-rt-05-04,P1,300,GRADE_LANGUAGE_REVIEW,OPEN_GRADE_BAND_LANGUAGE_REVIEW,content/courses/right-triangles-trig/lessons/rt-05-04.json,rt-05-04,lesson,,3,1,5,4,"V4 language review is not yet attached across prompts, options, hints, feedback, narration, and generated surfaces.","Review clarity, naturalness, sentence and clause load, referents, vocabulary introduction, and read-aloud fit for the intended grade without diluting mathematics."
LANGUAGE-sc-02-02,P1,300,GRADE_LANGUAGE_REVIEW,OPEN_GRADE_BAND_LANGUAGE_REVIEW,content/courses/series-convergence/lessons/sc-02-02.json,sc-02-02,lesson,,3,1,5,4,"V4 language review is not yet attached across prompts, options, hints, feedback, narration, and generated surfaces.","Review clarity, naturalness, sentence and clause load, referents, vocabulary introduction, and read-aloud fit for the intended grade without diluting mathematics."
LANGUAGE-smg1-02-03,P1,300,GRADE_LANGUAGE_REVIEW,OPEN_GRADE_BAND_LANGUAGE_REVIEW,content/courses/shapes-measure-g1/lessons/smg1-02-03.json,smg1-02-03,lesson,,3,1,5,4,"V4 language review is not yet attached across prompts, options, hints, feedback, narration, and generated surfaces.","Review clarity, naturalness, sentence and clause load, referents, vocabulary introduction, and read-aloud fit for the intended grade without diluting mathematics."
LANGUAGE-tm-05-03,P1,300,GRADE_LANGUAGE_REVIEW,OPEN_GRADE_BAND_LANGUAGE_REVIEW,content/courses/transformations-measurement/lessons/tm-05-03.json,tm-05-03,lesson,,3,1,5,4,"V4 language review is not yet attached across prompts, options, hints, feedback, narration, and generated surfaces.","Review clarity, naturalness, sentence and clause load, referents, vocabulary introduction, and read-aloud fit for the intended grade without diluting mathematics."
LANGUAGE-tno-01-01,P1,300,GRADE_LANGUAGE_REVIEW,OPEN_GRADE_BAND_LANGUAGE_REVIEW,content/courses/tens-and-ones/lessons/tno-01-01.json,tno-01-01,lesson,,3,1,5,4,"V4 language review is not yet attached across prompts, options, hints, feedback, narration, and generated surfaces.","Review clarity, naturalness, sentence and clause load, referents, vocabulary introduction, and read-aloud fit for the intended grade without diluting mathematics."
LANGUAGE-tno-01-02,P1,300,GRADE_LANGUAGE_REVIEW,OPEN_GRADE_BAND_LANGUAGE_REVIEW,content/courses/tens-and-ones/lessons/tno-01-02.json,tno-01-02,lesson,,3,1,5,4,"V4 language review is not yet attached across prompts, options, hints, feedback, narration, and generated surfaces.","Review clarity, naturalness, sentence and clause load, referents, vocabulary introduction, and read-aloud fit for the intended grade without diluting mathematics."
LANGUAGE-tno-01-03,P1,300,GRADE_LANGUAGE_REVIEW,OPEN_GRADE_BAND_LANGUAGE_REVIEW,content/courses/tens-and-ones/lessons/tno-01-03.json,tno-01-03,lesson,,3,1,5,4,"V4 language review is not yet attached across prompts, options, hints, feedback, narration, and generated surfaces.","Review clarity, naturalness, sentence and clause load, referents, vocabulary introduction, and read-aloud fit for the intended grade without diluting mathematics."
LANGUAGE-tno-02-01,P1,300,GRADE_LANGUAGE_REVIEW,OPEN_GRADE_BAND_LANGUAGE_REVIEW,content/courses/tens-and-ones/lessons/tno-02-01.json,tno-02-01,lesson,,3,1,5,4,"V4 language review is not yet attached across prompts, options, hints, feedback, narration, and generated surfaces.","Review clarity, naturalness, sentence and clause load, referents, vocabulary introduction, and read-aloud fit for the intended grade without diluting mathematics."
LANGUAGE-tno-02-02,P1,300,GRADE_LANGUAGE_REVIEW,OPEN_GRADE_BAND_LANGUAGE_REVIEW,content/courses/tens-and-ones/lessons/tno-02-02.json,tno-02-02,lesson,,3,1,5,4,"V4 language review is not yet attached across prompts, options, hints, feedback, narration, and generated surfaces.","Review clarity, naturalness, sentence and clause load, referents, vocabulary introduction, and read-aloud fit for the intended grade without diluting mathematics."
LANGUAGE-tno-02-03,P1,300,GRADE_LANGUAGE_REVIEW,OPEN_GRADE_BAND_LANGUAGE_REVIEW,content/courses/tens-and-ones/lessons/tno-02-03.json,tno-02-03,lesson,,3,1,5,4,"V4 language review is not yet attached across prompts, options, hints, feedback, narration, and generated surfaces.","Review clarity, naturalness, sentence and clause load, referents, vocabulary introduction, and read-aloud fit for the intended grade without diluting mathematics."
LANGUAGE-tno-03-01,P1,300,GRADE_LANGUAGE_REVIEW,OPEN_GRADE_BAND_LANGUAGE_REVIEW,content/courses/tens-and-ones/lessons/tno-03-01.json,tno-03-01,lesson,,3,1,5,4,"V4 language review is not yet attached across prompts, options, hints, feedback, narration, and generated surfaces.","Review clarity, naturalness, sentence and clause load, referents, vocabulary introduction, and read-aloud fit for the intended grade without diluting mathematics."
LANGUAGE-tno-03-02,P1,300,GRADE_LANGUAGE_REVIEW,OPEN_GRADE_BAND_LANGUAGE_REVIEW,content/courses/tens-and-ones/lessons/tno-03-02.json,tno-03-02,lesson,,3,1,5,4,"V4 language review is not yet attached across prompts, options, hints, feedback, narration, and generated surfaces.","Review clarity, naturalness, sentence and clause load, referents, vocabulary introduction, and read-aloud fit for the intended grade without diluting mathematics."
LANGUAGE-tno-03-03,P1,300,GRADE_LANGUAGE_REVIEW,OPEN_GRADE_BAND_LANGUAGE_REVIEW,content/courses/tens-and-ones/lessons/tno-03-03.json,tno-03-03,lesson,,3,1,5,4,"V4 language review is not yet attached across prompts, options, hints, feedback, narration, and generated surfaces.","Review clarity, naturalness, sentence and clause load, referents, vocabulary introduction, and read-aloud fit for the intended grade without diluting mathematics."
LANGUAGE-tno-04-01,P1,300,GRADE_LANGUAGE_REVIEW,OPEN_GRADE_BAND_LANGUAGE_REVIEW,content/courses/tens-and-ones/lessons/tno-04-01.json,tno-04-01,lesson,,3,1,5,4,"V4 language review is not yet attached across prompts, options, hints, feedback, narration, and generated surfaces.","Review clarity, naturalness, sentence and clause load, referents, vocabulary introduction, and read-aloud fit for the intended grade without diluting mathematics."
LANGUAGE-tno-04-02,P1,300,GRADE_LANGUAGE_REVIEW,OPEN_GRADE_BAND_LANGUAGE_REVIEW,content/courses/tens-and-ones/lessons/tno-04-02.json,tno-04-02,lesson,,3,1,5,4,"V4 language review is not yet attached across prompts, options, hints, feedback, narration, and generated surfaces.","Review clarity, naturalness, sentence and clause load, referents, vocabulary introduction, and read-aloud fit for the intended grade without diluting mathematics."
LANGUAGE-tno-04-03,P1,300,GRADE_LANGUAGE_REVIEW,OPEN_GRADE_BAND_LANGUAGE_REVIEW,content/courses/tens-and-ones/lessons/tno-04-03.json,tno-04-03,lesson,,3,1,5,4,"V4 language review is not yet attached across prompts, options, hints, feedback, narration, and generated surfaces.","Review clarity, naturalness, sentence and clause load, referents, vocabulary introduction, and read-aloud fit for the intended grade without diluting mathematics."
LESSON-alg1-04-03,P1,300,LESSON_COMPLETE_DISPOSITION,OPEN_KEEP_REVISE_ESCALATE_DISPOSITION,content/courses/solving-equations/lessons/alg1-04-03.json,alg1-04-03,lesson,,3,1,5,5,"V4 requires one evidence-backed KEEP, REVISE, or ESCALATE disposition per lesson.","Review the complete lesson interaction, question-job progression, feedback truth, visual purpose, language fit, challenge demand, and deployment evidence."
LESSON-dc-03-01,P1,300,LESSON_COMPLETE_DISPOSITION,OPEN_KEEP_REVISE_ESCALATE_DISPOSITION,content/courses/derivatives-in-context/lessons/dc-03-01.json,dc-03-01,lesson,,3,1,5,5,"V4 requires one evidence-backed KEEP, REVISE, or ESCALATE disposition per lesson.","Review the complete lesson interaction, question-job progression, feedback truth, visual purpose, language fit, challenge demand, and deployment evidence."
LESSON-dgr1-02-01,P1,300,LESSON_COMPLETE_DISPOSITION,OPEN_KEEP_REVISE_ESCALATE_DISPOSITION,content/courses/data-graphs-g1/lessons/dgr1-02-01.json,dgr1-02-01,lesson,,3,1,5,5,"V4 requires one evidence-backed KEEP, REVISE, or ESCALATE disposition per lesson.","Review the complete lesson interaction, question-job progression, feedback truth, visual purpose, language fit, challenge demand, and deployment evidence."
LESSON-g1m-02-01,P1,300,LESSON_COMPLETE_DISPOSITION,OPEN_KEEP_REVISE_ESCALATE_DISPOSITION,content/courses/measure-length-g1/lessons/g1m-02-01.json,g1m-02-01,lesson,,3,1,5,5,"V4 requires one evidence-backed KEEP, REVISE, or ESCALATE disposition per lesson.","Review the complete lesson interaction, question-job progression, feedback truth, visual purpose, language fit, challenge demand, and deployment evidence."
LESSON-g1m-03-02,P1,300,LESSON_COMPLETE_DISPOSITION,OPEN_KEEP_REVISE_ESCALATE_DISPOSITION,content/courses/measure-length-g1/lessons/g1m-03-02.json,g1m-03-02,lesson,,3,1,5,5,"V4 requires one evidence-backed KEEP, REVISE, or ESCALATE disposition per lesson.","Review the complete lesson interaction, question-job progression, feedback truth, visual purpose, language fit, challenge demand, and deployment evidence."
LESSON-g1s-03-02,P1,300,LESSON_COMPLETE_DISPOSITION,OPEN_KEEP_REVISE_ESCALATE_DISPOSITION,content/courses/compose-shapes-g1/lessons/g1s-03-02.json,g1s-03-02,lesson,,3,1,5,5,"V4 requires one evidence-backed KEEP, REVISE, or ESCALATE disposition per lesson.","Review the complete lesson interaction, question-job progression, feedback truth, visual purpose, language fit, challenge demand, and deployment evidence."
LESSON-g1t-01-01,P1,300,LESSON_COMPLETE_DISPOSITION,OPEN_KEEP_REVISE_ESCALATE_DISPOSITION,content/courses/add-three-numbers-g1/lessons/g1t-01-01.json,g1t-01-01,lesson,,3,1,5,5,"V4 requires one evidence-backed KEEP, REVISE, or ESCALATE disposition per lesson.","Review the complete lesson interaction, question-job progression, feedback truth, visual purpose, language fit, challenge demand, and deployment evidence."
LESSON-g2a-02-01,P1,300,LESSON_COMPLETE_DISPOSITION,OPEN_KEEP_REVISE_ESCALATE_DISPOSITION,content/courses/arrays-even-odd-g2/lessons/g2a-02-01.json,g2a-02-01,lesson,,3,1,5,5,"V4 requires one evidence-backed KEEP, REVISE, or ESCALATE disposition per lesson.","Review the complete lesson interaction, question-job progression, feedback truth, visual purpose, language fit, challenge demand, and deployment evidence."
LESSON-g2a-02-03,P1,300,LESSON_COMPLETE_DISPOSITION,OPEN_KEEP_REVISE_ESCALATE_DISPOSITION,content/courses/arrays-even-odd-g2/lessons/g2a-02-03.json,g2a-02-03,lesson,,3,1,5,5,"V4 requires one evidence-backed KEEP, REVISE, or ESCALATE disposition per lesson.","Review the complete lesson interaction, question-job progression, feedback truth, visual purpose, language fit, challenge demand, and deployment evidence."
LESSON-g2g-02-01,P1,300,LESSON_COMPLETE_DISPOSITION,OPEN_KEEP_REVISE_ESCALATE_DISPOSITION,content/courses/data-line-plots-g2/lessons/g2g-02-01.json,g2g-02-01,lesson,,3,1,5,5,"V4 requires one evidence-backed KEEP, REVISE, or ESCALATE disposition per lesson.","Review the complete lesson interaction, question-job progression, feedback truth, visual purpose, language fit, challenge demand, and deployment evidence."
LESSON-g2g-02-03,P1,300,LESSON_COMPLETE_DISPOSITION,OPEN_KEEP_REVISE_ESCALATE_DISPOSITION,content/courses/data-line-plots-g2/lessons/g2g-02-03.json,g2g-02-03,lesson,,3,1,5,5,"V4 requires one evidence-backed KEEP, REVISE, or ESCALATE disposition per lesson.","Review the complete lesson interaction, question-job progression, feedback truth, visual purpose, language fit, challenge demand, and deployment evidence."
LESSON-g2n-01-01,P1,300,LESSON_COMPLETE_DISPOSITION,OPEN_KEEP_REVISE_ESCALATE_DISPOSITION,content/courses/four-addends-g2/lessons/g2n-01-01.json,g2n-01-01,lesson,,3,1,5,5,"V4 requires one evidence-backed KEEP, REVISE, or ESCALATE disposition per lesson.","Review the complete lesson interaction, question-job progression, feedback truth, visual purpose, language fit, challenge demand, and deployment evidence."
LESSON-g2p-01-03,P1,300,LESSON_COMPLETE_DISPOSITION,OPEN_KEEP_REVISE_ESCALATE_DISPOSITION,content/courses/length-problems-g2/lessons/g2p-01-03.json,g2p-01-03,lesson,,3,1,5,5,"V4 requires one evidence-backed KEEP, REVISE, or ESCALATE disposition per lesson.","Review the complete lesson interaction, question-job progression, feedback truth, visual purpose, language fit, challenge demand, and deployment evidence."
LESSON-g2p-02-02,P1,300,LESSON_COMPLETE_DISPOSITION,OPEN_KEEP_REVISE_ESCALATE_DISPOSITION,content/courses/length-problems-g2/lessons/g2p-02-02.json,g2p-02-02,lesson,,3,1,5,5,"V4 requires one evidence-backed KEEP, REVISE, or ESCALATE disposition per lesson.","Review the complete lesson interaction, question-job progression, feedback truth, visual purpose, language fit, challenge demand, and deployment evidence."
LESSON-g2p-02-03,P1,300,LESSON_COMPLETE_DISPOSITION,OPEN_KEEP_REVISE_ESCALATE_DISPOSITION,content/courses/length-problems-g2/lessons/g2p-02-03.json,g2p-02-03,lesson,,3,1,5,5,"V4 requires one evidence-backed KEEP, REVISE, or ESCALATE disposition per lesson.","Review the complete lesson interaction, question-job progression, feedback truth, visual purpose, language fit, challenge demand, and deployment evidence."
LESSON-g4p-03-01,P1,300,LESSON_COMPLETE_DISPOSITION,OPEN_KEEP_REVISE_ESCALATE_DISPOSITION,content/courses/patterns-factors-g4/lessons/g4p-03-01.json,g4p-03-01,lesson,,3,1,5,5,"V4 requires one evidence-backed KEEP, REVISE, or ESCALATE disposition per lesson.","Review the complete lesson interaction, question-job progression, feedback truth, visual purpose, language fit, challenge demand, and deployment evidence."
LESSON-g4s-01-02,P1,300,LESSON_COMPLETE_DISPOSITION,OPEN_KEEP_REVISE_ESCALATE_DISPOSITION,content/courses/multistep-g4/lessons/g4s-01-02.json,g4s-01-02,lesson,,3,1,5,5,"V4 requires one evidence-backed KEEP, REVISE, or ESCALATE disposition per lesson.","Review the complete lesson interaction, question-job progression, feedback truth, visual purpose, language fit, challenge demand, and deployment evidence."
LESSON-g4s-02-03,P1,300,LESSON_COMPLETE_DISPOSITION,OPEN_KEEP_REVISE_ESCALATE_DISPOSITION,content/courses/multistep-g4/lessons/g4s-02-03.json,g4s-02-03,lesson,,3,1,5,5,"V4 requires one evidence-backed KEEP, REVISE, or ESCALATE disposition per lesson.","Review the complete lesson interaction, question-job progression, feedback truth, visual purpose, language fit, challenge demand, and deployment evidence."
LESSON-g4s-03-01,P1,300,LESSON_COMPLETE_DISPOSITION,OPEN_KEEP_REVISE_ESCALATE_DISPOSITION,content/courses/multistep-g4/lessons/g4s-03-01.json,g4s-03-01,lesson,,3,1,5,5,"V4 requires one evidence-backed KEEP, REVISE, or ESCALATE disposition per lesson.","Review the complete lesson interaction, question-job progression, feedback truth, visual purpose, language fit, challenge demand, and deployment evidence."
LESSON-g4s-03-02,P1,300,LESSON_COMPLETE_DISPOSITION,OPEN_KEEP_REVISE_ESCALATE_DISPOSITION,content/courses/multistep-g4/lessons/g4s-03-02.json,g4s-03-02,lesson,,3,1,5,5,"V4 requires one evidence-backed KEEP, REVISE, or ESCALATE disposition per lesson.","Review the complete lesson interaction, question-job progression, feedback truth, visual purpose, language fit, challenge demand, and deployment evidence."
LESSON-g4v-02-04,P1,300,LESSON_COMPLETE_DISPOSITION,OPEN_KEEP_REVISE_ESCALATE_DISPOSITION,content/courses/measure-problems-g4/lessons/g4v-02-04.json,g4v-02-04,lesson,,3,1,5,5,"V4 requires one evidence-backed KEEP, REVISE, or ESCALATE disposition per lesson.","Review the complete lesson interaction, question-job progression, feedback truth, visual purpose, language fit, challenge demand, and deployment evidence."
LESSON-g5l-02-01,P1,300,LESSON_COMPLETE_DISPOSITION,OPEN_KEEP_REVISE_ESCALATE_DISPOSITION,content/courses/long-division-g5/lessons/g5l-02-01.json,g5l-02-01,lesson,,3,1,5,5,"V4 requires one evidence-backed KEEP, REVISE, or ESCALATE disposition per lesson.","Review the complete lesson interaction, question-job progression, feedback truth, visual purpose, language fit, challenge demand, and deployment evidence."
LESSON-g5l-02-02,P1,300,LESSON_COMPLETE_DISPOSITION,OPEN_KEEP_REVISE_ESCALATE_DISPOSITION,content/courses/long-division-g5/lessons/g5l-02-02.json,g5l-02-02,lesson,,3,1,5,5,"V4 requires one evidence-backed KEEP, REVISE, or ESCALATE disposition per lesson.","Review the complete lesson interaction, question-job progression, feedback truth, visual purpose, language fit, challenge demand, and deployment evidence."
LESSON-g5l-03-01,P1,300,LESSON_COMPLETE_DISPOSITION,OPEN_KEEP_REVISE_ESCALATE_DISPOSITION,content/courses/long-division-g5/lessons/g5l-03-01.json,g5l-03-01,lesson,,3,1,5,5,"V4 requires one evidence-backed KEEP, REVISE, or ESCALATE disposition per lesson.","Review the complete lesson interaction, question-job progression, feedback truth, visual purpose, language fit, challenge demand, and deployment evidence."
LESSON-g5v-01-01,P1,300,LESSON_COMPLETE_DISPOSITION,OPEN_KEEP_REVISE_ESCALATE_DISPOSITION,content/courses/volume-problems-g5/lessons/g5v-01-01.json,g5v-01-01,lesson,,3,1,5,5,"V4 requires one evidence-backed KEEP, REVISE, or ESCALATE disposition per lesson.","Review the complete lesson interaction, question-job progression, feedback truth, visual purpose, language fit, challenge demand, and deployment evidence."
LESSON-g5v-01-02,P1,300,LESSON_COMPLETE_DISPOSITION,OPEN_KEEP_REVISE_ESCALATE_DISPOSITION,content/courses/volume-problems-g5/lessons/g5v-01-02.json,g5v-01-02,lesson,,3,1,5,5,"V4 requires one evidence-backed KEEP, REVISE, or ESCALATE disposition per lesson.","Review the complete lesson interaction, question-job progression, feedback truth, visual purpose, language fit, challenge demand, and deployment evidence."
LESSON-g5v-02-02,P1,300,LESSON_COMPLETE_DISPOSITION,OPEN_KEEP_REVISE_ESCALATE_DISPOSITION,content/courses/volume-problems-g5/lessons/g5v-02-02.json,g5v-02-02,lesson,,3,1,5,5,"V4 requires one evidence-backed KEEP, REVISE, or ESCALATE disposition per lesson.","Review the complete lesson interaction, question-job progression, feedback truth, visual purpose, language fit, challenge demand, and deployment evidence."
LESSON-g5v-03-01,P1,300,LESSON_COMPLETE_DISPOSITION,OPEN_KEEP_REVISE_ESCALATE_DISPOSITION,content/courses/volume-problems-g5/lessons/g5v-03-01.json,g5v-03-01,lesson,,3,1,5,5,"V4 requires one evidence-backed KEEP, REVISE, or ESCALATE disposition per lesson.","Review the complete lesson interaction, question-job progression, feedback truth, visual purpose, language fit, challenge demand, and deployment evidence."
LESSON-g5v-03-03,P1,300,LESSON_COMPLETE_DISPOSITION,OPEN_KEEP_REVISE_ESCALATE_DISPOSITION,content/courses/volume-problems-g5/lessons/g5v-03-03.json,g5v-03-03,lesson,,3,1,5,5,"V4 requires one evidence-backed KEEP, REVISE, or ESCALATE disposition per lesson.","Review the complete lesson interaction, question-job progression, feedback truth, visual purpose, language fit, challenge demand, and deployment evidence."
LESSON-ia-01-02,P1,300,LESSON_COMPLETE_DISPOSITION,OPEN_KEEP_REVISE_ESCALATE_DISPOSITION,content/courses/integration-applications/lessons/ia-01-02.json,ia-01-02,lesson,,3,1,5,5,"V4 requires one evidence-backed KEEP, REVISE, or ESCALATE disposition per lesson.","Review the complete lesson interaction, question-job progression, feedback truth, visual purpose, language fit, challenge demand, and deployment evidence."
LESSON-ia-02-01,P1,300,LESSON_COMPLETE_DISPOSITION,OPEN_KEEP_REVISE_ESCALATE_DISPOSITION,content/courses/integration-applications/lessons/ia-02-01.json,ia-02-01,lesson,,3,1,5,5,"V4 requires one evidence-backed KEEP, REVISE, or ESCALATE disposition per lesson.","Review the complete lesson interaction, question-job progression, feedback truth, visual purpose, language fit, challenge demand, and deployment evidence."
LESSON-kc-03-01,P1,300,LESSON_COMPLETE_DISPOSITION,OPEN_KEEP_REVISE_ESCALATE_DISPOSITION,content/courses/counting-to-20-k/lessons/kc-03-01.json,kc-03-01,lesson,,3,1,5,5,"V4 requires one evidence-backed KEEP, REVISE, or ESCALATE disposition per lesson.","Review the complete lesson interaction, question-job progression, feedback truth, visual purpose, language fit, challenge demand, and deployment evidence."
LESSON-kcm-01-01,P1,300,LESSON_COMPLETE_DISPOSITION,OPEN_KEEP_REVISE_ESCALATE_DISPOSITION,content/courses/compare-numbers-k/lessons/kcm-01-01.json,kcm-01-01,lesson,,3,1,5,5,"V4 requires one evidence-backed KEEP, REVISE, or ESCALATE disposition per lesson.","Review the complete lesson interaction, question-job progression, feedback truth, visual purpose, language fit, challenge demand, and deployment evidence."
LESSON-kcm-02-01,P1,300,LESSON_COMPLETE_DISPOSITION,OPEN_KEEP_REVISE_ESCALATE_DISPOSITION,content/courses/compare-numbers-k/lessons/kcm-02-01.json,kcm-02-01,lesson,,3,1,5,5,"V4 requires one evidence-backed KEEP, REVISE, or ESCALATE disposition per lesson.","Review the complete lesson interaction, question-job progression, feedback truth, visual purpose, language fit, challenge demand, and deployment evidence."
LESSON-kcw-02-03,P1,300,LESSON_COMPLETE_DISPOSITION,OPEN_KEEP_REVISE_ESCALATE_DISPOSITION,content/courses/number-writing-k/lessons/kcw-02-03.json,kcw-02-03,lesson,,3,1,5,5,"V4 requires one evidence-backed KEEP, REVISE, or ESCALATE disposition per lesson.","Review the complete lesson interaction, question-job progression, feedback truth, visual purpose, language fit, challenge demand, and deployment evidence."
LESSON-kcw-03-01,P1,300,LESSON_COMPLETE_DISPOSITION,OPEN_KEEP_REVISE_ESCALATE_DISPOSITION,content/courses/number-writing-k/lessons/kcw-03-01.json,kcw-03-01,lesson,,3,1,5,5,"V4 requires one evidence-backed KEEP, REVISE, or ESCALATE disposition per lesson.","Review the complete lesson interaction, question-job progression, feedback truth, visual purpose, language fit, challenge demand, and deployment evidence."
LESSON-kcw-03-04,P1,300,LESSON_COMPLETE_DISPOSITION,OPEN_KEEP_REVISE_ESCALATE_DISPOSITION,content/courses/number-writing-k/lessons/kcw-03-04.json,kcw-03-04,lesson,,3,1,5,5,"V4 requires one evidence-backed KEEP, REVISE, or ESCALATE disposition per lesson.","Review the complete lesson interaction, question-job progression, feedback truth, visual purpose, language fit, challenge demand, and deployment evidence."
LESSON-kgb-01-03,P1,300,LESSON_COMPLETE_DISPOSITION,OPEN_KEEP_REVISE_ESCALATE_DISPOSITION,content/courses/shapes-build-k/lessons/kgb-01-03.json,kgb-01-03,lesson,,3,1,5,5,"V4 requires one evidence-backed KEEP, REVISE, or ESCALATE disposition per lesson.","Review the complete lesson interaction, question-job progression, feedback truth, visual purpose, language fit, challenge demand, and deployment evidence."
LESSON-kgb-02-02,P1,300,LESSON_COMPLETE_DISPOSITION,OPEN_KEEP_REVISE_ESCALATE_DISPOSITION,content/courses/shapes-build-k/lessons/kgb-02-02.json,kgb-02-02,lesson,,3,1,5,5,"V4 requires one evidence-backed KEEP, REVISE, or ESCALATE disposition per lesson.","Review the complete lesson interaction, question-job progression, feedback truth, visual purpose, language fit, challenge demand, and deployment evidence."
LESSON-kgb-02-03,P1,300,LESSON_COMPLETE_DISPOSITION,OPEN_KEEP_REVISE_ESCALATE_DISPOSITION,content/courses/shapes-build-k/lessons/kgb-02-03.json,kgb-02-03,lesson,,3,1,5,5,"V4 requires one evidence-backed KEEP, REVISE, or ESCALATE disposition per lesson.","Review the complete lesson interaction, question-job progression, feedback truth, visual purpose, language fit, challenge demand, and deployment evidence."
LESSON-khm-01-01,P1,300,LESSON_COMPLETE_DISPOSITION,OPEN_KEEP_REVISE_ESCALATE_DISPOSITION,content/courses/how-many-k/lessons/khm-01-01.json,khm-01-01,lesson,,3,1,5,5,"V4 requires one evidence-backed KEEP, REVISE, or ESCALATE disposition per lesson.","Review the complete lesson interaction, question-job progression, feedback truth, visual purpose, language fit, challenge demand, and deployment evidence."
LESSON-khm-01-03,P1,300,LESSON_COMPLETE_DISPOSITION,OPEN_KEEP_REVISE_ESCALATE_DISPOSITION,content/courses/how-many-k/lessons/khm-01-03.json,khm-01-03,lesson,,3,1,5,5,"V4 requires one evidence-backed KEEP, REVISE, or ESCALATE disposition per lesson.","Review the complete lesson interaction, question-job progression, feedback truth, visual purpose, language fit, challenge demand, and deployment evidence."
LESSON-kmd-01-01,P1,300,LESSON_COMPLETE_DISPOSITION,OPEN_KEEP_REVISE_ESCALATE_DISPOSITION,content/courses/measure-compare-k/lessons/kmd-01-01.json,kmd-01-01,lesson,,3,1,5,5,"V4 requires one evidence-backed KEEP, REVISE, or ESCALATE disposition per lesson.","Review the complete lesson interaction, question-job progression, feedback truth, visual purpose, language fit, challenge demand, and deployment evidence."
LESSON-kmd-01-02,P1,300,LESSON_COMPLETE_DISPOSITION,OPEN_KEEP_REVISE_ESCALATE_DISPOSITION,content/courses/measure-compare-k/lessons/kmd-01-02.json,kmd-01-02,lesson,,3,1,5,5,"V4 requires one evidence-backed KEEP, REVISE, or ESCALATE disposition per lesson.","Review the complete lesson interaction, question-job progression, feedback truth, visual purpose, language fit, challenge demand, and deployment evidence."
LESSON-kmd-01-03,P1,300,LESSON_COMPLETE_DISPOSITION,OPEN_KEEP_REVISE_ESCALATE_DISPOSITION,content/courses/measure-compare-k/lessons/kmd-01-03.json,kmd-01-03,lesson,,3,1,5,5,"V4 requires one evidence-backed KEEP, REVISE, or ESCALATE disposition per lesson.","Review the complete lesson interaction, question-job progression, feedback truth, visual purpose, language fit, challenge demand, and deployment evidence."
LESSON-kmd-02-01,P1,300,LESSON_COMPLETE_DISPOSITION,OPEN_KEEP_REVISE_ESCALATE_DISPOSITION,content/courses/measure-compare-k/lessons/kmd-02-01.json,kmd-02-01,lesson,,3,1,5,5,"V4 requires one evidence-backed KEEP, REVISE, or ESCALATE disposition per lesson.","Review the complete lesson interaction, question-job progression, feedback truth, visual purpose, language fit, challenge demand, and deployment evidence."
LESSON-kmd-03-01,P1,300,LESSON_COMPLETE_DISPOSITION,OPEN_KEEP_REVISE_ESCALATE_DISPOSITION,content/courses/measure-compare-k/lessons/kmd-03-01.json,kmd-03-01,lesson,,3,1,5,5,"V4 requires one evidence-backed KEEP, REVISE, or ESCALATE disposition per lesson.","Review the complete lesson interaction, question-job progression, feedback truth, visual purpose, language fit, challenge demand, and deployment evidence."
LESSON-knb-01-01,P1,300,LESSON_COMPLETE_DISPOSITION,OPEN_KEEP_REVISE_ESCALATE_DISPOSITION,content/courses/teen-numbers-k/lessons/knb-01-01.json,knb-01-01,lesson,,3,1,5,5,"V4 requires one evidence-backed KEEP, REVISE, or ESCALATE disposition per lesson.","Review the complete lesson interaction, question-job progression, feedback truth, visual purpose, language fit, challenge demand, and deployment evidence."
LESSON-knb-01-02,P1,300,LESSON_COMPLETE_DISPOSITION,OPEN_KEEP_REVISE_ESCALATE_DISPOSITION,content/courses/teen-numbers-k/lessons/knb-01-02.json,knb-01-02,lesson,,3,1,5,5,"V4 requires one evidence-backed KEEP, REVISE, or ESCALATE disposition per lesson.","Review the complete lesson interaction, question-job progression, feedback truth, visual purpose, language fit, challenge demand, and deployment evidence."
LESSON-knb-01-03,P1,300,LESSON_COMPLETE_DISPOSITION,OPEN_KEEP_REVISE_ESCALATE_DISPOSITION,content/courses/teen-numbers-k/lessons/knb-01-03.json,knb-01-03,lesson,,3,1,5,5,"V4 requires one evidence-backed KEEP, REVISE, or ESCALATE disposition per lesson.","Review the complete lesson interaction, question-job progression, feedback truth, visual purpose, language fit, challenge demand, and deployment evidence."
LESSON-knb-02-02,P1,300,LESSON_COMPLETE_DISPOSITION,OPEN_KEEP_REVISE_ESCALATE_DISPOSITION,content/courses/teen-numbers-k/lessons/knb-02-02.json,knb-02-02,lesson,,3,1,5,5,"V4 requires one evidence-backed KEEP, REVISE, or ESCALATE disposition per lesson.","Review the complete lesson interaction, question-job progression, feedback truth, visual purpose, language fit, challenge demand, and deployment evidence."
LESSON-pv1000-01-01,P1,300,LESSON_COMPLETE_DISPOSITION,OPEN_KEEP_REVISE_ESCALATE_DISPOSITION,content/courses/place-value-1000/lessons/pv1000-01-01.json,pv1000-01-01,lesson,,3,1,5,5,"V4 requires one evidence-backed KEEP, REVISE, or ESCALATE disposition per lesson.","Review the complete lesson interaction, question-job progression, feedback truth, visual purpose, language fit, challenge demand, and deployment evidence."
LESSON-pv1000-01-02,P1,300,LESSON_COMPLETE_DISPOSITION,OPEN_KEEP_REVISE_ESCALATE_DISPOSITION,content/courses/place-value-1000/lessons/pv1000-01-02.json,pv1000-01-02,lesson,,3,1,5,5,"V4 requires one evidence-backed KEEP, REVISE, or ESCALATE disposition per lesson.","Review the complete lesson interaction, question-job progression, feedback truth, visual purpose, language fit, challenge demand, and deployment evidence."
LESSON-pv1000-01-03,P1,300,LESSON_COMPLETE_DISPOSITION,OPEN_KEEP_REVISE_ESCALATE_DISPOSITION,content/courses/place-value-1000/lessons/pv1000-01-03.json,pv1000-01-03,lesson,,3,1,5,5,"V4 requires one evidence-backed KEEP, REVISE, or ESCALATE disposition per lesson.","Review the complete lesson interaction, question-job progression, feedback truth, visual purpose, language fit, challenge demand, and deployment evidence."
LESSON-pv1000-02-01,P1,300,LESSON_COMPLETE_DISPOSITION,OPEN_KEEP_REVISE_ESCALATE_DISPOSITION,content/courses/place-value-1000/lessons/pv1000-02-01.json,pv1000-02-01,lesson,,3,1,5,5,"V4 requires one evidence-backed KEEP, REVISE, or ESCALATE disposition per lesson.","Review the complete lesson interaction, question-job progression, feedback truth, visual purpose, language fit, challenge demand, and deployment evidence."
LESSON-pv1000-02-02,P1,300,LESSON_COMPLETE_DISPOSITION,OPEN_KEEP_REVISE_ESCALATE_DISPOSITION,content/courses/place-value-1000/lessons/pv1000-02-02.json,pv1000-02-02,lesson,,3,1,5,5,"V4 requires one evidence-backed KEEP, REVISE, or ESCALATE disposition per lesson.","Review the complete lesson interaction, question-job progression, feedback truth, visual purpose, language fit, challenge demand, and deployment evidence."
LESSON-pv1000-02-03,P1,300,LESSON_COMPLETE_DISPOSITION,OPEN_KEEP_REVISE_ESCALATE_DISPOSITION,content/courses/place-value-1000/lessons/pv1000-02-03.json,pv1000-02-03,lesson,,3,1,5,5,"V4 requires one evidence-backed KEEP, REVISE, or ESCALATE disposition per lesson.","Review the complete lesson interaction, question-job progression, feedback truth, visual purpose, language fit, challenge demand, and deployment evidence."
LESSON-pv1000-03-01,P1,300,LESSON_COMPLETE_DISPOSITION,OPEN_KEEP_REVISE_ESCALATE_DISPOSITION,content/courses/place-value-1000/lessons/pv1000-03-01.json,pv1000-03-01,lesson,,3,1,5,5,"V4 requires one evidence-backed KEEP, REVISE, or ESCALATE disposition per lesson.","Review the complete lesson interaction, question-job progression, feedback truth, visual purpose, language fit, challenge demand, and deployment evidence."
LESSON-pv1000-03-02,P1,300,LESSON_COMPLETE_DISPOSITION,OPEN_KEEP_REVISE_ESCALATE_DISPOSITION,content/courses/place-value-1000/lessons/pv1000-03-02.json,pv1000-03-02,lesson,,3,1,5,5,"V4 requires one evidence-backed KEEP, REVISE, or ESCALATE disposition per lesson.","Review the complete lesson interaction, question-job progression, feedback truth, visual purpose, language fit, challenge demand, and deployment evidence."
LESSON-pv1000-03-03,P1,300,LESSON_COMPLETE_DISPOSITION,OPEN_KEEP_REVISE_ESCALATE_DISPOSITION,content/courses/place-value-1000/lessons/pv1000-03-03.json,pv1000-03-03,lesson,,3,1,5,5,"V4 requires one evidence-backed KEEP, REVISE, or ESCALATE disposition per lesson.","Review the complete lesson interaction, question-job progression, feedback truth, visual purpose, language fit, challenge demand, and deployment evidence."
LESSON-pv1000-04-01,P1,300,LESSON_COMPLETE_DISPOSITION,OPEN_KEEP_REVISE_ESCALATE_DISPOSITION,content/courses/place-value-1000/lessons/pv1000-04-01.json,pv1000-04-01,lesson,,3,1,5,5,"V4 requires one evidence-backed KEEP, REVISE, or ESCALATE disposition per lesson.","Review the complete lesson interaction, question-job progression, feedback truth, visual purpose, language fit, challenge demand, and deployment evidence."
LESSON-pv1000-04-02,P1,300,LESSON_COMPLETE_DISPOSITION,OPEN_KEEP_REVISE_ESCALATE_DISPOSITION,content/courses/place-value-1000/lessons/pv1000-04-02.json,pv1000-04-02,lesson,,3,1,5,5,"V4 requires one evidence-backed KEEP, REVISE, or ESCALATE disposition per lesson.","Review the complete lesson interaction, question-job progression, feedback truth, visual purpose, language fit, challenge demand, and deployment evidence."
LESSON-pv1000-04-03,P1,300,LESSON_COMPLETE_DISPOSITION,OPEN_KEEP_REVISE_ESCALATE_DISPOSITION,content/courses/place-value-1000/lessons/pv1000-04-03.json,pv1000-04-03,lesson,,3,1,5,5,"V4 requires one evidence-backed KEEP, REVISE, or ESCALATE disposition per lesson.","Review the complete lesson interaction, question-job progression, feedback truth, visual purpose, language fit, challenge demand, and deployment evidence."
LESSON-rad-01-01,P1,300,LESSON_COMPLETE_DISPOSITION,OPEN_KEEP_REVISE_ESCALATE_DISPOSITION,content/courses/radicals-and-exponents/lessons/rad-01-01.json,rad-01-01,lesson,,3,1,5,5,"V4 requires one evidence-backed KEEP, REVISE, or ESCALATE disposition per lesson.","Review the complete lesson interaction, question-job progression, feedback truth, visual purpose, language fit, challenge demand, and deployment evidence."
LESSON-rad-01-02,P1,300,LESSON_COMPLETE_DISPOSITION,OPEN_KEEP_REVISE_ESCALATE_DISPOSITION,content/courses/radicals-and-exponents/lessons/rad-01-02.json,rad-01-02,lesson,,3,1,5,5,"V4 requires one evidence-backed KEEP, REVISE, or ESCALATE disposition per lesson.","Review the complete lesson interaction, question-job progression, feedback truth, visual purpose, language fit, challenge demand, and deployment evidence."
LESSON-rad-01-03,P1,300,LESSON_COMPLETE_DISPOSITION,OPEN_KEEP_REVISE_ESCALATE_DISPOSITION,content/courses/radicals-and-exponents/lessons/rad-01-03.json,rad-01-03,lesson,,3,1,5,5,"V4 requires one evidence-backed KEEP, REVISE, or ESCALATE disposition per lesson.","Review the complete lesson interaction, question-job progression, feedback truth, visual purpose, language fit, challenge demand, and deployment evidence."
LESSON-rad-02-01,P1,300,LESSON_COMPLETE_DISPOSITION,OPEN_KEEP_REVISE_ESCALATE_DISPOSITION,content/courses/radicals-and-exponents/lessons/rad-02-01.json,rad-02-01,lesson,,3,1,5,5,"V4 requires one evidence-backed KEEP, REVISE, or ESCALATE disposition per lesson.","Review the complete lesson interaction, question-job progression, feedback truth, visual purpose, language fit, challenge demand, and deployment evidence."
LESSON-rad-02-02,P1,300,LESSON_COMPLETE_DISPOSITION,OPEN_KEEP_REVISE_ESCALATE_DISPOSITION,content/courses/radicals-and-exponents/lessons/rad-02-02.json,rad-02-02,lesson,,3,1,5,5,"V4 requires one evidence-backed KEEP, REVISE, or ESCALATE disposition per lesson.","Review the complete lesson interaction, question-job progression, feedback truth, visual purpose, language fit, challenge demand, and deployment evidence."
LESSON-rad-02-03,P1,300,LESSON_COMPLETE_DISPOSITION,OPEN_KEEP_REVISE_ESCALATE_DISPOSITION,content/courses/radicals-and-exponents/lessons/rad-02-03.json,rad-02-03,lesson,,3,1,5,5,"V4 requires one evidence-backed KEEP, REVISE, or ESCALATE disposition per lesson.","Review the complete lesson interaction, question-job progression, feedback truth, visual purpose, language fit, challenge demand, and deployment evidence."
LESSON-rad-03-01,P1,300,LESSON_COMPLETE_DISPOSITION,OPEN_KEEP_REVISE_ESCALATE_DISPOSITION,content/courses/radicals-and-exponents/lessons/rad-03-01.json,rad-03-01,lesson,,3,1,5,5,"V4 requires one evidence-backed KEEP, REVISE, or ESCALATE disposition per lesson.","Review the complete lesson interaction, question-job progression, feedback truth, visual purpose, language fit, challenge demand, and deployment evidence."
LESSON-rad-03-02,P1,300,LESSON_COMPLETE_DISPOSITION,OPEN_KEEP_REVISE_ESCALATE_DISPOSITION,content/courses/radicals-and-exponents/lessons/rad-03-02.json,rad-03-02,lesson,,3,1,5,5,"V4 requires one evidence-backed KEEP, REVISE, or ESCALATE disposition per lesson.","Review the complete lesson interaction, question-job progression, feedback truth, visual purpose, language fit, challenge demand, and deployment evidence."
LESSON-rad-03-03,P1,300,LESSON_COMPLETE_DISPOSITION,OPEN_KEEP_REVISE_ESCALATE_DISPOSITION,content/courses/radicals-and-exponents/lessons/rad-03-03.json,rad-03-03,lesson,,3,1,5,5,"V4 requires one evidence-backed KEEP, REVISE, or ESCALATE disposition per lesson.","Review the complete lesson interaction, question-job progression, feedback truth, visual purpose, language fit, challenge demand, and deployment evidence."
LESSON-rad-04-01,P1,300,LESSON_COMPLETE_DISPOSITION,OPEN_KEEP_REVISE_ESCALATE_DISPOSITION,content/courses/radicals-and-exponents/lessons/rad-04-01.json,rad-04-01,lesson,,3,1,5,5,"V4 requires one evidence-backed KEEP, REVISE, or ESCALATE disposition per lesson.","Review the complete lesson interaction, question-job progression, feedback truth, visual purpose, language fit, challenge demand, and deployment evidence."
LESSON-rad-04-02,P1,300,LESSON_COMPLETE_DISPOSITION,OPEN_KEEP_REVISE_ESCALATE_DISPOSITION,content/courses/radicals-and-exponents/lessons/rad-04-02.json,rad-04-02,lesson,,3,1,5,5,"V4 requires one evidence-backed KEEP, REVISE, or ESCALATE disposition per lesson.","Review the complete lesson interaction, question-job progression, feedback truth, visual purpose, language fit, challenge demand, and deployment evidence."
LESSON-rad-04-03,P1,300,LESSON_COMPLETE_DISPOSITION,OPEN_KEEP_REVISE_ESCALATE_DISPOSITION,content/courses/radicals-and-exponents/lessons/rad-04-03.json,rad-04-03,lesson,,3,1,5,5,"V4 requires one evidence-backed KEEP, REVISE, or ESCALATE disposition per lesson.","Review the complete lesson interaction, question-job progression, feedback truth, visual purpose, language fit, challenge demand, and deployment evidence."
LESSON-rt-01-04,P1,300,LESSON_COMPLETE_DISPOSITION,OPEN_KEEP_REVISE_ESCALATE_DISPOSITION,content/courses/right-triangles-trig/lessons/rt-01-04.json,rt-01-04,lesson,,3,1,5,5,"V4 requires one evidence-backed KEEP, REVISE, or ESCALATE disposition per lesson.","Review the complete lesson interaction, question-job progression, feedback truth, visual purpose, language fit, challenge demand, and deployment evidence."
LESSON-rt-05-04,P1,300,LESSON_COMPLETE_DISPOSITION,OPEN_KEEP_REVISE_ESCALATE_DISPOSITION,content/courses/right-triangles-trig/lessons/rt-05-04.json,rt-05-04,lesson,,3,1,5,5,"V4 requires one evidence-backed KEEP, REVISE, or ESCALATE disposition per lesson.","Review the complete lesson interaction, question-job progression, feedback truth, visual purpose, language fit, challenge demand, and deployment evidence."
LESSON-sc-02-02,P1,300,LESSON_COMPLETE_DISPOSITION,OPEN_KEEP_REVISE_ESCALATE_DISPOSITION,content/courses/series-convergence/lessons/sc-02-02.json,sc-02-02,lesson,,3,1,5,5,"V4 requires one evidence-backed KEEP, REVISE, or ESCALATE disposition per lesson.","Review the complete lesson interaction, question-job progression, feedback truth, visual purpose, language fit, challenge demand, and deployment evidence."
LESSON-smg1-02-03,P1,300,LESSON_COMPLETE_DISPOSITION,OPEN_KEEP_REVISE_ESCALATE_DISPOSITION,content/courses/shapes-measure-g1/lessons/smg1-02-03.json,smg1-02-03,lesson,,3,1,5,5,"V4 requires one evidence-backed KEEP, REVISE, or ESCALATE disposition per lesson.","Review the complete lesson interaction, question-job progression, feedback truth, visual purpose, language fit, challenge demand, and deployment evidence."
LESSON-tm-05-03,P1,300,LESSON_COMPLETE_DISPOSITION,OPEN_KEEP_REVISE_ESCALATE_DISPOSITION,content/courses/transformations-measurement/lessons/tm-05-03.json,tm-05-03,lesson,,3,1,5,5,"V4 requires one evidence-backed KEEP, REVISE, or ESCALATE disposition per lesson.","Review the complete lesson interaction, question-job progression, feedback truth, visual purpose, language fit, challenge demand, and deployment evidence."
LESSON-tno-01-01,P1,300,LESSON_COMPLETE_DISPOSITION,OPEN_KEEP_REVISE_ESCALATE_DISPOSITION,content/courses/tens-and-ones/lessons/tno-01-01.json,tno-01-01,lesson,,3,1,5,5,"V4 requires one evidence-backed KEEP, REVISE, or ESCALATE disposition per lesson.","Review the complete lesson interaction, question-job progression, feedback truth, visual purpose, language fit, challenge demand, and deployment evidence."
LESSON-tno-01-02,P1,300,LESSON_COMPLETE_DISPOSITION,OPEN_KEEP_REVISE_ESCALATE_DISPOSITION,content/courses/tens-and-ones/lessons/tno-01-02.json,tno-01-02,lesson,,3,1,5,5,"V4 requires one evidence-backed KEEP, REVISE, or ESCALATE disposition per lesson.","Review the complete lesson interaction, question-job progression, feedback truth, visual purpose, language fit, challenge demand, and deployment evidence."
LESSON-tno-01-03,P1,300,LESSON_COMPLETE_DISPOSITION,OPEN_KEEP_REVISE_ESCALATE_DISPOSITION,content/courses/tens-and-ones/lessons/tno-01-03.json,tno-01-03,lesson,,3,1,5,5,"V4 requires one evidence-backed KEEP, REVISE, or ESCALATE disposition per lesson.","Review the complete lesson interaction, question-job progression, feedback truth, visual purpose, language fit, challenge demand, and deployment evidence."
LESSON-tno-02-01,P1,300,LESSON_COMPLETE_DISPOSITION,OPEN_KEEP_REVISE_ESCALATE_DISPOSITION,content/courses/tens-and-ones/lessons/tno-02-01.json,tno-02-01,lesson,,3,1,5,5,"V4 requires one evidence-backed KEEP, REVISE, or ESCALATE disposition per lesson.","Review the complete lesson interaction, question-job progression, feedback truth, visual purpose, language fit, challenge demand, and deployment evidence."
LESSON-tno-02-02,P1,300,LESSON_COMPLETE_DISPOSITION,OPEN_KEEP_REVISE_ESCALATE_DISPOSITION,content/courses/tens-and-ones/lessons/tno-02-02.json,tno-02-02,lesson,,3,1,5,5,"V4 requires one evidence-backed KEEP, REVISE, or ESCALATE disposition per lesson.","Review the complete lesson interaction, question-job progression, feedback truth, visual purpose, language fit, challenge demand, and deployment evidence."
LESSON-tno-02-03,P1,300,LESSON_COMPLETE_DISPOSITION,OPEN_KEEP_REVISE_ESCALATE_DISPOSITION,content/courses/tens-and-ones/lessons/tno-02-03.json,tno-02-03,lesson,,3,1,5,5,"V4 requires one evidence-backed KEEP, REVISE, or ESCALATE disposition per lesson.","Review the complete lesson interaction, question-job progression, feedback truth, visual purpose, language fit, challenge demand, and deployment evidence."
LESSON-tno-03-01,P1,300,LESSON_COMPLETE_DISPOSITION,OPEN_KEEP_REVISE_ESCALATE_DISPOSITION,content/courses/tens-and-ones/lessons/tno-03-01.json,tno-03-01,lesson,,3,1,5,5,"V4 requires one evidence-backed KEEP, REVISE, or ESCALATE disposition per lesson.","Review the complete lesson interaction, question-job progression, feedback truth, visual purpose, language fit, challenge demand, and deployment evidence."
LESSON-tno-03-02,P1,300,LESSON_COMPLETE_DISPOSITION,OPEN_KEEP_REVISE_ESCALATE_DISPOSITION,content/courses/tens-and-ones/lessons/tno-03-02.json,tno-03-02,lesson,,3,1,5,5,"V4 requires one evidence-backed KEEP, REVISE, or ESCALATE disposition per lesson.","Review the complete lesson interaction, question-job progression, feedback truth, visual purpose, language fit, challenge demand, and deployment evidence."
LESSON-tno-03-03,P1,300,LESSON_COMPLETE_DISPOSITION,OPEN_KEEP_REVISE_ESCALATE_DISPOSITION,content/courses/tens-and-ones/lessons/tno-03-03.json,tno-03-03,lesson,,3,1,5,5,"V4 requires one evidence-backed KEEP, REVISE, or ESCALATE disposition per lesson.","Review the complete lesson interaction, question-job progression, feedback truth, visual purpose, language fit, challenge demand, and deployment evidence."
LESSON-tno-04-01,P1,300,LESSON_COMPLETE_DISPOSITION,OPEN_KEEP_REVISE_ESCALATE_DISPOSITION,content/courses/tens-and-ones/lessons/tno-04-01.json,tno-04-01,lesson,,3,1,5,5,"V4 requires one evidence-backed KEEP, REVISE, or ESCALATE disposition per lesson.","Review the complete lesson interaction, question-job progression, feedback truth, visual purpose, language fit, challenge demand, and deployment evidence."
LESSON-tno-04-02,P1,300,LESSON_COMPLETE_DISPOSITION,OPEN_KEEP_REVISE_ESCALATE_DISPOSITION,content/courses/tens-and-ones/lessons/tno-04-02.json,tno-04-02,lesson,,3,1,5,5,"V4 requires one evidence-backed KEEP, REVISE, or ESCALATE disposition per lesson.","Review the complete lesson interaction, question-job progression, feedback truth, visual purpose, language fit, challenge demand, and deployment evidence."
LESSON-tno-04-03,P1,300,LESSON_COMPLETE_DISPOSITION,OPEN_KEEP_REVISE_ESCALATE_DISPOSITION,content/courses/tens-and-ones/lessons/tno-04-03.json,tno-04-03,lesson,,3,1,5,5,"V4 requires one evidence-backed KEEP, REVISE, or ESCALATE disposition per lesson.","Review the complete lesson interaction, question-job progression, feedback truth, visual purpose, language fit, challenge demand, and deployment evidence."
