figure_id,authored_uses,grade_span,sample_lessons,current_role,priority,decision,requirement
count-on-hops,798,0|1|2|3|4|5,koa-01-01:c1|koa-01-01:c2|koa-01-02:c1|koa-01-02:c2|koa-01-03:c1|koa-01-03:c2,concept-support,P0,REDESIGN_OR_VALIDATE_AT_SCALE,Verify 390/768/1440 light/dark; preserve labels and relationships; prefer SVG/vector source and meaningful alt text.
bar-compare,85,1|3,as-05-03:c1|dgr1-01-01:c1|dgr1-01-01:c2|dgr1-01-02:c1|dgr1-01-02:c2|dgr1-01-03:c1,concept-support,P0,REDESIGN_OR_VALIDATE_AT_SCALE,Verify 390/768/1440 light/dark; preserve labels and relationships; prefer SVG/vector source and meaningful alt text.
number-track,70,0|1|2,c120-01-01:c1|c120-01-03:c1|c120-05-01:c1|k100-01-01:c1|k100-01-01:c2|k100-01-02:c1,concept-support,P0,REDESIGN_OR_VALIDATE_AT_SCALE,Verify 390/768/1440 light/dark; preserve labels and relationships; prefer SVG/vector source and meaningful alt text.
dpv-hundredths-grid,38,4|5,dg4-01-01:c1|dg4-01-01:c2|dg4-01-02:c1|dg4-01-02:c2|dg4-01-03:c1|dg4-01-03:c2,concept-support,P0,REDESIGN_OR_VALIDATE_AT_SCALE,Verify 390/768/1440 light/dark; preserve labels and relationships; prefer SVG/vector source and meaningful alt text.
dr-flat-not-turning,37,13,ca-01-01:c1|ca-01-01:c2|ca-01-01:rc1|ca-01-02:rc1|ca-01-03:c1|ca-01-03:c2,concept-support,P0,REDESIGN_OR_VALIDATE_AT_SCALE,Verify 390/768/1440 light/dark; preserve labels and relationships; prefer SVG/vector source and meaningful alt text.
dr-power-rule-pattern,37,13,ca-04-01:c1|ca-04-01:c2|ca-04-01:rc1|ca-05-02:c1|ca-05-03:c1|ca-05-03:rc1,concept-support,P0,REDESIGN_OR_VALIDATE_AT_SCALE,Verify 390/768/1440 light/dark; preserve labels and relationships; prefer SVG/vector source and meaningful alt text.
dr-derivative-as-function,35,13,ca-02-01:c2|ca-02-03:c1|ca-02-03:c2|ca-02-03:rc1|ca-03-01:c2|ca-04-02:rc1,concept-support,P0,REDESIGN_OR_VALIDATE_AT_SCALE,Verify 390/768/1440 light/dark; preserve labels and relationships; prefer SVG/vector source and meaningful alt text.
dr-chain-gears,31,13,dr-04-01:c1|dr-04-01:c2|dr-04-01:rc1|dr-04-02:c1|dr-05-02:c2|dc-02-01:c1,concept-support,P0,REDESIGN_OR_VALIDATE_AT_SCALE,Verify 390/768/1440 light/dark; preserve labels and relationships; prefer SVG/vector source and meaningful alt text.
sign-rule-table,18,7,rno-03-01:c1|rno-03-01:c3|rno-03-02:c1|rno-03-02:c3|rno-03-03:c1|rno-03-03:c2,concept-support,P1,REDESIGN_OR_VALIDATE_AT_SCALE,Verify 390/768/1440 light/dark; preserve labels and relationships; prefer SVG/vector source and meaningful alt text.
dr-tangent-line,17,13,ca-03-02:rc1|ca-03-03:rc1|dr-01-01:c2|dc-03-01:c1|dc-03-01:rc1|dc-03-02:c1,concept-support,P1,REDESIGN_OR_VALIDATE_AT_SCALE,Verify 390/768/1440 light/dark; preserve labels and relationships; prefer SVG/vector source and meaningful alt text.
coordinate-plane,14,5|9,cg-01-01:c1|lf-01-02:c1|lf-04-02:c1|se-01-01:c1|se-01-03:c1|se-02-01:c1,concept-support,P1,REDESIGN_OR_VALIDATE_AT_SCALE,Verify 390/768/1440 light/dark; preserve labels and relationships; prefer SVG/vector source and meaningful alt text.
two-step-balance,11,7|8,les-01-01:c1|tse-02-01:c1|tse-02-02:c1|tse-02-02:c2|tse-02-03:c1|tse-02-03:c2,concept-support,P1,REDESIGN_OR_VALIDATE_AT_SCALE,Verify 390/768/1440 light/dark; preserve labels and relationships; prefer SVG/vector source and meaningful alt text.
dr-product-rule-box,10,13,dr-02-02:c2|dr-03-01:c1|dr-03-01:c2|dr-03-01:rc1|dr-03-02:c1|dr-03-02:rc1,concept-support,P1,REDESIGN_OR_VALIDATE_AT_SCALE,Verify 390/768/1440 light/dark; preserve labels and relationships; prefer SVG/vector source and meaningful alt text.
integer-jump,9,7,rno-01-01:c1|rno-01-01:c2|rno-01-02:c1|rno-01-02:c2|rno-01-03:c1|rno-02-01:c1,concept-support,P2,VALIDATE,Verify 390/768/1440 light/dark; preserve labels and relationships; prefer SVG/vector source and meaningful alt text.
line-intercepts,9,8|9,bv-02-03:c1|bv-03-01:c1|bv-03-02:c1|fg-02-03:c1|les-03-02:c1|lf-02-02:c1,concept-support,P2,VALIDATE,Verify 390/768/1440 light/dark; preserve labels and relationships; prefer SVG/vector source and meaningful alt text.
aa-similar,8,10,sy-01-02:c1|sy-01-02:c2|sy-01-03:c1|sy-01-03:c2|sy-02-03:c1|sy-02-03:c2,concept-support,P2,VALIDATE,Verify 390/768/1440 light/dark; preserve labels and relationships; prefer SVG/vector source and meaningful alt text.
dr-e-self-derivative,8,13,dr-05-01:c1|dr-05-01:c2|dr-05-01:rc1|de-03-01:c1|de-03-01:c2|de-03-01:rc1,concept-support,P2,VALIDATE,Verify 390/768/1440 light/dark; preserve labels and relationships; prefer SVG/vector source and meaningful alt text.
dr-inverse-reciprocal,8,13,ca-03-03:c2|dr-05-03:c1|dr-05-03:c2|dr-05-03:rc1|in-03-03:c2|in-03-03:rc1,concept-support,P2,VALIDATE,Verify 390/768/1440 light/dark; preserve labels and relationships; prefer SVG/vector source and meaningful alt text.
geometric-mean,8,10,sy-04-01:c1|sy-04-01:c2|sy-04-01:c3|sy-04-02:c1|sy-04-02:c2|sy-04-03:c1,concept-support,P2,VALIDATE,Verify 390/768/1440 light/dark; preserve labels and relationships; prefer SVG/vector source and meaningful alt text.
si-claim-ladder,8,11,si-03-03:c2|si-04-03:c2|si-05-01:c1|si-05-01:rc1|si-05-02:c1|si-05-02:rc1,concept-support,P2,VALIDATE,Verify 390/768/1440 light/dark; preserve labels and relationships; prefer SVG/vector source and meaningful alt text.
side-splitter,8,10,sy-03-01:c1|sy-03-01:c2|sy-03-01:c3|sy-03-02:c1|sy-03-02:c2|sy-03-02:c3,concept-support,P2,VALIDATE,Verify 390/768/1440 light/dark; preserve labels and relationships; prefer SVG/vector source and meaningful alt text.
slope-triangle,8,8|9,fg-02-01:c1|lf-01-01:c1|lf-01-03:c1|lf-02-01:c1|lf-02-02:c2|lf-03-01:c1,concept-support,P2,VALIDATE,Verify 390/768/1440 light/dark; preserve labels and relationships; prefer SVG/vector source and meaningful alt text.
compound-event-tree,7,7,sp-04-01:c1|sp-04-01:c3|sp-04-02:c1|sp-04-02:c2|sp-04-03:c1|sp-04-03:c2,concept-support,P2,VALIDATE,Verify 390/768/1440 light/dark; preserve labels and relationships; prefer SVG/vector source and meaningful alt text.
dr-implicit-circle,7,13,dr-04-02:c2|dr-04-02:rc1|dr-04-03:c1|dr-04-03:rc1|dc-02-02:c1|dc-02-02:c2,concept-support,P2,VALIDATE,Verify 390/768/1440 light/dark; preserve labels and relationships; prefer SVG/vector source and meaningful alt text.
exp-curve-growth,7,9,exp-01-01:c1|exp-01-03:c1|exp-02-01:c1|exp-02-03:c1|exp-03-01:c1|exp-03-02:c1,concept-support,P2,VALIDATE,Verify 390/768/1440 light/dark; preserve labels and relationships; prefer SVG/vector source and meaningful alt text.
inequality-flip,7,7,tse-04-01:c1|tse-04-01:c3|tse-04-02:c1|tse-04-02:c2|tse-04-03:c1|tse-04-03:c2,concept-support,P2,VALIDATE,Verify 390/768/1440 light/dark; preserve labels and relationships; prefer SVG/vector source and meaningful alt text.
proportional-line,7,6|7,pr-03-01:c1|pr-03-01:c2|pr-03-02:c1|pr-03-03:c1|pr-03-03:c2|pr-03-03:c3,concept-support,P2,VALIDATE,Verify 390/768/1440 light/dark; preserve labels and relationships; prefer SVG/vector source and meaningful alt text.
radical-factor,7,9,rad-01-01:c1|rad-01-02:c1|rad-01-03:c1|rad-02-02:c1|rad-03-01:c1|rad-03-02:c1,concept-support,P2,VALIDATE,Verify 390/768/1440 light/dark; preserve labels and relationships; prefer SVG/vector source and meaningful alt text.
right-triangle,7,7|8|9,g7-04-01:c1|rad-04-01:c1|rad-04-02:c1|rad-04-03:c1|rns-02-01:c1|tm-04-02:c1,concept-support,P2,VALIDATE,Verify 390/768/1440 light/dark; preserve labels and relationships; prefer SVG/vector source and meaningful alt text.
distribute-area,6,6|9,ep-03-01:c1|ep-04-01:c1|ee-03-01:c1|ee-03-01:c2|qu-04-02:c1|alg1-01-03:c1,concept-support,P2,VALIDATE,Verify 390/768/1440 light/dark; preserve labels and relationships; prefer SVG/vector source and meaningful alt text.
dop-line-up,6,5|6|7,dop-04-01:c1|dop-04-01:c2|dop-04-03:c1|dop-04-03:c2|ns-02-02:c1|rno-04-02:c3,concept-support,P2,VALIDATE,Verify 390/768/1440 light/dark; preserve labels and relationships; prefer SVG/vector source and meaningful alt text.
dpv-round-whole,6,5,dpv-04-01:c1|dpv-04-01:c2|dpv-04-02:c1|dpv-04-02:c2|dpv-04-03:c1|dpv-04-03:c2,concept-support,P2,VALIDATE,Verify 390/768/1440 light/dark; preserve labels and relationships; prefer SVG/vector source and meaningful alt text.
fm-divide-unit,6,5|6,fm-05-01:c1|fm-05-01:c2|fm-05-03:c1|ns-01-01:c2|ns-01-03:c1|ns-01-03:c2,concept-support,P2,VALIDATE,Verify 390/768/1440 light/dark; preserve labels and relationships; prefer SVG/vector source and meaningful alt text.
hinge-inequality,6,10,tc-05-01:c1|tc-05-01:c2|tc-05-02:c1|tc-05-02:c2|tc-05-03:c1|tc-05-03:c2,concept-support,P2,VALIDATE,Verify 390/768/1440 light/dark; preserve labels and relationships; prefer SVG/vector source and meaningful alt text.
ia-strip-to-disc,6,13,ia-01-01:c1|ia-01-02:c1|ia-01-02:c2|ia-01-03:c1|ia-01-03:c2|ia-02-01:c1,concept-support,P2,VALIDATE,Verify 390/768/1440 light/dark; preserve labels and relationships; prefer SVG/vector source and meaningful alt text.
in-ftc-slope-is-height,6,13,in-02-01:c1|in-02-02:c1|in-02-03:c1|in-03-01:c1|in-03-02:c1|in-03-03:c1,concept-support,P2,VALIDATE,Verify 390/768/1440 light/dark; preserve labels and relationships; prefer SVG/vector source and meaningful alt text.
indirect-measurement,6,10,sy-01-03:c3|sy-05-01:c1|sy-05-01:c2|sy-05-02:c1|sy-05-02:c2|sy-05-02:c3,concept-support,P2,VALIDATE,Verify 390/768/1440 light/dark; preserve labels and relationships; prefer SVG/vector source and meaningful alt text.
parabola-vertex,6,9|11,cn-01-03:c1|qu-01-01:c1|qu-01-02:c1|qu-01-03:c1|qu-04-01:c1|qu-04-03:c1,concept-support,P2,VALIDATE,Verify 390/768/1440 light/dark; preserve labels and relationships; prefer SVG/vector source and meaningful alt text.
probability-line,6,7,sp-03-01:c1|sp-03-01:c3|sp-03-02:c1|sp-03-03:c1|sp-03-03:c2|sp-03-03:c3,concept-support,P2,VALIDATE,Verify 390/768/1440 light/dark; preserve labels and relationships; prefer SVG/vector source and meaningful alt text.
pv3-times-tens,6,3|4,mb-03-01:c1|mb-03-01:c2|pv-04-01:c1|pv-04-01:c2|pv-04-03:c1|pv-04-03:c2,concept-support,P2,VALIDATE,Verify 390/768/1440 light/dark; preserve labels and relationships; prefer SVG/vector source and meaningful alt text.
quad-family-tree,6,5|10,cg-03-02:c1|cg-04-02:c1|pq-03-03:c1|pq-04-01:c1|pq-05-02:c1|pq-05-03:c1,concept-support,P2,VALIDATE,Verify 390/768/1440 light/dark; preserve labels and relationships; prefer SVG/vector source and meaningful alt text.
si-sampling-dist-sizes,6,11,si-02-01:c2|si-02-02:c1|si-02-02:c2|si-02-02:rc1|si-02-03:c1|si-02-03:rc1,concept-support,P2,VALIDATE,Verify 390/768/1440 light/dark; preserve labels and relationships; prefer SVG/vector source and meaningful alt text.
base-ten-blocks,5,1,tno-01-02:c1|tno-01-03:c1|tno-03-01:c1|tno-03-02:c1|tno-03-03:c1,concept-support,P2,VALIDATE,Verify 390/768/1440 light/dark; preserve labels and relationships; prefer SVG/vector source and meaningful alt text.
circle-parts,5,7|10,cr-01-01:c1|g7-02-01:c1|g7-02-02:c1|g7-02-03:c1|g7-04-03:c1,concept-support,P2,VALIDATE,Verify 390/768/1440 light/dark; preserve labels and relationships; prefer SVG/vector source and meaningful alt text.
decimal-shift,5,5|6|9,dop-05-03:c2|dpv-01-03:c1|dpv-01-03:c2|ns-02-03:c2|alg1-02-03:c1,concept-support,P2,VALIDATE,Verify 390/768/1440 light/dark; preserve labels and relationships; prefer SVG/vector source and meaningful alt text.
dop-long-division,5,4|5|6,dop-03-02:c1|dop-03-02:c2|mb-04-02:c1|mb-04-02:c2|ns-02-01:c1,concept-support,P2,VALIDATE,Verify 390/768/1440 light/dark; preserve labels and relationships; prefer SVG/vector source and meaningful alt text.
dop-remainder,5,4|5|6,dop-03-03:c1|dop-03-03:c2|mb-04-03:c1|mb-04-03:c2|ns-02-01:c2,concept-support,P2,VALIDATE,Verify 390/768/1440 light/dark; preserve labels and relationships; prefer SVG/vector source and meaningful alt text.
foil-box,5,9|11,cn-03-02:c1|ep-03-02:c1|ep-03-03:c1|ep-04-02:c1|ep-04-03:c1,concept-support,P2,VALIDATE,Verify 390/768/1440 light/dark; preserve labels and relationships; prefer SVG/vector source and meaningful alt text.
fraction-unit-rate,5,7,pr-01-01:c1|pr-01-01:c2|pr-01-02:c1|pr-01-02:c2|pr-01-03:c1,concept-support,P2,VALIDATE,Verify 390/768/1440 light/dark; preserve labels and relationships; prefer SVG/vector source and meaningful alt text.
function-machine,5,8|9|11,ft-01-02:c1|ft-04-01:c1|fn-01-01:c1|fn-01-03:c1|fg-01-01:c1,concept-support,P2,VALIDATE,Verify 390/768/1440 light/dark; preserve labels and relationships; prefer SVG/vector source and meaningful alt text.
les-distribute,5,7|8,les-01-03:c1|les-01-03:c2|tse-03-01:c2|tse-03-02:c2|tse-03-03:c2,concept-support,P2,VALIDATE,Verify 390/768/1440 light/dark; preserve labels and relationships; prefer SVG/vector source and meaningful alt text.
md3-perimeter,5,3|4,mc-02-02:c1|mc-02-02:c2|mc-02-03:c2|md-05-01:c1|md-05-01:c2,concept-support,P2,VALIDATE,Verify 390/768/1440 light/dark; preserve labels and relationships; prefer SVG/vector source and meaningful alt text.
mult3-missing-factor,5,3,mult-02-03:c1|mult-02-03:c2|mult-04-02:c1|mult-04-03:c1|mult-04-03:c2,concept-support,P2,VALIDATE,Verify 390/768/1440 light/dark; preserve labels and relationships; prefer SVG/vector source and meaningful alt text.
negative-number-line,5,6,ns-04-01:c1|ns-04-02:c1|ns-04-02:c2|ns-05-03:c1|ns-05-03:c2,concept-support,P2,VALIDATE,Verify 390/768/1440 light/dark; preserve labels and relationships; prefer SVG/vector source and meaningful alt text.
parabola-roots,5,9,qu-02-01:c1|qu-02-02:c1|qu-02-03:c1|qu-03-01:c1|qu-03-02:c1,concept-support,P2,VALIDATE,Verify 390/768/1440 light/dark; preserve labels and relationships; prefer SVG/vector source and meaningful alt text.
proportionality-test,5,7,pr-02-01:c1|pr-02-02:c1|pr-02-02:c2|pr-02-03:c1|pr-02-03:c3,concept-support,P2,VALIDATE,Verify 390/768/1440 light/dark; preserve labels and relationships; prefer SVG/vector source and meaningful alt text.
pv3-round-hundred,5,3,pv-02-02:c1|pv-02-02:c2|pv-02-04:c1|pv-03-04:c1|pv-03-04:c2,concept-support,P2,VALIDATE,Verify 390/768/1440 light/dark; preserve labels and relationships; prefer SVG/vector source and meaningful alt text.
rno-add-opposite,5,7,rno-02-01:c2|rno-02-01:c3|rno-02-03:c2|rno-02-03:c3|rno-04-02:c2,concept-support,P2,VALIDATE,Verify 390/768/1440 light/dark; preserve labels and relationships; prefer SVG/vector source and meaningful alt text.
ruler-measure,5,2,mmt-01-01:c1|mmt-01-02:c1|mmt-01-03:c1|mmt-02-02:c1|mmt-02-03:c1,concept-support,P2,VALIDATE,Verify 390/768/1440 light/dark; preserve labels and relationships; prefer SVG/vector source and meaningful alt text.
sample-to-population,5,7,sp-01-01:c1|sp-01-02:c1|sp-01-02:c3|sp-01-03:c1|sp-01-03:c3,concept-support,P2,VALIDATE,Verify 390/768/1440 light/dark; preserve labels and relationships; prefer SVG/vector source and meaningful alt text.
si-null-pile,5,11,si-04-01:c1|si-04-01:c2|si-04-01:rc1|si-04-02:c1|si-04-02:rc1,concept-support,P2,VALIDATE,Verify 390/768/1440 light/dark; preserve labels and relationships; prefer SVG/vector source and meaningful alt text.
skip-count-line,5,2|3,mult-01-03:c1|mult-01-03:c2|pv1000-02-01:c1|pv1000-02-02:c1|pv1000-02-03:c1,concept-support,P2,VALIDATE,Verify 390/768/1440 light/dark; preserve labels and relationships; prefer SVG/vector source and meaningful alt text.
two-population-compare,5,7,sp-02-01:c1|sp-02-02:c1|sp-02-03:c1|sp-02-03:c2|sp-02-03:c3,concept-support,P2,VALIDATE,Verify 390/768/1440 light/dark; preserve labels and relationships; prefer SVG/vector source and meaningful alt text.
angle-types,4,4|8,la-03-01:c1|tm-03-02:c1|tm-03-03:c1|tm-03-03:c2,concept-support,P2,VALIDATE,Verify 390/768/1440 light/dark; preserve labels and relationships; prefer SVG/vector source and meaningful alt text.
asv-coord-area,4,6,asv-03-02:c1|asv-03-02:c2|asv-03-03:c1|asv-03-03:c2,concept-support,P2,VALIDATE,Verify 390/768/1440 light/dark; preserve labels and relationships; prefer SVG/vector source and meaningful alt text.
balance-scale,4,6,ee-04-01:c1|ee-04-01:c2|ee-04-02:c1|ee-04-02:c2,concept-support,P2,VALIDATE,Verify 390/768/1440 light/dark; preserve labels and relationships; prefer SVG/vector source and meaningful alt text.
ca-first-derivative-story,4,13,ca-01-02:c1|ca-01-02:c2|ca-04-02:c1|ca-04-02:c2,concept-support,P2,VALIDATE,Verify 390/768/1440 light/dark; preserve labels and relationships; prefer SVG/vector source and meaningful alt text.
ca-mvt-parallel,4,13,ca-03-01:c1|ca-03-02:c1|ca-03-02:c2|ca-03-03:c1,concept-support,P2,VALIDATE,Verify 390/768/1440 light/dark; preserve labels and relationships; prefer SVG/vector source and meaningful alt text.
cpr-conditional-venn,4,10,cpr-03-01:c2|cpr-03-02:c2|cpr-03-03:c2|cpr-04-01:c2,concept-support,P2,VALIDATE,Verify 390/768/1440 light/dark; preserve labels and relationships; prefer SVG/vector source and meaningful alt text.
cpr-indep-vs-disjoint,4,10,cpr-04-01:rc1|cpr-04-03:c1|cpr-04-03:c2|cpr-04-03:rc1,concept-support,P2,VALIDATE,Verify 390/768/1440 light/dark; preserve labels and relationships; prefer SVG/vector source and meaningful alt text.
dc-lhopital-tangents,4,13,dc-04-01:c1|dc-04-01:c2|dc-04-02:c1|dc-04-02:c2,concept-support,P2,VALIDATE,Verify 390/768/1440 light/dark; preserve labels and relationships; prefer SVG/vector source and meaningful alt text.
de-slope-field-threads,4,13,de-01-01:c1|de-01-01:c2|de-01-02:c1|de-02-01:c2,concept-support,P2,VALIDATE,Verify 390/768/1440 light/dark; preserve labels and relationships; prefer SVG/vector source and meaningful alt text.
dilation,4,8,tm-02-02:c1|tm-02-02:c2|tm-02-03:c1|tm-02-03:c2,concept-support,P2,VALIDATE,Verify 390/768/1440 light/dark; preserve labels and relationships; prefer SVG/vector source and meaningful alt text.
dilation-scale,4,8|10,sy-01-01:c1|sy-01-01:c2|sy-06-01:c2|tm-01b-03:c2,concept-support,P2,VALIDATE,Verify 390/768/1440 light/dark; preserve labels and relationships; prefer SVG/vector source and meaningful alt text.
dop-count-places,4,5|6,dop-05-01:c2|dop-05-02:c1|dop-05-03:c1|ns-02-03:c1,concept-support,P2,VALIDATE,Verify 390/768/1440 light/dark; preserve labels and relationships; prefer SVG/vector source and meaningful alt text.
dop-two-by-two,4,4|5,dop-02-03:c1|dop-02-03:c2|mb-03-03:c1|mb-03-03:c2,concept-support,P2,VALIDATE,Verify 390/768/1440 light/dark; preserve labels and relationships; prefer SVG/vector source and meaningful alt text.
dr-corner-no-tangent,4,13,dr-01-03:c1|dr-01-03:c2|dr-01-03:rc1|dc-03-03:c2,concept-support,P2,VALIDATE,Verify 390/768/1440 light/dark; preserve labels and relationships; prefer SVG/vector source and meaningful alt text.
equation-solution-types,4,8,les-02-01:c1|les-02-01:c2|les-02-03:c1|les-02-03:c2,concept-support,P2,VALIDATE,Verify 390/768/1440 light/dark; preserve labels and relationships; prefer SVG/vector source and meaningful alt text.
exponent-repeat,4,8|9,ep-01-01:c1|ep-01-02:c1|ep-01-03:c1|esn-01b-01:c1,concept-support,P2,VALIDATE,Verify 390/768/1440 light/dark; preserve labels and relationships; prefer SVG/vector source and meaningful alt text.
fa-add-like,4,4,fa-03-01:c1|fa-03-01:c2|fa-03-03:c1|fa-03-03:c2,concept-support,P2,VALIDATE,Verify 390/768/1440 light/dark; preserve labels and relationships; prefer SVG/vector source and meaningful alt text.
fa-repeated-add,4,4,fa-05-01:c1|fa-05-01:c2|fa-05-02:c1|fa-05-02:c2,concept-support,P2,VALIDATE,Verify 390/768/1440 light/dark; preserve labels and relationships; prefer SVG/vector source and meaningful alt text.
fg-compare-rates,4,8,fg-03-02:c1|fg-03-02:c2|fg-03-03:c1|fg-03-03:c2,concept-support,P2,VALIDATE,Verify 390/768/1440 light/dark; preserve labels and relationships; prefer SVG/vector source and meaningful alt text.
flat-vs-solid,4,0,ks-01-01:c1|ks-01-01:rem-ks0101-c|ks-02-01:c1|ks-02-01:rem-ks0201-c,concept-support,P2,VALIDATE,Verify 390/768/1440 light/dark; preserve labels and relationships; prefer SVG/vector source and meaningful alt text.
fm-scaling,4,5,fm-04-01:c1|fm-04-01:c2|fm-04-02:c1|fm-04-02:c2,concept-support,P2,VALIDATE,Verify 390/768/1440 light/dark; preserve labels and relationships; prefer SVG/vector source and meaningful alt text.
frac-compare-same-numer,4,3,fr-04-02:c1|fr-04-02:c2|fr-04-03:c1|fr-04-03:c2,concept-support,P2,VALIDATE,Verify 390/768/1440 light/dark; preserve labels and relationships; prefer SVG/vector source and meaningful alt text.
hundred-tens-ones,4,2,pv1000-01-01:c1|pv1000-01-02:c1|pv1000-01-03:c1|pv1000-03-01:c1,concept-support,P2,VALIDATE,Verify 390/768/1440 light/dark; preserve labels and relationships; prefer SVG/vector source and meaningful alt text.
isosceles-base-angles,4,10,tc-03-01:c1|tc-03-01:c2|tc-03-02:c1|tc-03-02:c2,concept-support,P2,VALIDATE,Verify 390/768/1440 light/dark; preserve labels and relationships; prefer SVG/vector source and meaningful alt text.
la-angle-rays,4,4,la-01-02:c1|la-01-02:c2|la-01-03:c1|la-01-03:c2,concept-support,P2,VALIDATE,Verify 390/768/1440 light/dark; preserve labels and relationships; prefer SVG/vector source and meaningful alt text.
line-plot,4,4,mc-05-02:c1|mc-05-02:c2|mc-05-03:c1|mc-05-03:c2,concept-support,P2,VALIDATE,Verify 390/768/1440 light/dark; preserve labels and relationships; prefer SVG/vector source and meaningful alt text.
md3-bargraph,4,3,md-03-02:c1|md-03-02:c2|md-03-03:c1|md-03-03:c2,concept-support,P2,VALIDATE,Verify 390/768/1440 light/dark; preserve labels and relationships; prefer SVG/vector source and meaningful alt text.
mult3-which-op,4,3,mult-04-01:c1|mult-04-01:c2|mult-04-02:c2|mult-04-04:c1,concept-support,P2,VALIDATE,Verify 390/768/1440 light/dark; preserve labels and relationships; prefer SVG/vector source and meaningful alt text.
number-line-between-integers,4,8,rns-03-01:c1|rns-03-01:c2|rns-03-02:c1|rns-03-02:c2,concept-support,P2,VALIDATE,Verify 390/768/1440 light/dark; preserve labels and relationships; prefer SVG/vector source and meaningful alt text.
parent-functions,4,11,ft-01-01:c1|ft-01-03:c1|pf-01-01:c1|re-03-01:c1,concept-support,P2,VALIDATE,Verify 390/768/1440 light/dark; preserve labels and relationships; prefer SVG/vector source and meaningful alt text.
pv4-compare,4,4,pv2-05-01:c1|pv2-05-01:c2|pv2-05-02:c1|pv2-05-02:c2,concept-support,P2,VALIDATE,Verify 390/768/1440 light/dark; preserve labels and relationships; prefer SVG/vector source and meaningful alt text.
pv4-round-place,4,4,pv2-03-01:c1|pv2-03-01:c2|pv2-03-02:c1|pv2-03-02:c2,concept-support,P2,VALIDATE,Verify 390/768/1440 light/dark; preserve labels and relationships; prefer SVG/vector source and meaningful alt text.
pythagorean-proof,4,8|10,rt-01-01:c1|rt-05-01:c2|tm-04-01:c1|tm-04-01:c2,concept-support,P2,VALIDATE,Verify 390/768/1440 light/dark; preserve labels and relationships; prefer SVG/vector source and meaningful alt text.
rigid-transformations,4,8,tm-01-01:c1|tm-01-02:c1|tm-01-02:c2|tm-01-03:c1,concept-support,P2,VALIDATE,Verify 390/768/1440 light/dark; preserve labels and relationships; prefer SVG/vector source and meaningful alt text.
sas-criterion,4,10,tc-01-01:c2|tc-01-03:c1|tc-02-02:c2|tc-02-03:c3,concept-support,P2,VALIDATE,Verify 390/768/1440 light/dark; preserve labels and relationships; prefer SVG/vector source and meaningful alt text.
sc-taylor-hug-peel,4,13,sc-02-01:c2|sc-02-02:c1|sc-02-02:c2|sc-03-01:c1,concept-support,P2,VALIDATE,Verify 390/768/1440 light/dark; preserve labels and relationships; prefer SVG/vector source and meaningful alt text.
scatter-best-fit,4,8|9,bv-02-01:c1|bv-02-02:c1|bv-03-03:c1|dm-02-01:c1,concept-support,P2,VALIDATE,Verify 390/768/1440 light/dark; preserve labels and relationships; prefer SVG/vector source and meaningful alt text.
si-effect-vs-significance,4,11,si-04-02:c2|si-04-03:c1|si-04-03:rc1|si-05-02:c2,concept-support,P2,VALIDATE,Verify 390/768/1440 light/dark; preserve labels and relationships; prefer SVG/vector source and meaningful alt text.
transformation-shifts,4,11,ft-02-01:c1|ft-02-02:c1|ft-02-03:c1|ft-03-03:c1,concept-support,P2,VALIDATE,Verify 390/768/1440 light/dark; preserve labels and relationships; prefer SVG/vector source and meaningful alt text.
angle-pairs,3,7,g7-03-01:c1|g7-03-02:c1|g7-03-03:c1,concept-support,P2,VALIDATE,Verify 390/768/1440 light/dark; preserve labels and relationships; prefer SVG/vector source and meaningful alt text.
arith-vs-geo,3,9,fn-04-01:c1|fn-04-02:c1|fn-04-03:c1,concept-support,P2,VALIDATE,Verify 390/768/1440 light/dark; preserve labels and relationships; prefer SVG/vector source and meaningful alt text.
arithmetic-steps,3,9,fn-02-01:c1|fn-02-02:c1|fn-02-03:c1,concept-support,P2,VALIDATE,Verify 390/768/1440 light/dark; preserve labels and relationships; prefer SVG/vector source and meaningful alt text.
asv-boxes-fit,3,6,asv-04-03:c2|asv-05-03:c1|asv-05-03:c2,concept-support,P2,VALIDATE,Verify 390/768/1440 light/dark; preserve labels and relationships; prefer SVG/vector source and meaningful alt text.
bar-part-whole,3,0|1,as-05-02:c1|kc-04-03:c1|kc-04-03:rem-kc0403-c,concept-support,P2,VALIDATE,Verify 390/768/1440 light/dark; preserve labels and relationships; prefer SVG/vector source and meaningful alt text.
box-layers,3,5|6,asv-05-01:c1|asv-05-01:c2|vm-04-01:c1,concept-support,P2,VALIDATE,Verify 390/768/1440 light/dark; preserve labels and relationships; prefer SVG/vector source and meaningful alt text.
clock-face,3,1,smg1-04-01:c1|smg1-04-02:c1|smg1-04-03:c1,concept-support,P2,VALIDATE,Verify 390/768/1440 light/dark; preserve labels and relationships; prefer SVG/vector source and meaningful alt text.
co-eccentricity-scale,3,12,co-05-01:c1|co-05-02:c1|co-05-03:c1,concept-support,P2,VALIDATE,Verify 390/768/1440 light/dark; preserve labels and relationships; prefer SVG/vector source and meaningful alt text.
coin-values,3,2,mmt-03-01:c1|mmt-03-02:c1|mmt-03-03:c1,concept-support,P2,VALIDATE,Verify 390/768/1440 light/dark; preserve labels and relationships; prefer SVG/vector source and meaningful alt text.
compare-stacks,3,1,tno-04-01:c1|tno-04-02:c1|tno-04-03:c1,concept-support,P2,VALIDATE,Verify 390/768/1440 light/dark; preserve labels and relationships; prefer SVG/vector source and meaningful alt text.
complete-square-area,3,11|12,cn-01-01:c1|cn-01-02:c1|co-04-02:c1,concept-support,P2,VALIDATE,Verify 390/768/1440 light/dark; preserve labels and relationships; prefer SVG/vector source and meaningful alt text.
cpr-combination-fold,3,10,cpr-05-02:c1|cpr-05-02:c2|cpr-05-02:rc1,concept-support,P2,VALIDATE,Verify 390/768/1440 light/dark; preserve labels and relationships; prefer SVG/vector source and meaningful alt text.
cpr-complement-bar,3,10,cpr-01-02:c1|cpr-01-02:rc1|cpr-02-03:c2,concept-support,P2,VALIDATE,Verify 390/768/1440 light/dark; preserve labels and relationships; prefer SVG/vector source and meaningful alt text.
cpr-count-prob-bars,3,10,cpr-05-03:c1|cpr-05-03:c2|cpr-05-03:rc1,concept-support,P2,VALIDATE,Verify 390/768/1440 light/dark; preserve labels and relationships; prefer SVG/vector source and meaningful alt text.
cpr-disjoint-vs-overlap,3,10,cpr-01-03:c1|cpr-01-03:rc1|cpr-02-01:c2,concept-support,P2,VALIDATE,Verify 390/768/1440 light/dark; preserve labels and relationships; prefer SVG/vector source and meaningful alt text.
cpr-independence-test,3,10,cpr-04-02:c1|cpr-04-02:c2|cpr-04-02:rc1,concept-support,P2,VALIDATE,Verify 390/768/1440 light/dark; preserve labels and relationships; prefer SVG/vector source and meaningful alt text.
cpr-permutation-slots,3,10,cpr-05-01:c1|cpr-05-01:c2|cpr-05-01:rc1,concept-support,P2,VALIDATE,Verify 390/768/1440 light/dark; preserve labels and relationships; prefer SVG/vector source and meaningful alt text.
cpr-tree-no-replacement,3,10,cpr-03-04:c1|cpr-03-04:c2|cpr-03-04:rc1,concept-support,P2,VALIDATE,Verify 390/768/1440 light/dark; preserve labels and relationships; prefer SVG/vector source and meaningful alt text.
dc-speeding-up-signs,3,13,dc-01-01:c2|dc-01-02:c1|dc-01-02:c2,concept-support,P2,VALIDATE,Verify 390/768/1440 light/dark; preserve labels and relationships; prefer SVG/vector source and meaningful alt text.
dd-summary-pairs,3,6,dd-05-02:c1|dd-05-02:c2|dd-05-03:c2,concept-support,P2,VALIDATE,Verify 390/768/1440 light/dark; preserve labels and relationships; prefer SVG/vector source and meaningful alt text.
decompose-combine,3,2,pv1000-04-01:c1|pv1000-04-02:c1|pv1000-04-03:c1,concept-support,P2,VALIDATE,Verify 390/768/1440 light/dark; preserve labels and relationships; prefer SVG/vector source and meaningful alt text.
discriminant-cases,3,9|11,cn-04-02:c1|cn-04-03:c1|qu-03-03:c1,concept-support,P2,VALIDATE,Verify 390/768/1440 light/dark; preserve labels and relationships; prefer SVG/vector source and meaningful alt text.
distribution-story,3,6,dd-05-01:c1|dd-05-01:c2|dd-05-03:c1,concept-support,P2,VALIDATE,Verify 390/768/1440 light/dark; preserve labels and relationships; prefer SVG/vector source and meaningful alt text.
dop-estimate-quotient,3,5,dop-03-01:c1|dop-03-01:c2|dop-05-02:c2,concept-support,P2,VALIDATE,Verify 390/768/1440 light/dark; preserve labels and relationships; prefer SVG/vector source and meaningful alt text.
dop-pad-borrow,3,5|6,dop-04-02:c1|dop-04-02:c2|ns-02-02:c2,concept-support,P2,VALIDATE,Verify 390/768/1440 light/dark; preserve labels and relationships; prefer SVG/vector source and meaningful alt text.
dpv-line-up-compare,3,5,dpv-03-01:c1|dpv-03-01:c2|dpv-03-03:c1,concept-support,P2,VALIDATE,Verify 390/768/1440 light/dark; preserve labels and relationships; prefer SVG/vector source and meaningful alt text.
dpv-trailing-zero,3,5,dpv-03-02:c1|dpv-03-02:c2|dpv-03-03:c2,concept-support,P2,VALIDATE,Verify 390/768/1440 light/dark; preserve labels and relationships; prefer SVG/vector source and meaningful alt text.
ee-equivalence,3,6|7,ee-03-03:c1|ee-03-03:c2|tse-01b-03:c2,concept-support,P2,VALIDATE,Verify 390/768/1440 light/dark; preserve labels and relationships; prefer SVG/vector source and meaningful alt text.
ee-like-terms,3,6,ee-02b-03:c2|ee-03-02:c1|ee-03-02:c2,concept-support,P2,VALIDATE,Verify 390/768/1440 light/dark; preserve labels and relationships; prefer SVG/vector source and meaningful alt text.
equilateral-construction,3,10,cp-03-01:c1|cp-03-02:c1|cp-03-02:c2,concept-support,P2,VALIDATE,Verify 390/768/1440 light/dark; preserve labels and relationships; prefer SVG/vector source and meaningful alt text.
esn-add-sci,3,8,esn-04-02:c1|esn-04-02:c2|esn-04-03:c2,concept-support,P2,VALIDATE,Verify 390/768/1440 light/dark; preserve labels and relationships; prefer SVG/vector source and meaningful alt text.
esn-exponent-rules,3,8,esn-01-02:c1|esn-01-02:c2|esn-01b-01:c2,concept-support,P2,VALIDATE,Verify 390/768/1440 light/dark; preserve labels and relationships; prefer SVG/vector source and meaningful alt text.
esn-multiply-sci,3,8,esn-04-01:c1|esn-04-01:c2|esn-04-03:c1,concept-support,P2,VALIDATE,Verify 390/768/1440 light/dark; preserve labels and relationships; prefer SVG/vector source and meaningful alt text.
exp-curve-decay,3,9,exp-01-02:c1|exp-02-02:c1|exp-03-03:c1,concept-support,P2,VALIDATE,Verify 390/768/1440 light/dark; preserve labels and relationships; prefer SVG/vector source and meaningful alt text.
expanded-form,3,1,tno-02-01:c1|tno-02-02:c1|tno-02-03:c1,concept-support,P2,VALIDATE,Verify 390/768/1440 light/dark; preserve labels and relationships; prefer SVG/vector source and meaningful alt text.
expression-machine,3,6,ee-02-02:c1|ee-02-02:c2|ee-02b-02:c2,concept-support,P2,VALIDATE,Verify 390/768/1440 light/dark; preserve labels and relationships; prefer SVG/vector source and meaningful alt text.
extended-shapes,3,2,ssg2-01-01:c1|ssg2-01-02:c1|ssg2-01-03:c1,concept-support,P2,VALIDATE,Verify 390/768/1440 light/dark; preserve labels and relationships; prefer SVG/vector source and meaningful alt text.
fa-benchmark-half,3,4,fa-02-01:c1|fa-02-01:c2|fa-02-03:c1,concept-support,P2,VALIDATE,Verify 390/768/1440 light/dark; preserve labels and relationships; prefer SVG/vector source and meaningful alt text.
fa-compare-benchmark,3,4,fa-02-02:c1|fa-02-02:c2|fa-02-03:c2,concept-support,P2,VALIDATE,Verify 390/768/1440 light/dark; preserve labels and relationships; prefer SVG/vector source and meaningful alt text.
fa-improper-mixed,3,4,fa-04-01:c1|fa-04-01:c2|fa-04-03:c1,concept-support,P2,VALIDATE,Verify 390/768/1440 light/dark; preserve labels and relationships; prefer SVG/vector source and meaningful alt text.
fa-mixed-improper,3,4,fa-04-02:c1|fa-04-02:c2|fa-04-03:c2,concept-support,P2,VALIDATE,Verify 390/768/1440 light/dark; preserve labels and relationships; prefer SVG/vector source and meaningful alt text.
five-minute-clock,3,2,mmt-04-01:c1|mmt-04-02:c1|mmt-04-03:c1,concept-support,P2,VALIDATE,Verify 390/768/1440 light/dark; preserve labels and relationships; prefer SVG/vector source and meaningful alt text.
fm-unit-divide-whole,3,5,fm-05-02:c1|fm-05-02:c2|fm-05-03:c2,concept-support,P2,VALIDATE,Verify 390/768/1440 light/dark; preserve labels and relationships; prefer SVG/vector source and meaningful alt text.
fna-cubic-behavior,3,12,fna-02-01:c1|fna-02-02:c1|fna-02-03:c1,concept-support,P2,VALIDATE,Verify 390/768/1440 light/dark; preserve labels and relationships; prefer SVG/vector source and meaningful alt text.
geo3-quad-family,3,3|4,la-03-03:c1|la-03-03:c2|geo-01-02:c1,concept-support,P2,VALIDATE,Verify 390/768/1440 light/dark; preserve labels and relationships; prefer SVG/vector source and meaningful alt text.
geometric-steps,3,9,fn-03-01:c1|fn-03-02:c1|fn-03-03:c1,concept-support,P2,VALIDATE,Verify 390/768/1440 light/dark; preserve labels and relationships; prefer SVG/vector source and meaningful alt text.
halves-quarters,3,1,smg1-02-01:c1|smg1-02-02:c1|smg1-02-03:c1,concept-support,P2,VALIDATE,Verify 390/768/1440 light/dark; preserve labels and relationships; prefer SVG/vector source and meaningful alt text.
in-riemann-trap,3,13,in-01-01:c1|in-01-02:c1|in-01-03:c1,concept-support,P2,VALIDATE,Verify 390/768/1440 light/dark; preserve labels and relationships; prefer SVG/vector source and meaningful alt text.
l-shape-decompose,3,6,asv-02-01:c1|asv-02-01:c2|asv-02-03:c1,concept-support,P2,VALIDATE,Verify 390/768/1440 light/dark; preserve labels and relationships; prefer SVG/vector source and meaningful alt text.
la-parallel,3,4,la-02-01:c1|la-02-01:c2|la-02-03:c1,concept-support,P2,VALIDATE,Verify 390/768/1440 light/dark; preserve labels and relationships; prefer SVG/vector source and meaningful alt text.
la-perpendicular,3,4,la-02-02:c1|la-02-02:c2|la-02-03:c2,concept-support,P2,VALIDATE,Verify 390/768/1440 light/dark; preserve labels and relationships; prefer SVG/vector source and meaningful alt text.
la-triangle-sum,3,4|8,la-03-02:c1|la-03-02:c2|tm-03-02:c2,concept-support,P2,VALIDATE,Verify 390/768/1440 light/dark; preserve labels and relationships; prefer SVG/vector source and meaningful alt text.
length-compare,3,1,smg1-03-01:c1|smg1-03-02:c1|smg1-03-03:c1,concept-support,P2,VALIDATE,Verify 390/768/1440 light/dark; preserve labels and relationships; prefer SVG/vector source and meaningful alt text.
les-back-subst,3,8,les-04-02:c1|les-04-02:c2|les-04-03:c2,concept-support,P2,VALIDATE,Verify 390/768/1440 light/dark; preserve labels and relationships; prefer SVG/vector source and meaningful alt text.
les-system-def,3,8,les-03-01:c1|les-03-01:c2|les-04-03:c1,concept-support,P2,VALIDATE,Verify 390/768/1440 light/dark; preserve labels and relationships; prefer SVG/vector source and meaningful alt text.
like-terms-group,3,9,ep-02-01:c1|ep-02-02:c1|ep-02-03:c1,concept-support,P2,VALIDATE,Verify 390/768/1440 light/dark; preserve labels and relationships; prefer SVG/vector source and meaningful alt text.
linear-vs-nonlinear,3,8,bv-01-03:c1|fg-04-01:c1|fg-04-01:c2,concept-support,P2,VALIDATE,Verify 390/768/1440 light/dark; preserve labels and relationships; prefer SVG/vector source and meaningful alt text.
make-ten-bridge,3,1,as-02-02:c1|as-02-03:c1|as-02-04:c1,concept-support,P2,VALIDATE,Verify 390/768/1440 light/dark; preserve labels and relationships; prefer SVG/vector source and meaningful alt text.
mb-times-compare,3,4,mb-01-01:c2|mb-01-02:c1|mb-01-02:c2,concept-support,P2,VALIDATE,Verify 390/768/1440 light/dark; preserve labels and relationships; prefer SVG/vector source and meaningful alt text.
mc-area-formula,3,4,mc-02-01:c1|mc-02-01:c2|mc-02-03:c1,concept-support,P2,VALIDATE,Verify 390/768/1440 light/dark; preserve labels and relationships; prefer SVG/vector source and meaningful alt text.
md3-liter,3,3,md-02-02:c1|md-02-02:c2|md-02-03:c2,concept-support,P2,VALIDATE,Verify 390/768/1440 light/dark; preserve labels and relationships; prefer SVG/vector source and meaningful alt text.
mult3-estimate,3,3,mult-04-04:c2|mult-04-05:c1|mult-04-05:c2,concept-support,P2,VALIDATE,Verify 390/768/1440 light/dark; preserve labels and relationships; prefer SVG/vector source and meaningful alt text.
oblique-triangle-laws,3,10,rt-05-02:c1|rt-05-03:c1|rt-05-04:c2,concept-support,P2,VALIDATE,Verify 390/768/1440 light/dark; preserve labels and relationships; prefer SVG/vector source and meaningful alt text.
partition-grid,3,2,ssg2-02-01:c1|ssg2-02-02:c1|ssg2-02-03:c1,concept-support,P2,VALIDATE,Verify 390/768/1440 light/dark; preserve labels and relationships; prefer SVG/vector source and meaningful alt text.
percent-grid,3,6,rr-04-01:c1|rr-04-01:c2|rr-05-03:c2,concept-support,P2,VALIDATE,Verify 390/768/1440 light/dark; preserve labels and relationships; prefer SVG/vector source and meaningful alt text.
percent-price,3,7,pr-04-01:c1|pr-04-02:c1|pr-04-03:c1,concept-support,P2,VALIDATE,Verify 390/768/1440 light/dark; preserve labels and relationships; prefer SVG/vector source and meaningful alt text.
prism-net,3,6,asv-04-01:c1|asv-04-01:c2|asv-04-03:c1,concept-support,P2,VALIDATE,Verify 390/768/1440 light/dark; preserve labels and relationships; prefer SVG/vector source and meaningful alt text.
pv3-borrow-zero,3,3|4,pv-03-03:c1|pv-03-03:c2|pv2-04-03:c1,concept-support,P2,VALIDATE,Verify 390/768/1440 light/dark; preserve labels and relationships; prefer SVG/vector source and meaningful alt text.
pv3-round-ten,3,3,pv-02-01:c1|pv-02-01:c2|pv-02-04:c2,concept-support,P2,VALIDATE,Verify 390/768/1440 light/dark; preserve labels and relationships; prefer SVG/vector source and meaningful alt text.
pv4-borrow-chain,3,4,pv2-04-02:c1|pv2-04-02:c2|pv2-04-03:c2,concept-support,P2,VALIDATE,Verify 390/768/1440 light/dark; preserve labels and relationships; prefer SVG/vector source and meaningful alt text.
rns-classify,3,8,rns-02-01:c2|rns-02-02:c1|rns-02-02:c2,concept-support,P2,VALIDATE,Verify 390/768/1440 light/dark; preserve labels and relationships; prefer SVG/vector source and meaningful alt text.
round-solids,3,8,tm-05-01:c1|tm-05-02:c1|tm-05-03:c1,concept-support,P2,VALIDATE,Verify 390/768/1440 light/dark; preserve labels and relationships; prefer SVG/vector source and meaningful alt text.
sas-similar,3,10,sy-02-01:c1|sy-02-01:c2|sy-02-01:c3,concept-support,P2,VALIDATE,Verify 390/768/1440 light/dark; preserve labels and relationships; prefer SVG/vector source and meaningful alt text.
scale-drawing,3,7,g7-01-01:c1|g7-01-02:c1|g7-01-03:c1,concept-support,P2,VALIDATE,Verify 390/768/1440 light/dark; preserve labels and relationships; prefer SVG/vector source and meaningful alt text.
si-bias-not-fixed,3,11,si-01-02:c1|si-01-02:c2|si-03-01:c2,concept-support,P2,VALIDATE,Verify 390/768/1440 light/dark; preserve labels and relationships; prefer SVG/vector source and meaningful alt text.
si-ci-meaning,3,11,si-03-02:c1|si-03-02:c2|si-03-02:rc1,concept-support,P2,VALIDATE,Verify 390/768/1440 light/dark; preserve labels and relationships; prefer SVG/vector source and meaningful alt text.
si-margin-band,3,11,si-03-01:c1|si-03-01:rc1|si-05-03:c2,concept-support,P2,VALIDATE,Verify 390/768/1440 light/dark; preserve labels and relationships; prefer SVG/vector source and meaningful alt text.
si-study-types,3,11,si-01-01:c1|si-01-03:c2|si-05-01:c2,concept-support,P2,VALIDATE,Verify 390/768/1440 light/dark; preserve labels and relationships; prefer SVG/vector source and meaningful alt text.
single-scale-graph,3,2,mmt-05-01:c1|mmt-05-02:c1|mmt-05-03:c1,concept-support,P2,VALIDATE,Verify 390/768/1440 light/dark; preserve labels and relationships; prefer SVG/vector source and meaningful alt text.
sohcahtoa-triangle,3,10|11,rt-02-01:c2|rt-03-02:c2|tf-01-01:c1,concept-support,P2,VALIDATE,Verify 390/768/1440 light/dark; preserve labels and relationships; prefer SVG/vector source and meaningful alt text.
solution-ray,3,6|9,ee-05-02:c1|ee-05-02:c2|alg1-04-01:c2,concept-support,P2,VALIDATE,Verify 390/768/1440 light/dark; preserve labels and relationships; prefer SVG/vector source and meaningful alt text.
solve-right-triangle,3,10,rt-03-01:c1|rt-03-03:c1|rt-04-03:c2,concept-support,P2,VALIDATE,Verify 390/768/1440 light/dark; preserve labels and relationships; prefer SVG/vector source and meaningful alt text.
sp-sample-size,3,7,sp-01-01:c3|sp-01-02:c2|sp-01-03:c2,concept-support,P2,VALIDATE,Verify 390/768/1440 light/dark; preserve labels and relationships; prefer SVG/vector source and meaningful alt text.
sss-criterion,3,10,tc-01-01:c1|tc-02-02:c1|tc-02-03:c2,concept-support,P2,VALIDATE,Verify 390/768/1440 light/dark; preserve labels and relationships; prefer SVG/vector source and meaningful alt text.
sss-similar,3,10,sy-02-02:c1|sy-02-02:c2|sy-02-02:c3,concept-support,P2,VALIDATE,Verify 390/768/1440 light/dark; preserve labels and relationships; prefer SVG/vector source and meaningful alt text.
ten-frame-make-ten,3,0,kc-05-01:c1|kc-05-01:c2|kc-05-01:rem-kc0501-c,concept-support,P2,VALIDATE,Verify 390/768/1440 light/dark; preserve labels and relationships; prefer SVG/vector source and meaningful alt text.
thirds-compare,3,2,ssg2-03-01:c1|ssg2-03-02:c1|ssg2-03-03:c1,concept-support,P2,VALIDATE,Verify 390/768/1440 light/dark; preserve labels and relationships; prefer SVG/vector source and meaningful alt text.
transversal-angles,3,8|10,cp-05-01:c1|cp-05-02:c1|tm-03-01:c1,concept-support,P2,VALIDATE,Verify 390/768/1440 light/dark; preserve labels and relationships; prefer SVG/vector source and meaningful alt text.
tse-simplify-order,3,7,tse-01-02:c3|tse-01-03:c2|tse-01-03:c3,concept-support,P2,VALIDATE,Verify 390/768/1440 light/dark; preserve labels and relationships; prefer SVG/vector source and meaningful alt text.
two-way-table,3,8,bv-04-01:c1|bv-04-02:c1|bv-04-03:c1,concept-support,P2,VALIDATE,Verify 390/768/1440 light/dark; preserve labels and relationships; prefer SVG/vector source and meaningful alt text.
undo-machine,3,9|11,ft-05-01:c1|ft-05-02:c1|alg1-01-01:c1,concept-support,P2,VALIDATE,Verify 390/768/1440 light/dark; preserve labels and relationships; prefer SVG/vector source and meaningful alt text.
absolute-value-arcs,2,6,ns-05-01:c1|ns-05-01:c2,concept-support,P3,VALIDATE,Verify 390/768/1440 light/dark; preserve labels and relationships; prefer SVG/vector source and meaningful alt text.
addition-postulates,2,10,gf-02-01:c1|gf-02-02:c1,concept-support,P3,VALIDATE,Verify 390/768/1440 light/dark; preserve labels and relationships; prefer SVG/vector source and meaningful alt text.
angle-bisector-construction,2,10,cp-01-03:c1|cp-01-03:i1,concept-support,P3,VALIDATE,Verify 390/768/1440 light/dark; preserve labels and relationships; prefer SVG/vector source and meaningful alt text.
asa-criterion,2,10,tc-01-01:c3|tc-02-03:c1,concept-support,P3,VALIDATE,Verify 390/768/1440 light/dark; preserve labels and relationships; prefer SVG/vector source and meaningful alt text.
asv-coord-length,2,6,asv-03-01:c1|asv-03-01:c2,concept-support,P3,VALIDATE,Verify 390/768/1440 light/dark; preserve labels and relationships; prefer SVG/vector source and meaningful alt text.
asv-formula-compare,2,6,asv-01-03:c1|asv-01-03:c2,concept-support,P3,VALIDATE,Verify 390/768/1440 light/dark; preserve labels and relationships; prefer SVG/vector source and meaningful alt text.
asv-frac-volume,2,6,asv-05-02:c1|asv-05-02:c2,concept-support,P3,VALIDATE,Verify 390/768/1440 light/dark; preserve labels and relationships; prefer SVG/vector source and meaningful alt text.
asv-subtract,2,6,asv-02-02:c2|asv-02-03:c2,concept-support,P3,VALIDATE,Verify 390/768/1440 light/dark; preserve labels and relationships; prefer SVG/vector source and meaningful alt text.
asv-tri-prism,2,6,asv-04-02:c1|asv-04-02:c2,concept-support,P3,VALIDATE,Verify 390/768/1440 light/dark; preserve labels and relationships; prefer SVG/vector source and meaningful alt text.
bar-join,2,0|1,as-05-01:c1|kc-04-01:c1,concept-support,P3,VALIDATE,Verify 390/768/1440 light/dark; preserve labels and relationships; prefer SVG/vector source and meaningful alt text.
both-sides-scale,2,8|9,les-01-02:c1|alg1-01-02:c1,concept-support,P3,VALIDATE,Verify 390/768/1440 light/dark; preserve labels and relationships; prefer SVG/vector source and meaningful alt text.
bv-residuals-steer-the-line,2,8|9,bv-05-03:c1|dm-02-01:c2,concept-support,P3,VALIDATE,Verify 390/768/1440 light/dark; preserve labels and relationships; prefer SVG/vector source and meaningful alt text.
chart-down-ten,2,1,c120-02-03:c1|c120-05-02:c1,concept-support,P3,VALIDATE,Verify 390/768/1440 light/dark; preserve labels and relationships; prefer SVG/vector source and meaningful alt text.
chord-distance,2,10,cr-02-02:c1|cr-02-03:c1,concept-support,P3,VALIDATE,Verify 390/768/1440 light/dark; preserve labels and relationships; prefer SVG/vector source and meaningful alt text.
circumcenter,2,10,tc-04-01:c1|tc-04-03:c1,concept-support,P3,VALIDATE,Verify 390/768/1440 light/dark; preserve labels and relationships; prefer SVG/vector source and meaningful alt text.
co-ellipse-def,2,12,co-02-01:c1|co-02-02:c1,concept-support,P3,VALIDATE,Verify 390/768/1440 light/dark; preserve labels and relationships; prefer SVG/vector source and meaningful alt text.
co-hyperbola-def,2,12,co-03-01:c1|co-03-02:c1,concept-support,P3,VALIDATE,Verify 390/768/1440 light/dark; preserve labels and relationships; prefer SVG/vector source and meaningful alt text.
composition-chain,2,11,ft-04-02:c1|ft-04-03:c1,concept-support,P3,VALIDATE,Verify 390/768/1440 light/dark; preserve labels and relationships; prefer SVG/vector source and meaningful alt text.
cpr-double-count,2,10,cpr-01-03:c2|cpr-02-01:rc1,concept-support,P3,VALIDATE,Verify 390/768/1440 light/dark; preserve labels and relationships; prefer SVG/vector source and meaningful alt text.
cpr-multiplication-area,2,10,cpr-03-03:c1|cpr-03-03:rc1,concept-support,P3,VALIDATE,Verify 390/768/1440 light/dark; preserve labels and relationships; prefer SVG/vector source and meaningful alt text.
cpr-restricted-space,2,10,cpr-03-01:c1|cpr-03-01:rc1,concept-support,P3,VALIDATE,Verify 390/768/1440 light/dark; preserve labels and relationships; prefer SVG/vector source and meaningful alt text.
cpr-row-vs-column,2,10,cpr-03-02:c1|cpr-03-02:rc1,concept-support,P3,VALIDATE,Verify 390/768/1440 light/dark; preserve labels and relationships; prefer SVG/vector source and meaningful alt text.
cpr-table-union,2,10,cpr-02-03:c1|cpr-02-03:rc1,concept-support,P3,VALIDATE,Verify 390/768/1440 light/dark; preserve labels and relationships; prefer SVG/vector source and meaningful alt text.
cpr-two-way-table,2,10,cpr-02-02:c1|cpr-02-02:rc1,concept-support,P3,VALIDATE,Verify 390/768/1440 light/dark; preserve labels and relationships; prefer SVG/vector source and meaningful alt text.
cpr-union-intersection,2,10,cpr-01-01:c2|cpr-01-01:rc1,concept-support,P3,VALIDATE,Verify 390/768/1440 light/dark; preserve labels and relationships; prefer SVG/vector source and meaningful alt text.
dd-box-quarters,2,6,dd-04b-01:c2|dd-04b-02:c2,concept-support,P3,VALIDATE,Verify 390/768/1440 light/dark; preserve labels and relationships; prefer SVG/vector source and meaningful alt text.
dd-data-answers,2,6,dd-01-02:c1|dd-01-02:c2,concept-support,P3,VALIDATE,Verify 390/768/1440 light/dark; preserve labels and relationships; prefer SVG/vector source and meaningful alt text.
dd-pipeline,2,6,dd-01-03:c1|dd-01-03:c2,concept-support,P3,VALIDATE,Verify 390/768/1440 light/dark; preserve labels and relationships; prefer SVG/vector source and meaningful alt text.
dd-shape,2,6,dd-02-03:c1|dd-02-03:c2,concept-support,P3,VALIDATE,Verify 390/768/1440 light/dark; preserve labels and relationships; prefer SVG/vector source and meaningful alt text.
dd-stat-question,2,6,dd-01-01:c1|dd-01-01:c2,concept-support,P3,VALIDATE,Verify 390/768/1440 light/dark; preserve labels and relationships; prefer SVG/vector source and meaningful alt text.
dop-partial-products,2,5,dop-02-01:c1|dop-02-01:c2,concept-support,P3,VALIDATE,Verify 390/768/1440 light/dark; preserve labels and relationships; prefer SVG/vector source and meaningful alt text.
dop-precedence,2,5,dop-01-01:c2|dop-01-02:c2,concept-support,P3,VALIDATE,Verify 390/768/1440 light/dark; preserve labels and relationships; prefer SVG/vector source and meaningful alt text.
dop-standard-algo,2,5,dop-02-02:c1|dop-02-02:c2,concept-support,P3,VALIDATE,Verify 390/768/1440 light/dark; preserve labels and relationships; prefer SVG/vector source and meaningful alt text.
dop-word-expr,2,5,dop-01-03:c1|dop-01-03:c2,concept-support,P3,VALIDATE,Verify 390/768/1440 light/dark; preserve labels and relationships; prefer SVG/vector source and meaningful alt text.
dot-plot-pets,2,6,dd-02-01:c1|dd-02-01:c2,concept-support,P3,VALIDATE,Verify 390/768/1440 light/dark; preserve labels and relationships; prefer SVG/vector source and meaningful alt text.
double-number-line,2,6,rr-02-02:c1|rr-02-02:c2,concept-support,P3,VALIDATE,Verify 390/768/1440 light/dark; preserve labels and relationships; prefer SVG/vector source and meaningful alt text.
dpv-expanded,2,5,dpv-02-02:c1|dpv-02-02:c2,concept-support,P3,VALIDATE,Verify 390/768/1440 light/dark; preserve labels and relationships; prefer SVG/vector source and meaningful alt text.
dpv-place-names,2,5,dpv-02-01:c1|dpv-02-01:c2,concept-support,P3,VALIDATE,Verify 390/768/1440 light/dark; preserve labels and relationships; prefer SVG/vector source and meaningful alt text.
dpv-words,2,5,dpv-02-03:c1|dpv-02-03:c2,concept-support,P3,VALIDATE,Verify 390/768/1440 light/dark; preserve labels and relationships; prefer SVG/vector source and meaningful alt text.
ee-dep-indep,2,6,ee-05-03:c1|ee-05-03:c2,concept-support,P3,VALIDATE,Verify 390/768/1440 light/dark; preserve labels and relationships; prefer SVG/vector source and meaningful alt text.
ee-eval-power,2,6,ee-01-02:c1|ee-01-02:c2,concept-support,P3,VALIDATE,Verify 390/768/1440 light/dark; preserve labels and relationships; prefer SVG/vector source and meaningful alt text.
ee-inequality,2,6,ee-05-01:c1|ee-05-01:c2,concept-support,P3,VALIDATE,Verify 390/768/1440 light/dark; preserve labels and relationships; prefer SVG/vector source and meaningful alt text.
ee-mult-div-solve,2,6,ee-04-03:c1|ee-04-03:c2,concept-support,P3,VALIDATE,Verify 390/768/1440 light/dark; preserve labels and relationships; prefer SVG/vector source and meaningful alt text.
ee-order-ops,2,6,ee-01-03:c1|ee-01-03:c2,concept-support,P3,VALIDATE,Verify 390/768/1440 light/dark; preserve labels and relationships; prefer SVG/vector source and meaningful alt text.
ee-variable,2,6,ee-02-01:c1|ee-02-01:c2,concept-support,P3,VALIDATE,Verify 390/768/1440 light/dark; preserve labels and relationships; prefer SVG/vector source and meaningful alt text.
ee-word-expr,2,6,ee-02-03:c1|ee-02-03:c2,concept-support,P3,VALIDATE,Verify 390/768/1440 light/dark; preserve labels and relationships; prefer SVG/vector source and meaningful alt text.
ep-negative-exp,2,8|9,ep-01-03:c2|esn-01b-03:c2,concept-support,P3,VALIDATE,Verify 390/768/1440 light/dark; preserve labels and relationships; prefer SVG/vector source and meaningful alt text.
ep-power-of-product,2,8|9,ep-01-02:c2|esn-01b-02:c2,concept-support,P3,VALIDATE,Verify 390/768/1440 light/dark; preserve labels and relationships; prefer SVG/vector source and meaningful alt text.
esn-compare-mag,2,8,esn-03-03:c1|esn-03-03:c2,concept-support,P3,VALIDATE,Verify 390/768/1440 light/dark; preserve labels and relationships; prefer SVG/vector source and meaningful alt text.
esn-power-meaning,2,8,esn-01-01:c1|esn-01-01:c2,concept-support,P3,VALIDATE,Verify 390/768/1440 light/dark; preserve labels and relationships; prefer SVG/vector source and meaningful alt text.
esn-root-context,2,8,esn-02-03:c1|esn-02-03:c2,concept-support,P3,VALIDATE,Verify 390/768/1440 light/dark; preserve labels and relationships; prefer SVG/vector source and meaningful alt text.
esn-sci-small,2,8,esn-03-02:c1|esn-03-02:c2,concept-support,P3,VALIDATE,Verify 390/768/1440 light/dark; preserve labels and relationships; prefer SVG/vector source and meaningful alt text.
esn-square-root,2,8,esn-02-01:c1|esn-02-01:c2,concept-support,P3,VALIDATE,Verify 390/768/1440 light/dark; preserve labels and relationships; prefer SVG/vector source and meaningful alt text.
exp-compare-curves,2,9,exp-04-02:c1|exp-04-03:c1,concept-support,P3,VALIDATE,Verify 390/768/1440 light/dark; preserve labels and relationships; prefer SVG/vector source and meaningful alt text.
fa-multiplier,2,4,fa-01-02:c1|fa-01-02:c2,concept-support,P3,VALIDATE,Verify 390/768/1440 light/dark; preserve labels and relationships; prefer SVG/vector source and meaningful alt text.
fa-simplify,2,4,fa-01-03:c1|fa-01-03:c2,concept-support,P3,VALIDATE,Verify 390/768/1440 light/dark; preserve labels and relationships; prefer SVG/vector source and meaningful alt text.
fa-subtract-like,2,4,fa-03-02:c1|fa-03-02:c2,concept-support,P3,VALIDATE,Verify 390/768/1440 light/dark; preserve labels and relationships; prefer SVG/vector source and meaningful alt text.
fact-family,2,1,as-03-04:c1|as-04-01:c1,concept-support,P3,VALIDATE,Verify 390/768/1440 light/dark; preserve labels and relationships; prefer SVG/vector source and meaningful alt text.
fg-graph-shape,2,8,fg-04-02:c1|fg-04-02:c2,concept-support,P3,VALIDATE,Verify 390/768/1440 light/dark; preserve labels and relationships; prefer SVG/vector source and meaningful alt text.
fg-many-forms,2,8,fg-03-01:c1|fg-03-01:c2,concept-support,P3,VALIDATE,Verify 390/768/1440 light/dark; preserve labels and relationships; prefer SVG/vector source and meaningful alt text.
fg-story-graph,2,8,fg-04-03:c1|fg-04-03:c2,concept-support,P3,VALIDATE,Verify 390/768/1440 light/dark; preserve labels and relationships; prefer SVG/vector source and meaningful alt text.
fm-add-unlike,2,5,fm-01-02:c1|fm-01-02:c2,concept-support,P3,VALIDATE,Verify 390/768/1440 light/dark; preserve labels and relationships; prefer SVG/vector source and meaningful alt text.
fm-cancel,2,5,fm-03-03:c1|fm-03-03:c2,concept-support,P3,VALIDATE,Verify 390/768/1440 light/dark; preserve labels and relationships; prefer SVG/vector source and meaningful alt text.
fm-common-denom,2,5,fm-01-01:c1|fm-01-01:c2,concept-support,P3,VALIDATE,Verify 390/768/1440 light/dark; preserve labels and relationships; prefer SVG/vector source and meaningful alt text.
fm-fraction-of,2,5,fm-02-02:c1|fm-02-02:c2,concept-support,P3,VALIDATE,Verify 390/768/1440 light/dark; preserve labels and relationships; prefer SVG/vector source and meaningful alt text.
fm-groups,2,5,fm-02-01:c1|fm-02-01:c2,concept-support,P3,VALIDATE,Verify 390/768/1440 light/dark; preserve labels and relationships; prefer SVG/vector source and meaningful alt text.
fm-multiply-across,2,5,fm-03-02:c1|fm-03-02:c2,concept-support,P3,VALIDATE,Verify 390/768/1440 light/dark; preserve labels and relationships; prefer SVG/vector source and meaningful alt text.
fm-subtract-unlike,2,5,fm-01-03:c1|fm-01-03:c2,concept-support,P3,VALIDATE,Verify 390/768/1440 light/dark; preserve labels and relationships; prefer SVG/vector source and meaningful alt text.
four-quadrant-plane,2,6,ns-04-03:c1|ns-04-03:c2,concept-support,P3,VALIDATE,Verify 390/768/1440 light/dark; preserve labels and relationships; prefer SVG/vector source and meaningful alt text.
frac-compare-same-denom,2,3,fr-04-01:c1|fr-04-01:c2,concept-support,P3,VALIDATE,Verify 390/768/1440 light/dark; preserve labels and relationships; prefer SVG/vector source and meaningful alt text.
frac-compare-wholes,2,3,fr-04-04:c1|fr-04-04:c2,concept-support,P3,VALIDATE,Verify 390/768/1440 light/dark; preserve labels and relationships; prefer SVG/vector source and meaningful alt text.
frac-equiv-half,2,3,fr-03-02:c1|fr-03-02:c2,concept-support,P3,VALIDATE,Verify 390/768/1440 light/dark; preserve labels and relationships; prefer SVG/vector source and meaningful alt text.
frac-equiv-numline,2,3,fr-03-01:c1|fr-03-01:c2,concept-support,P3,VALIDATE,Verify 390/768/1440 light/dark; preserve labels and relationships; prefer SVG/vector source and meaningful alt text.
frac-numline-fourths,2,3,fr-02-01:c1|fr-02-01:c2,concept-support,P3,VALIDATE,Verify 390/768/1440 light/dark; preserve labels and relationships; prefer SVG/vector source and meaningful alt text.
frac-numline-pastone,2,3,fr-02-04:c1|fr-02-04:c2,concept-support,P3,VALIDATE,Verify 390/768/1440 light/dark; preserve labels and relationships; prefer SVG/vector source and meaningful alt text.
frac-numline-threefourths,2,3,fr-02-03:c1|fr-02-03:c2,concept-support,P3,VALIDATE,Verify 390/768/1440 light/dark; preserve labels and relationships; prefer SVG/vector source and meaningful alt text.
frac-numline-unit,2,3,fr-02-02:c1|fr-02-02:c2,concept-support,P3,VALIDATE,Verify 390/768/1440 light/dark; preserve labels and relationships; prefer SVG/vector source and meaningful alt text.
frac-top-bottom,2,3,fr-01-04:c1|fr-01-04:c2,concept-support,P3,VALIDATE,Verify 390/768/1440 light/dark; preserve labels and relationships; prefer SVG/vector source and meaningful alt text.
frac-whole-disguise,2,3,fr-03-03:c1|fr-03-03:c2,concept-support,P3,VALIDATE,Verify 390/768/1440 light/dark; preserve labels and relationships; prefer SVG/vector source and meaningful alt text.
function-vs-not,2,8,fg-01-03:c1|fg-01-03:c2,concept-support,P3,VALIDATE,Verify 390/768/1440 light/dark; preserve labels and relationships; prefer SVG/vector source and meaningful alt text.
g7-triangle-inequality,2,7,g7-03b-01:c2|g7-04-01:c2,concept-support,P3,VALIDATE,Verify 390/768/1440 light/dark; preserve labels and relationships; prefer SVG/vector source and meaningful alt text.
geo3-misfit,2,3,geo-02-02:c1|geo-02-02:c2,concept-support,P3,VALIDATE,Verify 390/768/1440 light/dark; preserve labels and relationships; prefer SVG/vector source and meaningful alt text.
gf-reflections-signs,2,8|10,gf-03-02:c1|tm-01b-02:c2,concept-support,P3,VALIDATE,Verify 390/768/1440 light/dark; preserve labels and relationships; prefer SVG/vector source and meaningful alt text.
gf-translations-chain,2,8|10,gf-03-01:c3|tm-01b-01:c2,concept-support,P3,VALIDATE,Verify 390/768/1440 light/dark; preserve labels and relationships; prefer SVG/vector source and meaningful alt text.
histogram-scores,2,6,dd-02-02:c1|dd-02-02:c2,concept-support,P3,VALIDATE,Verify 390/768/1440 light/dark; preserve labels and relationships; prefer SVG/vector source and meaningful alt text.
hl-criterion,2,10,tc-02-01:c1|tc-02-01:c2,concept-support,P3,VALIDATE,Verify 390/768/1440 light/dark; preserve labels and relationships; prefer SVG/vector source and meaningful alt text.
hundred-more,2,1,c120-03-03:c1|c120-04-03:c1,concept-support,P3,VALIDATE,Verify 390/768/1440 light/dark; preserve labels and relationships; prefer SVG/vector source and meaningful alt text.
inscribed-angle-halves,2,10,cr-01-02:c1|cr-05-03:c1,concept-support,P3,VALIDATE,Verify 390/768/1440 light/dark; preserve labels and relationships; prefer SVG/vector source and meaningful alt text.
la-basics,2,4,la-01-01:c1|la-01-01:c2,concept-support,P3,VALIDATE,Verify 390/768/1440 light/dark; preserve labels and relationships; prefer SVG/vector source and meaningful alt text.
la-symmetry,2,4,la-04-01:c1|la-04-01:c2,concept-support,P3,VALIDATE,Verify 390/768/1440 light/dark; preserve labels and relationships; prefer SVG/vector source and meaningful alt text.
la-symmetry-letters,2,4,la-04-03:c1|la-04-03:c2,concept-support,P3,VALIDATE,Verify 390/768/1440 light/dark; preserve labels and relationships; prefer SVG/vector source and meaningful alt text.
la-symmetry-regular,2,4,la-04-02:c1|la-04-02:c2,concept-support,P3,VALIDATE,Verify 390/768/1440 light/dark; preserve labels and relationships; prefer SVG/vector source and meaningful alt text.
lc-approach-table,2,12,lc-01-01:c1|lc-01-02:c1,concept-support,P3,VALIDATE,Verify 390/768/1440 light/dark; preserve labels and relationships; prefer SVG/vector source and meaningful alt text.
lc-hole-graph,2,12,lc-01-01:c2|lc-01-02:c2,concept-support,P3,VALIDATE,Verify 390/768/1440 light/dark; preserve labels and relationships; prefer SVG/vector source and meaningful alt text.
lc-indeterminate,2,12,lc-02-02:c1|lc-02-03:c1,concept-support,P3,VALIDATE,Verify 390/768/1440 light/dark; preserve labels and relationships; prefer SVG/vector source and meaningful alt text.
lc-infinity-ha,2,12,lc-03-02:c1|lc-03-03:c1,concept-support,P3,VALIDATE,Verify 390/768/1440 light/dark; preserve labels and relationships; prefer SVG/vector source and meaningful alt text.
lc-jump-graph,2,12,lc-01-03:c1|lc-03-01:c1,concept-support,P3,VALIDATE,Verify 390/768/1440 light/dark; preserve labels and relationships; prefer SVG/vector source and meaningful alt text.
lc-secant-tangent,2,12,lc-05-01:c1|lc-05-02:c1,concept-support,P3,VALIDATE,Verify 390/768/1440 light/dark; preserve labels and relationships; prefer SVG/vector source and meaningful alt text.
les-infinite,2,8,les-02-02:c1|les-02-02:c2,concept-support,P3,VALIDATE,Verify 390/768/1440 light/dark; preserve labels and relationships; prefer SVG/vector source and meaningful alt text.
like-radicals,2,9,rad-02-01:c1|rad-02-03:c1,concept-support,P3,VALIDATE,Verify 390/768/1440 light/dark; preserve labels and relationships; prefer SVG/vector source and meaningful alt text.
magnitude-scale,2,8,esn-03-01:c1|esn-03-01:c2,concept-support,P3,VALIDATE,Verify 390/768/1440 light/dark; preserve labels and relationships; prefer SVG/vector source and meaningful alt text.
mapping-diagram,2,8|9,fn-01-02:c1|fg-01-02:c1,concept-support,P3,VALIDATE,Verify 390/768/1440 light/dark; preserve labels and relationships; prefer SVG/vector source and meaningful alt text.
mb-break-area,2,4,mb-03-02:c1|mb-03-02:c2,concept-support,P3,VALIDATE,Verify 390/768/1440 light/dark; preserve labels and relationships; prefer SVG/vector source and meaningful alt text.
mb-factor-pairs,2,4,mb-02-01:c1|mb-02-01:c2,concept-support,P3,VALIDATE,Verify 390/768/1440 light/dark; preserve labels and relationships; prefer SVG/vector source and meaningful alt text.
mb-more-vs-times,2,4,mb-01-03:c1|mb-01-03:c2,concept-support,P3,VALIDATE,Verify 390/768/1440 light/dark; preserve labels and relationships; prefer SVG/vector source and meaningful alt text.
mb-multiples,2,4,mb-02-02:c1|mb-02-02:c2,concept-support,P3,VALIDATE,Verify 390/768/1440 light/dark; preserve labels and relationships; prefer SVG/vector source and meaningful alt text.
mb-multistep,2,4,mb-05-02:c1|mb-05-02:c2,concept-support,P3,VALIDATE,Verify 390/768/1440 light/dark; preserve labels and relationships; prefer SVG/vector source and meaningful alt text.
mb-pattern,2,4,mb-05-01:c1|mb-05-01:c2,concept-support,P3,VALIDATE,Verify 390/768/1440 light/dark; preserve labels and relationships; prefer SVG/vector source and meaningful alt text.
mb-prime-composite,2,4,mb-02-03:c1|mb-02-03:c2,concept-support,P3,VALIDATE,Verify 390/768/1440 light/dark; preserve labels and relationships; prefer SVG/vector source and meaningful alt text.
mb-remainder,2,4,mb-04-01:c1|mb-04-01:c2,concept-support,P3,VALIDATE,Verify 390/768/1440 light/dark; preserve labels and relationships; prefer SVG/vector source and meaningful alt text.
mc-additive,2,4,mc-04-01:c1|mc-04-01:c2,concept-support,P3,VALIDATE,Verify 390/768/1440 light/dark; preserve labels and relationships; prefer SVG/vector source and meaningful alt text.
mc-benchmark-angles,2,4,mc-04-03:c1|mc-04-03:c2,concept-support,P3,VALIDATE,Verify 390/768/1440 light/dark; preserve labels and relationships; prefer SVG/vector source and meaningful alt text.
mc-classify-angles,2,4,mc-03-03:c1|mc-03-03:c2,concept-support,P3,VALIDATE,Verify 390/768/1440 light/dark; preserve labels and relationships; prefer SVG/vector source and meaningful alt text.
mc-degree,2,4,mc-03-01:c1|mc-03-01:c2,concept-support,P3,VALIDATE,Verify 390/768/1440 light/dark; preserve labels and relationships; prefer SVG/vector source and meaningful alt text.
mc-length-ladder,2,4,mc-01-02:c1|mc-01-02:c2,concept-support,P3,VALIDATE,Verify 390/768/1440 light/dark; preserve labels and relationships; prefer SVG/vector source and meaningful alt text.
mc-mass-volume,2,4,mc-01-03:c1|mc-01-03:c2,concept-support,P3,VALIDATE,Verify 390/768/1440 light/dark; preserve labels and relationships; prefer SVG/vector source and meaningful alt text.
mc-missing-angle,2,4,mc-04-02:c1|mc-04-02:c2,concept-support,P3,VALIDATE,Verify 390/768/1440 light/dark; preserve labels and relationships; prefer SVG/vector source and meaningful alt text.
mc-prefixes,2,4,mc-01-01:c1|mc-01-01:c2,concept-support,P3,VALIDATE,Verify 390/768/1440 light/dark; preserve labels and relationships; prefer SVG/vector source and meaningful alt text.
mc-protractor,2,4,mc-03-02:c1|mc-03-02:c2,concept-support,P3,VALIDATE,Verify 390/768/1440 light/dark; preserve labels and relationships; prefer SVG/vector source and meaningful alt text.
mc-ruler-eighths,2,4,mc-05-01:c1|mc-05-01:c2,concept-support,P3,VALIDATE,Verify 390/768/1440 light/dark; preserve labels and relationships; prefer SVG/vector source and meaningful alt text.
md3-area-breakapart,2,3,md-04-03:c1|md-04-03:c2,concept-support,P3,VALIDATE,Verify 390/768/1440 light/dark; preserve labels and relationships; prefer SVG/vector source and meaningful alt text.
md3-area-grid,2,3,md-04-01:c1|md-04-01:c2,concept-support,P3,VALIDATE,Verify 390/768/1440 light/dark; preserve labels and relationships; prefer SVG/vector source and meaningful alt text.
md3-area-lshape,2,3,md-04-04:c1|md-04-04:c2,concept-support,P3,VALIDATE,Verify 390/768/1440 light/dark; preserve labels and relationships; prefer SVG/vector source and meaningful alt text.
md3-area-rows,2,3,md-04-02:c1|md-04-02:c2,concept-support,P3,VALIDATE,Verify 390/768/1440 light/dark; preserve labels and relationships; prefer SVG/vector source and meaningful alt text.
md3-elapsed,2,3,md-01-03:c1|md-01-03:c2,concept-support,P3,VALIDATE,Verify 390/768/1440 light/dark; preserve labels and relationships; prefer SVG/vector source and meaningful alt text.
md3-lineplot,2,3,md-03-04:c1|md-03-04:c2,concept-support,P3,VALIDATE,Verify 390/768/1440 light/dark; preserve labels and relationships; prefer SVG/vector source and meaningful alt text.
md3-mass-scale,2,3,md-02-01:c1|md-02-03:c1,concept-support,P3,VALIDATE,Verify 390/768/1440 light/dark; preserve labels and relationships; prefer SVG/vector source and meaningful alt text.
md3-missing-side,2,3,md-05-02:c1|md-05-02:c2,concept-support,P3,VALIDATE,Verify 390/768/1440 light/dark; preserve labels and relationships; prefer SVG/vector source and meaningful alt text.
md3-pictograph,2,3,md-03-01:c1|md-03-01:c2,concept-support,P3,VALIDATE,Verify 390/768/1440 light/dark; preserve labels and relationships; prefer SVG/vector source and meaningful alt text.
md3-same-area,2,3,md-05-03:c1|md-05-03:c2,concept-support,P3,VALIDATE,Verify 390/768/1440 light/dark; preserve labels and relationships; prefer SVG/vector source and meaningful alt text.
md3-time-twoways,2,3,md-01-02:c1|md-01-02:c2,concept-support,P3,VALIDATE,Verify 390/768/1440 light/dark; preserve labels and relationships; prefer SVG/vector source and meaningful alt text.
mean-level-off,2,6,dd-03-01:c1|dd-03-01:c2,concept-support,P3,VALIDATE,Verify 390/768/1440 light/dark; preserve labels and relationships; prefer SVG/vector source and meaningful alt text.
mean-outlier-pull,2,6,dd-03-03:c1|dd-03-03:c2,concept-support,P3,VALIDATE,Verify 390/768/1440 light/dark; preserve labels and relationships; prefer SVG/vector source and meaningful alt text.
midsegment,2,10,tc-03-03:c1|tc-03-03:c2,concept-support,P3,VALIDATE,Verify 390/768/1440 light/dark; preserve labels and relationships; prefer SVG/vector source and meaningful alt text.
mult3-add-table,2,3,mult-05-01:c1|mult-05-01:c2,concept-support,P3,VALIDATE,Verify 390/768/1440 light/dark; preserve labels and relationships; prefer SVG/vector source and meaningful alt text.
mult3-array,2,3,mult-01-02:c1|mult-01-02:c2,concept-support,P3,VALIDATE,Verify 390/768/1440 light/dark; preserve labels and relationships; prefer SVG/vector source and meaningful alt text.
mult3-break-apart,2,3,mult-03-05:c1|mult-03-05:c2,concept-support,P3,VALIDATE,Verify 390/768/1440 light/dark; preserve labels and relationships; prefer SVG/vector source and meaningful alt text.
mult3-double,2,3,mult-03-01:c1|mult-03-01:c2,concept-support,P3,VALIDATE,Verify 390/768/1440 light/dark; preserve labels and relationships; prefer SVG/vector source and meaningful alt text.
mult3-double-double,2,3,mult-03-03:c1|mult-03-03:c2,concept-support,P3,VALIDATE,Verify 390/768/1440 light/dark; preserve labels and relationships; prefer SVG/vector source and meaningful alt text.
mult3-equal-groups,2,3,mult-01-01:c1|mult-01-01:c2,concept-support,P3,VALIDATE,Verify 390/768/1440 light/dark; preserve labels and relationships; prefer SVG/vector source and meaningful alt text.
mult3-even-odd,2,3,mult-05-03:c1|mult-05-03:c2,concept-support,P3,VALIDATE,Verify 390/768/1440 light/dark; preserve labels and relationships; prefer SVG/vector source and meaningful alt text.
mult3-fact-family,2,3,mult-02-04:c1|mult-02-04:c2,concept-support,P3,VALIDATE,Verify 390/768/1440 light/dark; preserve labels and relationships; prefer SVG/vector source and meaningful alt text.
mult3-fair-shares,2,3,mult-02-01:c1|mult-02-01:c2,concept-support,P3,VALIDATE,Verify 390/768/1440 light/dark; preserve labels and relationships; prefer SVG/vector source and meaningful alt text.
mult3-fives,2,3,mult-03-02:c1|mult-03-02:c2,concept-support,P3,VALIDATE,Verify 390/768/1440 light/dark; preserve labels and relationships; prefer SVG/vector source and meaningful alt text.
mult3-flip,2,3,mult-01-05:c1|mult-01-05:c2,concept-support,P3,VALIDATE,Verify 390/768/1440 light/dark; preserve labels and relationships; prefer SVG/vector source and meaningful alt text.
mult3-how-many-groups,2,3,mult-02-02:c1|mult-02-02:c2,concept-support,P3,VALIDATE,Verify 390/768/1440 light/dark; preserve labels and relationships; prefer SVG/vector source and meaningful alt text.
mult3-hundred-chart,2,3,mult-05-04:c1|mult-05-04:c2,concept-support,P3,VALIDATE,Verify 390/768/1440 light/dark; preserve labels and relationships; prefer SVG/vector source and meaningful alt text.
mult3-mult-table,2,3,mult-05-02:c1|mult-05-02:c2,concept-support,P3,VALIDATE,Verify 390/768/1440 light/dark; preserve labels and relationships; prefer SVG/vector source and meaningful alt text.
mult3-nines,2,3,mult-03-04:c1|mult-03-04:c2,concept-support,P3,VALIDATE,Verify 390/768/1440 light/dark; preserve labels and relationships; prefer SVG/vector source and meaningful alt text.
mult3-special,2,3,mult-02-05:c1|mult-02-05:c2,concept-support,P3,VALIDATE,Verify 390/768/1440 light/dark; preserve labels and relationships; prefer SVG/vector source and meaningful alt text.
multiplicity-bounce-cross,2,11,pf-02-02:c1|pf-05-01:c1,concept-support,P3,VALIDATE,Verify 390/768/1440 light/dark; preserve labels and relationships; prefer SVG/vector source and meaningful alt text.
ns-abs-compare,2,6,ns-05-02:c1|ns-05-02:c2,concept-support,P3,VALIDATE,Verify 390/768/1440 light/dark; preserve labels and relationships; prefer SVG/vector source and meaningful alt text.
ns-factor-distribute,2,6,ns-03-03:c1|ns-03-03:c2,concept-support,P3,VALIDATE,Verify 390/768/1440 light/dark; preserve labels and relationships; prefer SVG/vector source and meaningful alt text.
ns-flip-multiply,2,6,ns-01-02:c1|ns-01-02:c2,concept-support,P3,VALIDATE,Verify 390/768/1440 light/dark; preserve labels and relationships; prefer SVG/vector source and meaningful alt text.
ns-lcm,2,6,ns-03-02:c1|ns-03-02:c2,concept-support,P3,VALIDATE,Verify 390/768/1440 light/dark; preserve labels and relationships; prefer SVG/vector source and meaningful alt text.
number-line-jumps,2,3,mult-01-04:c1|mult-01-04:c2,concept-support,P3,VALIDATE,Verify 390/768/1440 light/dark; preserve labels and relationships; prefer SVG/vector source and meaningful alt text.
pair-up,2,0|2,as100-05-01:c1|kc-02-01:c1,concept-support,P3,VALIDATE,Verify 390/768/1440 light/dark; preserve labels and relationships; prefer SVG/vector source and meaningful alt text.
parallelogram-congruent-triangles,2,10,pq-02-01:c1|pq-05-01:c1,concept-support,P3,VALIDATE,Verify 390/768/1440 light/dark; preserve labels and relationships; prefer SVG/vector source and meaningful alt text.
part-whole-bar,2,6,rr-01-02:c1|rr-01-02:c2,concept-support,P3,VALIDATE,Verify 390/768/1440 light/dark; preserve labels and relationships; prefer SVG/vector source and meaningful alt text.
pc-polar-wedge,2,13,pc-02-01:c1|pc-02-01:c2,concept-support,P3,VALIDATE,Verify 390/768/1440 light/dark; preserve labels and relationships; prefer SVG/vector source and meaningful alt text.
place-by-place-compare,2,2,pv1000-03-02:c1|pv1000-03-03:c1,concept-support,P3,VALIDATE,Verify 390/768/1440 light/dark; preserve labels and relationships; prefer SVG/vector source and meaningful alt text.
pp-projectile,2,12,pp-05-01:c1|pp-05-03:c1,concept-support,P3,VALIDATE,Verify 390/768/1440 light/dark; preserve labels and relationships; prefer SVG/vector source and meaningful alt text.
pr-keep-flip-multiply,2,7,pr-01-01:c3|pr-01-03:c3,concept-support,P3,VALIDATE,Verify 390/768/1440 light/dark; preserve labels and relationships; prefer SVG/vector source and meaningful alt text.
pr-markdown,2,7,pr-04-02:c2|pr-04-02:c3,concept-support,P3,VALIDATE,Verify 390/768/1440 light/dark; preserve labels and relationships; prefer SVG/vector source and meaningful alt text.
pr-not-proportional,2,7,pr-02-01:c2|pr-02-01:c3,concept-support,P3,VALIDATE,Verify 390/768/1440 light/dark; preserve labels and relationships; prefer SVG/vector source and meaningful alt text.
pr-percent-change,2,7,pr-04-03:c2|pr-04-03:c3,concept-support,P3,VALIDATE,Verify 390/768/1440 light/dark; preserve labels and relationships; prefer SVG/vector source and meaningful alt text.
pr-percent-shortcut,2,7,pr-04-01:c2|pr-04-01:c3,concept-support,P3,VALIDATE,Verify 390/768/1440 light/dark; preserve labels and relationships; prefer SVG/vector source and meaningful alt text.
pr-unit-rate-point,2,7,pr-03-02:c2|pr-03-02:c3,concept-support,P3,VALIDATE,Verify 390/768/1440 light/dark; preserve labels and relationships; prefer SVG/vector source and meaningful alt text.
pr-y-equals-kx,2,7,pr-02-02:c3|pr-03b-01:c1,concept-support,P3,VALIDATE,Verify 390/768/1440 light/dark; preserve labels and relationships; prefer SVG/vector source and meaningful alt text.
proof-structure,2,10,cp-03-03:c1|cp-04-02:c1,concept-support,P3,VALIDATE,Verify 390/768/1440 light/dark; preserve labels and relationships; prefer SVG/vector source and meaningful alt text.
pv3-compare,2,3,pv-01-03:c1|pv-01-03:c2,concept-support,P3,VALIDATE,Verify 390/768/1440 light/dark; preserve labels and relationships; prefer SVG/vector source and meaningful alt text.
pv3-expanded,2,3,pv-01-02:c1|pv-01-02:c2,concept-support,P3,VALIDATE,Verify 390/768/1440 light/dark; preserve labels and relationships; prefer SVG/vector source and meaningful alt text.
pv3-halfway,2,3,pv-02-03:c1|pv-02-03:c2,concept-support,P3,VALIDATE,Verify 390/768/1440 light/dark; preserve labels and relationships; prefer SVG/vector source and meaningful alt text.
pv3-jump,2,3,pv-03-01:c1|pv-03-01:c2,concept-support,P3,VALIDATE,Verify 390/768/1440 light/dark; preserve labels and relationships; prefer SVG/vector source and meaningful alt text.
pv3-regroup,2,3,pv-03-02:c1|pv-03-02:c2,concept-support,P3,VALIDATE,Verify 390/768/1440 light/dark; preserve labels and relationships; prefer SVG/vector source and meaningful alt text.
pv3-zero-pattern,2,3,pv-04-02:c1|pv-04-02:c2,concept-support,P3,VALIDATE,Verify 390/768/1440 light/dark; preserve labels and relationships; prefer SVG/vector source and meaningful alt text.
pv4-carry-chain,2,4,pv2-04-01:c1|pv2-04-01:c2,concept-support,P3,VALIDATE,Verify 390/768/1440 light/dark; preserve labels and relationships; prefer SVG/vector source and meaningful alt text.
pv4-commas,2,4,pv2-02-03:c1|pv2-02-03:c2,concept-support,P3,VALIDATE,Verify 390/768/1440 light/dark; preserve labels and relationships; prefer SVG/vector source and meaningful alt text.
pv4-front-end,2,4,pv2-03-03:c1|pv2-03-03:c2,concept-support,P3,VALIDATE,Verify 390/768/1440 light/dark; preserve labels and relationships; prefer SVG/vector source and meaningful alt text.
pv4-periods,2,4,pv2-01-03:c1|pv2-01-03:c2,concept-support,P3,VALIDATE,Verify 390/768/1440 light/dark; preserve labels and relationships; prefer SVG/vector source and meaningful alt text.
pv4-read-aloud,2,4,pv2-02-02:c1|pv2-02-02:c2,concept-support,P3,VALIDATE,Verify 390/768/1440 light/dark; preserve labels and relationships; prefer SVG/vector source and meaningful alt text.
pv4-three-forms,2,4,pv2-02-01:c1|pv2-02-01:c2,concept-support,P3,VALIDATE,Verify 390/768/1440 light/dark; preserve labels and relationships; prefer SVG/vector source and meaningful alt text.
pv4-times10-shift,2,4,pv2-01-02:c1|pv2-01-02:c2,concept-support,P3,VALIDATE,Verify 390/768/1440 light/dark; preserve labels and relationships; prefer SVG/vector source and meaningful alt text.
quartile-fence,2,6,dd-04-02:c1|dd-04-02:c2,concept-support,P3,VALIDATE,Verify 390/768/1440 light/dark; preserve labels and relationships; prefer SVG/vector source and meaningful alt text.
range-stretch,2,6,dd-04-01:c1|dd-04-01:c2,concept-support,P3,VALIDATE,Verify 390/768/1440 light/dark; preserve labels and relationships; prefer SVG/vector source and meaningful alt text.
ratio-groups,2,6,rr-01-01:c1|rr-05-03:c1,concept-support,P3,VALIDATE,Verify 390/768/1440 light/dark; preserve labels and relationships; prefer SVG/vector source and meaningful alt text.
ratio-table,2,6,rr-02-01:c1|rr-02-01:c2,concept-support,P3,VALIDATE,Verify 390/768/1440 light/dark; preserve labels and relationships; prefer SVG/vector source and meaningful alt text.
rno-change-sign,2,7,rno-02-02:c2|rno-02-02:c3,concept-support,P3,VALIDATE,Verify 390/768/1440 light/dark; preserve labels and relationships; prefer SVG/vector source and meaningful alt text.
rno-opposites-cancel,2,7,rno-01-02:c3|rno-01-03:c3,concept-support,P3,VALIDATE,Verify 390/768/1440 light/dark; preserve labels and relationships; prefer SVG/vector source and meaningful alt text.
rno-same-sign,2,7,rno-01-01:c3|rno-01-03:c2,concept-support,P3,VALIDATE,Verify 390/768/1440 light/dark; preserve labels and relationships; prefer SVG/vector source and meaningful alt text.
rns-compare-irr,2,8,rns-03-03:c1|rns-03-03:c2,concept-support,P3,VALIDATE,Verify 390/768/1440 light/dark; preserve labels and relationships; prefer SVG/vector source and meaningful alt text.
rns-convert-repeating,2,8,rns-01-03:c1|rns-01-03:c2,concept-support,P3,VALIDATE,Verify 390/768/1440 light/dark; preserve labels and relationships; prefer SVG/vector source and meaningful alt text.
rns-density,2,8,rns-02-03:c1|rns-02-03:c2,concept-support,P3,VALIDATE,Verify 390/768/1440 light/dark; preserve labels and relationships; prefer SVG/vector source and meaningful alt text.
rns-predict-decimal,2,8,rns-01-02:c1|rns-01-02:c2,concept-support,P3,VALIDATE,Verify 390/768/1440 light/dark; preserve labels and relationships; prefer SVG/vector source and meaningful alt text.
rr-better-buy,2,6,rr-03-02:c1|rr-03-02:c2,concept-support,P3,VALIDATE,Verify 390/768/1440 light/dark; preserve labels and relationships; prefer SVG/vector source and meaningful alt text.
rr-chain,2,6,rr-05-02:c1|rr-05-02:c2,concept-support,P3,VALIDATE,Verify 390/768/1440 light/dark; preserve labels and relationships; prefer SVG/vector source and meaningful alt text.
rr-conversion,2,6,rr-05-01:c1|rr-05-01:c2,concept-support,P3,VALIDATE,Verify 390/768/1440 light/dark; preserve labels and relationships; prefer SVG/vector source and meaningful alt text.
rr-equivalent,2,6,rr-01-03:c1|rr-01-03:c2,concept-support,P3,VALIDATE,Verify 390/768/1440 light/dark; preserve labels and relationships; prefer SVG/vector source and meaningful alt text.
rr-percent-of,2,6,rr-04-02:c1|rr-04-02:c2,concept-support,P3,VALIDATE,Verify 390/768/1440 light/dark; preserve labels and relationships; prefer SVG/vector source and meaningful alt text.
rr-percent-over,2,6,rr-04-03:c1|rr-04-03:c2,concept-support,P3,VALIDATE,Verify 390/768/1440 light/dark; preserve labels and relationships; prefer SVG/vector source and meaningful alt text.
rr-predict,2,6,rr-03-03:c1|rr-03-03:c2,concept-support,P3,VALIDATE,Verify 390/768/1440 light/dark; preserve labels and relationships; prefer SVG/vector source and meaningful alt text.
rr-tools,2,6,rr-02-03:c1|rr-02-03:c2,concept-support,P3,VALIDATE,Verify 390/768/1440 light/dark; preserve labels and relationships; prefer SVG/vector source and meaningful alt text.
scatter-association,2,8,bv-01-01:c1|bv-01-02:c1,concept-support,P3,VALIDATE,Verify 390/768/1440 light/dark; preserve labels and relationships; prefer SVG/vector source and meaningful alt text.
sector-arc,2,10,cr-05-01:c1|cr-05-02:c1,concept-support,P3,VALIDATE,Verify 390/768/1440 light/dark; preserve labels and relationships; prefer SVG/vector source and meaningful alt text.
si-accuracy-precision,2,11,si-01-02:rc1|si-02-03:c2,concept-support,P3,VALIDATE,Verify 390/768/1440 light/dark; preserve labels and relationships; prefer SVG/vector source and meaningful alt text.
si-confounding,2,11,si-01-01:c2|si-01-01:rc1,concept-support,P3,VALIDATE,Verify 390/768/1440 light/dark; preserve labels and relationships; prefer SVG/vector source and meaningful alt text.
si-parameter-vs-statistic,2,11,si-02-01:c1|si-02-01:rc1,concept-support,P3,VALIDATE,Verify 390/768/1440 light/dark; preserve labels and relationships; prefer SVG/vector source and meaningful alt text.
si-poll-overlap,2,11,si-03-03:c1|si-03-03:rc1,concept-support,P3,VALIDATE,Verify 390/768/1440 light/dark; preserve labels and relationships; prefer SVG/vector source and meaningful alt text.
si-random-assignment,2,11,si-01-03:c1|si-01-03:rc1,concept-support,P3,VALIDATE,Verify 390/768/1440 light/dark; preserve labels and relationships; prefer SVG/vector source and meaningful alt text.
similar-triangles-slope,2,8,fg-02-02:c1|fg-02-02:c2,concept-support,P3,VALIDATE,Verify 390/768/1440 light/dark; preserve labels and relationships; prefer SVG/vector source and meaningful alt text.
solid-shapes,2,1,smg1-01-02:c1|smg1-01-03:c1,concept-support,P3,VALIDATE,Verify 390/768/1440 light/dark; preserve labels and relationships; prefer SVG/vector source and meaningful alt text.
sp-experimental,2,7,sp-03-02:c2|sp-03-02:c3,concept-support,P3,VALIDATE,Verify 390/768/1440 light/dark; preserve labels and relationships; prefer SVG/vector source and meaningful alt text.
sp-gap-units,2,7,sp-02-01:c2|sp-02-01:c3,concept-support,P3,VALIDATE,Verify 390/768/1440 light/dark; preserve labels and relationships; prefer SVG/vector source and meaningful alt text.
sp-gap-vs-wobble,2,7,sp-02b-01:c2|sp-02b-02:c1,concept-support,P3,VALIDATE,Verify 390/768/1440 light/dark; preserve labels and relationships; prefer SVG/vector source and meaningful alt text.
sp-mad-ruler,2,7,sp-02b-01:c1|sp-02b-03:c2,concept-support,P3,VALIDATE,Verify 390/768/1440 light/dark; preserve labels and relationships; prefer SVG/vector source and meaningful alt text.
sp-overlap,2,7,sp-02-02:c2|sp-02-02:c3,concept-support,P3,VALIDATE,Verify 390/768/1440 light/dark; preserve labels and relationships; prefer SVG/vector source and meaningful alt text.
sp-same-gap-different-verdict,2,7,sp-02b-02:c2|sp-02b-03:c1,concept-support,P3,VALIDATE,Verify 390/768/1440 light/dark; preserve labels and relationships; prefer SVG/vector source and meaningful alt text.
special-parallelogram-diagonals,2,10,pq-03-01:c1|pq-03-02:c1,concept-support,P3,VALIDATE,Verify 390/768/1440 light/dark; preserve labels and relationships; prefer SVG/vector source and meaningful alt text.
special-right-triangles,2,10,rt-01-03:c1|rt-01-04:c1,concept-support,P3,VALIDATE,Verify 390/768/1440 light/dark; preserve labels and relationships; prefer SVG/vector source and meaningful alt text.
spread-compare,2,6,dd-04-03:c1|dd-04-03:c2,concept-support,P3,VALIDATE,Verify 390/768/1440 light/dark; preserve labels and relationships; prefer SVG/vector source and meaningful alt text.
square-vs-cube-solutions,2,8,esn-02-02:c1|esn-02-02:c2,concept-support,P3,VALIDATE,Verify 390/768/1440 light/dark; preserve labels and relationships; prefer SVG/vector source and meaningful alt text.
stretch-reflect,2,11,ft-03-01:c1|ft-03-02:c1,concept-support,P3,VALIDATE,Verify 390/768/1440 light/dark; preserve labels and relationships; prefer SVG/vector source and meaningful alt text.
substitution-flow,2,8,les-04-01:c1|les-04-01:c2,concept-support,P3,VALIDATE,Verify 390/768/1440 light/dark; preserve labels and relationships; prefer SVG/vector source and meaningful alt text.
system-solution-types,2,8,les-03-03:c1|les-03-03:c2,concept-support,P3,VALIDATE,Verify 390/768/1440 light/dark; preserve labels and relationships; prefer SVG/vector source and meaningful alt text.
take-away-frame,2,0|1,as-03-01:c1|kc-04-02:c1,concept-support,P3,VALIDATE,Verify 390/768/1440 light/dark; preserve labels and relationships; prefer SVG/vector source and meaningful alt text.
tangent-radius,2,10,cr-03-01:c1|cr-03-02:c1,concept-support,P3,VALIDATE,Verify 390/768/1440 light/dark; preserve labels and relationships; prefer SVG/vector source and meaningful alt text.
teen-ten-and-more,2,0,kc-03-01:c1|kc-03-01:rem-kc0301-c,concept-support,P3,VALIDATE,Verify 390/768/1440 light/dark; preserve labels and relationships; prefer SVG/vector source and meaningful alt text.
tens-arcs,2,0|1,c120-04-01:c1|kc-03-03:c1,concept-support,P3,VALIDATE,Verify 390/768/1440 light/dark; preserve labels and relationships; prefer SVG/vector source and meaningful alt text.
tens-rods,2,1,c120-03-01:c1|c120-04-02:c1,concept-support,P3,VALIDATE,Verify 390/768/1440 light/dark; preserve labels and relationships; prefer SVG/vector source and meaningful alt text.
tf-quadrant-signs,2,6|11,ns-04b-01:c1|tf-03-01:c2,concept-support,P3,VALIDATE,Verify 390/768/1440 light/dark; preserve labels and relationships; prefer SVG/vector source and meaningful alt text.
tm-congruent,2,8,tm-02-01:c1|tm-02-01:c2,concept-support,P3,VALIDATE,Verify 390/768/1440 light/dark; preserve labels and relationships; prefer SVG/vector source and meaningful alt text.
tm8-reflect-rule,2,6|8,ns-04b-01:c2|tm-01b-02:c1,concept-support,P3,VALIDATE,Verify 390/768/1440 light/dark; preserve labels and relationships; prefer SVG/vector source and meaningful alt text.
tse-check-eval,2,7,tse-01-01:c2|tse-02-01:c3,concept-support,P3,VALIDATE,Verify 390/768/1440 light/dark; preserve labels and relationships; prefer SVG/vector source and meaningful alt text.
tse-test-solution,2,7,tse-04-01:c2|tse-04-02:c3,concept-support,P3,VALIDATE,Verify 390/768/1440 light/dark; preserve labels and relationships; prefer SVG/vector source and meaningful alt text.
tse-undo-order,2,7,tse-02-01:c2|tse-03-01:c3,concept-support,P3,VALIDATE,Verify 390/768/1440 light/dark; preserve labels and relationships; prefer SVG/vector source and meaningful alt text.
unit-rate,2,6,rr-03-01:c1|rr-03-01:c2,concept-support,P3,VALIDATE,Verify 390/768/1440 light/dark; preserve labels and relationships; prefer SVG/vector source and meaningful alt text.
vec-dot-angle,2,12,vec-03-01:c1|vec-03-03:c1,concept-support,P3,VALIDATE,Verify 390/768/1440 light/dark; preserve labels and relationships; prefer SVG/vector source and meaningful alt text.
vertical-angles-proof,2,10,cp-04-03:c1|cp-04-03:c2,concept-support,P3,VALIDATE,Verify 390/768/1440 light/dark; preserve labels and relationships; prefer SVG/vector source and meaningful alt text.
add-balance-scale,1,1,as-04-02:c1,concept-support,P3,VALIDATE,Verify 390/768/1440 light/dark; preserve labels and relationships; prefer SVG/vector source and meaningful alt text.
alg1-area-solve-h,1,9,alg1-03-02:c1,concept-support,P3,VALIDATE,Verify 390/768/1440 light/dark; preserve labels and relationships; prefer SVG/vector source and meaningful alt text.
alg1-assemble-formula,1,9,alg1-03-03:c2,concept-support,P3,VALIDATE,Verify 390/768/1440 light/dark; preserve labels and relationships; prefer SVG/vector source and meaningful alt text.
alg1-both-sides,1,9,alg1-01-01:c2,concept-support,P3,VALIDATE,Verify 390/768/1440 light/dark; preserve labels and relationships; prefer SVG/vector source and meaningful alt text.
alg1-both-sides-ineq,1,9,alg1-04-03:c1,concept-support,P3,VALIDATE,Verify 390/768/1440 light/dark; preserve labels and relationships; prefer SVG/vector source and meaningful alt text.
alg1-decimals,1,9,alg1-02-03:c2,concept-support,P3,VALIDATE,Verify 390/768/1440 light/dark; preserve labels and relationships; prefer SVG/vector source and meaningful alt text.
alg1-distribute,1,9,alg1-01-03:c2,concept-support,P3,VALIDATE,Verify 390/768/1440 light/dark; preserve labels and relationships; prefer SVG/vector source and meaningful alt text.
alg1-flip-rule,1,9,alg1-04-02:c2,concept-support,P3,VALIDATE,Verify 390/768/1440 light/dark; preserve labels and relationships; prefer SVG/vector source and meaningful alt text.
alg1-inequality-like-eq,1,9,alg1-04-01:c1,concept-support,P3,VALIDATE,Verify 390/768/1440 light/dark; preserve labels and relationships; prefer SVG/vector source and meaningful alt text.
alg1-isolate,1,9,alg1-03-01:c2,concept-support,P3,VALIDATE,Verify 390/768/1440 light/dark; preserve labels and relationships; prefer SVG/vector source and meaningful alt text.
alg1-lcd,1,9,alg1-02-02:c2,concept-support,P3,VALIDATE,Verify 390/768/1440 light/dark; preserve labels and relationships; prefer SVG/vector source and meaningful alt text.
alg1-positive-side,1,9,alg1-04-03:c2,concept-support,P3,VALIDATE,Verify 390/768/1440 light/dark; preserve labels and relationships; prefer SVG/vector source and meaningful alt text.
alg1-smaller-x-term,1,9,alg1-01-02:c2,concept-support,P3,VALIDATE,Verify 390/768/1440 light/dark; preserve labels and relationships; prefer SVG/vector source and meaningful alt text.
alg1-solve-for-x,1,9,alg1-03-02:c2,concept-support,P3,VALIDATE,Verify 390/768/1440 light/dark; preserve labels and relationships; prefer SVG/vector source and meaningful alt text.
alg1-temperature,1,9,alg1-03-03:c1,concept-support,P3,VALIDATE,Verify 390/768/1440 light/dark; preserve labels and relationships; prefer SVG/vector source and meaningful alt text.
alg1-undo-division,1,9,alg1-02-01:c2,concept-support,P3,VALIDATE,Verify 390/768/1440 light/dark; preserve labels and relationships; prefer SVG/vector source and meaningful alt text.
approaching-e,1,11,lg-04-01:c1,concept-support,P3,VALIDATE,Verify 390/768/1440 light/dark; preserve labels and relationships; prefer SVG/vector source and meaningful alt text.
as-add-zero,1,1,as-01-02:c2,concept-support,P3,VALIDATE,Verify 390/768/1440 light/dark; preserve labels and relationships; prefer SVG/vector source and meaningful alt text.
as-commutative,1,1,as-01-03:c2,concept-support,P3,VALIDATE,Verify 390/768/1440 light/dark; preserve labels and relationships; prefer SVG/vector source and meaningful alt text.
as-compare-more,1,1,as-05-03:c2,concept-support,P3,VALIDATE,Verify 390/768/1440 light/dark; preserve labels and relationships; prefer SVG/vector source and meaningful alt text.
as-count-back,1,1,as-03-02:c2,concept-support,P3,VALIDATE,Verify 390/768/1440 light/dark; preserve labels and relationships; prefer SVG/vector source and meaningful alt text.
as-count-up,1,1,as-03-03:c2,concept-support,P3,VALIDATE,Verify 390/768/1440 light/dark; preserve labels and relationships; prefer SVG/vector source and meaningful alt text.
as-equal-sign,1,1,as-04-02:c2,concept-support,P3,VALIDATE,Verify 390/768/1440 light/dark; preserve labels and relationships; prefer SVG/vector source and meaningful alt text.
as-fact-family,1,1,as-04-01:c2,concept-support,P3,VALIDATE,Verify 390/768/1440 light/dark; preserve labels and relationships; prefer SVG/vector source and meaningful alt text.
as-fill-bigger,1,1,as-02-03:c2,concept-support,P3,VALIDATE,Verify 390/768/1440 light/dark; preserve labels and relationships; prefer SVG/vector source and meaningful alt text.
as-hops-add,1,1,as-01-01:c2,concept-support,P3,VALIDATE,Verify 390/768/1440 light/dark; preserve labels and relationships; prefer SVG/vector source and meaningful alt text.
as-make-ten-13,1,1,as-02-02:c2,concept-support,P3,VALIDATE,Verify 390/768/1440 light/dark; preserve labels and relationships; prefer SVG/vector source and meaningful alt text.
as-make-ten-any,1,1,as-02-04:c2,concept-support,P3,VALIDATE,Verify 390/768/1440 light/dark; preserve labels and relationships; prefer SVG/vector source and meaningful alt text.
as-part-whole,1,1,as-05-02:c2,concept-support,P3,VALIDATE,Verify 390/768/1440 light/dark; preserve labels and relationships; prefer SVG/vector source and meaningful alt text.
as-partners-ten,1,1,as-02-01:c2,concept-support,P3,VALIDATE,Verify 390/768/1440 light/dark; preserve labels and relationships; prefer SVG/vector source and meaningful alt text.
as-take-away,1,1,as-03-01:c2,concept-support,P3,VALIDATE,Verify 390/768/1440 light/dark; preserve labels and relationships; prefer SVG/vector source and meaningful alt text.
as-take-from,1,1,as-05-01:c2,concept-support,P3,VALIDATE,Verify 390/768/1440 light/dark; preserve labels and relationships; prefer SVG/vector source and meaningful alt text.
as-think-add,1,1,as-03-04:c2,concept-support,P3,VALIDATE,Verify 390/768/1440 light/dark; preserve labels and relationships; prefer SVG/vector source and meaningful alt text.
as-unknown,1,1,as-04-03:c2,concept-support,P3,VALIDATE,Verify 390/768/1440 light/dark; preserve labels and relationships; prefer SVG/vector source and meaningful alt text.
as100-add-by-place-86,1,2,as100-02-03:c1,concept-support,P3,VALIDATE,Verify 390/768/1440 light/dark; preserve labels and relationships; prefer SVG/vector source and meaningful alt text.
as100-add-ones-39,1,2,as100-02-02:c1,concept-support,P3,VALIDATE,Verify 390/768/1440 light/dark; preserve labels and relationships; prefer SVG/vector source and meaningful alt text.
as100-add-tens-zero,1,2,as100-02-01:c2,concept-support,P3,VALIDATE,Verify 390/768/1440 light/dark; preserve labels and relationships; prefer SVG/vector source and meaningful alt text.
as100-add-trade-63,1,2,as100-04-02:c2,concept-support,P3,VALIDATE,Verify 390/768/1440 light/dark; preserve labels and relationships; prefer SVG/vector source and meaningful alt text.
as100-break-ten,1,2,as100-03-04:c2,concept-support,P3,VALIDATE,Verify 390/768/1440 light/dark; preserve labels and relationships; prefer SVG/vector source and meaningful alt text.
as100-choose-steps,1,2,as100-04-03:c1,concept-support,P3,VALIDATE,Verify 390/768/1440 light/dark; preserve labels and relationships; prefer SVG/vector source and meaningful alt text.
as100-doubles,1,2,as100-01-01:c2,concept-support,P3,VALIDATE,Verify 390/768/1440 light/dark; preserve labels and relationships; prefer SVG/vector source and meaningful alt text.
as100-even-even,1,2,as100-05-02:c1,concept-support,P3,VALIDATE,Verify 390/768/1440 light/dark; preserve labels and relationships; prefer SVG/vector source and meaningful alt text.
as100-even-odd,1,2,as100-05-02:c2,concept-support,P3,VALIDATE,Verify 390/768/1440 light/dark; preserve labels and relationships; prefer SVG/vector source and meaningful alt text.
as100-four-tools,1,2,as100-01-03:c1,concept-support,P3,VALIDATE,Verify 390/768/1440 light/dark; preserve labels and relationships; prefer SVG/vector source and meaningful alt text.
as100-keyword-trap,1,2,as100-04-03:c2,concept-support,P3,VALIDATE,Verify 390/768/1440 light/dark; preserve labels and relationships; prefer SVG/vector source and meaningful alt text.
as100-name-tool,1,2,as100-01-03:c2,concept-support,P3,VALIDATE,Verify 390/768/1440 light/dark; preserve labels and relationships; prefer SVG/vector source and meaningful alt text.
as100-near-doubles,1,2,as100-01-02:c2,concept-support,P3,VALIDATE,Verify 390/768/1440 light/dark; preserve labels and relationships; prefer SVG/vector source and meaningful alt text.
as100-odd-even,1,2,as100-05-01:c2,concept-support,P3,VALIDATE,Verify 390/768/1440 light/dark; preserve labels and relationships; prefer SVG/vector source and meaningful alt text.
as100-only-ones-61,1,2,as100-03-02:c2,concept-support,P3,VALIDATE,Verify 390/768/1440 light/dark; preserve labels and relationships; prefer SVG/vector source and meaningful alt text.
as100-only-ones-79,1,2,as100-02-02:c2,concept-support,P3,VALIDATE,Verify 390/768/1440 light/dark; preserve labels and relationships; prefer SVG/vector source and meaningful alt text.
as100-split-join-88,1,2,as100-02-03:c2,concept-support,P3,VALIDATE,Verify 390/768/1440 light/dark; preserve labels and relationships; prefer SVG/vector source and meaningful alt text.
as100-split-take-32,1,2,as100-03-03:c2,concept-support,P3,VALIDATE,Verify 390/768/1440 light/dark; preserve labels and relationships; prefer SVG/vector source and meaningful alt text.
as100-story-trade-25,1,2,as100-04-02:c1,concept-support,P3,VALIDATE,Verify 390/768/1440 light/dark; preserve labels and relationships; prefer SVG/vector source and meaningful alt text.
as100-sub-by-place-34,1,2,as100-03-03:c1,concept-support,P3,VALIDATE,Verify 390/768/1440 light/dark; preserve labels and relationships; prefer SVG/vector source and meaningful alt text.
as100-sub-tens-40,1,2,as100-03-01:c1,concept-support,P3,VALIDATE,Verify 390/768/1440 light/dark; preserve labels and relationships; prefer SVG/vector source and meaningful alt text.
as100-sub-tens-zero,1,2,as100-03-01:c2,concept-support,P3,VALIDATE,Verify 390/768/1440 light/dark; preserve labels and relationships; prefer SVG/vector source and meaningful alt text.
as100-take-ones-53,1,2,as100-03-02:c1,concept-support,P3,VALIDATE,Verify 390/768/1440 light/dark; preserve labels and relationships; prefer SVG/vector source and meaningful alt text.
as100-trade-ten,1,2,as100-02-04:c2,concept-support,P3,VALIDATE,Verify 390/768/1440 light/dark; preserve labels and relationships; prefer SVG/vector source and meaningful alt text.
as100-two-step-order,1,2,as100-04-01:c2,concept-support,P3,VALIDATE,Verify 390/768/1440 light/dark; preserve labels and relationships; prefer SVG/vector source and meaningful alt text.
asv-height,1,6,asv-01-01:c2,concept-support,P3,VALIDATE,Verify 390/768/1440 light/dark; preserve labels and relationships; prefer SVG/vector source and meaningful alt text.
asv-house,1,6,asv-02-02:c1,concept-support,P3,VALIDATE,Verify 390/768/1440 light/dark; preserve labels and relationships; prefer SVG/vector source and meaningful alt text.
asv-parallelogram,1,6,asv-01-02:c1,concept-support,P3,VALIDATE,Verify 390/768/1440 light/dark; preserve labels and relationships; prefer SVG/vector source and meaningful alt text.
avp-band-versus-rays,1,9,avp-02-03:c1,concept-support,P3,VALIDATE,Verify 390/768/1440 light/dark; preserve labels and relationships; prefer SVG/vector source and meaningful alt text.
avp-branch-over-its-domain,1,9,avp-03-02:c1,concept-support,P3,VALIDATE,Verify 390/768/1440 light/dark; preserve labels and relationships; prefer SVG/vector source and meaningful alt text.
avp-corner-slopes,1,9,avp-01-02:c2,concept-support,P3,VALIDATE,Verify 390/768/1440 light/dark; preserve labels and relationships; prefer SVG/vector source and meaningful alt text.
avp-distance-definition,1,9,avp-01-01:c1,concept-support,P3,VALIDATE,Verify 390/768/1440 light/dark; preserve labels and relationships; prefer SVG/vector source and meaningful alt text.
avp-flip-peak,1,9,avp-01-03:c2,concept-support,P3,VALIDATE,Verify 390/768/1440 light/dark; preserve labels and relationships; prefer SVG/vector source and meaningful alt text.
avp-open-closed-circle,1,9,avp-03-02:c2,concept-support,P3,VALIDATE,Verify 390/768/1440 light/dark; preserve labels and relationships; prefer SVG/vector source and meaningful alt text.
avp-pick-branch-then-apply,1,9,avp-03-01:c2,concept-support,P3,VALIDATE,Verify 390/768/1440 light/dark; preserve labels and relationships; prefer SVG/vector source and meaningful alt text.
avp-plot-folds,1,9,avp-01-02:c1,concept-support,P3,VALIDATE,Verify 390/768/1440 light/dark; preserve labels and relationships; prefer SVG/vector source and meaningful alt text.
avp-quantity-as-object,1,9,avp-02-01:c2,concept-support,P3,VALIDATE,Verify 390/768/1440 light/dark; preserve labels and relationships; prefer SVG/vector source and meaningful alt text.
avp-right-side-decides,1,9,avp-02-02:c2,concept-support,P3,VALIDATE,Verify 390/768/1440 light/dark; preserve labels and relationships; prefer SVG/vector source and meaningful alt text.
avp-same-distance-different-side,1,9,avp-01-01:c2,concept-support,P3,VALIDATE,Verify 390/768/1440 light/dark; preserve labels and relationships; prefer SVG/vector source and meaningful alt text.
avp-sandwich-versus-split,1,9,avp-02-03:c2,concept-support,P3,VALIDATE,Verify 390/768/1440 light/dark; preserve labels and relationships; prefer SVG/vector source and meaningful alt text.
avp-shifted-vertex,1,9,avp-01-03:c1,concept-support,P3,VALIDATE,Verify 390/768/1440 light/dark; preserve labels and relationships; prefer SVG/vector source and meaningful alt text.
avp-solution-count-cases,1,9,avp-02-02:c1,concept-support,P3,VALIDATE,Verify 390/768/1440 light/dark; preserve labels and relationships; prefer SVG/vector source and meaningful alt text.
avp-step-function,1,9,avp-03-03:c1,concept-support,P3,VALIDATE,Verify 390/768/1440 light/dark; preserve labels and relationships; prefer SVG/vector source and meaningful alt text.
avp-step-loses-detail,1,9,avp-03-03:c2,concept-support,P3,VALIDATE,Verify 390/768/1440 light/dark; preserve labels and relationships; prefer SVG/vector source and meaningful alt text.
avp-two-formulas-one-rule,1,9,avp-03-01:c1,concept-support,P3,VALIDATE,Verify 390/768/1440 light/dark; preserve labels and relationships; prefer SVG/vector source and meaningful alt text.
avp-two-solutions,1,9,avp-02-01:c1,concept-support,P3,VALIDATE,Verify 390/768/1440 light/dark; preserve labels and relationships; prefer SVG/vector source and meaningful alt text.
balance-unknown,1,1,as-04-03:c1,concept-support,P3,VALIDATE,Verify 390/768/1440 light/dark; preserve labels and relationships; prefer SVG/vector source and meaningful alt text.
bigger-first,1,1,as-01-03:c1,concept-support,P3,VALIDATE,Verify 390/768/1440 light/dark; preserve labels and relationships; prefer SVG/vector source and meaningful alt text.
bt-choose-from-each-bracket,1,12,bt-01-03:c1,concept-support,P3,VALIDATE,Verify 390/768/1440 light/dark; preserve labels and relationships; prefer SVG/vector source and meaningful alt text.
bt-cross-terms,1,12,bt-01-01:c1,concept-support,P3,VALIDATE,Verify 390/768/1440 light/dark; preserve labels and relationships; prefer SVG/vector source and meaningful alt text.
bt-entry-is-choose,1,12,bt-01-03:c2,concept-support,P3,VALIDATE,Verify 390/768/1440 light/dark; preserve labels and relationships; prefer SVG/vector source and meaningful alt text.
bt-fair-coin-paths,1,12,bt-02-03:c2,concept-support,P3,VALIDATE,Verify 390/768/1440 light/dark; preserve labels and relationships; prefer SVG/vector source and meaningful alt text.
bt-pascal-triangle,1,12,bt-01-02:c1,concept-support,P3,VALIDATE,Verify 390/768/1440 light/dark; preserve labels and relationships; prefer SVG/vector source and meaningful alt text.
bt-probability-expansion,1,12,bt-02-03:c1,concept-support,P3,VALIDATE,Verify 390/768/1440 light/dark; preserve labels and relationships; prefer SVG/vector source and meaningful alt text.
bt-single-term-extraction,1,12,bt-02-02:c1,concept-support,P3,VALIDATE,Verify 390/768/1440 light/dark; preserve labels and relationships; prefer SVG/vector source and meaningful alt text.
bt-substitute-whole-blocks,1,12,bt-02-01:c2,concept-support,P3,VALIDATE,Verify 390/768/1440 light/dark; preserve labels and relationships; prefer SVG/vector source and meaningful alt text.
bt-symmetry-and-sum,1,12,bt-01-02:c2,concept-support,P3,VALIDATE,Verify 390/768/1440 light/dark; preserve labels and relationships; prefer SVG/vector source and meaningful alt text.
bt-symmetry-trap,1,12,bt-02-02:c2,concept-support,P3,VALIDATE,Verify 390/768/1440 light/dark; preserve labels and relationships; prefer SVG/vector source and meaningful alt text.
bt-term-count-grows,1,12,bt-01-01:c2,concept-support,P3,VALIDATE,Verify 390/768/1440 light/dark; preserve labels and relationships; prefer SVG/vector source and meaningful alt text.
bt-theorem-line,1,12,bt-02-01:c1,concept-support,P3,VALIDATE,Verify 390/768/1440 light/dark; preserve labels and relationships; prefer SVG/vector source and meaningful alt text.
bv-best-fit-middle,1,8,bv-02-01:c2,concept-support,P3,VALIDATE,Verify 390/768/1440 light/dark; preserve labels and relationships; prefer SVG/vector source and meaningful alt text.
bv-extrapolate,1,8,bv-03-03:c2,concept-support,P3,VALIDATE,Verify 390/768/1440 light/dark; preserve labels and relationships; prefer SVG/vector source and meaningful alt text.
bv-fit-strength,1,8,bv-02-02:c2,concept-support,P3,VALIDATE,Verify 390/768/1440 light/dark; preserve labels and relationships; prefer SVG/vector source and meaningful alt text.
bv-form,1,8,bv-01-03:c2,concept-support,P3,VALIDATE,Verify 390/768/1440 light/dark; preserve labels and relationships; prefer SVG/vector source and meaningful alt text.
bv-least-squares,1,8,bv-05-03:c2,concept-support,P3,VALIDATE,Verify 390/768/1440 light/dark; preserve labels and relationships; prefer SVG/vector source and meaningful alt text.
bv-line-equation,1,8,bv-02-03:c2,concept-support,P3,VALIDATE,Verify 390/768/1440 light/dark; preserve labels and relationships; prefer SVG/vector source and meaningful alt text.
bv-pair-order,1,8,bv-01-01:c2,concept-support,P3,VALIDATE,Verify 390/768/1440 light/dark; preserve labels and relationships; prefer SVG/vector source and meaningful alt text.
bv-pos-neg,1,8,bv-01-02:c2,concept-support,P3,VALIDATE,Verify 390/768/1440 light/dark; preserve labels and relationships; prefer SVG/vector source and meaningful alt text.
bv-predict,1,8,bv-03-01:c2,concept-support,P3,VALIDATE,Verify 390/768/1440 light/dark; preserve labels and relationships; prefer SVG/vector source and meaningful alt text.
bv-rates-not-counts,1,8,bv-04-03:c2,concept-support,P3,VALIDATE,Verify 390/768/1440 light/dark; preserve labels and relationships; prefer SVG/vector source and meaningful alt text.
bv-rel-freq,1,8,bv-04-02:c2,concept-support,P3,VALIDATE,Verify 390/768/1440 light/dark; preserve labels and relationships; prefer SVG/vector source and meaningful alt text.
bv-residual-gap,1,8,bv-05-01:c1,concept-support,P3,VALIDATE,Verify 390/768/1440 light/dark; preserve labels and relationships; prefer SVG/vector source and meaningful alt text.
bv-residual-plot-diagnoses,1,8,bv-05-02:c1,concept-support,P3,VALIDATE,Verify 390/768/1440 light/dark; preserve labels and relationships; prefer SVG/vector source and meaningful alt text.
bv-residual-sign,1,8,bv-05-01:c2,concept-support,P3,VALIDATE,Verify 390/768/1440 light/dark; preserve labels and relationships; prefer SVG/vector source and meaningful alt text.
bv-slope-intercept,1,8,bv-03-02:c2,concept-support,P3,VALIDATE,Verify 390/768/1440 light/dark; preserve labels and relationships; prefer SVG/vector source and meaningful alt text.
bv-three-diagnoses,1,8,bv-05-02:c2,concept-support,P3,VALIDATE,Verify 390/768/1440 light/dark; preserve labels and relationships; prefer SVG/vector source and meaningful alt text.
bv-two-way-margins,1,8,bv-04-01:c2,concept-support,P3,VALIDATE,Verify 390/768/1440 light/dark; preserve labels and relationships; prefer SVG/vector source and meaningful alt text.
c120-chart-row,1,1,c120-02-01:c2,concept-support,P3,VALIDATE,Verify 390/768/1440 light/dark; preserve labels and relationships; prefer SVG/vector source and meaningful alt text.
c120-count-pile,1,1,c120-04-02:c2,concept-support,P3,VALIDATE,Verify 390/768/1440 light/dark; preserve labels and relationships; prefer SVG/vector source and meaningful alt text.
c120-down-ten,1,1,c120-02-03:c2,concept-support,P3,VALIDATE,Verify 390/768/1440 light/dark; preserve labels and relationships; prefer SVG/vector source and meaningful alt text.
c120-flip-digits,1,1,c120-03-02:c2,concept-support,P3,VALIDATE,Verify 390/768/1440 light/dark; preserve labels and relationships; prefer SVG/vector source and meaningful alt text.
c120-hundred-ten-ones,1,1,c120-04-03:c2,concept-support,P3,VALIDATE,Verify 390/768/1440 light/dark; preserve labels and relationships; prefer SVG/vector source and meaningful alt text.
c120-missing-order,1,1,c120-01-03:c2,concept-support,P3,VALIDATE,Verify 390/768/1440 light/dark; preserve labels and relationships; prefer SVG/vector source and meaningful alt text.
c120-mix-down,1,1,c120-05-03:c2,concept-support,P3,VALIDATE,Verify 390/768/1440 light/dark; preserve labels and relationships; prefer SVG/vector source and meaningful alt text.
c120-mix-up,1,1,c120-05-03:c1,concept-support,P3,VALIDATE,Verify 390/768/1440 light/dark; preserve labels and relationships; prefer SVG/vector source and meaningful alt text.
c120-one-more-roll,1,1,c120-05-01:c2,concept-support,P3,VALIDATE,Verify 390/768/1440 light/dark; preserve labels and relationships; prefer SVG/vector source and meaningful alt text.
c120-ones-column,1,1,c120-02-02:c2,concept-support,P3,VALIDATE,Verify 390/768/1440 light/dark; preserve labels and relationships; prefer SVG/vector source and meaningful alt text.
c120-past-hundred,1,1,c120-03-03:c2,concept-support,P3,VALIDATE,Verify 390/768/1440 light/dark; preserve labels and relationships; prefer SVG/vector source and meaningful alt text.
c120-place-value,1,1,c120-03-01:c2,concept-support,P3,VALIDATE,Verify 390/768/1440 light/dark; preserve labels and relationships; prefer SVG/vector source and meaningful alt text.
c120-roll-ten,1,1,c120-01-02:c2,concept-support,P3,VALIDATE,Verify 390/768/1440 light/dark; preserve labels and relationships; prefer SVG/vector source and meaningful alt text.
c120-same-pattern,1,1,c120-01-01:c2,concept-support,P3,VALIDATE,Verify 390/768/1440 light/dark; preserve labels and relationships; prefer SVG/vector source and meaningful alt text.
c120-skip-from-7,1,1,c120-04-01:c2,concept-support,P3,VALIDATE,Verify 390/768/1440 light/dark; preserve labels and relationships; prefer SVG/vector source and meaningful alt text.
c120-teen-13,1,1,c120-03-02:c1,concept-support,P3,VALIDATE,Verify 390/768/1440 light/dark; preserve labels and relationships; prefer SVG/vector source and meaningful alt text.
c120-ten-more-ones,1,1,c120-05-02:c2,concept-support,P3,VALIDATE,Verify 390/768/1440 light/dark; preserve labels and relationships; prefer SVG/vector source and meaningful alt text.
cavalieri-stacks,1,10,sg-02-01:c1,concept-support,P3,VALIDATE,Verify 390/768/1440 light/dark; preserve labels and relationships; prefer SVG/vector source and meaningful alt text.
centroid,1,10,tc-04-02:c1,concept-support,P3,VALIDATE,Verify 390/768/1440 light/dark; preserve labels and relationships; prefer SVG/vector source and meaningful alt text.
cg-arrow-down,1,5,cg-03-01:c2,concept-support,P3,VALIDATE,Verify 390/768/1440 light/dark; preserve labels and relationships; prefer SVG/vector source and meaningful alt text.
cg-belong-together,1,5,cg-01-02:c2,concept-support,P3,VALIDATE,Verify 390/768/1440 light/dark; preserve labels and relationships; prefer SVG/vector source and meaningful alt text.
cg-each-plottable,1,5,cg-02-02:c1,concept-support,P3,VALIDATE,Verify 390/768/1440 light/dark; preserve labels and relationships; prefer SVG/vector source and meaningful alt text.
cg-family-tree,1,5,cg-03-01:c1,concept-support,P3,VALIDATE,Verify 390/768/1440 light/dark; preserve labels and relationships; prefer SVG/vector source and meaningful alt text.
cg-line-up,1,5,cg-02-02:c2,concept-support,P3,VALIDATE,Verify 390/768/1440 light/dark; preserve labels and relationships; prefer SVG/vector source and meaningful alt text.
cg-maya-saves,1,5,cg-01-03:c2,concept-support,P3,VALIDATE,Verify 390/768/1440 light/dark; preserve labels and relationships; prefer SVG/vector source and meaningful alt text.
cg-most-specific,1,5,cg-04-01:c1,concept-support,P3,VALIDATE,Verify 390/768/1440 light/dark; preserve labels and relationships; prefer SVG/vector source and meaningful alt text.
cg-name-promises,1,5,cg-04-01:c2,concept-support,P3,VALIDATE,Verify 390/768/1440 light/dark; preserve labels and relationships; prefer SVG/vector source and meaningful alt text.
cg-never-blocker,1,5,cg-04-02:c2,concept-support,P3,VALIDATE,Verify 390/768/1440 light/dark; preserve labels and relationships; prefer SVG/vector source and meaningful alt text.
cg-order-matters,1,5,cg-01-01:c2,concept-support,P3,VALIDATE,Verify 390/768/1440 light/dark; preserve labels and relationships; prefer SVG/vector source and meaningful alt text.
cg-pair-terms,1,5,cg-02-01:c2,concept-support,P3,VALIDATE,Verify 390/768/1440 light/dark; preserve labels and relationships; prefer SVG/vector source and meaningful alt text.
cg-plot-walk,1,5,cg-01-02:c1,concept-support,P3,VALIDATE,Verify 390/768/1440 light/dark; preserve labels and relationships; prefer SVG/vector source and meaningful alt text.
cg-right-isosceles,1,5,cg-03-03:c2,concept-support,P3,VALIDATE,Verify 390/768/1440 light/dark; preserve labels and relationships; prefer SVG/vector source and meaningful alt text.
cg-rule-a,1,5,cg-02-01:c1,concept-support,P3,VALIDATE,Verify 390/768/1440 light/dark; preserve labels and relationships; prefer SVG/vector source and meaningful alt text.
cg-town-map,1,5,cg-01-03:c1,concept-support,P3,VALIDATE,Verify 390/768/1440 light/dark; preserve labels and relationships; prefer SVG/vector source and meaningful alt text.
cg-trapezoid,1,5,cg-03-02:c2,concept-support,P3,VALIDATE,Verify 390/768/1440 light/dark; preserve labels and relationships; prefer SVG/vector source and meaningful alt text.
chart-120,1,1,c120-02-02:c1,concept-support,P3,VALIDATE,Verify 390/768/1440 light/dark; preserve labels and relationships; prefer SVG/vector source and meaningful alt text.
chart-rows,1,1,c120-02-01:c1,concept-support,P3,VALIDATE,Verify 390/768/1440 light/dark; preserve labels and relationships; prefer SVG/vector source and meaningful alt text.
circle-equation-distance,1,10,cx-05-01:c1,concept-support,P3,VALIDATE,Verify 390/768/1440 light/dark; preserve labels and relationships; prefer SVG/vector source and meaningful alt text.
cn-add,1,11,cn-03-01:c1,concept-support,P3,VALIDATE,Verify 390/768/1440 light/dark; preserve labels and relationships; prefer SVG/vector source and meaningful alt text.
cn-add-zero,1,11,cn-01-03:c2,concept-support,P3,VALIDATE,Verify 390/768/1440 light/dark; preserve labels and relationships; prefer SVG/vector source and meaningful alt text.
cn-build-quadratic,1,11,cn-05-02:c1,concept-support,P3,VALIDATE,Verify 390/768/1440 light/dark; preserve labels and relationships; prefer SVG/vector source and meaningful alt text.
cn-complex-plane,1,11,cn-02-03:c2,concept-support,P3,VALIDATE,Verify 390/768/1440 light/dark; preserve labels and relationships; prefer SVG/vector source and meaningful alt text.
cn-conjugate,1,11,cn-03-03:c1,concept-support,P3,VALIDATE,Verify 390/768/1440 light/dark; preserve labels and relationships; prefer SVG/vector source and meaningful alt text.
cn-conjugate-pairs,1,11,cn-05-02:c2,concept-support,P3,VALIDATE,Verify 390/768/1440 light/dark; preserve labels and relationships; prefer SVG/vector source and meaningful alt text.
cn-conjugate-product,1,11,cn-05-01:c2,concept-support,P3,VALIDATE,Verify 390/768/1440 light/dark; preserve labels and relationships; prefer SVG/vector source and meaningful alt text.
cn-discriminant,1,11,cn-04-03:c2,concept-support,P3,VALIDATE,Verify 390/768/1440 light/dark; preserve labels and relationships; prefer SVG/vector source and meaningful alt text.
cn-divide-both,1,11,cn-04-02:c2,concept-support,P3,VALIDATE,Verify 390/768/1440 light/dark; preserve labels and relationships; prefer SVG/vector source and meaningful alt text.
cn-division,1,11,cn-03-03:c2,concept-support,P3,VALIDATE,Verify 390/768/1440 light/dark; preserve labels and relationships; prefer SVG/vector source and meaningful alt text.
cn-foil,1,11,cn-03-02:c2,concept-support,P3,VALIDATE,Verify 390/768/1440 light/dark; preserve labels and relationships; prefer SVG/vector source and meaningful alt text.
cn-four-methods,1,11,cn-05-03:c1,concept-support,P3,VALIDATE,Verify 390/768/1440 light/dark; preserve labels and relationships; prefer SVG/vector source and meaningful alt text.
cn-i-cycle,1,11,cn-02-02:c2,concept-support,P3,VALIDATE,Verify 390/768/1440 light/dark; preserve labels and relationships; prefer SVG/vector source and meaningful alt text.
cn-no-real,1,11,cn-02-01:c1,concept-support,P3,VALIDATE,Verify 390/768/1440 light/dark; preserve labels and relationships; prefer SVG/vector source and meaningful alt text.
cn-perfect-square,1,11,cn-01-01:c2,concept-support,P3,VALIDATE,Verify 390/768/1440 light/dark; preserve labels and relationships; prefer SVG/vector source and meaningful alt text.
cn-roots-anywhere,1,11,cn-05-03:c2,concept-support,P3,VALIDATE,Verify 390/768/1440 light/dark; preserve labels and relationships; prefer SVG/vector source and meaningful alt text.
cn-shifted-square,1,11,cn-04-01:c2,concept-support,P3,VALIDATE,Verify 390/768/1440 light/dark; preserve labels and relationships; prefer SVG/vector source and meaningful alt text.
cn-sqrt-neg,1,11,cn-02-01:c2,concept-support,P3,VALIDATE,Verify 390/768/1440 light/dark; preserve labels and relationships; prefer SVG/vector source and meaningful alt text.
cn-square-neg,1,11,cn-04-01:c1,concept-support,P3,VALIDATE,Verify 390/768/1440 light/dark; preserve labels and relationships; prefer SVG/vector source and meaningful alt text.
cn-square-root-finish,1,11,cn-01-02:c2,concept-support,P3,VALIDATE,Verify 390/768/1440 light/dark; preserve labels and relationships; prefer SVG/vector source and meaningful alt text.
cn-subtract,1,11,cn-03-01:c2,concept-support,P3,VALIDATE,Verify 390/768/1440 light/dark; preserve labels and relationships; prefer SVG/vector source and meaningful alt text.
cn-sum-product,1,11,cn-05-01:c1,concept-support,P3,VALIDATE,Verify 390/768/1440 light/dark; preserve labels and relationships; prefer SVG/vector source and meaningful alt text.
cnp-bisector-cousins,1,10,cp-01-03:c2,concept-support,P3,VALIDATE,Verify 390/768/1440 light/dark; preserve labels and relationships; prefer SVG/vector source and meaningful alt text.
cnp-co-interior,1,10,cp-05-02:c2,concept-support,P3,VALIDATE,Verify 390/768/1440 light/dark; preserve labels and relationships; prefer SVG/vector source and meaningful alt text.
cnp-compass-radius,1,10,cp-01-01:c2,concept-support,P3,VALIDATE,Verify 390/768/1440 light/dark; preserve labels and relationships; prefer SVG/vector source and meaningful alt text.
cnp-conjecture,1,10,cp-04-01:c1,concept-support,P3,VALIDATE,Verify 390/768/1440 light/dark; preserve labels and relationships; prefer SVG/vector source and meaningful alt text.
cnp-converse,1,10,cp-05-03:c1,concept-support,P3,VALIDATE,Verify 390/768/1440 light/dark; preserve labels and relationships; prefer SVG/vector source and meaningful alt text.
cnp-converse-not-true,1,10,cp-05-03:c2,concept-support,P3,VALIDATE,Verify 390/768/1440 light/dark; preserve labels and relationships; prefer SVG/vector source and meaningful alt text.
cnp-copied-angle-parallel,1,10,cp-02-03:c2,concept-support,P3,VALIDATE,Verify 390/768/1440 light/dark; preserve labels and relationships; prefer SVG/vector source and meaningful alt text.
cnp-corresponding-equal,1,10,cp-05-01:c3,concept-support,P3,VALIDATE,Verify 390/768/1440 light/dark; preserve labels and relationships; prefer SVG/vector source and meaningful alt text.
cnp-drawing-vs-proof,1,10,cp-03-03:c3,concept-support,P3,VALIDATE,Verify 390/768/1440 light/dark; preserve labels and relationships; prefer SVG/vector source and meaningful alt text.
cnp-equal-central-chords,1,10,cp-03-02:c3,concept-support,P3,VALIDATE,Verify 390/768/1440 light/dark; preserve labels and relationships; prefer SVG/vector source and meaningful alt text.
cnp-equal-radii,1,10,cp-03-03:c2,concept-support,P3,VALIDATE,Verify 390/768/1440 light/dark; preserve labels and relationships; prefer SVG/vector source and meaningful alt text.
cnp-hexagon-radius,1,10,cp-03-01:c2,concept-support,P3,VALIDATE,Verify 390/768/1440 light/dark; preserve labels and relationships; prefer SVG/vector source and meaningful alt text.
cnp-interior-angles,1,10,cp-05-01:c2,concept-support,P3,VALIDATE,Verify 390/768/1440 light/dark; preserve labels and relationships; prefer SVG/vector source and meaningful alt text.
cnp-need-proofs,1,10,cp-04-01:c3,concept-support,P3,VALIDATE,Verify 390/768/1440 light/dark; preserve labels and relationships; prefer SVG/vector source and meaningful alt text.
cnp-no-examples-prove,1,10,cp-04-01:c2,concept-support,P3,VALIDATE,Verify 390/768/1440 light/dark; preserve labels and relationships; prefer SVG/vector source and meaningful alt text.
cnp-one-parallel,1,10,cp-02-03:c3,concept-support,P3,VALIDATE,Verify 390/768/1440 light/dark; preserve labels and relationships; prefer SVG/vector source and meaningful alt text.
cnp-one-postulate,1,10,cp-05-02:c3,concept-support,P3,VALIDATE,Verify 390/768/1440 light/dark; preserve labels and relationships; prefer SVG/vector source and meaningful alt text.
cnp-ordering-rule,1,10,cp-04-02:c3,concept-support,P3,VALIDATE,Verify 390/768/1440 light/dark; preserve labels and relationships; prefer SVG/vector source and meaningful alt text.
cnp-perp-at-point,1,10,cp-02-01:c2,concept-support,P3,VALIDATE,Verify 390/768/1440 light/dark; preserve labels and relationships; prefer SVG/vector source and meaningful alt text.
cnp-proof-toolbox,1,10,cp-04-02:c2,concept-support,P3,VALIDATE,Verify 390/768/1440 light/dark; preserve labels and relationships; prefer SVG/vector source and meaningful alt text.
cnp-recipe-guarantee,1,10,cp-01-01:c3,concept-support,P3,VALIDATE,Verify 390/768/1440 light/dark; preserve labels and relationships; prefer SVG/vector source and meaningful alt text.
cnp-reflection,1,10,cp-02-02:c3,concept-support,P3,VALIDATE,Verify 390/768/1440 light/dark; preserve labels and relationships; prefer SVG/vector source and meaningful alt text.
cnp-shortest-segment,1,10,cp-02-02:c2,concept-support,P3,VALIDATE,Verify 390/768/1440 light/dark; preserve labels and relationships; prefer SVG/vector source and meaningful alt text.
cnp-symmetric-toolkit,1,10,cp-05-03:c3,concept-support,P3,VALIDATE,Verify 390/768/1440 light/dark; preserve labels and relationships; prefer SVG/vector source and meaningful alt text.
co-comet-eccentric,1,12,co-05-03:c2,concept-support,P3,VALIDATE,Verify 390/768/1440 light/dark; preserve labels and relationships; prefer SVG/vector source and meaningful alt text.
co-conic-type,1,12,co-04-01:c1,concept-support,P3,VALIDATE,Verify 390/768/1440 light/dark; preserve labels and relationships; prefer SVG/vector source and meaningful alt text.
co-directrix-location,1,12,co-05-02:c2,concept-support,P3,VALIDATE,Verify 390/768/1440 light/dark; preserve labels and relationships; prefer SVG/vector source and meaningful alt text.
co-ellipse-divide,1,12,co-04-02:c2,concept-support,P3,VALIDATE,Verify 390/768/1440 light/dark; preserve labels and relationships; prefer SVG/vector source and meaningful alt text.
co-ellipse-eccentricity,1,12,co-02-03:c2,concept-support,P3,VALIDATE,Verify 390/768/1440 light/dark; preserve labels and relationships; prefer SVG/vector source and meaningful alt text.
co-ellipse-shifted,1,12,co-02-03:c1,concept-support,P3,VALIDATE,Verify 390/768/1440 light/dark; preserve labels and relationships; prefer SVG/vector source and meaningful alt text.
co-ellipse-standard,1,12,co-02-01:c2,concept-support,P3,VALIDATE,Verify 390/768/1440 light/dark; preserve labels and relationships; prefer SVG/vector source and meaningful alt text.
co-ellipse-subtracts,1,12,co-02-02:c2,concept-support,P3,VALIDATE,Verify 390/768/1440 light/dark; preserve labels and relationships; prefer SVG/vector source and meaningful alt text.
co-focal-depth,1,12,co-01-03:c2,concept-support,P3,VALIDATE,Verify 390/768/1440 light/dark; preserve labels and relationships; prefer SVG/vector source and meaningful alt text.
co-hyperbola-adds,1,12,co-03-02:c2,concept-support,P3,VALIDATE,Verify 390/768/1440 light/dark; preserve labels and relationships; prefer SVG/vector source and meaningful alt text.
co-hyperbola-divide,1,12,co-04-03:c1,concept-support,P3,VALIDATE,Verify 390/768/1440 light/dark; preserve labels and relationships; prefer SVG/vector source and meaningful alt text.
co-hyperbola-eccentricity,1,12,co-03-03:c2b,concept-support,P3,VALIDATE,Verify 390/768/1440 light/dark; preserve labels and relationships; prefer SVG/vector source and meaningful alt text.
co-hyperbola-foci,1,12,co-03-03:c1,concept-support,P3,VALIDATE,Verify 390/768/1440 light/dark; preserve labels and relationships; prefer SVG/vector source and meaningful alt text.
co-hyperbola-standard,1,12,co-03-01:c2,concept-support,P3,VALIDATE,Verify 390/768/1440 light/dark; preserve labels and relationships; prefer SVG/vector source and meaningful alt text.
co-opposite-signs,1,12,co-04-01:c2,concept-support,P3,VALIDATE,Verify 390/768/1440 light/dark; preserve labels and relationships; prefer SVG/vector source and meaningful alt text.
co-parabola-def,1,12,co-01-01:c1,concept-support,P3,VALIDATE,Verify 390/768/1440 light/dark; preserve labels and relationships; prefer SVG/vector source and meaningful alt text.
co-parabola-one-squared,1,12,co-04-03:c2,concept-support,P3,VALIDATE,Verify 390/768/1440 light/dark; preserve labels and relationships; prefer SVG/vector source and meaningful alt text.
co-parabola-shifted,1,12,co-01-02:c1,concept-support,P3,VALIDATE,Verify 390/768/1440 light/dark; preserve labels and relationships; prefer SVG/vector source and meaningful alt text.
co-parabola-sideways,1,12,co-01-02:c2,concept-support,P3,VALIDATE,Verify 390/768/1440 light/dark; preserve labels and relationships; prefer SVG/vector source and meaningful alt text.
co-parabola-standard,1,12,co-01-01:c2,concept-support,P3,VALIDATE,Verify 390/768/1440 light/dark; preserve labels and relationships; prefer SVG/vector source and meaningful alt text.
co-reflector,1,12,co-01-03:c1,concept-support,P3,VALIDATE,Verify 390/768/1440 light/dark; preserve labels and relationships; prefer SVG/vector source and meaningful alt text.
co-scale-round,1,12,co-05-01:c2,concept-support,P3,VALIDATE,Verify 390/768/1440 light/dark; preserve labels and relationships; prefer SVG/vector source and meaningful alt text.
complex-plane,1,11,cn-02-03:c1,concept-support,P3,VALIDATE,Verify 390/768/1440 light/dark; preserve labels and relationships; prefer SVG/vector source and meaningful alt text.
composition-path,1,10,gf-04-01:c1,concept-support,P3,VALIDATE,Verify 390/768/1440 light/dark; preserve labels and relationships; prefer SVG/vector source and meaningful alt text.
cone-fills-cylinder,1,10,sg-03-02:c1,concept-support,P3,VALIDATE,Verify 390/768/1440 light/dark; preserve labels and relationships; prefer SVG/vector source and meaningful alt text.
congruence-motion-bridge,1,10,gf-05-01:c1,concept-support,P3,VALIDATE,Verify 390/768/1440 light/dark; preserve labels and relationships; prefer SVG/vector source and meaningful alt text.
construction-toolkit,1,10,cp-01-01:c1,concept-support,P3,VALIDATE,Verify 390/768/1440 light/dark; preserve labels and relationships; prefer SVG/vector source and meaningful alt text.
count-back-hops,1,1,as-03-02:c1,concept-support,P3,VALIDATE,Verify 390/768/1440 light/dark; preserve labels and relationships; prefer SVG/vector source and meaningful alt text.
count-on-small,1,1,as-01-02:c1,concept-support,P3,VALIDATE,Verify 390/768/1440 light/dark; preserve labels and relationships; prefer SVG/vector source and meaningful alt text.
cpr-addition-venn,1,10,cpr-02-01:c1,concept-support,P3,VALIDATE,Verify 390/768/1440 light/dark; preserve labels and relationships; prefer SVG/vector source and meaningful alt text.
cpr-at-least-one-grid,1,10,cpr-01-02:c2,concept-support,P3,VALIDATE,Verify 390/768/1440 light/dark; preserve labels and relationships; prefer SVG/vector source and meaningful alt text.
cpr-event-as-set,1,10,cpr-01-01:c1,concept-support,P3,VALIDATE,Verify 390/768/1440 light/dark; preserve labels and relationships; prefer SVG/vector source and meaningful alt text.
cpr-joint-vs-marginal,1,10,cpr-02-02:c2,concept-support,P3,VALIDATE,Verify 390/768/1440 light/dark; preserve labels and relationships; prefer SVG/vector source and meaningful alt text.
cpr-suit-rank-grid,1,10,cpr-04-01:c1,concept-support,P3,VALIDATE,Verify 390/768/1440 light/dark; preserve labels and relationships; prefer SVG/vector source and meaningful alt text.
cr-angle-on-circle,1,10,cr-04-01:c1,concept-support,P3,VALIDATE,Verify 390/768/1440 light/dark; preserve labels and relationships; prefer SVG/vector source and meaningful alt text.
cr-arc-length,1,10,cr-05-01:c2,concept-support,P3,VALIDATE,Verify 390/768/1440 light/dark; preserve labels and relationships; prefer SVG/vector source and meaningful alt text.
cr-arc-naming,1,10,cr-01-01:c2,concept-support,P3,VALIDATE,Verify 390/768/1440 light/dark; preserve labels and relationships; prefer SVG/vector source and meaningful alt text.
cr-chord-central,1,10,cr-02-01:c2,concept-support,P3,VALIDATE,Verify 390/768/1440 light/dark; preserve labels and relationships; prefer SVG/vector source and meaningful alt text.
cr-chord-def,1,10,cr-02-01:c1,concept-support,P3,VALIDATE,Verify 390/768/1440 light/dark; preserve labels and relationships; prefer SVG/vector source and meaningful alt text.
cr-circle-scaling,1,10,cr-06-01:c1,concept-support,P3,VALIDATE,Verify 390/768/1440 light/dark; preserve labels and relationships; prefer SVG/vector source and meaningful alt text.
cr-cyclic-quad,1,10,cr-05-03:c2,concept-support,P3,VALIDATE,Verify 390/768/1440 light/dark; preserve labels and relationships; prefer SVG/vector source and meaningful alt text.
cr-external-vertex,1,10,cr-04-01:c2,concept-support,P3,VALIDATE,Verify 390/768/1440 light/dark; preserve labels and relationships; prefer SVG/vector source and meaningful alt text.
cr-half-chord,1,10,cr-02-02:c2,concept-support,P3,VALIDATE,Verify 390/768/1440 light/dark; preserve labels and relationships; prefer SVG/vector source and meaningful alt text.
cr-incircle,1,10,cr-03-03:c1,concept-support,P3,VALIDATE,Verify 390/768/1440 light/dark; preserve labels and relationships; prefer SVG/vector source and meaningful alt text.
cr-inscribed-half,1,10,cr-01-02:c2,concept-support,P3,VALIDATE,Verify 390/768/1440 light/dark; preserve labels and relationships; prefer SVG/vector source and meaningful alt text.
cr-inscribed-theorem,1,10,cr-01-02:c3,concept-support,P3,VALIDATE,Verify 390/768/1440 light/dark; preserve labels and relationships; prefer SVG/vector source and meaningful alt text.
cr-linear-vs-quadratic,1,10,cr-06-01:c2,concept-support,P3,VALIDATE,Verify 390/768/1440 light/dark; preserve labels and relationships; prefer SVG/vector source and meaningful alt text.
cr-longer-chord,1,10,cr-02-03:c2,concept-support,P3,VALIDATE,Verify 390/768/1440 light/dark; preserve labels and relationships; prefer SVG/vector source and meaningful alt text.
cr-perp-bisector-center,1,10,cr-02-02:c3,concept-support,P3,VALIDATE,Verify 390/768/1440 light/dark; preserve labels and relationships; prefer SVG/vector source and meaningful alt text.
cr-secant-secant,1,10,cr-04-03:c2,concept-support,P3,VALIDATE,Verify 390/768/1440 light/dark; preserve labels and relationships; prefer SVG/vector source and meaningful alt text.
cr-sector-area,1,10,cr-05-02:c2,concept-support,P3,VALIDATE,Verify 390/768/1440 light/dark; preserve labels and relationships; prefer SVG/vector source and meaningful alt text.
cr-tangent-chord,1,10,cr-04-02:c1,concept-support,P3,VALIDATE,Verify 390/768/1440 light/dark; preserve labels and relationships; prefer SVG/vector source and meaningful alt text.
cr-tangent-chord-both,1,10,cr-04-02:c2,concept-support,P3,VALIDATE,Verify 390/768/1440 light/dark; preserve labels and relationships; prefer SVG/vector source and meaningful alt text.
cr-tangent-perp,1,10,cr-03-01:c2,concept-support,P3,VALIDATE,Verify 390/768/1440 light/dark; preserve labels and relationships; prefer SVG/vector source and meaningful alt text.
cr-tangent-secant,1,10,cr-04-03:c3,concept-support,P3,VALIDATE,Verify 390/768/1440 light/dark; preserve labels and relationships; prefer SVG/vector source and meaningful alt text.
cr-tangent-segments,1,10,cr-03-03:c2,concept-support,P3,VALIDATE,Verify 390/768/1440 light/dark; preserve labels and relationships; prefer SVG/vector source and meaningful alt text.
cr-thales,1,10,cr-01-03:c2,concept-support,P3,VALIDATE,Verify 390/768/1440 light/dark; preserve labels and relationships; prefer SVG/vector source and meaningful alt text.
cr-two-chords,1,10,cr-04-03:c1,concept-support,P3,VALIDATE,Verify 390/768/1440 light/dark; preserve labels and relationships; prefer SVG/vector source and meaningful alt text.
cr-two-tangents,1,10,cr-03-02:c2,concept-support,P3,VALIDATE,Verify 390/768/1440 light/dark; preserve labels and relationships; prefer SVG/vector source and meaningful alt text.
cross-sections,1,7,g7-04-02:c1,concept-support,P3,VALIDATE,Verify 390/768/1440 light/dark; preserve labels and relationships; prefer SVG/vector source and meaningful alt text.
cx-box-classify,1,10,cx-04-02:c2,concept-support,P3,VALIDATE,Verify 390/768/1440 light/dark; preserve labels and relationships; prefer SVG/vector source and meaningful alt text.
cx-box-method,1,10,cx-04-02:c1,concept-support,P3,VALIDATE,Verify 390/768/1440 light/dark; preserve labels and relationships; prefer SVG/vector source and meaningful alt text.
cx-circle-judge,1,10,cx-05-02:c1,concept-support,P3,VALIDATE,Verify 390/768/1440 light/dark; preserve labels and relationships; prefer SVG/vector source and meaningful alt text.
cx-classify-isosceles,1,10,cx-01-03:c1,concept-support,P3,VALIDATE,Verify 390/768/1440 light/dark; preserve labels and relationships; prefer SVG/vector source and meaningful alt text.
cx-classify-right,1,10,cx-01-03:c2,concept-support,P3,VALIDATE,Verify 390/768/1440 light/dark; preserve labels and relationships; prefer SVG/vector source and meaningful alt text.
cx-combine-classify,1,10,cx-03-01:c1,concept-support,P3,VALIDATE,Verify 390/768/1440 light/dark; preserve labels and relationships; prefer SVG/vector source and meaningful alt text.
cx-distance-formula,1,10,cx-01-01:c2,concept-support,P3,VALIDATE,Verify 390/768/1440 light/dark; preserve labels and relationships; prefer SVG/vector source and meaningful alt text.
cx-expand-circle,1,10,cx-05-03:c1,concept-support,P3,VALIDATE,Verify 390/768/1440 light/dark; preserve labels and relationships; prefer SVG/vector source and meaningful alt text.
cx-midpoint-reverse,1,10,cx-01-02:c2,concept-support,P3,VALIDATE,Verify 390/768/1440 light/dark; preserve labels and relationships; prefer SVG/vector source and meaningful alt text.
cx-parallel-slopes,1,10,cx-02-02:c1,concept-support,P3,VALIDATE,Verify 390/768/1440 light/dark; preserve labels and relationships; prefer SVG/vector source and meaningful alt text.
cx-perimeter-lap,1,10,cx-04-01:c1,concept-support,P3,VALIDATE,Verify 390/768/1440 light/dark; preserve labels and relationships; prefer SVG/vector source and meaningful alt text.
cx-perp-slopes,1,10,cx-02-02:c2,concept-support,P3,VALIDATE,Verify 390/768/1440 light/dark; preserve labels and relationships; prefer SVG/vector source and meaningful alt text.
cx-quad-vertices,1,10,cx-03-02:c1,concept-support,P3,VALIDATE,Verify 390/768/1440 light/dark; preserve labels and relationships; prefer SVG/vector source and meaningful alt text.
cx-shoelace,1,10,cx-04-03:c1,concept-support,P3,VALIDATE,Verify 390/768/1440 light/dark; preserve labels and relationships; prefer SVG/vector source and meaningful alt text.
cx-signed-area,1,10,cx-04-03:c2,concept-support,P3,VALIDATE,Verify 390/768/1440 light/dark; preserve labels and relationships; prefer SVG/vector source and meaningful alt text.
cx-similar-walk,1,10,cx-02-01:c2,concept-support,P3,VALIDATE,Verify 390/768/1440 light/dark; preserve labels and relationships; prefer SVG/vector source and meaningful alt text.
cx-trapezoid-lap,1,10,cx-04-01:c2,concept-support,P3,VALIDATE,Verify 390/768/1440 light/dark; preserve labels and relationships; prefer SVG/vector source and meaningful alt text.
cx-unmasked,1,10,cx-05-03:c2,concept-support,P3,VALIDATE,Verify 390/768/1440 light/dark; preserve labels and relationships; prefer SVG/vector source and meaningful alt text.
cx-variables-general,1,10,cx-03-03:c1,concept-support,P3,VALIDATE,Verify 390/768/1440 light/dark; preserve labels and relationships; prefer SVG/vector source and meaningful alt text.
cx-vertical-edge,1,10,cx-02-03:c2,concept-support,P3,VALIDATE,Verify 390/768/1440 light/dark; preserve labels and relationships; prefer SVG/vector source and meaningful alt text.
dd-box-compare-two,1,6,dd-04b-02:c1,concept-support,P3,VALIDATE,Verify 390/768/1440 light/dark; preserve labels and relationships; prefer SVG/vector source and meaningful alt text.
dd-box-five-number,1,6,dd-04b-01:c1,concept-support,P3,VALIDATE,Verify 390/768/1440 light/dark; preserve labels and relationships; prefer SVG/vector source and meaningful alt text.
dd-mad-distances,1,6,dd-04b-03:c1,concept-support,P3,VALIDATE,Verify 390/768/1440 light/dark; preserve labels and relationships; prefer SVG/vector source and meaningful alt text.
dd-mad-vs-iqr,1,6,dd-04b-03:c2,concept-support,P3,VALIDATE,Verify 390/768/1440 light/dark; preserve labels and relationships; prefer SVG/vector source and meaningful alt text.
dd-median-even,1,6,dd-03-02:c2,concept-support,P3,VALIDATE,Verify 390/768/1440 light/dark; preserve labels and relationships; prefer SVG/vector source and meaningful alt text.
decimal-tenths,1,5,dpv-01-01:c1,concept-support,P3,VALIDATE,Verify 390/768/1440 light/dark; preserve labels and relationships; prefer SVG/vector source and meaningful alt text.
defined-terms-anatomy,1,10,gf-01-02:c1,concept-support,P3,VALIDATE,Verify 390/768/1440 light/dark; preserve labels and relationships; prefer SVG/vector source and meaningful alt text.
difference-gap,1,1,as-03-03:c1,concept-support,P3,VALIDATE,Verify 390/768/1440 light/dark; preserve labels and relationships; prefer SVG/vector source and meaningful alt text.
distance-right-triangle,1,10,cx-01-01:c1,concept-support,P3,VALIDATE,Verify 390/768/1440 light/dark; preserve labels and relationships; prefer SVG/vector source and meaningful alt text.
dm-compare-spread,1,9,dm-01-01:c2,concept-support,P3,VALIDATE,Verify 390/768/1440 light/dark; preserve labels and relationships; prefer SVG/vector source and meaningful alt text.
dm-correlation-scale,1,9,dm-02-02:c2,concept-support,P3,VALIDATE,Verify 390/768/1440 light/dark; preserve labels and relationships; prefer SVG/vector source and meaningful alt text.
dm-false-precision,1,9,dm-03-01:c2,concept-support,P3,VALIDATE,Verify 390/768/1440 light/dark; preserve labels and relationships; prefer SVG/vector source and meaningful alt text.
dm-least-precise-wins,1,9,dm-03-01:c1,concept-support,P3,VALIDATE,Verify 390/768/1440 light/dark; preserve labels and relationships; prefer SVG/vector source and meaningful alt text.
dm-residual-gap-intro,1,9,dm-02-02:c1,concept-support,P3,VALIDATE,Verify 390/768/1440 light/dark; preserve labels and relationships; prefer SVG/vector source and meaningful alt text.
dm-shape-outlier,1,9,dm-01-01:c1,concept-support,P3,VALIDATE,Verify 390/768/1440 light/dark; preserve labels and relationships; prefer SVG/vector source and meaningful alt text.
dop-decimal-grid,1,5,dop-05-01:c1,concept-support,P3,VALIDATE,Verify 390/768/1440 light/dark; preserve labels and relationships; prefer SVG/vector source and meaningful alt text.
dop-grouping,1,5,dop-01-02:c1,concept-support,P3,VALIDATE,Verify 390/768/1440 light/dark; preserve labels and relationships; prefer SVG/vector source and meaningful alt text.
dop-order-matters,1,5,dop-01-01:c1,concept-support,P3,VALIDATE,Verify 390/768/1440 light/dark; preserve labels and relationships; prefer SVG/vector source and meaningful alt text.
doubles-mirror,1,2,as100-01-01:c1,concept-support,P3,VALIDATE,Verify 390/768/1440 light/dark; preserve labels and relationships; prefer SVG/vector source and meaningful alt text.
dpv-ladder-below,1,5,dpv-01-01:c2,concept-support,P3,VALIDATE,Verify 390/768/1440 light/dark; preserve labels and relationships; prefer SVG/vector source and meaningful alt text.
ee-coefficient-spotlight,1,6,ee-02b-02:c1,concept-support,P3,VALIDATE,Verify 390/768/1440 light/dark; preserve labels and relationships; prefer SVG/vector source and meaningful alt text.
ee-exponent-vs-mult,1,6,ee-01-01:c2,concept-support,P3,VALIDATE,Verify 390/768/1440 light/dark; preserve labels and relationships; prefer SVG/vector source and meaningful alt text.
ee-expression-anatomy,1,6,ee-02b-01:c1,concept-support,P3,VALIDATE,Verify 390/768/1440 light/dark; preserve labels and relationships; prefer SVG/vector source and meaningful alt text.
ee-read-aloud-tree,1,6,ee-02b-03:c1,concept-support,P3,VALIDATE,Verify 390/768/1440 light/dark; preserve labels and relationships; prefer SVG/vector source and meaningful alt text.
ee-term-vs-factor,1,6,ee-02b-01:c2,concept-support,P3,VALIDATE,Verify 390/768/1440 light/dark; preserve labels and relationships; prefer SVG/vector source and meaningful alt text.
elevation-depression,1,10,rt-04-01:c1,concept-support,P3,VALIDATE,Verify 390/768/1440 light/dark; preserve labels and relationships; prefer SVG/vector source and meaningful alt text.
end-behavior-quadrants,1,11,pf-01-02:c1,concept-support,P3,VALIDATE,Verify 390/768/1440 light/dark; preserve labels and relationships; prefer SVG/vector source and meaningful alt text.
ep-add-poly,1,9,ep-02-02:c2,concept-support,P3,VALIDATE,Verify 390/768/1440 light/dark; preserve labels and relationships; prefer SVG/vector source and meaningful alt text.
ep-coeff-square,1,9,ep-04-03:c3,concept-support,P3,VALIDATE,Verify 390/768/1440 light/dark; preserve labels and relationships; prefer SVG/vector source and meaningful alt text.
ep-constant-term,1,9,ep-02-01:c2,concept-support,P3,VALIDATE,Verify 390/768/1440 light/dark; preserve labels and relationships; prefer SVG/vector source and meaningful alt text.
ep-diff-squares,1,9,ep-04-03:c2,concept-support,P3,VALIDATE,Verify 390/768/1440 light/dark; preserve labels and relationships; prefer SVG/vector source and meaningful alt text.
ep-factor-trinomial,1,9,ep-04-02:c2,concept-support,P3,VALIDATE,Verify 390/768/1440 light/dark; preserve labels and relationships; prefer SVG/vector source and meaningful alt text.
ep-flip-all,1,9,ep-02-03:c3,concept-support,P3,VALIDATE,Verify 390/768/1440 light/dark; preserve labels and relationships; prefer SVG/vector source and meaningful alt text.
ep-foil,1,9,ep-03-02:c2,concept-support,P3,VALIDATE,Verify 390/768/1440 light/dark; preserve labels and relationships; prefer SVG/vector source and meaningful alt text.
ep-full-gcf,1,9,ep-04-01:c3,concept-support,P3,VALIDATE,Verify 390/768/1440 light/dark; preserve labels and relationships; prefer SVG/vector source and meaningful alt text.
ep-gcf,1,9,ep-04-01:c2,concept-support,P3,VALIDATE,Verify 390/768/1440 light/dark; preserve labels and relationships; prefer SVG/vector source and meaningful alt text.
ep-higher-monomial,1,9,ep-03-01:c3,concept-support,P3,VALIDATE,Verify 390/768/1440 light/dark; preserve labels and relationships; prefer SVG/vector source and meaningful alt text.
ep-like-terms,1,9,ep-02-01:c3,concept-support,P3,VALIDATE,Verify 390/768/1440 light/dark; preserve labels and relationships; prefer SVG/vector source and meaningful alt text.
ep-line-up,1,9,ep-02-02:c3,concept-support,P3,VALIDATE,Verify 390/768/1440 light/dark; preserve labels and relationships; prefer SVG/vector source and meaningful alt text.
ep-monomial,1,9,ep-03-01:c2,concept-support,P3,VALIDATE,Verify 390/768/1440 light/dark; preserve labels and relationships; prefer SVG/vector source and meaningful alt text.
ep-neg-constant,1,9,ep-04-02:c3,concept-support,P3,VALIDATE,Verify 390/768/1440 light/dark; preserve labels and relationships; prefer SVG/vector source and meaningful alt text.
ep-neg-from-division,1,9,ep-01-03:c3,concept-support,P3,VALIDATE,Verify 390/768/1440 light/dark; preserve labels and relationships; prefer SVG/vector source and meaningful alt text.
ep-product-rule,1,9,ep-01-01:c2,concept-support,P3,VALIDATE,Verify 390/768/1440 light/dark; preserve labels and relationships; prefer SVG/vector source and meaningful alt text.
ep-quotient-rule,1,9,ep-01-01:c3,concept-support,P3,VALIDATE,Verify 390/768/1440 light/dark; preserve labels and relationships; prefer SVG/vector source and meaningful alt text.
ep-several-factors,1,9,ep-01-02:c3,concept-support,P3,VALIDATE,Verify 390/768/1440 light/dark; preserve labels and relationships; prefer SVG/vector source and meaningful alt text.
ep-square-middle,1,9,ep-03-03:c2,concept-support,P3,VALIDATE,Verify 390/768/1440 light/dark; preserve labels and relationships; prefer SVG/vector source and meaningful alt text.
ep-subtract-poly,1,9,ep-02-03:c2,concept-support,P3,VALIDATE,Verify 390/768/1440 light/dark; preserve labels and relationships; prefer SVG/vector source and meaningful alt text.
ep-sum-diff,1,9,ep-03-03:c3,concept-support,P3,VALIDATE,Verify 390/768/1440 light/dark; preserve labels and relationships; prefer SVG/vector source and meaningful alt text.
ep-two-negatives,1,9,ep-03-02:c3,concept-support,P3,VALIDATE,Verify 390/768/1440 light/dark; preserve labels and relationships; prefer SVG/vector source and meaningful alt text.
equivalent-bars,1,4,fa-01-01:c1,concept-support,P3,VALIDATE,Verify 390/768/1440 light/dark; preserve labels and relationships; prefer SVG/vector source and meaningful alt text.
esn-place-power,1,8,esn-01-03:c2,concept-support,P3,VALIDATE,Verify 390/768/1440 light/dark; preserve labels and relationships; prefer SVG/vector source and meaningful alt text.
esn8-power-of-power,1,8,esn-01b-02:c1,concept-support,P3,VALIDATE,Verify 390/768/1440 light/dark; preserve labels and relationships; prefer SVG/vector source and meaningful alt text.
esn8-zero-exponent,1,8,esn-01b-03:c1,concept-support,P3,VALIDATE,Verify 390/768/1440 light/dark; preserve labels and relationships; prefer SVG/vector source and meaningful alt text.
estimate-actual,1,2,mmt-02-01:c1,concept-support,P3,VALIDATE,Verify 390/768/1440 light/dark; preserve labels and relationships; prefer SVG/vector source and meaningful alt text.
ev-cost-is-negative,1,11,ev-02-01:c1,concept-support,P3,VALIDATE,Verify 390/768/1440 light/dark; preserve labels and relationships; prefer SVG/vector source and meaningful alt text.
ev-distribution-inventory,1,11,ev-01-02:c1,concept-support,P3,VALIDATE,Verify 390/768/1440 light/dark; preserve labels and relationships; prefer SVG/vector source and meaningful alt text.
ev-fair-game-zero,1,11,ev-02-02:c1,concept-support,P3,VALIDATE,Verify 390/768/1440 light/dark; preserve labels and relationships; prefer SVG/vector source and meaningful alt text.
ev-fairness-sets-price,1,11,ev-02-02:c2,concept-support,P3,VALIDATE,Verify 390/768/1440 light/dark; preserve labels and relationships; prefer SVG/vector source and meaningful alt text.
ev-long-run-average,1,11,ev-01-03:c1,concept-support,P3,VALIDATE,Verify 390/768/1440 light/dark; preserve labels and relationships; prefer SVG/vector source and meaningful alt text.
ev-long-run-domain,1,11,ev-02-03:c1,concept-support,P3,VALIDATE,Verify 390/768/1440 light/dark; preserve labels and relationships; prefer SVG/vector source and meaningful alt text.
ev-net-expectation,1,11,ev-02-01:c2,concept-support,P3,VALIDATE,Verify 390/768/1440 light/dark; preserve labels and relationships; prefer SVG/vector source and meaningful alt text.
ev-outcomes-share-value,1,11,ev-01-01:c2,concept-support,P3,VALIDATE,Verify 390/768/1440 light/dark; preserve labels and relationships; prefer SVG/vector source and meaningful alt text.
ev-random-variable-map,1,11,ev-01-01:c1,concept-support,P3,VALIDATE,Verify 390/768/1440 light/dark; preserve labels and relationships; prefer SVG/vector source and meaningful alt text.
ev-reading-shape,1,11,ev-01-02:c2,concept-support,P3,VALIDATE,Verify 390/768/1440 light/dark; preserve labels and relationships; prefer SVG/vector source and meaningful alt text.
ev-risk-outside-expectation,1,11,ev-02-03:c2,concept-support,P3,VALIDATE,Verify 390/768/1440 light/dark; preserve labels and relationships; prefer SVG/vector source and meaningful alt text.
ev-weighted-not-plain,1,11,ev-01-03:c2,concept-support,P3,VALIDATE,Verify 390/768/1440 light/dark; preserve labels and relationships; prefer SVG/vector source and meaningful alt text.
exp-bigger-base,1,9,exp-02-01:c3,concept-support,P3,VALIDATE,Verify 390/768/1440 light/dark; preserve labels and relationships; prefer SVG/vector source and meaningful alt text.
exp-coefficient-40,1,9,exp-03-02:c2,concept-support,P3,VALIDATE,Verify 390/768/1440 light/dark; preserve labels and relationships; prefer SVG/vector source and meaningful alt text.
exp-compare-18-40,1,9,exp-04-02:c2,concept-support,P3,VALIDATE,Verify 390/768/1440 light/dark; preserve labels and relationships; prefer SVG/vector source and meaningful alt text.
exp-const-diff-linear,1,9,exp-01-03:c3,concept-support,P3,VALIDATE,Verify 390/768/1440 light/dark; preserve labels and relationships; prefer SVG/vector source and meaningful alt text.
exp-decay-16,1,9,exp-01-02:c2,concept-support,P3,VALIDATE,Verify 390/768/1440 light/dark; preserve labels and relationships; prefer SVG/vector source and meaningful alt text.
exp-decay-50,1,9,exp-02-03:c3,concept-support,P3,VALIDATE,Verify 390/768/1440 light/dark; preserve labels and relationships; prefer SVG/vector source and meaningful alt text.
exp-diff-vs-ratio,1,9,exp-04-03:c3,concept-support,P3,VALIDATE,Verify 390/768/1440 light/dark; preserve labels and relationships; prefer SVG/vector source and meaningful alt text.
exp-divide-first,1,9,exp-03-02:c3,concept-support,P3,VALIDATE,Verify 390/768/1440 light/dark; preserve labels and relationships; prefer SVG/vector source and meaningful alt text.
exp-faster-base,1,9,exp-04-02:c3,concept-support,P3,VALIDATE,Verify 390/768/1440 light/dark; preserve labels and relationships; prefer SVG/vector source and meaningful alt text.
exp-grow-50,1,9,exp-02-03:c2,concept-support,P3,VALIDATE,Verify 390/768/1440 light/dark; preserve labels and relationships; prefer SVG/vector source and meaningful alt text.
exp-initial-value,1,9,exp-01-01:c2,concept-support,P3,VALIDATE,Verify 390/768/1440 light/dark; preserve labels and relationships; prefer SVG/vector source and meaningful alt text.
exp-keep-third,1,9,exp-02-02:c3,concept-support,P3,VALIDATE,Verify 390/768/1440 light/dark; preserve labels and relationships; prefer SVG/vector source and meaningful alt text.
exp-linear-vs-exp,1,9,exp-04-03:c2,concept-support,P3,VALIDATE,Verify 390/768/1440 light/dark; preserve labels and relationships; prefer SVG/vector source and meaningful alt text.
exp-match-25,1,9,exp-03-01:c2,concept-support,P3,VALIDATE,Verify 390/768/1440 light/dark; preserve labels and relationships; prefer SVG/vector source and meaningful alt text.
exp-match-64,1,9,exp-03-01:c3,concept-support,P3,VALIDATE,Verify 390/768/1440 light/dark; preserve labels and relationships; prefer SVG/vector source and meaningful alt text.
exp-mirror,1,9,exp-01-02:c3,concept-support,P3,VALIDATE,Verify 390/768/1440 light/dark; preserve labels and relationships; prefer SVG/vector source and meaningful alt text.
exp-multiply-by-b,1,9,exp-01-01:c3,concept-support,P3,VALIDATE,Verify 390/768/1440 light/dark; preserve labels and relationships; prefer SVG/vector source and meaningful alt text.
exp-multiply-extend,1,9,exp-01-03:c2,concept-support,P3,VALIDATE,Verify 390/768/1440 light/dark; preserve labels and relationships; prefer SVG/vector source and meaningful alt text.
exp-neg-exponent,1,9,exp-03-03:c2,concept-support,P3,VALIDATE,Verify 390/768/1440 light/dark; preserve labels and relationships; prefer SVG/vector source and meaningful alt text.
exp-p0-200,1,9,exp-02-01:c2,concept-support,P3,VALIDATE,Verify 390/768/1440 light/dark; preserve labels and relationships; prefer SVG/vector source and meaningful alt text.
exp-rising-falling,1,9,exp-04-01:c2,concept-support,P3,VALIDATE,Verify 390/768/1440 light/dark; preserve labels and relationships; prefer SVG/vector source and meaningful alt text.
exp-small-target,1,9,exp-03-03:c3,concept-support,P3,VALIDATE,Verify 390/768/1440 light/dark; preserve labels and relationships; prefer SVG/vector source and meaningful alt text.
exp-v0-8000,1,9,exp-02-02:c2,concept-support,P3,VALIDATE,Verify 390/768/1440 light/dark; preserve labels and relationships; prefer SVG/vector source and meaningful alt text.
exp-y-intercept,1,9,exp-04-01:c3,concept-support,P3,VALIDATE,Verify 390/768/1440 light/dark; preserve labels and relationships; prefer SVG/vector source and meaningful alt text.
exponent-unfold,1,6,ee-01-01:c1,concept-support,P3,VALIDATE,Verify 390/768/1440 light/dark; preserve labels and relationships; prefer SVG/vector source and meaningful alt text.
exterior-angle-walk,1,10,pq-01-02:c1,concept-support,P3,VALIDATE,Verify 390/768/1440 light/dark; preserve labels and relationships; prefer SVG/vector source and meaningful alt text.
extraneous-intersection,1,11,re-04-02:c1,concept-support,P3,VALIDATE,Verify 390/768/1440 light/dark; preserve labels and relationships; prefer SVG/vector source and meaningful alt text.
fa-equiv-thirds-sixths,1,4,fa-01-01:c2,concept-support,P3,VALIDATE,Verify 390/768/1440 light/dark; preserve labels and relationships; prefer SVG/vector source and meaningful alt text.
factor-pairs,1,6,ns-03-01:c1,concept-support,P3,VALIDATE,Verify 390/768/1440 light/dark; preserve labels and relationships; prefer SVG/vector source and meaningful alt text.
ferris-wheel-wave,1,11,tf-05-01:c1,concept-support,P3,VALIDATE,Verify 390/768/1440 light/dark; preserve labels and relationships; prefer SVG/vector source and meaningful alt text.
fg-function-test,1,8,fg-01-01:c2,concept-support,P3,VALIDATE,Verify 390/768/1440 light/dark; preserve labels and relationships; prefer SVG/vector source and meaningful alt text.
fg-initial-value,1,8,fg-02-03:c2,concept-support,P3,VALIDATE,Verify 390/768/1440 light/dark; preserve labels and relationships; prefer SVG/vector source and meaningful alt text.
fg-not-function,1,8,fg-01-02:c2,concept-support,P3,VALIDATE,Verify 390/768/1440 light/dark; preserve labels and relationships; prefer SVG/vector source and meaningful alt text.
fg-rate-table,1,8,fg-02-01:c2,concept-support,P3,VALIDATE,Verify 390/768/1440 light/dark; preserve labels and relationships; prefer SVG/vector source and meaningful alt text.
flip-arrow,1,9,alg1-04-02:c1,concept-support,P3,VALIDATE,Verify 390/768/1440 light/dark; preserve labels and relationships; prefer SVG/vector source and meaningful alt text.
fm-area-grid,1,5,fm-03-01:c2,concept-support,P3,VALIDATE,Verify 390/768/1440 light/dark; preserve labels and relationships; prefer SVG/vector source and meaningful alt text.
fn-any-term,1,9,fn-02-03:c3,concept-support,P3,VALIDATE,Verify 390/768/1440 light/dark; preserve labels and relationships; prefer SVG/vector source and meaningful alt text.
fn-arithmetic,1,9,fn-04-02:c2,concept-support,P3,VALIDATE,Verify 390/768/1440 light/dark; preserve labels and relationships; prefer SVG/vector source and meaningful alt text.
fn-combine-steps,1,9,fn-01-03:c3,concept-support,P3,VALIDATE,Verify 390/768/1440 light/dark; preserve labels and relationships; prefer SVG/vector source and meaningful alt text.
fn-common-diff,1,9,fn-02-01:c2,concept-support,P3,VALIDATE,Verify 390/768/1440 light/dark; preserve labels and relationships; prefer SVG/vector source and meaningful alt text.
fn-common-ratio,1,9,fn-03-01:c2,concept-support,P3,VALIDATE,Verify 390/768/1440 light/dark; preserve labels and relationships; prefer SVG/vector source and meaningful alt text.
fn-eval-zero,1,9,fn-01-01:c3,concept-support,P3,VALIDATE,Verify 390/768/1440 light/dark; preserve labels and relationships; prefer SVG/vector source and meaningful alt text.
fn-far-term,1,9,fn-02-02:c3,concept-support,P3,VALIDATE,Verify 390/768/1440 light/dark; preserve labels and relationships; prefer SVG/vector source and meaningful alt text.
fn-first-term-in,1,9,fn-03-03:c2,concept-support,P3,VALIDATE,Verify 390/768/1440 light/dark; preserve labels and relationships; prefer SVG/vector source and meaningful alt text.
fn-geom-exponent,1,9,fn-03-02:c2,concept-support,P3,VALIDATE,Verify 390/768/1440 light/dark; preserve labels and relationships; prefer SVG/vector source and meaningful alt text.
fn-geom-fast,1,9,fn-03-02:c3,concept-support,P3,VALIDATE,Verify 390/768/1440 light/dark; preserve labels and relationships; prefer SVG/vector source and meaningful alt text.
fn-geom-overwhelms,1,9,fn-04-03:c3,concept-support,P3,VALIDATE,Verify 390/768/1440 light/dark; preserve labels and relationships; prefer SVG/vector source and meaningful alt text.
fn-geometric,1,9,fn-04-02:c3,concept-support,P3,VALIDATE,Verify 390/768/1440 light/dark; preserve labels and relationships; prefer SVG/vector source and meaningful alt text.
fn-how-far,1,9,fn-02-03:c2,concept-support,P3,VALIDATE,Verify 390/768/1440 light/dark; preserve labels and relationships; prefer SVG/vector source and meaningful alt text.
fn-n-minus-one,1,9,fn-02-02:c2,concept-support,P3,VALIDATE,Verify 390/768/1440 light/dark; preserve labels and relationships; prefer SVG/vector source and meaningful alt text.
fn-negative-diff,1,9,fn-02-01:c3,concept-support,P3,VALIDATE,Verify 390/768/1440 light/dark; preserve labels and relationships; prefer SVG/vector source and meaningful alt text.
fn-neither,1,9,fn-04-01:c3,concept-support,P3,VALIDATE,Verify 390/768/1440 light/dark; preserve labels and relationships; prefer SVG/vector source and meaningful alt text.
fn-notation,1,9,fn-01-01:c2,concept-support,P3,VALIDATE,Verify 390/768/1440 light/dark; preserve labels and relationships; prefer SVG/vector source and meaningful alt text.
fn-one-output,1,9,fn-01-02:c2,concept-support,P3,VALIDATE,Verify 390/768/1440 light/dark; preserve labels and relationships; prefer SVG/vector source and meaningful alt text.
fn-ratio-larger,1,9,fn-03-01:c3,concept-support,P3,VALIDATE,Verify 390/768/1440 light/dark; preserve labels and relationships; prefer SVG/vector source and meaningful alt text.
fn-reach-far,1,9,fn-03-03:c3,concept-support,P3,VALIDATE,Verify 390/768/1440 light/dark; preserve labels and relationships; prefer SVG/vector source and meaningful alt text.
fn-test-diff-ratio,1,9,fn-04-01:c2,concept-support,P3,VALIDATE,Verify 390/768/1440 light/dark; preserve labels and relationships; prefer SVG/vector source and meaningful alt text.
fn-unseen-inputs,1,9,fn-01-03:c2,concept-support,P3,VALIDATE,Verify 390/768/1440 light/dark; preserve labels and relationships; prefer SVG/vector source and meaningful alt text.
fn-vertical-line-test,1,9,fn-01-02:c3,concept-support,P3,VALIDATE,Verify 390/768/1440 light/dark; preserve labels and relationships; prefer SVG/vector source and meaningful alt text.
fn-words-type,1,9,fn-04-03:c2,concept-support,P3,VALIDATE,Verify 390/768/1440 light/dark; preserve labels and relationships; prefer SVG/vector source and meaningful alt text.
fna-abs-piecewise,1,12,fna-03-03:c1,concept-support,P3,VALIDATE,Verify 390/768/1440 light/dark; preserve labels and relationships; prefer SVG/vector source and meaningful alt text.
fna-average-rate,1,12,fna-01-01:c1,concept-support,P3,VALIDATE,Verify 390/768/1440 light/dark; preserve labels and relationships; prefer SVG/vector source and meaningful alt text.
fna-both-directions,1,12,fna-05-03:c2,concept-support,P3,VALIDATE,Verify 390/768/1440 light/dark; preserve labels and relationships; prefer SVG/vector source and meaningful alt text.
fna-boundary-symbols,1,12,fna-03-02:c2,concept-support,P3,VALIDATE,Verify 390/768/1440 light/dark; preserve labels and relationships; prefer SVG/vector source and meaningful alt text.
fna-checkpoint-reciprocal,1,12,fna-04-02:c2,concept-support,P3,VALIDATE,Verify 390/768/1440 light/dark; preserve labels and relationships; prefer SVG/vector source and meaningful alt text.
fna-compare-representations,1,12,fna-06-01:c1,concept-support,P3,VALIDATE,Verify 390/768/1440 light/dark; preserve labels and relationships; prefer SVG/vector source and meaningful alt text.
fna-compose-order,1,12,fna-04-01:c1,concept-support,P3,VALIDATE,Verify 390/768/1440 light/dark; preserve labels and relationships; prefer SVG/vector source and meaningful alt text.
fna-cubic-hlt,1,12,fna-05-01:c2,concept-support,P3,VALIDATE,Verify 390/768/1440 light/dark; preserve labels and relationships; prefer SVG/vector source and meaningful alt text.
fna-decompose,1,12,fna-04-03:c1,concept-support,P3,VALIDATE,Verify 390/768/1440 light/dark; preserve labels and relationships; prefer SVG/vector source and meaningful alt text.
fna-denominator-input,1,12,fna-01-01:c2,concept-support,P3,VALIDATE,Verify 390/768/1440 light/dark; preserve labels and relationships; prefer SVG/vector source and meaningful alt text.
fna-downhill-negative,1,12,fna-01-02:c2,concept-support,P3,VALIDATE,Verify 390/768/1440 light/dark; preserve labels and relationships; prefer SVG/vector source and meaningful alt text.
fna-even-symmetry,1,12,fna-03-01:c1,concept-support,P3,VALIDATE,Verify 390/768/1440 light/dark; preserve labels and relationships; prefer SVG/vector source and meaningful alt text.
fna-falls-between,1,12,fna-02-01:c2,concept-support,P3,VALIDATE,Verify 390/768/1440 light/dark; preserve labels and relationships; prefer SVG/vector source and meaningful alt text.
fna-hlt,1,12,fna-05-01:c1,concept-support,P3,VALIDATE,Verify 390/768/1440 light/dark; preserve labels and relationships; prefer SVG/vector source and meaningful alt text.
fna-inverse-reflection,1,12,fna-05-03:c1,concept-support,P3,VALIDATE,Verify 390/768/1440 light/dark; preserve labels and relationships; prefer SVG/vector source and meaningful alt text.
fna-later-minus-earlier,1,12,fna-01-03:c2,concept-support,P3,VALIDATE,Verify 390/768/1440 light/dark; preserve labels and relationships; prefer SVG/vector source and meaningful alt text.
fna-local-not-absolute,1,12,fna-02-02:c2,concept-support,P3,VALIDATE,Verify 390/768/1440 light/dark; preserve labels and relationships; prefer SVG/vector source and meaningful alt text.
fna-modeling-chain,1,12,fna-04-03:c2,concept-support,P3,VALIDATE,Verify 390/768/1440 light/dark; preserve labels and relationships; prefer SVG/vector source and meaningful alt text.
fna-not-commutative,1,12,fna-04-01:c2,concept-support,P3,VALIDATE,Verify 390/768/1440 light/dark; preserve labels and relationships; prefer SVG/vector source and meaningful alt text.
fna-one-to-one-piece,1,12,fna-05-02:c2,concept-support,P3,VALIDATE,Verify 390/768/1440 light/dark; preserve labels and relationships; prefer SVG/vector source and meaningful alt text.
fna-piecewise,1,12,fna-03-02:c1,concept-support,P3,VALIDATE,Verify 390/768/1440 light/dark; preserve labels and relationships; prefer SVG/vector source and meaningful alt text.
fna-properties-anywhere,1,12,fna-06-01:c2,concept-support,P3,VALIDATE,Verify 390/768/1440 light/dark; preserve labels and relationships; prefer SVG/vector source and meaningful alt text.
fna-range-extrema,1,12,fna-02-03:c2,concept-support,P3,VALIDATE,Verify 390/768/1440 light/dark; preserve labels and relationships; prefer SVG/vector source and meaningful alt text.
fna-rate-units,1,12,fna-01-03:c1,concept-support,P3,VALIDATE,Verify 390/768/1440 light/dark; preserve labels and relationships; prefer SVG/vector source and meaningful alt text.
fna-restrict-domain,1,12,fna-05-02:c1,concept-support,P3,VALIDATE,Verify 390/768/1440 light/dark; preserve labels and relationships; prefer SVG/vector source and meaningful alt text.
fna-secant-aroc,1,12,fna-01-02:c1,concept-support,P3,VALIDATE,Verify 390/768/1440 light/dark; preserve labels and relationships; prefer SVG/vector source and meaningful alt text.
fna-step-function,1,12,fna-03-03:c2,concept-support,P3,VALIDATE,Verify 390/768/1440 light/dark; preserve labels and relationships; prefer SVG/vector source and meaningful alt text.
fna-test-all-x,1,12,fna-03-01:c2,concept-support,P3,VALIDATE,Verify 390/768/1440 light/dark; preserve labels and relationships; prefer SVG/vector source and meaningful alt text.
fna-two-checkpoints,1,12,fna-04-02:c1,concept-support,P3,VALIDATE,Verify 390/768/1440 light/dark; preserve labels and relationships; prefer SVG/vector source and meaningful alt text.
formula-rearrange,1,9,alg1-03-01:c1,concept-support,P3,VALIDATE,Verify 390/768/1440 light/dark; preserve labels and relationships; prefer SVG/vector source and meaningful alt text.
frac-equal-vs-unequal,1,3,fr-01-01:c1,concept-support,P3,VALIDATE,Verify 390/768/1440 light/dark; preserve labels and relationships; prefer SVG/vector source and meaningful alt text.
frac-fourths-blank,1,3,fr-01-01:c2,concept-support,P3,VALIDATE,Verify 390/768/1440 light/dark; preserve labels and relationships; prefer SVG/vector source and meaningful alt text.
frac-three-fourths,1,3,fr-01-03:c1,concept-support,P3,VALIDATE,Verify 390/768/1440 light/dark; preserve labels and relationships; prefer SVG/vector source and meaningful alt text.
frac-two-thirds,1,3,fr-01-03:c2,concept-support,P3,VALIDATE,Verify 390/768/1440 light/dark; preserve labels and relationships; prefer SVG/vector source and meaningful alt text.
frac-unit-fourth,1,3,fr-01-02:c1,concept-support,P3,VALIDATE,Verify 390/768/1440 light/dark; preserve labels and relationships; prefer SVG/vector source and meaningful alt text.
frac-unit-third,1,3,fr-01-02:c2,concept-support,P3,VALIDATE,Verify 390/768/1440 light/dark; preserve labels and relationships; prefer SVG/vector source and meaningful alt text.
fraction-area-model,1,5,fm-03-01:c1,concept-support,P3,VALIDATE,Verify 390/768/1440 light/dark; preserve labels and relationships; prefer SVG/vector source and meaningful alt text.
fraction-division-groups,1,6,ns-01-01:c1,concept-support,P3,VALIDATE,Verify 390/768/1440 light/dark; preserve labels and relationships; prefer SVG/vector source and meaningful alt text.
fraction-undo,1,9,alg1-02-01:c1,concept-support,P3,VALIDATE,Verify 390/768/1440 light/dark; preserve labels and relationships; prefer SVG/vector source and meaningful alt text.
ft-combine-shifts,1,11,ft-02-03:c2,concept-support,P3,VALIDATE,Verify 390/768/1440 light/dark; preserve labels and relationships; prefer SVG/vector source and meaningful alt text.
ft-composition,1,11,ft-04-02:c2,concept-support,P3,VALIDATE,Verify 390/768/1440 light/dark; preserve labels and relationships; prefer SVG/vector source and meaningful alt text.
ft-domain-sqrt,1,11,ft-01-02:c2,concept-support,P3,VALIDATE,Verify 390/768/1440 light/dark; preserve labels and relationships; prefer SVG/vector source and meaningful alt text.
ft-horiz-shift,1,11,ft-02-02:c2,concept-support,P3,VALIDATE,Verify 390/768/1440 light/dark; preserve labels and relationships; prefer SVG/vector source and meaningful alt text.
ft-inverse-reversed-machine,1,11,ft-05-04:c1,concept-support,P3,VALIDATE,Verify 390/768/1440 light/dark; preserve labels and relationships; prefer SVG/vector source and meaningful alt text.
ft-inverse-swap,1,11,ft-05-01:c2,concept-support,P3,VALIDATE,Verify 390/768/1440 light/dark; preserve labels and relationships; prefer SVG/vector source and meaningful alt text.
ft-parent-square-abs,1,11,ft-01-01:c2,concept-support,P3,VALIDATE,Verify 390/768/1440 light/dark; preserve labels and relationships; prefer SVG/vector source and meaningful alt text.
ft-range-shift,1,11,ft-01-03:c2,concept-support,P3,VALIDATE,Verify 390/768/1440 light/dark; preserve labels and relationships; prefer SVG/vector source and meaningful alt text.
ft-reflection,1,11,ft-03-01:c2,concept-support,P3,VALIDATE,Verify 390/768/1440 light/dark; preserve labels and relationships; prefer SVG/vector source and meaningful alt text.
ft-stretch,1,11,ft-03-02:c2,concept-support,P3,VALIDATE,Verify 390/768/1440 light/dark; preserve labels and relationships; prefer SVG/vector source and meaningful alt text.
ft-subtract-funcs,1,11,ft-04-01:c2,concept-support,P3,VALIDATE,Verify 390/768/1440 light/dark; preserve labels and relationships; prefer SVG/vector source and meaningful alt text.
ft-swap-is-peeling,1,11,ft-05-04:c2,concept-support,P3,VALIDATE,Verify 390/768/1440 light/dark; preserve labels and relationships; prefer SVG/vector source and meaningful alt text.
ft-swap-solve,1,11,ft-05-02:c2,concept-support,P3,VALIDATE,Verify 390/768/1440 light/dark; preserve labels and relationships; prefer SVG/vector source and meaningful alt text.
ft-test-number,1,11,ft-04-03:c2,concept-support,P3,VALIDATE,Verify 390/768/1440 light/dark; preserve labels and relationships; prefer SVG/vector source and meaningful alt text.
ft-verify-inverse,1,11,ft-05-03:c2,concept-support,P3,VALIDATE,Verify 390/768/1440 light/dark; preserve labels and relationships; prefer SVG/vector source and meaningful alt text.
ft-vertex,1,11,ft-03-03:c2,concept-support,P3,VALIDATE,Verify 390/768/1440 light/dark; preserve labels and relationships; prefer SVG/vector source and meaningful alt text.
ft-vertical-shift,1,11,ft-02-01:c2,concept-support,P3,VALIDATE,Verify 390/768/1440 light/dark; preserve labels and relationships; prefer SVG/vector source and meaningful alt text.
g7-aaa-same-shape,1,7,g7-03b-02:c2,concept-support,P3,VALIDATE,Verify 390/768/1440 light/dark; preserve labels and relationships; prefer SVG/vector source and meaningful alt text.
g7-circle-c-vs-a,1,7,g7-02-03:c2,concept-support,P3,VALIDATE,Verify 390/768/1440 light/dark; preserve labels and relationships; prefer SVG/vector source and meaningful alt text.
g7-circumference,1,7,g7-02-02:c2,concept-support,P3,VALIDATE,Verify 390/768/1440 light/dark; preserve labels and relationships; prefer SVG/vector source and meaningful alt text.
g7-comp-supp,1,7,g7-03-01:c2,concept-support,P3,VALIDATE,Verify 390/768/1440 light/dark; preserve labels and relationships; prefer SVG/vector source and meaningful alt text.
g7-copy-angle-arcs,1,7,g7-03b-03:c2,concept-support,P3,VALIDATE,Verify 390/768/1440 light/dark; preserve labels and relationships; prefer SVG/vector source and meaningful alt text.
g7-perp-bisector-arcs,1,7,g7-03b-03:c1,concept-support,P3,VALIDATE,Verify 390/768/1440 light/dark; preserve labels and relationships; prefer SVG/vector source and meaningful alt text.
g7-pi-ratio,1,7,g7-02-01:c2,concept-support,P3,VALIDATE,Verify 390/768/1440 light/dark; preserve labels and relationships; prefer SVG/vector source and meaningful alt text.
g7-roundup,1,7,g7-04-03:c2,concept-support,P3,VALIDATE,Verify 390/768/1440 light/dark; preserve labels and relationships; prefer SVG/vector source and meaningful alt text.
g7-scale-area,1,7,g7-01-03:c2,concept-support,P3,VALIDATE,Verify 390/768/1440 light/dark; preserve labels and relationships; prefer SVG/vector source and meaningful alt text.
g7-scale-directions,1,7,g7-01-02:c2,concept-support,P3,VALIDATE,Verify 390/768/1440 light/dark; preserve labels and relationships; prefer SVG/vector source and meaningful alt text.
g7-scale-rate,1,7,g7-01-01:c2,concept-support,P3,VALIDATE,Verify 390/768/1440 light/dark; preserve labels and relationships; prefer SVG/vector source and meaningful alt text.
g7-slicing,1,7,g7-04-02:c2,concept-support,P3,VALIDATE,Verify 390/768/1440 light/dark; preserve labels and relationships; prefer SVG/vector source and meaningful alt text.
g7-solve-angles,1,7,g7-03-03:c2,concept-support,P3,VALIDATE,Verify 390/768/1440 light/dark; preserve labels and relationships; prefer SVG/vector source and meaningful alt text.
g7-ssa-two-triangles,1,7,g7-03b-02:c1,concept-support,P3,VALIDATE,Verify 390/768/1440 light/dark; preserve labels and relationships; prefer SVG/vector source and meaningful alt text.
g7-sss-locks,1,7,g7-03b-01:c1,concept-support,P3,VALIDATE,Verify 390/768/1440 light/dark; preserve labels and relationships; prefer SVG/vector source and meaningful alt text.
g7-vertical-angles,1,7,g7-03-02:c2,concept-support,P3,VALIDATE,Verify 390/768/1440 light/dark; preserve labels and relationships; prefer SVG/vector source and meaningful alt text.
gauss-pairing,1,11,sr-03-01:c1,concept-support,P3,VALIDATE,Verify 390/768/1440 light/dark; preserve labels and relationships; prefer SVG/vector source and meaningful alt text.
geo3-closed-shapes,1,3,geo-01-01:c1,concept-support,P3,VALIDATE,Verify 390/768/1440 light/dark; preserve labels and relationships; prefer SVG/vector source and meaningful alt text.
geo3-equal-diff-shapes,1,3,geo-03-01:c2,concept-support,P3,VALIDATE,Verify 390/768/1440 light/dark; preserve labels and relationships; prefer SVG/vector source and meaningful alt text.
geo3-equal-parts,1,3,geo-03-01:c1,concept-support,P3,VALIDATE,Verify 390/768/1440 light/dark; preserve labels and relationships; prefer SVG/vector source and meaningful alt text.
geo3-multi-rule,1,3,geo-02-01:c2,concept-support,P3,VALIDATE,Verify 390/768/1440 light/dark; preserve labels and relationships; prefer SVG/vector source and meaningful alt text.
geo3-name-part,1,3,geo-03-02:c1,concept-support,P3,VALIDATE,Verify 390/768/1440 light/dark; preserve labels and relationships; prefer SVG/vector source and meaningful alt text.
geo3-name-parts,1,3,geo-03-02:c2,concept-support,P3,VALIDATE,Verify 390/768/1440 light/dark; preserve labels and relationships; prefer SVG/vector source and meaningful alt text.
geo3-rect-rule,1,3,geo-01-03:c1,concept-support,P3,VALIDATE,Verify 390/768/1440 light/dark; preserve labels and relationships; prefer SVG/vector source and meaningful alt text.
geo3-rotated-square,1,3,geo-01-01:c2,concept-support,P3,VALIDATE,Verify 390/768/1440 light/dark; preserve labels and relationships; prefer SVG/vector source and meaningful alt text.
geo3-sort-yesno,1,3,geo-02-01:c1,concept-support,P3,VALIDATE,Verify 390/768/1440 light/dark; preserve labels and relationships; prefer SVG/vector source and meaningful alt text.
geo3-square-is-rect,1,3,geo-01-03:c2,concept-support,P3,VALIDATE,Verify 390/768/1440 light/dark; preserve labels and relationships; prefer SVG/vector source and meaningful alt text.
geo3-trapezoid,1,3,geo-01-02:c2,concept-support,P3,VALIDATE,Verify 390/768/1440 light/dark; preserve labels and relationships; prefer SVG/vector source and meaningful alt text.
geometric-shift-subtract,1,11,sr-04-01:c2,concept-support,P3,VALIDATE,Verify 390/768/1440 light/dark; preserve labels and relationships; prefer SVG/vector source and meaningful alt text.
gf-angle-addition,1,10,gf-02-02:c3,concept-support,P3,VALIDATE,Verify 390/768/1440 light/dark; preserve labels and relationships; prefer SVG/vector source and meaningful alt text.
gf-angle-bisector,1,10,gf-02-02:c2,concept-support,P3,VALIDATE,Verify 390/768/1440 light/dark; preserve labels and relationships; prefer SVG/vector source and meaningful alt text.
gf-angle-naming,1,10,gf-01-02:c2,concept-support,P3,VALIDATE,Verify 390/768/1440 light/dark; preserve labels and relationships; prefer SVG/vector source and meaningful alt text.
gf-answer-asked,1,10,gf-02-03:c2,concept-support,P3,VALIDATE,Verify 390/768/1440 light/dark; preserve labels and relationships; prefer SVG/vector source and meaningful alt text.
gf-between-algebra,1,10,gf-02-03:c1,concept-support,P3,VALIDATE,Verify 390/768/1440 light/dark; preserve labels and relationships; prefer SVG/vector source and meaningful alt text.
gf-bisector-equation,1,10,gf-02-03:c3,concept-support,P3,VALIDATE,Verify 390/768/1440 light/dark; preserve labels and relationships; prefer SVG/vector source and meaningful alt text.
gf-bisector-vocab,1,10,gf-02-01:c3,concept-support,P3,VALIDATE,Verify 390/768/1440 light/dark; preserve labels and relationships; prefer SVG/vector source and meaningful alt text.
gf-ccw-positive,1,10,gf-03-03:c2,concept-support,P3,VALIDATE,Verify 390/768/1440 light/dark; preserve labels and relationships; prefer SVG/vector source and meaningful alt text.
gf-cipher-numbers,1,10,gf-05-03:c2,concept-support,P3,VALIDATE,Verify 390/768/1440 light/dark; preserve labels and relationships; prefer SVG/vector source and meaningful alt text.
gf-congruence-cipher,1,10,gf-05-03:c1,concept-support,P3,VALIDATE,Verify 390/768/1440 light/dark; preserve labels and relationships; prefer SVG/vector source and meaningful alt text.
gf-dilation-excluded,1,10,gf-05-01:c3,concept-support,P3,VALIDATE,Verify 390/768/1440 light/dark; preserve labels and relationships; prefer SVG/vector source and meaningful alt text.
gf-figure-vs-measure,1,10,gf-01-03:c2,concept-support,P3,VALIDATE,Verify 390/768/1440 light/dark; preserve labels and relationships; prefer SVG/vector source and meaningful alt text.
gf-find-rule,1,10,gf-03-01:c2,concept-support,P3,VALIDATE,Verify 390/768/1440 light/dark; preserve labels and relationships; prefer SVG/vector source and meaningful alt text.
gf-glide-reflection,1,10,gf-04-01:c3,concept-support,P3,VALIDATE,Verify 390/768/1440 light/dark; preserve labels and relationships; prefer SVG/vector source and meaningful alt text.
gf-identify-motion,1,10,gf-05-02:c1,concept-support,P3,VALIDATE,Verify 390/768/1440 light/dark; preserve labels and relationships; prefer SVG/vector source and meaningful alt text.
gf-intersect-point,1,10,gf-01-03:c3,concept-support,P3,VALIDATE,Verify 390/768/1440 light/dark; preserve labels and relationships; prefer SVG/vector source and meaningful alt text.
gf-line-symmetry,1,10,gf-04-02:c1,concept-support,P3,VALIDATE,Verify 390/768/1440 light/dark; preserve labels and relationships; prefer SVG/vector source and meaningful alt text.
gf-midpoint,1,10,gf-02-01:c2,concept-support,P3,VALIDATE,Verify 390/768/1440 light/dark; preserve labels and relationships; prefer SVG/vector source and meaningful alt text.
gf-naming-points,1,10,gf-01-01:c2,concept-support,P3,VALIDATE,Verify 390/768/1440 light/dark; preserve labels and relationships; prefer SVG/vector source and meaningful alt text.
gf-no-motion,1,10,gf-05-02:c3,concept-support,P3,VALIDATE,Verify 390/768/1440 light/dark; preserve labels and relationships; prefer SVG/vector source and meaningful alt text.
gf-notation-hats,1,10,gf-01-03:c1,concept-support,P3,VALIDATE,Verify 390/768/1440 light/dark; preserve labels and relationships; prefer SVG/vector source and meaningful alt text.
gf-order-angle,1,10,gf-04-03:c2,concept-support,P3,VALIDATE,Verify 390/768/1440 light/dark; preserve labels and relationships; prefer SVG/vector source and meaningful alt text.
gf-order-matters,1,10,gf-04-01:c2,concept-support,P3,VALIDATE,Verify 390/768/1440 light/dark; preserve labels and relationships; prefer SVG/vector source and meaningful alt text.
gf-postulates,1,10,gf-01-01:c3,concept-support,P3,VALIDATE,Verify 390/768/1440 light/dark; preserve labels and relationships; prefer SVG/vector source and meaningful alt text.
gf-ray-order,1,10,gf-01-02:c3,concept-support,P3,VALIDATE,Verify 390/768/1440 light/dark; preserve labels and relationships; prefer SVG/vector source and meaningful alt text.
gf-reflect-yx,1,10,gf-03-02:c3,concept-support,P3,VALIDATE,Verify 390/768/1440 light/dark; preserve labels and relationships; prefer SVG/vector source and meaningful alt text.
gf-rewrite-correspondence,1,10,gf-05-03:c3,concept-support,P3,VALIDATE,Verify 390/768/1440 light/dark; preserve labels and relationships; prefer SVG/vector source and meaningful alt text.
gf-rigid-preserve,1,10,gf-05-01:c2,concept-support,P3,VALIDATE,Verify 390/768/1440 light/dark; preserve labels and relationships; prefer SVG/vector source and meaningful alt text.
gf-rotational-symmetry,1,10,gf-04-03:c1,concept-support,P3,VALIDATE,Verify 390/768/1440 light/dark; preserve labels and relationships; prefer SVG/vector source and meaningful alt text.
gf-rotations-add,1,10,gf-03-03:c3,concept-support,P3,VALIDATE,Verify 390/768/1440 light/dark; preserve labels and relationships; prefer SVG/vector source and meaningful alt text.
gf-rotations-origin,1,10,gf-03-03:c1,concept-support,P3,VALIDATE,Verify 390/768/1440 light/dark; preserve labels and relationships; prefer SVG/vector source and meaningful alt text.
gf-scalene-zero,1,10,gf-04-02:c3,concept-support,P3,VALIDATE,Verify 390/768/1440 light/dark; preserve labels and relationships; prefer SVG/vector source and meaningful alt text.
gf-sign-fingerprints,1,10,gf-05-02:c2,concept-support,P3,VALIDATE,Verify 390/768/1440 light/dark; preserve labels and relationships; prefer SVG/vector source and meaningful alt text.
gf-symmetry-independent,1,10,gf-04-03:c3,concept-support,P3,VALIDATE,Verify 390/768/1440 light/dark; preserve labels and relationships; prefer SVG/vector source and meaningful alt text.
ha-degree-panels,1,11,rf-04-03:c1,concept-support,P3,VALIDATE,Verify 390/768/1440 light/dark; preserve labels and relationships; prefer SVG/vector source and meaningful alt text.
hemisphere-cavalieri,1,10,sg-03-03:c1,concept-support,P3,VALIDATE,Verify 390/768/1440 light/dark; preserve labels and relationships; prefer SVG/vector source and meaningful alt text.
hole-vs-asymptote,1,11,rf-04-02:c1,concept-support,P3,VALIDATE,Verify 390/768/1440 light/dark; preserve labels and relationships; prefer SVG/vector source and meaningful alt text.
iar-arithmetic-test,1,9,iar-01-01:c2,concept-support,P3,VALIDATE,Verify 390/768/1440 light/dark; preserve labels and relationships; prefer SVG/vector source and meaningful alt text.
iar-boundary-disagreement,1,9,iar-01-03:c1,concept-support,P3,VALIDATE,Verify 390/768/1440 light/dark; preserve labels and relationships; prefer SVG/vector source and meaningful alt text.
iar-checklist-fences,1,9,iar-02-03:c1,concept-support,P3,VALIDATE,Verify 390/768/1440 light/dark; preserve labels and relationships; prefer SVG/vector source and meaningful alt text.
iar-constraints-feasible,1,9,iar-03-01:c1,concept-support,P3,VALIDATE,Verify 390/768/1440 light/dark; preserve labels and relationships; prefer SVG/vector source and meaningful alt text.
iar-corner-algorithm,1,9,iar-03-02:c2,concept-support,P3,VALIDATE,Verify 390/768/1440 light/dark; preserve labels and relationships; prefer SVG/vector source and meaningful alt text.
iar-corner-by-algebra,1,9,iar-02-02:c1,concept-support,P3,VALIDATE,Verify 390/768/1440 light/dark; preserve labels and relationships; prefer SVG/vector source and meaningful alt text.
iar-dashed-solid-rule,1,9,iar-01-03:c2,concept-support,P3,VALIDATE,Verify 390/768/1440 light/dark; preserve labels and relationships; prefer SVG/vector source and meaningful alt text.
iar-half-plane-solutions,1,9,iar-01-02:c1,concept-support,P3,VALIDATE,Verify 390/768/1440 light/dark; preserve labels and relationships; prefer SVG/vector source and meaningful alt text.
iar-line-cuts-plane,1,9,iar-01-01:c1,concept-support,P3,VALIDATE,Verify 390/768/1440 light/dark; preserve labels and relationships; prefer SVG/vector source and meaningful alt text.
iar-name-the-failure,1,9,iar-02-03:c2,concept-support,P3,VALIDATE,Verify 390/768/1440 light/dark; preserve labels and relationships; prefer SVG/vector source and meaningful alt text.
iar-one-failure-disqualifies,1,9,iar-02-01:c2,concept-support,P3,VALIDATE,Verify 390/768/1440 light/dark; preserve labels and relationships; prefer SVG/vector source and meaningful alt text.
iar-one-witness-suffices,1,9,iar-01-02:c2,concept-support,P3,VALIDATE,Verify 390/768/1440 light/dark; preserve labels and relationships; prefer SVG/vector source and meaningful alt text.
iar-optimum-at-corner,1,9,iar-03-02:c1,concept-support,P3,VALIDATE,Verify 390/768/1440 light/dark; preserve labels and relationships; prefer SVG/vector source and meaningful alt text.
iar-region-corners,1,9,iar-03-01:c2,concept-support,P3,VALIDATE,Verify 390/768/1440 light/dark; preserve labels and relationships; prefer SVG/vector source and meaningful alt text.
iar-same-corner-machine,1,9,iar-02-02:c2,concept-support,P3,VALIDATE,Verify 390/768/1440 light/dark; preserve labels and relationships; prefer SVG/vector source and meaningful alt text.
iar-stall-constraints,1,9,iar-03-03:c1,concept-support,P3,VALIDATE,Verify 390/768/1440 light/dark; preserve labels and relationships; prefer SVG/vector source and meaningful alt text.
iar-system-overlap,1,9,iar-02-01:c1,concept-support,P3,VALIDATE,Verify 390/768/1440 light/dark; preserve labels and relationships; prefer SVG/vector source and meaningful alt text.
iar-vertex-interview,1,9,iar-03-03:c2,concept-support,P3,VALIDATE,Verify 390/768/1440 light/dark; preserve labels and relationships; prefer SVG/vector source and meaningful alt text.
incenter,1,10,tc-04-01:c2,concept-support,P3,VALIDATE,Verify 390/768/1440 light/dark; preserve labels and relationships; prefer SVG/vector source and meaningful alt text.
inverse-reflection,1,11,ft-05-03:c1,concept-support,P3,VALIDATE,Verify 390/768/1440 light/dark; preserve labels and relationships; prefer SVG/vector source and meaningful alt text.
kc-add-on,1,0,kc-04-01:c2,concept-support,P3,VALIDATE,Verify 390/768/1440 light/dark; preserve labels and relationships; prefer SVG/vector source and meaningful alt text.
kc-break-apart,1,0,kc-04-03:c2,concept-support,P3,VALIDATE,Verify 390/768/1440 light/dark; preserve labels and relationships; prefer SVG/vector source and meaningful alt text.
kc-by-tens,1,0,kc-03-03:c2,concept-support,P3,VALIDATE,Verify 390/768/1440 light/dark; preserve labels and relationships; prefer SVG/vector source and meaningful alt text.
kc-count-on,1,0,kc-01-03:c2,concept-support,P3,VALIDATE,Verify 390/768/1440 light/dark; preserve labels and relationships; prefer SVG/vector source and meaningful alt text.
kc-dots-last,1,0,kc-01-01:c1,concept-support,P3,VALIDATE,Verify 390/768/1440 light/dark; preserve labels and relationships; prefer SVG/vector source and meaningful alt text.
kc-fewer,1,0,kc-02-01:c2,concept-support,P3,VALIDATE,Verify 390/768/1440 light/dark; preserve labels and relationships; prefer SVG/vector source and meaningful alt text.
kc-greater,1,0,kc-02-02:c2,concept-support,P3,VALIDATE,Verify 390/768/1440 light/dark; preserve labels and relationships; prefer SVG/vector source and meaningful alt text.
kc-one-per-dot,1,0,kc-01-01:c2,concept-support,P3,VALIDATE,Verify 390/768/1440 light/dark; preserve labels and relationships; prefer SVG/vector source and meaningful alt text.
kc-order,1,0,kc-02-03:c2,concept-support,P3,VALIDATE,Verify 390/768/1440 light/dark; preserve labels and relationships; prefer SVG/vector source and meaningful alt text.
kc-symbol-3,1,0,kc-01-02:c1,concept-support,P3,VALIDATE,Verify 390/768/1440 light/dark; preserve labels and relationships; prefer SVG/vector source and meaningful alt text.
kc-take-away,1,0,kc-04-02:c2,concept-support,P3,VALIDATE,Verify 390/768/1440 light/dark; preserve labels and relationships; prefer SVG/vector source and meaningful alt text.
kc-teen-14,1,0,kc-03-01:c2,concept-support,P3,VALIDATE,Verify 390/768/1440 light/dark; preserve labels and relationships; prefer SVG/vector source and meaningful alt text.
kc-to-20,1,0,kc-03-02:c2,concept-support,P3,VALIDATE,Verify 390/768/1440 light/dark; preserve labels and relationships; prefer SVG/vector source and meaningful alt text.
kc-zero,1,0,kc-01-02:c2,concept-support,P3,VALIDATE,Verify 390/768/1440 light/dark; preserve labels and relationships; prefer SVG/vector source and meaningful alt text.
kite-diagonals,1,10,pq-04-03:c1,concept-support,P3,VALIDATE,Verify 390/768/1440 light/dark; preserve labels and relationships; prefer SVG/vector source and meaningful alt text.
ks-any-way-up,1,0,ks-01-02:c1,concept-support,P3,VALIDATE,Verify 390/768/1440 light/dark; preserve labels and relationships; prefer SVG/vector source and meaningful alt text.
ks-build-shapes,1,0,ks-02-03:c1,concept-support,P3,VALIDATE,Verify 390/768/1440 light/dark; preserve labels and relationships; prefer SVG/vector source and meaningful alt text.
ks-compare-length,1,0,ks-03-01:c1,concept-support,P3,VALIDATE,Verify 390/768/1440 light/dark; preserve labels and relationships; prefer SVG/vector source and meaningful alt text.
ks-count-groups,1,0,ks-03-03:c2,concept-support,P3,VALIDATE,Verify 390/768/1440 light/dark; preserve labels and relationships; prefer SVG/vector source and meaningful alt text.
ks-cylinder-both,1,0,ks-02-02:c2,concept-support,P3,VALIDATE,Verify 390/768/1440 light/dark; preserve labels and relationships; prefer SVG/vector source and meaningful alt text.
ks-front-behind,1,0,ks-01-03:c2,concept-support,P3,VALIDATE,Verify 390/768/1440 light/dark; preserve labels and relationships; prefer SVG/vector source and meaningful alt text.
ks-inside-shapes,1,0,ks-02-03:c2,concept-support,P3,VALIDATE,Verify 390/768/1440 light/dark; preserve labels and relationships; prefer SVG/vector source and meaningful alt text.
ks-position,1,0,ks-01-03:c1,concept-support,P3,VALIDATE,Verify 390/768/1440 light/dark; preserve labels and relationships; prefer SVG/vector source and meaningful alt text.
ks-rectangle,1,0,ks-01-01:c2,concept-support,P3,VALIDATE,Verify 390/768/1440 light/dark; preserve labels and relationships; prefer SVG/vector source and meaningful alt text.
ks-roll-stack,1,0,ks-02-02:c1,concept-support,P3,VALIDATE,Verify 390/768/1440 light/dark; preserve labels and relationships; prefer SVG/vector source and meaningful alt text.
ks-same-end-fair,1,0,ks-03-01:c2,concept-support,P3,VALIDATE,Verify 390/768/1440 light/dark; preserve labels and relationships; prefer SVG/vector source and meaningful alt text.
ks-seesaw,1,0,ks-03-02:c1,concept-support,P3,VALIDATE,Verify 390/768/1440 light/dark; preserve labels and relationships; prefer SVG/vector source and meaningful alt text.
ks-size-same,1,0,ks-01-02:c2,concept-support,P3,VALIDATE,Verify 390/768/1440 light/dark; preserve labels and relationships; prefer SVG/vector source and meaningful alt text.
ks-size-trick,1,0,ks-03-02:c2,concept-support,P3,VALIDATE,Verify 390/768/1440 light/dark; preserve labels and relationships; prefer SVG/vector source and meaningful alt text.
ks-solids-home,1,0,ks-02-01:c2,concept-support,P3,VALIDATE,Verify 390/768/1440 light/dark; preserve labels and relationships; prefer SVG/vector source and meaningful alt text.
ks-sort-count,1,0,ks-03-03:c1,concept-support,P3,VALIDATE,Verify 390/768/1440 light/dark; preserve labels and relationships; prefer SVG/vector source and meaningful alt text.
l-solid-cuts,1,5,vm-05-02:c2,concept-support,P3,VALIDATE,Verify 390/768/1440 light/dark; preserve labels and relationships; prefer SVG/vector source and meaningful alt text.
la-triangle-angles,1,4,la-03-01:c2,concept-support,P3,VALIDATE,Verify 390/768/1440 light/dark; preserve labels and relationships; prefer SVG/vector source and meaningful alt text.
lc-average-interval,1,12,lc-05-01:c2,concept-support,P3,VALIDATE,Verify 390/768/1440 light/dark; preserve labels and relationships; prefer SVG/vector source and meaningful alt text.
lc-cancel-legal,1,12,lc-02-02:c2,concept-support,P3,VALIDATE,Verify 390/768/1440 light/dark; preserve labels and relationships; prefer SVG/vector source and meaningful alt text.
lc-conjugate-trick,1,12,lc-02-03:c2,concept-support,P3,VALIDATE,Verify 390/768/1440 light/dark; preserve labels and relationships; prefer SVG/vector source and meaningful alt text.
lc-continuity-conditions,1,12,lc-04-01:c1,concept-support,P3,VALIDATE,Verify 390/768/1440 light/dark; preserve labels and relationships; prefer SVG/vector source and meaningful alt text.
lc-continuous-limit,1,12,lc-02-01:c1,concept-support,P3,VALIDATE,Verify 390/768/1440 light/dark; preserve labels and relationships; prefer SVG/vector source and meaningful alt text.
lc-degree-cases,1,12,lc-03-02:c2,concept-support,P3,VALIDATE,Verify 390/768/1440 light/dark; preserve labels and relationships; prefer SVG/vector source and meaningful alt text.
lc-derivative-instant,1,12,lc-05-02:c2,concept-support,P3,VALIDATE,Verify 390/768/1440 light/dark; preserve labels and relationships; prefer SVG/vector source and meaningful alt text.
lc-discontinuity-types,1,12,lc-04-02:c1,concept-support,P3,VALIDATE,Verify 390/768/1440 light/dark; preserve labels and relationships; prefer SVG/vector source and meaningful alt text.
lc-full-menu,1,12,lc-03-03:c2,concept-support,P3,VALIDATE,Verify 390/768/1440 light/dark; preserve labels and relationships; prefer SVG/vector source and meaningful alt text.
lc-infinite-geometric,1,12,lc-05-03:c2,concept-support,P3,VALIDATE,Verify 390/768/1440 light/dark; preserve labels and relationships; prefer SVG/vector source and meaningful alt text.
lc-ivt,1,12,lc-04-03:c1,concept-support,P3,VALIDATE,Verify 390/768/1440 light/dark; preserve labels and relationships; prefer SVG/vector source and meaningful alt text.
lc-ivt-root,1,12,lc-04-03:c2,concept-support,P3,VALIDATE,Verify 390/768/1440 light/dark; preserve labels and relationships; prefer SVG/vector source and meaningful alt text.
lc-jump-onesided,1,12,lc-04-02:c2,concept-support,P3,VALIDATE,Verify 390/768/1440 light/dark; preserve labels and relationships; prefer SVG/vector source and meaningful alt text.
lc-limit-laws,1,12,lc-02-01:c2,concept-support,P3,VALIDATE,Verify 390/768/1440 light/dark; preserve labels and relationships; prefer SVG/vector source and meaningful alt text.
lc-nice-continuous,1,12,lc-04-01:c2,concept-support,P3,VALIDATE,Verify 390/768/1440 light/dark; preserve labels and relationships; prefer SVG/vector source and meaningful alt text.
lc-onesided-agree,1,12,lc-03-01:c2,concept-support,P3,VALIDATE,Verify 390/768/1440 light/dark; preserve labels and relationships; prefer SVG/vector source and meaningful alt text.
lc-partial-sums,1,12,lc-05-03:c1,concept-support,P3,VALIDATE,Verify 390/768/1440 light/dark; preserve labels and relationships; prefer SVG/vector source and meaningful alt text.
lc-unbounded-fail,1,12,lc-01-03:c2,concept-support,P3,VALIDATE,Verify 390/768/1440 light/dark; preserve labels and relationships; prefer SVG/vector source and meaningful alt text.
lcd-clear,1,9,alg1-02-02:c1,concept-support,P3,VALIDATE,Verify 390/768/1440 light/dark; preserve labels and relationships; prefer SVG/vector source and meaningful alt text.
les-both-sides-step,1,8,les-01-02:c2,concept-support,P3,VALIDATE,Verify 390/768/1440 light/dark; preserve labels and relationships; prefer SVG/vector source and meaningful alt text.
les-graph-solution,1,8,les-03-02:c2,concept-support,P3,VALIDATE,Verify 390/768/1440 light/dark; preserve labels and relationships; prefer SVG/vector source and meaningful alt text.
les-reverse-order,1,8,les-01-01:c2,concept-support,P3,VALIDATE,Verify 390/768/1440 light/dark; preserve labels and relationships; prefer SVG/vector source and meaningful alt text.
lf-b-from-point,1,9,lf-04-01:c2,concept-support,P3,VALIDATE,Verify 390/768/1440 light/dark; preserve labels and relationships; prefer SVG/vector source and meaningful alt text.
lf-b-intercept,1,9,lf-02-01:c2,concept-support,P3,VALIDATE,Verify 390/768/1440 light/dark; preserve labels and relationships; prefer SVG/vector source and meaningful alt text.
lf-backward,1,9,lf-03-02:c3,concept-support,P3,VALIDATE,Verify 390/768/1440 light/dark; preserve labels and relationships; prefer SVG/vector source and meaningful alt text.
lf-build-equation,1,9,lf-02-03:c3,concept-support,P3,VALIDATE,Verify 390/768/1440 light/dark; preserve labels and relationships; prefer SVG/vector source and meaningful alt text.
lf-horizontal,1,9,lf-01-03:c2,concept-support,P3,VALIDATE,Verify 390/768/1440 light/dark; preserve labels and relationships; prefer SVG/vector source and meaningful alt text.
lf-inside-signs,1,9,lf-03-01:c3,concept-support,P3,VALIDATE,Verify 390/768/1440 light/dark; preserve labels and relationships; prefer SVG/vector source and meaningful alt text.
lf-neg-fractional,1,9,lf-02-01:c3,concept-support,P3,VALIDATE,Verify 390/768/1440 light/dark; preserve labels and relationships; prefer SVG/vector source and meaningful alt text.
lf-neg-reciprocal,1,9,lf-04-03:c2,concept-support,P3,VALIDATE,Verify 390/768/1440 light/dark; preserve labels and relationships; prefer SVG/vector source and meaningful alt text.
lf-neg-slope-down,1,9,lf-02-02:c3,concept-support,P3,VALIDATE,Verify 390/768/1440 light/dark; preserve labels and relationships; prefer SVG/vector source and meaningful alt text.
lf-order-matched,1,9,lf-01-02:c2,concept-support,P3,VALIDATE,Verify 390/768/1440 light/dark; preserve labels and relationships; prefer SVG/vector source and meaningful alt text.
lf-point-slope-build,1,9,lf-03-01:c2,concept-support,P3,VALIDATE,Verify 390/768/1440 light/dark; preserve labels and relationships; prefer SVG/vector source and meaningful alt text.
lf-same-line,1,9,lf-03-02:c1,concept-support,P3,VALIDATE,Verify 390/768/1440 light/dark; preserve labels and relationships; prefer SVG/vector source and meaningful alt text.
lf-shortcut-b,1,9,lf-03-02:c2,concept-support,P3,VALIDATE,Verify 390/768/1440 light/dark; preserve labels and relationships; prefer SVG/vector source and meaningful alt text.
lf-slope-fraction,1,9,lf-01-02:c3,concept-support,P3,VALIDATE,Verify 390/768/1440 light/dark; preserve labels and relationships; prefer SVG/vector source and meaningful alt text.
lf-slope-rate,1,9,lf-01-01:c2,concept-support,P3,VALIDATE,Verify 390/768/1440 light/dark; preserve labels and relationships; prefer SVG/vector source and meaningful alt text.
lf-slope-zero-horiz,1,9,lf-04-01:c3,concept-support,P3,VALIDATE,Verify 390/768/1440 light/dark; preserve labels and relationships; prefer SVG/vector source and meaningful alt text.
lf-standard-intercept,1,9,lf-03-03:c2,concept-support,P3,VALIDATE,Verify 390/768/1440 light/dark; preserve labels and relationships; prefer SVG/vector source and meaningful alt text.
lf-steeper,1,9,lf-01-01:c3,concept-support,P3,VALIDATE,Verify 390/768/1440 light/dark; preserve labels and relationships; prefer SVG/vector source and meaningful alt text.
lf-to-standard,1,9,lf-03-03:c3,concept-support,P3,VALIDATE,Verify 390/768/1440 light/dark; preserve labels and relationships; prefer SVG/vector source and meaningful alt text.
lf-two-point-slope,1,9,lf-04-02:c2,concept-support,P3,VALIDATE,Verify 390/768/1440 light/dark; preserve labels and relationships; prefer SVG/vector source and meaningful alt text.
lf-vertical,1,9,lf-01-03:c3,concept-support,P3,VALIDATE,Verify 390/768/1440 light/dark; preserve labels and relationships; prefer SVG/vector source and meaningful alt text.
lf-vertical-two-point,1,9,lf-04-02:c3,concept-support,P3,VALIDATE,Verify 390/768/1440 light/dark; preserve labels and relationships; prefer SVG/vector source and meaningful alt text.
lf-write-parallel,1,9,lf-04-03:c3,concept-support,P3,VALIDATE,Verify 390/768/1440 light/dark; preserve labels and relationships; prefer SVG/vector source and meaningful alt text.
lf-x-intercept,1,9,lf-02-03:c2,concept-support,P3,VALIDATE,Verify 390/768/1440 light/dark; preserve labels and relationships; prefer SVG/vector source and meaningful alt text.
lg-anatomy,1,11,lg-05-01:c2,concept-support,P3,VALIDATE,Verify 390/768/1440 light/dark; preserve labels and relationships; prefer SVG/vector source and meaningful alt text.
lg-both-sides,1,11,lg-03-03:c2,concept-support,P3,VALIDATE,Verify 390/768/1440 light/dark; preserve labels and relationships; prefer SVG/vector source and meaningful alt text.
lg-change-base,1,11,lg-03-01:c1,concept-support,P3,VALIDATE,Verify 390/768/1440 light/dark; preserve labels and relationships; prefer SVG/vector source and meaningful alt text.
lg-change-base-why,1,11,lg-03-01:c2,concept-support,P3,VALIDATE,Verify 390/768/1440 light/dark; preserve labels and relationships; prefer SVG/vector source and meaningful alt text.
lg-common-natural,1,11,lg-01-02:c2,concept-support,P3,VALIDATE,Verify 390/768/1440 light/dark; preserve labels and relationships; prefer SVG/vector source and meaningful alt text.
lg-condense,1,11,lg-02-03:c2,concept-support,P3,VALIDATE,Verify 390/768/1440 light/dark; preserve labels and relationships; prefer SVG/vector source and meaningful alt text.
lg-continuous-model,1,11,lg-05-01:c1,concept-support,P3,VALIDATE,Verify 390/768/1440 light/dark; preserve labels and relationships; prefer SVG/vector source and meaningful alt text.
lg-convert-exponential,1,11,lg-03-03:c1,concept-support,P3,VALIDATE,Verify 390/768/1440 light/dark; preserve labels and relationships; prefer SVG/vector source and meaningful alt text.
lg-e-constant,1,11,lg-04-01:c2,concept-support,P3,VALIDATE,Verify 390/768/1440 light/dark; preserve labels and relationships; prefer SVG/vector source and meaningful alt text.
lg-expand,1,11,lg-02-03:c1,concept-support,P3,VALIDATE,Verify 390/768/1440 light/dark; preserve labels and relationships; prefer SVG/vector source and meaningful alt text.
lg-fractional-half-life,1,11,lg-05-02:c2,concept-support,P3,VALIDATE,Verify 390/768/1440 light/dark; preserve labels and relationships; prefer SVG/vector source and meaningful alt text.
lg-half-life,1,11,lg-05-02:c1,concept-support,P3,VALIDATE,Verify 390/768/1440 light/dark; preserve labels and relationships; prefer SVG/vector source and meaningful alt text.
lg-instant-values,1,11,lg-01-02:c1,concept-support,P3,VALIDATE,Verify 390/768/1440 light/dark; preserve labels and relationships; prefer SVG/vector source and meaningful alt text.
lg-isolate-coefficient,1,11,lg-03-02:c2,concept-support,P3,VALIDATE,Verify 390/768/1440 light/dark; preserve labels and relationships; prefer SVG/vector source and meaningful alt text.
lg-isolate-natural,1,11,lg-04-03:c2,concept-support,P3,VALIDATE,Verify 390/768/1440 light/dark; preserve labels and relationships; prefer SVG/vector source and meaningful alt text.
lg-ln,1,11,lg-04-02:c1,concept-support,P3,VALIDATE,Verify 390/768/1440 light/dark; preserve labels and relationships; prefer SVG/vector source and meaningful alt text.
lg-ln-undo,1,11,lg-04-02:c2,concept-support,P3,VALIDATE,Verify 390/768/1440 light/dark; preserve labels and relationships; prefer SVG/vector source and meaningful alt text.
lg-natural-exponent,1,11,lg-04-03:c1,concept-support,P3,VALIDATE,Verify 390/768/1440 light/dark; preserve labels and relationships; prefer SVG/vector source and meaningful alt text.
lg-need-log,1,11,lg-01-01:c1,concept-support,P3,VALIDATE,Verify 390/768/1440 light/dark; preserve labels and relationships; prefer SVG/vector source and meaningful alt text.
lg-ph-scale,1,11,lg-05-03:c2,concept-support,P3,VALIDATE,Verify 390/768/1440 light/dark; preserve labels and relationships; prefer SVG/vector source and meaningful alt text.
lg-power,1,11,lg-02-02:c2,concept-support,P3,VALIDATE,Verify 390/768/1440 light/dark; preserve labels and relationships; prefer SVG/vector source and meaningful alt text.
lg-product,1,11,lg-02-01:c2,concept-support,P3,VALIDATE,Verify 390/768/1440 light/dark; preserve labels and relationships; prefer SVG/vector source and meaningful alt text.
lg-quotient,1,11,lg-02-02:c1,concept-support,P3,VALIDATE,Verify 390/768/1440 light/dark; preserve labels and relationships; prefer SVG/vector source and meaningful alt text.
lg-rules-are-exponents,1,11,lg-02-01:c1,concept-support,P3,VALIDATE,Verify 390/768/1440 light/dark; preserve labels and relationships; prefer SVG/vector source and meaningful alt text.
lg-swap-domain,1,11,lg-01-03:c2,concept-support,P3,VALIDATE,Verify 390/768/1440 light/dark; preserve labels and relationships; prefer SVG/vector source and meaningful alt text.
lg-take-log,1,11,lg-03-02:c1,concept-support,P3,VALIDATE,Verify 390/768/1440 light/dark; preserve labels and relationships; prefer SVG/vector source and meaningful alt text.
lg-twin,1,11,lg-01-01:c2,concept-support,P3,VALIDATE,Verify 390/768/1440 light/dark; preserve labels and relationships; prefer SVG/vector source and meaningful alt text.
log-as-inverse,1,11,lg-01-03:c1,concept-support,P3,VALIDATE,Verify 390/768/1440 light/dark; preserve labels and relationships; prefer SVG/vector source and meaningful alt text.
log-scale-ladder,1,11,lg-05-03:c1,concept-support,P3,VALIDATE,Verify 390/768/1440 light/dark; preserve labels and relationships; prefer SVG/vector source and meaningful alt text.
mapping-notation-anatomy,1,10,gf-03-01:c1,concept-support,P3,VALIDATE,Verify 390/768/1440 light/dark; preserve labels and relationships; prefer SVG/vector source and meaningful alt text.
md3-clock-hands,1,3,md-01-01:c1,concept-support,P3,VALIDATE,Verify 390/768/1440 light/dark; preserve labels and relationships; prefer SVG/vector source and meaningful alt text.
md3-kilo,1,3,md-02-01:c2,concept-support,P3,VALIDATE,Verify 390/768/1440 light/dark; preserve labels and relationships; prefer SVG/vector source and meaningful alt text.
md3-minute-code,1,3,md-01-01:c2,concept-support,P3,VALIDATE,Verify 390/768/1440 light/dark; preserve labels and relationships; prefer SVG/vector source and meaningful alt text.
median-sort,1,6,dd-03-02:c1,concept-support,P3,VALIDATE,Verify 390/768/1440 light/dark; preserve labels and relationships; prefer SVG/vector source and meaningful alt text.
midpoint-average,1,10,cx-01-02:c1,concept-support,P3,VALIDATE,Verify 390/768/1440 light/dark; preserve labels and relationships; prefer SVG/vector source and meaningful alt text.
mmt-any-start,1,2,mmt-01-01:c3,concept-support,P3,VALIDATE,Verify 390/768/1440 light/dark; preserve labels and relationships; prefer SVG/vector source and meaningful alt text.
mmt-bar-graph,1,2,mmt-05-02:c2,concept-support,P3,VALIDATE,Verify 390/768/1440 light/dark; preserve labels and relationships; prefer SVG/vector source and meaningful alt text.
mmt-biggest-first,1,2,mmt-03-02:c2,concept-support,P3,VALIDATE,Verify 390/768/1440 light/dark; preserve labels and relationships; prefer SVG/vector source and meaningful alt text.
mmt-check-start,1,2,mmt-01-02:c2,concept-support,P3,VALIDATE,Verify 390/768/1440 light/dark; preserve labels and relationships; prefer SVG/vector source and meaningful alt text.
mmt-check-twelve,1,2,mmt-04-02:c2,concept-support,P3,VALIDATE,Verify 390/768/1440 light/dark; preserve labels and relationships; prefer SVG/vector source and meaningful alt text.
mmt-coin-total,1,2,mmt-03-01:c3,concept-support,P3,VALIDATE,Verify 390/768/1440 light/dark; preserve labels and relationships; prefer SVG/vector source and meaningful alt text.
mmt-coin-value,1,2,mmt-03-01:c2,concept-support,P3,VALIDATE,Verify 390/768/1440 light/dark; preserve labels and relationships; prefer SVG/vector source and meaningful alt text.
mmt-compare-graphs,1,2,mmt-05-03:c2,concept-support,P3,VALIDATE,Verify 390/768/1440 light/dark; preserve labels and relationships; prefer SVG/vector source and meaningful alt text.
mmt-divide-coins,1,2,mmt-03-03:c2,concept-support,P3,VALIDATE,Verify 390/768/1440 light/dark; preserve labels and relationships; prefer SVG/vector source and meaningful alt text.
mmt-dollar-ways,1,2,mmt-03-02:c3,concept-support,P3,VALIDATE,Verify 390/768/1440 light/dark; preserve labels and relationships; prefer SVG/vector source and meaningful alt text.
mmt-estimate,1,2,mmt-02-01:c2,concept-support,P3,VALIDATE,Verify 390/768/1440 light/dark; preserve labels and relationships; prefer SVG/vector source and meaningful alt text.
mmt-estimate-catch,1,2,mmt-02-01:c3,concept-support,P3,VALIDATE,Verify 390/768/1440 light/dark; preserve labels and relationships; prefer SVG/vector source and meaningful alt text.
mmt-every-mark,1,2,mmt-04-03:c3,concept-support,P3,VALIDATE,Verify 390/768/1440 light/dark; preserve labels and relationships; prefer SVG/vector source and meaningful alt text.
mmt-gap-is-length,1,2,mmt-01-02:c3,concept-support,P3,VALIDATE,Verify 390/768/1440 light/dark; preserve labels and relationships; prefer SVG/vector source and meaningful alt text.
mmt-graph-subtraction,1,2,mmt-05-03:c3,concept-support,P3,VALIDATE,Verify 390/768/1440 light/dark; preserve labels and relationships; prefer SVG/vector source and meaningful alt text.
mmt-half-past-five,1,2,mmt-04-03:c2,concept-support,P3,VALIDATE,Verify 390/768/1440 light/dark; preserve labels and relationships; prefer SVG/vector source and meaningful alt text.
mmt-how-much-longer,1,2,mmt-02-02:c2,concept-support,P3,VALIDATE,Verify 390/768/1440 light/dark; preserve labels and relationships; prefer SVG/vector source and meaningful alt text.
mmt-hundred-quarters,1,2,mmt-03-03:c3,concept-support,P3,VALIDATE,Verify 390/768/1440 light/dark; preserve labels and relationships; prefer SVG/vector source and meaningful alt text.
mmt-middle-length,1,2,mmt-02-03:c3,concept-support,P3,VALIDATE,Verify 390/768/1440 light/dark; preserve labels and relationships; prefer SVG/vector source and meaningful alt text.
mmt-minute-zero,1,2,mmt-04-01:c2,concept-support,P3,VALIDATE,Verify 390/768/1440 light/dark; preserve labels and relationships; prefer SVG/vector source and meaningful alt text.
mmt-more-pictures,1,2,mmt-05-01:c3,concept-support,P3,VALIDATE,Verify 390/768/1440 light/dark; preserve labels and relationships; prefer SVG/vector source and meaningful alt text.
mmt-order-three,1,2,mmt-02-03:c2,concept-support,P3,VALIDATE,Verify 390/768/1440 light/dark; preserve labels and relationships; prefer SVG/vector source and meaningful alt text.
mmt-picture-graph,1,2,mmt-05-01:c2,concept-support,P3,VALIDATE,Verify 390/768/1440 light/dark; preserve labels and relationships; prefer SVG/vector source and meaningful alt text.
mmt-ruler-subtract,1,2,mmt-01-01:c2,concept-support,P3,VALIDATE,Verify 390/768/1440 light/dark; preserve labels and relationships; prefer SVG/vector source and meaningful alt text.
mmt-same-reading,1,2,mmt-01-03:c2,concept-support,P3,VALIDATE,Verify 390/768/1440 light/dark; preserve labels and relationships; prefer SVG/vector source and meaningful alt text.
mmt-same-subtraction,1,2,mmt-02-02:c3,concept-support,P3,VALIDATE,Verify 390/768/1440 light/dark; preserve labels and relationships; prefer SVG/vector source and meaningful alt text.
mmt-scale,1,2,mmt-01-03:c3,concept-support,P3,VALIDATE,Verify 390/768/1440 light/dark; preserve labels and relationships; prefer SVG/vector source and meaningful alt text.
mmt-skip-combine,1,2,mmt-04-02:c3,concept-support,P3,VALIDATE,Verify 390/768/1440 light/dark; preserve labels and relationships; prefer SVG/vector source and meaningful alt text.
mmt-taller-bar,1,2,mmt-05-02:c3,concept-support,P3,VALIDATE,Verify 390/768/1440 light/dark; preserve labels and relationships; prefer SVG/vector source and meaningful alt text.
mmt-times-five,1,2,mmt-04-01:c3,concept-support,P3,VALIDATE,Verify 390/768/1440 light/dark; preserve labels and relationships; prefer SVG/vector source and meaningful alt text.
near-double,1,2,as100-01-02:c1,concept-support,P3,VALIDATE,Verify 390/768/1440 light/dark; preserve labels and relationships; prefer SVG/vector source and meaningful alt text.
nls-back-sub-into-line,1,9,nls-02-02:c2,concept-support,P3,VALIDATE,Verify 390/768/1440 light/dark; preserve labels and relationships; prefer SVG/vector source and meaningful alt text.
nls-circle-is-distance,1,9,nls-02-01:c1,concept-support,P3,VALIDATE,Verify 390/768/1440 light/dark; preserve labels and relationships; prefer SVG/vector source and meaningful alt text.
nls-discriminant-oracle,1,9,nls-01-03:c2,concept-support,P3,VALIDATE,Verify 390/768/1440 light/dark; preserve labels and relationships; prefer SVG/vector source and meaningful alt text.
nls-height-rule,1,9,nls-02-03:c2,concept-support,P3,VALIDATE,Verify 390/768/1440 light/dark; preserve labels and relationships; prefer SVG/vector source and meaningful alt text.
nls-horizontal-cases,1,9,nls-02-03:c1,concept-support,P3,VALIDATE,Verify 390/768/1440 light/dark; preserve labels and relationships; prefer SVG/vector source and meaningful alt text.
nls-line-meets-circle,1,9,nls-02-02:c1,concept-support,P3,VALIDATE,Verify 390/768/1440 light/dark; preserve labels and relationships; prefer SVG/vector source and meaningful alt text.
nls-line-meets-parabola,1,9,nls-01-01:c1,concept-support,P3,VALIDATE,Verify 390/768/1440 light/dark; preserve labels and relationships; prefer SVG/vector source and meaningful alt text.
nls-no-phantom-here,1,9,nls-01-02:c2,concept-support,P3,VALIDATE,Verify 390/768/1440 light/dark; preserve labels and relationships; prefer SVG/vector source and meaningful alt text.
nls-plane-sorted-by-circle,1,9,nls-02-01:c2,concept-support,P3,VALIDATE,Verify 390/768/1440 light/dark; preserve labels and relationships; prefer SVG/vector source and meaningful alt text.
nls-set-them-equal,1,9,nls-01-01:c2,concept-support,P3,VALIDATE,Verify 390/768/1440 light/dark; preserve labels and relationships; prefer SVG/vector source and meaningful alt text.
nls-substitute-recipe,1,9,nls-01-02:c1,concept-support,P3,VALIDATE,Verify 390/768/1440 light/dark; preserve labels and relationships; prefer SVG/vector source and meaningful alt text.
nls-tangent-graze,1,9,nls-01-03:c1,concept-support,P3,VALIDATE,Verify 390/768/1440 light/dark; preserve labels and relationships; prefer SVG/vector source and meaningful alt text.
ns-gcf,1,6,ns-03-01:c2,concept-support,P3,VALIDATE,Verify 390/768/1440 light/dark; preserve labels and relationships; prefer SVG/vector source and meaningful alt text.
ns-opposites,1,6,ns-04-01:c2,concept-support,P3,VALIDATE,Verify 390/768/1440 light/dark; preserve labels and relationships; prefer SVG/vector source and meaningful alt text.
odometer-roll,1,1,c120-01-02:c1,concept-support,P3,VALIDATE,Verify 390/768/1440 light/dark; preserve labels and relationships; prefer SVG/vector source and meaningful alt text.
orthocenter,1,10,tc-04-02:c2,concept-support,P3,VALIDATE,Verify 390/768/1440 light/dark; preserve labels and relationships; prefer SVG/vector source and meaningful alt text.
parallel-through-point,1,10,cp-02-03:c1,concept-support,P3,VALIDATE,Verify 390/768/1440 light/dark; preserve labels and relationships; prefer SVG/vector source and meaningful alt text.
partition-ratio,1,10,cx-02-01:c1,concept-support,P3,VALIDATE,Verify 390/768/1440 light/dark; preserve labels and relationships; prefer SVG/vector source and meaningful alt text.
perp-at-point,1,10,cp-02-01:c1,concept-support,P3,VALIDATE,Verify 390/768/1440 light/dark; preserve labels and relationships; prefer SVG/vector source and meaningful alt text.
perp-bisector-stage1,1,10,cp-01-02:i1,concept-support,P3,VALIDATE,Verify 390/768/1440 light/dark; preserve labels and relationships; prefer SVG/vector source and meaningful alt text.
perp-bisector-stage3,1,10,cp-01-02:c1,concept-support,P3,VALIDATE,Verify 390/768/1440 light/dark; preserve labels and relationships; prefer SVG/vector source and meaningful alt text.
perp-bisector-why,1,10,cp-01-02:c2,concept-support,P3,VALIDATE,Verify 390/768/1440 light/dark; preserve labels and relationships; prefer SVG/vector source and meaningful alt text.
perp-from-point,1,10,cp-02-02:c1,concept-support,P3,VALIDATE,Verify 390/768/1440 light/dark; preserve labels and relationships; prefer SVG/vector source and meaningful alt text.
perpendicular-rotation,1,10,cx-02-03:c1,concept-support,P3,VALIDATE,Verify 390/768/1440 light/dark; preserve labels and relationships; prefer SVG/vector source and meaningful alt text.
pf-bounce,1,11,pf-02-02:c2,concept-support,P3,VALIDATE,Verify 390/768/1440 light/dark; preserve labels and relationships; prefer SVG/vector source and meaningful alt text.
pf-check-leftover,1,11,pf-04-02:c2,concept-support,P3,VALIDATE,Verify 390/768/1440 light/dark; preserve labels and relationships; prefer SVG/vector source and meaningful alt text.
pf-cubes,1,11,pf-04-03:c1,concept-support,P3,VALIDATE,Verify 390/768/1440 light/dark; preserve labels and relationships; prefer SVG/vector source and meaningful alt text.
pf-degree-blueprint,1,11,pf-05-03:c2,concept-support,P3,VALIDATE,Verify 390/768/1440 light/dark; preserve labels and relationships; prefer SVG/vector source and meaningful alt text.
pf-degree-zeros,1,11,pf-01-01:c2,concept-support,P3,VALIDATE,Verify 390/768/1440 light/dark; preserve labels and relationships; prefer SVG/vector source and meaningful alt text.
pf-diff-squares-twice,1,11,pf-04-01:c2,concept-support,P3,VALIDATE,Verify 390/768/1440 light/dark; preserve labels and relationships; prefer SVG/vector source and meaningful alt text.
pf-divide-zero,1,11,pf-03-03:c2,concept-support,P3,VALIDATE,Verify 390/768/1440 light/dark; preserve labels and relationships; prefer SVG/vector source and meaningful alt text.
pf-division-identity,1,11,pf-02-03:c2,concept-support,P3,VALIDATE,Verify 390/768/1440 light/dark; preserve labels and relationships; prefer SVG/vector source and meaningful alt text.
pf-dominant-term,1,11,pf-01-03:c2,concept-support,P3,VALIDATE,Verify 390/768/1440 light/dark; preserve labels and relationships; prefer SVG/vector source and meaningful alt text.
pf-factored-form,1,11,pf-05-03:c1,concept-support,P3,VALIDATE,Verify 390/768/1440 light/dark; preserve labels and relationships; prefer SVG/vector source and meaningful alt text.
pf-factoring-machine,1,11,pf-03-03:c1,concept-support,P3,VALIDATE,Verify 390/768/1440 light/dark; preserve labels and relationships; prefer SVG/vector source and meaningful alt text.
pf-grouping,1,11,pf-04-02:c1,concept-support,P3,VALIDATE,Verify 390/768/1440 light/dark; preserve labels and relationships; prefer SVG/vector source and meaningful alt text.
pf-higher-factoring,1,11,pf-04-01:c1,concept-support,P3,VALIDATE,Verify 390/768/1440 light/dark; preserve labels and relationships; prefer SVG/vector source and meaningful alt text.
pf-leading-ends,1,11,pf-01-03:c1,concept-support,P3,VALIDATE,Verify 390/768/1440 light/dark; preserve labels and relationships; prefer SVG/vector source and meaningful alt text.
pf-long-division,1,11,pf-03-01:c1,concept-support,P3,VALIDATE,Verify 390/768/1440 light/dark; preserve labels and relationships; prefer SVG/vector source and meaningful alt text.
pf-parity,1,11,pf-05-02:c2,concept-support,P3,VALIDATE,Verify 390/768/1440 light/dark; preserve labels and relationships; prefer SVG/vector source and meaningful alt text.
pf-remainder-theorem,1,11,pf-02-03:c1,concept-support,P3,VALIDATE,Verify 390/768/1440 light/dark; preserve labels and relationships; prefer SVG/vector source and meaningful alt text.
pf-synthetic,1,11,pf-03-02:c2,concept-support,P3,VALIDATE,Verify 390/768/1440 light/dark; preserve labels and relationships; prefer SVG/vector source and meaningful alt text.
pf-test-value,1,11,pf-01-02:c2,concept-support,P3,VALIDATE,Verify 390/768/1440 light/dark; preserve labels and relationships; prefer SVG/vector source and meaningful alt text.
pf-trade-term,1,11,pf-03-01:c2,concept-support,P3,VALIDATE,Verify 390/768/1440 light/dark; preserve labels and relationships; prefer SVG/vector source and meaningful alt text.
pf-trinomial-irreducible,1,11,pf-04-03:c2,concept-support,P3,VALIDATE,Verify 390/768/1440 light/dark; preserve labels and relationships; prefer SVG/vector source and meaningful alt text.
pf-turning-point,1,11,pf-05-02:c1,concept-support,P3,VALIDATE,Verify 390/768/1440 light/dark; preserve labels and relationships; prefer SVG/vector source and meaningful alt text.
pf-walk-crosses,1,11,pf-05-01:c2,concept-support,P3,VALIDATE,Verify 390/768/1440 light/dark; preserve labels and relationships; prefer SVG/vector source and meaningful alt text.
pf-zero-def,1,11,pf-02-01:c1,concept-support,P3,VALIDATE,Verify 390/768/1440 light/dark; preserve labels and relationships; prefer SVG/vector source and meaningful alt text.
pf-zeros-solutions,1,11,pf-02-01:c2,concept-support,P3,VALIDATE,Verify 390/768/1440 light/dark; preserve labels and relationships; prefer SVG/vector source and meaningful alt text.
place-value-ladder,1,4,pv2-01-01:c1,concept-support,P3,VALIDATE,Verify 390/768/1440 light/dark; preserve labels and relationships; prefer SVG/vector source and meaningful alt text.
polygon-triangulation,1,10,pq-01-01:c1,concept-support,P3,VALIDATE,Verify 390/768/1440 light/dark; preserve labels and relationships; prefer SVG/vector source and meaningful alt text.
power-of-ten-ladder,1,8,esn-01-03:c1,concept-support,P3,VALIDATE,Verify 390/768/1440 light/dark; preserve labels and relationships; prefer SVG/vector source and meaningful alt text.
powers-of-i-cycle,1,11,cn-02-02:c1,concept-support,P3,VALIDATE,Verify 390/768/1440 light/dark; preserve labels and relationships; prefer SVG/vector source and meaningful alt text.
pp-argand-polar,1,12,pp-03-01:c1,concept-support,P3,VALIDATE,Verify 390/768/1440 light/dark; preserve labels and relationships; prefer SVG/vector source and meaningful alt text.
pp-circle-cos,1,12,pp-02-01:c2,concept-support,P3,VALIDATE,Verify 390/768/1440 light/dark; preserve labels and relationships; prefer SVG/vector source and meaningful alt text.
pp-circle-param,1,12,pp-04-03:c2,concept-support,P3,VALIDATE,Verify 390/768/1440 light/dark; preserve labels and relationships; prefer SVG/vector source and meaningful alt text.
pp-circle-ra,1,12,pp-02-01:c1,concept-support,P3,VALIDATE,Verify 390/768/1440 light/dark; preserve labels and relationships; prefer SVG/vector source and meaningful alt text.
pp-convert-triangle,1,12,pp-01-02:c1,concept-support,P3,VALIDATE,Verify 390/768/1440 light/dark; preserve labels and relationships; prefer SVG/vector source and meaningful alt text.
pp-cusp-zero,1,12,pp-02-03:c2,concept-support,P3,VALIDATE,Verify 390/768/1440 light/dark; preserve labels and relationships; prefer SVG/vector source and meaningful alt text.
pp-demoivre-power,1,12,pp-03-02:c2,concept-support,P3,VALIDATE,Verify 390/768/1440 light/dark; preserve labels and relationships; prefer SVG/vector source and meaningful alt text.
pp-demoivre-rotate,1,12,pp-03-02:c1,concept-support,P3,VALIDATE,Verify 390/768/1440 light/dark; preserve labels and relationships; prefer SVG/vector source and meaningful alt text.
pp-different-speeds,1,12,pp-04-01:c2,concept-support,P3,VALIDATE,Verify 390/768/1440 light/dark; preserve labels and relationships; prefer SVG/vector source and meaningful alt text.
pp-formulas-every-case,1,12,pp-01-02:c2,concept-support,P3,VALIDATE,Verify 390/768/1440 light/dark; preserve labels and relationships; prefer SVG/vector source and meaningful alt text.
pp-limacon,1,12,pp-02-03:c1,concept-support,P3,VALIDATE,Verify 390/768/1440 light/dark; preserve labels and relationships; prefer SVG/vector source and meaningful alt text.
pp-not-unique,1,12,pp-01-01:c2,concept-support,P3,VALIDATE,Verify 390/768/1440 light/dark; preserve labels and relationships; prefer SVG/vector source and meaningful alt text.
pp-nth-roots,1,12,pp-03-03:c1,concept-support,P3,VALIDATE,Verify 390/768/1440 light/dark; preserve labels and relationships; prefer SVG/vector source and meaningful alt text.
pp-param-trace,1,12,pp-04-01:c1,concept-support,P3,VALIDATE,Verify 390/768/1440 light/dark; preserve labels and relationships; prefer SVG/vector source and meaningful alt text.
pp-path-parabola,1,12,pp-05-03:c2,concept-support,P3,VALIDATE,Verify 390/768/1440 light/dark; preserve labels and relationships; prefer SVG/vector source and meaningful alt text.
pp-petal-length,1,12,pp-02-02:c2,concept-support,P3,VALIDATE,Verify 390/768/1440 light/dark; preserve labels and relationships; prefer SVG/vector source and meaningful alt text.
pp-polar-plot,1,12,pp-01-01:c1,concept-support,P3,VALIDATE,Verify 390/768/1440 light/dark; preserve labels and relationships; prefer SVG/vector source and meaningful alt text.
pp-pythagorean-eliminate,1,12,pp-04-02:c2,concept-support,P3,VALIDATE,Verify 390/768/1440 light/dark; preserve labels and relationships; prefer SVG/vector source and meaningful alt text.
pp-quadrant-trap,1,12,pp-01-03:c2,concept-support,P3,VALIDATE,Verify 390/768/1440 light/dark; preserve labels and relationships; prefer SVG/vector source and meaningful alt text.
pp-rect-to-polar,1,12,pp-01-03:c1,concept-support,P3,VALIDATE,Verify 390/768/1440 light/dark; preserve labels and relationships; prefer SVG/vector source and meaningful alt text.
pp-rect-to-polar-r,1,12,pp-03-01:c2,concept-support,P3,VALIDATE,Verify 390/768/1440 light/dark; preserve labels and relationships; prefer SVG/vector source and meaningful alt text.
pp-remove-t-solve,1,12,pp-04-02:c1,concept-support,P3,VALIDATE,Verify 390/768/1440 light/dark; preserve labels and relationships; prefer SVG/vector source and meaningful alt text.
pp-roots-unity,1,12,pp-03-03:c2,concept-support,P3,VALIDATE,Verify 390/768/1440 light/dark; preserve labels and relationships; prefer SVG/vector source and meaningful alt text.
pp-rose,1,12,pp-02-02:c1,concept-support,P3,VALIDATE,Verify 390/768/1440 light/dark; preserve labels and relationships; prefer SVG/vector source and meaningful alt text.
pp-symmetric-path,1,12,pp-05-02:c2,concept-support,P3,VALIDATE,Verify 390/768/1440 light/dark; preserve labels and relationships; prefer SVG/vector source and meaningful alt text.
pp-time-to-peak,1,12,pp-05-02:c1,concept-support,P3,VALIDATE,Verify 390/768/1440 light/dark; preserve labels and relationships; prefer SVG/vector source and meaningful alt text.
pp-vertical-parabola,1,12,pp-05-01:c2,concept-support,P3,VALIDATE,Verify 390/768/1440 light/dark; preserve labels and relationships; prefer SVG/vector source and meaningful alt text.
pp-write-parametrization,1,12,pp-04-03:c1,concept-support,P3,VALIDATE,Verify 390/768/1440 light/dark; preserve labels and relationships; prefer SVG/vector source and meaningful alt text.
pq-backwards,1,10,pq-01-01:c3,concept-support,P3,VALIDATE,Verify 390/768/1440 light/dark; preserve labels and relationships; prefer SVG/vector source and meaningful alt text.
pq-consecutive,1,10,pq-02-02:c2,concept-support,P3,VALIDATE,Verify 390/768/1440 light/dark; preserve labels and relationships; prefer SVG/vector source and meaningful alt text.
pq-consecutive-supp,1,10,pq-02-02:c3,concept-support,P3,VALIDATE,Verify 390/768/1440 light/dark; preserve labels and relationships; prefer SVG/vector source and meaningful alt text.
pq-diagonals-bisect,1,10,pq-02-03:c1,concept-support,P3,VALIDATE,Verify 390/768/1440 light/dark; preserve labels and relationships; prefer SVG/vector source and meaningful alt text.
pq-equation-factory,1,10,pq-02-01:c3,concept-support,P3,VALIDATE,Verify 390/768/1440 light/dark; preserve labels and relationships; prefer SVG/vector source and meaningful alt text.
pq-exterior,1,10,pq-01-03:c2,concept-support,P3,VALIDATE,Verify 390/768/1440 light/dark; preserve labels and relationships; prefer SVG/vector source and meaningful alt text.
pq-failing-shortcut,1,10,pq-05-01:c3,concept-support,P3,VALIDATE,Verify 390/768/1440 light/dark; preserve labels and relationships; prefer SVG/vector source and meaningful alt text.
pq-hierarchy,1,10,pq-03-03:c3,concept-support,P3,VALIDATE,Verify 390/768/1440 light/dark; preserve labels and relationships; prefer SVG/vector source and meaningful alt text.
pq-interior-sum,1,10,pq-01-01:c2,concept-support,P3,VALIDATE,Verify 390/768/1440 light/dark; preserve labels and relationships; prefer SVG/vector source and meaningful alt text.
pq-isosceles-trap,1,10,pq-04-01:c2,concept-support,P3,VALIDATE,Verify 390/768/1440 light/dark; preserve labels and relationships; prefer SVG/vector source and meaningful alt text.
pq-keep-straight,1,10,pq-02-03:c2,concept-support,P3,VALIDATE,Verify 390/768/1440 light/dark; preserve labels and relationships; prefer SVG/vector source and meaningful alt text.
pq-kite-perp,1,10,pq-04-03:c3,concept-support,P3,VALIDATE,Verify 390/768/1440 light/dark; preserve labels and relationships; prefer SVG/vector source and meaningful alt text.
pq-kite-symmetry,1,10,pq-04-03:c2,concept-support,P3,VALIDATE,Verify 390/768/1440 light/dark; preserve labels and relationships; prefer SVG/vector source and meaningful alt text.
pq-linear-pair,1,10,pq-01-02:c2,concept-support,P3,VALIDATE,Verify 390/768/1440 light/dark; preserve labels and relationships; prefer SVG/vector source and meaningful alt text.
pq-midsegment,1,10,pq-04-02:c2,concept-support,P3,VALIDATE,Verify 390/768/1440 light/dark; preserve labels and relationships; prefer SVG/vector source and meaningful alt text.
pq-midsegment-beam,1,10,pq-04-02:c3,concept-support,P3,VALIDATE,Verify 390/768/1440 light/dark; preserve labels and relationships; prefer SVG/vector source and meaningful alt text.
pq-opposite-angles,1,10,pq-02-02:c1,concept-support,P3,VALIDATE,Verify 390/768/1440 light/dark; preserve labels and relationships; prefer SVG/vector source and meaningful alt text.
pq-opposite-sides,1,10,pq-02-01:c2,concept-support,P3,VALIDATE,Verify 390/768/1440 light/dark; preserve labels and relationships; prefer SVG/vector source and meaningful alt text.
pq-parallelogram-tests,1,10,pq-05-01:c2,concept-support,P3,VALIDATE,Verify 390/768/1440 light/dark; preserve labels and relationships; prefer SVG/vector source and meaningful alt text.
pq-rect-diagonals,1,10,pq-03-01:c2,concept-support,P3,VALIDATE,Verify 390/768/1440 light/dark; preserve labels and relationships; prefer SVG/vector source and meaningful alt text.
pq-rect-pythagoras,1,10,pq-03-01:c3,concept-support,P3,VALIDATE,Verify 390/768/1440 light/dark; preserve labels and relationships; prefer SVG/vector source and meaningful alt text.
pq-regular,1,10,pq-01-03:c1,concept-support,P3,VALIDATE,Verify 390/768/1440 light/dark; preserve labels and relationships; prefer SVG/vector source and meaningful alt text.
pq-rhombus-diagonals,1,10,pq-03-02:c2,concept-support,P3,VALIDATE,Verify 390/768/1440 light/dark; preserve labels and relationships; prefer SVG/vector source and meaningful alt text.
pq-rhombus-four,1,10,pq-03-02:c3,concept-support,P3,VALIDATE,Verify 390/768/1440 light/dark; preserve labels and relationships; prefer SVG/vector source and meaningful alt text.
pq-side-angle-marks,1,10,pq-05-03:c2,concept-support,P3,VALIDATE,Verify 390/768/1440 light/dark; preserve labels and relationships; prefer SVG/vector source and meaningful alt text.
pq-square-diagonals,1,10,pq-03-03:c2,concept-support,P3,VALIDATE,Verify 390/768/1440 light/dark; preserve labels and relationships; prefer SVG/vector source and meaningful alt text.
pq-square-placement,1,10,pq-05-02:c2,concept-support,P3,VALIDATE,Verify 390/768/1440 light/dark; preserve labels and relationships; prefer SVG/vector source and meaningful alt text.
pr-flat-start,1,7,pr-02-03:c2,concept-support,P3,VALIDATE,Verify 390/768/1440 light/dark; preserve labels and relationships; prefer SVG/vector source and meaningful alt text.
pr-through-origin,1,7,pr-03-01:c3,concept-support,P3,VALIDATE,Verify 390/768/1440 light/dark; preserve labels and relationships; prefer SVG/vector source and meaningful alt text.
pr-units-match,1,7,pr-01-02:c3,concept-support,P3,VALIDATE,Verify 390/768/1440 light/dark; preserve labels and relationships; prefer SVG/vector source and meaningful alt text.
pr-which-on-top,1,7,pr-01-03:c2,concept-support,P3,VALIDATE,Verify 390/768/1440 light/dark; preserve labels and relationships; prefer SVG/vector source and meaningful alt text.
pr7-commission-split,1,7,pr-04b-02:c1,concept-support,P3,VALIDATE,Verify 390/768/1440 light/dark; preserve labels and relationships; prefer SVG/vector source and meaningful alt text.
pr7-error-vs-size,1,7,pr-04b-03:c2,concept-support,P3,VALIDATE,Verify 390/768/1440 light/dark; preserve labels and relationships; prefer SVG/vector source and meaningful alt text.
pr7-flat-fee,1,7,pr-04b-02:c2,concept-support,P3,VALIDATE,Verify 390/768/1440 light/dark; preserve labels and relationships; prefer SVG/vector source and meaningful alt text.
pr7-interest-over-time,1,7,pr-04b-01:c2,concept-support,P3,VALIDATE,Verify 390/768/1440 light/dark; preserve labels and relationships; prefer SVG/vector source and meaningful alt text.
pr7-k-three-ways,1,7,pr-03b-01:c2,concept-support,P3,VALIDATE,Verify 390/768/1440 light/dark; preserve labels and relationships; prefer SVG/vector source and meaningful alt text.
pr7-percent-error,1,7,pr-04b-03:c1,concept-support,P3,VALIDATE,Verify 390/768/1440 light/dark; preserve labels and relationships; prefer SVG/vector source and meaningful alt text.
pr7-percent-multiplier,1,7,tse-01b-02:c2,concept-support,P3,VALIDATE,Verify 390/768/1440 light/dark; preserve labels and relationships; prefer SVG/vector source and meaningful alt text.
pr7-simple-interest,1,7,pr-04b-01:c1,concept-support,P3,VALIDATE,Verify 390/768/1440 light/dark; preserve labels and relationships; prefer SVG/vector source and meaningful alt text.
pra-bottom-zeros,1,12,pra-05-01:c2,concept-support,P3,VALIDATE,Verify 390/768/1440 light/dark; preserve labels and relationships; prefer SVG/vector source and meaningful alt text.
pra-boundary-kind,1,12,pra-05-02:c1,concept-support,P3,VALIDATE,Verify 390/768/1440 light/dark; preserve labels and relationships; prefer SVG/vector source and meaningful alt text.
pra-boundary-strict,1,12,pra-04-01:c2,concept-support,P3,VALIDATE,Verify 390/768/1440 light/dark; preserve labels and relationships; prefer SVG/vector source and meaningful alt text.
pra-combine-why,1,12,pra-05-03:c2,concept-support,P3,VALIDATE,Verify 390/768/1440 light/dark; preserve labels and relationships; prefer SVG/vector source and meaningful alt text.
pra-conjugate-mirror,1,12,pra-02-02:c1,concept-support,P3,VALIDATE,Verify 390/768/1440 light/dark; preserve labels and relationships; prefer SVG/vector source and meaningful alt text.
pra-conjugate-pairs,1,12,pra-02-02:c2,concept-support,P3,VALIDATE,Verify 390/768/1440 light/dark; preserve labels and relationships; prefer SVG/vector source and meaningful alt text.
pra-cross-asymptote,1,12,pra-03-03:c2,concept-support,P3,VALIDATE,Verify 390/768/1440 light/dark; preserve labels and relationships; prefer SVG/vector source and meaningful alt text.
pra-divide-factor,1,12,pra-01-02:c2,concept-support,P3,VALIDATE,Verify 390/768/1440 light/dark; preserve labels and relationships; prefer SVG/vector source and meaningful alt text.
pra-excluded-open,1,12,pra-05-01:c1,concept-support,P3,VALIDATE,Verify 390/768/1440 light/dark; preserve labels and relationships; prefer SVG/vector source and meaningful alt text.
pra-fewer-real,1,12,pra-02-01:c2,concept-support,P3,VALIDATE,Verify 390/768/1440 light/dark; preserve labels and relationships; prefer SVG/vector source and meaningful alt text.
pra-fta,1,12,pra-02-01:c1,concept-support,P3,VALIDATE,Verify 390/768/1440 light/dark; preserve labels and relationships; prefer SVG/vector source and meaningful alt text.
pra-ha-degree,1,12,pra-03-01:c1,concept-support,P3,VALIDATE,Verify 390/768/1440 light/dark; preserve labels and relationships; prefer SVG/vector source and meaningful alt text.
pra-harvest-intervals,1,12,pra-04-02:c2,concept-support,P3,VALIDATE,Verify 390/768/1440 light/dark; preserve labels and relationships; prefer SVG/vector source and meaningful alt text.
pra-leading-fractions,1,12,pra-01-01:c2,concept-support,P3,VALIDATE,Verify 390/768/1440 light/dark; preserve labels and relationships; prefer SVG/vector source and meaningful alt text.
pra-line-plus,1,12,pra-03-01:c2,concept-support,P3,VALIDATE,Verify 390/768/1440 light/dark; preserve labels and relationships; prefer SVG/vector source and meaningful alt text.
pra-minimal-degree,1,12,pra-02-03:c1,concept-support,P3,VALIDATE,Verify 390/768/1440 light/dark; preserve labels and relationships; prefer SVG/vector source and meaningful alt text.
pra-multiply-real,1,12,pra-02-03:c2,concept-support,P3,VALIDATE,Verify 390/768/1440 light/dark; preserve labels and relationships; prefer SVG/vector source and meaningful alt text.
pra-no-divide-variable,1,12,pra-04-03:c2,concept-support,P3,VALIDATE,Verify 390/768/1440 light/dark; preserve labels and relationships; prefer SVG/vector source and meaningful alt text.
pra-pipeline,1,12,pra-01-03:c1,concept-support,P3,VALIDATE,Verify 390/768/1440 light/dark; preserve labels and relationships; prefer SVG/vector source and meaningful alt text.
pra-rational-root,1,12,pra-01-01:c1,concept-support,P3,VALIDATE,Verify 390/768/1440 light/dark; preserve labels and relationships; prefer SVG/vector source and meaningful alt text.
pra-second-rule,1,12,pra-05-02:c2,concept-support,P3,VALIDATE,Verify 390/768/1440 light/dark; preserve labels and relationships; prefer SVG/vector source and meaningful alt text.
pra-signchart-intro,1,12,pra-04-01:c1,concept-support,P3,VALIDATE,Verify 390/768/1440 light/dark; preserve labels and relationships; prefer SVG/vector source and meaningful alt text.
pra-signchart-shortcut,1,12,pra-04-02:c1,concept-support,P3,VALIDATE,Verify 390/768/1440 light/dark; preserve labels and relationships; prefer SVG/vector source and meaningful alt text.
pra-slant-divide,1,12,pra-03-02:c1,concept-support,P3,VALIDATE,Verify 390/768/1440 light/dark; preserve labels and relationships; prefer SVG/vector source and meaningful alt text.
pra-slant-portrait,1,12,pra-03-03:c1,concept-support,P3,VALIDATE,Verify 390/768/1440 light/dark; preserve labels and relationships; prefer SVG/vector source and meaningful alt text.
pra-slant-verify,1,12,pra-03-02:c2,concept-support,P3,VALIDATE,Verify 390/768/1440 light/dark; preserve labels and relationships; prefer SVG/vector source and meaningful alt text.
pra-subtract-zero,1,12,pra-05-03:c1,concept-support,P3,VALIDATE,Verify 390/768/1440 light/dark; preserve labels and relationships; prefer SVG/vector source and meaningful alt text.
pra-unfactored,1,12,pra-04-03:c1,concept-support,P3,VALIDATE,Verify 390/768/1440 light/dark; preserve labels and relationships; prefer SVG/vector source and meaningful alt text.
pra-verify-multiply,1,12,pra-01-03:c2,concept-support,P3,VALIDATE,Verify 390/768/1440 light/dark; preserve labels and relationships; prefer SVG/vector source and meaningful alt text.
pra-zero-test,1,12,pra-01-02:c1,concept-support,P3,VALIDATE,Verify 390/768/1440 light/dark; preserve labels and relationships; prefer SVG/vector source and meaningful alt text.
pv1000-big-digit-loses,1,2,pv1000-03-02:c3,concept-support,P3,VALIDATE,Verify 390/768/1440 light/dark; preserve labels and relationships; prefer SVG/vector source and meaningful alt text.
pv1000-both-directions,1,2,pv1000-01-03:c3,concept-support,P3,VALIDATE,Verify 390/768/1440 light/dark; preserve labels and relationships; prefer SVG/vector source and meaningful alt text.
pv1000-build,1,2,pv1000-01-01:c3,concept-support,P3,VALIDATE,Verify 390/768/1440 light/dark; preserve labels and relationships; prefer SVG/vector source and meaningful alt text.
pv1000-cascade,1,2,pv1000-04-01:c3,concept-support,P3,VALIDATE,Verify 390/768/1440 light/dark; preserve labels and relationships; prefer SVG/vector source and meaningful alt text.
pv1000-cascade-down,1,2,pv1000-04-02:c3,concept-support,P3,VALIDATE,Verify 390/768/1440 light/dark; preserve labels and relationships; prefer SVG/vector source and meaningful alt text.
pv1000-compare-chain,1,2,pv1000-03-02:c2,concept-support,P3,VALIDATE,Verify 390/768/1440 light/dark; preserve labels and relationships; prefer SVG/vector source and meaningful alt text.
pv1000-count-by-fives,1,2,pv1000-02-03:c2,concept-support,P3,VALIDATE,Verify 390/768/1440 light/dark; preserve labels and relationships; prefer SVG/vector source and meaningful alt text.
pv1000-decompose,1,2,pv1000-04-03:c3,concept-support,P3,VALIDATE,Verify 390/768/1440 light/dark; preserve labels and relationships; prefer SVG/vector source and meaningful alt text.
pv1000-fives-end,1,2,pv1000-02-02:c2,concept-support,P3,VALIDATE,Verify 390/768/1440 light/dark; preserve labels and relationships; prefer SVG/vector source and meaningful alt text.
pv1000-order-list,1,2,pv1000-03-03:c2,concept-support,P3,VALIDATE,Verify 390/768/1440 light/dark; preserve labels and relationships; prefer SVG/vector source and meaningful alt text.
pv1000-placeholder-507,1,2,pv1000-01-01:c2,concept-support,P3,VALIDATE,Verify 390/768/1440 light/dark; preserve labels and relationships; prefer SVG/vector source and meaningful alt text.
pv1000-same-process,1,2,pv1000-02-02:c3,concept-support,P3,VALIDATE,Verify 390/768/1440 light/dark; preserve labels and relationships; prefer SVG/vector source and meaningful alt text.
pv1000-same-value,1,2,pv1000-01-02:c3,concept-support,P3,VALIDATE,Verify 390/768/1440 light/dark; preserve labels and relationships; prefer SVG/vector source and meaningful alt text.
pv1000-skip-anywhere,1,2,pv1000-02-01:c3,concept-support,P3,VALIDATE,Verify 390/768/1440 light/dark; preserve labels and relationships; prefer SVG/vector source and meaningful alt text.
pv1000-stadium,1,2,pv1000-04-03:c2,concept-support,P3,VALIDATE,Verify 390/768/1440 light/dark; preserve labels and relationships; prefer SVG/vector source and meaningful alt text.
pv1000-stretched,1,2,pv1000-02-03:c3,concept-support,P3,VALIDATE,Verify 390/768/1440 light/dark; preserve labels and relationships; prefer SVG/vector source and meaningful alt text.
pv1000-ten-hundreds,1,2,pv1000-01-02:c2,concept-support,P3,VALIDATE,Verify 390/768/1440 light/dark; preserve labels and relationships; prefer SVG/vector source and meaningful alt text.
pv1000-tens-rollover,1,2,pv1000-02-01:c2,concept-support,P3,VALIDATE,Verify 390/768/1440 light/dark; preserve labels and relationships; prefer SVG/vector source and meaningful alt text.
pv1000-trade-down,1,2,pv1000-04-02:c2,concept-support,P3,VALIDATE,Verify 390/768/1440 light/dark; preserve labels and relationships; prefer SVG/vector source and meaningful alt text.
pv1000-trade-ones,1,2,pv1000-04-01:c2,concept-support,P3,VALIDATE,Verify 390/768/1440 light/dark; preserve labels and relationships; prefer SVG/vector source and meaningful alt text.
pv1000-words-to-digits,1,2,pv1000-03-01:c2,concept-support,P3,VALIDATE,Verify 390/768/1440 light/dark; preserve labels and relationships; prefer SVG/vector source and meaningful alt text.
pv1000-write-compare,1,2,pv1000-03-03:c3,concept-support,P3,VALIDATE,Verify 390/768/1440 light/dark; preserve labels and relationships; prefer SVG/vector source and meaningful alt text.
pv1000-zero-say,1,2,pv1000-03-01:c3,concept-support,P3,VALIDATE,Verify 390/768/1440 light/dark; preserve labels and relationships; prefer SVG/vector source and meaningful alt text.
pv1000-zero-spots,1,2,pv1000-01-03:c2,concept-support,P3,VALIDATE,Verify 390/768/1440 light/dark; preserve labels and relationships; prefer SVG/vector source and meaningful alt text.
pv3-place-chart,1,3,pv-01-01:c1,concept-support,P3,VALIDATE,Verify 390/768/1440 light/dark; preserve labels and relationships; prefer SVG/vector source and meaningful alt text.
pv3-placeholder-zero,1,3,pv-01-01:c2,concept-support,P3,VALIDATE,Verify 390/768/1440 light/dark; preserve labels and relationships; prefer SVG/vector source and meaningful alt text.
pv3-trade,1,3,pv-01-04:c1,concept-support,P3,VALIDATE,Verify 390/768/1440 light/dark; preserve labels and relationships; prefer SVG/vector source and meaningful alt text.
pv3-trade-down,1,3,pv-01-04:c2,concept-support,P3,VALIDATE,Verify 390/768/1440 light/dark; preserve labels and relationships; prefer SVG/vector source and meaningful alt text.
pv4-ladder,1,4,pv2-01-01:c2,concept-support,P3,VALIDATE,Verify 390/768/1440 light/dark; preserve labels and relationships; prefer SVG/vector source and meaningful alt text.
qu-area-check,1,9,qu-04-02:c3,concept-support,P3,VALIDATE,Verify 390/768/1440 light/dark; preserve labels and relationships; prefer SVG/vector source and meaningful alt text.
qu-area-equation,1,9,qu-04-03:c2,concept-support,P3,VALIDATE,Verify 390/768/1440 light/dark; preserve labels and relationships; prefer SVG/vector source and meaningful alt text.
qu-axis-symmetry,1,9,qu-01-01:c3,concept-support,P3,VALIDATE,Verify 390/768/1440 light/dark; preserve labels and relationships; prefer SVG/vector source and meaningful alt text.
qu-discriminant-neg,1,9,qu-03-03:c3,concept-support,P3,VALIDATE,Verify 390/768/1440 light/dark; preserve labels and relationships; prefer SVG/vector source and meaningful alt text.
qu-discriminant-zero,1,9,qu-03-03:c2,concept-support,P3,VALIDATE,Verify 390/768/1440 light/dark; preserve labels and relationships; prefer SVG/vector source and meaningful alt text.
qu-factor-search,1,9,qu-02-02:c2,concept-support,P3,VALIDATE,Verify 390/768/1440 light/dark; preserve labels and relationships; prefer SVG/vector source and meaningful alt text.
qu-formula-worked,1,9,qu-03-02:c2,concept-support,P3,VALIDATE,Verify 390/768/1440 light/dark; preserve labels and relationships; prefer SVG/vector source and meaningful alt text.
qu-horizontal-shift,1,9,qu-01-03:c3,concept-support,P3,VALIDATE,Verify 390/768/1440 light/dark; preserve labels and relationships; prefer SVG/vector source and meaningful alt text.
qu-how-many-solutions,1,9,qu-04-03:c3,concept-support,P3,VALIDATE,Verify 390/768/1440 light/dark; preserve labels and relationships; prefer SVG/vector source and meaningful alt text.
qu-max-height,1,9,qu-04-01:c3,concept-support,P3,VALIDATE,Verify 390/768/1440 light/dark; preserve labels and relationships; prefer SVG/vector source and meaningful alt text.
qu-non-integer,1,9,qu-03-02:c3,concept-support,P3,VALIDATE,Verify 390/768/1440 light/dark; preserve labels and relationships; prefer SVG/vector source and meaningful alt text.
qu-positive-root,1,9,qu-04-02:c2,concept-support,P3,VALIDATE,Verify 390/768/1440 light/dark; preserve labels and relationships; prefer SVG/vector source and meaningful alt text.
qu-projectile,1,9,qu-04-01:c2,concept-support,P3,VALIDATE,Verify 390/768/1440 light/dark; preserve labels and relationships; prefer SVG/vector source and meaningful alt text.
qu-root-sign,1,9,qu-02-01:c3,concept-support,P3,VALIDATE,Verify 390/768/1440 light/dark; preserve labels and relationships; prefer SVG/vector source and meaningful alt text.
qu-roots-cross,1,9,qu-02-03:c2,concept-support,P3,VALIDATE,Verify 390/768/1440 light/dark; preserve labels and relationships; prefer SVG/vector source and meaningful alt text.
qu-shift-right,1,9,qu-01-01:c2,concept-support,P3,VALIDATE,Verify 390/768/1440 light/dark; preserve labels and relationships; prefer SVG/vector source and meaningful alt text.
qu-shifted-square,1,9,qu-03-01:c3,concept-support,P3,VALIDATE,Verify 390/768/1440 light/dark; preserve labels and relationships; prefer SVG/vector source and meaningful alt text.
qu-sign-guide,1,9,qu-02-02:c3,concept-support,P3,VALIDATE,Verify 390/768/1440 light/dark; preserve labels and relationships; prefer SVG/vector source and meaningful alt text.
qu-sign-of-a,1,9,qu-01-02:c3,concept-support,P3,VALIDATE,Verify 390/768/1440 light/dark; preserve labels and relationships; prefer SVG/vector source and meaningful alt text.
qu-square-root-both,1,9,qu-03-01:c2,concept-support,P3,VALIDATE,Verify 390/768/1440 light/dark; preserve labels and relationships; prefer SVG/vector source and meaningful alt text.
qu-sum-product,1,9,qu-02-03:c3,concept-support,P3,VALIDATE,Verify 390/768/1440 light/dark; preserve labels and relationships; prefer SVG/vector source and meaningful alt text.
qu-vertex-standard,1,9,qu-01-02:c2,concept-support,P3,VALIDATE,Verify 390/768/1440 light/dark; preserve labels and relationships; prefer SVG/vector source and meaningful alt text.
qu-vertical-shift,1,9,qu-01-03:c2,concept-support,P3,VALIDATE,Verify 390/768/1440 light/dark; preserve labels and relationships; prefer SVG/vector source and meaningful alt text.
qu-zero-product,1,9,qu-02-01:c2,concept-support,P3,VALIDATE,Verify 390/768/1440 light/dark; preserve labels and relationships; prefer SVG/vector source and meaningful alt text.
rad-already-simplified,1,9,rad-04-02:c3,concept-support,P3,VALIDATE,Verify 390/768/1440 light/dark; preserve labels and relationships; prefer SVG/vector source and meaningful alt text.
rad-between,1,9,rad-01-01:c2,concept-support,P3,VALIDATE,Verify 390/768/1440 light/dark; preserve labels and relationships; prefer SVG/vector source and meaningful alt text.
rad-coefficient,1,9,rad-01-03:c2,concept-support,P3,VALIDATE,Verify 390/768/1440 light/dark; preserve labels and relationships; prefer SVG/vector source and meaningful alt text.
rad-combine-after,1,9,rad-02-03:c3,concept-support,P3,VALIDATE,Verify 390/768/1440 light/dark; preserve labels and relationships; prefer SVG/vector source and meaningful alt text.
rad-denom-root,1,9,rad-03-01:c2,concept-support,P3,VALIDATE,Verify 390/768/1440 light/dark; preserve labels and relationships; prefer SVG/vector source and meaningful alt text.
rad-distance-subtract,1,9,rad-04-03:c2,concept-support,P3,VALIDATE,Verify 390/768/1440 light/dark; preserve labels and relationships; prefer SVG/vector source and meaningful alt text.
rad-distribute,1,9,rad-02-03:c2,concept-support,P3,VALIDATE,Verify 390/768/1440 light/dark; preserve labels and relationships; prefer SVG/vector source and meaningful alt text.
rad-final-form,1,9,rad-01-03:c3,concept-support,P3,VALIDATE,Verify 390/768/1440 light/dark; preserve labels and relationships; prefer SVG/vector source and meaningful alt text.
rad-largest-factor,1,9,rad-01-01:c3,concept-support,P3,VALIDATE,Verify 390/768/1440 light/dark; preserve labels and relationships; prefer SVG/vector source and meaningful alt text.
rad-like-radicals,1,9,rad-02-01:c2,concept-support,P3,VALIDATE,Verify 390/768/1440 light/dark; preserve labels and relationships; prefer SVG/vector source and meaningful alt text.
rad-missing-leg,1,9,rad-04-01:c3,concept-support,P3,VALIDATE,Verify 390/768/1440 light/dark; preserve labels and relationships; prefer SVG/vector source and meaningful alt text.
rad-multiply,1,9,rad-02-02:c2,concept-support,P3,VALIDATE,Verify 390/768/1440 light/dark; preserve labels and relationships; prefer SVG/vector source and meaningful alt text.
rad-multiply-then-simplify,1,9,rad-02-02:c3,concept-support,P3,VALIDATE,Verify 390/768/1440 light/dark; preserve labels and relationships; prefer SVG/vector source and meaningful alt text.
rad-neg-rational,1,9,rad-03-03:c2,concept-support,P3,VALIDATE,Verify 390/768/1440 light/dark; preserve labels and relationships; prefer SVG/vector source and meaningful alt text.
rad-perfect-power,1,9,rad-03-01:c3,concept-support,P3,VALIDATE,Verify 390/768/1440 light/dark; preserve labels and relationships; prefer SVG/vector source and meaningful alt text.
rad-power-root,1,9,rad-03-02:c2,concept-support,P3,VALIDATE,Verify 390/768/1440 light/dark; preserve labels and relationships; prefer SVG/vector source and meaningful alt text.
rad-pull-largest,1,9,rad-01-02:c3,concept-support,P3,VALIDATE,Verify 390/768/1440 light/dark; preserve labels and relationships; prefer SVG/vector source and meaningful alt text.
rad-pythagorean,1,9,rad-04-01:c2,concept-support,P3,VALIDATE,Verify 390/768/1440 light/dark; preserve labels and relationships; prefer SVG/vector source and meaningful alt text.
rad-radical-answer,1,9,rad-04-02:c2,concept-support,P3,VALIDATE,Verify 390/768/1440 light/dark; preserve labels and relationships; prefer SVG/vector source and meaningful alt text.
rad-read-fraction,1,9,rad-03-02:c3,concept-support,P3,VALIDATE,Verify 390/768/1440 light/dark; preserve labels and relationships; prefer SVG/vector source and meaningful alt text.
rad-sign-side,1,9,rad-03-03:c3,concept-support,P3,VALIDATE,Verify 390/768/1440 light/dark; preserve labels and relationships; prefer SVG/vector source and meaningful alt text.
rad-simplify-50,1,9,rad-01-02:c2,concept-support,P3,VALIDATE,Verify 390/768/1440 light/dark; preserve labels and relationships; prefer SVG/vector source and meaningful alt text.
rad-simplify-distance,1,9,rad-04-03:c3,concept-support,P3,VALIDATE,Verify 390/768/1440 light/dark; preserve labels and relationships; prefer SVG/vector source and meaningful alt text.
rad-simplify-first,1,9,rad-02-01:c3,concept-support,P3,VALIDATE,Verify 390/768/1440 light/dark; preserve labels and relationships; prefer SVG/vector source and meaningful alt text.
radian-wrap,1,11,tf-02-01:c1,concept-support,P3,VALIDATE,Verify 390/768/1440 light/dark; preserve labels and relationships; prefer SVG/vector source and meaningful alt text.
ratio-constant-sweep,1,10,rt-02-01:c1,concept-support,P3,VALIDATE,Verify 390/768/1440 light/dark; preserve labels and relationships; prefer SVG/vector source and meaningful alt text.
re-both-sides,1,11,re-04-03:c1,concept-support,P3,VALIDATE,Verify 390/768/1440 light/dark; preserve labels and relationships; prefer SVG/vector source and meaningful alt text.
re-conjugate,1,11,re-02-03:c1,concept-support,P3,VALIDATE,Verify 390/768/1440 light/dark; preserve labels and relationships; prefer SVG/vector source and meaningful alt text.
re-conjugate-denom,1,11,re-02-03:c2,concept-support,P3,VALIDATE,Verify 390/768/1440 light/dark; preserve labels and relationships; prefer SVG/vector source and meaningful alt text.
re-cube-roots,1,11,re-04-03:c2,concept-support,P3,VALIDATE,Verify 390/768/1440 light/dark; preserve labels and relationships; prefer SVG/vector source and meaningful alt text.
re-even-numerator,1,11,re-05-02:c1,concept-support,P3,VALIDATE,Verify 390/768/1440 light/dark; preserve labels and relationships; prefer SVG/vector source and meaningful alt text.
re-exponent-rules,1,11,re-01-02:c1,concept-support,P3,VALIDATE,Verify 390/768/1440 light/dark; preserve labels and relationships; prefer SVG/vector source and meaningful alt text.
re-falling-objects,1,11,re-05-03:c2,concept-support,P3,VALIDATE,Verify 390/768/1440 light/dark; preserve labels and relationships; prefer SVG/vector source and meaningful alt text.
re-foil-radicals,1,11,re-02-02:c1,concept-support,P3,VALIDATE,Verify 390/768/1440 light/dark; preserve labels and relationships; prefer SVG/vector source and meaningful alt text.
re-graph-intersect,1,11,re-04-02:c2,concept-support,P3,VALIDATE,Verify 390/768/1440 light/dark; preserve labels and relationships; prefer SVG/vector source and meaningful alt text.
re-inequality,1,11,re-03-02:c2,concept-support,P3,VALIDATE,Verify 390/768/1440 light/dark; preserve labels and relationships; prefer SVG/vector source and meaningful alt text.
re-isolate-first,1,11,re-04-01:c2,concept-support,P3,VALIDATE,Verify 390/768/1440 light/dark; preserve labels and relationships; prefer SVG/vector source and meaningful alt text.
re-isolate-square,1,11,re-04-01:c1,concept-support,P3,VALIDATE,Verify 390/768/1440 light/dark; preserve labels and relationships; prefer SVG/vector source and meaningful alt text.
re-mixed-radicand,1,11,re-01-03:c2,concept-support,P3,VALIDATE,Verify 390/768/1440 light/dark; preserve labels and relationships; prefer SVG/vector source and meaningful alt text.
re-no-negative,1,11,re-03-01:c2,concept-support,P3,VALIDATE,Verify 390/768/1440 light/dark; preserve labels and relationships; prefer SVG/vector source and meaningful alt text.
re-odd-numerator,1,11,re-05-02:c2,concept-support,P3,VALIDATE,Verify 390/768/1440 light/dark; preserve labels and relationships; prefer SVG/vector source and meaningful alt text.
re-other-way,1,11,re-01-01:c2,concept-support,P3,VALIDATE,Verify 390/768/1440 light/dark; preserve labels and relationships; prefer SVG/vector source and meaningful alt text.
re-power-of-power,1,11,re-01-02:c2,concept-support,P3,VALIDATE,Verify 390/768/1440 light/dark; preserve labels and relationships; prefer SVG/vector source and meaningful alt text.
re-rational-exponent,1,11,re-01-01:c1,concept-support,P3,VALIDATE,Verify 390/768/1440 light/dark; preserve labels and relationships; prefer SVG/vector source and meaningful alt text.
re-rationalize-coefficient,1,11,re-02-01:c2,concept-support,P3,VALIDATE,Verify 390/768/1440 light/dark; preserve labels and relationships; prefer SVG/vector source and meaningful alt text.
re-rationalize-convention,1,11,re-02-01:c1,concept-support,P3,VALIDATE,Verify 390/768/1440 light/dark; preserve labels and relationships; prefer SVG/vector source and meaningful alt text.
re-real-world,1,11,re-05-03:c1,concept-support,P3,VALIDATE,Verify 390/768/1440 light/dark; preserve labels and relationships; prefer SVG/vector source and meaningful alt text.
re-reciprocal-cancel,1,11,re-05-01:c1,concept-support,P3,VALIDATE,Verify 390/768/1440 light/dark; preserve labels and relationships; prefer SVG/vector source and meaningful alt text.
re-reciprocal-check,1,11,re-05-01:c2,concept-support,P3,VALIDATE,Verify 390/768/1440 light/dark; preserve labels and relationships; prefer SVG/vector source and meaningful alt text.
re-reflection,1,11,re-03-03:c2,concept-support,P3,VALIDATE,Verify 390/768/1440 light/dark; preserve labels and relationships; prefer SVG/vector source and meaningful alt text.
re-square-binomial,1,11,re-02-02:c2,concept-support,P3,VALIDATE,Verify 390/768/1440 light/dark; preserve labels and relationships; prefer SVG/vector source and meaningful alt text.
re-transformations,1,11,re-03-03:c1,concept-support,P3,VALIDATE,Verify 390/768/1440 light/dark; preserve labels and relationships; prefer SVG/vector source and meaningful alt text.
re-variable-radical,1,11,re-01-03:c1,concept-support,P3,VALIDATE,Verify 390/768/1440 light/dark; preserve labels and relationships; prefer SVG/vector source and meaningful alt text.
reciprocal-parent,1,11,rf-04-01:c1,concept-support,P3,VALIDATE,Verify 390/768/1440 light/dark; preserve labels and relationships; prefer SVG/vector source and meaningful alt text.
recursive-vs-explicit,1,11,sr-01-01:c1,concept-support,P3,VALIDATE,Verify 390/768/1440 light/dark; preserve labels and relationships; prefer SVG/vector source and meaningful alt text.
reflection-mirror-bisector,1,10,gf-03-02:c2,concept-support,P3,VALIDATE,Verify 390/768/1440 light/dark; preserve labels and relationships; prefer SVG/vector source and meaningful alt text.
regroup-bundle,1,2,as100-02-04:c1,concept-support,P3,VALIDATE,Verify 390/768/1440 light/dark; preserve labels and relationships; prefer SVG/vector source and meaningful alt text.
repeating-decimal-cycle,1,8,rns-01-01:c2,concept-support,P3,VALIDATE,Verify 390/768/1440 light/dark; preserve labels and relationships; prefer SVG/vector source and meaningful alt text.
rf-add-same-denom,1,11,rf-03-01:c1,concept-support,P3,VALIDATE,Verify 390/768/1440 light/dark; preserve labels and relationships; prefer SVG/vector source and meaningful alt text.
rf-after-flip,1,11,rf-02-02:c2,concept-support,P3,VALIDATE,Verify 390/768/1440 light/dark; preserve labels and relationships; prefer SVG/vector source and meaningful alt text.
rf-candidate-filter,1,11,rf-05-01:c2,concept-support,P3,VALIDATE,Verify 390/768/1440 light/dark; preserve labels and relationships; prefer SVG/vector source and meaningful alt text.
rf-chains-bookkeeping,1,11,rf-02-03:c1,concept-support,P3,VALIDATE,Verify 390/768/1440 light/dark; preserve labels and relationships; prefer SVG/vector source and meaningful alt text.
rf-chains-simplify,1,11,rf-02-03:c2,concept-support,P3,VALIDATE,Verify 390/768/1440 light/dark; preserve labels and relationships; prefer SVG/vector source and meaningful alt text.
rf-clear-fractions,1,11,rf-05-01:c1,concept-support,P3,VALIDATE,Verify 390/768/1440 light/dark; preserve labels and relationships; prefer SVG/vector source and meaningful alt text.
rf-cross-multiply,1,11,rf-05-02:c1,concept-support,P3,VALIDATE,Verify 390/768/1440 light/dark; preserve labels and relationships; prefer SVG/vector source and meaningful alt text.
rf-direct-variation,1,11,rf-05-03:c1,concept-support,P3,VALIDATE,Verify 390/768/1440 light/dark; preserve labels and relationships; prefer SVG/vector source and meaningful alt text.
rf-division-kcf,1,11,rf-02-02:c1,concept-support,P3,VALIDATE,Verify 390/768/1440 light/dark; preserve labels and relationships; prefer SVG/vector source and meaningful alt text.
rf-excluded-values,1,11,rf-01-01:c2,concept-support,P3,VALIDATE,Verify 390/768/1440 light/dark; preserve labels and relationships; prefer SVG/vector source and meaningful alt text.
rf-factor-before,1,11,rf-03-02:c2,concept-support,P3,VALIDATE,Verify 390/768/1440 light/dark; preserve labels and relationships; prefer SVG/vector source and meaningful alt text.
rf-hole,1,11,rf-04-02:c2,concept-support,P3,VALIDATE,Verify 390/768/1440 light/dark; preserve labels and relationships; prefer SVG/vector source and meaningful alt text.
rf-horizontal-asymptote,1,11,rf-04-03:c2,concept-support,P3,VALIDATE,Verify 390/768/1440 light/dark; preserve labels and relationships; prefer SVG/vector source and meaningful alt text.
rf-lcd,1,11,rf-03-02:c1,concept-support,P3,VALIDATE,Verify 390/768/1440 light/dark; preserve labels and relationships; prefer SVG/vector source and meaningful alt text.
rf-lcd-pipeline,1,11,rf-03-03:c1,concept-support,P3,VALIDATE,Verify 390/768/1440 light/dark; preserve labels and relationships; prefer SVG/vector source and meaningful alt text.
rf-multiply,1,11,rf-02-01:c1,concept-support,P3,VALIDATE,Verify 390/768/1440 light/dark; preserve labels and relationships; prefer SVG/vector source and meaningful alt text.
rf-multiply-pipeline,1,11,rf-02-01:c2,concept-support,P3,VALIDATE,Verify 390/768/1440 light/dark; preserve labels and relationships; prefer SVG/vector source and meaningful alt text.
rf-only-factors-cancel,1,11,rf-01-02:c2,concept-support,P3,VALIDATE,Verify 390/768/1440 light/dark; preserve labels and relationships; prefer SVG/vector source and meaningful alt text.
rf-opposites,1,11,rf-01-03:c1,concept-support,P3,VALIDATE,Verify 390/768/1440 light/dark; preserve labels and relationships; prefer SVG/vector source and meaningful alt text.
rf-rational-expression,1,11,rf-01-01:c1,concept-support,P3,VALIDATE,Verify 390/768/1440 light/dark; preserve labels and relationships; prefer SVG/vector source and meaningful alt text.
rf-rewrite-opposite,1,11,rf-01-03:c2,concept-support,P3,VALIDATE,Verify 390/768/1440 light/dark; preserve labels and relationships; prefer SVG/vector source and meaningful alt text.
rf-simplify-like-numeric,1,11,rf-01-02:c1,concept-support,P3,VALIDATE,Verify 390/768/1440 light/dark; preserve labels and relationships; prefer SVG/vector source and meaningful alt text.
rf-subtract-pipeline,1,11,rf-03-03:c2,concept-support,P3,VALIDATE,Verify 390/768/1440 light/dark; preserve labels and relationships; prefer SVG/vector source and meaningful alt text.
rf-subtract-trap,1,11,rf-03-01:c2,concept-support,P3,VALIDATE,Verify 390/768/1440 light/dark; preserve labels and relationships; prefer SVG/vector source and meaningful alt text.
rf-two-step-variation,1,11,rf-05-03:c2,concept-support,P3,VALIDATE,Verify 390/768/1440 light/dark; preserve labels and relationships; prefer SVG/vector source and meaningful alt text.
rf-vertical-asymptote,1,11,rf-04-01:c2,concept-support,P3,VALIDATE,Verify 390/768/1440 light/dark; preserve labels and relationships; prefer SVG/vector source and meaningful alt text.
rf-work-rates,1,11,rf-05-02:c2,concept-support,P3,VALIDATE,Verify 390/768/1440 light/dark; preserve labels and relationships; prefer SVG/vector source and meaningful alt text.
rno-count-negatives,1,7,rno-03-03:c3,concept-support,P3,VALIDATE,Verify 390/768/1440 light/dark; preserve labels and relationships; prefer SVG/vector source and meaningful alt text.
rno-div-undoes,1,7,rno-03-02:c2,concept-support,P3,VALIDATE,Verify 390/768/1440 light/dark; preserve labels and relationships; prefer SVG/vector source and meaningful alt text.
rno-mult-repeated,1,7,rno-03-01:c2,concept-support,P3,VALIDATE,Verify 390/768/1440 light/dark; preserve labels and relationships; prefer SVG/vector source and meaningful alt text.
rns-rational-def,1,8,rns-01-01:c1,concept-support,P3,VALIDATE,Verify 390/768/1440 light/dark; preserve labels and relationships; prefer SVG/vector source and meaningful alt text.
rr-scale,1,6,rr-01-01:c2,concept-support,P3,VALIDATE,Verify 390/768/1440 light/dark; preserve labels and relationships; prefer SVG/vector source and meaningful alt text.
rr6-table-to-plane,1,6,rr-02b-01:c1,concept-support,P3,VALIDATE,Verify 390/768/1440 light/dark; preserve labels and relationships; prefer SVG/vector source and meaningful alt text.
rt-30-60-90,1,10,rt-01-04:c2,concept-support,P3,VALIDATE,Verify 390/768/1440 light/dark; preserve labels and relationships; prefer SVG/vector source and meaningful alt text.
rt-45-45-90,1,10,rt-01-03:c2,concept-support,P3,VALIDATE,Verify 390/768/1440 light/dark; preserve labels and relationships; prefer SVG/vector source and meaningful alt text.
rt-acute-sum,1,10,rt-03-02:c3,concept-support,P3,VALIDATE,Verify 390/768/1440 light/dark; preserve labels and relationships; prefer SVG/vector source and meaningful alt text.
rt-angle-side,1,10,rt-03-03:c2,concept-support,P3,VALIDATE,Verify 390/768/1440 light/dark; preserve labels and relationships; prefer SVG/vector source and meaningful alt text.
rt-area-sine,1,10,rt-05-04:c1,concept-support,P3,VALIDATE,Verify 390/768/1440 light/dark; preserve labels and relationships; prefer SVG/vector source and meaningful alt text.
rt-cofunction,1,10,rt-05-01:c3,concept-support,P3,VALIDATE,Verify 390/768/1440 light/dark; preserve labels and relationships; prefer SVG/vector source and meaningful alt text.
rt-converse,1,10,rt-01-02:c1,concept-support,P3,VALIDATE,Verify 390/768/1440 light/dark; preserve labels and relationships; prefer SVG/vector source and meaningful alt text.
rt-elevation,1,10,rt-04-01:c2,concept-support,P3,VALIDATE,Verify 390/768/1440 light/dark; preserve labels and relationships; prefer SVG/vector source and meaningful alt text.
rt-find-leg,1,10,rt-01-01:c2,concept-support,P3,VALIDATE,Verify 390/768/1440 light/dark; preserve labels and relationships; prefer SVG/vector source and meaningful alt text.
rt-find-side,1,10,rt-03-01:c2,concept-support,P3,VALIDATE,Verify 390/768/1440 light/dark; preserve labels and relationships; prefer SVG/vector source and meaningful alt text.
rt-height-angle,1,10,rt-04-02:c1,concept-support,P3,VALIDATE,Verify 390/768/1440 light/dark; preserve labels and relationships; prefer SVG/vector source and meaningful alt text.
rt-hyp-bottom,1,10,rt-03-01:c3,concept-support,P3,VALIDATE,Verify 390/768/1440 light/dark; preserve labels and relationships; prefer SVG/vector source and meaningful alt text.
rt-hypotenuse-cases,1,10,rt-04-02:c2,concept-support,P3,VALIDATE,Verify 390/768/1440 light/dark; preserve labels and relationships; prefer SVG/vector source and meaningful alt text.
rt-imbalance,1,10,rt-01-02:c2,concept-support,P3,VALIDATE,Verify 390/768/1440 light/dark; preserve labels and relationships; prefer SVG/vector source and meaningful alt text.
rt-inverse,1,10,rt-03-02:c1,concept-support,P3,VALIDATE,Verify 390/768/1440 light/dark; preserve labels and relationships; prefer SVG/vector source and meaningful alt text.
rt-law-cosines-sas,1,10,rt-05-03:c2,concept-support,P3,VALIDATE,Verify 390/768/1440 light/dark; preserve labels and relationships; prefer SVG/vector source and meaningful alt text.
rt-law-cosines-sss,1,10,rt-05-03:c3,concept-support,P3,VALIDATE,Verify 390/768/1440 light/dark; preserve labels and relationships; prefer SVG/vector source and meaningful alt text.
rt-law-sines,1,10,rt-05-02:c2,concept-support,P3,VALIDATE,Verify 390/768/1440 light/dark; preserve labels and relationships; prefer SVG/vector source and meaningful alt text.
rt-opp-adj,1,10,rt-02-01:c3,concept-support,P3,VALIDATE,Verify 390/768/1440 light/dark; preserve labels and relationships; prefer SVG/vector source and meaningful alt text.
rt-parallel-ground,1,10,rt-04-01:c3,concept-support,P3,VALIDATE,Verify 390/768/1440 light/dark; preserve labels and relationships; prefer SVG/vector source and meaningful alt text.
rt-rectangle-diagonal,1,10,rt-01-01:c3,concept-support,P3,VALIDATE,Verify 390/768/1440 light/dark; preserve labels and relationships; prefer SVG/vector source and meaningful alt text.
rt-sanity-check,1,10,rt-04-02:c3,concept-support,P3,VALIDATE,Verify 390/768/1440 light/dark; preserve labels and relationships; prefer SVG/vector source and meaningful alt text.
rt-shadows,1,10,rt-04-03:c1,concept-support,P3,VALIDATE,Verify 390/768/1440 light/dark; preserve labels and relationships; prefer SVG/vector source and meaningful alt text.
rt-special-preview,1,10,rt-01-04:c3,concept-support,P3,VALIDATE,Verify 390/768/1440 light/dark; preserve labels and relationships; prefer SVG/vector source and meaningful alt text.
rt-tan-quotient,1,10,rt-05-01:c1,concept-support,P3,VALIDATE,Verify 390/768/1440 light/dark; preserve labels and relationships; prefer SVG/vector source and meaningful alt text.
rt-third-angle,1,10,rt-05-02:c3,concept-support,P3,VALIDATE,Verify 390/768/1440 light/dark; preserve labels and relationships; prefer SVG/vector source and meaningful alt text.
rt-triples,1,10,rt-01-02:c3,concept-support,P3,VALIDATE,Verify 390/768/1440 light/dark; preserve labels and relationships; prefer SVG/vector source and meaningful alt text.
rt-two-readings,1,10,rt-04-03:c3,concept-support,P3,VALIDATE,Verify 390/768/1440 light/dark; preserve labels and relationships; prefer SVG/vector source and meaningful alt text.
rt-two-sides,1,10,rt-03-03:c3,concept-support,P3,VALIDATE,Verify 390/768/1440 light/dark; preserve labels and relationships; prefer SVG/vector source and meaningful alt text.
sa7-decompose-floor-plan,1,7,sa7-02-02:c1,concept-support,P3,VALIDATE,Verify 390/768/1440 light/dark; preserve labels and relationships; prefer SVG/vector source and meaningful alt text.
sa7-formula-bookkeeping,1,7,sa7-01-01:c2,concept-support,P3,VALIDATE,Verify 390/768/1440 light/dark; preserve labels and relationships; prefer SVG/vector source and meaningful alt text.
sa7-lateral-shortcut,1,7,sa7-01-03:c2,concept-support,P3,VALIDATE,Verify 390/768/1440 light/dark; preserve labels and relationships; prefer SVG/vector source and meaningful alt text.
sa7-many-correct-cuts,1,7,sa7-02-02:c2,concept-support,P3,VALIDATE,Verify 390/768/1440 light/dark; preserve labels and relationships; prefer SVG/vector source and meaningful alt text.
sa7-net-unfold,1,7,sa7-01-01:c1,concept-support,P3,VALIDATE,Verify 390/768/1440 light/dark; preserve labels and relationships; prefer SVG/vector source and meaningful alt text.
sa7-same-rule-any-base,1,7,sa7-02-01:c2,concept-support,P3,VALIDATE,Verify 390/768/1440 light/dark; preserve labels and relationships; prefer SVG/vector source and meaningful alt text.
sa7-stack-the-layer,1,7,sa7-02-01:c1,concept-support,P3,VALIDATE,Verify 390/768/1440 light/dark; preserve labels and relationships; prefer SVG/vector source and meaningful alt text.
sa7-three-faces-routine,1,7,sa7-01-02:c1,concept-support,P3,VALIDATE,Verify 390/768/1440 light/dark; preserve labels and relationships; prefer SVG/vector source and meaningful alt text.
sa7-three-questions-one-crate,1,7,sa7-02-03:c1,concept-support,P3,VALIDATE,Verify 390/768/1440 light/dark; preserve labels and relationships; prefer SVG/vector source and meaningful alt text.
sa7-triangular-prism-parts,1,7,sa7-01-03:c1,concept-support,P3,VALIDATE,Verify 390/768/1440 light/dark; preserve labels and relationships; prefer SVG/vector source and meaningful alt text.
sa7-units-check,1,7,sa7-02-03:c2,concept-support,P3,VALIDATE,Verify 390/768/1440 light/dark; preserve labels and relationships; prefer SVG/vector source and meaningful alt text.
sa7-units-squared,1,7,sa7-01-02:c2,concept-support,P3,VALIDATE,Verify 390/768/1440 light/dark; preserve labels and relationships; prefer SVG/vector source and meaningful alt text.
scale-cubes,1,10,sg-05-01:c1,concept-support,P3,VALIDATE,Verify 390/768/1440 light/dark; preserve labels and relationships; prefer SVG/vector source and meaningful alt text.
se-add-eliminate,1,9,se-03-01:c2,concept-support,P3,VALIDATE,Verify 390/768/1440 light/dark; preserve labels and relationships; prefer SVG/vector source and meaningful alt text.
se-back-substitute,1,9,se-02-01:c3,concept-support,P3,VALIDATE,Verify 390/768/1440 light/dark; preserve labels and relationships; prefer SVG/vector source and meaningful alt text.
se-check-both,1,9,se-01-01:c2,concept-support,P3,VALIDATE,Verify 390/768/1440 light/dark; preserve labels and relationships; prefer SVG/vector source and meaningful alt text.
se-check-crossing,1,9,se-01-02:c3,concept-support,P3,VALIDATE,Verify 390/768/1440 light/dark; preserve labels and relationships; prefer SVG/vector source and meaningful alt text.
se-check-not-formality,1,9,se-02-03:c3,concept-support,P3,VALIDATE,Verify 390/768/1440 light/dark; preserve labels and relationships; prefer SVG/vector source and meaningful alt text.
se-choose-method,1,9,se-04-03:c2,concept-support,P3,VALIDATE,Verify 390/768/1440 light/dark; preserve labels and relationships; prefer SVG/vector source and meaningful alt text.
se-counts-values,1,9,se-04-02:c2,concept-support,P3,VALIDATE,Verify 390/768/1440 light/dark; preserve labels and relationships; prefer SVG/vector source and meaningful alt text.
se-every-equation,1,9,se-01-01:c3,concept-support,P3,VALIDATE,Verify 390/768/1440 light/dark; preserve labels and relationships; prefer SVG/vector source and meaningful alt text.
se-graph-cross,1,9,se-01-02:c2,concept-support,P3,VALIDATE,Verify 390/768/1440 light/dark; preserve labels and relationships; prefer SVG/vector source and meaningful alt text.
se-guard-sign,1,9,se-02-02:c3,concept-support,P3,VALIDATE,Verify 390/768/1440 light/dark; preserve labels and relationships; prefer SVG/vector source and meaningful alt text.
se-interpret,1,9,se-04-03:c3,concept-support,P3,VALIDATE,Verify 390/768/1440 light/dark; preserve labels and relationships; prefer SVG/vector source and meaningful alt text.
se-isolate-first,1,9,se-02-02:c2,concept-support,P3,VALIDATE,Verify 390/768/1440 light/dark; preserve labels and relationships; prefer SVG/vector source and meaningful alt text.
se-more-than,1,9,se-04-01:c3,concept-support,P3,VALIDATE,Verify 390/768/1440 light/dark; preserve labels and relationships; prefer SVG/vector source and meaningful alt text.
se-parallel,1,9,se-01-03:c2,concept-support,P3,VALIDATE,Verify 390/768/1440 light/dark; preserve labels and relationships; prefer SVG/vector source and meaningful alt text.
se-pick-easiest,1,9,se-03-02:c3,concept-support,P3,VALIDATE,Verify 390/768/1440 light/dark; preserve labels and relationships; prefer SVG/vector source and meaningful alt text.
se-same-line,1,9,se-01-03:c3,concept-support,P3,VALIDATE,Verify 390/768/1440 light/dark; preserve labels and relationships; prefer SVG/vector source and meaningful alt text.
se-scale-both,1,9,se-03-03:c2,concept-support,P3,VALIDATE,Verify 390/768/1440 light/dark; preserve labels and relationships; prefer SVG/vector source and meaningful alt text.
se-scale-one,1,9,se-03-02:c2,concept-support,P3,VALIDATE,Verify 390/768/1440 light/dark; preserve labels and relationships; prefer SVG/vector source and meaningful alt text.
se-special-cases,1,9,se-03-03:c3,concept-support,P3,VALIDATE,Verify 390/768/1440 light/dark; preserve labels and relationships; prefer SVG/vector source and meaningful alt text.
se-sub-action,1,9,se-02-03:c2,concept-support,P3,VALIDATE,Verify 390/768/1440 light/dark; preserve labels and relationships; prefer SVG/vector source and meaningful alt text.
se-substitution-21,1,9,se-02-01:c2,concept-support,P3,VALIDATE,Verify 390/768/1440 light/dark; preserve labels and relationships; prefer SVG/vector source and meaningful alt text.
se-subtract-carefully,1,9,se-03-01:c3,concept-support,P3,VALIDATE,Verify 390/768/1440 light/dark; preserve labels and relationships; prefer SVG/vector source and meaningful alt text.
se-sum-diff,1,9,se-04-01:c2,concept-support,P3,VALIDATE,Verify 390/768/1440 light/dark; preserve labels and relationships; prefer SVG/vector source and meaningful alt text.
se-two-distinct,1,9,se-04-02:c3,concept-support,P3,VALIDATE,Verify 390/768/1440 light/dark; preserve labels and relationships; prefer SVG/vector source and meaningful alt text.
sg-adding-solids,1,10,sg-04-01:c1,concept-support,P3,VALIDATE,Verify 390/768/1440 light/dark; preserve labels and relationships; prefer SVG/vector source and meaningful alt text.
sg-cavalieri-compare,1,10,sg-02-02:c1,concept-support,P3,VALIDATE,Verify 390/768/1440 light/dark; preserve labels and relationships; prefer SVG/vector source and meaningful alt text.
sg-cross-section,1,10,sg-01-01:c1,concept-support,P3,VALIDATE,Verify 390/768/1440 light/dark; preserve labels and relationships; prefer SVG/vector source and meaningful alt text.
sg-density,1,10,sg-05-02:c1,concept-support,P3,VALIDATE,Verify 390/768/1440 light/dark; preserve labels and relationships; prefer SVG/vector source and meaningful alt text.
sg-modeling,1,10,sg-05-03:c1,concept-support,P3,VALIDATE,Verify 390/768/1440 light/dark; preserve labels and relationships; prefer SVG/vector source and meaningful alt text.
sg-prism-to-cylinder,1,10,sg-03-01:c1,concept-support,P3,VALIDATE,Verify 390/768/1440 light/dark; preserve labels and relationships; prefer SVG/vector source and meaningful alt text.
sg-section-evidence,1,10,sg-01-03:c1,concept-support,P3,VALIDATE,Verify 390/768/1440 light/dark; preserve labels and relationships; prefer SVG/vector source and meaningful alt text.
sg-sphere-slices,1,10,sg-01-01:c2,concept-support,P3,VALIDATE,Verify 390/768/1440 light/dark; preserve labels and relationships; prefer SVG/vector source and meaningful alt text.
sg-squeezed,1,10,sg-02-02:c2,concept-support,P3,VALIDATE,Verify 390/768/1440 light/dark; preserve labels and relationships; prefer SVG/vector source and meaningful alt text.
sg-subtracting,1,10,sg-04-02:c1,concept-support,P3,VALIDATE,Verify 390/768/1440 light/dark; preserve labels and relationships; prefer SVG/vector source and meaningful alt text.
sg-surfaces,1,10,sg-04-03:c1,concept-support,P3,VALIDATE,Verify 390/768/1440 light/dark; preserve labels and relationships; prefer SVG/vector source and meaningful alt text.
sg-volume-only,1,10,sg-02-03:c1,concept-support,P3,VALIDATE,Verify 390/768/1440 light/dark; preserve labels and relationships; prefer SVG/vector source and meaningful alt text.
shape-attributes,1,1,smg1-01-01:c1,concept-support,P3,VALIDATE,Verify 390/768/1440 light/dark; preserve labels and relationships; prefer SVG/vector source and meaningful alt text.
shrinking-halves,1,11,sr-05-01:c1,concept-support,P3,VALIDATE,Verify 390/768/1440 light/dark; preserve labels and relationships; prefer SVG/vector source and meaningful alt text.
si-empirical-rule,1,11,si-06-02:c1,concept-support,P3,VALIDATE,Verify 390/768/1440 light/dark; preserve labels and relationships; prefer SVG/vector source and meaningful alt text.
si-normal-curve,1,11,si-06-01:c2,concept-support,P3,VALIDATE,Verify 390/768/1440 light/dark; preserve labels and relationships; prefer SVG/vector source and meaningful alt text.
si-split-the-tails,1,11,si-06-02:c2,concept-support,P3,VALIDATE,Verify 390/768/1440 light/dark; preserve labels and relationships; prefer SVG/vector source and meaningful alt text.
si-stack-the-wobbles,1,11,si-06-01:c1,concept-support,P3,VALIDATE,Verify 390/768/1440 light/dark; preserve labels and relationships; prefer SVG/vector source and meaningful alt text.
si-z-score,1,11,si-06-03:c1,concept-support,P3,VALIDATE,Verify 390/768/1440 light/dark; preserve labels and relationships; prefer SVG/vector source and meaningful alt text.
sigma-anatomy,1,11,sr-02-01:c1,concept-support,P3,VALIDATE,Verify 390/768/1440 light/dark; preserve labels and relationships; prefer SVG/vector source and meaningful alt text.
sine-wave-anatomy,1,11,tf-04-02:c1,concept-support,P3,VALIDATE,Verify 390/768/1440 light/dark; preserve labels and relationships; prefer SVG/vector source and meaningful alt text.
smg1-circle,1,1,smg1-01-01:c3,concept-support,P3,VALIDATE,Verify 390/768/1440 light/dark; preserve labels and relationships; prefer SVG/vector source and meaningful alt text.
smg1-cube-faces,1,1,smg1-01-02:c2,concept-support,P3,VALIDATE,Verify 390/768/1440 light/dark; preserve labels and relationships; prefer SVG/vector source and meaningful alt text.
smg1-cylinder,1,1,smg1-01-02:c3,concept-support,P3,VALIDATE,Verify 390/768/1440 light/dark; preserve labels and relationships; prefer SVG/vector source and meaningful alt text.
smg1-face-edge-vertex,1,1,smg1-01-03:c3,concept-support,P3,VALIDATE,Verify 390/768/1440 light/dark; preserve labels and relationships; prefer SVG/vector source and meaningful alt text.
smg1-fewer-shorter,1,1,smg1-03-01:c2,concept-support,P3,VALIDATE,Verify 390/768/1440 light/dark; preserve labels and relationships; prefer SVG/vector source and meaningful alt text.
smg1-fourths-halves,1,1,smg1-02-03:c3,concept-support,P3,VALIDATE,Verify 390/768/1440 light/dark; preserve labels and relationships; prefer SVG/vector source and meaningful alt text.
smg1-fourths-halving,1,1,smg1-02-02:c3,concept-support,P3,VALIDATE,Verify 390/768/1440 light/dark; preserve labels and relationships; prefer SVG/vector source and meaningful alt text.
smg1-half-past,1,1,smg1-04-02:c2,concept-support,P3,VALIDATE,Verify 390/768/1440 light/dark; preserve labels and relationships; prefer SVG/vector source and meaningful alt text.
smg1-half-ways,1,1,smg1-02-01:c2,concept-support,P3,VALIDATE,Verify 390/768/1440 light/dark; preserve labels and relationships; prefer SVG/vector source and meaningful alt text.
smg1-hour-passed,1,1,smg1-04-02:c3,concept-support,P3,VALIDATE,Verify 390/768/1440 light/dark; preserve labels and relationships; prefer SVG/vector source and meaningful alt text.
smg1-middle-between,1,1,smg1-03-03:c3,concept-support,P3,VALIDATE,Verify 390/768/1440 light/dark; preserve labels and relationships; prefer SVG/vector source and meaningful alt text.
smg1-minute-clue,1,1,smg1-04-03:c2,concept-support,P3,VALIDATE,Verify 390/768/1440 light/dark; preserve labels and relationships; prefer SVG/vector source and meaningful alt text.
smg1-on-hour,1,1,smg1-04-01:c2,concept-support,P3,VALIDATE,Verify 390/768/1440 light/dark; preserve labels and relationships; prefer SVG/vector source and meaningful alt text.
smg1-order-matters,1,1,smg1-03-02:c3,concept-support,P3,VALIDATE,Verify 390/768/1440 light/dark; preserve labels and relationships; prefer SVG/vector source and meaningful alt text.
smg1-pent-hex,1,1,smg1-01-01:c2,concept-support,P3,VALIDATE,Verify 390/768/1440 light/dark; preserve labels and relationships; prefer SVG/vector source and meaningful alt text.
smg1-pizza-share,1,1,smg1-02-03:c2,concept-support,P3,VALIDATE,Verify 390/768/1440 light/dark; preserve labels and relationships; prefer SVG/vector source and meaningful alt text.
smg1-prism-parts,1,1,smg1-01-03:c2,concept-support,P3,VALIDATE,Verify 390/768/1440 light/dark; preserve labels and relationships; prefer SVG/vector source and meaningful alt text.
smg1-quarter-fourth,1,1,smg1-02-02:c2,concept-support,P3,VALIDATE,Verify 390/768/1440 light/dark; preserve labels and relationships; prefer SVG/vector source and meaningful alt text.
smg1-same-unit,1,1,smg1-03-01:c3,concept-support,P3,VALIDATE,Verify 390/768/1440 light/dark; preserve labels and relationships; prefer SVG/vector source and meaningful alt text.
smg1-short-long,1,1,smg1-04-03:c3,concept-support,P3,VALIDATE,Verify 390/768/1440 light/dark; preserve labels and relationships; prefer SVG/vector source and meaningful alt text.
smg1-sub-gap,1,1,smg1-03-02:c2,concept-support,P3,VALIDATE,Verify 390/768/1440 light/dark; preserve labels and relationships; prefer SVG/vector source and meaningful alt text.
smg1-three-counts,1,1,smg1-03-03:c2,concept-support,P3,VALIDATE,Verify 390/768/1440 light/dark; preserve labels and relationships; prefer SVG/vector source and meaningful alt text.
smg1-twelve-oclock,1,1,smg1-04-01:c3,concept-support,P3,VALIDATE,Verify 390/768/1440 light/dark; preserve labels and relationships; prefer SVG/vector source and meaningful alt text.
smg1-two-halves,1,1,smg1-02-01:c3,concept-support,P3,VALIDATE,Verify 390/768/1440 light/dark; preserve labels and relationships; prefer SVG/vector source and meaningful alt text.
solids-of-revolution,1,10,sg-01-02:c1,concept-support,P3,VALIDATE,Verify 390/768/1440 light/dark; preserve labels and relationships; prefer SVG/vector source and meaningful alt text.
sp-counting-principle,1,7,sp-04-01:c2,concept-support,P3,VALIDATE,Verify 390/768/1440 light/dark; preserve labels and relationships; prefer SVG/vector source and meaningful alt text.
sp-favorable-outcomes,1,7,sp-04-02:c3,concept-support,P3,VALIDATE,Verify 390/768/1440 light/dark; preserve labels and relationships; prefer SVG/vector source and meaningful alt text.
sp-random-sample,1,7,sp-01-01:c2,concept-support,P3,VALIDATE,Verify 390/768/1440 light/dark; preserve labels and relationships; prefer SVG/vector source and meaningful alt text.
sp-spinner,1,7,sp-03-01:c2,concept-support,P3,VALIDATE,Verify 390/768/1440 light/dark; preserve labels and relationships; prefer SVG/vector source and meaningful alt text.
sqrt-domain-graph,1,11,re-03-02:c1,concept-support,P3,VALIDATE,Verify 390/768/1440 light/dark; preserve labels and relationships; prefer SVG/vector source and meaningful alt text.
sr-any-hop,1,11,sr-01-02:c2,concept-support,P3,VALIDATE,Verify 390/768/1440 light/dark; preserve labels and relationships; prefer SVG/vector source and meaningful alt text.
sr-arith-fold,1,11,sr-03-01:c2,concept-support,P3,VALIDATE,Verify 390/768/1440 light/dark; preserve labels and relationships; prefer SVG/vector source and meaningful alt text.
sr-arith-to-explicit,1,11,sr-01-03:c1,concept-support,P3,VALIDATE,Verify 390/768/1440 light/dark; preserve labels and relationships; prefer SVG/vector source and meaningful alt text.
sr-bouncing-ball,1,11,sr-05-03:c2,concept-support,P3,VALIDATE,Verify 390/768/1440 light/dark; preserve labels and relationships; prefer SVG/vector source and meaningful alt text.
sr-choose-form,1,11,sr-03-02:c2,concept-support,P3,VALIDATE,Verify 390/768/1440 light/dark; preserve labels and relationships; prefer SVG/vector source and meaningful alt text.
sr-constant-multiplier,1,11,sr-02-02:c3,concept-support,P3,VALIDATE,Verify 390/768/1440 light/dark; preserve labels and relationships; prefer SVG/vector source and meaningful alt text.
sr-converges-when,1,11,sr-05-01:c2,concept-support,P3,VALIDATE,Verify 390/768/1440 light/dark; preserve labels and relationships; prefer SVG/vector source and meaningful alt text.
sr-count-terms,1,11,sr-02-02:c2,concept-support,P3,VALIDATE,Verify 390/768/1440 light/dark; preserve labels and relationships; prefer SVG/vector source and meaningful alt text.
sr-dummy-index,1,11,sr-02-01:c3,concept-support,P3,VALIDATE,Verify 390/768/1440 light/dark; preserve labels and relationships; prefer SVG/vector source and meaningful alt text.
sr-eval-routine,1,11,sr-02-02:c1,concept-support,P3,VALIDATE,Verify 390/768/1440 light/dark; preserve labels and relationships; prefer SVG/vector source and meaningful alt text.
sr-exponents,1,11,sr-04-02:c2,concept-support,P3,VALIDATE,Verify 390/768/1440 light/dark; preserve labels and relationships; prefer SVG/vector source and meaningful alt text.
sr-extract-three,1,11,sr-03-02:c3,concept-support,P3,VALIDATE,Verify 390/768/1440 light/dark; preserve labels and relationships; prefer SVG/vector source and meaningful alt text.
sr-fold-proof,1,11,sr-03-01:c3,concept-support,P3,VALIDATE,Verify 390/768/1440 light/dark; preserve labels and relationships; prefer SVG/vector source and meaningful alt text.
sr-forms-questions,1,11,sr-01-01:c2,concept-support,P3,VALIDATE,Verify 390/768/1440 light/dark; preserve labels and relationships; prefer SVG/vector source and meaningful alt text.
sr-formula-backwards,1,11,sr-05-02:c3,concept-support,P3,VALIDATE,Verify 390/768/1440 light/dark; preserve labels and relationships; prefer SVG/vector source and meaningful alt text.
sr-gauss-fails,1,11,sr-04-01:c1,concept-support,P3,VALIDATE,Verify 390/768/1440 light/dark; preserve labels and relationships; prefer SVG/vector source and meaningful alt text.
sr-general-shift,1,11,sr-04-02:c1,concept-support,P3,VALIDATE,Verify 390/768/1440 light/dark; preserve labels and relationships; prefer SVG/vector source and meaningful alt text.
sr-geom-to-explicit,1,11,sr-01-03:c2,concept-support,P3,VALIDATE,Verify 390/768/1440 light/dark; preserve labels and relationships; prefer SVG/vector source and meaningful alt text.
sr-infinite-formula,1,11,sr-05-02:c1,concept-support,P3,VALIDATE,Verify 390/768/1440 light/dark; preserve labels and relationships; prefer SVG/vector source and meaningful alt text.
sr-many-sigmas,1,11,sr-02-03:c3,concept-support,P3,VALIDATE,Verify 390/768/1440 light/dark; preserve labels and relationships; prefer SVG/vector source and meaningful alt text.
sr-match-form,1,11,sr-01-02:c3,concept-support,P3,VALIDATE,Verify 390/768/1440 light/dark; preserve labels and relationships; prefer SVG/vector source and meaningful alt text.
sr-multiply-language,1,11,sr-04-03:c1,concept-support,P3,VALIDATE,Verify 390/768/1440 light/dark; preserve labels and relationships; prefer SVG/vector source and meaningful alt text.
sr-multiply-recursion,1,11,sr-01-01:c3,concept-support,P3,VALIDATE,Verify 390/768/1440 light/dark; preserve labels and relationships; prefer SVG/vector source and meaningful alt text.
sr-needs-last-term,1,11,sr-03-02:c1,concept-support,P3,VALIDATE,Verify 390/768/1440 light/dark; preserve labels and relationships; prefer SVG/vector source and meaningful alt text.
sr-recursive-hop,1,11,sr-01-02:c1,concept-support,P3,VALIDATE,Verify 390/768/1440 light/dark; preserve labels and relationships; prefer SVG/vector source and meaningful alt text.
sr-repeating-decimal,1,11,sr-05-03:c1,concept-support,P3,VALIDATE,Verify 390/768/1440 light/dark; preserve labels and relationships; prefer SVG/vector source and meaningful alt text.
sr-sanity-check,1,11,sr-01-03:c3,concept-support,P3,VALIDATE,Verify 390/768/1440 light/dark; preserve labels and relationships; prefer SVG/vector source and meaningful alt text.
sr-shift-subtract,1,11,sr-04-01:c3,concept-support,P3,VALIDATE,Verify 390/768/1440 light/dark; preserve labels and relationships; prefer SVG/vector source and meaningful alt text.
sr-shrinking,1,11,sr-04-02:c3,concept-support,P3,VALIDATE,Verify 390/768/1440 light/dark; preserve labels and relationships; prefer SVG/vector source and meaningful alt text.
sr-sigma-fold-team,1,11,sr-03-03:c2,concept-support,P3,VALIDATE,Verify 390/768/1440 light/dark; preserve labels and relationships; prefer SVG/vector source and meaningful alt text.
sr-sigma-geometric,1,11,sr-04-03:c2,concept-support,P3,VALIDATE,Verify 390/768/1440 light/dark; preserve labels and relationships; prefer SVG/vector source and meaningful alt text.
sr-step-rule,1,11,sr-02-03:c2,concept-support,P3,VALIDATE,Verify 390/768/1440 light/dark; preserve labels and relationships; prefer SVG/vector source and meaningful alt text.
sr-strict-rule,1,11,sr-05-01:c3,concept-support,P3,VALIDATE,Verify 390/768/1440 light/dark; preserve labels and relationships; prefer SVG/vector source and meaningful alt text.
sr-sum-to-sigma,1,11,sr-02-03:c1,concept-support,P3,VALIDATE,Verify 390/768/1440 light/dark; preserve labels and relationships; prefer SVG/vector source and meaningful alt text.
sr-term-vs-total,1,11,sr-03-03:c3,concept-support,P3,VALIDATE,Verify 390/768/1440 light/dark; preserve labels and relationships; prefer SVG/vector source and meaningful alt text.
sr-test-pattern,1,11,sr-04-03:c3,concept-support,P3,VALIDATE,Verify 390/768/1440 light/dark; preserve labels and relationships; prefer SVG/vector source and meaningful alt text.
sr-three-tools,1,11,sr-05-03:c3,concept-support,P3,VALIDATE,Verify 390/768/1440 light/dark; preserve labels and relationships; prefer SVG/vector source and meaningful alt text.
sr-unroll-sigma,1,11,sr-02-01:c2,concept-support,P3,VALIDATE,Verify 390/768/1440 light/dark; preserve labels and relationships; prefer SVG/vector source and meaningful alt text.
sr-word-theater,1,11,sr-03-03:c1,concept-support,P3,VALIDATE,Verify 390/768/1440 light/dark; preserve labels and relationships; prefer SVG/vector source and meaningful alt text.
sr-workflow,1,11,sr-05-02:c2,concept-support,P3,VALIDATE,Verify 390/768/1440 light/dark; preserve labels and relationships; prefer SVG/vector source and meaningful alt text.
ssa-ambiguous,1,10,tc-01-02:c1,concept-support,P3,VALIDATE,Verify 390/768/1440 light/dark; preserve labels and relationships; prefer SVG/vector source and meaningful alt text.
ssg2-bigger-grid,1,2,ssg2-02-01:c2,concept-support,P3,VALIDATE,Verify 390/768/1440 light/dark; preserve labels and relationships; prefer SVG/vector source and meaningful alt text.
ssg2-checkerboard,1,2,ssg2-02-03:c2,concept-support,P3,VALIDATE,Verify 390/768/1440 light/dark; preserve labels and relationships; prefer SVG/vector source and meaningful alt text.
ssg2-corners-sides,1,2,ssg2-01-01:c3,concept-support,P3,VALIDATE,Verify 390/768/1440 light/dark; preserve labels and relationships; prefer SVG/vector source and meaningful alt text.
ssg2-count-pieces,1,2,ssg2-03-02:c3,concept-support,P3,VALIDATE,Verify 390/768/1440 light/dark; preserve labels and relationships; prefer SVG/vector source and meaningful alt text.
ssg2-name-by-sides,1,2,ssg2-01-01:c2,concept-support,P3,VALIDATE,Verify 390/768/1440 light/dark; preserve labels and relationships; prefer SVG/vector source and meaningful alt text.
ssg2-near-neighbors,1,2,ssg2-01-03:c2,concept-support,P3,VALIDATE,Verify 390/768/1440 light/dark; preserve labels and relationships; prefer SVG/vector source and meaningful alt text.
ssg2-piece-order,1,2,ssg2-03-03:c3,concept-support,P3,VALIDATE,Verify 390/768/1440 light/dark; preserve labels and relationships; prefer SVG/vector source and meaningful alt text.
ssg2-pyramid,1,2,ssg2-01-02:c2,concept-support,P3,VALIDATE,Verify 390/768/1440 light/dark; preserve labels and relationships; prefer SVG/vector source and meaningful alt text.
ssg2-pyramid-vs-prism,1,2,ssg2-01-02:c3,concept-support,P3,VALIDATE,Verify 390/768/1440 light/dark; preserve labels and relationships; prefer SVG/vector source and meaningful alt text.
ssg2-same-rule,1,2,ssg2-02-03:c3,concept-support,P3,VALIDATE,Verify 390/768/1440 light/dark; preserve labels and relationships; prefer SVG/vector source and meaningful alt text.
ssg2-same-total,1,2,ssg2-02-02:c2,concept-support,P3,VALIDATE,Verify 390/768/1440 light/dark; preserve labels and relationships; prefer SVG/vector source and meaningful alt text.
ssg2-shape-changes,1,2,ssg2-02-02:c3,concept-support,P3,VALIDATE,Verify 390/768/1440 light/dark; preserve labels and relationships; prefer SVG/vector source and meaningful alt text.
ssg2-shape-family,1,2,ssg2-01-03:c3,concept-support,P3,VALIDATE,Verify 390/768/1440 light/dark; preserve labels and relationships; prefer SVG/vector source and meaningful alt text.
ssg2-single-row,1,2,ssg2-02-01:c3,concept-support,P3,VALIDATE,Verify 390/768/1440 light/dark; preserve labels and relationships; prefer SVG/vector source and meaningful alt text.
ssg2-thirds-directions,1,2,ssg2-03-01:c3,concept-support,P3,VALIDATE,Verify 390/768/1440 light/dark; preserve labels and relationships; prefer SVG/vector source and meaningful alt text.
ssg2-thirds-equal,1,2,ssg2-03-01:c2,concept-support,P3,VALIDATE,Verify 390/768/1440 light/dark; preserve labels and relationships; prefer SVG/vector source and meaningful alt text.
ssg2-thirds-vs-fourths,1,2,ssg2-03-03:c2,concept-support,P3,VALIDATE,Verify 390/768/1440 light/dark; preserve labels and relationships; prefer SVG/vector source and meaningful alt text.
ssg2-three-thirds,1,2,ssg2-03-02:c2,concept-support,P3,VALIDATE,Verify 390/768/1440 light/dark; preserve labels and relationships; prefer SVG/vector source and meaningful alt text.
sy-dilation-origin,1,10,sy-01-01:c3,concept-support,P3,VALIDATE,Verify 390/768/1440 light/dark; preserve labels and relationships; prefer SVG/vector source and meaningful alt text.
sy-dilation-parallel,1,10,sy-06-01:c1,concept-support,P3,VALIDATE,Verify 390/768/1440 light/dark; preserve labels and relationships; prefer SVG/vector source and meaningful alt text.
sy-indirect-recipe,1,10,sy-05-01:c3,concept-support,P3,VALIDATE,Verify 390/768/1440 light/dark; preserve labels and relationships; prefer SVG/vector source and meaningful alt text.
sy-perim-area-scale,1,10,sy-01-02:c3,concept-support,P3,VALIDATE,Verify 390/768/1440 light/dark; preserve labels and relationships; prefer SVG/vector source and meaningful alt text.
sy-perim-ratio,1,10,sy-05-03:c1,concept-support,P3,VALIDATE,Verify 390/768/1440 light/dark; preserve labels and relationships; prefer SVG/vector source and meaningful alt text.
sy-pizza,1,10,sy-05-03:c2,concept-support,P3,VALIDATE,Verify 390/768/1440 light/dark; preserve labels and relationships; prefer SVG/vector source and meaningful alt text.
symmetry-fold,1,10,gf-04-02:c2,concept-support,P3,VALIDATE,Verify 390/768/1440 light/dark; preserve labels and relationships; prefer SVG/vector source and meaningful alt text.
synthetic-division,1,11,pf-03-02:c1,concept-support,P3,VALIDATE,Verify 390/768/1440 light/dark; preserve labels and relationships; prefer SVG/vector source and meaningful alt text.
tc-aaa-fails,1,10,tc-01-02:c2,concept-support,P3,VALIDATE,Verify 390/768/1440 light/dark; preserve labels and relationships; prefer SVG/vector source and meaningful alt text.
tc-angle-side,1,10,tc-05-01:c3,concept-support,P3,VALIDATE,Verify 390/768/1440 light/dark; preserve labels and relationships; prefer SVG/vector source and meaningful alt text.
tc-base-angles,1,10,tc-03-01:c3,concept-support,P3,VALIDATE,Verify 390/768/1440 light/dark; preserve labels and relationships; prefer SVG/vector source and meaningful alt text.
tc-center-hook,1,10,tc-04-03:c2,concept-support,P3,VALIDATE,Verify 390/768/1440 light/dark; preserve labels and relationships; prefer SVG/vector source and meaningful alt text.
tc-circum-incenter,1,10,tc-04-01:c3,concept-support,P3,VALIDATE,Verify 390/768/1440 light/dark; preserve labels and relationships; prefer SVG/vector source and meaningful alt text.
tc-cpctc,1,10,tc-02-02:c3,concept-support,P3,VALIDATE,Verify 390/768/1440 light/dark; preserve labels and relationships; prefer SVG/vector source and meaningful alt text.
tc-equilateral,1,10,tc-03-02:c3,concept-support,P3,VALIDATE,Verify 390/768/1440 light/dark; preserve labels and relationships; prefer SVG/vector source and meaningful alt text.
tc-euler-line,1,10,tc-04-02:c3,concept-support,P3,VALIDATE,Verify 390/768/1440 light/dark; preserve labels and relationships; prefer SVG/vector source and meaningful alt text.
tc-hinge,1,10,tc-05-02:c3,concept-support,P3,VALIDATE,Verify 390/768/1440 light/dark; preserve labels and relationships; prefer SVG/vector source and meaningful alt text.
tc-hl,1,10,tc-02-01:c3,concept-support,P3,VALIDATE,Verify 390/768/1440 light/dark; preserve labels and relationships; prefer SVG/vector source and meaningful alt text.
tc-inequality-proof,1,10,tc-05-03:c3,concept-support,P3,VALIDATE,Verify 390/768/1440 light/dark; preserve labels and relationships; prefer SVG/vector source and meaningful alt text.
tc-inside-centers,1,10,tc-04-03:c3,concept-support,P3,VALIDATE,Verify 390/768/1440 light/dark; preserve labels and relationships; prefer SVG/vector source and meaningful alt text.
tc-letter-order,1,10,tc-01-03:c3,concept-support,P3,VALIDATE,Verify 390/768/1440 light/dark; preserve labels and relationships; prefer SVG/vector source and meaningful alt text.
tc-matching-game,1,10,tc-01-03:c2,concept-support,P3,VALIDATE,Verify 390/768/1440 light/dark; preserve labels and relationships; prefer SVG/vector source and meaningful alt text.
tc-midsegment,1,10,tc-03-03:c3,concept-support,P3,VALIDATE,Verify 390/768/1440 light/dark; preserve labels and relationships; prefer SVG/vector source and meaningful alt text.
tc-valid-criteria,1,10,tc-01-02:c3,concept-support,P3,VALIDATE,Verify 390/768/1440 light/dark; preserve labels and relationships; prefer SVG/vector source and meaningful alt text.
ten-bundle,1,1,tno-01-01:c1,concept-support,P3,VALIDATE,Verify 390/768/1440 light/dark; preserve labels and relationships; prefer SVG/vector source and meaningful alt text.
tens-partners,1,1,as-02-01:c1,concept-support,P3,VALIDATE,Verify 390/768/1440 light/dark; preserve labels and relationships; prefer SVG/vector source and meaningful alt text.
tens-plus-tens,1,2,as100-02-01:c1,concept-support,P3,VALIDATE,Verify 390/768/1440 light/dark; preserve labels and relationships; prefer SVG/vector source and meaningful alt text.
tf-180-pi,1,11,tf-02-01:c3,concept-support,P3,VALIDATE,Verify 390/768/1440 light/dark; preserve labels and relationships; prefer SVG/vector source and meaningful alt text.
tf-acute-check,1,11,tf-01-03:c3,concept-support,P3,VALIDATE,Verify 390/768/1440 light/dark; preserve labels and relationships; prefer SVG/vector source and meaningful alt text.
tf-amplitude,1,11,tf-04-01:c3,concept-support,P3,VALIDATE,Verify 390/768/1440 light/dark; preserve labels and relationships; prefer SVG/vector source and meaningful alt text.
tf-arc-length-wreck,1,11,tf-02-03:c2,concept-support,P3,VALIDATE,Verify 390/768/1440 light/dark; preserve labels and relationships; prefer SVG/vector source and meaningful alt text.
tf-b-from-period,1,11,tf-04-03:c2,concept-support,P3,VALIDATE,Verify 390/768/1440 light/dark; preserve labels and relationships; prefer SVG/vector source and meaningful alt text.
tf-b-repeat,1,11,tf-05-02:c2,concept-support,P3,VALIDATE,Verify 390/768/1440 light/dark; preserve labels and relationships; prefer SVG/vector source and meaningful alt text.
tf-choose-ratio,1,11,tf-01-02:c3,concept-support,P3,VALIDATE,Verify 390/768/1440 light/dark; preserve labels and relationships; prefer SVG/vector source and meaningful alt text.
tf-clean-fractions,1,11,tf-02-02:c1,concept-support,P3,VALIDATE,Verify 390/768/1440 light/dark; preserve labels and relationships; prefer SVG/vector source and meaningful alt text.
tf-combine-table,1,11,tf-03-03:c2,concept-support,P3,VALIDATE,Verify 390/768/1440 light/dark; preserve labels and relationships; prefer SVG/vector source and meaningful alt text.
tf-cos-from-sin,1,11,tf-05-03:c2,concept-support,P3,VALIDATE,Verify 390/768/1440 light/dark; preserve labels and relationships; prefer SVG/vector source and meaningful alt text.
tf-cosine-wave,1,11,tf-04-01:c2,concept-support,P3,VALIDATE,Verify 390/768/1440 light/dark; preserve labels and relationships; prefer SVG/vector source and meaningful alt text.
tf-find-others,1,11,tf-01-02:c1,concept-support,P3,VALIDATE,Verify 390/768/1440 light/dark; preserve labels and relationships; prefer SVG/vector source and meaningful alt text.
tf-flip-operation,1,11,tf-01-02:c2,concept-support,P3,VALIDATE,Verify 390/768/1440 light/dark; preserve labels and relationships; prefer SVG/vector source and meaningful alt text.
tf-fractions-identity,1,11,tf-05-03:c3,concept-support,P3,VALIDATE,Verify 390/768/1440 light/dark; preserve labels and relationships; prefer SVG/vector source and meaningful alt text.
tf-graph-to-rule,1,11,tf-04-02:c2,concept-support,P3,VALIDATE,Verify 390/768/1440 light/dark; preserve labels and relationships; prefer SVG/vector source and meaningful alt text.
tf-inverse-backward,1,11,tf-01-03:c1,concept-support,P3,VALIDATE,Verify 390/768/1440 light/dark; preserve labels and relationships; prefer SVG/vector source and meaningful alt text.
tf-magnitude-sign,1,11,tf-03-02:c3,concept-support,P3,VALIDATE,Verify 390/768/1440 light/dark; preserve labels and relationships; prefer SVG/vector source and meaningful alt text.
tf-midline-wheel,1,11,tf-05-01:c2,concept-support,P3,VALIDATE,Verify 390/768/1440 light/dark; preserve labels and relationships; prefer SVG/vector source and meaningful alt text.
tf-model-predicts,1,11,tf-05-02:c3,concept-support,P3,VALIDATE,Verify 390/768/1440 light/dark; preserve labels and relationships; prefer SVG/vector source and meaningful alt text.
tf-negative-a,1,11,tf-04-02:c3,concept-support,P3,VALIDATE,Verify 390/768/1440 light/dark; preserve labels and relationships; prefer SVG/vector source and meaningful alt text.
tf-negative-angle,1,11,tf-02-02:c3,concept-support,P3,VALIDATE,Verify 390/768/1440 light/dark; preserve labels and relationships; prefer SVG/vector source and meaningful alt text.
tf-oscillating-data,1,11,tf-05-01:c3,concept-support,P3,VALIDATE,Verify 390/768/1440 light/dark; preserve labels and relationships; prefer SVG/vector source and meaningful alt text.
tf-other-acute,1,11,tf-01-01:c2,concept-support,P3,VALIDATE,Verify 390/768/1440 light/dark; preserve labels and relationships; prefer SVG/vector source and meaningful alt text.
tf-period-b,1,11,tf-04-03:c1,concept-support,P3,VALIDATE,Verify 390/768/1440 light/dark; preserve labels and relationships; prefer SVG/vector source and meaningful alt text.
tf-pythagorean-identity,1,11,tf-05-03:c1,concept-support,P3,VALIDATE,Verify 390/768/1440 light/dark; preserve labels and relationships; prefer SVG/vector source and meaningful alt text.
tf-radian-arc,1,11,tf-02-03:c1,concept-support,P3,VALIDATE,Verify 390/768/1440 light/dark; preserve labels and relationships; prefer SVG/vector source and meaningful alt text.
tf-radian-native,1,11,tf-02-01:c2,concept-support,P3,VALIDATE,Verify 390/768/1440 light/dark; preserve labels and relationships; prefer SVG/vector source and meaningful alt text.
tf-radians-labels,1,11,tf-03-03:c3,concept-support,P3,VALIDATE,Verify 390/768/1440 light/dark; preserve labels and relationships; prefer SVG/vector source and meaningful alt text.
tf-read-back,1,11,tf-02-02:c2,concept-support,P3,VALIDATE,Verify 390/768/1440 light/dark; preserve labels and relationships; prefer SVG/vector source and meaningful alt text.
tf-real-cycles,1,11,tf-05-02:c1,concept-support,P3,VALIDATE,Verify 390/768/1440 light/dark; preserve labels and relationships; prefer SVG/vector source and meaningful alt text.
tf-reference-angle,1,11,tf-03-02:c1,concept-support,P3,VALIDATE,Verify 390/768/1440 light/dark; preserve labels and relationships; prefer SVG/vector source and meaningful alt text.
tf-rolling,1,11,tf-02-03:c3,concept-support,P3,VALIDATE,Verify 390/768/1440 light/dark; preserve labels and relationships; prefer SVG/vector source and meaningful alt text.
tf-scale-invariant,1,11,tf-01-01:c3,concept-support,P3,VALIDATE,Verify 390/768/1440 light/dark; preserve labels and relationships; prefer SVG/vector source and meaningful alt text.
tf-sine-wave,1,11,tf-04-01:c1,concept-support,P3,VALIDATE,Verify 390/768/1440 light/dark; preserve labels and relationships; prefer SVG/vector source and meaningful alt text.
tf-special-triangles,1,11,tf-03-03:c1,concept-support,P3,VALIDATE,Verify 390/768/1440 light/dark; preserve labels and relationships; prefer SVG/vector source and meaningful alt text.
tf-tangent-yx,1,11,tf-03-01:c3,concept-support,P3,VALIDATE,Verify 390/768/1440 light/dark; preserve labels and relationships; prefer SVG/vector source and meaningful alt text.
tf-three-dials,1,11,tf-04-03:c3,concept-support,P3,VALIDATE,Verify 390/768/1440 light/dark; preserve labels and relationships; prefer SVG/vector source and meaningful alt text.
tf-three-rules,1,11,tf-03-02:c2,concept-support,P3,VALIDATE,Verify 390/768/1440 light/dark; preserve labels and relationships; prefer SVG/vector source and meaningful alt text.
tf-which-inverse,1,11,tf-01-03:c2,concept-support,P3,VALIDATE,Verify 390/768/1440 light/dark; preserve labels and relationships; prefer SVG/vector source and meaningful alt text.
tg-arccos-branch,1,12,tg-04-02:c1,concept-support,P3,VALIDATE,Verify 390/768/1440 light/dark; preserve labels and relationships; prefer SVG/vector source and meaningful alt text.
tg-arcsin-branch,1,12,tg-04-01:c1,concept-support,P3,VALIDATE,Verify 390/768/1440 light/dark; preserve labels and relationships; prefer SVG/vector source and meaningful alt text.
tg-arcsin-domain-swap,1,12,tg-04-01:c2,concept-support,P3,VALIDATE,Verify 390/768/1440 light/dark; preserve labels and relationships; prefer SVG/vector source and meaningful alt text.
tg-arcsin-sin-branch,1,12,tg-05-01:c2,concept-support,P3,VALIDATE,Verify 390/768/1440 light/dark; preserve labels and relationships; prefer SVG/vector source and meaningful alt text.
tg-arctan-branch,1,12,tg-04-02:c2,concept-support,P3,VALIDATE,Verify 390/768/1440 light/dark; preserve labels and relationships; prefer SVG/vector source and meaningful alt text.
tg-arctan-mirror,1,12,tg-04-03:c2,concept-support,P3,VALIDATE,Verify 390/768/1440 light/dark; preserve labels and relationships; prefer SVG/vector source and meaningful alt text.
tg-cos-arcsin,1,12,tg-05-02:c1,concept-support,P3,VALIDATE,Verify 390/768/1440 light/dark; preserve labels and relationships; prefer SVG/vector source and meaningful alt text.
tg-cosine-dials,1,12,tg-02-01:c2,concept-support,P3,VALIDATE,Verify 390/768/1440 light/dark; preserve labels and relationships; prefer SVG/vector source and meaningful alt text.
tg-cosine-same,1,12,tg-02-01:c1,concept-support,P3,VALIDATE,Verify 390/768/1440 light/dark; preserve labels and relationships; prefer SVG/vector source and meaningful alt text.
tg-equivalence-test,1,12,tg-02-03:c2,concept-support,P3,VALIDATE,Verify 390/768/1440 light/dark; preserve labels and relationships; prefer SVG/vector source and meaningful alt text.
tg-factor-shift,1,12,tg-01-01:c2,concept-support,P3,VALIDATE,Verify 390/768/1440 light/dark; preserve labels and relationships; prefer SVG/vector source and meaningful alt text.
tg-five-points,1,12,tg-01-03:c1,concept-support,P3,VALIDATE,Verify 390/768/1440 light/dark; preserve labels and relationships; prefer SVG/vector source and meaningful alt text.
tg-half-period-flip,1,12,tg-02-03:c1,concept-support,P3,VALIDATE,Verify 390/768/1440 light/dark; preserve labels and relationships; prefer SVG/vector source and meaningful alt text.
tg-identity-route,1,12,tg-05-02:c2,concept-support,P3,VALIDATE,Verify 390/768/1440 light/dark; preserve labels and relationships; prefer SVG/vector source and meaningful alt text.
tg-infinite-solutions,1,12,tg-05-03:c1,concept-support,P3,VALIDATE,Verify 390/768/1440 light/dark; preserve labels and relationships; prefer SVG/vector source and meaningful alt text.
tg-naming-convenience,1,12,tg-02-02:c2,concept-support,P3,VALIDATE,Verify 390/768/1440 light/dark; preserve labels and relationships; prefer SVG/vector source and meaningful alt text.
tg-negative-a-start,1,12,tg-01-03:c2,concept-support,P3,VALIDATE,Verify 390/768/1440 light/dark; preserve labels and relationships; prefer SVG/vector source and meaningful alt text.
tg-phase-shift,1,12,tg-01-01:c1,concept-support,P3,VALIDATE,Verify 390/768/1440 light/dark; preserve labels and relationships; prefer SVG/vector source and meaningful alt text.
tg-read-landmarks,1,12,tg-01-02:c2,concept-support,P3,VALIDATE,Verify 390/768/1440 light/dark; preserve labels and relationships; prefer SVG/vector source and meaningful alt text.
tg-reflect-yx,1,12,tg-04-03:c1,concept-support,P3,VALIDATE,Verify 390/768/1440 light/dark; preserve labels and relationships; prefer SVG/vector source and meaningful alt text.
tg-sin-arcsin-safe,1,12,tg-05-01:c1,concept-support,P3,VALIDATE,Verify 390/768/1440 light/dark; preserve labels and relationships; prefer SVG/vector source and meaningful alt text.
tg-sinusoid-anatomy,1,12,tg-01-02:c1,concept-support,P3,VALIDATE,Verify 390/768/1440 light/dark; preserve labels and relationships; prefer SVG/vector source and meaningful alt text.
tg-slide-to-cosine,1,12,tg-02-02:c1,concept-support,P3,VALIDATE,Verify 390/768/1440 light/dark; preserve labels and relationships; prefer SVG/vector source and meaningful alt text.
tg-tangent-asymptote,1,12,tg-03-02:c2,concept-support,P3,VALIDATE,Verify 390/768/1440 light/dark; preserve labels and relationships; prefer SVG/vector source and meaningful alt text.
tg-tangent-branches,1,12,tg-03-01:c1,concept-support,P3,VALIDATE,Verify 390/768/1440 light/dark; preserve labels and relationships; prefer SVG/vector source and meaningful alt text.
tg-tangent-dials,1,12,tg-03-03:c1,concept-support,P3,VALIDATE,Verify 390/768/1440 light/dark; preserve labels and relationships; prefer SVG/vector source and meaningful alt text.
tg-tangent-one-per,1,12,tg-05-03:c2,concept-support,P3,VALIDATE,Verify 390/768/1440 light/dark; preserve labels and relationships; prefer SVG/vector source and meaningful alt text.
tg-tangent-period,1,12,tg-03-01:c2,concept-support,P3,VALIDATE,Verify 390/768/1440 light/dark; preserve labels and relationships; prefer SVG/vector source and meaningful alt text.
tg-tangent-slide,1,12,tg-03-03:c2,concept-support,P3,VALIDATE,Verify 390/768/1440 light/dark; preserve labels and relationships; prefer SVG/vector source and meaningful alt text.
tg-tangent-values,1,12,tg-03-02:c1,concept-support,P3,VALIDATE,Verify 390/768/1440 light/dark; preserve labels and relationships; prefer SVG/vector source and meaningful alt text.
thales-right-angle,1,10,cr-01-03:c1,concept-support,P3,VALIDATE,Verify 390/768/1440 light/dark; preserve labels and relationships; prefer SVG/vector source and meaningful alt text.
ti-branch-tree,1,12,ti-05-01:c1,concept-support,P3,VALIDATE,Verify 390/768/1440 light/dark; preserve labels and relationships; prefer SVG/vector source and meaningful alt text.
ti-cofunctions,1,12,ti-03-02:c2,concept-support,P3,VALIDATE,Verify 390/768/1440 light/dark; preserve labels and relationships; prefer SVG/vector source and meaningful alt text.
ti-combine-fractions,1,12,ti-02-03:c2,concept-support,P3,VALIDATE,Verify 390/768/1440 light/dark; preserve labels and relationships; prefer SVG/vector source and meaningful alt text.
ti-compress-backwards,1,12,ti-03-03:c1,concept-support,P3,VALIDATE,Verify 390/768/1440 light/dark; preserve labels and relationships; prefer SVG/vector source and meaningful alt text.
ti-cos-sign-flip,1,12,ti-03-01:c2,concept-support,P3,VALIDATE,Verify 390/768/1440 light/dark; preserve labels and relationships; prefer SVG/vector source and meaningful alt text.
ti-cos2-faces,1,12,ti-04-02:c1,concept-support,P3,VALIDATE,Verify 390/768/1440 light/dark; preserve labels and relationships; prefer SVG/vector source and meaningful alt text.
ti-cos2-sign,1,12,ti-04-01:c2,concept-support,P3,VALIDATE,Verify 390/768/1440 light/dark; preserve labels and relationships; prefer SVG/vector source and meaningful alt text.
ti-derive-others,1,12,ti-02-02:c1,concept-support,P3,VALIDATE,Verify 390/768/1440 light/dark; preserve labels and relationships; prefer SVG/vector source and meaningful alt text.
ti-dividing-trap,1,12,ti-05-03:c2,concept-support,P3,VALIDATE,Verify 390/768/1440 light/dark; preserve labels and relationships; prefer SVG/vector source and meaningful alt text.
ti-double-angle,1,12,ti-04-01:c1,concept-support,P3,VALIDATE,Verify 390/768/1440 light/dark; preserve labels and relationships; prefer SVG/vector source and meaningful alt text.
ti-double-prove,1,12,ti-04-03:c1,concept-support,P3,VALIDATE,Verify 390/768/1440 light/dark; preserve labels and relationships; prefer SVG/vector source and meaningful alt text.
ti-expand-mixed,1,12,ti-04-03:c2,concept-support,P3,VALIDATE,Verify 390/768/1440 light/dark; preserve labels and relationships; prefer SVG/vector source and meaningful alt text.
ti-families-merge,1,12,ti-01-02:c2,concept-support,P3,VALIDATE,Verify 390/768/1440 light/dark; preserve labels and relationships; prefer SVG/vector source and meaningful alt text.
ti-full-recipe,1,12,ti-01-03:c2,concept-support,P3,VALIDATE,Verify 390/768/1440 light/dark; preserve labels and relationships; prefer SVG/vector source and meaningful alt text.
ti-lowest-power,1,12,ti-05-02:c2,concept-support,P3,VALIDATE,Verify 390/768/1440 light/dark; preserve labels and relationships; prefer SVG/vector source and meaningful alt text.
ti-no-solution-branch,1,12,ti-05-01:c2,concept-support,P3,VALIDATE,Verify 390/768/1440 light/dark; preserve labels and relationships; prefer SVG/vector source and meaningful alt text.
ti-power-reduction,1,12,ti-04-02:c2,concept-support,P3,VALIDATE,Verify 390/768/1440 light/dark; preserve labels and relationships; prefer SVG/vector source and meaningful alt text.
ti-prove-one-side,1,12,ti-02-03:c1,concept-support,P3,VALIDATE,Verify 390/768/1440 light/dark; preserve labels and relationships; prefer SVG/vector source and meaningful alt text.
ti-sec-squared,1,12,ti-02-02:c2,concept-support,P3,VALIDATE,Verify 390/768/1440 light/dark; preserve labels and relationships; prefer SVG/vector source and meaningful alt text.
ti-simplify,1,12,ti-02-01:c2,concept-support,P3,VALIDATE,Verify 390/768/1440 light/dark; preserve labels and relationships; prefer SVG/vector source and meaningful alt text.
ti-sin-plus-pi,1,12,ti-03-03:c2,concept-support,P3,VALIDATE,Verify 390/768/1440 light/dark; preserve labels and relationships; prefer SVG/vector source and meaningful alt text.
ti-six-functions,1,12,ti-02-01:c1,concept-support,P3,VALIDATE,Verify 390/768/1440 light/dark; preserve labels and relationships; prefer SVG/vector source and meaningful alt text.
ti-solve-inside,1,12,ti-01-03:c1,concept-support,P3,VALIDATE,Verify 390/768/1440 light/dark; preserve labels and relationships; prefer SVG/vector source and meaningful alt text.
ti-squaring-trap,1,12,ti-05-03:c1,concept-support,P3,VALIDATE,Verify 390/768/1440 light/dark; preserve labels and relationships; prefer SVG/vector source and meaningful alt text.
ti-substitute-identity,1,12,ti-05-02:c1,concept-support,P3,VALIDATE,Verify 390/768/1440 light/dark; preserve labels and relationships; prefer SVG/vector source and meaningful alt text.
ti-sumdiff-decompose,1,12,ti-03-01:c1,concept-support,P3,VALIDATE,Verify 390/768/1440 light/dark; preserve labels and relationships; prefer SVG/vector source and meaningful alt text.
ti-tangent-general,1,12,ti-01-02:c1,concept-support,P3,VALIDATE,Verify 390/768/1440 light/dark; preserve labels and relationships; prefer SVG/vector source and meaningful alt text.
ti-tangent-sum-formula,1,12,ti-03-02:c1,concept-support,P3,VALIDATE,Verify 390/768/1440 light/dark; preserve labels and relationships; prefer SVG/vector source and meaningful alt text.
ti-twin-ladder,1,12,ti-01-01:c1,concept-support,P3,VALIDATE,Verify 390/768/1440 light/dark; preserve labels and relationships; prefer SVG/vector source and meaningful alt text.
ti-two-families,1,12,ti-01-01:c2,concept-support,P3,VALIDATE,Verify 390/768/1440 light/dark; preserve labels and relationships; prefer SVG/vector source and meaningful alt text.
times-as-many,1,4,mb-01-01:c1,concept-support,P3,VALIDATE,Verify 390/768/1440 light/dark; preserve labels and relationships; prefer SVG/vector source and meaningful alt text.
tm-cone-volume,1,8,tm-05-02:c2,concept-support,P3,VALIDATE,Verify 390/768/1440 light/dark; preserve labels and relationships; prefer SVG/vector source and meaningful alt text.
tm-converse,1,8,tm-04-03:c2,concept-support,P3,VALIDATE,Verify 390/768/1440 light/dark; preserve labels and relationships; prefer SVG/vector source and meaningful alt text.
tm-cylinder-volume,1,8,tm-05-01:c2,concept-support,P3,VALIDATE,Verify 390/768/1440 light/dark; preserve labels and relationships; prefer SVG/vector source and meaningful alt text.
tm-missing-leg,1,8,tm-04-02:c2,concept-support,P3,VALIDATE,Verify 390/768/1440 light/dark; preserve labels and relationships; prefer SVG/vector source and meaningful alt text.
tm-rotation-90,1,8,tm-01-03:c2,concept-support,P3,VALIDATE,Verify 390/768/1440 light/dark; preserve labels and relationships; prefer SVG/vector source and meaningful alt text.
tm-sphere-volume,1,8,tm-05-03:c2,concept-support,P3,VALIDATE,Verify 390/768/1440 light/dark; preserve labels and relationships; prefer SVG/vector source and meaningful alt text.
tm-translation-signs,1,8,tm-01-01:c2,concept-support,P3,VALIDATE,Verify 390/768/1440 light/dark; preserve labels and relationships; prefer SVG/vector source and meaningful alt text.
tm-transversal-pairs,1,8,tm-03-01:c2,concept-support,P3,VALIDATE,Verify 390/768/1440 light/dark; preserve labels and relationships; prefer SVG/vector source and meaningful alt text.
tm8-dilate-rule,1,8,tm-01b-03:c1,concept-support,P3,VALIDATE,Verify 390/768/1440 light/dark; preserve labels and relationships; prefer SVG/vector source and meaningful alt text.
tm8-translate-rule,1,8,tm-01b-01:c1,concept-support,P3,VALIDATE,Verify 390/768/1440 light/dark; preserve labels and relationships; prefer SVG/vector source and meaningful alt text.
tno-add-tens-66,1,1,tno-03-02:c2,concept-support,P3,VALIDATE,Verify 390/768/1440 light/dark; preserve labels and relationships; prefer SVG/vector source and meaningful alt text.
tno-add-tens-85,1,1,tno-03-02:c3,concept-support,P3,VALIDATE,Verify 390/768/1440 light/dark; preserve labels and relationships; prefer SVG/vector source and meaningful alt text.
tno-build-46,1,1,tno-01-02:c2,concept-support,P3,VALIDATE,Verify 390/768/1440 light/dark; preserve labels and relationships; prefer SVG/vector source and meaningful alt text.
tno-bundle-40,1,1,tno-01-01:c2,concept-support,P3,VALIDATE,Verify 390/768/1440 light/dark; preserve labels and relationships; prefer SVG/vector source and meaningful alt text.
tno-compare-tens,1,1,tno-04-03:c2,concept-support,P3,VALIDATE,Verify 390/768/1440 light/dark; preserve labels and relationships; prefer SVG/vector source and meaningful alt text.
tno-count-down-tens,1,1,tno-03-03:c3,concept-support,P3,VALIDATE,Verify 390/768/1440 light/dark; preserve labels and relationships; prefer SVG/vector source and meaningful alt text.
tno-digits-72,1,1,tno-01-02:c3,concept-support,P3,VALIDATE,Verify 390/768/1440 light/dark; preserve labels and relationships; prefer SVG/vector source and meaningful alt text.
tno-either-order,1,1,tno-02-02:c3,concept-support,P3,VALIDATE,Verify 390/768/1440 light/dark; preserve labels and relationships; prefer SVG/vector source and meaningful alt text.
tno-equal,1,1,tno-04-02:c3,concept-support,P3,VALIDATE,Verify 390/768/1440 light/dark; preserve labels and relationships; prefer SVG/vector source and meaningful alt text.
tno-expanded-72,1,1,tno-02-01:c3,concept-support,P3,VALIDATE,Verify 390/768/1440 light/dark; preserve labels and relationships; prefer SVG/vector source and meaningful alt text.
tno-expanded-85,1,1,tno-02-02:c2,concept-support,P3,VALIDATE,Verify 390/768/1440 light/dark; preserve labels and relationships; prefer SVG/vector source and meaningful alt text.
tno-first-differ,1,1,tno-04-03:c3,concept-support,P3,VALIDATE,Verify 390/768/1440 light/dark; preserve labels and relationships; prefer SVG/vector source and meaningful alt text.
tno-more-tens,1,1,tno-04-01:c2,concept-support,P3,VALIDATE,Verify 390/768/1440 light/dark; preserve labels and relationships; prefer SVG/vector source and meaningful alt text.
tno-move-tens-digit,1,1,tno-03-01:c3,concept-support,P3,VALIDATE,Verify 390/768/1440 light/dark; preserve labels and relationships; prefer SVG/vector source and meaningful alt text.
tno-ones-stay,1,1,tno-03-01:c2,concept-support,P3,VALIDATE,Verify 390/768/1440 light/dark; preserve labels and relationships; prefer SVG/vector source and meaningful alt text.
tno-place-matters,1,1,tno-02-03:c3,concept-support,P3,VALIDATE,Verify 390/768/1440 light/dark; preserve labels and relationships; prefer SVG/vector source and meaningful alt text.
tno-rods-50,1,1,tno-01-03:c2,concept-support,P3,VALIDATE,Verify 390/768/1440 light/dark; preserve labels and relationships; prefer SVG/vector source and meaningful alt text.
tno-rods-64,1,1,tno-01-03:c3,concept-support,P3,VALIDATE,Verify 390/768/1440 light/dark; preserve labels and relationships; prefer SVG/vector source and meaningful alt text.
tno-same-tens-ones,1,1,tno-04-02:c2,concept-support,P3,VALIDATE,Verify 390/768/1440 light/dark; preserve labels and relationships; prefer SVG/vector source and meaningful alt text.
tno-sub-tens-50,1,1,tno-03-03:c2,concept-support,P3,VALIDATE,Verify 390/768/1440 light/dark; preserve labels and relationships; prefer SVG/vector source and meaningful alt text.
tno-symbol-opens,1,1,tno-04-01:c3,concept-support,P3,VALIDATE,Verify 390/768/1440 light/dark; preserve labels and relationships; prefer SVG/vector source and meaningful alt text.
tno-ten-is-ten,1,1,tno-01-01:c3,concept-support,P3,VALIDATE,Verify 390/768/1440 light/dark; preserve labels and relationships; prefer SVG/vector source and meaningful alt text.
tno-tens-worth,1,1,tno-02-01:c2,concept-support,P3,VALIDATE,Verify 390/768/1440 light/dark; preserve labels and relationships; prefer SVG/vector source and meaningful alt text.
tno-worth-more,1,1,tno-02-03:c2,concept-support,P3,VALIDATE,Verify 390/768/1440 light/dark; preserve labels and relationships; prefer SVG/vector source and meaningful alt text.
trapezoid-decompose,1,6,asv-01-02:c2,concept-support,P3,VALIDATE,Verify 390/768/1440 light/dark; preserve labels and relationships; prefer SVG/vector source and meaningful alt text.
trapezoid-midsegment,1,10,pq-04-02:c1,concept-support,P3,VALIDATE,Verify 390/768/1440 light/dark; preserve labels and relationships; prefer SVG/vector source and meaningful alt text.
triangle-families,1,5,cg-03-03:c1,concept-support,P3,VALIDATE,Verify 390/768/1440 light/dark; preserve labels and relationships; prefer SVG/vector source and meaningful alt text.
triangle-half-rectangle,1,6,asv-01-01:c1,concept-support,P3,VALIDATE,Verify 390/768/1440 light/dark; preserve labels and relationships; prefer SVG/vector source and meaningful alt text.
tse-balance-same-both,1,7,tse-02-04:c1,concept-support,P3,VALIDATE,Verify 390/768/1440 light/dark; preserve labels and relationships; prefer SVG/vector source and meaningful alt text.
tse-clear-units-first,1,7,tse-02-04:c2,concept-support,P3,VALIDATE,Verify 390/768/1440 light/dark; preserve labels and relationships; prefer SVG/vector source and meaningful alt text.
tse-combine-like,1,7,tse-01-02:c2,concept-support,P3,VALIDATE,Verify 390/768/1440 light/dark; preserve labels and relationships; prefer SVG/vector source and meaningful alt text.
tse-feed-undo-track,1,7,tse-02-05:c2,concept-support,P3,VALIDATE,Verify 390/768/1440 light/dark; preserve labels and relationships; prefer SVG/vector source and meaningful alt text.
tse-undo-order-track,1,7,tse-02-05:c1,concept-support,P3,VALIDATE,Verify 390/768/1440 light/dark; preserve labels and relationships; prefer SVG/vector source and meaningful alt text.
tse7-factor-gcf-choice,1,7,tse-01b-01:c2,concept-support,P3,VALIDATE,Verify 390/768/1440 light/dark; preserve labels and relationships; prefer SVG/vector source and meaningful alt text.
tse7-factor-two-ways,1,7,tse-01b-01:c1,concept-support,P3,VALIDATE,Verify 390/768/1440 light/dark; preserve labels and relationships; prefer SVG/vector source and meaningful alt text.
tse7-form-chooses-story,1,7,tse-01b-03:c1,concept-support,P3,VALIDATE,Verify 390/768/1440 light/dark; preserve labels and relationships; prefer SVG/vector source and meaningful alt text.
tse7-one-step-multiplier,1,7,tse-01b-02:c1,concept-support,P3,VALIDATE,Verify 390/768/1440 light/dark; preserve labels and relationships; prefer SVG/vector source and meaningful alt text.
two-step-bar,1,2,as100-04-01:c1,concept-support,P3,VALIDATE,Verify 390/768/1440 light/dark; preserve labels and relationships; prefer SVG/vector source and meaningful alt text.
unbundle-break,1,2,as100-03-04:c1,concept-support,P3,VALIDATE,Verify 390/768/1440 light/dark; preserve labels and relationships; prefer SVG/vector source and meaningful alt text.
undefined-terms-trio,1,10,gf-01-01:c1,concept-support,P3,VALIDATE,Verify 390/768/1440 light/dark; preserve labels and relationships; prefer SVG/vector source and meaningful alt text.
unit-circle-reference,1,11,tf-03-01:c1,concept-support,P3,VALIDATE,Verify 390/768/1440 light/dark; preserve labels and relationships; prefer SVG/vector source and meaningful alt text.
unit-cube,1,5,vm-03-01:c1,concept-support,P3,VALIDATE,Verify 390/768/1440 light/dark; preserve labels and relationships; prefer SVG/vector source and meaningful alt text.
varignon-midpoints,1,10,cx-03-03:c2,concept-support,P3,VALIDATE,Verify 390/768/1440 light/dark; preserve labels and relationships; prefer SVG/vector source and meaningful alt text.
vec-build-from-angle,1,12,vec-01-02:c2,concept-support,P3,VALIDATE,Verify 390/768/1440 light/dark; preserve labels and relationships; prefer SVG/vector source and meaningful alt text.
vec-combining-motion,1,12,vec-02-03:c2,concept-support,P3,VALIDATE,Verify 390/768/1440 light/dark; preserve labels and relationships; prefer SVG/vector source and meaningful alt text.
vec-components,1,12,vec-01-01:c1,concept-support,P3,VALIDATE,Verify 390/768/1440 light/dark; preserve labels and relationships; prefer SVG/vector source and meaningful alt text.
vec-compose,1,12,vec-05-03:c1,concept-support,P3,VALIDATE,Verify 390/768/1440 light/dark; preserve labels and relationships; prefer SVG/vector source and meaningful alt text.
vec-det-area,1,12,vec-04-01:c1,concept-support,P3,VALIDATE,Verify 390/768/1440 light/dark; preserve labels and relationships; prefer SVG/vector source and meaningful alt text.
vec-det-zero,1,12,vec-04-03:c2,concept-support,P3,VALIDATE,Verify 390/768/1440 light/dark; preserve labels and relationships; prefer SVG/vector source and meaningful alt text.
vec-determinant,1,12,vec-04-02:c1,concept-support,P3,VALIDATE,Verify 390/768/1440 light/dark; preserve labels and relationships; prefer SVG/vector source and meaningful alt text.
vec-direction-angle,1,12,vec-01-02:c1,concept-support,P3,VALIDATE,Verify 390/768/1440 light/dark; preserve labels and relationships; prefer SVG/vector source and meaningful alt text.
vec-displacement,1,12,vec-01-03:c1,concept-support,P3,VALIDATE,Verify 390/768/1440 light/dark; preserve labels and relationships; prefer SVG/vector source and meaningful alt text.
vec-dot-angle-formula,1,12,vec-03-02:c1,concept-support,P3,VALIDATE,Verify 390/768/1440 light/dark; preserve labels and relationships; prefer SVG/vector source and meaningful alt text.
vec-dot-sign,1,12,vec-03-01:c2,concept-support,P3,VALIDATE,Verify 390/768/1440 light/dark; preserve labels and relationships; prefer SVG/vector source and meaningful alt text.
vec-equal-vectors,1,12,vec-01-03:c2,concept-support,P3,VALIDATE,Verify 390/768/1440 light/dark; preserve labels and relationships; prefer SVG/vector source and meaningful alt text.
vec-inverse,1,12,vec-04-02:c2,concept-support,P3,VALIDATE,Verify 390/768/1440 light/dark; preserve labels and relationships; prefer SVG/vector source and meaningful alt text.
vec-length-direction,1,12,vec-02-03:c1,concept-support,P3,VALIDATE,Verify 390/768/1440 light/dark; preserve labels and relationships; prefer SVG/vector source and meaningful alt text.
vec-magnitude,1,12,vec-01-01:c2,concept-support,P3,VALIDATE,Verify 390/768/1440 light/dark; preserve labels and relationships; prefer SVG/vector source and meaningful alt text.
vec-matrix-row-dot,1,12,vec-04-01:c2,concept-support,P3,VALIDATE,Verify 390/768/1440 light/dark; preserve labels and relationships; prefer SVG/vector source and meaningful alt text.
vec-order-matters,1,12,vec-05-03:c2,concept-support,P3,VALIDATE,Verify 390/768/1440 light/dark; preserve labels and relationships; prefer SVG/vector source and meaningful alt text.
vec-parallel-cos,1,12,vec-03-02:c2,concept-support,P3,VALIDATE,Verify 390/768/1440 light/dark; preserve labels and relationships; prefer SVG/vector source and meaningful alt text.
vec-projection,1,12,vec-03-03:c2,concept-support,P3,VALIDATE,Verify 390/768/1440 light/dark; preserve labels and relationships; prefer SVG/vector source and meaningful alt text.
vec-read-transform,1,12,vec-05-01:c2,concept-support,P3,VALIDATE,Verify 390/768/1440 light/dark; preserve labels and relationships; prefer SVG/vector source and meaningful alt text.
vec-rotation,1,12,vec-05-02:c1,concept-support,P3,VALIDATE,Verify 390/768/1440 light/dark; preserve labels and relationships; prefer SVG/vector source and meaningful alt text.
vec-rotation-180,1,12,vec-05-02:c2,concept-support,P3,VALIDATE,Verify 390/768/1440 light/dark; preserve labels and relationships; prefer SVG/vector source and meaningful alt text.
vec-scalar-mult,1,12,vec-02-02:c1,concept-support,P3,VALIDATE,Verify 390/768/1440 light/dark; preserve labels and relationships; prefer SVG/vector source and meaningful alt text.
vec-subtraction,1,12,vec-02-01:c2,concept-support,P3,VALIDATE,Verify 390/768/1440 light/dark; preserve labels and relationships; prefer SVG/vector source and meaningful alt text.
vec-system-matrix,1,12,vec-04-03:c1,concept-support,P3,VALIDATE,Verify 390/768/1440 light/dark; preserve labels and relationships; prefer SVG/vector source and meaningful alt text.
vec-tiptotail,1,12,vec-02-01:c1,concept-support,P3,VALIDATE,Verify 390/768/1440 light/dark; preserve labels and relationships; prefer SVG/vector source and meaningful alt text.
vec-transform,1,12,vec-05-01:c1,concept-support,P3,VALIDATE,Verify 390/768/1440 light/dark; preserve labels and relationships; prefer SVG/vector source and meaningful alt text.
vec-unit-vector,1,12,vec-02-02:c2,concept-support,P3,VALIDATE,Verify 390/768/1440 light/dark; preserve labels and relationships; prefer SVG/vector source and meaningful alt text.
vm-add-volumes,1,5,vm-05-01:c1,concept-support,P3,VALIDATE,Verify 390/768/1440 light/dark; preserve labels and relationships; prefer SVG/vector source and meaningful alt text.
vm-base-height,1,5,vm-04-03:c1,concept-support,P3,VALIDATE,Verify 390/768/1440 light/dark; preserve labels and relationships; prefer SVG/vector source and meaningful alt text.
vm-base-layers,1,5,vm-04-01:c2,concept-support,P3,VALIDATE,Verify 390/768/1440 light/dark; preserve labels and relationships; prefer SVG/vector source and meaningful alt text.
vm-compute-b,1,5,vm-04-03:c2,concept-support,P3,VALIDATE,Verify 390/768/1440 light/dark; preserve labels and relationships; prefer SVG/vector source and meaningful alt text.
vm-count-cubes,1,5,vm-03-02:c1,concept-support,P3,VALIDATE,Verify 390/768/1440 light/dark; preserve labels and relationships; prefer SVG/vector source and meaningful alt text.
vm-cube-unit,1,5,vm-03-01:c2,concept-support,P3,VALIDATE,Verify 390/768/1440 light/dark; preserve labels and relationships; prefer SVG/vector source and meaningful alt text.
vm-customary,1,5,vm-01-02:c1,concept-support,P3,VALIDATE,Verify 390/768/1440 light/dark; preserve labels and relationships; prefer SVG/vector source and meaningful alt text.
vm-difference,1,5,vm-02-02:c2,concept-support,P3,VALIDATE,Verify 390/768/1440 light/dark; preserve labels and relationships; prefer SVG/vector source and meaningful alt text.
vm-formula-lwh,1,5,vm-04-02:c1,concept-support,P3,VALIDATE,Verify 390/768/1440 light/dark; preserve labels and relationships; prefer SVG/vector source and meaningful alt text.
vm-gal-to-cup,1,5,vm-01-03:c2,concept-support,P3,VALIDATE,Verify 390/768/1440 light/dark; preserve labels and relationships; prefer SVG/vector source and meaningful alt text.
vm-grams-to-kg,1,5,vm-01-01:c2,concept-support,P3,VALIDATE,Verify 390/768/1440 light/dark; preserve labels and relationships; prefer SVG/vector source and meaningful alt text.
vm-l-shape,1,5,vm-05-02:c1,concept-support,P3,VALIDATE,Verify 390/768/1440 light/dark; preserve labels and relationships; prefer SVG/vector source and meaningful alt text.
vm-line-plot-read,1,5,vm-02-01:c1,concept-support,P3,VALIDATE,Verify 390/768/1440 light/dark; preserve labels and relationships; prefer SVG/vector source and meaningful alt text.
vm-metric-ladder,1,5,vm-01-01:c1,concept-support,P3,VALIDATE,Verify 390/768/1440 light/dark; preserve labels and relationships; prefer SVG/vector source and meaningful alt text.
vm-no-overlap,1,5,vm-05-01:c2,concept-support,P3,VALIDATE,Verify 390/768/1440 light/dark; preserve labels and relationships; prefer SVG/vector source and meaningful alt text.
vm-oz-to-lb,1,5,vm-01-02:c2,concept-support,P3,VALIDATE,Verify 390/768/1440 light/dark; preserve labels and relationships; prefer SVG/vector source and meaningful alt text.
vm-slice-layers,1,5,vm-03-02:c2,concept-support,P3,VALIDATE,Verify 390/768/1440 light/dark; preserve labels and relationships; prefer SVG/vector source and meaningful alt text.
vm-total-length,1,5,vm-02-02:c1,concept-support,P3,VALIDATE,Verify 390/768/1440 light/dark; preserve labels and relationships; prefer SVG/vector source and meaningful alt text.
vm-total-range,1,5,vm-02-01:c2,concept-support,P3,VALIDATE,Verify 390/768/1440 light/dark; preserve labels and relationships; prefer SVG/vector source and meaningful alt text.
vm-units-cubed,1,5,vm-04-02:c2,concept-support,P3,VALIDATE,Verify 390/768/1440 light/dark; preserve labels and relationships; prefer SVG/vector source and meaningful alt text.
vm-yard-to-inch,1,5,vm-01-03:c1,concept-support,P3,VALIDATE,Verify 390/768/1440 light/dark; preserve labels and relationships; prefer SVG/vector source and meaningful alt text.
