# sourceSeal=1116fa8 draws=24 — S242/GRB-04. Distinct ANSWERS, not distinct widgets.
# constant = many prompts, one answer: re-asking cannot measure anything. Some are legitimate
# invariance lessons and some are decoration; the distinction has to be read, not computed.
generator,form,widgetType,verdict,distinctPrompts,distinctAnswers,topAnswerShare,topAnswer,examplePrompt
g6-data-literacy,ddHistDisplayChoice,mcq,constant,24,1,1,A histogram — grouped intervals summariz,A study has 68 measurements spread from 9 to 62. Which display is usually more useful?
g6-center-spread,ddMeanMeaning,mcq,constant,24,1,1,The fair-share value if the total were d,The data 3  5  9  11 has mean 7  but 7 is not one of the observations. What does 7 represe
g6-center-spread,ddMeanMedianTail,mcq,constant,24,1,1,A high outlier or long right tail is pul,A data set has mean 30 and median 19. What shape is most likely?
g6-center-spread,ddIqrOutlierRobust,mcq,constant,24,1,1,The range — it uses the new extreme endp,A high value 91 joins the data 2  6  9  9  10  15  14  17. Which spread measure changes mo
g6-center-spread,ddSimilarClass,mcq,constant,24,1,1,Class A — its smaller IQR means the midd,Class A has center 9 and IQR 2. Class B has center 9 and IQR 11. Which class has more simi
fraction-benchmark,straddleHalf,exactNumberLab,constant,24,1,1, lt ,Which is bigger: 4/12 or 7/13?
inverse-pipeline,three,inversePipeline,constant,24,1,1,[ t-inv-f3   t-inv-f2   t-inv-f1 ],The machine does: + 3  − 5  × 4. Build the undo machine — last step first.
inverse-pipeline,multistep,inversePipeline,constant,24,1,1,[ t-inv-f4   t-inv-f3   t-inv-f2   t-inv,The machine does: − 4  × 5  − 4  ÷ 3. Build the undo machine — last step first.
inverse-pipeline,default,inversePipeline,constant,24,1,1,[ t-inv-f2   t-inv-f1 ],The machine does: + 1  × 2. Build the undo machine — last step first.
conic-classify,hyperbolaCase,mcq,constant,24,1,1,hyperbola,Classify 4x² − 2y² − 20 = 0 (A = 4  C = −2).
conic-classify,circleCase,mcq,constant,24,1,1,circle,Classify 5x² + 5y² − 13 = 0.
conic-classify,default,mcq,constant,24,1,1,ellipse,Classify 5x² + 2y² − 5x − 12 = 0 (A = 5  C = 2).
coordinate-plot,cgVerticalAlignment,mcq,constant,24,1,1,They line up vertically — the x-coordina,Point P is at (2  7) and point Q is at (2  1). What is true about P and Q?
end-behavior,poleClassify,mcq,constant,24,1,1,A vertical asymptote — the bottom vanish,f(x) = (4x − 2)/(x − 3). What happens at x = 3?
group-division,default,mcq,constant,24,1,1,How many teams form,14 kids split into teams of 2. What does 14 ÷ 2 count in this story?
independence-def,dependentCheck,mcq,constant,24,1,1,Dependent — knowing they take the bus ch,For 200 students: P(sport) = 0.67 and P(sport | bus) = 0.39. Are travel and sport independ
independence-def,default,mcq,constant,24,1,1,Suit and rank are independent — knowing ,P(ace) = 1/13 and P(ace | club) = 1/13. What does that tell you?
piecewise-eval,whyDisjoint,mcq,constant,24,1,1,So every input has exactly one owning ru,In p(x) = x + 3 for x < 6  and p(x) = x² for x ≥ 6  why are the conditions written x < 6 a
composite-multi,groupingOrder,mcq,constant,24,1,1,No — addition gives the same total regar,For a three-piece floor plan (91 + 36 + 12 = 139)  does grouping the addition differently 
even-odd-classify,evenPolynomial,mcq,constant,24,1,1,Even,Classify k(x) = 5x⁶ − x⁴ + 10.
identity-zero,timesZero,numeric,constant,24,1,1,0,What is 813 × 0?
nl-beyond-one,whereWhole,mcq,constant,24,1,1,Exactly on 1,Where does 4/4 land?
equivalent-fractions,whoIsRight,mcq,constant,24,1,1,The pieces are different sizes  so count,Nils says 2/4 is MORE than 1/2   because 2 pieces beat 1.   What is the real story?
compare-same-denom,default,fractionCompare,constant,24,1,1, right ,Which is more of the same cake: 2/6 or 3/6?
same-whole,pizzaClaim,mcq,constant,24,1,1,The pizzas aren't the same size,Leo ate 1/2 of a MINI pizza; Raj ate 1/8 of a FAMILY-SIZE one. Leo says  I ate more — 1/2 
same-whole,whichPair,mcq,constant,24,1,1,Only Kim vs Raj — and Kim ate more,Kim ate 2/3 of her small bag of trail mix; Raj ate 2/7 of his — their bags are the SAME si
same-whole,comparisonCondition,mcq,constant,24,1,1,The two drawings represent equal-size wh,A learner wants to compare 2/7 and 3/7 from two drawings. What must be confirmed first?
num-denom,denominatorEffect,mcq,constant,24,1,1,It becomes smaller,The numerator stays 1 while 1/6 changes to 1/10 of the same whole. What happens to the amo
attributes,default,mcq,constant,24,1,1,Yes — colour is not a defining attribute,A quadrilateral is painted green. Does it remain a quadrilateral?
quadrilaterals,trapezoidByParallel,mcq,constant,24,1,1,A trapezoid,A four-sided figure has exactly one pair of parallel sides  with bases 9 cm and 6 cm. What
quadrilaterals,default,mcq,constant,24,1,1,A rectangle,A four-sided figure has four right angles. Adjacent sides are 5 cm and 4 cm. What is it?
shape-hierarchy,rectangleNotSquare,mcq,constant,24,1,1,No — a rectangle may have unequal adjace,A rectangle measures 10 by 2. Must it be a square?
shape-hierarchy,hierarchyTruth,mcq,constant,24,1,1,Every square is also a rectangle,A square has side length 10. Which hierarchy statement is true?
shape-hierarchy,default,mcq,constant,24,1,1,Yes — it satisfies every rectangle rule,A square has four sides of 6 cm and four right angles. Is it also a rectangle?
sorting-rules,bothRules,mcq,constant,24,1,1,A square,The rules are “has a right angle” and “all sides equal.” Which 9-cm-sided shape passes bot
non-examples,threeRightAngles,mcq,constant,24,1,1,No — a rectangle requires four right ang,A four-sided figure has three right angles and one 108° angle. Is it a rectangle?
non-examples,misfitPurpose,mcq,constant,24,1,1,The contrast reveals exactly which defin,Why compare a valid 10-cm square with a near-miss 10-by-3 rectangle?
non-examples,unequalSideReject,mcq,constant,24,1,1,Its four sides are not all equal,A figure has four straight sides and four right angles  but adjacent sides are 7 cm and 3 
place-value,zeroPlaceholder,mcq,constant,24,1,1,The zero holds the tens place open,Why is 809 not the same number as 89?
compare-numbers,leadingDigitError,mcq,constant,24,1,1,The hundreds place must be compared befo,A learner says 786 > 825 because 8 is bigger than 2. What went wrong?
regroup-add,default,mcq,constant,24,1,1,One new ten made from 10 ones,In 68 + 73  a small 1 is carried above the tens column. What does it represent?
regroup-sub,default,mcq,constant,24,1,1,One ten was traded for 10 ones,In 50 − 27  the top tens digit changes from 5 to 4  and the top ones value changes from 0 
estimate-check,estimateCertainty,mcq,constant,24,1,1,No — a near estimate is a warning  not a,A hall seats 650. Groups of 77  93  117 want to enter. Their nearest-hundred estimate is a
bar-graph,scalePurpose,mcq,constant,24,1,1,Large values fit on the axis with fewer ,A graph must show values up to 28. Why might its vertical scale count by 2s instead of by 
area-distributive,preserveReason,mcq,constant,24,1,1,The same unit squares are regrouped; non,Why does cutting a 5-by-8 rectangle into a 5-by-3 piece and a 5-by-5 piece preserve its to
op-choice,default,mcq,constant,24,1,1,Bo — the packs are equal groups,Mia has 5 red pens and 3 blue pens. Bo has 6 packs with 7 pens in each pack. Who needs MUL
unknown-position,default,mcq,constant,24,1,1,The group count — how many plates,12 cupcakes are placed 2 to a plate. Which slot is the unknown?
addition-patterns,default,mcq,constant,24,1,1,Order never changes a sum,On an addition table  the cell for 6 + 3 matches the cell for 3 + 6. Why?
mult-patterns,default,mcq,constant,24,1,1,Turning the factors around does not chan,On a multiplication table  the cell for 3 × 2 matches the cell for 2 × 3. Why?
g7-triangle-inequality,frameCheck,triangleClosureLab,constant,24,1,1,{ angle :30  moves :2  choice : correct ,A triangular frame needs beams of 6  8  and 14 feet. Will they form a triangle?
pr-constant-k-g7,rrZeroAnchor,mcq,constant,24,1,1,The stacked marks stop sharing one multi,A student draws double number lines for 4 laps in 5 minutes but starts the minutes line at
g8-tm-rigid-motion,tmTranslateProperty,mcq,constant,24,1,1,Its location on the plane,After a coordinate figure is translated  which property can change?
g8-bv-prediction-limits,bvLimitExtrapolate,mcq,constant,24,1,1,Extrapolation — predicting beyond the ob,A model was fit using daily rainfall with x-values from 1 to 12. Using it at x = 29 is an 
g8-bv-prediction-limits,default,mcq,constant,24,1,1,Extrapolation — predicting beyond the ob,A model was fit using plant ages with x-values from 1 to 7. Using it at x = 33 is an examp
g8-les-isolate-variable,lesIsolateWhy,mcq,constant,24,1,1,To preserve equality while collecting th,In 5x + 9 = 2x + 27  why can 2x be subtracted from BOTH sides?
g8-les-solution-count,lesInfiniteMeaning,mcq,constant,24,1,1,Infinitely many solutions — the statemen,After simplifying an equation  the variable cancels and the result is 2 = 2. What does thi
g8-les-solution-count,lesClassifyOne,mcq,constant,24,1,1,One solution,Classify: 2x + 5 = 5x + 2.
g8-les-solution-count,lesClassifySame,mcq,constant,24,1,1,Infinitely many solutions,Classify: 4x + 5 = 4x + 5.
g8-les-solution-count,lesClassifyDistributed,mcq,constant,24,1,1,Infinitely many solutions,Classify: 2(x + 1) = 2x + 2.
g8-les-solution-count,lesClassifyChallenge,mcq,constant,24,1,1,Infinitely many solutions,Classify: 4(x + 5) = 4x + 20.
g8-les-system-meaning,lesPointFailsSecond,mcq,constant,24,1,1,No — it satisfies the first equation but,Does (4  6) solve the system y = x + 2 and y = 2x − 1?
g8-les-system-meaning,default,mcq,constant,24,1,1,No — it satisfies the first equation but,Does (2  6) solve the system y = 2x + 2 and y = −x − 1?
g8-les-system-count,lesCountParallelInt,mcq,constant,24,1,1,No solution,How many solutions does the system y = 3x + 1 and y = 3x + 4 have?
g8-les-system-count,lesCountParallelSigned,mcq,constant,24,1,1,No solution,How many solutions does the system y = −3x + 1 and y = −3x − 1 have?
g8-les-system-count,lesCountParallelFraction,mcq,constant,24,1,1,No solution,How many solutions does the system y = −½x and y = −½x − 3 have?
g8-les-system-count,lesCountSame,mcq,constant,24,1,1,Infinitely many solutions,How many solutions does the system y = 2x + 2 and y = 2x + 2 have?
g8-les-system-count,default,mcq,constant,24,1,1,No solution,How many solutions does the system y = 2x + 2 and y = 2x + 5 have?
g8-fn-function-definition,fgFunctionSharedOutput,mcq,constant,24,1,1,Yes — each input still has exactly one o,The mapping records Dee→Room 4; Emi→Room 4; Fox→Room 7. Several inputs share an output. Is
g8-fn-vertical-line,fgVltLine,mcq,constant,24,1,1,Passes — every x has at most one y,Does the graph of y = 2x + 1 pass the vertical-line test?
g8-fn-vertical-line,fgVltSideways,mcq,constant,24,1,1,Fails — some vertical lines intersect tw,Does the graph of x = (y − 3)² − 1 pass the vertical-line test?
g8-fn-vertical-line,fgVltUpright,mcq,constant,24,1,1,Passes — every x has at most one y,Does the graph of y = (x − 3)² − 1 pass the vertical-line test?
g8-fn-vertical-line,default,mcq,constant,24,1,1,Passes — every x has at most one y,Does the graph of y = 3x + 1 pass the vertical-line test?
g0-counting,countCompareEqualMcq,mcq,constant,24,1,1,They are equal,Compare 7 and 7. Which statement is true?
g1-counting-120,SkipTenMcq,mcq,constant,24,1,1,The ones digit,Counting 37  47  57  67: what stays the same?
g1-counting-120,TenMoreLessMcq,mcq,constant,24,1,1,The ones digit,When you add ten to 57  what usually stays the same?
g2-add-subtract-100,UnbundleSubMcq,mcq,constant,24,1,1,When the top ones are fewer than the bot,When solving 54 − 29  when do we break a ten?
g4-multiply,mbMultiplyTensMcq,mcq,constant,24,1,1,Because the factor is built from tens  s,Why does 5 × 80 equal (5 × 8) × 10?
a1-solving-equations,both-sides__mcq,mcq,constant,24,1,1,To preserve equality while collecting va,Why must the same x-term be removed from both sides of 5x + 7 = 4x + 14?
a1-solving-equations,lcd-clear__mcq,mcq,constant,24,1,1,Every term on both sides,When clearing x/4 + x/5 = 27 with the LCD 20  which terms are multiplied by 20?
a2-logarithms,lg-halflife__mcq,mcq,constant,24,1,1,The half-life,For N=602(1/2)^(t/12)  what does 12 represent?
a2-polynomials,pf-grouping__mcq,mcq,constant,24,1,1,No common binomial factor has appeared y,After grouping  the two groups become x²(x+4) + 3(x+3). What conclusion is justified?
a2-radicals,re-plusminus__mcq,mcq,constant,24,1,1,2,How many real solutions does x^(2/5)=4 have?
a2-rationals,rf-simplify__mcq,mcq,constant,24,1,1,No; x is part of sums  not a common fact,Can (x+4)/(x+5) be simplified by canceling x?
a2-series,sr-arith-apply__dragOrder,dragOrder,constant,24,1,1,[ Find the last term   Add the first and,Order the steps to sum 7 terms of an arithmetic sequence with first term 5 and difference 
g10-circle-theorems,cr-chord-arc__mcq,mcq,constant,24,1,1,The chords are congruent — the arc-chord,Two arcs in the same circle both measure 110°. What follows about their chords?  Reasoning
g10-circle-theorems,cr-secant-angles__mcq,mcq,constant,24,1,1,Half the difference of the two intercept,A photographer outside a circular fountain sights along two tangent lines to its rim. Whic
g10-constructions-proof,cp-square-triangle__mcq,mcq,constant,24,1,1,the square,Which inscribed polygon is built from two PERPENDICULAR diameters?  Reasoning check: Write
g10-constructions-proof,cp-tool-rules__mcq,mcq,constant,24,1,1,So the result is provably exact  not jus,Why do classical constructions forbid using the ruler's measurement marks?  Reasoning chec
g10-coordinate-proofs,cx-general-proof__mcq,mcq,constant,24,1,1,Each midpoint segment is a triangle mids,The figure shows each midpoint-parallelogram side parallel to a diagonal. Why does that pr
g10-coordinate-proofs,cx-parallel-proof__mcq,mcq,constant,24,1,1,Translations preserve segment directions,Which fact makes the translation proof work?  Reasoning check: Name the invariant first; t
g10-coordinate-proofs,cx-partition__mcq,mcq,constant,24,1,1,(8  6) — a quarter of the way from B tow,Same segment  but now P divides it 1 : 3 measured FROM B. Where does P land?  Reasoning ch
g10-coordinate-proofs,cx-perp-proof__mcq,mcq,constant,24,1,1,Yes — vertical meets horizontal at 90°  ,Lines x = 3 and y = −2: perpendicular?  Reasoning check: Trace the diagram information one
g10-geometry-foundations,gf-line-symmetry__mcq,mcq,constant,24,1,1,a square,Which shape has EXACTLY 4 lines of symmetry?  Reasoning check: Check whether the relations
g10-geometry-foundations,gf-rotation-rule__mcq,mcq,constant,24,1,1,(−5  −2),Apply a 90° counterclockwise rotation to (5  2)  then apply it AGAIN to the result. Where 
g10-geometry-foundations,gf-translation-rule__mcq,mcq,constant,24,1,1,(x  y) → (x + 5  y − 3),A translation sends A(3  5) to A′(8  2). What is the rule?  Reasoning check: Trace the dia
g10-polygons-quadrilaterals,pq-capstone__mcq,mcq,constant,24,1,1,Kite — two pairs of congruent CONSECUTIV,A figure shows tick marks: the two TOP sides match each other  the two BOTTOM sides match 
g10-polygons-quadrilaterals,pq-para-diagonals__mcq,mcq,constant,24,1,1,They bisect each other,Which diagonal property holds in EVERY parallelogram?  Reasoning check: Identify what is f
g10-polygons-quadrilaterals,default,mcq,constant,24,1,1,Kite — two pairs of congruent CONSECUTIV,A figure shows tick marks: the two TOP sides match each other  the two BOTTOM sides match 
g10-right-triangles,rt-choose-tool__mcq,mcq,constant,24,1,1,The triangle's height above base a,In Area = ½·a·b·sin C  the factor b·sin C is really:  Reasoning check: Name the invariant 
g10-right-triangles,rt-classify__mcq,mcq,constant,24,1,1,Obtuse — 81 > 16 + 49 = 65,Classify the triangle with sides 4  7  9.  Reasoning check: Use the labeled relationship b
g10-right-triangles,rt-elev-depress__mcq,mcq,constant,24,1,1,15° — alternate interior angles between ,From a cliff top  the angle of depression to a boat is 15°. What is the angle of ELEVATION
g10-right-triangles,rt-height-apps__mcq,mcq,constant,24,1,1,2500 ÷ tan 12°,A plane at 2500 m altitude sights an airport at 12° depression. Which computation gives th
g10-right-triangles,rt-inverse-trig__mcq,mcq,constant,24,1,1,cos⁻¹(adjacent ÷ hypotenuse),You know a triangle's ADJACENT leg and its HYPOTENUSE. Which inverse finds the angle?  Rea
g10-right-triangles,rt-law-cosines__mcq,mcq,constant,24,1,1,Law of Cosines — SAS is its home turf,You know two sides and the angle BETWEEN them. Which tool finds the third side?  Reasoning
g10-similarity,sy-dilation__mcq,mcq,constant,24,1,1,angle measures (the shape stays the same,Which is preserved by a dilation with scale factor 2?  Reasoning check: Name the invariant
g10-similarity,sy-scale__mcq,mcq,constant,24,1,1,multiply the model length by 50,To convert a scale-model length to the real length at scale 1 : 50  you should…  Reasoning
g10-solid-geometry,sg-cavalieri-apply__mcq,mcq,constant,24,1,1,Same height  and equal cross-section are,To prove two solids have equal volume via Cavalieri  you must establish:  Reasoning check:
g10-solid-geometry,sg-cylinder-justified__mcq,mcq,constant,24,1,1,The cylinder's sections are constantly π,The prism-to-cylinder justification works because:  Reasoning check: Check whether the rel
g10-solid-geometry,sg-density__mcq,mcq,constant,24,1,1,Floats — average density below water's  ,A solid pine block (density 0.6 g/cm³) of ANY shape is placed in water (density 1). It:  R
g10-solid-geometry,sg-modeling__mcq,mcq,constant,24,1,1,Heat generates with volume (k³) but esca,A mouse must eat constantly while an elephant doesn't. The k-law explanation:  Reasoning c
g10-solid-geometry,sg-third-story__mcq,mcq,constant,24,1,1,Similarity shrinks every pyramid's secti,The cube tiling certifies ⅓Bh for one special pyramid. Why does EVERY pyramid (any base  e
g10-solid-geometry,default,mcq,constant,24,1,1,Same height  and equal cross-section are,To prove two solids have equal volume via Cavalieri  you must establish:  Reasoning check:
g10-triangle-congruence,tc-sas__mcq,mcq,constant,24,1,1,SAS,Two triangles have two pairs of equal sides  and the angles BETWEEN those sides are equal.
g10-triangle-congruence,tc-triangle-inequality__mcq,mcq,constant,24,1,1,Check that the two shortest sides sum to,What's the fastest way to test whether three lengths form a triangle?  Reasoning check: Id
g12-conic-sections,conic-sections__co-abc__mcq,mcq,constant,24,1,1,(±4  0),For x²/25 + y²/9 = 1 (a = 5  b = 3  c = 4)  the foci are at:  Reasoning check: Translate t
g12-conic-sections,conic-sections__co-ecc-unify__buildExpression,buildExpression,constant,24,1,1,[ circle       ellipse       parabola   ,Ordered by increasing eccentricity  the sequence is:  Reasoning check: Identify the repres
g12-conic-sections,conic-sections__co-ecc-unify__mcq,mcq,constant,24,1,1,exactly e = 1,Which eccentricity gives a parabola?  Reasoning check: Sketch or annotate the situation be
g12-conic-sections,conic-sections__co-general-hp__mcq,mcq,constant,24,1,1,the parabola (only one squared term),Which conic does NOT require dividing to make the right side equal 1?  Reasoning check: Us
g12-function-analysis,function-analysis__fna-compose-order__mcq,mcq,constant,24,1,1,2x² − 1,With f(x) = 2x − 1 and g(x) = x²  which is the rule for f(g(x))?  Reasoning check: Use the
g12-function-analysis,function-analysis__fna-graph-read__buildExpression,buildExpression,constant,24,1,1,[ [   1       ∞   ) ],What is the range of y = |x − 3| + 1?  Reasoning check: Identify the representation and th
g12-limits-continuity,limits-continuity__lc-derivative__mcq,mcq,constant,24,1,1,2a,Taking h → 0 in the difference quotient 2a + h gives the derivative f′(a) =  Reasoning che
g12-limits-continuity,limits-continuity__lc-read-limit__mcq,mcq,constant,24,1,1,4,The curve approaches y = 4 at x = 2  but a filled dot marks (2  1). Then lim(x→2) f(x) equ
g12-polynomial-rational-analysis,polynomial-rational-analysis__pra-boundary-rule__buildExpression,buildExpression,constant,24,1,1,[ −4   ≤   x   <   2 ],Where is (x + 4)/(x − 2) ≤ 0?  Reasoning check: Identify the representation and the govern
g12-polynomial-rational-analysis,polynomial-rational-analysis__pra-conjugate__buildExpression,buildExpression,constant,24,1,1,[ x³   − x²   + 4x   − 4 ],The cubic with zeros 2i  −2i  and 1 (leading coefficient 1) is:  Reasoning check: Translat
g12-polynomial-rational-analysis,polynomial-rational-analysis__pra-portrait__buildExpression,buildExpression,constant,24,1,1,[ Vertical x = −2   and   slant y = 2x +,g(x) = (2x² + 5x + 1)/(x + 2). Which is its complete asymptote portrait?  Reasoning check:
g12-polynomial-rational-analysis,polynomial-rational-analysis__pra-rational-cuts__mcq,mcq,constant,24,1,1,The sign also flips at the excluded valu,A student charts x/(x − 5) using ONLY the cut x = 0. What goes wrong?  Reasoning check: Sk
g12-polynomial-rational-analysis,polynomial-rational-analysis__pra-rrt-test__buildExpression,buildExpression,constant,24,1,1,[ x =   2 ],g(x) = 2x³ − 3x² − 3x + 2. Which of these candidates is actually a zero?  Reasoning check:
g12-polynomial-rational-analysis,default,buildExpression,constant,24,1,1,[ −4   ≤   x   <   2 ],Where is (x + 4)/(x − 2) ≤ 0?  Reasoning check: Name what stays fixed before changing or c
g12-trig-graphs-inverses,trig-graphs-inverses__tg-cos-sin__buildExpression,buildExpression,constant,24,1,1,[ y = 5 cos(x   −   π/3   ) ],A sinusoid with amplitude 5  midline 0  period 2π has a PEAK at x = π/3. Its cosine form i
g12-vectors-matrices,vectors-matrices__vec-add__mcq,mcq,constant,24,1,1,⟨3  2⟩,Compute ⟨5  3⟩ − ⟨2  1⟩.  Reasoning check: Use the visible structure one step at a time an
g13-curve-analysis,curve-analysis__ca-concavity__mcq,mcq,constant,24,1,1,Falling  but the fall is levelling off —,A curve has f′ < 0 and f″ > 0. What is it doing?  Reasoning check: Translate the graph  ta
g13-curve-analysis,curve-analysis__ca-critical-point__mcq,mcq,constant,24,1,1,Because |x| has a minimum at its corner ,Why does the definition include 'f′ does not exist' as well as 'f′ = 0'?  Reasoning check:
g13-curve-analysis,curve-analysis__ca-evt__mcq,mcq,constant,24,1,1,It climbs all the way to 1 but never rea,Why does f(x) = x on the OPEN interval (0  1) have no maximum?  Reasoning check: Name what
g13-curve-analysis,curve-analysis__ca-optimisation-setup__dragOrder,dragOrder,constant,24,1,1,[ Write a formula for the quantity to be,Put an optimisation problem in the right order.  Reasoning check: Sketch or annotate the s
g13-curve-analysis,default,mcq,constant,24,1,1,Falling  but the fall is levelling off —,A curve has f′ < 0 and f″ > 0. What is it doing?  Reasoning check: Identify the representa
g13-derivative-rules,derivative-rules__dr-chain-nested__mcq,mcq,constant,24,1,1,Three — one for the root  one for the cu,How many factors will the derivative of √((2x + 1)³) have?  Reasoning check: Translate the
g13-derivative-rules,derivative-rules__dr-derivative-function__mcq,mcq,constant,24,1,1,A function — one slope for each input  h,You traced f′ for f(x) = x². What kind of object is f′?  Reasoning check: Mark the known q
g13-derivative-rules,derivative-rules__dr-flat-not-turning__mcq,mcq,constant,24,1,1,Neither — it flattens and keeps climbing,For f(x) = x³  f′(0) = 0. Does f have a peak or a valley at x = 0?  Reasoning check: Sketc
g13-derivative-rules,derivative-rules__dr-implicit__mcq,mcq,constant,24,1,1,2y·(dy/dx),Differentiating y² with respect to x gives what?  Reasoning check: Use the visible structu
g13-derivative-rules,derivative-rules__dr-limit-definition__mcq,mcq,constant,24,1,1,2x + h,f(x) = x². Simplify [f(x+h) − f(x)]/h before taking the limit.  Reasoning check: Use the v
g13-derivative-rules,derivative-rules__dr-local-linearity__mcq,mcq,constant,24,1,1,f is differentiable there — locally stra,You magnify a graph at a point and it becomes indistinguishable from a straight line. What
g13-derivative-rules,derivative-rules__dr-sign-of-derivative__matchPairs,matchPairs,constant,24,1,1,{ f is climbing steeply : f′ is large an,Match what f is doing to what f′ is doing.  Reasoning check: Translate the graph  table  o
g13-derivative-rules,derivative-rules__dr-trig-derivative__mcq,mcq,constant,24,1,1,Just past x = 0 the cosine is falling  s,Why does (cos x)′ = −sin x carry a minus sign?  Reasoning check: Use the visible structure
g13-derivatives-in-context,derivatives-in-context__dc-ladder__mcq,mcq,constant,24,1,1,2x(dx/dt) + 2y(dy/dt) = 0,Differentiate x² + y² = 100 with respect to time.  Reasoning check: Translate the graph  t
g13-derivatives-in-context,derivatives-in-context__dc-lhopital__mcq,mcq,constant,24,1,1,The form is not indeterminate — substitu,lim(x→0) (x² + 1)/(x + 1). A student applies L'Hôpital and gets 2x/1 = 0. What went wrong?
g13-derivatives-in-context,derivatives-in-context__dc-linearisation__mcq,mcq,constant,24,1,1,Too big — the tangent to a concave-down ,√x is concave down. Is the linear estimate of √9.1 too big or too small?  Reasoning check:
g13-differential-equations,differential-equations__de-euler__mcq,mcq,constant,24,1,1,y = eˣ is concave UP  so every tangent s,Euler gives 2.25 where the true answer is e ≈ 2.718. Why the undershoot?  Reasoning check:
g13-integration-accumulation,integration-accumulation__in-accumulation__mcq,mcq,constant,24,1,1,A dummy variable — it sweeps across the ,In A(x) = ∫₀ˣ f(t) dt  what is t?  Reasoning check: Translate the graph  table  or express
g13-integration-accumulation,integration-accumulation__in-choosing-u__mcq,mcq,constant,24,1,1,u = x³ + 1 — and du = 3x² dx  so x² dx =,For ∫ x²(x³ + 1)⁵ dx  what is u?  Reasoning check: Translate the graph  table  or expressi
g13-integration-accumulation,integration-accumulation__in-definite-integral__matchPairs,matchPairs,constant,24,1,1,{ ∫ : a stretched S — 'add them all up' ,Match each part of ∫ₐᵇ f(x) dx to what it was  back when it was rectangles.  Reasoning che
g13-integration-accumulation,integration-accumulation__in-ftc-unified__dragOrder,dragOrder,constant,24,1,1,[ A(x) = ∫ₐˣ f has A′ = f  so A is an an,Put the derivation of Part 2 in order.  Reasoning check: Use the visible structure one ste
g13-integration-accumulation,integration-accumulation__in-ftc2__mcq,mcq,constant,24,1,1,Two antiderivatives differ by a constant,Why can you use ANY antiderivative F when evaluating ∫ₐᵇ f?  Reasoning check: Identify the
g13-integration-accumulation,integration-accumulation__in-read-accumulation__matchPairs,matchPairs,constant,24,1,1,{ f is large and positive : A is climbin,Match what f is doing to what A is doing.  Reasoning check: Use the visible structure one 
g13-integration-accumulation,integration-accumulation__in-read-accumulation__mcq,mcq,constant,24,1,1,At x = 2  where f crosses zero from belo,f(x) = x − 2. Where is the accumulation A(x) = ∫₀ˣ f smallest?  Reasoning check: Translate
g13-integration-accumulation,integration-accumulation__in-signed-area__mcq,mcq,constant,24,1,1,∫ f = 2; the geometric area is 8.,f is above the axis with area 5  then below it with area 3. What is ∫ f  and what is the t
g13-integration-applications,integration-applications__ia-area-between__mcq,mcq,constant,24,1,1,y = x — test x = 0.5: it gives 0.5 again,On the interval (0  1)  which of y = x and y = x² is on top?  Reasoning check: Sketch or a
g13-integration-applications,default,mcq,constant,24,1,1,y = x — test x = 0.5: it gives 0.5 again,On the interval (0  1)  which of y = x and y = x² is on top?  Reasoning check: Identify th
g13-parametric-polar-calculus,parametric-polar-calculus__pc-arc-length__mcq,mcq,constant,24,1,1,The SPEED of the point — the magnitude o,What IS the quantity √((dx/dt)² + (dy/dt)²)?  Reasoning check: Mark the known quantities  
g13-parametric-polar-calculus,parametric-polar-calculus__pc-parametric-derivative__mcq,mcq,constant,24,1,1,When dy/dt = 0 and dx/dt ≠ 0 — y has sto,When does a parametric curve have a HORIZONTAL tangent?  Reasoning check: Use the visible 
g13-parametric-polar-calculus,parametric-polar-calculus__pc-polar-area__mcq,mcq,constant,24,1,1,A thin wedge is a TRIANGLE  and a triang,Why does the polar area formula carry a ½?  Reasoning check: Name what stays fixed before 
g13-parametric-polar-calculus,default,mcq,constant,24,1,1,The SPEED of the point — the magnitude o,What IS the quantity √((dx/dt)² + (dy/dt)²)?  Reasoning check: Use the visible structure o
g13-series-convergence,default,mcq,constant,24,1,1,Bouncing above and below  and closing in,The partial sums of 1 − 1/2 + 1/3 − 1/4 + … run 1  0.5  0.833  0.583  … What are they doin
g10-conditional-probability,conditional-probability__cpr-complement__mcq,mcq,constant,24,1,1,No heads at all (TTT),Three coins are flipped. What is the complement of  at least one head ?  Reasoning check: 
g10-conditional-probability,conditional-probability__cpr-indep-vs-disjoint__mcq,mcq,constant,24,1,1,Dependent — knowing it is a 5 drops P(ev,One die. A =  even   B =  shows a 5 . These are mutually exclusive. Are they independent? 
g10-conditional-probability,conditional-probability__cpr-joint-prob__matchPairs,matchPairs,constant,24,1,1,{ P(takes the bus) : 100/200   P(no spor,Match each probability to the count above 200.  Reasoning check: Translate the graph  tabl
g10-conditional-probability,conditional-probability__cpr-multiplication-rule__mcq,mcq,constant,24,1,1,When knowing A leaves the chance of B un,When can you compute P(A and B) as simply P(A) × P(B)?  Reasoning check: Name what stays f
g10-conditional-probability,conditional-probability__cpr-reversal-error__mcq,mcq,constant,24,1,1,P(plays a sport | walks) = 70/100, Of the students who walk  70% play a sport.  Which probability is that?  Reasoning check:
g10-conditional-probability,conditional-probability__cpr-table-union__mcq,mcq,constant,24,1,1,Those 40 students sit in both the row an,Why do we subtract the 40 when we add the bus row (100) to the sport column (110)?  Reason
g6-center-spread,ddShapeFromCenters,mcq,constant,23,1,1,A high outlier or long right tail is pul,A data set has mean 20 and median 12. What shape is most likely?
negative-intro,compareMixedSign,rationalCompare,constant,23,1,1, lt ,Compare -5 and 6. Which relation is true?
negative-intro,deeperSigned,rationalCompare,constant,23,1,1, lt ,A submarine is at -61 m and a fish is at -25 m. Compare their signed depths: -61 __ -25.
negative-intro,compareNegativeMixed,rationalCompare,constant,23,1,1, lt ,Compare -2 and -1/2. Which relation is true?
decimal-representation,trailingEquivalent,mcq,constant,23,1,1,All three are equal,How do 0.8  0.80  and 0.800 compare?
conic-classify,parabolaCase,mcq,constant,23,1,1,parabola,Classify x² − 8y = 0 (only x is squared).
end-behavior,vertAsymCount,numeric,constant,23,1,1,2,f(x) = 2x/(x² − 4). How many VERTICAL asymptotes does it have?
conditional-prob,suitRank,mcq,constant,23,1,1,1/13,You are told the card is a **spade**. What is P(jack | spade)?
count-prob,ratioMismatch,mcq,constant,23,1,1,It is wrong — the top counts groups whil,Three people are chosen from 9. P(all 3 come from a particular subgroup of 5) = C(5 3)/C(9
permutation-count,default,mcq,constant,23,1,1,A runner can win only one medal  so each,Why is the medal count 9 × 8 × 7 rather than 9 × 9 × 9?
times-nine,patternClaim,mcq,constant,23,1,1,The digits in each answer add to 9,Look at three consecutive ×9 answers: 27  36  45. Which statement stays true for ALL three
parity,oddFactors,mcq,constant,23,1,1,Both factors must be odd,Two whole numbers multiply to 33 — an odd number. What do you know about the factors?
build-fraction,default,mcq,constant,23,1,1,The pieces you're taking,What does the TOP number of 4/6 count?
equivalent-fractions,default,mcq,constant,23,1,1,They name the exact same point on the li,2/4 and 1/2 are equivalent. What does that mean?
compare-same-num,default,fractionCompare,constant,23,1,1, left ,Which is more of the same pizza: 2/5 or 2/7?
quadrilaterals,cgGuaranteedRhombus,mcq,constant,23,1,1,A rhombus,All you know is that a quadrilateral has four equal sides of 7 cm. What is the most specif
sorting-rules,default,mcq,constant,23,1,1,Inside the rule's group,Rule: “all sides equal.” Where does a rhombus with side length 7 cm go?
non-examples,default,mcq,constant,23,1,1,Every side of a triangle must be straigh,A closed three-sided figure has two straight sides and one curved side of length about 10 
partition-shapes,differentEqualCuts,mcq,constant,23,1,1,Both squares,Two equal-size squares are each split into 5 equal-area pieces. One uses strips and one us
pictograph,keyPurpose,mcq,constant,23,1,1,A few symbols can represent a much large,Why might a pictograph use a key where one symbol represents 6 points  instead of drawing 
pr-price-adjust-g7,priceMarkup,percentChangeLab,constant,23,1,1, correct ,A toy costs $20 wholesale. A store marks it up 25%. What is the new price?
pr-price-adjust-g7,priceMarkdown,percentChangeLab,constant,23,1,1, correct ,A book costs $40. It is 25% off. What is the sale price?
pr-price-adjust-g7,default,percentChangeLab,constant,23,1,1, correct ,A toy costs $80 wholesale. A store marks it up 50%. What is the new price?
g8-tm-cylinder-volume,tmCylinderBase,mcq,constant,23,1,1,The area of the circular base,For a cylinder with radius 7 and height 3  the formula is V = π × 7² × 3. What does π × 7²
g8-les-system-verify,default,mcq,constant,23,1,1,Yes — it satisfies both equations,Does (1  3) solve the system y = 3x and 2x + y = 5?
g8-fn-function-definition,default,mcq,constant,23,1,1,Yes — every input has exactly one output,A birthday rule records Jae→April 6; Kira→November 5; Luz→April 6. Is this relation a func
g2-add-subtract-100,TwoStepTradeMcq,mcq,constant,23,1,1,Break one ten into 10 ones,For 70 − 30  what must happen in the ones place?
g3-div-fluency,DivZeroMcq,mcq,constant,23,1,1,Undefined — division by zero has no answ,What is 5 ÷ 0?
a2-complex,cn-neg-eq__mcq,mcq,constant,23,1,1,Yes,Does x = 4i satisfy x² + 16 = 0?
a2-polynomials,pf-sketch__mcq,mcq,constant,23,1,1,The graph touches the axis and turns,For g(x)=(x−4)(x+1)x²  what happens at x=0?
a2-radicals,re-rules__mcq,mcq,constant,23,1,1,x,Simplify (x^(5/5))^(5/5).
a2-rationals,rf-opposite__mcq,mcq,constant,23,1,1,−1,Simplify (8−x)/(x−8).
g10-circle-theorems,cr-chord-perp__mcq,mcq,constant,23,1,1,Draw two chords on the rim arc; their pe,You have a fragment of a broken circular plate. How do you locate the original center?  Re
g10-circle-theorems,cr-tangent-chord__mcq,mcq,constant,23,1,1,The arc lying inside the angle — between,A tangent-chord angle halves “the intercepted arc.” Which arc is that?  Reasoning check: T
g10-circle-theorems,cr-tangent-perp__mcq,mcq,constant,23,1,1,T — where the radius meets the tangent,In the right triangle formed by center O  external point P  and tangency point T  the righ
g10-coordinate-proofs,cx-circle-eq__mcq,mcq,constant,23,1,1,Center (−4  5)  radius 3,The circle (x + 4)² + (y − 5)² = 9 has:  Reasoning check: Identify what is fixed before us
g10-coordinate-proofs,cx-dist-apps__mcq,mcq,constant,23,1,1,Right — 20 + 45 = 65  the Pythagorean co,A triangle's squared side lengths are 20  45  and 65. Classify it.  Reasoning check: Trace
g10-coordinate-proofs,cx-shoelace__mcq,mcq,constant,23,1,1,The raw sum flips sign (−88)  and the ab,Run the shoelace on the SAME quadrilateral but list the vertices clockwise. The result:  R
g10-geometry-foundations,gf-congruence-def__mcq,mcq,constant,23,1,1,some rigid motion maps ΔABC exactly onto,By definition  ΔABC ≅ ΔDEF means…  Reasoning check: Name the invariant first; then compute
g10-geometry-foundations,gf-definitions__mcq,mcq,constant,23,1,1,Every point at distance exactly 5 from O,Using the precise definition  which points make up circle with center O and radius 5?  Rea
g10-right-triangles,rt-law-sines__mcq,mcq,constant,23,1,1,All three angles  but no sides,Which information is NOT enough for the Law of Sines to find a missing side?  Reasoning ch
g10-right-triangles,rt-trig-apps__mcq,mcq,constant,23,1,1,x·tan 55° = (x + 30)·tan 40°,In the two-reading setup  which equation lets you find x (the near distance)?  Reasoning c
g10-similarity,sy-area-perimeter__mcq,mcq,constant,23,1,1,Perimeter by k  area by k²,For similar figures with scale factor k  how do perimeter and area scale?  Reasoning check
g10-similarity,sy-solving-right__mcq,mcq,constant,23,1,1,√(15 × 3),Segments are 3 and 12 (hypotenuse 15). Which expression gives the leg adjacent to the segm
g10-solid-geometry,sg-cavalieri__mcq,mcq,constant,23,1,1,Exactly equal — every level still holds ,Eight identical coins are stacked straight  then pushed into a lean. The leaning stack's v
g10-solid-geometry,sg-revolution__mcq,mcq,constant,23,1,1,A semicircle  about its diameter,Which flat region  spun about the indicated axis  sweeps a SPHERE?  Reasoning check: Use t
g10-triangle-congruence,tc-asa__mcq,mcq,constant,23,1,1,The two angles determine the third  so y,Why is AAS (two angles and a NON-included side) a valid congruence criterion?  Reasoning c
g10-triangle-congruence,tc-centroid__mcq,mcq,constant,23,1,1,A median goes to the opposite midpoint; ,What is the difference between a median and an altitude from a vertex?  Reasoning check: W
g10-triangle-congruence,tc-isosceles__mcq,mcq,constant,23,1,1,Bisect the apex angle  creating two tria,What construction proves the base angles equal?  Reasoning check: Use the labeled relation
g10-triangle-congruence,tc-sss__mcq,mcq,constant,23,1,1,Three side lengths determine a triangle',Why does SSS (three pairs of equal sides) guarantee congruence?  Reasoning check: Sketch t
g10-triangle-congruence,default,mcq,constant,23,1,1,The two angles determine the third  so y,Why is AAS (two angles and a NON-included side) a valid congruence criterion?  Reasoning c
g12-conic-sections,conic-sections__co-asymptote__mcq,mcq,constant,23,1,1,Hyperbola ADDS (c² = a² + b²); ellipse S,How does the hyperbola's focus rule differ from the ellipse's?  Reasoning check: Sketch or
g12-conic-sections,conic-sections__co-ellipse__mcq,mcq,constant,23,1,1,horizontal (along the x-axis),For x²/25 + y²/9 = 1  the major (long) axis is:  Reasoning check: Use the visible structur
g12-function-analysis,function-analysis__fna-even-odd__mcq,mcq,constant,23,1,1,f(−x) = f(x) for every x — the function ,A graph is symmetric about the y-axis. What must be true?  Reasoning check: Translate the 
g12-function-analysis,function-analysis__fna-inc-dec__mcq,mcq,constant,23,1,1,Increasing the whole way,What is y = x³ − 3x doing on the interval (1  ∞)?  Reasoning check: Sketch or annotate the
g12-polar-parametric,polar-parametric__pp-parabolic-path__mcq,mcq,constant,23,1,1,a downward parabola (negative x² coeffic,After eliminating t  the trajectory y in terms of x is:  Reasoning check: Translate the gr
g12-polynomial-rational-analysis,polynomial-rational-analysis__pra-rrt-list__mcq,mcq,constant,23,1,1,Every rational zero must appear on the l,Which statement about the Rational Root Theorem is true?  Reasoning check: Translate the g
g12-trig-graphs-inverses,trig-graphs-inverses__tg-cos-graph__mcq,mcq,constant,23,1,1,x = π/2  heading down,For y = 2 cos x + 3  where does the graph FIRST cross its midline (x > 0)?  Reasoning chec
g12-trig-graphs-inverses,trig-graphs-inverses__tg-tan-shape__mcq,mcq,constant,23,1,1,At the multiples of π (0  π  2π  …),Where does tan x equal 0?  Reasoning check: Sketch or annotate the situation before enteri
g12-trig-identities-equations,trig-identities-equations__ti-root-traps__mcq,mcq,constant,23,1,1,Squaring adds extraneous roots; dividing,Match the operation to its danger:  Reasoning check: Name what stays fixed before changing
g12-vectors-matrices,vectors-matrices__vec-direction__mcq,mcq,constant,23,1,1,126.87° (Quadrant II),The direction angle of v = ⟨−3  4⟩ is closest to:  Reasoning check: Use the visible struct
g12-vectors-matrices,vectors-matrices__vec-dot__mcq,mcq,constant,23,1,1,greater than 90° (obtuse),The dot product ⟨1  0⟩ · ⟨−2  5⟩ = −2. This means the angle between them is:  Reasoning ch
g12-vectors-matrices,vectors-matrices__vec-scalar__mcq,mcq,constant,23,1,1,⟨−2  −6⟩,Compute −2⟨1  3⟩.  Reasoning check: Sketch or annotate the situation before entering the r
g12-vectors-matrices,vectors-matrices__vec-solve-systems__mcq,mcq,constant,23,1,1,No unique solution (parallel or identica,A system's coefficient matrix has determinant 0. This means:  Reasoning check: Translate t
g13-curve-analysis,curve-analysis__ca-first-derivative-test__mcq,mcq,constant,23,1,1,On (−2  2) — the interval where f′ is ne,f′ is positive on (−∞  −2)  negative on (−2  2)  positive on (2  ∞). Where is f DECREASING
g13-curve-analysis,curve-analysis__ca-rolle__mcq,mcq,constant,23,1,1,Differentiability — there is a corner at,f(x) = |x| − 1 on [−1  1] has f(−1) = f(1) = 0  yet f′ is never zero. Which hypothesis fai
g13-curve-analysis,curve-analysis__ca-three-charts__matchPairs,matchPairs,constant,23,1,1,{ f′ > 0  f″ > 0 : climbing  and ever mo,Match each pair of signs to what the curve is doing.  Reasoning check: Translate the graph
g13-derivative-rules,derivative-rules__dr-differentiability__mcq,mcq,constant,23,1,1,Continuity is necessary for differentiab,|x| is continuous at x = 0 but has no derivative there. What does that tell you?  Reasonin
g13-derivative-rules,derivative-rules__dr-implicit-practice__mcq,mcq,constant,23,1,1,Because the curve has two points above m,On x² + y² = 25  why does dy/dx = −x/y depend on y as well as x?  Reasoning check: Use the
g13-derivative-rules,default,mcq,constant,23,1,1,Three — one for the root  one for the cu,How many factors will the derivative of √((2x + 1)³) have?  Reasoning check: Name what sta
g13-derivatives-in-context,derivatives-in-context__dc-differentials__mcq,mcq,constant,23,1,1,About 2% — the exponent is 1/2  so the r,A quantity s is measured with a 4% error. What is the error in √s?  Reasoning check: Sketc
g13-derivatives-in-context,derivatives-in-context__dc-motion__mcq,mcq,constant,23,1,1,Moving backward at a steady speed  for t,At t = 2: v = −3 and a = 0. What is the particle doing?  Reasoning check: Name what stays 
g13-derivatives-in-context,derivatives-in-context__dc-other-forms__mcq,mcq,constant,23,1,1,Rewrite as (ln x)/(1/x) — now it is −∞/∞,lim(x→0⁺) x·ln x is the indeterminate form 0·(−∞). How do you make L'Hôpital applicable?  
g13-differential-equations,differential-equations__de-equilibrium__mcq,mcq,constant,23,1,1,y = 4 is stable (it attracts); y = 0 is ,Solutions near y = 4 move TOWARD it from both sides. Solutions near y = 0 move AWAY from i
g13-differential-equations,differential-equations__de-separable__buildExpression,buildExpression,constant,23,1,1,[ (1/y) dy   =   2x dx ],Separate dy/dx = 2xy.  Reasoning check: Identify the representation and the governing rela
g13-differential-equations,differential-equations__de-slope-field__matchPairs,matchPairs,constant,23,1,1,{ dy/dx = 2 : every segment identical — ,Match each equation to what its field looks like.  Reasoning check: Name what stays fixed 
g13-differential-equations,default,mcq,constant,23,1,1,y = 4 is stable (it attracts); y = 0 is ,Solutions near y = 4 move TOWARD it from both sides. Solutions near y = 0 move AWAY from i
g13-integration-accumulation,integration-accumulation__in-antiderivative__mcq,mcq,constant,23,1,1,x⁴/4 + C,What is ∫ x³ dx?  Reasoning check: Identify the representation and the governing relations
g13-integration-accumulation,integration-accumulation__in-usub-limits__mcq,mcq,constant,23,1,1,u runs from 1 to 5.,For ∫₀² x(x² + 1)³ dx with u = x² + 1  what do the limits become?  Reasoning check: Identi
g13-integration-accumulation,integration-accumulation__in-usub__mcq,mcq,constant,23,1,1,u = x² + 1 — the inside of the bracket  ,In ∫ 2x(x² + 1)³ dx  what should u be?  Reasoning check: Translate the graph  table  or ex
g13-integration-applications,integration-applications__ia-cross-sections__mcq,mcq,constant,23,1,1,Only the constant: multiply the same ∫[f,The slices are equilateral TRIANGLES of side s = f(x)  instead of squares. What changes?  
g13-integration-applications,integration-applications__ia-washer__mcq,mcq,constant,23,1,1,π(3² − 1²) = 8π,A washer has outer radius 3 and inner radius 1. What is its face area?  Reasoning check: M
g13-series-convergence,series-convergence__sc-alternating__mcq,mcq,constant,23,1,1,Bouncing above and below  and closing in,The partial sums of 1 − 1/2 + 1/3 − 1/4 + … run 1  0.5  0.833  0.583  … What are they doin
g13-series-convergence,series-convergence__sc-ratio-test__mcq,mcq,constant,23,1,1,If |aₙ₊₁/aₙ| settles below 1  the tail e,Why does the ratio test work?  Reasoning check: Sketch or annotate the situation before en
g10-conditional-probability,conditional-probability__cpr-conditional-table__matchPairs,matchPairs,constant,23,1,1,{ Given they take the bus  they play a s,Each statement uses the same 40 students. Match it to its fraction.  Reasoning check: Iden
g10-conditional-probability,conditional-probability__cpr-indep-vs-disjoint__matchPairs,matchPairs,constant,23,1,1,{ Mutually exclusive : P(A ∪ B) = P(A) +,Match each property to the shortcut it licenses.  Reasoning check: Mark the known quantiti
g10-conditional-probability,conditional-probability__cpr-marginal-prob__mcq,mcq,constant,23,1,1,P(walks) = 100/200,Which of these is a **marginal** probability?  Reasoning check: Mark the known quantities 
g10-conditional-probability,conditional-probability__cpr-mutually-exclusive__mcq,mcq,constant,23,1,1, the number is even  and  the number is ,One card is drawn from cards 1–20. Which pair of events is mutually exclusive?  Reasoning 
prob-fraction,trialRelFreq,trialProbabilityLab,constant,22,1,1, correct ,A spinner landed on red 22 times out of 40 spins. Which fraction is the relative frequency
multiple-find,chartColumn,mcq,constant,22,1,1,Each new multiple moves exactly one full,A number chart is arranged in rows of 5. Why do the multiples of 5 form one straight colum
full-sketch,fallingSteepening,mcq,constant,22,1,1,Falling  and the fall is steepening (f′ ,For f = x³ − 3x² + 5  describe the curve on the interval (0  1).
even-odd-classify,default,mcq,constant,22,1,1,Odd,Classify g(x) = x³ − 4x.
nl-partition,whyEqualJumps,mcq,constant,22,1,1,Every jump has the same length,A learner marks 0 to 1 in 9 parts and calls each jump 1/9. What must be true?
nl-fraction,whereLands,mcq,constant,22,1,1,Exactly halfway — the same spot as 1/2,Where does 5/10 land?
line-plot,ddShapeSymmetric,mcq,constant,22,1,1,Roughly symmetric around the peak,The data 1  2  2  3  3  3  4  4  5 peaks at 3 and mirrors on both sides. What is its shape
g8-rns-decimal-classify,default,mcq,constant,22,1,1,Repeat,13/30 will:
g8-fn-function-definition,fgFunctionBirthday,mcq,constant,22,1,1,Yes — every input has exactly one output,A birthday rule records Dara→June 1; Eli→June 1; Finn→December 4. Is this relation a funct
g10-triangle-congruence,tc-incenter__mcq,mcq,constant,22,1,1,the inscribed circle  which touches all ,The incenter is the center of…  Reasoning check: Identify what is fixed before using the n
g10-triangle-congruence,tc-midsegment__mcq,mcq,constant,22,1,1,parallel to the third side and half its ,A midsegment of a triangle is guaranteed to be…  Reasoning check: Trace the diagram inform
g12-conic-sections,conic-sections__co-hyp-ecc__mcq,mcq,constant,22,1,1,(0  ±5),For y²/9 − x²/16 = 1 (c = 5)  the foci are at:  Reasoning check: Name what stays fixed bef
g12-function-analysis,function-analysis__fna-secant__mcq,mcq,constant,22,1,1,Its average rate of change there is 0 — ,A secant through two points on a curve is perfectly horizontal. What does that say about t
g12-limits-continuity,limits-continuity__lc-rationalize__mcq,mcq,constant,22,1,1,multiply by the conjugate,Substituting gives 0/0 in (√(x + 1) − 1)/x. The right technique is:  Reasoning check: Mark
g12-polar-parametric,polar-parametric__pp-polar-form__mcq,mcq,constant,22,1,1,3π/4,The argument of z = −1 + i is:  Reasoning check: Name what stays fixed before changing or 
g12-polynomial-rational-analysis,polynomial-rational-analysis__pra-fta-count__mcq,mcq,constant,22,1,1,1  −1  i  −i,f(x) = x⁴ − 1. Which list is ALL of its complex zeros?  Reasoning check: Name what stays f
g12-trig-graphs-inverses,trig-graphs-inverses__tg-mixed-comp__mcq,mcq,constant,22,1,1,+4/5 — branch angles always have cos ≥ 0,What is cos(arcsin(−3/5))?  Reasoning check: Translate the graph  table  or expression int
g12-trig-identities-equations,trig-identities-equations__ti-cos2-forms__mcq,mcq,constant,22,1,1,2cos²θ − 1 → gives 1 + 2cos²θ − 1 = 2cos,Which cos 2θ form makes 1 + cos 2θ collapse most cleanly?  Reasoning check: Identify the r
g13-curve-analysis,curve-analysis__ca-read-f-prime__matchPairs,matchPairs,constant,22,1,1,{ f′ is above the axis : f is rising   f,You are looking at a graph of f′. Match each feature to what it says about f.  Reasoning c
g13-derivative-rules,derivative-rules__dr-chain-rule__mcq,mcq,constant,22,1,1,15(3x + 1)⁴,For f(x) = (3x + 1)⁵  what is the derivative?  Reasoning check: Identify the representatio
g13-derivatives-in-context,derivatives-in-context__dc-other-forms__dragOrder,dragOrder,constant,22,1,1,[ ln x   x³   eˣ ],Order these from SLOWEST-growing to FASTEST  as x → ∞.  Reasoning check: Name what stays f
g13-integration-accumulation,default,mcq,constant,22,1,1,A dummy variable — it sweeps across the ,In A(x) = ∫₀ˣ f(t) dt  what is t?  Reasoning check: Use the visible structure one step at 
g13-integration-applications,integration-applications__ia-average-value__mcq,mcq,constant,22,1,1,The integral weights every x equally  an,For f(x) = x² on [0  3]  the average of the endpoint values is 4.5  but the true average v
g13-integration-applications,integration-applications__ia-washer__matchPairs,matchPairs,constant,22,1,1,{ Area between two curves : height = top,Match each quantity to what you measure on ONE slice.  Reasoning check: Sketch or annotate
g10-conditional-probability,conditional-probability__cpr-complement-table__mcq,mcq,constant,22,1,1, Bus or sport  and  walks and no sport ,A student is picked at random. Which pair of events are complements?  Reasoning check: Ske
shape-identify,default,tapDiagram,constant,21,1,1,[ g3 ],A shape has 4 straight sides  like a window pane. What is it?
pq-trapezoid,quadTotal,numeric,constant,21,1,1,360,Check that isosceles trapezoid (57  57  123  123): what do the four angles total?
negative-intro,colderNegatives,rationalCompare,constant,21,1,1, gt ,Compare the temperatures -3° and -6°. Use <  =  or >; the colder temperature is the smalle
even-odd-classify,neitherMixed,mcq,constant,21,1,1,Neither even nor odd,Classify h(x) = 5x² + x.
estimation,whenEstimate,mcq,constant,21,1,1,When a quick  close-enough value is usef,When is rounding to estimate the right move? Consider making a quick shopping budget.
quadrilaterals,allQuadrilateralSet,mcq,constant,21,1,1,rectangle  rhombus  trapezoid  square,Which list contains only four-sided shapes? Use a 5-cm reference side only to picture thei
partition-shapes,default,mcq,constant,21,1,1,No — fractional parts must be equal,A square is cut into 5 pieces  but one piece is larger than the others. Are these fifths?
g8-rns-decimal-classify,rnsPredictRepeatA,mcq,constant,21,1,1,Repeat,11/18 will:
g8-rns-decimal-classify,rnsPredictRepeatB,mcq,constant,21,1,1,Repeat,2/15 will:
g8-tm-dilation-similarity,tmDilationCongruent,mcq,constant,21,1,1,No — corresponding lengths are multiplie,A figure is dilated by scale factor 2. Is the image congruent to the original?
g8-bv-judge-fit,bvJudgeCompare,mcq,constant,21,1,1,Line P — it is close and balanced,Line P has close dots split above and below it. Line Q is equally close  but every dot is 
a2-polynomials,pf-cubes__mcq,mcq,constant,21,1,1,1,How many real zeros does x³ + 512 have?
a2-polynomials,pf-zeros__numeric,numeric,constant,21,1,1,3,How many x-intercepts does f(x)=(x−-4)(x−-1)(x−3) have?
g12-conic-sections,conic-sections__co-reflector__mcq,mcq,constant,21,1,1,A parallel beam of light,In a flashlight with a parabolic mirror  placing the bulb at the focus produces:  Reasonin
g12-conic-sections,default,mcq,constant,21,1,1,(±4  0),For x²/25 + y²/9 = 1 (a = 5  b = 3  c = 4)  the foci are at:  Reasoning check: Translate t
g12-function-analysis,function-analysis__fna-decompose__mcq,mcq,constant,21,1,1,C(g(m)),g(m) gives gallons used for m miles; C(g) gives the cost of g gallons. Which composition g
g12-limits-continuity,default,mcq,constant,21,1,1,difference quotient,The average rate of change (f(a + h) − f(a))/h is also called the:  Reasoning check: Sketc
g12-polar-parametric,polar-parametric__pp-roses__mcq,mcq,constant,21,1,1,5 petals  each 3 units long,Describe r = 3 sin(5θ).  Reasoning check: Use the visible structure one step at a time and
g12-polynomial-rational-analysis,polynomial-rational-analysis__pra-mult-shortcut__mcq,mcq,constant,21,1,1,stays positive — even multiplicity  no f,Crossing the zero x = 3 (multiplicity 2) from right to left  the sign of g:  Reasoning che
g12-trig-graphs-inverses,trig-graphs-inverses__tg-five-points__mcq,mcq,constant,21,1,1,x = 11π/12,For y = 2 sin(2(x − π/6)) − 1  where is the TROUGH of this period?  Reasoning check: Ident
g12-trig-graphs-inverses,trig-graphs-inverses__tg-four-dials__mcq,mcq,constant,21,1,1,x = π/2,Same function: y = 3 sin(2(x − π/4)) + 1. Where is its first peak for x ≥ 0?  Reasoning ch
g12-trig-identities-equations,trig-identities-equations__ti-convert-solve__mcq,mcq,constant,21,1,1,sin²x = 1 − cos²x (convert to all cosine,For 2sin²x + cos x − 1 = 0  the smart substitution is:  Reasoning check: Identify the repr
g12-vectors-matrices,vectors-matrices__vec-components__mcq,mcq,constant,21,1,1,Velocity (50 km/h north),Which quantity is a VECTOR  not a scalar?  Reasoning check: Sketch or annotate the situati
g12-vectors-matrices,vectors-matrices__vec-displacement__mcq,mcq,constant,21,1,1,⟨0  0⟩  the zero vector,The displacement from a point to itself is:  Reasoning check: Name what stays fixed before
g12-vectors-matrices,default,mcq,constant,21,1,1,⟨3  2⟩,Compute ⟨5  3⟩ − ⟨2  1⟩.  Reasoning check: Mark the known quantities  then choose the oper
g6-data-literacy,ddHistEqualBins,mcq,constant,20,1,1,The last bin is twice as wide as the fir,A histogram uses bins 30–34  35–39  and 40–49. What is wrong with this binning?
negative-intro,compareNegatives,rationalCompare,constant,20,1,1, gt ,Compare -4 and -7. Which relation is true?
variable-meaning,independentPay,mcq,constant,20,1,1,h (hours worked),In pay = 6h  which variable is independent?
orbit-ecc,comet,mcq,constant,20,1,1,a very elongated ellipse (bound  it retu,A comet has orbital eccentricity e = 0.91. Its orbit is:
domain-restrict,allReals,mcq,constant,20,1,1,all real numbers,What is the domain of y = 3x − 4?
compare-same-num,pizzaSlices,fractionCompare,constant,20,1,1, left ,Two same-size pizzas. Kai takes 2 slices of the one cut into 3; Sol takes 2 slices of the 
quadrilaterals,rhombusBySides,mcq,constant,20,1,1,A rhombus,A four-sided figure has four equal sides of 12 cm  but its angles are not right angles. Wh
g8-rns-root-classify,rnsClassifyGrowingDecimal,mcq,constant,20,1,1,Irrational — it never repeats one fixed ,Is 0.353355333… (the run lengths continue growing) (the runs of 3 and 5 keep growing) rati
g8-tm-congruence,tmCongruenceEnlarge,mcq,constant,20,1,1,No — the dilation changes every nonzero ,Shape B is a dilation of shape A by scale factor 3. Are the two shapes congruent?
g8-tm-dilation-similarity,default,mcq,constant,20,1,1,No — corresponding lengths are multiplie,A figure is dilated by scale factor 2. Is the image congruent to the original?
g8-bv-outlier-impact,default,mcq,constant,20,1,1,It can pull the fitted line away from th,One point sits far below the main scatter-plot cloud. Why should you notice it before draw
g8-bv-fit-idea,bvFitPurpose,mcq,constant,20,1,1,It condenses the scattered cloud into a ,Why summarize a scatter plot of temperature and energy use with a line of best fit?
g12-conic-sections,conic-sections__co-parabola-eqn__mcq,mcq,constant,20,1,1,(0  2),Where is the focus of y = x²/8?  Reasoning check: Use the visible structure one step at a 
g12-limits-continuity,limits-continuity__lc-avg-rate__mcq,mcq,constant,20,1,1,difference quotient,The average rate of change (f(a + h) − f(a))/h is also called the:  Reasoning check: Mark 
g12-limits-continuity,limits-continuity__lc-series-limit__mcq,mcq,constant,20,1,1,exactly 1,The repeating decimal 0.999… equals which number exactly?  Reasoning check: Use the visibl
g12-polynomial-rational-analysis,polynomial-rational-analysis__pra-ineq-scratch__mcq,mcq,constant,20,1,1,Same intervals  but all endpoints exclud,How does the answer change for the STRICT inequality x³ > 4x?  Reasoning check: Identify t
g12-vectors-matrices,vectors-matrices__vec-determinant__mcq,mcq,constant,20,1,1,No — its determinant is 0,Does [[3  6]  [1  2]] have an inverse?  Reasoning check: Identify the representation and t
g13-parametric-polar-calculus,parametric-polar-calculus__pc-vector-motion__mcq,mcq,constant,20,1,1,Yes — a = ⟨−cos t  −sin t⟩ has magnitude,A particle moves on the unit circle: r = ⟨cos t  sin t⟩. Its speed is 1 at every instant. 
orbit-ecc,flyby,mcq,constant,19,1,1,pass once and never return (unbound),An interstellar object passes the Sun on a path with e = 1.7. It will:
orbit-ecc,default,mcq,constant,19,1,1,nearly a perfect circle,A planet's orbit has eccentricity e ≈ 0.04. This means its orbit is:
g8-bv-outlier-impact,bvOutlierImpact,mcq,constant,19,1,1,It can pull the fitted line away from th,One point sits far above the main scatter-plot cloud. Why should you notice it before draw
g10-polygons-quadrilaterals,pq-square__numeric,numeric,constant,19,1,1,7.07,A square's DIAGONAL is 10. Its side (2 decimals)?  Reasoning check: Mark the given quantit
g12-limits-continuity,limits-continuity__lc-limit-idea__mcq,mcq,constant,19,1,1,5 (the approach wins),If f(x) approaches 5 as x → 3  but f(3) = 1 (a lone point off the curve)  then lim(x→3) f(
g12-trig-identities-equations,trig-identities-equations__ti-double-basic__mcq,mcq,constant,19,1,1,sin 40°,2 sin 20° cos 20° equals:  Reasoning check: Sketch or annotate the situation before enteri
range-floor,allRealsRange,mcq,constant,18,1,1,all real numbers,What is the range of y = x³?
g7-circle-area,circleUseCase,mcq,constant,18,1,1,Boundary: C = 2πr; covering: A = πr²,A designer needs edging around a circular garden and mulch filling the garden. Which formu
g8-esn-power-meaning,default,numeric,constant,18,1,1,1,Evaluate 2⁰ = ?
g8-bv-fit-idea,bvFitBalance,mcq,constant,18,1,1,No — the line is not balanced; most dots,A student draws a line along the bottom of a cloud  so almost every dot lies above it. Is 
g1-counting-120,To120Mcq,mcq,constant,18,1,1,101,Counting by ones  what comes right after 100?
g4-measure,mcLinePlotBuildMcq,mcq,constant,18,1,1,Two marks at 1/4  one at 1/2  and one at,The dataset is 1/4  1/4  1/2  3/4. Which line-plot description matches it?
g4-place-million,pvAcrossZerosMcq,mcq,constant,18,1,1,Each becomes 9 after passing one unit to,A borrow passes through two zeros. What happens to those crossed zeros?
a2-trig,tf-model__mcq,mcq,constant,18,1,1,It starts at the minimum height when t=0,Why might a ride-height model begin with −A cos(ωt) instead of +A sin(ωt)?
g10-polygons-quadrilaterals,pq-para-tests__numeric,numeric,constant,18,1,1,11,Quadrilateral ABCD has diagonals meeting at O  with AO = x + 4 and OC = 3x − 10. For what 
g13-derivatives-in-context,derivatives-in-context__dc-other-forms__numeric,numeric,constant,18,1,1,0,lim(x→∞) x/eˣ. Apply L'Hôpital and give the value.  Reasoning check: Name what stays fixed
line-of-fit,interceptZero,affineRelationshipLab,constant,17,1,1,0,A line of best fit is y = −5x. What is its y-intercept?
nl-unit,fixMistake,numberLinePlace,constant,17,1,1,1,Ada placed 1/8 at the 8th mark and got it wrong. Place 1/8 where it really belongs.
attributes,cgSquareExtra,mcq,constant,17,1,1,All four sides are equal,Every square is a rectangle. Which EXTRA defining attribute makes a square more specific t
line-plot,ddShapeOutlier,mcq,constant,17,1,1,It is an outlier  isolated beyond a gap ,In the data 2  2  2  3  3  4  5  9  what role does 9 play?
tiling,whichTiles,mcq,constant,17,1,1,Equal square tiles placed edge to edge i,Which covering measures a rectangular floor's area without gaps or overlaps?
pr-constant-k-g7,rrToolChoice,mcq,constant,17,1,1,A ratio table with one row for each part,You need recipe amounts for 4 different party sizes from one ratio. Which tool fits the jo
g8-tm-rigid-motion,tmReflectProperty,mcq,constant,17,1,1,Corresponding lengths and angles stay eq,Which statement is always true after a figure is reflected across a line?
g8-tm-congruence,default,mcq,constant,17,1,1,All corresponding side lengths and angle,If two polygons are congruent  what must be true?
g1-counting-120,ChartPatternMcq,mcq,constant,17,1,1,The same ones digit,What do numbers in the same column of a 1–120 chart share?
g4-lines-angles,laParallelLinesMcq,mcq,constant,17,1,1,They stay the same distance apart and ne,Which statement is always true about two parallel lines in a plane?
g4-measure,mcProtractorReadingMcq,mcq,constant,17,1,1,The scale that begins with 0° on the rig,A ray starts at the protractor's 0° mark on the right. Which scale should you read?
a1-solving-equations,both-sides-inequality__mcq,mcq,constant,17,1,1,When multiplying or dividing both sides ,When solving a both-sides inequality  when must the inequality symbol reverse?
a1-solving-equations,multi-literal__mcq,mcq,constant,17,1,1,x = (c - a)/2,Solve 2x + a = c for x.
a2-complex,cn-add-sub__mcq,mcq,constant,17,1,1,They are coefficients of different basis,Why do real and imaginary parts combine separately in a complex sum?
a2-logarithms,lg-graph__mcq,mcq,constant,17,1,1,Its domain is x>0 and it has vertical as,Which statement is true for y=log_b(x)  where b>1?
a2-polynomials,pf-anatomy__mcq,mcq,constant,17,1,1,f(x)=3/x + 2,Which expression is not a polynomial function?
a2-polynomials,pf-long-div__mcq,mcq,constant,17,1,1,Verify dividend = divisor·quotient + rem,What is the fastest complete check of a polynomial division result?
a2-radicals,re-solve__mcq,mcq,constant,17,1,1,Check every candidate in the original eq,What final step is mandatory after solving a radical equation by squaring?
a2-statistics,si-margin__mcq,mcq,constant,17,1,1,45% to 51%,A poll reports 48% with margin of error 3 points. Which interval matches?
a2-statistics,si-standard-error__mcq,mcq,constant,17,1,1,Neither; with tiny sampling fractions th,Two 1 000-person polls sample from populations of 100 000 and 100 million. Which has notic
a2-trig,tf-identity__mcq,mcq,constant,17,1,1,Both 0.8 and −0.8 have square 0.64.,Why does solving cos²θ=0.64 first give cosθ=±0.8?
g10-constructions-proof,cp-converses__numeric,numeric,constant,17,1,1,34,Two lines are cut by a transversal. The co-interior (same-side interior) angles are (2x + 
g10-polygons-quadrilaterals,pq-exterior-sum__numeric,numeric,constant,17,1,1,70,Four exterior angles of a pentagon are 85°  60°  70°  and 75°. The fifth?  Reasoning check
g10-polygons-quadrilaterals,pq-interior-sum__numeric,numeric,constant,17,1,1,115,Four angles of a pentagon are 100°  110°  95°  and 120°. Find the fifth.  Reasoning check:
g10-right-triangles,rt-454590-apply__numeric,numeric,constant,17,1,1,11.31,A square has sides of 8 cm. How long is its diagonal (cm  2 decimals)?  Reasoning check: U
g10-right-triangles,rt-pythagorean__numeric,numeric,constant,17,1,1,10,A right triangle has legs 6 and 8. Find the hypotenuse.  Reasoning check: Mark the given q
g10-right-triangles,rt-trig-constant__numeric,numeric,constant,17,1,1,1,Using the 45-45-90 ratio (legs 1  1  hypotenuse √2): what is tan 45° exactly?  Reasoning c
g10-similarity,sy-sas-similar__numeric,numeric,constant,17,1,1,15,Triangles share angle A. AD = 4  AB = 10  and AE = 6. For the triangles to be similar by S
g10-triangle-congruence,tc-cpctc__numeric,numeric,constant,17,1,1,15,△ABC ≅ △DEF has been proven. If AB = 15  what is DE?  Reasoning check: Sketch the relation
g10-triangle-congruence,tc-isosceles-converse__numeric,numeric,constant,17,1,1,60,A triangle has two base angles measuring (3x)° and (2x + 20)°  and they are equal. Find th
g12-trig-graphs-inverses,trig-graphs-inverses__tg-tan-transform__numeric,numeric,constant,17,1,1,3,The first positive wall of y = tan(x − π/6) is at x = 2π/n. What is n?  Reasoning check: M
g13-curve-analysis,curve-analysis__ca-inflection__numeric,numeric,constant,17,1,1,2,f(x) = x⁴ − 4x³. How many inflection points does it have?  Reasoning check: Use the visibl
g13-derivative-rules,derivative-rules__dr-derivative-function__numeric,numeric,constant,17,1,1,-8,For f(x) = x²  find f′(−4).  Reasoning check: Name what stays fixed before changing or com
g6-data-literacy,ddStatDefinition,mcq,constant,16,1,1,It expects the individual answers to var,A class asks   How many goals scored this season for each of the players on a team?  What 
g6-data-literacy,ddDataMixedQuestions,mcq,constant,16,1,1,The values answer different questions  s,A sheet accidentally mixes answers for  minutes read  and  number of siblings  into one li
g6-center-spread,ddCenterTypical,mcq,constant,16,1,1,The median — the high outlier would pull,A report needs one number for a typical value in salaries in a small company with one exec
orbit-ecc,reflector,mcq,constant,16,1,1,parabola,A satellite dish concentrates parallel incoming signals at one point. Its cross-section is
box-volume,volumeFormula,mcq,constant,16,1,1,V = B × h,A prism has base area B and height h. Which formula gives its volume?
g8-tm-congruence,tmCongruenceMeaning,mcq,constant,16,1,1,All corresponding side lengths and angle,If two polygons are congruent  what must be true?
g8-bv-fit-idea,default,mcq,constant,16,1,1,No — it should be close to and balanced ,Must a line of best fit pass through an observed data point?
g8-bv-judge-fit,bvJudgeDistance,mcq,constant,16,1,1,The overall distances from the dots to t,Which single idea most directly measures how well a line fits a scatter plot?
g8-bv-categorical-association,bvCatWhyRates,mcq,constant,16,1,1,Rates adjust for group size  so the comp,Why compare relative frequencies instead of raw counts when two table rows have different 
g1-counting-120,MixJumpsMcq,mcq,constant,16,1,1,The tens digit,A jump of ten changes which place-value digit?
g1-shapes-measure,Smg1HalvesMcq,mcq,constant,16,1,1,A half,A shape is split into 2 equal parts. What is each part called?
g1-shapes-measure,Smg1HalvesFourthsMcq,mcq,constant,16,1,1,A fourth,Which is smaller: a half or a fourth?
g1-shapes-measure,Smg1SolidPartsMcq,mcq,constant,16,1,1,Cube,Which solid has 6 flat faces and no curved surface?
g4-lines-angles,laAngleFormationMcq,mcq,constant,16,1,1,A common endpoint called the vertex,What must two rays share in order to form an angle?
g4-place-million,pvSubtractMcq,mcq,constant,16,1,1,Break one unit from the next place left ,When the top digit in a subtraction column is too small  what should happen?
a2-complex,cn-method-choice__mcq,mcq,constant,16,1,1,The quadratic formula,Which method is guaranteed to solve every quadratic equation?
a2-polynomials,pf-div-theorems__mcq,mcq,constant,16,1,1,The remainder is 0,If f(5)=0  what must be true when f(x) is divided by x−5?
a2-polynomials,pf-long-div__numeric,exactNumberLab,constant,16,1,1,1,Find the remainder when x²+9x+21 is divided by x+4.
a2-polynomials,pf-turning__mcq,mcq,constant,16,1,1,4,Which number of turning points is possible for a degree-5 polynomial?
a2-statistics,si-bias-vs-variability__mcq,mcq,constant,16,1,1,It reduces random variability but does n,A huge voluntary online poll is strongly biased. What does the huge sample mainly improve?
a2-statistics,si-bias__mcq,mcq,constant,16,1,1,How many hours did you exercise last wee,Which survey question is least biased?
a2-statistics,si-causation__mcq,mcq,constant,16,1,1,The association may reflect confounding ,An observational study finds breakfast eaters score higher. What is the main limitation?
a2-statistics,si-ci-meaning__mcq,mcq,constant,16,1,1,The method is designed to capture the po,A 95% confidence interval is 44% to 52%. Which statement is appropriate?
a2-statistics,si-parameter-statistic__matchPairs,matchPairs,constant,16,1,1,{ Population mean μ : Population paramet,Match each quantity to its role.
a2-statistics,si-pvalue-idea__mcq,mcq,constant,16,1,1,Results at least this extreme are common,A p-value of 0.79 means what?
a2-statistics,si-sampling-dist__mcq,mcq,constant,16,1,1,It becomes narrower around the same para,What happens to a sampling distribution when n increases substantially?
a2-statistics,si-study-type__mcq,mcq,constant,16,1,1,Observational study,Researchers follow adults for ten years without assigning exercise. What type of study is 
a2-trig,tf-unit-circle__mcq,mcq,constant,16,1,1,Quadrant III,In which quadrant are both sine and cosine negative?
g10-circle-theorems,cr-arc-length__numeric,numeric,constant,16,1,1,96,A circle has radius 15  and an arc on it has length 8π. Find the arc's degree measure.  Re
g10-constructions-proof,cp-hexagon__numeric,numeric,constant,16,1,1,120,What is the measure of each INTERIOR angle of a regular hexagon  in degrees?  Reasoning ch
g10-constructions-proof,cp-perp-from-point__numeric,numeric,constant,16,1,1,0,Place the line on the x-axis and P at (0  4). The perpendicular dropped from P meets the l
g10-geometry-foundations,gf-find-motion__numeric,numeric,constant,16,1,1,4,Using the translation (x  y) → (x + 2  y + 4) from the last problem: point (2  2) lies ins
g10-geometry-foundations,gf-rotational-symmetry__numeric,numeric,constant,16,1,1,60,A regular hexagon has rotational symmetry of order 6. What is its SMALLEST matching rotati
g10-right-triangles,rt-306090-apply__numeric,numeric,constant,16,1,1,8.66,An equilateral triangle has sides of 10 cm. How tall is it (cm  2 decimals)?  Reasoning ch
g10-right-triangles,rt-triples__numeric,numeric,constant,16,1,1,50,Legs 30 and 40 — use a scaled triple to name the hypotenuse instantly.  Reasoning check: C
g10-similarity,sy-indirect__numeric,numeric,constant,16,1,1,20,A 5-ft person casts an 8-ft shadow while a building casts a 32-ft shadow. How tall is the 
g10-similarity,sy-proportions-figures__numeric,numeric,constant,16,1,1,6,A parallel line splits the sides: AD = 6  DB = 4  AE = 9. Find EC.  Reasoning check: Trace
g12-function-analysis,function-analysis__fna-one-to-one__numeric,exactNumberLab,constant,16,1,1,4,h(x) = |x|. What OUTPUT value do the inputs 4 and −4 collide at?  Reasoning check: Identif
g12-polar-parametric,polar-parametric__pp-parametrize__pointEntry,pointEntry,constant,16,1,1,[0 -1],For x = cos t  y = −sin t  where is the point at t = π/2?  Reasoning check: Identify the r
g12-trig-graphs-inverses,trig-graphs-inverses__tg-arccos__numeric,numeric,constant,16,1,1,4,arctan(1) = π/n. What is n?  Reasoning check: Identify the representation and the governin
g13-integration-accumulation,integration-accumulation__in-read-accumulation__numeric,numeric,constant,16,1,1,1,f(x) = x − 2 on [0  4]. How many turning points does A(x) = ∫₀ˣ f have?  Reasoning check: 
g13-integration-accumulation,integration-accumulation__in-signed-area__numeric,numeric,constant,16,1,1,-2,f(x) = x − 2. Find A(2) = ∫₀² (x − 2) dx.  Reasoning check: Name what stays fixed before c
g6-data-literacy,default,mcq,constant,15,1,1,It expects the individual answers to var,A class asks   How many goals scored this season for each of the players on a team?  What 
variable-meaning,independentLaps,mcq,constant,15,1,1,number of laps,A track is 200 metres per lap. Distance = 200 × (number of laps). Which is the independent
quadrilaterals,cgParallelogramNotGuaranteed,mcq,constant,15,1,1,It has a right angle,A shape is known only to be a parallelogram. Which property is NOT guaranteed?
shape-hierarchy,cgParallelogramTrapezoid,mcq,constant,15,1,1,Never — two parallel pairs cannot satisf,Using the definition “a trapezoid has exactly one pair of parallel sides ” is a parallelog
g7-sp-likelihood-words,spLikelihoodCertain,mcq,constant,15,1,1,certain,The probability of choosing a month that has at least 28 days is 1. Which word describes t
g8-esn-power-meaning,esnPowerZero,numeric,constant,15,1,1,1,Evaluate 2⁰ = ?
g8-bv-fit-idea,bvFitTouch,mcq,constant,15,1,1,No — it should be close to and balanced ,Must a line of best fit pass through an observed data point?
g2-add-subtract-100,ParitySumMcq,mcq,constant,15,1,1,even,Every double  such as 7 + 7  is always…
g4-lines-angles,laPerpendicularLinesMcq,mcq,constant,15,1,1,They intersect to form four right angles,What identifies two perpendicular lines?
g4-measure,mcDegreeMeasurementMcq,mcq,constant,15,1,1,Degrees,Which unit is used to measure the amount an angle turns?
g4-place-million,pvAddMcq,mcq,constant,15,1,1,Write 6 in the column and carry 1 to the,A column sum is 16. What should be written and carried?
a1-solving-equations,literal-eq__mcq,mcq,constant,15,1,1,t = d/r,Using d = rt  which formula solves for t?
a2-complex,cn-cts-solve__mcq,mcq,constant,15,1,1,It preserves equality while creating a p,Why is the same square added to both sides when completing the square?
a2-transformations,ft-arith__mcq,mcq,constant,15,1,1,f(x) − g(x),What does (f − g)(x) mean?
a2-logarithms,lg-e__mcq,mcq,constant,15,1,1,Faster than 2^x but slower than 3^x,For large positive x  where does e^x grow relative to 2^x and 3^x?
a2-logarithms,lg-ln__mcq,mcq,constant,15,1,1,ln 5 + ln x − ln y,Expand ln(5x/y).
a2-rationals,rf-divide__mcq,mcq,constant,15,1,1,Multiply by the reciprocal of the diviso,What is the first algebraic move when dividing rational expressions?
a2-rationals,rf-equations__mcq,mcq,constant,15,1,1,Clearing denominators can produce exclud,Why must solutions of rational equations be checked in the original equation?
a2-statistics,si-claim-capstone__mcq,mcq,constant,15,1,1,Who was able and willing to respond?,A voluntary survey of 300 000 app users reports 78% satisfaction. What question should be 
a2-statistics,si-claim-design__mcq,mcq,constant,15,1,1,App use is associated with longer sleep ,An observational study finds app users sleep longer. Which claim is defensible?
a2-statistics,si-claim-overreach__mcq,mcq,constant,15,1,1,61% of all national commuters support a ,A random sample from one city station finds 61% support a fare freeze. Which claim overrea
a2-statistics,si-null-model__mcq,mcq,constant,15,1,1,The null hypothesis that the labels are ,What assumption is represented when labels are shuffled in a randomization test?
a2-statistics,si-parameter-statistic__mcq,mcq,constant,15,1,1,The statistic has high sampling variabil,Twenty small polls vary widely around the same center. What does that show?
a2-statistics,si-read-poll__mcq,mcq,constant,15,1,1,The poll does not clearly establish a le,Candidate A has 48%  B has 45%  each with ±3 points. What is justified?
a2-statistics,si-sampling-variability__mcq,mcq,constant,15,1,1,Whether the estimator is centered on the,Repeated honest random samples land on both sides of the true value. What does the center 
a2-statistics,si-significance-limits__mcq,mcq,constant,15,1,1,The effect is statistically detectable b,A huge randomized study finds a 0.3-point score increase with p<0.001. What is the best co
g10-circle-theorems,cr-thales__numeric,numeric,constant,15,1,1,90,AB is a diameter of a circle and C is any other point on the circle. Angle ACB measures ? 
g10-circle-theorems,default,numeric,constant,15,1,1,96,A circle has radius 15  and an arc on it has length 8π. Find the arc's degree measure.  Re
g10-constructions-proof,cp-conjecture-proof__numeric,numeric,constant,15,1,1,1,A conjecture claims something is true for EVERY case. What is the smallest number of count
g10-constructions-proof,cp-parallel-through-point__numeric,numeric,constant,15,1,1,125,Across the same two parallel lines  the CO-INTERIOR (same-side interior) angle to that 55°
g10-coordinate-proofs,cx-classify-quad__numeric,numeric,constant,15,1,1,-1,Quadrilateral (0  0)  (5  0)  (8  4)  (3  4) — all four sides square to 25. Compute the pr
g10-right-triangles,rt-pythagorean-leg__numeric,numeric,constant,15,1,1,12,The hypotenuse is 13 and one leg is 5. Find the other leg.  Reasoning check: Write the rel
g10-right-triangles,default,numeric,constant,15,1,1,8.66,An equilateral triangle has sides of 10 cm. How tall is it (cm  2 decimals)?  Reasoning ch
g10-similarity,sy-criterion-choice__numeric,numeric,constant,15,1,1,15,In △ABC  DE ∥ BC with D on AB and E on AC. AD = 6  DB = 4  and AE = 9. Find AC.  Reasoning
g10-similarity,sy-geometric-mean__numeric,numeric,constant,15,1,1,9,The altitude to a hypotenuse is 6  and one segment of the hypotenuse is 4. What is the OTH
g10-triangle-congruence,tc-cpctc-practice__numeric,numeric,constant,15,1,1,9,△ABC ≅ △DEF is proven  and BC = 9. By CPCTC  what is EF?  Reasoning check: Use the labeled
g10-triangle-congruence,tc-hl__numeric,numeric,constant,15,1,1,15,Two right triangles each have hypotenuse 17 and one leg 8. What is the length of the other
g12-function-analysis,function-analysis__fna-inverse-verify__numeric,exactNumberLab,constant,15,1,1,-3,f(x) = 2x + 6  g(x) = (x − 6)/2. What is g(f(−3))?  Reasoning check: Sketch or annotate th
g12-function-analysis,function-analysis__fna-inverse-verify__pointEntry,pointEntry,constant,15,1,1,[10 2],The point (2  10) lies on the graph of f. Which point must lie on the graph of f⁻¹?  Reaso
g12-polar-parametric,polar-parametric__pp-nth-roots__numeric,numeric,constant,15,1,1,0.7071,The principal (k = 0) square root of i has what real part? (To four decimals.)  Reasoning 
g12-polar-parametric,polar-parametric__pp-parametric__numeric,numeric,constant,15,1,1,-2,For x = 2cos t  y = 2sin t  what is the x-coordinate at t = π?  Reasoning check: Identify 
g12-polar-parametric,polar-parametric__pp-polar-form__numeric,numeric,constant,15,1,1,4.19,The argument of z = −1 − i√3 (in [0  2π)) is 4π/3. Enter it as a decimal to hundredths.  R
g12-polar-parametric,polar-parametric__pp-polar-system__pointEntry,pointEntry,constant,15,1,1,[-2 0],Where is the polar point (2  π) in rectangular coordinates?  Reasoning check: Name what st
g12-trig-graphs-inverses,trig-graphs-inverses__tg-composition-trap__numeric,numeric,constant,15,1,1,0.4,What is arcsin(sin(0.4))? (0.4 radians.)  Reasoning check: Identify the representation and
g13-derivative-rules,derivative-rules__dr-sign-of-derivative__numeric,numeric,constant,15,1,1,3,f′(x) = 3x² − 12. How many INTEGER values of x have f falling (f′ < 0)?  Reasoning check: 
g13-derivative-rules,derivative-rules__dr-tangent-line__numeric,numeric,constant,15,1,1,-9,f(x) = x²  so f′(x) = 2x. Find the y-intercept of the tangent line at x = 3.  Reasoning ch
g13-derivatives-in-context,derivatives-in-context__dc-speed__numeric,numeric,constant,15,1,1,2,v = 3(t − 1)(t − 3)  a = 6t − 12  on [0  4]. On how many intervals is the particle SPEEDIN
g13-differential-equations,differential-equations__de-slope-field__numeric,numeric,constant,15,1,1,2,For dy/dx = x  what is the slope of the field at the point (2  7)?  Reasoning check: Mark 
fraction-benchmark,default,rationalCompare,constant,14,1,1, lt ,Is 1/5 more than  less than  or exactly 1/2?
g1-shapes-measure,Smg1FourthsMcq,mcq,constant,14,1,1,A fourth,A shape is split into 4 equal parts. What is each part called?
g4-lines-angles,laSymmetryConceptMcq,mcq,constant,14,1,1,Folding on the line makes the two halves,What makes a line a line of symmetry for a figure?
g4-lines-angles,laSymmetryApplicationMcq,mcq,constant,14,1,1,It is the same perpendicular distance fr,A point is reflected across a vertical line of symmetry. What must be true of the image po
a1-solving-equations,literal-frac__mcq,mcq,constant,14,1,1,x = (y - b)/m,From y = mx + b  which formula solves for x?
a1-systems,eliminate-scale-both__mcq,mcq,constant,14,1,1,infinitely many solutions,If elimination reduces a system to 0 = 0  how many solutions does the system have?
a2-polynomials,pf-factor-thm__numeric,numeric,constant,14,1,1,0,Find the remainder when f(x)=x³+3x− 14 is divided by x−2.
a2-radicals,re-extraneous__mcq,mcq,constant,14,1,1,Squaring loses sign information and is n,Why can squaring a radical equation create an extraneous solution?
a2-rationals,rf-variation__mcq,mcq,constant,14,1,1,Speed and travel time for a fixed distan,Which pair naturally varies inversely?
a2-statistics,si-null-model__dragOrder,dragOrder,constant,14,1,1,[ State the null model   Shuffle labels ,Order the steps of a randomization test.
a2-statistics,si-read-poll__dragOrder,dragOrder,constant,14,1,1,[ Who was sampled and how?   What is the,Order the questions that best protect a poll interpretation.
a2-statistics,si-study-type__matchPairs,matchPairs,constant,14,1,1,{ Randomized experiment : Causal effect ,Match each design to its strongest conclusion.
g10-constructions-proof,cp-proving-transversal__numeric,numeric,constant,14,1,1,55,Across two parallel lines  alternate interior angles measure (2x + 15)° and (4x − 25)°. Fi
g10-similarity,sy-sss-similar__numeric,numeric,constant,14,1,1,21,Triangle A has sides 5  7  10; similar triangle B has scale factor 3. What is B's side cor
g10-solid-geometry,sg-cavalieri-limits__numeric,exactNumberLab,constant,14,1,1,208,Same sheared prism (4×4 base  vertical height 12  slant edge 13). Its LATERAL surface area
g12-polar-parametric,polar-parametric__pp-eliminate__numeric,numeric,constant,14,1,1,9,Eliminate t from x = t²  y = t to get x = y². What is x when y = 3?  Reasoning check: Tran
g12-polar-parametric,polar-parametric__pp-parametrize__numeric,numeric,constant,14,1,1,3,For the circle x = 3cos t  y = 3sin t  what is the y-coordinate at t = π/2?  Reasoning che
g12-polynomial-rational-analysis,polynomial-rational-analysis__pra-boundary-rule__numeric,numeric,constant,14,1,1,2,For x(x − 6)/(x − 3) ≤ 0  how many boundary points are INCLUDED (closed) in the solution? 
g12-trig-graphs-inverses,trig-graphs-inverses__tg-arcsin__numeric,numeric,constant,14,1,1,2,arcsin(1) = π/n. What is n?  Reasoning check: Name what stays fixed before changing or com
g12-trig-identities-equations,trig-identities-equations__ti-double-action__numeric,numeric,constant,14,1,1,6.28,Solve cos 2x = cos x on [0  2π). What is the SUM of the solutions  to hundredths?  Reasoni
g13-curve-analysis,curve-analysis__ca-first-derivative-test__signChart,signChart,constant,14,1,1,[ -   -   + ],f(x) = x⁴ − 4x³  so f′(x) = 4x²(x − 3). Set the signs of f′ — and watch the double root.  
g13-curve-analysis,curve-analysis__ca-three-charts__numeric,numeric,constant,14,1,1,1,f(x) = x³ − 6x² + 5. How many inflection points does it have?  Reasoning check: Use the vi
g13-derivative-rules,derivative-rules__dr-differentiability__numeric,numeric,constant,14,1,1,3,A function has a jump at x = −2  a corner at x = 0  a vertical tangent at x = 3  and a smo
g10-conditional-probability,conditional-probability__cpr-indep-vs-disjoint__numeric,numeric,constant,14,1,1,0,P(A) = 0.5  P(B) = 0.3  and A and B are **mutually exclusive**. Find P(A | B).  Reasoning 
g10-conditional-probability,conditional-probability__cpr-marginal-prob__numeric,numeric,constant,14,1,1,0.55,P(plays a sport). Give a decimal.  Reasoning check: Mark the known quantities  then choose
g10-conditional-probability,conditional-probability__cpr-table-union__numeric,numeric,constant,14,1,1,0.85,P(takes the bus **or** plays a sport). Give a decimal.  Reasoning check: Identify the repr
g6-data-literacy,ddVariabilityExpected,mcq,constant,13,1,1,The variability is expected and can be a,A survey of students in a class produces a different answer from every person. What is the
sr-recursive,needPrior,mcq,constant,13,1,1,the term right before it,To compute a term from a recursive rule  what must you already know?
g7-sp-likelihood-words,spLikelihoodImpossible,mcq,constant,13,1,1,impossible,The probability of drawing a blue counter from a bag containing only red and yellow counte
g8-tm-rigid-motion,tmRotateProperty,mcq,constant,13,1,1,Distances and angles are preserved while,Which statement describes every rotation of a figure?
a2-transformations,ft-inverse-graph__mcq,mcq,constant,13,1,1,y = x,A function and its inverse are mirror images across which line?
a2-radicals,re-models__mcq,mcq,constant,13,1,1,s is multiplied by 2,In a model s=√(24d)  what happens when d is multiplied by 4?
a2-rationals,rf-reciprocal__mcq,mcq,constant,13,1,1,A nonzero numerator divided by a finite ,Why can f(x)=1/x never equal 0?
a2-statistics,si-ci-meaning__matchPairs,matchPairs,constant,13,1,1,{ Larger sample : Narrower interval   Hi,Match each change to its effect on a confidence interval.
a2-statistics,si-claim-design__matchPairs,matchPairs,constant,13,1,1,{ Random sample survey : Generalize an a,Match each study design to the strongest supported claim.
g12-function-analysis,function-analysis__fna-graph-read__numeric,numeric,constant,13,1,1,0,For g(x) = −(x − 2)² + 9  what is g(5)?  Reasoning check: Sketch or annotate the situation
g12-limits-continuity,limits-continuity__lc-dne__numeric,numeric,constant,13,1,1,6,Near x = 5  f approaches 6 from the left AND 6 from the right. What is lim(x→5) f(x)?  Rea
g12-polar-parametric,polar-parametric__pp-circles__numeric,numeric,constant,13,1,1,3,What is the radius of the circle r = 6 sin θ?  Reasoning check: Mark the known quantities 
g12-polar-parametric,polar-parametric__pp-circles__pointEntry,pointEntry,constant,13,1,1,[0 2],Where is the center of the circle r = 4 sin θ?  Reasoning check: Identify the representati
g12-polynomial-rational-analysis,polynomial-rational-analysis__pra-conjugate__numeric,exactNumberLab,constant,13,1,1,4,Multiply the conjugate pair: (x − 2i)(x + 2i) = x² + c. What is c?  Reasoning check: Use t
g12-polynomial-rational-analysis,polynomial-rational-analysis__pra-ineq-scratch__numeric,numeric,constant,13,1,1,3,How many INTEGER solutions does x² + 8 ≤ 6x have?  Reasoning check: Mark the known quantit
g12-polynomial-rational-analysis,polynomial-rational-analysis__pra-rearrange__numeric,numeric,constant,13,1,1,9,How many INTEGERS x with −3 ≤ x ≤ 6 satisfy x/(x − 2) ≤ 3?  Reasoning check: Translate the
g12-polynomial-rational-analysis,polynomial-rational-analysis__pra-rrt-test__numeric,exactNumberLab,constant,13,1,1,0,Same f. Test c = 2: what is f(2)?  Reasoning check: Identify the representation and the go
g12-trig-graphs-inverses,trig-graphs-inverses__tg-inverse-graphs__numeric,numeric,constant,13,1,1,0,What is arccos(1)?  Reasoning check: Name what stays fixed before changing or computing an
g13-curve-analysis,curve-analysis__ca-read-f-prime__numeric,numeric,constant,13,1,1,1,A graph of f′ touches the axis at x = 1 without crossing  and crosses it at x = 4. How man
g13-derivative-rules,derivative-rules__dr-chain-nested__numeric,numeric,constant,13,1,1,1,f(x) = x(2x + 1)³. Find f′(0).  Reasoning check: Sketch or annotate the situation before e
g13-derivative-rules,derivative-rules__dr-critical-point__numeric,numeric,constant,13,1,1,2,f(x) = x³ − 12x has f′(x) = 3x² − 12. How many critical points does f have?  Reasoning che
g13-derivative-rules,derivative-rules__dr-exp-log__numeric,numeric,constant,13,1,1,1,f(x) = eˣ. Find f′(0).  Reasoning check: Mark the known quantities  then choose the operat
g13-differential-equations,differential-equations__de-separable__numeric,numeric,constant,13,1,1,8.155,dy/dx = 2xy with y(0) = 3  so y = 3e^(x²). Find y(1)  to three decimals.  Reasoning check:
g13-integration-accumulation,integration-accumulation__in-ftc1__numeric,numeric,constant,13,1,1,3,A(x) = ∫₀ˣ (t² − 9) dt on [0  5]. At what x is A smallest?  Reasoning check: Sketch or ann
g13-integration-accumulation,integration-accumulation__in-squeeze__numeric,numeric,constant,13,1,1,6,f(x) = 2x on [0  3] with 3 strips. What is the LEFT sum?  Reasoning check: Name what stays
g10-conditional-probability,conditional-probability__cpr-conditional-table__numeric,numeric,constant,13,1,1,0.4,P(plays a sport | takes the bus). Give a decimal.  Reasoning check: Use the visible struct
g7-sp-likelihood-words,default,mcq,constant,12,1,1,certain,The probability of choosing a month that has at least 28 days is 1. Which word describes t
g1-shapes-measure,Smg1FourthsFractionBar,fractionBar,constant,12,1,1,{ n :1  d :4},Split the paper strip into 4 equal parts so each part is a fourth.
g4-decimals,dTrailingZeroRational,rationalCompare,constant,12,1,1, eq ,Compare the two decimals: 0.9 ? 0.90. Choose the relation that holds.
a2-statistics,si-experiment-design__mcq,mcq,constant,12,1,1,A comparable control group with random a,A treatment group recovers at 90%. What is missing before attributing recovery to the trea
g10-constructions-proof,cp-perp-at-point__numeric,numeric,constant,12,1,1,90,The perpendicular at P splits the straight line into two equal angles. How many degrees is
g10-similarity,sy-side-splitter__numeric,numeric,constant,12,1,1,4,A parallel line splits the sides: AD = x  DB = x + 2  AE = 6  EC = 9. Solve for x.  Reason
g10-similarity,sy-similarity__numeric,numeric,constant,12,1,1,4,Two similar figures have areas in the ratio 16 : 1. What is the ratio of their correspondi
g12-trig-graphs-inverses,trig-graphs-inverses__tg-tan-values__numeric,numeric,constant,12,1,1,0.58,What is tan(π/6)  to hundredths?  Reasoning check: Identify the representation and the gov
g13-derivatives-in-context,derivatives-in-context__dc-choosing-relation__numeric,numeric,constant,12,1,1,50,Two cars leave a junction  one north at 40 mph and one east at 30 mph. How fast is the dis
g13-derivatives-in-context,derivatives-in-context__dc-linearisation-limits__numeric,numeric,constant,12,1,1,100,The linear estimate of √9.1 was out by about 0.00005. Roughly how many times bigger is the
g13-parametric-polar-calculus,parametric-polar-calculus__pc-second-derivative__numeric,numeric,constant,12,1,1,0.375,x = t²  y = t³  so dy/dx = 3t/2. Find d²y/dx² at t = 2.  Reasoning check: Name what stays 
g13-series-convergence,series-convergence__sc-power-ops__numeric,numeric,constant,12,1,1,4,Find the sum of 1 + 2(1/2) + 3(1/2)² + 4(1/2)³ + …  Reasoning check: Mark the known quanti
g6-data-literacy,ddPipelineBreak,mcq,constant,11,1,1,At the first step — the question seeks o,A student plans a survey around  How long is the school hallway?  Where does the statistic
g4-place-million,pvCommaPeriodsMcq,mcq,constant,11,1,1,Three-digit periods such as ones  thousa,What do commas separate in a large whole number?
a2-polynomials,pf-quad-form__numeric,numeric,constant,11,1,1,4,How many distinct real zeros does x⁴−5x²+6 have?
a2-rationals,rf-simplify__buildExpression,buildExpression,constant,11,1,1,[ 1 ],Simplify (x² − x − 12)/((x−4)(x+3)).
g12-trig-graphs-inverses,trig-graphs-inverses__tg-cos-sin__numeric,numeric,constant,11,1,1,3,y = 3 sin(x + π/2) and y = 3 cos x claim to be the same wave. What do BOTH give at x = 0? 
g13-derivative-rules,derivative-rules__dr-implicit__numeric,numeric,constant,11,1,1,-0.75,x² + y² = 25. Find dy/dx at the point (3  4)  as a decimal.  Reasoning check: Mark the kno
inverse-pipeline,secondForm,inversePipeline,constant,10,1,1,[ t-inv-f2   t-inv-f1 ],The machine does: + 6  × 7. Build the undo machine — last step first.
solve-trig-all,tanCount,numeric,constant,10,1,1,2,How many solutions does tan x = −5 have on [0  2π)?
g1-shapes-measure,Smg1HalvesFractionBar,fractionBar,constant,10,1,1,{ n :1  d :2},Split the bar into 2 equal parts so each part is a half.
a2-polynomials,pf-div-theorems__numeric,numeric,constant,10,1,1,0,A polynomial has factor (x + 3). What remainder results when dividing by that factor?
decimal-representation,trailingMatchCount,numeric,constant,9,1,1,2,Of these three — 0.60  0.06  0.600 — how many equal 0.6?
prob-fraction,trialTheoretical,trialProbabilityLab,constant,8,1,1, correct ,A fair number cube is rolled. Which fraction is the probability of rolling greater than 2?
geo-series,repeatDecimal,numeric,constant,8,1,1,9,0.555… (repeating) equals 5/n. What is n?
polygon-angles,exteriorSum,exactNumberLab,constant,8,1,1,360,Exterior angles of a 8-gon (one at each vertex): what do they sum to?
a2-rationals,rf-mixed__buildExpression,buildExpression,constant,8,1,1,[ 2 ],Simplify (x²−4)/x · x/(x+2) ÷ (x−2)/2.
ten-frame-fill,default,tenFrame,constant,7,1,1,10,4 dots are in the ten frame. Tap to add dots until the frame makes TEN.
critical-count,quartic,numeric,constant,7,1,1,2,f(x) = x⁴ − 4x³. How many DISTINCT critical points does it have?
critical-count,default,numeric,constant,7,1,1,2,f(x) = x³ − 27x. How many critical points does it have?
evt-candidates,candidateCount,numeric,constant,6,1,1,3,f(x) = x³ − 12x on [0  4]. How many candidates does the closed-interval method produce?
full-sketch,directionChanges,numeric,constant,6,1,1,1,f(x) = x⁴ − 4x³. How many times does the curve change DIRECTION?
double-angle-solve,sumSolutions,numeric,constant,6,1,1,9.42,Solve sin 2x = sin x on [0  2π). What is the SUM of all four solutions  to hundredths?
solve-trig-all,sumCos,numeric,constant,6,1,1,6.28,Solve cos x = √3/2 on [0  2π). What is the SUM of the solutions  to hundredths?
g1-shapes-measure,Smg1HalvesNumeric,numeric,constant,6,1,1,2,If a cracker is split into halves  how many equal parts are there?
g1-shapes-measure,Smg1FourthsNumeric,numeric,constant,6,1,1,4,If a ribbon is split into fourths  how many equal parts are there?
g1-shapes-measure,Smg1HalvesFourthsNumeric,numeric,constant,6,1,1,2,For the same-size pizza  how many fourths make one half?
g2-shapes-shares,Ssg2ThirdsCountNumeric,numeric,constant,6,1,1,3,If the ribbon is split into thirds  how many equal parts are there?
g4-multiply,mbPrimeCompositeNumeric,numeric,constant,6,1,1,2,13 is prime. How many positive factors does it have?
negative-intro,compareNegativeFractions,rationalCompare,constant,5,1,1, gt ,Compare -2/3 and -5/6. Which relation is true?
angle-sum,cgTriangleEqualAngle,numeric,constant,5,1,1,60,Three congruent angles fill an equilateral triangle. What is each angle  in degrees?
coordinate-plot,cgOrigin,pointEntry,constant,5,1,1,[0 0],A robot resets to the intersection of the x-axis and y-axis. Which ordered pair is that po
double-angle-solve,countSolutions,numeric,constant,5,1,1,4,How many solutions does sin 2x = sin x have on [0  2π)?
nl-unit,default,numberLinePlace,constant,5,1,1,1,On a 0→1 line split into 7 equal jumps  place the marker at 1/7.
g8-tm-transversal,tmTransversalMatch,matchPairs,constant,5,1,1,{ corresponding angles : equal in measur,Match each angle-pair name to its relationship when parallel lines are cut by a transversa
g2-shapes-shares,Ssg2NameThirdFractionBar,fractionBar,constant,5,1,1,{ n :1  d :3},Split the bar into 3 equal parts so each part is a third.
g6-data-literacy,ddDataCountList,numeric,low-entropy,24,8,0.21,11,A survey produced the data: 15  20  15  15  5  10  10. How many people were surveyed?
g6-center-spread,ddMedianContext,numeric,low-entropy,24,8,0.25,10,Four plants measure 9  13  16  5 inches. What is the median height?
g6-center-spread,ddIqrUnsortedEven,numeric,low-entropy,24,5,0.38,18,Find the IQR of 46  10  19  4  1  31. Sort first  then use halves of three.
compare-numerals,greatestOfThree,tapDiagram,low-entropy,24,3,0.42,[ g1 ],Which number is the GREATEST: 3  4  or 5? Tap the group that shows it.
compare-groups,pairUp,tapDiagram,low-entropy,24,2,0.58,[ g0 ],7 apples  3 baskets. Every apple wants a basket. Are there more apples or more baskets? Ta
compare-groups,mostOfThree,tapDiagram,low-entropy,24,3,0.5,[ g0 ],Toys on a shelf: 8 balls  4 tops  2 blocks. Which group has the MOST? Tap it.
compare-groups,default,tapDiagram,low-entropy,24,2,0.58,[ g1 ],There are 7 bowls and 3 spoons. Which is fewer? Tap the group with fewer.
sr-recursive,needAllTerms,mcq,low-entropy,24,6,0.29,computing every term a₂ through a₃₉ firs,You want a₅₀ from a₁ = 8  aₙ = aₙ₋₁ + 5 using ONLY the recursive rule. What does that requ
trig-model,speedB,numeric,low-entropy,24,6,0.25,0.21,A ferris wheel completes one rotation every 40 seconds. What is b in h(t) = 28 − 20 cos(bt
cn-i-powers,default,mcq,low-entropy,24,3,0.58,−i,What is i¹⁰?
cn-disc-repeat,forceB,mcq,low-entropy,24,5,0.46,b = 6,Which value of b gives x² + bx + 9 = 0 exactly one repeated root?
sequence-order,byTens,dragOrder,low-entropy,24,8,0.21,[ 10   20   30   40   50 ],Drag these into counting order  smallest first.
composite-area-lab,parallelogramMcq,compositeAreaLab,low-entropy,24,3,0.42, c1 ,A parallelogram has base 7 and perpendicular height 4. Which is its area?
composite-area-lab,trapezoid,compositeAreaLab,low-entropy,24,3,0.46, c0 ,A trapezoid has bases 8 and 4  and height 4. What is its area?
composite-area-lab,threeRects,compositeAreaLab,low-entropy,24,4,0.38, c2 ,A floor plan has three rectangular sections: 9×3  4×6  and 5×4. What is the total area?
composite-area-lab,fourPieces,compositeAreaLab,low-entropy,24,4,0.42, c1 ,A floor plan has a 10×5 rectangle and a 5×5 rectangle  a triangular nook added (base 4  he
composite-area-lab,default,compositeAreaLab,low-entropy,24,4,0.38, c2 ,A floor plan has a 7×5 rectangular room plus a triangular bay window (base 8  height 3). W
coord-midpoint,axisY,numeric,low-entropy,24,7,0.25,0,Midpoint of (2  -2) and (-3  2): enter the y-coordinate.
coord-midpoint,parallelogramVertex,numeric,low-entropy,24,7,0.38,3,PQRS is a parallelogram with P(1  2)  Q(7  0)  R(9  6). Using the diagonal-bisection prope
coord-midpoint,default,numeric,low-entropy,24,8,0.38,7,M is the midpoint of A(5  5) and B(9  7). Enter M's x-coordinate.
long-div-2digit,invalidRemainder,quotientReasoningLab,low-entropy,24,4,0.33, a ,A student says 46 ÷ 6 = 6 remainder 10. What is wrong with that result?
equiv-test,likeSubtract,mcq,low-entropy,24,8,0.25,3m,Simplify 8m − 2m.
poly-read,degreeOf,numeric,low-entropy,24,4,0.29,5,What is the degree of (4x^5 - x^2 + 5)?
poly-addsub,addSquare,numeric,low-entropy,24,7,0.17,3,Add (5x^2 + x - 4) and (-x^2 + 3x + 2). What is the coefficient of x^2 in the sum?
poly-addsub,subFlip,numeric,low-entropy,24,8,0.21,4,Subtract: (6x^2 + 6x - 3) - (4x^2 - x + 7). What is the coefficient of x?
power-product,comparePowers,exactNumberLab,low-entropy,24,4,0.38, d ,Which is larger: 5^3 or 2^2?
avg-rate-change,linear,numeric,low-entropy,24,8,0.33,5,What is the average rate of change of f(x) = 5x + 8 on [0  9]?
round-place,whole,numeric,low-entropy,24,7,0.29,4,Round 4.722 to the nearest whole number.
round-place,deciderMcq,placeValueTransformLab,low-entropy,24,4,0.33, a ,When rounding 2.380 to the nearest tenth  which digit decides whether to round up or stay?
place-compare,ones,placeCompare,low-entropy,24,2,0.5, gt ,Compare: 45 __ 44
place-compare,any,placeCompare,low-entropy,24,2,0.54, gt ,Compare: 14 __ 49
place-compare,hundreds,placeCompare,low-entropy,24,2,0.58, lt ,Compare: 221 __ 892
place-compare,decimalTie,placeValueTransformLab,low-entropy,24,2,0.58, gt ,Compare: 0.50 __ 0.51
place-compare,decimalClose,placeValueTransformLab,low-entropy,24,2,0.58, lt ,Compare: 0.207 __ 0.21
place-compare,decidingPlace,placeValueTransformLab,low-entropy,24,4,0.33, a ,In comparing 0.398 and 0.327  which place decides the winner?
place-compare,default,placeCompare,low-entropy,24,2,0.54, lt ,Compare: 37 __ 75
unit-frac-divide,flipDivisor,quotientReasoningLab,low-entropy,24,4,0.33, c ,To compute 1/8 ÷ 4/7  which fraction should be flipped?
decimal-representation,missingExpandedDigit,numeric,low-entropy,24,8,0.25,2,0.239 = 2/10 + ?/100 + 9/1000. What numerator fills the blank?
hyperbola-anatomy,opens,mcq,low-entropy,24,2,0.58,up and down (along the y-axis),A hyperbola x²/9 − y²/4 = 1 opens:
circle-complete,radius,numeric,low-entropy,24,5,0.25,4,For (x + 3)² + (y + 2)² = 16  what is the radius?
coordinate-plot,cgContextRead,pointSetReasoningLab,low-entropy,24,4,0.38, b ,On a savings graph  x = the week and y = dollars saved. What does the point (5  15) mean?
coordinate-plot,signedQuadrant,mcq,low-entropy,24,4,0.54,Quadrant III,In which quadrant is the point (-3  -1)?
coordinate-plot,axisLocation,mcq,low-entropy,24,2,0.58,On the x-axis,Where is the point (1  0) located?
coordinate-plot,reflectXAxis,mcq,low-entropy,24,4,0.38,Quadrant I,Reflect (3  -2) across the x-axis. In which quadrant does the image land?
proportional-plot,cgPairRelation,mcq,low-entropy,24,3,0.46,The second number is four times the firs,The corresponding pairs are (2  8)  (2  8)  (3  12). What is true of every pair?
vec-displacement,magnitude,numeric,low-entropy,24,6,0.33,25,What is the distance from M(4  1) to N(8  -2)? (The magnitude of the displacement.)
mvt-c,speedTrap,mcq,low-entropy,24,5,0.42,At some instant your actual speed was ex,Two cameras 50 miles apart photograph you 1 hour apart. The limit is 36 mph. What does the
end-behavior,polyLimit,mcq,low-entropy,24,6,0.25,f → +∞ — the −x³ term dominates and is p,f(x) = x⁴ − x³. What happens as x → −∞?
end-behavior,default,numeric,low-entropy,24,7,0.25,6,f(x) = (6x − 5)/(x − 2). Find the horizontal asymptote y = ?
inverse-deriv,knownValues,mcq,low-entropy,24,8,0.21,1/7,f(6) = 8 and f′(6) = 3. What is (f⁻¹)′(8)?
second-deriv-poly,motion,mcq,low-entropy,24,4,0.46,Reversing  and speeding up.,At time t  a car has f′(t) = −20 and f″(t) = −9. What is it doing?
share-division,default,mcq,low-entropy,24,3,0.42,How many grapes EACH kid gets,30 grapes are shared equally among 6 kids. What does 30 ÷ 6 tell you?
secant-slope,default,numeric,low-entropy,24,3,0.5,-1,A secant passes through (4  12) and (6  8). What is its slope?
conditional-prob,whyShrink,mcq,low-entropy,24,4,0.29,The set of possible outcomes shrank from,Being told  the roll is greater than 3  raises P(6) from 1/6 to 1/3. Why?
tree-chain,whyMinusOne,mcq,low-entropy,24,7,0.25,The first marble was not put back  so on,On the tree for this bag of 8 marbles  why do the second-stage branches use 7 instead of 8
add-like-denom,wordSum,numeric,low-entropy,24,7,0.25,12,Priya ate 4/8 of a cake. Leo ate 3/8. Combined  they ate 7/?. What is the denominator?
add-like-denom,default,numeric,low-entropy,24,8,0.21,11,2/11 + 2/11 = 4/?. What is the denominator?
subtract-like-denom,wordSimplify,numeric,low-entropy,24,5,0.67,1,A ribbon is 12/30 metre long. Omar cuts off 2/30 metre. How much is left  simplified to lo
scatter-features,default,mcq,low-entropy,24,2,0.54,Nonlinear,The dots on a scatter plot follow a straight path sloping downward. What is the form?
chord-dist,whichLongest,mcq,low-entropy,24,7,0.25,The chord at distance 3,Three chords of one circle sit at distances 5  3  and 7 from the centre. Which is LONGEST?
stretch-scale,whichWider,mcq,low-entropy,24,3,0.5,a = ½,For which value of a is y = a·x² WIDER (flatter) than the parent y = x²?
line-of-fit,slopeAssociation,affineRelationshipLab,low-entropy,24,4,0.42, d ,A line of best fit has slope −3. What association does the data show?
hop-multiply,hopLength,mcq,low-entropy,24,7,0.25,5,A jump picture shows: start at 0  land on 42  using 6 equal hops. How long is each hop?
unknown-letter,solveFor,numeric,low-entropy,24,7,0.25,5,n × 5 = 40. What number is n hiding?
unknown-letter,spiderStory,numeric,low-entropy,24,7,0.25,3,In the equation k × 6 = 42  find k. A jar holds k spiders  and 2 escape. How many spiders 
unknown-letter,default,mcq,low-entropy,24,6,0.25,The size of each of the 9 groups,In the equation 5 × t = 20  what does t stand for?
parity,default,mcq,low-entropy,24,5,0.33,4 is even — the 4 groups pair up,Before computing  you can promise 10 × 7 will be even. Why?
round-ten,default,mcq,low-entropy,24,7,0.25,80 and 90,Which two tens are 84's neighbours?
estimation,estimateDiff,numeric,low-entropy,24,8,0.21,500,Estimate 651 − 176 by rounding each number to the nearest hundred first.
estimation,affordCheck,mcq,low-entropy,24,4,0.33,Yes — even rounding against Caleb  $400 ,Maya has $462; a bike costs $275. Using rounding  can Maya afford it — for CERTAIN?
estimation,estimateSum,numeric,low-entropy,24,6,0.38,500,A school fair sells 344 tickets on Saturday and 460 on Sunday. Round each to the nearest h
estimation,default,numeric,low-entropy,24,7,0.33,700,Round 435 to its nearest hundred  round 415 to its nearest hundred  then add the two round
equal-parts,nameThePiece,mcq,low-entropy,24,7,0.25,A fifth,A rope is fair-cut into 6 pieces. What is each piece called?
whole-as-fraction,whyOne,mcq,low-entropy,24,8,0.21,7 seventh-pieces are every piece of one ,Why does 7/7 equal 1?
unit-size,smallestOf,mcq,low-entropy,24,5,0.25,1/9,Which is the SMALLEST piece of the same cake: 1/2  1/9  or 1/7?
unit-size,default,mcq,low-entropy,24,4,0.46,1/3,Which is more of the same pizza: 1/2 or 1/4?
compare-same-num,whoIsRight,mcq,low-entropy,24,5,0.25,The 8 means a 8-way cut  so those pieces,Priya says 2/8 is bigger than 2/5   because 8 is bigger than 5.  What is the reply?
same-whole,default,mcq,low-entropy,24,6,0.25,Not necessarily — a sixth of a bigger wh,Marta says:  1/3 of my sticky note equals 1/3 of your poster — a third is a third.  Is tha
missing-side,default,geometricConstraintLab,low-entropy,24,8,0.21,9,A triangle's perimeter is 20 cm. Two sides measure 7 cm and 4 cm. How long is the third si
num-denom,default,mcq,low-entropy,24,7,0.33,The whole is divided into 8 equal parts,In 3/5  what does the denominator 5 tell you?
sorting-rules,equalSideGate,mcq,low-entropy,24,8,0.21,The 7-by-7 square,A gate accepts four-sided figures with all sides equal. Which gets through?
partition-shapes,unitFractionSize,mcq,low-entropy,24,5,0.25,The 1/6 pieces,Two equal pans are split into 5 equal parts and 10 equal parts. Which single pieces are la
place-value,default,mcq,low-entropy,24,8,0.21,20,In the number 129  what is the 2 worth?
estimate-check,guardSum,numeric,low-entropy,24,6,0.29,700,Estimate 496 + 481 by rounding each addend to the nearest hundred.
bar-graph,default,mcq,low-entropy,24,3,0.5,Wed and Thu tie for the most,A bar graph shows Mon 11  Tue 11  Wed 9  Thu 1. Which statement is true?
line-plot,totalCount,numeric,low-entropy,24,6,0.29,11,A line plot has 5 X's at 5  3 X's at 5½  and 3 X's at 6. How many measurements are shown i
line-plot,rangeSpan,mcq,low-entropy,24,6,0.29,4 to 5 inches,A line plot has X's only at 4  4½  and 5 inches. Between which lengths do ALL the measurem
line-plot,halfMarks,numeric,low-entropy,24,6,0.25,6,A line plot shows 5 (2 X's)  5½ (2 X's)  6 (3 X's)  and 6½ (2 X's). How many measurements 
line-plot,fractionMode,mcq,low-entropy,24,4,0.42,3/4 ft,A line plot shows 1/4 ft (2 X's)  1/2 ft (2 X's)  3/4 ft (4 X's)  1 ft (6 X's). Which leng
distributive,factorMissing,numeric,low-entropy,24,8,0.25,7,8 + 10 = 2 × (4 + ?). What number fills the blank?
addition-patterns,parityPredict,mcq,low-entropy,24,3,0.54,Even — both addends are even  so every o,Without adding them: 34 + 34 will be…
g7-scaled-area,areaError,geometricConstraintLab,low-entropy,24,4,0.38, c ,A student converts 7 cm² at the scale 1 cm = 3 m by calculating 7 × 3 = 21 m². What is the
pr-unit-rate-g7,rrCompareRates,proportionalReasoningLab,low-entropy,24,3,0.38, a ,Ana travels 36 miles in 4 hours. Ben travels 20 miles in 4 hours. Who is faster?
pr-unit-rate-g7,rrBestBuyThree,proportionalReasoningLab,low-entropy,24,3,0.38, a ,Three jars cost $2.64 for 8 oz  $3.84 for 12 oz  and $3.75 for 15 oz. Which is the best bu
pr-unit-rate-g7,rrSteadyAssumption,proportionalReasoningLab,low-entropy,24,3,0.42, c ,A runner's first mile takes 6 minutes  so she predicts 5 miles will take 30 minutes. She f
pr-test-proportional-g7,proportionalFraction,proportionalReasoningLab,low-entropy,24,4,0.42, d ,A table has pairs (4  3)  (8  6)  (12  9). Is this proportional?
pr-test-proportional-g7,nonProportional,proportionalReasoningLab,low-entropy,24,4,0.29, d ,A table has pairs (2  4)  (4  7)  (5  10). Is this proportional?
pr-test-proportional-g7,default,proportionalReasoningLab,low-entropy,24,4,0.25, a ,A table has pairs (2  8)  (3  12)  (4  16). Is this proportional?
pr-constant-k-g7,constantFraction,proportionalReasoningLab,low-entropy,24,3,0.5, a ,A table has pairs (3  2)  (6  4)  (9  6). What is the constant of proportionality?
g7-mixed-rational,fracProduct,exactNumberLab,low-entropy,24,3,0.63, a ,−3/6 × 3/6 = ?
g7-tse-context-equation,tseDive,numeric,low-entropy,24,7,0.33,7,A submarine starts 4 meters below sea level and descends 5 meters each minute. At -24 mete
g7-tse-context-equation,default,numeric,low-entropy,24,7,0.25,3,A submarine starts 9 meters below sea level and descends 9 meters each minute. At -72 mete
g7-tse-inequality-build,tseIneqPosA,buildExpression,low-entropy,24,7,0.29,[ x   <   6 ],Solve: 5x - 4 < 16
g7-tse-inequality-build,tseIneqPosC,buildExpression,low-entropy,24,8,0.25,[ x   <   6 ],Solve: 2x - 1 < 15
g7-tse-inequality-build,tseIneqNegA,buildExpression,low-entropy,24,6,0.25,[ x   >   -3 ],Solve: -5x + 1 < 11
g7-tse-inequality-build,tseIneqNegB,buildExpression,low-entropy,24,7,0.21,[ x   ≤   3 ],Solve: -4x - 2 ≥ -14
g7-tse-inequality-build,tseIneqNegD,buildExpression,low-entropy,24,7,0.29,[ x   ≥   3 ],Solve: -2x - 5 ≤ -13
g7-tse-inequality-build,tseIneqRealNegA,buildExpression,low-entropy,24,7,0.25,[ x   <   -3 ],Solve: -5x - 5 > 25
g7-tse-inequality-build,tseIneqRealPos,buildExpression,low-entropy,24,8,0.21,[ x   ≥   4 ],Solve: 3x + 1 ≥ 7
g7-tse-inequality-build,tseIneqShipping,buildExpression,low-entropy,24,7,0.25,[ x   ≥   -4 ],A shipping adjustment model gives -3x - 3 ≤ 15  where x is the change in package count fro
g7-sp-gap-units,spGapForwardA,distributionCompareLab,low-entropy,24,7,0.29,3,Group A has a mean of 24. Group B has a mean of 12. The variability measure is 4. How many
g7-sp-gap-units,spGapForwardB,distributionCompareLab,low-entropy,24,7,0.25,3,Group A has a mean of 47. Group B has a mean of 35. The variability measure is 3. How many
g7-sp-gap-units,spGapReverse,distributionCompareLab,low-entropy,24,7,0.21,3.5,Group A has a mean of 34. Group B has a mean of 58. The variability measure is 6. How many
g7-sp-gap-units,spGapChallenge,distributionCompareLab,low-entropy,24,6,0.29,3,Group A has a mean of 27. Group B has a mean of 15. The variability measure is 3. How many
g7-sp-gap-units,spGapOverlapA,distributionCompareLab,low-entropy,24,7,0.25,3,Group A has a mean of 25. Group B has a mean of 19. The variability measure is 3. How many
g7-sp-gap-units,spGapOverlapB,distributionCompareLab,low-entropy,24,7,0.21,2,Group A has a mean of 29. Group B has a mean of 17. The variability measure is 4. How many
g7-sp-gap-units,spGapRealA,distributionCompareLab,low-entropy,24,7,0.29,2,Group A has a mean of 47. Group B has a mean of 35. The variability measure is 6. How many
g7-sp-gap-units,spGapRealB,distributionCompareLab,low-entropy,24,6,0.29,2,Two fitness centers report average weekly exercise times of 53 and 41 minutes. Their varia
g7-sp-gap-units,default,distributionCompareLab,low-entropy,24,7,0.33,3,Group A has a mean of 48. Group B has a mean of 28. The variability measure is 5. How many
g7-sp-overlap-interpret,default,distributionCompareLab,low-entropy,24,3,0.46, b ,Sample distributions for service times at two cafés have means 3.6 variability-units apart
g7-sp-counting-principle,spCountOutfitsReal,compoundEventLab,low-entropy,24,3,0.42, c0 ,A store offers 5 costume tops and 7 pairs of pants. Choosing one of each  how many differe
g7-sp-compound-model,spCompoundBasic,compoundEventLab,low-entropy,24,3,0.42, p2 ,A fair coin and a fair 8-sided die are used. What is the probability of flipping tails and
g8-rns-decimal-classify,rnsChooseTerminate,quotientReasoningLab,low-entropy,24,4,0.33, a ,Which fraction's decimal STOPS instead of repeating?
g8-rns-root-classify,rnsRootPickRational,exactNumberLab,low-entropy,24,4,0.42, d ,Which of these square-root expressions is rational?
g8-rns-root-classify,rnsRootClassifyIrrational,exactNumberLab,low-entropy,24,4,0.29, a ,Classify √12 as rational or irrational:
g8-rns-root-classify,rnsRootClassifyPerfect,exactNumberLab,low-entropy,24,4,0.33, b ,Classify √9 as rational or irrational:
g8-rns-root-classify,rnsRootAllIrrational,exactNumberLab,low-entropy,24,4,0.42, c ,Which list contains only irrational square roots?
g8-rns-root-classify,rnsClassifyPickRational,mcq,low-entropy,24,5,0.29,0.36,Which of these numbers is rational?
g8-rns-density,rnsDensityTenths,exactNumberLab,low-entropy,24,4,0.33, a ,3.1² = 9.61 and 3.2² = 10.24. So √10 is between:
g8-rns-density,rnsDensityBetweenAny,exactNumberLab,low-entropy,24,4,0.33, b ,Two different numbers are 1.5 and 2.2  with 1.5 < 2.2. Which value is guaranteed to lie be
g8-tm-rigid-motion,tmReflectAxis,mcq,low-entropy,24,4,0.38,the x-axis,A reflection sends (3  1) to (-3  1). Which line is the mirror?
g8-tm-angle-angle,tmAASimilar,geometricConstraintLab,low-entropy,24,4,0.38, d ,Triangle A has angles 33° and 58°. Triangle B has angles 33° and 89°. Are the triangles si
g8-tm-angle-angle,tmAANotSimilar,geometricConstraintLab,low-entropy,24,4,0.33, a ,Triangle A has angles 63°  44°  and 73°. Triangle B has angles 63°  51°  and 66°. Are they
g8-bv-relative-frequency,bvRelGroup,conditionalTableLab,low-entropy,24,6,0.29,60,Of the 20 returning customers  15 chose the annual plan. What percent of returning custome
g8-bv-relative-frequency,default,conditionalTableLab,low-entropy,24,6,0.46,60,Of the 30 students  18 walk to school. What percent of students is that?
g8-les-isolate-variable,default,numeric,low-entropy,24,8,0.25,3,Solve for x: 8x + 4 = 6x + 20
g8-les-solution-count,lesNoDirect,equationOutcomeLab,low-entropy,24,4,0.38, e2 ,How many solutions does 4x + 3 = 4x + 8 have?
g8-les-solution-count,lesInfiniteDirect,equationOutcomeLab,low-entropy,24,4,0.46, e1 ,How many solutions does 5x + 3 = 5x + 3 have?
g8-les-solution-count,default,equationOutcomeLab,low-entropy,24,4,0.38, e2 ,How many solutions does 2x + 6 = 2x + 11 have?
g8-fn-same-function-forms,fgFormsTableEquation,mcq,low-entropy,24,2,0.58,Yes — both have the same rate and initia,Does the table (0  6)  (1  10)  (2  14) represent the same function as y = 4x + 6?
g8-fn-compare-rates,fgCompareEquationTable,affineRelationshipLab,low-entropy,24,4,0.33, c ,Function A is y = 4x. Function B is the table (0  0)  (1  2)  (2  4). Which has the greate
g8-fn-compare-rates,fgCompareInterceptTrap,affineRelationshipLab,low-entropy,24,4,0.29, d ,Function A is y = 3x + 28. Function B is y = 4x. Which has the greater rate of change?
g8-fn-compare-rates,fgCompareThree,affineRelationshipLab,low-entropy,24,4,0.33, d ,Function A is y = 6x. Function B has table (0  0)  (1  7)  (2  14). Function C gains 4 eac
g8-fn-compare-full,fgCompareRateStart,affineRelationshipLab,low-entropy,24,4,0.33, b ,Function A is y = 4x + 15. Function B has table (0  10)  (1  13)  (2  16). Which statement
g8-fn-compare-full,fgCompareSameRate,affineRelationshipLab,low-entropy,24,4,0.33, a ,Function A is y = 3x + 12. Function B has table (0  9)  (1  12)  (2  15). Which statement 
g8-fn-compare-full,default,mcq,low-entropy,24,4,0.42,Function A starts higher  but Function B,Function A is y = 4x + 13. Function B has table (0  9)  (1  15)  (2  21). Which statement 
g8-fn-compare-context,fgCompareLowerRate,affineRelationshipLab,low-entropy,24,4,0.38, b ,Plan A charges $10 to join and $5 per month. Plan B charges $25 to join and $4 per month. 
g8-fn-linear-nonlinear,fgLinearTableNonlinear,mcq,low-entropy,24,7,0.25,Nonlinear — the differences 2  6  10 are,A table gives outputs 1  3  9  19 for inputs 0  1  2  3. Linear or nonlinear?
g8-fn-linear-nonlinear,default,mcq,low-entropy,24,7,0.38,Nonlinear — the differences 2  6  10 are,A table gives outputs 2  4  10  20 for inputs 0  1  2  3. Linear or nonlinear?
g8-fn-qualitative-graphs,fgQualSteeper,graphStoryLab,low-entropy,24,4,0.33, g3 ,On a graph of bus distance versus time  one rising section is MUCH STEEPER than another. W
g8-fn-qualitative-graphs,fgQualFlattening,graphStoryLab,low-entropy,24,4,0.33, g3 ,A distance from a marker graph keeps rising but becomes less and less steep. What does thi
g8-fn-qualitative-graphs,default,graphStoryLab,low-entropy,24,4,0.33, g3 ,On a graph of cyclist distance versus time  one rising section is MUCH STEEPER than anothe
g0-counting,countMoreFewerMcq,mcq,low-entropy,24,3,0.38,More hearts,There are 0 stars and 6 hearts. Which statement is true?
g0-shapes-sorting,shapeComposeMcq,mcq,low-entropy,24,4,0.54,A square and a triangle,Two triangles build one square. How many triangles build 2 squares?
g1-data,GdTotalNumeric,numeric,low-entropy,24,8,0.21,12,Votes: Cats 2  Frogs 4  Fish 5. How many votes in all?
g1-data,GdCompareNumeric,numeric,low-entropy,24,7,0.33,5,Votes: Frogs 4  Birds 8  Fish 3. How many more votes does Birds have than Fish?
g1-data,GdMostMcq,mcq,low-entropy,24,5,0.29,Dogs,Votes: Dogs 5  Fish 0  Cats 2. Which got the MOST votes?
g1-data,GdLeastMcq,mcq,low-entropy,24,5,0.25,Fish,Votes: Fish 8  Dogs 3  Cats 0. Which got the FEWEST votes?
g1-data,GdInterpretMcq,mcq,low-entropy,24,5,0.29,Frogs got the most votes,Votes: Birds 3  Fish 8  Cats 5. Which sentence tells the data's story truthfully?
g1-add-subtract,BiggerFirstMcq,mcq,low-entropy,24,6,0.21,10,To add 5 + 6 with the fewest hops  where should you start?
g1-add-subtract,EqualSignMcq,mcq,low-entropy,24,2,0.54,False,True or false: 3 + 6 = 9
g1-shapes-measure,Smg12D3DMcq,mcq,low-entropy,24,2,0.63,3D,Is a cone 2D or 3D?
g2-add-subtract-100,DoublesMcq,mcq,low-entropy,24,6,0.21,5 + 5,Which expression is a double?
g2-measure-money-time,MmtLengthCompareMcq,mcq,low-entropy,24,3,0.46,book,The key is 3 inches  The book is 12 inches  The phone is 9 inches. Which is shortest?
g2-place-value-1000,Pv1000OrderMixedMcq,mcq,low-entropy,24,3,0.58,<,Compare 946 and 954. Which symbol is correct?
g2-shapes-shares,Ssg2CompareSharesMcq,mcq,low-entropy,24,3,0.46,a half,Which is smaller: a half or a fourth?
g2-shapes-shares,Ssg2NameAnyTapDiagram,tapDiagram,low-entropy,24,3,0.42,[ h1 ],Tap the shape with 3 sides.
g3-mult-fluency,MultMissingFactorNumeric,numeric,low-entropy,24,8,0.17,3,10 × ? = 30
g3-div-fluency,DivChooseMcq,mcq,low-entropy,24,2,0.58,Divide,There are 8 bags with 2 apples in each bag. Which operation finds the total number of appl
g4-fractions,faEquivalenceRecapMcq,mcq,low-entropy,24,5,0.33,Both numerator and denominator were mult,Why are 2/7 and 4/14 equivalent?
g4-fractions,faBenchmarkCompareMcq,exactNumberLab,low-entropy,24,4,0.33, o1 ,Which fraction is greater: 3/8 or 5/8?
g4-fractions,faBenchmarkOrderRational,rationalCompare,low-entropy,24,2,0.63, lt ,Compare 3/8 and 2/6.
g4-fractions,faLikeDenomWordNumeric,numeric,low-entropy,24,6,0.29,2,A ribbon story uses like-sized parts: 2/8 metres of red ribbon and 1/8 metres of blue ribb
g4-fractions,faImproperToMixedNumeric,numeric,low-entropy,24,7,0.29,2,Convert 8/3 to a mixed number. What is the whole-number part?
g4-fractions,default,mcq,low-entropy,24,5,0.25,Both numerator and denominator were mult,Why are 2/6 and 8/24 equivalent?
g4-decimals,dPlaceNameMcq,mcq,low-entropy,24,2,0.58,hundredths,In the decimal 0.25  which place does the digit 5 occupy?
g4-lines-angles,laGeometricBasicsMcq,mcq,low-entropy,24,4,0.29,extends forever in both directions,Which description defines a point?
g4-measure,mcLinePlotBuildNumeric,numeric,low-entropy,24,5,0.29,5,A line plot must contain 7 data marks. It already has 2 marks at 1/2 and 1 mark at 3/4. Ho
g4-multiply,mbAdditiveVsMultiplicativeMcq,mcq,low-entropy,24,7,0.25,“3 times as many”,Which phrase describes a multiplicative comparison?
g4-multiply,mbRemaindersMcq,mcq,low-entropy,24,8,0.25,3,Which could be a remainder when dividing by 7?
g4-multiply,mbRemaindersNumeric,numeric,low-entropy,24,6,0.33,1,39 ÷ 6 has quotient 6. What is the remainder?
g4-multiply,mbPatternsMcq,mcq,low-entropy,24,4,0.33,Multiply by 4,The pattern begins 5  10  20  40. Which rule generates it?
g4-place-million,pvPlaceLadderMcq,mcq,low-entropy,24,5,0.38,ten-thousands,In 8 616  which place contains the digit 8?
g4-place-million,pvPlaceNamesNumeric,numeric,low-entropy,24,8,0.17,3,In 32 445  what digit is in the ten-thousands place?
g4-place-million,pvRoundingMcq,placeValueTransformLab,low-entropy,24,3,0.46, o0 ,Which is 30 240 rounded to the nearest thousand?
g4-place-million,pvCompareBigNumeric,numeric,low-entropy,24,3,0.46,50000,How much greater is 90 081 than 40 081?
g4-place-million,default,mcq,low-entropy,24,5,0.33,thousands,In 72 243  which place contains the digit 7?
a1-exponential,exp-compare__mcq,mcq,low-entropy,24,2,0.58,g(x),At x = 3  which is larger: f(x) = 1 · 3^x or g(x) = 4 · 2^x?
a1-exponential,exp-growth-decay__mcq,mcq,low-entropy,24,2,0.58,decay,Is f(x) = 32 · (1/2)^x exponential growth or decay?
a1-exponential,exp-vs-linear__mcq,mcq,low-entropy,24,2,0.54,geometric,Classify the sequence 6  10  14  18.
a1-exponential,default,mcq,low-entropy,24,2,0.54,geometric,Classify the sequence 2  8  32  128.
a1-functions-sequences,fn-classify__mcq,mcq,low-entropy,24,3,0.42,geometric,Classify the sequence 2  6  14  26.
a1-linear-functions,slope-formula__mcq,mcq,low-entropy,24,5,0.33,-2,What is the slope through (-2  1) and (3  6)?
a1-quadratics,quad-transform__mcq,mcq,low-entropy,24,2,0.63,It opens upward,Which statement describes y = 2(x - (-1))^2 + 8?
a1-quadratics,quad-vertex-form__mcq,mcq,low-entropy,24,2,0.54,upward,Does y = 1(x - (2))^2 − 2 open upward or downward?
a1-solving-equations,flip-rule__mcq,mcq,low-entropy,24,5,0.38,Dividing both sides by -6,Which operation forces the inequality symbol to reverse in -6x < -42?
a1-solving-equations,fraction-eq__mcq,mcq,low-entropy,24,7,0.21,Multiply both sides by 8,In x/8 = 9  which operation isolates x?
a1-solving-equations,solve-inequality__mcq,mcq,low-entropy,24,2,0.63,open circle,How is the endpoint drawn for x > -1?
a1-systems,classify-systems__mcq,mcq,low-entropy,24,3,0.42,no solution,How many solutions does the system y = x − 2 and y = x + 3 have?
a1-systems,word-choose-interpret__numeric,exactNumberLab,low-entropy,24,7,0.25,7,13 items sell for 34 dollars. Type A costs 3 dollars and type B costs 2 dollars. How many 
g10-circle-theorems,cr-cyclic-quad__mcq,mcq,low-entropy,24,2,0.58,Yes — opposite pairs (88  92) and (105  ,A quadrilateral has consecutive angles 88°  105°  92°  75°. Is it cyclic?  Reasoning check
g10-circle-theorems,cr-two-tangent__numeric,numeric,low-entropy,24,3,0.58,11,Same figure  angle P = 40°. What angle does OP (the line from P to the center) make with E
g10-constructions-proof,cp-angle-bisector__mcq,mcq,low-entropy,24,3,0.5,Triangles VDF and VEF are congruent (SSS,Why does ray VF split the angle into two EQUAL parts?  Reasoning check: Identify what is f
g10-constructions-proof,cp-conjecture-proof__mcq,mcq,low-entropy,24,2,0.5,It's true — for any angle a  (180 − a) −,Conjecture:  For any acute angle  the supplement is exactly 90° larger than the complement
g10-constructions-proof,cp-converses__mcq,mcq,low-entropy,24,2,0.67,The CONVERSE of the corresponding-angles,How do you form the converse of  If P  then Q ?  Reasoning check: Name the invariant first
g10-constructions-proof,cp-hexagon__mcq,mcq,low-entropy,24,2,0.58,Each step spans a 60° central angle  and,Why does the radius step around a circle exactly six times?  Reasoning check: Trace the di
g10-constructions-proof,cp-parallel-through-point__mcq,mcq,low-entropy,24,2,0.5,exactly one,Through a point P not on line ℓ  how many lines can be drawn parallel to ℓ?  Reasoning che
g10-constructions-proof,cp-perp-bisector__mcq,mcq,low-entropy,24,3,0.42,the perpendicular bisector — its crossin,What property of X and Y proves line XY is the perpendicular bisector of AB?  Reasoning ch
g10-constructions-proof,cp-perp-from-point__mcq,mcq,low-entropy,24,2,0.58,P and E are both equidistant from C and ,Line PE is perpendicular to the original line because…  Reasoning check: Sketch the relati
g10-constructions-proof,cp-proving-transversal__mcq,mcq,low-entropy,24,2,0.54,Transitive Property,A transversal proof needs to conclude two angles are SUPPLEMENTARY (sum 180°). Which fact 
g10-constructions-proof,cp-two-column__mcq,mcq,low-entropy,24,3,0.33,Its reason cites a statement that appear,Which of these makes a two-column-proof line INVALID?  Reasoning check: Write the relevant
g10-constructions-proof,cp-vertical-angles__mcq,mcq,low-entropy,24,2,0.58,Subtracting the shared angle ∠2 from bot,In the vertical-angles proof  what single move turns the two linear-pair equations into ∠1
g10-constructions-proof,cp-why-works__mcq,mcq,low-entropy,24,3,0.38,every pair of corresponding sides and an,Once a construction proof shows two triangles are congruent  what can it conclude?  Reason
g10-constructions-proof,default,mcq,low-entropy,24,3,0.38,the two sides of the angle,A point lies on the bisector of an angle. What is it equidistant from?  Reasoning check: C
g10-coordinate-proofs,cx-classify-quad__mcq,mcq,low-entropy,24,3,0.46,PQ ∥ SR (both 1/5) and QR ∥ PS (both 4) ,W(0  0)  X(7  3)  Y(6  8)  Z(−1  5). Most specific name  with the fastest base certificate
g10-coordinate-proofs,default,mcq,low-entropy,24,2,0.67,Center (−4  1)  radius 3,Unmask x² + y² + 8x − 2y + 8 = 0:  Reasoning check: Trace the diagram information one fact
g10-geometry-foundations,gf-algebra-measures__numeric,numeric,low-entropy,24,4,0.29,11,With x = 11 in the same bisector setup  find m∠PQS in degrees.  Reasoning check: Write the
g10-geometry-foundations,gf-composition__mcq,mcq,low-entropy,24,2,0.67,They differ: R-then-T gives (3  3) but T,Motion R = reflect over the y-axis; motion T = (x  y) → (x + 4  y). Starting from (1  3)  
g10-geometry-foundations,gf-corresponding-parts__mcq,mcq,low-entropy,24,2,0.5,FDE,Given ΔABC ≅ ΔDEF  complete: ΔCAB ≅ Δ___  Reasoning check: Use the labeled relationship be
g10-geometry-foundations,gf-find-motion__mcq,mcq,low-entropy,24,2,0.54,No — the lengths differ (5 vs 6)  and ri,A(1  4) and B(3  1) map to A′(−1  −4) and B′(−3  −1). Which motion is it?  Reasoning check
g10-geometry-foundations,gf-notation__mcq,mcq,low-entropy,24,5,0.29,∠ABC,∠ABD has vertex B; point C lies on ray BD beyond D. Which is a VALID alternate name for ∠A
g10-geometry-foundations,gf-reflection-rule__mcq,mcq,low-entropy,24,2,0.5,Nowhere new — it is its own image (a fix,The point (4  4) lies ON the line y = x. Where does the reflection over y = x send it?  Re
g10-geometry-foundations,gf-rotational-symmetry__mcq,mcq,low-entropy,24,2,0.54,a parallelogram (no right angles  unequa,Which letter has rotational symmetry of order 2 (matches itself after a 180° turn)?  Reaso
g10-geometry-foundations,gf-undefined-terms__mcq,mcq,low-entropy,24,2,0.63,Through any two distinct points there is,Suppose someone claims TWO different lines both pass through points X and Y. Which postula
g10-polygons-quadrilaterals,pq-hierarchy__mcq,mcq,low-entropy,24,4,0.33,Sometimes — exactly when it has a right ,Under this course's convention  “a parallelogram is a trapezoid” is:  Reasoning check: Ide
g10-polygons-quadrilaterals,pq-para-tests__mcq,mcq,low-entropy,24,3,0.5,PQ ≅ SR and PQ ∥ SR (the same pair  both,“One pair of opposite sides is parallel  and the OTHER pair is congruent.” Which figure pr
g10-polygons-quadrilaterals,pq-rectangle__mcq,mcq,low-entropy,24,2,0.5,The frame is a true rectangle — right an,A carpenter measures a doorframe's two diagonals and finds them equal (the frame's opposit
g10-polygons-quadrilaterals,pq-square__mcq,mcq,low-entropy,24,2,0.58,Every square is a rhombus  but not every,A quadrilateral is known to be a rectangle. Which ONE additional fact certifies it's a squ
g10-similarity,sy-aa__mcq,mcq,low-entropy,24,3,0.42,AA: both have a right angle to the groun,What justifies using a proportion for the shadow problem — WHY are the two triangles simil
g10-similarity,sy-criterion-choice__mcq,mcq,low-entropy,24,2,0.5,AA — the parallel line creates equal cor,A line parallel to one side of a triangle crosses the other two sides. Which criterion doe
g10-similarity,sy-geometric-mean__mcq,mcq,low-entropy,24,2,0.54,h = √(p·q) — the geometric mean of the s,The altitude h to the hypotenuse relates to the two hypotenuse segments p and q how?  Reas
g10-similarity,sy-indirect__mcq,mcq,low-entropy,24,2,0.63,Both have a right angle to the ground an,Why does the mirror method create similar triangles?  Reasoning check: Sketch the relation
g10-similarity,sy-sas-similar__mcq,mcq,low-entropy,24,2,0.5,SAS~ (SAS similarity),Two triangles have two pairs of proportional sides and the angles BETWEEN those sides are 
g10-similarity,sy-side-splitter-converse__mcq,mcq,low-entropy,24,3,0.46,Conclude the line is parallel  given tha,Three parallel lines cross two transversals. How do the segment ratios compare?  Reasoning
g10-similarity,sy-side-splitter__mcq,mcq,low-entropy,24,2,0.63,AE/EC (piece-to-piece  matching the styl,Why does a line parallel to one side split the other two proportionally?  Reasoning check:
g10-similarity,sy-similarity__mcq,mcq,low-entropy,24,2,0.54,Congruence is similarity with scale fact,How are congruence and similarity related?  Reasoning check: Trace the diagram information
g10-similarity,default,mcq,low-entropy,24,3,0.42,One with angles 90°  30° and another wit,What justifies using a proportion for the shadow problem — WHY are the two triangles simil
g10-solid-geometry,sg-cavalieri-limits__mcq,mcq,low-entropy,24,3,0.38,Same volume  but MORE lateral surface — ,A right prism (height 12) is sheared so its slant edge is 13 (top shifted 5). Compared to 
g10-solid-geometry,sg-composite-add__numeric,exactNumberLab,low-entropy,24,4,0.33,504,A water tower (radius 6 throughout): cone base of height 5  cylindrical tank of height 10 
g10-solid-geometry,sg-cross-sections__mcq,mcq,low-entropy,24,2,0.5,A triangle — two slant edges meeting at ,A plane slices a cone straight down through its apex (and through the base). The cross-sec
g10-solid-geometry,sg-section-reasoning__mcq,mcq,low-entropy,24,2,0.63,A cylinder — constant circular sections ,Why is the great circle the LARGEST section of a sphere?  Reasoning check: Sketch the rela
g10-triangle-congruence,tc-centers-choice__mcq,mcq,low-entropy,24,3,0.5,the incenter,You need a point equidistant from all three SIDES of a triangular park (to place a sprinkl
g10-triangle-congruence,tc-circumcenter__mcq,mcq,low-entropy,24,2,0.58,the circle passing through all three ver,Since the circumcenter is equidistant from all three vertices  it is the center of…  Reaso
g10-triangle-congruence,tc-cpctc-practice__mcq,mcq,low-entropy,24,2,0.54,Reflexive Property (a shared side equals,In that proof  the equality BD = BD comes from which reason?  Reasoning check: Mark the gi
g10-triangle-congruence,tc-cpctc__mcq,mcq,low-entropy,24,2,0.5,only after the triangles have been prove,At what point in a proof may you use CPCTC?  Reasoning check: Write the relevant equality 
g10-triangle-congruence,tc-hl__mcq,mcq,low-entropy,24,2,0.63,The right angle lets the Pythagorean the,Two right triangles each have hypotenuse 10 and one leg 6. What can you conclude?  Reasoni
g10-triangle-congruence,tc-inequality-proofs__mcq,mcq,low-entropy,24,3,0.38,the hinge theorem (larger included angle,Two triangles share sides of length 8 and 11. The included angle in the first is 65°  in t
g10-triangle-congruence,tc-overlapping__mcq,mcq,low-entropy,24,3,0.38,SAS  with the shared ∠A as the included ,Two overlapping triangles share vertex angle ∠A  and the two sides forming ∠A are equal in
g10-triangle-congruence,tc-ssa-fails__mcq,mcq,low-entropy,24,3,0.33,SSA — two sides and a non-included angle,Which of these does NOT guarantee two triangles are congruent?  Reasoning check: Write the
g12-function-analysis,function-analysis__fna-inc-dec__buildExpression,buildExpression,low-entropy,24,3,0.46,[ (   −∞       2   ) ],On which interval is y = −(x − 2)² + 9 increasing?  Reasoning check: Identify the represen
g12-function-analysis,function-analysis__fna-restricted__mcq,mcq,low-entropy,24,2,0.54,x ≥ 0 — the inverse's domain is f's rang,f(x) = x² on x ≥ 0 has range y ≥ 0. What is the DOMAIN of f⁻¹(x) = √x?  Reasoning check: U
g12-limits-continuity,limits-continuity__lc-discontinuity__mcq,mcq,low-entropy,24,2,0.54,jump discontinuity,A piecewise function approaches 1 from the left of x = 0 and 3 from the right. At x = 0 it
g12-limits-continuity,limits-continuity__lc-onesided__mcq,mcq,low-entropy,24,2,0.58,does not exist (1 ≠ 3),f = x² for x < 1 and 3x for x ≥ 1. Then lim(x→1) f(x):  Reasoning check: Mark the known qu
g12-polar-parametric,polar-parametric__pp-eliminate__buildExpression,buildExpression,low-entropy,24,3,0.54,[ x² + y²   =   4 ],Eliminate t from x = 3cos t  y = 2sin t.  Reasoning check: Identify the representation and
g12-polar-parametric,polar-parametric__pp-nth-roots__mcq,mcq,low-entropy,24,3,0.46,2 (the k = 0 root),Which is one of the cube roots of 8?  Reasoning check: Translate the graph  table  or expr
g12-polar-parametric,polar-parametric__pp-parametric__mcq,mcq,low-entropy,24,3,0.46,Different t values (like ±1) give the sa,For x = t + 1  y = 2t  as t increases the point moves:  Reasoning check: Translate the gra
g12-polar-parametric,polar-parametric__pp-parametrize__buildExpression,buildExpression,low-entropy,24,2,0.54,[ x = cos t       y = −sin t ],Which parametrization traces the unit circle CLOCKWISE from (1  0)?  Reasoning check: Iden
g12-polar-parametric,polar-parametric__pp-polar-form__buildExpression,buildExpression,low-entropy,24,2,0.5,[ r   cos θ ],In z = r(cos θ + i sin θ)  the real part a equals:  Reasoning check: Mark the known quanti
g12-polynomial-rational-analysis,polynomial-rational-analysis__pra-ineq-scratch__buildExpression,buildExpression,low-entropy,24,2,0.54,[ −2   ≤   x   ≤   0   or   x   ≥   2 ],Where is x³ ≥ 4x?  Reasoning check: Sketch or annotate the situation before entering the r
g12-polynomial-rational-analysis,polynomial-rational-analysis__pra-mult-shortcut__buildExpression,buildExpression,low-entropy,24,3,0.42,[ x   >   −2       except x = 3 ],Continuing the walk across x = −2 (multiplicity 1)  the full sign chart of g  left to righ
g12-polynomial-rational-analysis,polynomial-rational-analysis__pra-rational-cuts__buildExpression,buildExpression,low-entropy,24,3,0.46,[ +       −       + ],Where is (x + 4)/(x − 2) < 0?  Reasoning check: Use the visible structure one step at a ti
g12-polynomial-rational-analysis,polynomial-rational-analysis__pra-rearrange__buildExpression,buildExpression,low-entropy,24,3,0.42,[ (1 − x)   /   (x + 1)   ≥ 0 ],For (−2x + 6)/(x − 2) ≤ 0  the cut points are:  Reasoning check: Identify the representati
g12-polynomial-rational-analysis,polynomial-rational-analysis__pra-rrt-pipeline__mcq,mcq,low-entropy,24,2,0.54,2  −1  −3,g(x) = 2x³ − 3x² − 3x + 2 has zeros 2  −1  and 1/2. Which is its complete factorization?  
g12-polynomial-rational-analysis,polynomial-rational-analysis__pra-signchart__buildExpression,buildExpression,low-entropy,24,4,0.42,[ x   <   −1   or   x   >   2 ],Where is (x + 1)(x − 2) > 0?  Reasoning check: Translate the graph  table  or expression i
g12-polynomial-rational-analysis,polynomial-rational-analysis__pra-slant-find__mcq,mcq,low-entropy,24,2,0.54,y = x + 2,So f(x) = (x² + 3x + 5)/(x + 1) has which slant asymptote?  Reasoning check: Use the visib
g12-polynomial-rational-analysis,polynomial-rational-analysis__pra-slant-when__mcq,mcq,low-entropy,24,4,0.38,No horizontal or slant asymptote — the q,k(x) = (x⁴ + 2)/(x − 1). What is true of its far-out behavior?  Reasoning check: Sketch or
g12-trig-graphs-inverses,trig-graphs-inverses__tg-arcsin__mcq,mcq,low-entropy,24,3,0.46,not defined — no angle has sine 2,sin(5π/6) = 1/2 too. Why isn't arcsin(1/2) = 5π/6?  Reasoning check: Use the visible struc
g12-trig-graphs-inverses,trig-graphs-inverses__tg-inverse-graphs__mcq,mcq,low-entropy,24,3,0.38,decreases from π to 0,As its input increases from −1 to 1  arccos:  Reasoning check: Identify the representation
g12-trig-graphs-inverses,trig-graphs-inverses__tg-phase__mcq,mcq,low-entropy,24,2,0.54,π/4 right,What is the phase shift of y = sin(4x − π)?  Reasoning check: Identify the representation 
g12-trig-graphs-inverses,default,mcq,low-entropy,24,3,0.38,2π/3,What is arccos(−1/2)?  Reasoning check: Name what stays fixed before changing or computing
g12-trig-identities-equations,default,mcq,low-entropy,24,2,0.58,−cos x,Using the sum formula  cos(x + π) simplifies to:  Reasoning check: Sketch or annotate the 
g12-vectors-matrices,vectors-matrices__vec-rotation__mcq,mcq,low-entropy,24,2,0.58,⟨−2  −3⟩,Rotate ⟨2  3⟩ by 180° using [[−1  0]  [0  −1]].  Reasoning check: Sketch or annotate the s
g13-curve-analysis,curve-analysis__ca-optimisation-applied__mcq,mcq,low-entropy,24,2,0.5,At x = 40 — the right endpoint. Profit i,A profit function P(x) has P′(x) > 0 for every x in the allowed range [0  40]. Where is th
g13-curve-analysis,curve-analysis__ca-read-f-prime__mcq,mcq,low-entropy,24,2,0.58,A local maximum of f.,The graph of f′ crosses the axis from ABOVE to BELOW at x = 2. What is at x = 2 on the gra
g13-curve-analysis,curve-analysis__ca-second-derivative-test__mcq,mcq,low-entropy,24,2,0.54,Nothing — use the sign chart of f′ inste,f′(c) = 0 and f″(c) = 0. What can you conclude?  Reasoning check: Sketch or annotate the s
g13-derivatives-in-context,derivatives-in-context__dc-linearisation-limits__mcq,mcq,low-entropy,24,3,0.38,The one with |f″| = 0.01 — it is nearly ,Why can f(x) = |x| not be linearised at x = 0?  Reasoning check: Translate the graph  tabl
g13-derivatives-in-context,derivatives-in-context__dc-related-rates__mcq,mcq,low-entropy,24,2,0.63,9π is a constant  so its derivative is 0,To find dA/dt when r = 3  a student writes A = π(3²) = 9π and then differentiates. What go
g13-derivatives-in-context,derivatives-in-context__dc-speed__mcq,mcq,low-entropy,24,2,0.54,Moving backward and SPEEDING UP — v < 0 ,v = 3(t − 1)(t − 3) and a = 6t − 12. What is happening on the interval (1  2)?  Reasoning 
g13-differential-equations,differential-equations__de-exponential__mcq,mcq,low-entropy,24,2,0.54,Neither — the half-life is the same. The,Two samples of the same substance start with 1 kg and 1 microgram. Which halves faster?  R
g13-differential-equations,differential-equations__de-logistic__mcq,mcq,low-entropy,24,2,0.54,The bracket is nearly 1  so dP/dt ≈ kP —,A logistic population sits between K/2 and K. What is it doing?  Reasoning check: Mark the
g13-differential-equations,differential-equations__de-slope-field__mcq,mcq,low-entropy,24,2,0.63,The segments get STEEPER — the bigger y ,For dy/dx = 0.5y  what happens to the field as you move upward (larger y)?  Reasoning chec
g13-integration-accumulation,integration-accumulation__in-library__mcq,mcq,low-entropy,24,2,0.5,−cos x + C,What is ∫ sin x dx?  Reasoning check: Mark the known quantities  then choose the operation
g13-integration-accumulation,integration-accumulation__in-net-change__mcq,mcq,low-entropy,24,2,0.58,She ended 2 miles from where she started,v(t) is measured in miles per hour and t in hours. What does ∫₀³ v(t) dt measure?  Reasoni
g13-integration-accumulation,integration-accumulation__in-riemann__mcq,mcq,low-entropy,24,2,0.54,The trapezoid rule — a slanted top match,On a rising curve  why does the left-endpoint rule always underestimate?  Reasoning check:
g13-integration-accumulation,integration-accumulation__in-squeeze__mcq,mcq,low-entropy,24,2,0.54,h = (b − a)/n shrinks to 0  and the heig,The gap between the left and right sums is [f(b) − f(a)]·h. Why does it vanish as n → ∞?  
g13-integration-applications,integration-applications__ia-disc__mcq,mcq,low-entropy,24,2,0.67,π∫[f(x)]² dx — square the FUNCTION  then,Which is the disc-method volume: π∫[f(x)]² dx  or π(∫f(x) dx)²?  Reasoning check: Name wha
g13-series-convergence,series-convergence__sc-comparison__mcq,mcq,low-entropy,24,3,0.42,Yes — each term is smaller than 1/n²  an,Does Σ 1/(n² + 1) converge?  Reasoning check: Identify the representation and the governin
g13-series-convergence,series-convergence__sc-nth-term__mcq,mcq,low-entropy,24,3,0.38,It diverges — you are adding lumps of a ,The terms of 1 + 1/2 + 1/3 + 1/4 + … go to zero. Does the series converge?  Reasoning chec
g13-series-convergence,series-convergence__sc-power-ops__mcq,mcq,low-entropy,24,3,0.5,1 + 2x + 3x² + …  which equals 1/(1 − x),Differentiate 1 + x + x² + x³ + … term by term. What do you get  and what does it equal?  
g13-series-convergence,series-convergence__sc-taylor__mcq,mcq,low-entropy,24,2,0.54,The tangent line at 0 — the linearisatio,What are the first two terms of a Taylor polynomial  f(0) + f′(0)x?  Reasoning check: Name
g6-data-literacy,ddDataRepeatedValues,mcq,low-entropy,23,6,0.29,3 values — each student's response count,2 students each answered  3 pets.  How many data values do those responses contribute?
g6-center-spread,ddRangeEndpointsOnly,pointSetReasoningLab,low-entropy,23,3,0.38, b ,The sets 3  5  9  14  16 and 3  4  4  15  16 both have range 13. Why can range not disting
match-sum,default,matchPairs,low-entropy,23,5,0.29,{ 3 + 3 : 6   4 + 4 : 8   5 + 5 : 10   6,Match each double to what it makes.
cn-square,factorBack,mcq,low-entropy,23,7,0.33,(x − 5)²,x² − 10x + 25 equals…
composite-area-lab,fromTriangles,compositeAreaLab,low-entropy,23,3,0.42, c0 ,Triangle 1 has area 14 and triangle 2 has area 5. What is the trapezoid's total area?
long-div-2digit,default,numeric,low-entropy,23,7,0.21,6,You placed 7 and computed 7 × 11 = 77. What is 83 − 77?
remainder-word,eachGets,quotientReasoningLab,low-entropy,23,5,0.29,4,39 cookies among 8 friends (39 ÷ 8 = 4 remainder 7). How many does EACH friend get?
remainder-word,vansUp,quotientReasoningLab,low-entropy,23,5,0.29,6,30 people travel in vans that seat 8 (30 ÷ 8 = 3 remainder 6). How many vans are needed?
estimate-round,tensAns,numeric,low-entropy,23,4,0.38,21,Estimate 623 ÷ 28 using 630 ÷ 30. About what is it?
estimate-round,compatible,numeric,low-entropy,23,5,0.29,4,Estimate 355 ÷ 58 with compatible numbers. About what is it?
estimate-round,default,numeric,low-entropy,23,5,0.29,6,Estimate 412 ÷ 68 using 420 ÷ 70. About what is it?
lcm-pair,relativelyPrime,mcq,low-entropy,23,6,0.29,7 and 10,Which pair is relatively prime  meaning its GCF is exactly 1?
variable-meaning,lessThanPhrase,mcq,low-entropy,23,6,0.33,x − 3,Which expression means  5 less than x ?
place-compare,decimalMixed,placeValueTransformLab,low-entropy,23,2,0.54, lt ,Compare: 0.2 __ 0.17
unit-frac-divide,divideFractionWhole,quotientReasoningLab,low-entropy,23,7,0.29,4,Use flip-and-multiply: 1/3 ÷ 1/9 = ?
coordinate-plot,cgAxisDistance,pointSetReasoningLab,low-entropy,23,5,0.33,3,How many units long is the horizontal segment from (4  1) to (7  1)?
reflect-compose,default,mcq,low-entropy,23,3,0.42,180° rotation,Reflecting over y = −x  then over the x-axis  gives the matrix [[0  -1]  [1  0]]. This sin
opt-box,default,mcq,low-entropy,23,7,0.29,12(x − 2)(x − 6),V = 4x³ − 48x² + 144x. Which is V′  factored?
second-deriv-poly,classify,mcq,low-entropy,23,2,0.71,A maximum — flat  and bending downward.,f(x) = 5x² has f′(0) = 0 and f″(0) = 10. What is at x = 0?
skip-count,howManyNumbers,mcq,low-entropy,23,6,0.29,5,Sam counts by 2s — one number for each pair: 2  4  6  … There are 5 pairs. How many number
missing-factor,flipIt,numeric,low-entropy,23,7,0.25,9,Flip it: 4 × ___ = 28. So what is 28 ÷ 4?
fact-family,shareThenGiveBack,numeric,low-entropy,23,6,0.25,1,49 markers are shared equally among 7 tables. Then each one gives back 1 marker. How many 
secant-slope,avgRate,numeric,low-entropy,23,5,0.33,4,On a graph of g  the points (5  1) and (10  21) lie on the curve. What is the average rate
rate-interpret,temperature,numeric,low-entropy,23,3,0.54,-4,At 7 a.m. the temperature is 13 °C; by noon it is −7 °C. What is the average rate of chang
subtract-like-denom,simplifyDenom,numeric,low-entropy,23,5,0.33,2,11/12 − 8/12 = 3/12. Simplify this to lowest terms. What is the DENOMINATOR of the simplif
to-polar,default,mcq,low-entropy,23,2,0.58,π/6,For (4  4√3)  what is θ?
set-ops,default,mcq,low-entropy,23,2,0.58,{18},Cards 1–20  with A = multiple of 6  B = greater than 15. Which set is A ∩ B (the outcomes 
addition-rule,default,mcq,low-entropy,23,2,0.54,13/52 + 12/52 − 3/52,Which expression gives P(spade or face card)?
identity-zero,riddleZero,numeric,low-entropy,23,7,0.29,5,A riddle: start with 14. Multiply by 1. Multiply the result by 0. Then add 6. What number 
round-ten,placeOnLine,numberLinePlace,low-entropy,23,7,0.17,50,Round 48 to the nearest ten.
nl-unit,whichCloser,mcq,low-entropy,23,7,0.25,1/8,Which spot is CLOSER to 0: 1/8 or 1/4?
nl-beyond-one,default,mcq,low-entropy,23,5,0.38,Between 1 and 2,Where does 6/5 live on the line?
equiv-models,fairTrade,mcq,low-entropy,23,5,0.29,4/6,Which is a FAIR trade for 1/4?
equiv-models,default,mcq,low-entropy,23,5,0.33,4/6 — the same amount  renamed,A bar has 3/4 shaded. You cut every piece in half. The shaded part now reads…
time-relative,waitTime,numeric,low-entropy,23,4,0.42,15,The bus leaves at  twenty to seven . Marco arrives at the stop at 6:25. How many minutes m
missing-side,rectangleWidth,geometricConstraintLab,low-entropy,23,6,0.25,6,A rectangle's perimeter is 32 cm and its length is 12 cm. What is its width?
unit-fraction,default,mcq,low-entropy,23,7,0.29,1/5,Which fraction is a unit fraction from a 4-piece equal partition?
attributes,cgTriangleSideHierarchy,shapeHierarchyLab,low-entropy,23,4,0.42, h0 ,A triangle has side lengths 9  9  and 9. Which statement is correct?
shape-hierarchy,missingHierarchyLabel,mcq,low-entropy,23,3,0.42,pentagon,A 9-cm square automatically earns several labels. Which label does it NOT earn?
parts-as-fractions,allPartsShaded,mcq,low-entropy,23,7,0.21,6/6,A shape is split into 5 equal parts and all 5 are shaded. What fraction is shaded?
line-plot,ddShapeClusterCount,numeric,low-entropy,23,7,0.38,7,A dot plot has 4 dots at 7  2 at 12  3 at 17  and 1 at the outlier 42. How many observatio
mass,whichHeavier,mcq,low-entropy,23,5,0.33,4 kilograms,Which is heavier: 3 kilograms or 750 grams?
double-double,whichFact,mcq,low-entropy,23,7,0.29,7 × 4 = 28,Ari knows 5 × 2 = 10. Doubling that answer ONCE more lands on which fact?
g7-scale-to-actual,scaleDirection,mcq,low-entropy,23,7,0.33,Divide the real length by 5,A scale drawing uses 1 cm = 5 m. You know a real length and need its drawing length. What 
pr-unit-rate-g7,rrBetterBuyTwo,proportionalReasoningLab,low-entropy,23,3,0.38, b ,Small package: 30¢ per ounce. Large package: 27¢ per ounce. Which is the better buy?
pr-test-proportional-g7,proportionalChallenge,proportionalReasoningLab,low-entropy,23,4,0.38, a ,A table has pairs (3  15)  (5  25)  (7  35). Is this proportional?
g7-tse-inequality-build,tseIneqPosB,buildExpression,low-entropy,23,7,0.29,[ x   ≥   6 ],Solve: 2x + 2 ≥ 10
g7-tse-inequality-build,tseIneqRealNegB,buildExpression,low-entropy,23,6,0.29,[ x   <   -11 ],Solve: -5x - 2 > 43
g7-tse-inequality-build,default,buildExpression,low-entropy,23,7,0.21,[ x   <   2 ],Solve: 2x + 4 < 8
g7-sp-overlap-interpret,spOverlapHeavy,distributionCompareLab,low-entropy,23,3,0.38, b ,Sample distributions for service times at two cafés overlap heavily  and their means diffe
g7-sp-overlap-interpret,spOverlapModerate,distributionCompareLab,low-entropy,23,3,0.54, b ,Sample distributions for player heights on two teams have some overlap  and their means ar
g7-sp-overlap-interpret,spCompareLarge,distributionCompareLab,low-entropy,23,3,0.38, c ,Sample distributions for crop yields at two farms have means 3.8 variability-units apart a
g7-sp-compound-model,spCompoundGame,compoundEventLab,low-entropy,23,3,0.42, p1 ,A game is won by flipping heads and rolling an even number on a fair 6-sided die. What is 
g8-esn-place-value,esnPlaceMcq,placeValueTransformLab,low-entropy,23,4,0.29, c ,400 written as a digit times a power of ten is:
g8-rns-decimal-classify,rnsChooseRepeat,quotientReasoningLab,low-entropy,23,4,0.42, c ,Which fraction's decimal REPEATS instead of stopping?
g8-rns-decimal-classify,rnsSimplifyPredict,mcq,low-entropy,23,2,0.67,Terminate,6/15 — terminate or repeat? (Simplify first!)
g8-rns-density,rnsDensityChallenge,exactNumberLab,low-entropy,23,4,0.38, c ,4.12² = 16.9744 and 4.13² = 17.0569. So √17 is between:
g8-tm-rigid-motion,tmRotatePoint,mcq,low-entropy,23,3,0.38,90° clockwise,A rotation about the origin sends (6  3) to (-6  -3). What turn was it?
g8-tm-congruence,tmCongruenceSSS,mcq,low-entropy,23,7,0.21,sides 9  12  15 and 15  9  12,Which pair of triangles must be congruent?
g8-bv-scatter-basics,bvScatterPurpose,mcq,low-entropy,23,6,0.29,Whether tree age and tree height are rel,What can a scatter plot of car age and resale value show that a one-variable plot cannot?
g8-bv-relative-frequency,bvRelDivide,conditionalTableLab,low-entropy,23,7,0.33,60,Of 20 returning customers  12 chose the annual plan. Which division finds the percent OF r
g8-tm-sphere-volume,tmSphereUnit,mcq,low-entropy,23,7,0.29,36π,A sphere has radius 2. Which expression is its exact volume?
g8-les-distribute-solve,lesDistributeCombine,numeric,low-entropy,23,7,0.29,8,Solve for x: 4(x − 6) + 5x = 39
g8-les-solution-count,lesNoDistribute,equationOutcomeLab,low-entropy,23,4,0.33, e0 ,How many solutions does 5(x + 3) = 5x + 19 have?
g8-les-system-verify,lesVerifyPoint,affineRelationshipLab,low-entropy,23,4,0.33, a ,Does (1  3) solve the system y = 3x and 2x + y = 5?
g8-fn-compare-rates,fgCompareTables,affineRelationshipLab,low-entropy,23,4,0.46, d ,Function A has table (0  0)  (1  2)  (2  4). Function B has table (0  0)  (1  4)  (2  8). 
g8-fn-compare-rates,default,mcq,low-entropy,23,2,0.79,Function B,Function A is y = 6x. Function B is the table (0  0)  (1  4)  (2  8). Which has the greate
g8-fn-qualitative-graphs,fgQualStopped,graphStoryLab,low-entropy,23,3,0.42, g1 ,On a graph of distance from school versus time  which section shows the traveler stopped?
g8-fn-graph-stories,fgStoryIncreasingGrowth,graphStoryLab,low-entropy,23,4,0.38,{ segmentIds :[ b0 ]},A savings balance increases by more during each time interval than during the interval bef
k0-add-subtract,KoaTakeFromStoryNumeric,numeric,low-entropy,23,6,0.38,2,A basket holds 7 apples. Someone takes out 2. How many apples are in the basket now?
g0-counting,countSubtractMcq,mcq,low-entropy,23,6,0.42,0,You have 3 stickers and give away 2. How many stickers are left?
g0-shapes-sorting,shapePositionMcq,mcq,low-entropy,23,4,0.38,outside,What is the opposite position of “in front of”?
g0-shapes-sorting,shapeSortTap,tapDiagram,low-entropy,23,3,0.38,[ g2 ],Tap the group with the greatest number of shapes.
k0-count-100,kDecadeNextMcq,mcq,low-entropy,23,6,0.29,40,What number comes right after 39?
k0-count-100,kTensOrderDrag,dragOrder,low-entropy,23,5,0.29,[ 10   20   30   40   50 ],Drag the tens into counting order  smallest first.
g2-add-subtract-100,AddTensMcq,mcq,low-entropy,23,6,0.33,90,60 + 10 = ?
g2-add-subtract-100,SubTensMcq,mcq,low-entropy,23,7,0.33,30,90 − 80 = ?
g2-measure-money-time,MmtEstimateMcq,mcq,low-entropy,23,4,0.29,4 inches,A key is about 4 inches long. Which is the best estimate?
g2-shapes-shares,Ssg2NameAnyMcq,mcq,low-entropy,23,6,0.42,hexagon,A shape has 8 sides. What is it called?
g4-decimals,dCompareRational,rationalCompare,low-entropy,23,2,0.71, lt ,Compare the two decimals: 0.83 ? 0.89. Choose the relation that holds.
g4-measure,mcFractionMeasurementMcq,mcq,low-entropy,23,5,0.33,1 unit,Two measured pieces are 1/4 unit and 1/4 unit long. Which total is correct?
g4-multiply,mbFactorsMcq,mcq,low-entropy,23,6,0.33,2,Which number is a factor of 18?
g4-multiply,mbPrimeCompositeMcq,mcq,low-entropy,23,2,0.63,Composite,Classify 17.
a1-exponential,exp-percent__mcq,mcq,low-entropy,23,5,0.33,2,A quantity grows 25% each step. What is the exponential factor?
a1-polynomials,factor-gcf__numeric,numeric,low-entropy,23,3,0.38,2,The GCF of 10x^3 + 6x^2 is 2x^k. Find k.
a2-complex,cn-complex-plane__mcq,mcq,low-entropy,23,6,0.38,2,For z = 0 + 2i  what is the imaginary part?
a2-transformations,ft-compose-rule__mcq,mcq,low-entropy,23,6,0.25,f(u)=u² and g(x)=x+5,Which pair gives f(g(x))=(x+5)²?
a2-radicals,re-both-sides__mcq,mcq,low-entropy,23,7,0.29,x = ±3,Solve √(x²−2)=6.855655. Which solution description is correct?
a2-radicals,re-both-sides__numeric,exactNumberLab,low-entropy,23,7,0.29,2,Solve ∛(2x + 52)=4.
a2-series,sr-inf-converge__mcq,mcq,low-entropy,23,2,0.63,Its partial sums approach a finite limit,What happens to the infinite geometric series with common ratio 0.2?
g10-circle-theorems,cr-tangent-chord__numeric,numeric,low-entropy,23,3,0.42,110,A chord cuts off a 140° arc  and a tangent touches the circle at one of the chord's endpoi
g10-constructions-proof,cp-copy-segment__mcq,mcq,low-entropy,23,2,0.63,Both equal the same unchanged compass ra,After copying  why is CD exactly equal to AB?  Reasoning check: Write the relevant equalit
g10-constructions-proof,cp-perp-at-point__mcq,mcq,low-entropy,23,3,0.42,They are parallel to each other,Raising a perpendicular at a point on a line is secretly the same as…  Reasoning check: Id
g10-coordinate-proofs,cx-circle-cts__mcq,mcq,low-entropy,23,2,0.5,Center (−4  1)  radius 3,Unmask x² + y² + 8x − 2y + 8 = 0:  Reasoning check: Mark the given quantities  then choose
g10-coordinate-proofs,cx-circle-position__mcq,mcq,low-entropy,23,2,0.54,Inside — (7−3)² + (2−2)² = 16 < 25,Against the figure's circle (x − 3)² + (y − 2)² = 25  the point (7  2) is:  Reasoning chec
g10-coordinate-proofs,cx-classify-tri__mcq,mcq,low-entropy,23,2,0.54,Isosceles — AC² = BC² = 34  but AB² = 36,Same triangle A(1  1)  B(5  3)  C(3  7). Full classification:  Reasoning check: Write the 
g10-right-triangles,rt-converse__mcq,mcq,low-entropy,23,2,0.71,Right: 64 + 225 = 289 = 17²,Sides 8  15  17. Right triangle or not — and what's the test?  Reasoning check: Trace the 
g10-right-triangles,rt-solve-side__numeric,numeric,low-entropy,23,4,0.46,44.15,Angle θ = 63°; the leg ADJACENT to θ is 30. Find the leg OPPOSITE θ (2 decimals).  Reasoni
g10-similarity,sy-proportions-figures__mcq,mcq,low-entropy,23,2,0.54,BD/DC = AB/AC (Angle Bisector Theorem),A cevian from vertex A is marked as bisecting angle A. Which proportion applies?  Reasonin
g10-similarity,sy-sss-similar__mcq,mcq,low-entropy,23,2,0.54,No — 6/3 = 2 and 8/4 = 2  but 9/5 = 1.8 ,Triangle A: 6  9  12. Triangle B: 8  12  16. Are they similar  and what is the scale facto
g10-triangle-congruence,tc-hinge__mcq,mcq,low-entropy,23,3,0.54,Widening the included angle swings the t,In the hinge theorem  what causes the third side to lengthen?  Reasoning check: Identify w
g12-conic-sections,conic-sections__co-shifted-parabola__mcq,mcq,low-entropy,23,2,0.71,(2  1),Which way does y² = −4x open?  Reasoning check: Mark the known quantities  then choose the
g12-function-analysis,function-analysis__fna-compose-domain__mcq,mcq,low-entropy,23,2,0.54,x > 2,f(x) = 1/x and g(x) = √(x − 2). What is the domain of f(g(x))?  Reasoning check: Name what
g12-function-analysis,function-analysis__fna-inverse-verify__mcq,mcq,low-entropy,23,2,0.58,h(j(3)) = 7 ≠ 3  so no — j undoes the op,h(x) = 3x + 1 and j(x) = x/3 + 1. Compute h(j(3)). Are they inverses?  Reasoning check: Na
g12-function-analysis,function-analysis__fna-one-to-one__mcq,mcq,low-entropy,23,3,0.38,An inverse would need to send 9 to both ,Why does f(x) = x² (all real x) have no inverse function?  Reasoning check: Use the visibl
g12-limits-continuity,limits-continuity__lc-continuity__mcq,mcq,low-entropy,23,2,0.71,f(2) is not defined,A function has a hole at x = 2: the limit exists (= 4) but f(2) is not defined. Continuity
g12-limits-continuity,limits-continuity__lc-dne__mcq,mcq,low-entropy,23,2,0.71,does not exist,For f(x) = 1/x² as x → 0  the values grow 100  10 000  1 000 000  … So lim(x→0) f(x):  Rea
g12-limits-continuity,limits-continuity__lc-ivt__mcq,mcq,low-entropy,23,2,0.67,a root (f = 0) somewhere in (1  2),For f(x) = x² − 2  we compute f(1) = −1 and f(2) = 2. What does the IVT guarantee?  Reason
g12-polar-parametric,polar-parametric__pp-circles__mcq,mcq,low-entropy,23,2,0.58,A circle of radius 1 centered at (1  0),The polar equation r = 2 cos θ graphs:  Reasoning check: Name what stays fixed before chan
g12-polar-parametric,polar-parametric__pp-trajectory__numeric,numeric,low-entropy,23,4,0.33,4,With t_peak = 2 s  what is the total flight time on level ground? (In seconds.)  Reasoning
g12-polar-parametric,default,mcq,low-entropy,23,2,0.54,θ = π/2,At what angle does r = 2 cos θ pass through the pole (r = 0)?  Reasoning check: Translate 
g12-polynomial-rational-analysis,polynomial-rational-analysis__pra-conjugate__mcq,mcq,low-entropy,23,2,0.54,−2i is also a zero  and the third zero i,A student claims a REAL-coefficient quartic has exactly the zeros {3  1 + 2i  1 − 2i  5 − 
g12-polynomial-rational-analysis,polynomial-rational-analysis__pra-portrait__mcq,mcq,low-entropy,23,3,0.38,Nowhere — the gap −3/(x − 1) is never ze,Which statement is true?  Reasoning check: Use the visible structure one step at a time an
g12-polynomial-rational-analysis,polynomial-rational-analysis__pra-rrt-list__numeric,exactNumberLab,low-entropy,23,2,0.63,8,g(x) = 2x³ − 3x² − 3x + 2. After removing duplicates  how many DISTINCT rational-root cand
g12-polynomial-rational-analysis,polynomial-rational-analysis__pra-rrt-test__mcq,mcq,low-entropy,23,2,0.54,c is a zero AND the other numbers in the,g(x) = 2x³ − 3x² − 3x + 2. Testing the candidate c = 1/2 gives g(1/2) = ?  Reasoning check
g12-trig-graphs-inverses,trig-graphs-inverses__tg-composition-trap__mcq,mcq,low-entropy,23,3,0.54,−π/6,What is arcsin(sin(5π/6))?  Reasoning check: Name what stays fixed before changing or comp
g12-trig-graphs-inverses,trig-graphs-inverses__tg-equiv-rules__mcq,mcq,low-entropy,23,4,0.42,y = sin(x + π),Which rule is NOT equivalent to y = sin x?  Reasoning check: Mark the known quantities  th
g12-trig-graphs-inverses,trig-graphs-inverses__tg-tan-transform__mcq,mcq,low-entropy,23,2,0.75,Steepens each branch — the graph still h,What does the 3 do in y = 3 tan x?  Reasoning check: Mark the known quantities  then choos
g12-trig-graphs-inverses,trig-graphs-inverses__tg-tan-values__mcq,mcq,low-entropy,23,3,0.46,x = 1.5,x = 1.55 sits just LEFT of the wall at π/2 ≈ 1.5708. tan(1.55) is approximately:  Reasonin
g12-trig-identities-equations,trig-identities-equations__ti-apply-sum-diff__mcq,mcq,low-entropy,23,2,0.67,sin 2x,Using the sum formula  cos(x + π) simplifies to:  Reasoning check: Translate the graph  ta
g12-trig-identities-equations,trig-identities-equations__ti-general__mcq,mcq,low-entropy,23,2,0.54,π/6 − 2π (k = −1),Which value belongs to the family x = π/6 + 2πk?  Reasoning check: Use the visible structu
g12-trig-identities-equations,trig-identities-equations__ti-prove__mcq,mcq,low-entropy,23,2,0.63,sin θ — the proof is complete,After rewriting  the left side (sin θ/cos θ)·cos θ becomes:  Reasoning check: Name what st
g12-trig-identities-equations,trig-identities-equations__ti-reciprocals__mcq,mcq,low-entropy,23,2,0.5,csc θ,Which is the reciprocal of sin θ?  Reasoning check: Mark the known quantities  then choose
g13-curve-analysis,curve-analysis__ca-inflection__mcq,mcq,low-entropy,23,2,0.58,f″ CHANGES SIGN at c — the bend switches,What makes x = c an inflection point?  Reasoning check: Translate the graph  table  or exp
g13-curve-analysis,curve-analysis__ca-three-charts__mcq,mcq,low-entropy,23,2,0.67,Rising  but levelling off — heading towa,On an interval  f′ > 0 and f″ < 0. What is the curve doing  and what is it approaching?  R
g13-derivatives-in-context,derivatives-in-context__dc-choosing-relation__mcq,mcq,low-entropy,23,2,0.67,Similar triangles — the lamp/person/shad,A person walks away from a lamppost; their shadow lengthens. Which relation should you use
g13-differential-equations,differential-equations__de-separable__mcq,mcq,low-entropy,23,2,0.63,y = Ae^(x²)  where A = e^C,ln|y| = x² + C. Solve for y.  Reasoning check: Translate the graph  table  or expression i
g13-integration-accumulation,integration-accumulation__in-constant-of-integration__mcq,mcq,low-entropy,23,2,0.63,For indefinite integrals — a definite in,When does the + C actually matter?  Reasoning check: Identify the representation and the g
g13-integration-accumulation,integration-accumulation__in-ftc1__mcq,mcq,low-entropy,23,3,0.54,x³,What is d/dx [ ∫₁ˣ t³ dt ] ?  Reasoning check: Use the visible structure one step at a tim
g13-integration-accumulation,integration-accumulation__in-ftc2__numeric,numeric,low-entropy,23,3,0.38,2.667,∫₁³ x² dx. Give a decimal to three places.  Reasoning check: Use the visible structure one
g13-integration-accumulation,integration-accumulation__in-usub__numeric,numeric,low-entropy,23,3,0.38,1.875,∫₀¹ x/(x² + 1) dx  as a decimal to three places.  Reasoning check: Use the visible structu
g13-series-convergence,series-convergence__sc-alternating__numeric,numeric,low-entropy,23,3,0.42,0.0625,For 1 − 1/4 + 1/9 − 1/16 + …  you stop after 3 terms. Bound the error  to four decimals.  
g13-series-convergence,series-convergence__sc-radius__mcq,mcq,low-entropy,23,2,0.58,However big x is  the (n + 1) eventually,At x = 2  the series 1 + x + x² + … has terms 1  2  4  8  … What happens if you add more t
g6-data-literacy,ddSurveyPlan,mcq,low-entropy,22,3,0.42,Ask each player for one numerical measur,You want a 12-value data set about 12 players. Which plan delivers it?
g6-center-spread,ddOutlierMeanShift,numeric,low-entropy,22,5,0.33,4,The data 7  8  9  10  11 has mean 9. After adding 33  by how much does the mean increase?
compare-groups,more,tapDiagram,low-entropy,22,2,0.58,[ g1 ],6 cats  2 bowls. Which is more? Tap the group with more.
cn-square,default,mcq,low-entropy,22,7,0.25,x² + 6x + 9,Which is a perfect square trinomial?
cn-disc-repeat,forceCMcq,mcq,low-entropy,22,5,0.33,c = 9,For what value of c does x² + 6x + c = 0 have exactly one repeated root?
multiple-find,factorList,mcq,low-entropy,22,5,0.29,2  3  6  and 9,Which list shows numbers that 24 is a multiple of?
quad-shape-area,squareExtended,numeric,low-entropy,22,5,0.29,2,A square's side x is extended by 5 to form a rectangle of area 50: x² + 5x − 50 = 0. What 
make-ten-choice,default,mcq,low-entropy,22,4,0.42,Fill the 8 (it needs 2),To add 6 + 8 by making ten  which do you fill to ten first?
fn-arith-seq,diffDown,numeric,low-entropy,22,6,0.25,-5,In the sequence 57  52  47  42  what is the common difference?
remainder-word,default,quotientReasoningLab,low-entropy,22,5,0.29,7,You make full packs of 6 from 27 stickers (27 ÷ 6 = 4 remainder 3). How many FULL packs?
variable-meaning,twicePlusPhrase,mcq,low-entropy,22,7,0.25,2n + 9,Which expression means  6 more than twice n ?
decimal-representation,default,mcq,low-entropy,22,7,0.25,6/10,Which fraction equals 0.6?
opt-box,uselessRoot,mcq,low-entropy,22,6,0.29,At x = 9 the base is 18 − 18 = 0 — there,V′ = 12(x − 4)(x − 12) has a critical point at x = 12. Why is it useless?
arc-measure,classify,mcq,low-entropy,22,3,0.5,Semicircle — exactly half  and either na,An arc measures 180°. How is it classified and named?
share-division,keepThenShare,numeric,low-entropy,22,5,0.29,3,Uncle bakes 15 scones and keeps 3 for himself. He shares the rest equally among 3 cousins.
triangle-area-calc,heightMeaning,mcq,low-entropy,22,7,0.33,8 — the perpendicular distance from the ,A right triangle uses 4 as its base  has a perpendicular leg of 3  and a slanted side of 5
extrema-value,localVsAbsolute,mcq,low-entropy,22,4,0.42,The function later climbs above 2 and ke,Why is the peak of y = x³ − 12x at (−2  16) a LOCAL but not an ABSOLUTE maximum?
piecewise-eval,default,numeric,low-entropy,22,7,0.21,25,For p(x) = x + 3 for x < 4  and p(x) = x² for x ≥ 4  what is p(8)?
to-polar,angleQuadrant,mcq,low-entropy,22,6,0.38,4π/3,For (−2  −2√3)  the correct polar angle is:
parent-functions,default,mcq,low-entropy,22,4,0.29,y = x²,Which parent function has a sharp corner at the origin?
round-hundred,whichRounds,mcq,low-entropy,22,7,0.21,451,Which of these numbers rounds to 300 (nearest hundred)?
equal-parts,default,mcq,low-entropy,22,5,0.33,Only when the 3 pieces are equal,A flatbread is cut into 8 pieces. When is each piece an EIGHTH?
nl-partition,default,mcq,low-entropy,22,7,0.25,1/4,A 0→1 number line is cut into 6 equal jumps. How much of the trip is ONE jump?
attributes,turnInvariant,mcq,low-entropy,22,4,0.42,Still a hexagon,A triangle is rotated 135°. What shape is it after the turn?
attributes,detectiveSides,mcq,low-entropy,22,4,0.38,triangle,A detective finds a huge blue closed figure with 3 straight sides. Which family must it be
attributes,cgTriangleDualLabel,shapeHierarchyLab,low-entropy,22,4,0.33, h2 ,A triangle has angles 110°  40°  and 30°  and all three sides have different lengths. Whic
partition-shapes,unequalNamedParts,mcq,low-entropy,22,5,0.33,No — the 6 parts are not equal,A cake is cut into 8 pieces  but two pieces are visibly larger than the others. May the pi
g7-vertical-angles,whyVertical,geometricConstraintLab,low-entropy,22,4,0.33, a ,At a crossing  each of two opposite angles makes a straight line with the same 35° neighbo
g7-triangle-inequality,wholeCount,numeric,low-entropy,22,7,0.29,7,A triangle has sides 5 and 7. How many whole-number lengths can the third side have?
g7-cross-sections,default,mcq,low-entropy,22,3,0.46,A smaller triangle,A triangular pyramid is sliced parallel to its triangle base  halfway toward the tip. What
g7-tse-inequality-build,noLargest,exactNumberLab,low-entropy,22,4,0.33, b ,What is the LARGEST solution of x > 4?
g7-sp-overlap-interpret,spCompareSmall,distributionCompareLab,low-entropy,22,3,0.38, c ,Sample distributions for home prices in two neighborhoods overlap heavily  and their means
g7-sp-compound-model,default,compoundEventLab,low-entropy,22,3,0.46, p1 ,A fair coin and a fair 8-sided die are used. What is the probability of flipping heads and
g8-rns-decimal-classify,rnsDecimalRepeat,quotientReasoningLab,low-entropy,22,4,0.33, d ,2/3 as a decimal is exactly:
g8-rns-decimal-classify,rnsDecimalTerminate,quotientReasoningLab,low-entropy,22,4,0.29, b ,7/8 as a decimal is:
g8-rns-compare-estimate,rnsComparePiFraction,mcq,low-entropy,22,6,0.25,22/7  because 22/7 ≈ 3.142857 > π ≈ 3.14,Which is greater: 157/50 or π?
g8-fn-qualitative-graphs,fgQualDirection,graphStoryLab,low-entropy,22,4,0.38, g3 ,The water level-versus-time graph slopes DOWNWARD. What is happening to the water level?
g0-shapes-sorting,shapeRollStackMcq,mcq,low-entropy,22,2,0.63,Their flat circle ends rest on one anoth,Why can cans stack in a store display?
g1-data,GdQuestionMcq,mcq,low-entropy,22,4,0.42,Which fruit do you like best?,A class wants to collect data about favorite pets. Which is a good survey question?
g1-data,GdSortMcq,mcq,low-entropy,22,3,0.5,Shapes with 3 sides,You are sorting by shape. Where does a triangle belong?
g1-shapes-measure,default,mcq,low-entropy,22,2,0.58,2D,Is a cube 2D or 3D?
g2-add-subtract-100,Fluency20Mcq,mcq,low-entropy,22,5,0.42,Make 10  then add 1,What is the fastest strategy for 9 + 3?
g2-measure-money-time,MmtBestUnitMcq,mcq,low-entropy,22,4,0.33,inches,Which unit is best for measuring the length of a hallway?
g2-measure-money-time,MmtUnitFitMcq,mcq,low-entropy,22,4,0.29,meters,Which unit is best for measuring the length of a classroom?
g2-shapes-shares,Ssg2ShapeVocabMcq,mcq,low-entropy,22,6,0.21,heptagon,A shape has 4 sides. What is it called?
g4-lines-angles,laTriangleClassificationMcq,mcq,low-entropy,22,5,0.29,Isosceles triangle,A triangle has one angle greater than 90°. Which classification is guaranteed?
g4-lines-angles,laQuadrilateralClassificationMcq,mcq,low-entropy,22,4,0.33,Rhombus,A quadrilateral has four equal sides. Which name is guaranteed?
g4-measure,mcAngleClassificationMcq,mcq,low-entropy,22,4,0.46,Acute,Classify an angle measuring 25°.
a2-logarithms,lg-evaluate__mcq,mcq,low-entropy,22,6,0.38,4,Evaluate log_2(16).
a2-logarithms,lg-log-solve__numeric,exactNumberLab,low-entropy,22,6,0.42,5,Solve log_2(4x − 11) = log_2(x + 1).
a2-rationals,rf-like-denoms__numeric,exactNumberLab,low-entropy,22,6,0.46,1,Simplify (2x)/(x−2) − (x+2)/(x−2). What constant remains?
a2-rationals,rf-multiply__mcq,mcq,low-entropy,22,5,0.42,x ≠ -1,In 2x/(x+2) · (x+2)/6 = x/3  which restriction remains?
a2-series,sr-sigma-write__mcq,mcq,low-entropy,22,5,0.33,Σ(k=1 to 7) k²,Which sigma represents 1²+2²+…+5²?
g10-circle-theorems,cr-secant-angles__numeric,exactNumberLab,low-entropy,22,3,0.46,50,Two chords cross inside a circle  intercepting arcs of 100° and 40° (the arc pair facing t
g10-circle-theorems,cr-tangent-perp__numeric,numeric,low-entropy,22,3,0.38,90,A perfectly round hill has radius 25 m. Your eyes are 4 m above its surface (29 m from the
g10-constructions-proof,cp-transversal-family__numeric,numeric,low-entropy,22,3,0.46,70,Across the same parallels  the CO-INTERIOR (same-side interior) partner of a 55° angle mea
g10-coordinate-proofs,cx-dist-apps__numeric,numeric,low-entropy,22,3,0.46,16,A wire runs from (0  0) either straight to (5  12)  or along (0 0)→(9  0)→(9  3). How much
g10-coordinate-proofs,cx-perp-proof__numeric,numeric,low-entropy,22,2,0.75,-1.5,A line has slope 2/3. Enter the slope of a perpendicular line (as a decimal).  Reasoning c
g10-geometry-foundations,gf-translation-rule__numeric,numeric,low-entropy,22,2,0.5,6,The translation (x  y) → (x − 4  y + 7) sends (10  2) to (a  9). Find a.  Reasoning check:
g10-polygons-quadrilaterals,pq-regular-angles__numeric,numeric,low-entropy,22,2,0.58,3,Regular hexagons tile a floor. How many hexagons meet at each point?  Reasoning check: Ide
g10-right-triangles,rt-choose-tool__numeric,numeric,low-entropy,22,3,0.46,15,A RIGHT triangle: the leg adjacent to the 31° angle is 24. The opposite leg (2 decimals)? 
g10-right-triangles,rt-ratio-identities__numeric,numeric,low-entropy,22,4,0.29,0.75,sin θ = 0.6 and cos θ = 0.8. Use the quotient identity to find tan θ.  Reasoning check: Na
g10-right-triangles,rt-sohcahtoa__numeric,numeric,low-entropy,22,3,0.46,0.4167,In a 3-4-5 right triangle  θ is the angle whose opposite side is 3. What is sin θ (as a de
g10-right-triangles,rt-solve-complete__numeric,numeric,low-entropy,22,4,0.29,6.02,θ = 37°  hypotenuse 10. Find the leg OPPOSITE θ (2 decimals).  Reasoning check: Mark the g
g10-similarity,sy-altitude-similar__mcq,mcq,low-entropy,22,3,0.38,similar (same shape  generally different,The three triangles in the altitude picture are…  Reasoning check: Identify what is fixed 
g10-solid-geometry,sg-cavalieri__numeric,exactNumberLab,low-entropy,22,3,0.42,168,A leaning cylinder of radius 2 has a slant edge of length 13  and its top face is shifted 
g10-solid-geometry,sg-composite-subtract__numeric,exactNumberLab,low-entropy,22,4,0.38,349.73,A concrete pipe: inner (water) radius 4  wall thickness 1  length 50. Concrete volume (2 d
g10-solid-geometry,sg-composite-surface__numeric,exactNumberLab,low-entropy,22,4,0.42,84,Total exposed surface of the silo (radius 6  wall height 10  hemispherical roof  circular 
g10-solid-geometry,sg-sphere-justified__numeric,exactNumberLab,low-entropy,22,4,0.38,83.33,r = 5  slicing height h = 3. The hemisphere's disk area AND the drilled cylinder's ring ar
g10-triangle-congruence,tc-isosceles-converse__mcq,mcq,low-entropy,22,2,0.75,All three angles are equal  each 60°,A triangle has all three sides equal. What can you conclude about its angles?  Reasoning c
g12-function-analysis,function-analysis__fna-graph-read__mcq,mcq,low-entropy,22,2,0.67,All real numbers,y = x³ − 3x has a local max value 2 and a local min value −2. What is its range?  Reasonin
g12-function-analysis,default,mcq,low-entropy,22,2,0.58,x > 2,g(x) = √x and f(x) = x². The composite f(g(x)) = (√x)² simplifies to x. What is the domain
g12-limits-continuity,limits-continuity__lc-endbehavior__mcq,mcq,low-entropy,22,4,0.33,0 (horizontal asymptote y = 0),For (3x + 2)/(x² + 1) as x → ∞  the limit is:  Reasoning check: Translate the graph  table
g12-polar-parametric,polar-parametric__pp-de-moivre__numeric,numeric,low-entropy,22,4,0.33,-8,Find (1 + i√3)³. (Real number.)  Reasoning check: Identify the representation and the gove
g12-polar-parametric,polar-parametric__pp-parabolic-path__numeric,numeric,low-entropy,22,3,0.46,60,From the path y = (4/3)x − x²/45  the ball lands (y = 0) at what x > 0? (In meters.)  Reas
g12-polar-parametric,polar-parametric__pp-polar-system__mcq,mcq,low-entropy,22,3,0.42,(4  7π/6),Which is a valid negative-r name for (3  3π/4)?  Reasoning check: Translate the graph  tab
g12-polar-parametric,polar-parametric__pp-to-rect__numeric,numeric,low-entropy,22,4,0.33,-1.4142,For (2  3π/4)  what is x? (To four decimals.)  Reasoning check: Identify the representatio
g12-polynomial-rational-analysis,polynomial-rational-analysis__pra-boundary-rule__mcq,mcq,low-entropy,22,2,0.54,For x < 2 the factor is negative  so the,For ((x − 1)(x + 2))/(x − 1) ≥ 0  can x = 1 join the solution?  Reasoning check: Name what
g12-trig-graphs-inverses,trig-graphs-inverses__tg-arccos__mcq,mcq,low-entropy,22,3,0.42,2π/3,Why can't arccos use the branch [−π/2  π/2]?  Reasoning check: Name what stays fixed befor
g12-trig-graphs-inverses,trig-graphs-inverses__tg-cos-sin__mcq,mcq,low-entropy,22,2,0.54,π/2,cos x = sin(x + π/2) says cosine is the sine wave:  Reasoning check: Use the visible struc
g12-trig-identities-equations,trig-identities-equations__ti-pythagorean__mcq,mcq,low-entropy,22,2,0.71,1,Simplify csc²θ − 1.  Reasoning check: Use the visible structure one step at a time and che
g12-trig-identities-equations,trig-identities-equations__ti-tan-cofunction__mcq,mcq,low-entropy,22,2,0.54,cos θ (since sin90° = 1  cos90° = 0),cos 34° equals sin of which angle?  Reasoning check: Use the visible structure one step at
g12-trig-identities-equations,trig-identities-equations__ti-tan-ladder__mcq,mcq,low-entropy,22,2,0.71,No — π/6 + π = 7π/6 has sine −1/2  not 1,Can the two families of sin x = 1/2 (π/6 + 2πk and 5π/6 + 2πk) merge into π/6 + πk?  Reaso
g12-vectors-matrices,vectors-matrices__vec-applications__mcq,mcq,low-entropy,22,2,0.58,⟨6  8⟩,A force of magnitude 10 points along the unit vector ⟨0.6  0.8⟩. The force vector is:  Rea
g12-vectors-matrices,vectors-matrices__vec-matrix-arith__mcq,mcq,low-entropy,22,2,0.54,⟨3  7⟩,Compute [[1  2]  [3  4]]·⟨1  1⟩.  Reasoning check: Identify the representation and the gov
g13-curve-analysis,curve-analysis__ca-mvt-consequences__mcq,mcq,low-entropy,22,2,0.58,Two antiderivatives have the same deriva,Why is every antiderivative of f of the form F + C  with no exceptions?  Reasoning check: 
g13-derivatives-in-context,derivatives-in-context__dc-differentials__numeric,exactNumberLab,low-entropy,22,3,0.42,30,A circle's radius is measured with a 1% error. What is the resulting percentage error in t
g13-derivatives-in-context,derivatives-in-context__dc-distance__numeric,numeric,low-entropy,22,4,0.5,6,s(t) = t³ − 6t² + 9t. Find the DISPLACEMENT over [0  4].  Reasoning check: Mark the known 
g10-conditional-probability,conditional-probability__cpr-at-least-one__numeric,numeric,low-entropy,22,3,0.42,11,Roll two dice. How many of the 36 outcomes show **at least one 6**?  Reasoning check: Use 
match-sum,nearDoubles,matchPairs,low-entropy,21,5,0.38,{ 3 + 4 : 7   4 + 5 : 9   5 + 6 : 11   6,Match each near-double to what it makes.
compare-numerals,greater,tapDiagram,low-entropy,21,2,0.67,[ g1 ],Which is greater: 1 or 5? Tap the group that shows it.
parabola-shifted,default,numeric,low-entropy,21,6,0.5,1,For (x − 3)² = 4(y − 2)  the directrix is the line y = ?
cn-i-powers,sumOfPowers,numeric,low-entropy,21,4,0.63,1,Compute i² + i⁴ + i⁸ as a real number.
cn-solve-any,complexRoots,mcq,low-entropy,21,6,0.38,x = 2 ± 3i,Solve 2x² − 8x + 26 = 0.
quad-shape-area,rectQuadratic,numeric,low-entropy,21,6,0.25,2,A rectangle x by x + 1 has area 6: x² + x − 6 = 0. What is the width x?
unit-frac-divide,sameDenomCount,numeric,low-entropy,21,6,0.29,4,How many 1/10 pieces fit in 2/10? (2/10 ÷ 1/10)
circle-complete,semiMajor,numeric,low-entropy,21,5,0.29,7,For (x − 3)²/9 + y²/4 = 1  what is the semi-major axis a?
group-division,sellThenPack,numeric,low-entropy,21,4,0.33,4,A baker has 34 rolls. He sells 4  then packs the rest into bags of 6. How many bags does h
extrema-value,whichPoint,mcq,low-entropy,21,4,0.38,(3  −54),Which point is the local MINIMUM of y = x³ − 3x?
piecewise-eval,solveBranch,numeric,low-entropy,21,7,0.25,9,For p(x) = x + 8 for x < 2  and p(x) = x² for x ≥ 2  for what x does p(x) = 36? (Enter the
vertical-shift,whichDirection,mcq,low-entropy,21,7,0.29,up 4,Compared to y = √x  the graph of y = √x + 6 is moved…
reflect-fn,shapeDescribe,mcq,low-entropy,21,3,0.42,a downward parabola  opening downward,What does the graph of y = −x² look like?
trig-inside,generalTan,mcq,low-entropy,21,4,0.38,x = π/8 + (π/2)k,The general solution of tan(2x) = 1 is:
association-type,fromContext,mcq,low-entropy,21,3,0.5,Negative,A scatter plot compares house number against family size. What association would you expec
build-fraction,howManyUnits,numeric,low-entropy,21,5,0.38,2,You hold 4/6 of a rope. How many sixth-pieces are in your hand?
volume,dryIngredient,mcq,low-entropy,21,4,0.29,Grams — rice is weighed as a dry ingredi,A recipe needs a small amount of sugar. Even though sugar can pour  which metric unit is m
volume,default,mcq,low-entropy,21,4,0.38,The fuel in a small can,Which measurement is appropriately given in LITERS?
attributes,cgTriangleAngleFamily,shapeHierarchyLab,low-entropy,21,4,0.33, h3 ,A triangle has angles 90°  45°  and 45°. Which angle-family is it in?
mult-patterns,rowSubset,mcq,low-entropy,21,7,0.33,Each 6 is 2 groups of 3 — the 6s row tak,Every number in the 6s row also appears in the 2s row. Why?
g7-cross-sections,prismParallel,mcq,low-entropy,21,3,0.5,A rectangle matching the base,A triangular prism is sliced parallel to one of its triangle bases. What is the cross-sect
pr-unit-rate-g7,milesFraction,mcq,low-entropy,21,5,0.5,1/2,A jogger covers 2/9 mile in 1/3 hour. What is the unit rate in miles per hour?
pr-unit-rate-g7,milesMixed,mcq,low-entropy,21,5,0.29,1 3/4,A swimmer covers 3/4 mile in 1/2 hour. What is the unit rate in miles per hour?
g7-tse-inequality-build,tseIneqNegC,buildExpression,low-entropy,21,7,0.25,[ x   ≥   5 ],Solve: -5x + 1 ≤ -14
g7-tse-inequality-build,inclusiveBoundary,exactNumberLab,low-entropy,21,3,0.46, a ,Is x = 2 a solution of x ≤ 2?
g8-esn-compare,esnCompareRatioLarge,numeric,low-entropy,21,7,0.17,3000,A night sky survey contains 6 × 10⁷ visible stars and a single photograph contains 2 × 10⁴
g8-esn-compare,default,numeric,low-entropy,21,7,0.29,3000,A city park contains 8 × 10⁷ grains of sand and a sample jar contains 4 × 10⁵ grains of sa
g8-rns-decimal-classify,rnsBlockRepeat,quotientReasoningLab,low-entropy,21,4,0.38, a ,8/11 as a decimal is exactly:
g8-rns-density,rnsDensityHundredths,exactNumberLab,low-entropy,21,4,0.42, a ,2.23² = 4.9729 and 2.24² = 5.0176. So √5 is between:
g8-tm-dilation-similarity,tmDilationScale,mcq,low-entropy,21,4,0.5,Each side length is multiplied by 3,A polygon is dilated by scale factor 3. How do its side lengths change?
g8-bv-judge-fit,default,mcq,low-entropy,21,2,0.63,Cloud Y — its dots are tightly clustered,Cloud Y's dots hug a straight path tightly; Cloud X's dots are widely spread. Which best-f
k0-add-subtract,KoaJoinNumeric,numeric,low-entropy,21,7,0.33,6,One group has 4 apples. Another group has 3 apples. Put them together. How many apples in 
g0-shapes-sorting,shapeLengthCompare,lengthCompare,low-entropy,21,3,0.42, giraffe ,The animals stand on the same ground. Tap the taller animal.
g2-measure-money-time,MmtCoinNameMcq,mcq,low-entropy,21,4,0.29,dime,Which coin is worth 5 cents?
g2-shapes-shares,Ssg2NameThirdMcq,mcq,low-entropy,21,2,0.67,a half,A whole is split into 3 equal parts. What is each part called?
g4-lines-angles,laReadingFiguresMcq,mcq,low-entropy,21,4,0.38,∠ABC,The vertex is E  with points D and F on the two rays. Which name is valid?
g4-lines-angles,default,mcq,low-entropy,21,4,0.33,starts at one endpoint and extends forev,Which description defines a line segment?
g4-measure,mcBenchmarkAnglesMcq,mcq,low-entropy,21,3,0.5,0°,Which benchmark angle is closest to 128°?
g4-place-million,pvPlaceNamesMcq,mcq,low-entropy,21,4,0.38,ten-thousands,Which place is worth 10 000?
a1-exponential,exp-match-base__mcq,mcq,low-entropy,21,5,0.33,4,Solve 4^x = 64.
a1-linear-functions,parallel-perpendicular__mcq,mcq,low-entropy,21,5,0.38,0.25,Which slope is perpendicular to a line with slope 2?
a1-quadratics,quad-zero-product__numeric,numeric,low-entropy,21,7,0.33,3,Solve x^2 + 5x − 14 = 0. What is the larger solution?
a2-logarithms,lg-e-solve__mcq,mcq,low-entropy,21,3,0.42,x = e^3,Solve 4 ln(x)=20 exactly.
g10-circle-theorems,cr-chord-arc__numeric,numeric,low-entropy,21,3,0.5,30,A circle has radius 9. How long is the chord that cuts a 60° arc?  Reasoning check: Identi
g10-circle-theorems,cr-power-point__numeric,exactNumberLab,low-entropy,21,4,0.42,6,You stand distance d from the NEAR rim of a circular well of diameter 14 m. Your tangent s
g10-circle-theorems,cr-sector-area__numeric,numeric,low-entropy,21,2,0.67,150,A sector of a radius-6 circle has area 15π. Find its central angle.  Reasoning check: Writ
g10-circle-theorems,cr-tangent-apps__numeric,exactNumberLab,low-entropy,21,4,0.33,24,A triangle circumscribes a circle. AB = 12  AC = 9  and the tangent length from A is 4. Fi
g10-coordinate-proofs,cx-general-proof__numeric,numeric,low-entropy,21,3,0.46,0.8,Rectangle (0 0)  (8 0)  (8 6)  (0 6) — the general proof's a = 8  b = 6 instance. Both dia
g10-coordinate-proofs,cx-shoelace__numeric,numeric,low-entropy,21,3,0.38,44,Shoelace on (0  0)  (8  2)  (10  8)  (2  6). Area = ?  Reasoning check: Mark the given qua
g10-polygons-quadrilaterals,pq-para-diagonals__numeric,numeric,low-entropy,21,3,0.58,14,In the same parallelogram  BO = 7. Find the full diagonal BD.  Reasoning check: Write the 
g10-polygons-quadrilaterals,pq-rectangle__numeric,numeric,low-entropy,21,2,0.75,15,A rectangle measures 9 by 12. How long is each diagonal?  Reasoning check: Write the relev
g10-right-triangles,rt-elev-depress__numeric,numeric,low-entropy,21,3,0.38,298.56,From 50 m away (on flat ground)  the angle of elevation to a treetop is 32°. How high is t
g10-solid-geometry,sg-cavalieri-apply__numeric,exactNumberLab,low-entropy,21,3,0.46,300,A curvy vase of height 12 has horizontal cross-section area 25π at EVERY height — the same
g10-solid-geometry,sg-cylinder-justified__numeric,exactNumberLab,low-entropy,21,3,0.5,1130.97,A leaning cylinder: radius 6  vertical height 10. Volume (2 decimals) = ?  Reasoning check
g10-triangle-congruence,tc-isosceles__numeric,numeric,low-entropy,21,2,0.5,13,An isosceles triangle has an apex angle of 50°. One base angle is labeled (5x)°. Find x.  
g12-conic-sections,conic-sections__co-shifted__mcq,mcq,low-entropy,21,2,0.58,(6  −1),For (x − 2)²/25 + (y + 1)²/9 = 1 (c = 4)  one focus is at:  Reasoning check: Translate the
g12-limits-continuity,limits-continuity__lc-avg-rate__numeric,numeric,low-entropy,21,3,0.38,5,For f(x) = x²  find the average rate of change on [2  5].  Reasoning check: Mark the known
g12-limits-continuity,limits-continuity__lc-factor__numeric,numeric,low-entropy,21,3,0.75,-1,Find lim(x→2) (x² − 5x + 6)/(x − 2). (Factor: (x − 2)(x − 3).)  Reasoning check: Sketch or
g12-polar-parametric,polar-parametric__pp-limacons__mcq,mcq,low-entropy,21,2,0.58,r = 3 + 3 cos θ,Which is a cardioid?  Reasoning check: Use the visible structure one step at a time and ch
g12-polynomial-rational-analysis,polynomial-rational-analysis__pra-build-mixed__numeric,exactNumberLab,low-entropy,21,3,0.58,-5,Expanding (x² − 2x + 2)(x − 3)  what is the coefficient of x²?  Reasoning check: Name what
g12-polynomial-rational-analysis,polynomial-rational-analysis__pra-fta-count__numeric,exactNumberLab,low-entropy,21,2,0.63,3,A degree-4 polynomial's graph crosses the x-axis exactly twice (simple crossings). How man
g12-trig-graphs-inverses,trig-graphs-inverses__tg-cos-graph__numeric,numeric,low-entropy,21,3,0.38,-4,A wave peaks at (0  11)  has min 3  and period π. What is its y-value at x = π/2?  Reasoni
g12-trig-graphs-inverses,trig-graphs-inverses__tg-mixed-comp__numeric,numeric,low-entropy,21,3,0.38,0.8,So cos(arcsin(3/5)) = ? (As a decimal.)  Reasoning check: Identify the representation and 
g12-trig-identities-equations,trig-identities-equations__ti-convert-solve__numeric,numeric,low-entropy,21,3,0.46,4,How many solutions does sin 2x = cos x have on [0  2π)?  Reasoning check: Mark the known q
g12-trig-identities-equations,trig-identities-equations__ti-double-basic__numeric,numeric,low-entropy,21,3,0.46,0.28,θ in Quadrant II with sin θ = 3/5. What is sin 2θ? (As a decimal.)  Reasoning check: Trans
g12-trig-identities-equations,trig-identities-equations__ti-root-traps__numeric,numeric,low-entropy,21,2,0.58,2,Solve 2 sin x cos x = cos x on [0  2π) by factoring. Sum the solutions  to four decimals. 
g12-trig-identities-equations,trig-identities-equations__ti-sum-diff__numeric,numeric,low-entropy,21,3,0.67,0.9659,Evaluate sin 75° to four decimals.  Reasoning check: Mark the known quantities  then choos
g12-vectors-matrices,vectors-matrices__vec-determinant__numeric,exactNumberLab,low-entropy,21,3,0.46,0,The inverse of [[2  0]  [0  3]] has what top-left entry? (As a decimal.)  Reasoning check:
g12-vectors-matrices,vectors-matrices__vec-work__numeric,exactNumberLab,low-entropy,21,3,0.54,15,Friction ⟨−4  0⟩ N acts as an object moves ⟨6  0⟩ m. What is the work done by friction  in
g13-derivatives-in-context,derivatives-in-context__dc-lhopital__numeric,numeric,low-entropy,21,3,0.46,4,lim(x→0) sin(x)/x. Apply L'Hôpital.  Reasoning check: Use the visible structure one step a
g13-differential-equations,differential-equations__de-euler__numeric,numeric,low-entropy,21,3,0.42,2.25,Continue: dy/dx = y  y(0) = 1  h = 0.5. After TWO steps (at x = 1)  what is y?  Reasoning 
g13-integration-accumulation,integration-accumulation__in-definite-integral__numeric,exactNumberLab,low-entropy,21,3,0.46,-2,∫₁³ f = 4 and ∫₃⁴ f = −2. Find ∫₄¹ f.  Reasoning check: Sketch or annotate the situation b
g13-integration-accumulation,integration-accumulation__in-net-change__numeric,numeric,low-entropy,21,2,0.54,9,Water flows at r(t) = 4 − 2t litres/min (negative means draining). What is the NET change 
g13-integration-accumulation,integration-accumulation__in-usub-limits__numeric,numeric,low-entropy,21,3,0.38,78,∫₀¹ (2x + 1)² dx  as a decimal to three places.  Reasoning check: Use the visible structur
g13-integration-applications,integration-applications__ia-cross-sections__numeric,numeric,low-entropy,21,3,0.46,1.155,Same base (under y = x on [0  2])  but the slices are SEMICIRCLES of diameter s = x. Find 
compare-numerals,default,tapDiagram,low-entropy,20,2,0.58,[ g0 ],Which number is less: 7 or 5? Tap the group that shows it.
two-step-arith,shareThenLeader,numeric,low-entropy,20,5,0.33,7,A class has 28 children split equally into 4 groups. Each group chooses 1 leader. How many
pq-para-side,solveSide,numeric,low-entropy,20,6,0.38,3,One side of a parallelogram measures 3x + 2; its opposite side measures 11. Find x.
grouping-first,groupDiv,exactNumberLab,low-entropy,20,6,0.25,3,What is (8 − 4) ÷ 2?
full-sketch,default,numeric,low-entropy,20,6,0.25,4,f(x) = x³ − 6x² − 8. At what x is the inflection point?
scatter-features,clusterCorner,mcq,low-entropy,20,3,0.58,Many items share similar low x-values an,On a scatter plot  several dots are tightly bunched in the lower-left corner. What does th
nl-fraction,waterStops,numeric,low-entropy,20,5,0.33,4,A 1-mile trail has a water stop at every tenth of a mile. Kai has reached 7 stops so far. 
compare-same-denom,relayLegs,numeric,low-entropy,20,6,0.38,1,A relay trail is split into 8 equal legs. Team Red has finished 5 legs; Team Blue has fini
attributes,definingAttribute,mcq,low-entropy,20,4,0.46,It has 6 straight sides and is closed,Which fact is a defining attribute of a hexagon?
mult-tens,ticketChange,numeric,low-entropy,20,5,0.29,50,6 tickets cost $20 each. A family pays $170. How much change should they receive?
area-vs-perimeter,sameAreaFence,mcq,low-entropy,20,5,0.33,The 2-by-6 garden,A 4-by-6 garden and a 3-by-8 garden both have area 24. Which needs MORE fencing?
mass,default,mcq,low-entropy,20,3,0.5,About 1 kilogram,About how much does one pineapple weigh?
g7-tse-inequality-build,strictBoundary,exactNumberLab,low-entropy,20,3,0.46, a ,Is x = 4 a solution of x > 4?
g7-tse-inequality-build,atLeastBoundary,exactNumberLab,low-entropy,20,3,0.54, c ,A club needs at least 11 members: t ≥ 11. Does exactly t = 11 satisfy this?
g8-bv-fit-idea,bvFitDirection,mcq,low-entropy,20,2,0.67,Downward to the right,The dots show a negative association. Which direction should a reasonable line of best fit
g8-bv-judge-fit,bvJudgeTight,mcq,low-entropy,20,2,0.54,Cloud Y — its dots are tightly clustered,Cloud X's dots hug a straight path tightly; Cloud Y's dots are widely spread. Which best-f
g8-bv-prediction-limits,bvLimitWhy,mcq,low-entropy,20,3,0.5,The real relationship may level off beyo,Why can a straight best-fit line give a poor prediction far outside the observed x-range?
g0-shapes-sorting,shapeWeightMcq,mcq,low-entropy,20,3,0.38,The bear is heavier,A toy bear sits on a seesaw and its side goes up. What does that show about the bear?
g1-counting-120,PastHundredMcq,mcq,low-entropy,20,3,0.42,10,How many tens make 100?
g1-shapes-measure,Smg1ShapeSidesMcq,mcq,low-entropy,20,2,0.75,Circle,Which shape has 3 sides and 3 corners?
g2-add-subtract-100,NearDoublesMcq,mcq,low-entropy,20,5,0.33,4 + 4,Which double helps solve 8 + 9?
g2-add-subtract-100,OddEvenOddEvenPairs,oddEvenPairs,low-entropy,20,2,0.5, odd ,Is 11 odd or even? Pair the ones digit  then choose.
g2-shapes-shares,default,mcq,low-entropy,20,3,0.42,a third,Which is smaller: a half or a fourth?
g4-lines-angles,laParallelPerpIdentifyMcq,mcq,low-entropy,20,2,0.79,Perpendicular,One line runs east–west and another runs north–south. How are they related?
g4-place-million,pvReadingBigMcq,mcq,low-entropy,20,3,0.38,one million six thousand ninety,Which word form reads 1 006 090?
a2-rationals,rf-work__mcq,mcq,low-entropy,20,6,0.38,1/3,A pump fills a tank in 4 hours. What fraction does it fill per hour?
g10-circle-theorems,cr-cyclic-quad__numeric,numeric,low-entropy,20,2,0.5,108,In cyclic quadrilateral ABCD  angle A = 2x and its opposite angle C = 3x. Find angle C in 
g10-coordinate-proofs,cx-circle-eq__numeric,numeric,low-entropy,20,2,0.63,25,Test (6  6) against (x − 3)² + (y − 2)² = 25. The left side evaluates to ?  Reasoning chec
g10-coordinate-proofs,cx-parallel-proof__numeric,numeric,low-entropy,20,3,0.38,7,Parallelogram ABCD (vertices in order) has A(2  0)  B(7  2)  D(1  6). Find C. Enter C's x-
g10-coordinate-proofs,cx-partition__numeric,numeric,low-entropy,20,2,0.58,5,P divides the segment from A(2  0) to B(10  8) in the ratio 1 : 3. Enter P's x-coordinate.
g10-geometry-foundations,gf-corresponding-parts__numeric,numeric,low-entropy,20,2,0.5,64,ΔABC ≅ ΔDEF and m∠C = 64°. Find m∠F in degrees.  Reasoning check: Identify what is fixed b
g10-geometry-foundations,gf-line-symmetry__numeric,numeric,low-entropy,20,2,0.54,5,How many lines of symmetry does a (non-square) rectangle have?  Reasoning check: Use the l
g10-polygons-quadrilaterals,pq-capstone__numeric,numeric,low-entropy,20,3,0.46,52,Same figure. Its perimeter = ?  Reasoning check: Use the labeled relationship before calcu
g10-right-triangles,rt-306090__numeric,numeric,low-entropy,20,3,0.58,10.39,A 30-60-90 triangle has long leg 9. Find the hypotenuse (2 decimals).  Reasoning check: Na
g10-right-triangles,rt-height-apps__numeric,numeric,low-entropy,20,3,0.38,66.88,Compute it: the plane is at 2500 m  depression to the airport 12°. Horizontal ground dista
g10-right-triangles,rt-inverse-trig__numeric,numeric,low-entropy,20,3,0.46,32.01,A ramp rises 1.2 m over a horizontal run of 6.4 m. Find its angle with the ground  in degr
g10-right-triangles,rt-law-cosines__numeric,numeric,low-entropy,20,3,0.38,111.8,A ship sails 140 km  turns so the two path segments meet at 118°  then sails 90 km. How fa
g10-right-triangles,rt-pythagorean-apply__numeric,numeric,low-entropy,20,2,0.58,15,A rectangular field is 9 m by 12 m. How long is the diagonal path across it (m)?  Reasonin
g10-right-triangles,rt-trig-apps__numeric,numeric,low-entropy,20,3,0.46,61.03,A guy wire runs from the top of an 18 m pole to the ground  meeting it at 65°. How long is
g10-similarity,sy-solving-right__numeric,numeric,low-entropy,20,2,0.58,8,Hypotenuse segments are 9 and 16 (hypotenuse 25). Find the leg adjacent to the segment of 
g10-solid-geometry,sg-density__numeric,exactNumberLab,low-entropy,20,3,0.42,18.5,A solid cube of side 4 cm has mass 512 g. Its density (g/cm³) = ?  Reasoning check: Identi
g10-solid-geometry,sg-third-story__numeric,exactNumberLab,low-entropy,20,3,0.54,30,A cube of side 6 (volume 216) is tiled by three congruent pyramids. Each pyramid's volume 
g10-triangle-congruence,tc-centroid__numeric,numeric,low-entropy,20,2,0.58,3,A triangle has vertices with y-coordinates 2  8  and 5. Find the y-coordinate of the centr
g12-conic-sections,conic-sections__co-hyp-ecc__numeric,numeric,low-entropy,20,2,0.5,1.67,For x²/9 − y²/16 = 1 (a = 3  c = 5)  find the eccentricity e = c/a  to two decimals.  Reas
g12-function-analysis,function-analysis__fna-compose-domain__numeric,exactNumberLab,low-entropy,20,2,0.5,7,f(x) = 1/(x − 2)  g(x) = √(x − 3). The domain of f(g(x)) is x ≥ 3 except one value. Which 
g12-limits-continuity,limits-continuity__lc-derivative__numeric,numeric,low-entropy,20,3,0.46,10,For f(x) = x²  find f′(5) (the tangent slope at x = 5).  Reasoning check: Identify the rep
g12-polar-parametric,polar-parametric__pp-limacons__numeric,numeric,low-entropy,20,2,0.54,5,What is the maximum value of r for r = 2 + 3 cos θ?  Reasoning check: Name what stays fixe
g12-polar-parametric,polar-parametric__pp-projectile__numeric,numeric,low-entropy,20,2,0.58,20,A ball has vₓ = 15  v_y = 20 (g = 10). What is its height y at t = 2 s?  Reasoning check: 
g12-trig-graphs-inverses,trig-graphs-inverses__tg-four-dials__numeric,numeric,low-entropy,20,3,0.38,0.33,Same function. What is the MINIMUM value?  Reasoning check: Use the visible structure one 
g12-trig-identities-equations,trig-identities-equations__ti-quad-trig__numeric,numeric,low-entropy,20,3,0.58,3,How many solutions does 2cos²x − cos x − 1 = 0 have on [0  2π)?  Reasoning check: Name wha
g12-vectors-matrices,vectors-matrices__vec-components__numeric,exactNumberLab,low-entropy,20,3,0.5,13,What is the magnitude of v = ⟨−3  4⟩?  Reasoning check: Translate the graph  table  or exp
g12-vectors-matrices,vectors-matrices__vec-dot__numeric,exactNumberLab,low-entropy,20,2,0.75,0,What is ⟨2  6⟩ · ⟨6  −2⟩? (Confirming they're perpendicular.)  Reasoning check: Identify t
g12-vectors-matrices,vectors-matrices__vec-scalar__numeric,exactNumberLab,low-entropy,20,3,0.42,4.24,Find the magnitude of 2⟨1  2⟩ + ⟨1  −1⟩  to two decimals.  Reasoning check: Name what stay
g12-vectors-matrices,vectors-matrices__vec-solve-systems__numeric,exactNumberLab,low-entropy,20,3,0.42,2,Solve 3x + y = 9  x + 2y = 8 for x.  Reasoning check: Name what stays fixed before changin
g13-derivatives-in-context,derivatives-in-context__dc-linearisation__numeric,numeric,low-entropy,20,3,0.38,0.167,f(x) = √x. Find f′(9) as a decimal to three places.  Reasoning check: Identify the represe
g13-derivatives-in-context,derivatives-in-context__dc-motion__numeric,numeric,low-entropy,20,3,0.33,4,s(t) = t³ − 6t² + 9t. Where is the particle the FIRST time it comes to rest?  Reasoning ch
g13-integration-applications,integration-applications__ia-area-between__numeric,numeric,low-entropy,20,3,0.42,0.1667,A student computes ∫₀¹ (x² − x) dx and gets a negative number. What is its value  as a dec
g13-integration-applications,integration-applications__ia-washer__numeric,numeric,low-entropy,20,2,0.71,16.755,Revolve the region between y = x and y = x² on [0  1] about the x-axis. Find the volume  t
g13-parametric-polar-calculus,parametric-polar-calculus__pc-parametric-derivative__numeric,numeric,low-entropy,20,2,0.54,3,x = t²  y = t³. Find dy/dx at t = 2.  Reasoning check: Mark the known quantities  then cho
g6-center-spread,ddCompareIqr,numeric,low-entropy,19,4,0.5,10,Class A has IQR 6. Class B's sorted data is 4  6  12  18  26  34. What is Class B's IQR?
line-plot-frac,difference,fractionEntry,low-entropy,19,2,0.54,{ whole :0  num :1  den :2},In the plot (1/4 → X  1/2 → X  3/4 → XXX)  how much longer is the longest ribbon than the 
inverse-deriv,polyInverse,numeric,low-entropy,19,6,0.33,0.05,f(x) = x³ + 8x + 4. Find (f⁻¹)′(28)  as a decimal.
independence-def,conditionalFromDeck,numeric,low-entropy,19,2,0.58,0.25,A card is drawn and you are told it is a **ace**. Find P(diamond | ace) as a decimal.
trig-inside,generalCos,mcq,low-entropy,19,3,0.54,x = π/4 + 2πk,Solve cos(x − π/4) = 1 in general:
double-angle-solve,nextStep,mcq,low-entropy,19,6,0.25,Subtract and factor: sin x(2 cos x + √3),sin 2x = sin x becomes 2 sin x cos x = sin x. The correct next step is:
double-angle-solve,default,mcq,low-entropy,19,2,0.63,2 sin θ,Simplify sin 2θ / sin θ.
shape-hierarchy,cgInheritProperty,shapeHierarchyLab,low-entropy,19,4,0.33, h0 ,Every rhombus has four equal sides  and every square is a rhombus. What must be true of ev
g7-cross-sections,twoCuts,mcq,low-entropy,19,2,0.58,A smaller circle  then a triangle,A cone is sliced twice: once parallel to its base  then straight down through its tip. Wha
pr-unit-rate-g7,recipeFraction,mcq,low-entropy,19,4,0.63,1/2,A recipe uses 1/6 cup of milk for every 1/3 cup of flour. What is the unit rate in cups of
g0-counting,countZeroTap,tapDiagram,low-entropy,19,3,0.54,[ g1 ],Tap the plate that shows zero cookies.
g0-shapes-sorting,shapeWeightTap,tapDiagram,low-entropy,19,2,0.5,[ g1 ],A pitcher holds more than a cup. Tap the object that holds less.
g0-shapes-sorting,shapeAnyWayMcq,mcq,low-entropy,19,4,0.5,Its sides and corners,A rectangle is turned sideways. What shape is it now?
g2-shapes-shares,Ssg2ThirdsCountMcq,mcq,low-entropy,19,2,0.54,Yes,A whole is cut into 3 different-sized pieces. Are the pieces thirds?
a1-functions-sequences,fn-domain-range__mcq,mcq,low-entropy,19,2,0.54,No,Do the pairs (1  2)  (1  5)  (3  7) define a function?
a2-logarithms,lg-product__mcq,mcq,low-entropy,19,3,0.46,2 + log_2(y),Expand log_2(4y).
a2-polynomials,pf-multiplicity__mcq,mcq,low-entropy,19,2,0.75,It touches and turns,At a zero of multiplicity 4  what does a polynomial graph do?
g10-coordinate-proofs,cx-classify-tri__numeric,numeric,low-entropy,19,2,0.67,-1,Triangle A(1  1)  B(5  3)  C(3  7). Compute slope AB × slope BC.  Reasoning check: Trace t
g10-geometry-foundations,gf-composition__numeric,numeric,low-entropy,19,2,0.67,-2,Glide reflection: apply (x  y) → (x + 4  y)  then reflect the result over the x-axis. Star
g10-geometry-foundations,gf-congruence-def__numeric,numeric,low-entropy,19,2,0.54,52,m∠P = 52°. A reflection maps ∠P to ∠P′. What is m∠P′ in degrees?  Reasoning check: Identif
g10-geometry-foundations,gf-rotation-rule__numeric,numeric,low-entropy,19,2,0.63,4,Rotate (1  7) by 270° counterclockwise about the origin. What is the image's y-coordinate?
g10-geometry-foundations,default,numeric,low-entropy,19,4,0.5,21,Using x = 9 from the same setup  find the length AB.  Reasoning check: Mark the given quan
g10-right-triangles,rt-law-sines__numeric,numeric,low-entropy,19,3,0.38,66.42,Still A = 40°  a = 12  and now C = 75°. Find side c (2 decimals).  Reasoning check: Identi
g10-solid-geometry,sg-modeling__numeric,exactNumberLab,low-entropy,19,3,0.46,1433,A spherical tank is doubled in radius. Steel (surface) per unit of capacity (volume) becom
g10-solid-geometry,sg-revolution__numeric,exactNumberLab,low-entropy,19,3,0.42,63,You need a cone of radius 9 and height 12 by revolution. The right triangle you spin has i
g10-solid-geometry,sg-scale-effects__numeric,exactNumberLab,low-entropy,19,5,0.25,1.6,Scale a unit cube by k = 3. How many unit cells does the scaled cube hold?  Reasoning chec
g10-triangle-congruence,tc-midsegment__numeric,numeric,low-entropy,19,2,0.63,12,A midsegment measures (2x + 1) and the side it's parallel to measures 22. Find x.  Reasoni
g12-function-analysis,function-analysis__fna-compose-order__numeric,exactNumberLab,low-entropy,19,3,0.58,31,Same f and g. What is g(f(3))?  Reasoning check: Translate the graph  table  or expression
g12-function-analysis,function-analysis__fna-decompose__numeric,exactNumberLab,low-entropy,19,3,0.33,2401,With g(x) = 3x + 1 and f(x) = x⁴  verify the chain: what is f(g(2))?  Reasoning check: Ske
g12-limits-continuity,limits-continuity__lc-infinity__numeric,exactNumberLab,low-entropy,19,4,0.29,3,Given lim(x→∞) f(x) = 3  what is the horizontal asymptote's y-value?  Reasoning check: Nam
g12-limits-continuity,limits-continuity__lc-ivt__numeric,exactNumberLab,low-entropy,19,2,0.67,-1,For f(x) = x³ − x − 1  compute f(1).  Reasoning check: Mark the known quantities  then cho
g12-limits-continuity,limits-continuity__lc-rationalize__numeric,exactNumberLab,low-entropy,19,3,0.42,0.5,Find lim(x→0) (√(x + 9) − 3)/x  to three decimals. (Conjugate gives 1/(√(x + 9) + 3).)  Re
g12-polar-parametric,polar-parametric__pp-roses__numeric,numeric,low-entropy,19,3,0.54,8,How many petals does r = 2 sin(4θ) have?  Reasoning check: Identify the representation and
g12-trig-graphs-inverses,trig-graphs-inverses__tg-five-points__numeric,numeric,low-entropy,19,3,0.46,-3,Same function. What is y at that trough?  Reasoning check: Identify the representation and
g12-trig-graphs-inverses,trig-graphs-inverses__tg-phase__numeric,numeric,low-entropy,19,2,0.54,2,y = 2 sin(2x − π/3). What is y at x = 5π/12?  Reasoning check: Identify the representation
g12-trig-graphs-inverses,trig-graphs-inverses__tg-tan-shape__numeric,numeric,low-entropy,19,2,0.54,1,What is tan(π/4)?  Reasoning check: Sketch or annotate the situation before entering the r
g12-trig-identities-equations,trig-identities-equations__ti-apply-sum-diff__numeric,numeric,low-entropy,19,2,0.63,0.7071,Evaluate cos 80° cos 20° + sin 80° sin 20°. (As a decimal.)  Reasoning check: Use the visi
g12-trig-identities-equations,trig-identities-equations__ti-general__numeric,numeric,low-entropy,19,2,0.54,15.71,Sum the solutions of sin x = 1/2 that lie in [2π  4π)  to hundredths.  Reasoning check: Id
g12-trig-identities-equations,trig-identities-equations__ti-pythagorean__numeric,numeric,low-entropy,19,2,0.54,1,Simplify (1 − cos²θ)·sec²θ to a single function  then evaluate at θ = π/4.  Reasoning chec
g12-trig-identities-equations,trig-identities-equations__ti-tan-ladder__numeric,numeric,low-entropy,19,2,0.5,7.85,Sum the solutions of tan x = −1 on [0  2π)  to hundredths.  Reasoning check: Name what sta
g12-vectors-matrices,vectors-matrices__vec-add__numeric,exactNumberLab,low-entropy,19,2,0.83,5,What is the magnitude of ⟨3  0⟩ + ⟨0  4⟩?  Reasoning check: Use the visible structure one 
g12-vectors-matrices,vectors-matrices__vec-angle__numeric,numeric,low-entropy,19,4,0.42,0,For u = ⟨1  0⟩  v = ⟨1  1⟩  the angle θ between them is:  Reasoning check: Use the visible
g12-vectors-matrices,vectors-matrices__vec-rotation__numeric,exactNumberLab,low-entropy,19,2,0.5,3.61,⟨3  2⟩ has magnitude √13 ≈ 3.61. After a 90° rotation to ⟨−2  3⟩  its magnitude is:  Reaso
g13-derivatives-in-context,derivatives-in-context__dc-ladder__numeric,numeric,low-entropy,19,3,0.46,-2.667,Same ladder  same dx/dt = 2. Find dy/dt when x = 8  to three decimals.  Reasoning check: I
g13-integration-accumulation,integration-accumulation__in-accumulation__numeric,numeric,low-entropy,19,3,0.58,12,f(t) = 3 (a constant). Find A(4) = ∫₀⁴ 3 dt.  Reasoning check: Translate the graph  table 
g13-integration-accumulation,integration-accumulation__in-antiderivative__numeric,numeric,low-entropy,19,2,0.63,10,∫₁² (3x² + 2x) dx.  Reasoning check: Mark the known quantities  then choose the operation 
g13-integration-accumulation,integration-accumulation__in-constant-of-integration__numeric,exactNumberLab,low-entropy,19,2,0.83,13,a(t) = 6t  v(0) = 2  s(0) = 1. Find s(2).  Reasoning check: Name what stays fixed before c
g13-integration-applications,integration-applications__ia-disc__numeric,numeric,low-entropy,19,2,0.54,0.628,Revolve y = x² on [0  1] about the x-axis. Find the volume  to three decimals.  Reasoning 
g13-integration-applications,integration-applications__ia-motion__numeric,numeric,low-entropy,19,4,0.29,1.333,v(t) = t² − 4t + 3 on [0  4]. Find the DISPLACEMENT  to three decimals.  Reasoning check: 
g13-parametric-polar-calculus,parametric-polar-calculus__pc-polar-area__numeric,numeric,low-entropy,19,3,0.46,4.712,The cardioid r = 1 + cos θ  swept from 0 to 2π  encloses an area of 3π/2. Give that as a d
g13-series-convergence,series-convergence__sc-radius__numeric,numeric,low-entropy,19,2,0.54,2,For Σxⁿ  the ratio of consecutive terms is |x|. What is the radius of convergence?  Reason
g13-series-convergence,series-convergence__sc-taylor__numeric,numeric,low-entropy,19,2,0.54,4,Use 1 + x + x²/2 + x³/6 + x⁴/24 at x = 1 to estimate e. Give four decimals.  Reasoning che
g10-conditional-probability,conditional-probability__cpr-joint-prob__numeric,numeric,low-entropy,19,2,0.63,0.3,P(takes the bus **and** plays a sport). Give a decimal.  Reasoning check: Use the visible 
g6-center-spread,ddIqrOddSeven,numeric,low-entropy,18,4,0.42,8,For the sorted data 5  6  7  9  11  14  17  exclude the median from the halves. What is th
pct-of-number,rrOrderPercent,mcq,low-entropy,18,4,0.33,2/5  45%  1/2,Order from SMALLEST to largest: 45%  2/5  1/2.
ecc-classify,default,mcq,low-entropy,18,3,0.42,parabola,A conic has e = 0.8. It is a(n):
proportional-plot,cgPairLineReason,mcq,low-entropy,18,3,0.42,Each step right 1 is paired with the sam,Points from the rule y = 4x line up in a straight line through the origin. Why?
critical-count,oddPowerSaddle,mcq,low-entropy,18,3,0.67,Neither a peak nor a valley — f′ = 3x² i,f(x) = x³ has a critical point at x = 0. What is it?
const-sum-rule,horizontalTangent,numeric,low-entropy,18,6,0.33,2,f(x) = x³ − 3x² + 6. Find the POSITIVE x where the tangent is horizontal.
group-division,howManyPieces,numeric,low-entropy,18,6,0.33,7,A ribbon 49 cm long is cut into pieces that are each 7 cm. How many pieces?
reflect-fn,whichReflection,mcq,low-entropy,18,2,0.54,y = −√x,Which rule reflects y = √x over the x-axis?
box-volume,whichMeasure,mcq,low-entropy,18,2,0.54,Volume  in cubic units, How much paint covers a crate?  — which measurement  and which units?
time-relative,minutesTo,numeric,low-entropy,18,5,0.25,5,The clock reads 2:35. How many minutes TO three o'clock?
bar-graph,halfDifference,numeric,low-entropy,18,5,0.33,1,A bar graph's scale climbs by 2s. Bar A reaches 10. Bar B stops halfway between 10 and 12.
g8-tm-pythagorean-why,tmPythAreaMeaning,geometricConstraintLab,low-entropy,18,4,0.42, c ,For a right triangle  p² + q² = h². What do the squared terms represent geometrically?
g0-shapes-sorting,shapeSortMcq,mcq,low-entropy,18,4,0.54,Red group first  then food group,You sort a green sock first by color and then by kind. Where does it go each time?
g4-fractions,faBenchmarkOrderNumeric,numeric,low-entropy,18,2,0.67,8,Order 3/10  4/12  1/6  2/8 from least to greatest. What is the denominator of the second f
a1-quadratics,quad-formula__numeric,numeric,low-entropy,18,6,0.25,2,Use the quadratic formula on 2x^2 − 6x + 4 = 0. What is the larger solution?
a2-logarithms,lg-exp-solve__numeric,exactNumberLab,low-entropy,18,3,0.46,4,Solve 2·4^x=512.
g10-constructions-proof,cp-vertical-angles__numeric,numeric,low-entropy,18,2,0.67,100,Two lines cross. One angle is (4x)° and the angle NEXT to it (a linear pair) is (2x + 30)°
g10-coordinate-proofs,cx-circle-position__numeric,numeric,low-entropy,18,2,0.71,5,A circle centered at (2  4) must pass through (5  8). Its radius r = ?  Reasoning check: S
g10-right-triangles,rt-454590__numeric,numeric,low-entropy,18,2,0.71,7.07,A 45-45-90 triangle has legs of 5. Find the hypotenuse (round to 2 decimals).  Reasoning c
g10-similarity,sy-dilation__numeric,numeric,low-entropy,18,2,0.63,1.5,An original segment is 8 units; after a dilation its image is 12 units. What is the scale 
g10-solid-geometry,sg-section-reasoning__numeric,exactNumberLab,low-entropy,18,2,0.58,36,A sphere's great circle has circumference 12π. The sphere's volume coefficient (of π) = ? 
g10-triangle-congruence,tc-triangle-inequality__numeric,numeric,low-entropy,18,2,0.71,3,With two sides 5 and 8  the third side must be GREATER than what value?  Reasoning check: 
g12-conic-sections,conic-sections__co-parabola-def__numeric,numeric,low-entropy,18,2,0.63,2,A parabola has focus (0  1) and directrix y = −1. For the point (2  1)  what is its distan
g12-limits-continuity,limits-continuity__lc-continuity__numeric,exactNumberLab,low-entropy,18,2,0.63,10,For the continuous function f(x) = x² + 1  find lim_{x→3} f(x).  Reasoning check: Name wha
g12-limits-continuity,limits-continuity__lc-discontinuity__numeric,numeric,low-entropy,18,2,0.58,0.1667,For f(x) = (x − 3)/(x² − 9)  find lim_{x→3} f(x). (The removable hole's height.)  Reasonin
g12-limits-continuity,limits-continuity__lc-limit-idea__numeric,numeric,low-entropy,18,2,0.75,4,Near x = 2  f(x) gives 3.99 (from the left) and 4.01 (from the right). What value is f app
g12-limits-continuity,limits-continuity__lc-read-limit__numeric,numeric,low-entropy,18,3,0.5,5,For the continuous line f(x) = 2x + 3  find lim(x→1) f(x) by substituting.  Reasoning chec
g12-limits-continuity,limits-continuity__lc-series-limit__numeric,exactNumberLab,low-entropy,18,2,0.79,1,Find 3/4 + 3/16 + 3/64 + ⋯ using a/(1 − r) with a = 3/4  r = 1/4.  Reasoning check: Identi
g12-polar-parametric,polar-parametric__pp-projectile__mcq,mcq,low-entropy,18,2,0.54,zero,At the very top of its arc  the ball's VERTICAL velocity is:  Reasoning check: Name what s
g12-trig-identities-equations,trig-identities-equations__ti-prove__numeric,numeric,low-entropy,18,2,0.63,0.87,Prove cot θ · sin θ = cos θ  then evaluate the common value at θ = π/6 (to hundredths).  R
g13-curve-analysis,curve-analysis__ca-first-derivative-test__numeric,numeric,low-entropy,18,2,0.54,16,f(x) = x³ − 12x  with f′ positive  then negative  then positive. Find the local MAXIMUM va
g13-curve-analysis,curve-analysis__ca-optimisation-applied__numeric,numeric,low-entropy,18,2,0.54,1250,Two numbers add to 20. What is the SMALLEST possible sum of their squares?  Reasoning chec
g13-differential-equations,differential-equations__de-logistic__numeric,numeric,low-entropy,18,2,0.58,250,dP/dt = 0.3P(1 − P/500). At what population is growth fastest?  Reasoning check: Use the v
g13-parametric-polar-calculus,parametric-polar-calculus__pc-vector-motion__numeric,numeric,low-entropy,18,3,0.46,30,r(t) = ⟨6t  8t⟩  for t from 0 to 3. Find the total distance travelled.  Reasoning check: I
g10-conditional-probability,default,numeric,low-entropy,18,3,0.42,91,Flip four coins. How many of the 16 outcomes show **at least one head**?  Reasoning check:
coord-distance,default,numeric,low-entropy,17,5,0.29,10,Find the distance between (-6  8) and (6  -8).
unit-frac-divide,divideFractionNumerator,quotientReasoningLab,low-entropy,17,4,0.29,3,Compute 5/8 ÷ 1/4. The result is 5/2; enter its numerator.
nl-beyond-one,betweenWhich,numeric,low-entropy,17,4,0.46,1,A frog jumps in FIFTHS along the line  starting at 0. After 16 jumps it sits between two w
shape-hierarchy,cgInheritanceDirection,shapeHierarchyLab,low-entropy,17,4,0.33, h2 ,“Every square has four equal sides. Squares are rectangles. Therefore every rectangle has 
pr-constant-k-g7,rrSimplifyDivisor,numeric,low-entropy,17,4,0.33,10,The ratio 32 : 40 shrinks to 4 : 5. What number divided BOTH parts?
g8-esn-compare,esnCompareRatioClose,numeric,low-entropy,17,3,0.63,3,One reservoir holds 5 × 10⁵ gallons and another holds 2 × 10⁵ gallons. How many times as m
g8-rns-compare-estimate,rnsOrderMixed,dragOrder,low-entropy,17,3,0.54,[ √24   4.9   5   √26 ],Order the four values from least to greatest.
g1-shapes-measure,Smg1LengthDifferenceNumeric,numeric,low-entropy,17,5,0.29,4,A marker is 3 cubes long and a crayon is 2 cubes long. How many more cubes long is the mar
a1-quadratics,quad-discriminant__numeric,numeric,low-entropy,17,3,0.42,2,How many real solutions does x^2 − 8x + 16 = 0 have?
g10-constructions-proof,cp-square-triangle__numeric,numeric,low-entropy,17,2,0.71,3,An inscribed square's four vertices divide the circle equally. What is each central angle 
g10-geometry-foundations,gf-reflection-rule__numeric,numeric,low-entropy,17,2,0.54,3,Reflect (7  3) over the line y = x. What is the image's x-coordinate?  Reasoning check: Na
g10-similarity,sy-area-perimeter__numeric,numeric,low-entropy,17,2,0.5,5,Two similar figures have areas in the ratio 25 : 1. What is the ratio of their correspondi
g10-similarity,sy-scale__numeric,numeric,low-entropy,17,2,0.58,360,A blueprint has scale 1 : 24. A wall measures 15 inches on the blueprint. How long is the 
g10-solid-geometry,sg-cross-sections__numeric,exactNumberLab,low-entropy,17,2,0.63,50.27,A sphere of radius 5 is sliced by a plane 3 units from its center. The cross-section's ARE
g12-function-analysis,function-analysis__fna-restricted__numeric,exactNumberLab,low-entropy,17,2,0.58,4,f(x) = (x − 3)² restricted to x ≥ 3. What is f⁻¹(1)?  Reasoning check: Sketch or annotate 
g12-polynomial-rational-analysis,polynomial-rational-analysis__pra-rrt-pipeline__numeric,exactNumberLab,low-entropy,17,2,0.54,2,Expanding (x − 2)(x² + 4x + 3)  what is the coefficient of x²?  Reasoning check: Sketch or
g12-polynomial-rational-analysis,polynomial-rational-analysis__pra-slant-find__numeric,exactNumberLab,low-entropy,17,2,0.79,-0.03,For f(x) = (x² − 4)/(x − 1) with slant y = x + 1  what is f(101) − 102? (Answer as a decim
g12-trig-identities-equations,trig-identities-equations__ti-cos2-forms__numeric,numeric,low-entropy,17,3,0.5,0.28,With sin θ = 0.6  use 1 − 2sin²θ to find cos 2θ.  Reasoning check: Name what stays fixed b
g12-trig-identities-equations,trig-identities-equations__ti-reciprocals__numeric,numeric,low-entropy,17,2,0.63,1.33,sin θ = 3/5 and cos θ = 4/5. What is cot θ? (As a decimal to hundredths.)  Reasoning check
g12-trig-identities-equations,trig-identities-equations__ti-tan-cofunction__numeric,numeric,low-entropy,17,2,0.67,3.732,Evaluate tan 75° to three decimals.  Reasoning check: Translate the graph  table  or expre
g13-derivatives-in-context,derivatives-in-context__dc-related-rates__numeric,numeric,low-entropy,17,2,0.5,12,A circle's radius grows at dr/dt = 2 cm/s. Find dA/dt when r = 3  as a multiple of π (give
g13-differential-equations,differential-equations__de-equilibrium__numeric,numeric,low-entropy,17,2,0.63,2,dy/dt = 1.8y(1 − y/4). How many equilibrium solutions does it have?  Reasoning check: Use 
g13-integration-applications,integration-applications__ia-average-value__numeric,numeric,low-entropy,17,3,0.5,3,f(x) = x² has average value 3 on [0  3]. At what c does f actually EQUAL 3? Give three dec
g13-parametric-polar-calculus,parametric-polar-calculus__pc-arc-length__numeric,numeric,low-entropy,17,3,0.42,1.571,x = cos t  y = sin t  for t from 0 to π/2. Find the arc length  to three decimals.  Reason
g10-conditional-probability,conditional-probability__cpr-complement-table__numeric,numeric,low-entropy,17,2,0.63,0.267,Of 150 phones  90 have a case  60 have a screen protector  and 40 have both. Find **P(neit
g10-conditional-probability,conditional-probability__cpr-overlap-count__numeric,numeric,low-entropy,17,2,0.54,8,In a class of 30  18 play a sport  12 play an instrument  and 7 do both. How many do **at 
ecc-classify,ratioCompare,mcq,low-entropy,16,3,0.46,always equal (ratio = 1),For a hyperbola with e = 1.4 (e > 1)  the distance to the focus compared to the distance t
whole-as-fraction,divideOut,numeric,low-entropy,16,5,0.25,4,What whole number does 12/3 equal?
attributes,cgEquilateralRightNever,shapeHierarchyLab,low-entropy,16,4,0.29, h2 ,“An equilateral triangle is a right triangle.” Always  sometimes  or never?
shape-hierarchy,cgInheritanceChain,shapeHierarchyLab,low-entropy,16,4,0.38, h0 ,Every parallelogram has two pairs of parallel sides. Every rectangle is a parallelogram  a
shape-hierarchy,cgParallelogramTrapezoidVerdict,shapeHierarchyLab,low-entropy,16,4,0.5, h1 ,Using the definition “a trapezoid has exactly one pair of parallel sides ” is a parallelog
shape-hierarchy,cgSquareRhombusAlways,shapeHierarchyLab,low-entropy,16,4,0.38, h0 ,“A square is a rhombus.” Always  sometimes  or never?
g7-sp-counting-principle,spCountCoinDieReal,compoundEventLab,low-entropy,16,3,0.5, c0 ,A coin is flipped and a fair 4-sided die is rolled. How many ordered outcomes are in the s
a2-polynomials,pf-end-behavior__mcq,mcq,low-entropy,16,4,0.38,falls left and falls right,Which end behavior matches a positive leading coefficient and even degree?
a2-radicals,re-rules__numeric,exactNumberLab,low-entropy,16,4,0.33,4,Evaluate (3^(5/3))^(3/5).
a2-rationals,rf-multiply__buildExpression,buildExpression,low-entropy,16,5,0.33,[ x + 4 ],Multiply (x²−36)/(x+2) · (x+2)/(x−6).
a2-series,sr-sigma-read__matchPairs,matchPairs,low-entropy,16,4,0.33,{ Σ(k=1 to 4) k : 1+2+3+4   Σ(k=1 to 4) ,Match each sigma notation to its expansion.
g10-coordinate-proofs,cx-circle-cts__numeric,numeric,low-entropy,16,2,0.54,25,Unmask x² + y² − 4x − 6y + 4 = 0  then evaluate (x − h)² + (y − k)² at the point (8  11). 
g12-limits-continuity,limits-continuity__lc-onesided__numeric,numeric,low-entropy,16,2,0.54,4,f = 2x for x < 3 and x + 3 for x ≥ 3. Both sides give 6. Find lim(x→3) f(x).  Reasoning ch
g12-vectors-matrices,vectors-matrices__vec-applications__numeric,exactNumberLab,low-entropy,16,2,0.63,6.4,Forces ⟨5  2⟩ and ⟨−1  3⟩ act on a point. What magnitude of third force balances them? (Tw
g12-vectors-matrices,vectors-matrices__vec-direction__numeric,exactNumberLab,low-entropy,16,3,0.5,5,A vector has magnitude 8 and direction 45°. What is its x-component  to two decimals?  Rea
g12-vectors-matrices,vectors-matrices__vec-matrix-arith__numeric,exactNumberLab,low-entropy,16,2,0.63,8,What is the bottom-right entry of 2·[[1  2]  [3  4]]?  Reasoning check: Translate the grap
g6-data-literacy,ddStatChoose,mcq,low-entropy,15,3,0.42,How many books did each student borrow t,Which question is statistical?
prob-fraction,compound,fractionEntry,low-entropy,15,3,0.58,{ whole :0  num :1  den :6},What is the probability of rolling an even number AND rolling a number less than 3  on sep
metric-convert,rrDirectionMcq,mcq,low-entropy,15,4,0.33,Multiply — minutes are smaller  so there,Converting feet into inches  do you multiply or divide by 12 — and why?
hyperbola-anatomy,twoA,numeric,low-entropy,15,5,0.38,4,For y²/4 − x²/36 = 1  find the distance 2a between the two vertices.
association-type,default,mcq,low-entropy,15,3,0.46,Negative — y goes down as x goes up,The dots on a scatter plot fall from the upper-left to the lower-right. What association i
line-plot,fractionRange,mcq,low-entropy,15,3,0.38,1/2 ft,The shortest measurement on a line plot is 1/4 ft and the longest is 3/4 ft. What is the r
g8-bv-judge-fit,bvJudgeShift,mcq,low-entropy,15,2,0.63,Shift it up so dots are balanced on both,A line stays close to the dots  but every dot lies slightly below it. How should the line 
g8-bv-categorical-association,bvCatGroup,numeric,low-entropy,15,4,0.54,25,Among 20 athletes  15 ate breakfast. What percent of athletes ate breakfast?
g0-shapes-sorting,shapePositionTap,tapDiagram,low-entropy,15,3,0.42,[ g1 ],Tap the cat that is above the table.
g2-fluency,FlSums16Numeric,numeric,low-entropy,15,4,0.29,13,8 + 5 = ?
a2-logarithms,lg-evaluate__numeric,exactNumberLab,low-entropy,15,5,0.33,2,Evaluate log_5(1/25).
g13-differential-equations,differential-equations__de-exponential__numeric,numeric,low-entropy,15,2,0.79,543.7,A colony has dP/dt = 0.1P and P(0) = 200. Find P(10)  to one decimal.  Reasoning check: Sk
g13-integration-accumulation,integration-accumulation__in-ftc-unified__numeric,numeric,low-entropy,15,2,0.58,4,∫₀² x³ dx. (An antiderivative of x³ is x⁴/4.)  Reasoning check: Identify the representatio
g13-integration-accumulation,integration-accumulation__in-riemann__numeric,numeric,low-entropy,15,2,0.58,2,f(x) = x² on [0  2] with 2 strips  LEFT rule. What is the estimate?  Reasoning check: Sket
g6-data-literacy,ddStatFixedFact,mcq,low-entropy,14,4,0.38,No — it has the fixed answer 7  so no va,Is  How many sides does a hexagon have?  a statistical question?
g6-data-literacy,ddReadyQuestion,mcq,low-entropy,14,3,0.46,How many goals did each player score thi,Which question is ready for consistent data collection?
shape-hierarchy,cgRhombusRectangleSometimes,shapeHierarchyLab,low-entropy,14,4,0.42, h0 ,“A rhombus is a rectangle.” Always  sometimes  or never?
g8-esn-root-context,esnRootCube,numeric,low-entropy,14,3,0.33,4,A cube-shaped gift box has a volume of 64 cubic centimeters. What is its edge length  in c
g8-tm-dilation-similarity,tmSimilarFactor,numeric,low-entropy,14,4,0.38,4,Two similar figures have matching side lengths 3 and 6. What is the scale factor from the 
g2-fluency,FlSums12Numeric,numeric,low-entropy,14,4,0.29,11,6 + 4 = ?
g3-div-fluency,DivSpecialNumeric,numeric,low-entropy,14,5,0.71,1,9 ÷ 1 = ?
g13-integration-accumulation,integration-accumulation__in-choosing-u__numeric,numeric,low-entropy,14,2,0.58,0.859,∫₀¹ x·e^(x²) dx  as a decimal to three places. (e ≈ 2.71828)  Reasoning check: Name what s
g13-integration-accumulation,integration-accumulation__in-library__numeric,numeric,low-entropy,14,2,0.58,24.14,∫₀^π (eˣ + sin x) dx  as a decimal to two places. (e^π ≈ 23.14)  Reasoning check: Identify
g10-conditional-probability,conditional-probability__cpr-reversal-error__numeric,numeric,low-entropy,14,2,0.63,0.333,P(walks | plays no sport). Give a decimal  to three places.  Reasoning check: Translate th
g6-data-literacy,ddStatRewrite,mcq,low-entropy,13,3,0.38,How many pages did each student in the b, How many pages did Noah read?  is not statistical. Which rewrite makes it statistical?
common-denom,default,numeric,low-entropy,13,4,0.33,4,Rewrite 1/2 with a denominator of 10. What is the new numerator?
probability-fraction,compound,fractionEntry,low-entropy,13,3,0.58,{ sign :1  whole :0  num :1  den :6},What is the probability of drawing a red card from a deck AND rolling a 6 on a die?
solve-trig-all,sinPair,mcq,low-entropy,13,3,0.54,4π/3 and 5π/3,Solve sin x = −1/2 on [0  2π):
pr-unit-rate-g7,milesWholeB,numeric,low-entropy,13,3,0.38,4,A walker covers 1/3 mile in 1/12 hour. What is the unit rate in miles per hour?
k0-add-subtract,KoaChooseOpMcq,mcq,low-entropy,13,2,0.67,Subtract,5 ducks swim in a pond. 3 more ducks swim over. What should you do to find how many ducks 
g1-data,GdTallyMakeNumeric,numeric,low-entropy,13,3,0.38,1,19 students voted. When you tally the votes in five-groups  how many CROSSED groups will t
a1-exponential,exp-match-base__numeric,exactNumberLab,low-entropy,13,4,0.42,3,Solve 2^x = 4. What is x?
a1-functions-sequences,fn-common-ratio__numeric,numeric,low-entropy,13,4,0.29,5,For the geometric sequence 6  30  150  750  what is the common ratio?
a2-logarithms,lg-cob__numeric,exactNumberLab,low-entropy,13,4,0.38,4,Use change of base to evaluate log_7(343).
a2-rationals,rf-equations__buildExpression,buildExpression,low-entropy,13,3,0.5,[ x ≠ 1 ],Build the restriction for 1/(x−3) = 1/5.
cn-solve-any,default,numeric,low-entropy,12,4,0.33,2,Solve x² + 6x + 13 = 0 (hint: complete the square). For the root with POSITIVE imaginary p
exp-solve,default,exactNumberLab,low-entropy,12,2,0.54,2,Solve 4 · 3^x = 36.
conditional-prob,default,numeric,low-entropy,12,3,0.42,0.111,A card is drawn. You are told it is a **face card** (J  Q or K). Find P(jack | that condit
g7-cross-sections,matchCrossSections,matchPairs,low-entropy,12,3,0.46,{ cone  cut across parallel to its base ,Match each solid-and-slice description to its cross-section.
pr-unit-rate-g7,lapsWholeB,numeric,low-entropy,12,3,0.5,2,A cyclist covers 5/8 lap in 5/16 hour. What is the unit rate in laps per hour?
pr-unit-rate-g7,recipeWhole,numeric,low-entropy,12,3,0.46,4,A recipe uses 1/3 cup of sugar for every 1/12 cup of butter. What is the unit rate in cups
a2-logarithms,lg-e-solve__numeric,numeric,low-entropy,12,3,0.5,0.6931471806,Solve 3e^x=9. Give x to three decimals.
a2-radicals,re-convert__buildExpression,buildExpression,low-entropy,12,4,0.38,[ ⁿ√(x^4) ],Write x^(2/3) as a radical.
pr-unit-rate-g7,mixedWhole,numeric,low-entropy,11,3,0.58,2,A biker covers 7/8 mile in 7/16 hour. What is the unit rate in miles per hour?
pr-unit-rate-g7,default,numeric,low-entropy,11,3,0.42,4,A cyclist covers 3/4 mile in 3/16 hour. What is the unit rate in miles per hour?
reflect-compose,reverseOrder,mcq,low-entropy,10,2,0.54,A 90° clockwise rotation (the opposite t,A·B gave a 90° clockwise rotation. What does the reversed order B·A = [[0  -1]  [1  0]] gi
pr-unit-rate-g7,lapsWholeA,numeric,low-entropy,10,3,0.42,4,A runner covers 1/3 lap in 1/12 hour. What is the unit rate in laps per hour?
prob-fraction,default,fractionEntry,low-entropy,9,3,0.67,{ whole :0  num :1  den :2},When rolling a standard 6-sided die  what is the probability of rolling greater than 2? Gi
permutation-count,arrangeAll,numeric,low-entropy,9,3,0.42,720,How many ways can 6 different trophies be arranged in a row?
box-surface-area,sameVolumeDifference,numeric,low-entropy,9,2,0.79,8,Box A is 4×4×2; Box B is 8×2×2. They have the same volume. How much MORE surface area does
a2-trig,tf-reference__numeric,numeric,low-entropy,9,3,0.38,30,Find the reference angle of 150°.
lcm-pair,gcfPair,numeric,low-entropy,8,4,0.63,2,Find the greatest common factor of 6 and 8.
reflect-compose,composeMatrix,matrixTransform,low-entropy,8,2,0.54,[0 -1 1 0],Reflect over y = x  then over the y-axis — one transformation right after the other. Build
a1-functions-sequences,fn-domain-range__buildExpression,buildExpression,low-entropy,8,8,0.71,[ range =   3 ],Build the range for the pairs (0  2)  (1  8)  (2  4) in increasing order.
a2-logarithms,lg-product__numeric,exactNumberLab,low-entropy,8,3,0.63,4,Evaluate log_5(5) + log_5(25).
implicit-diff,quadForm,numeric,low-entropy,7,3,0.63,-0.8,x² + xy + y² = 7. Find dy/dx at (1  2)  as a decimal.
solve-trig-all,sumSin,numeric,low-entropy,6,2,0.54,9.42,Solve 2 sin x + √3 = 0 on [0  2π). What is the SUM of the solutions  to hundredths?
negative-intro,compareFractionDecimal,rationalCompare,low-entropy,5,2,0.67, lt ,Compare 2/5 and 0.6. Which relation is true?
g6-data-literacy,ddHistTotal,numeric,rich,24,14,0.13,14,A histogram's bar heights are 5  2  6  4. How many observations are represented in total?
g6-data-literacy,ddHistExactValues,mcq,rich,24,21,0.08,No — only their bin interval 5–9 is know,The 5–9 histogram bar has height 7. Can the 7 exact data values be recovered?
g6-center-spread,ddMeanBasic,numeric,rich,24,16,0.13,9,Find the mean of 14  12  8  6.
g6-center-spread,ddMeanMissing,numeric,rich,24,16,0.08,14,Four scores have a mean of 10. Three scores are 6  7  13. What is the missing score?
g6-center-spread,ddMeanContext,numeric,rich,24,14,0.17,15,Four trail walks took 4  6  10  8 minutes. What was the mean walk time?
g6-center-spread,ddMedianOddUnsorted,numeric,rich,24,16,0.17,7,Find the median of 3  7  4  12  9. Sort the data first.
g6-center-spread,ddMedianSortError,mcq,rich,24,17,0.08,The data was not sorted; the correct mid,A learner averages 17 and 14 as the  middle pair  of 7  17  14  1 and gets 15.5. What went
g6-center-spread,ddRangeBasic,pointSetReasoningLab,rich,24,15,0.13,11,Find the range of 6  4  8  18.
g6-center-spread,ddFullReport,mcq,rich,24,22,0.08,Median 10; IQR 6 — one center and one sp,Which two-number report includes both a center and a spread for a distribution with median
g6-center-spread,ddSummaryIqr,numeric,rich,24,10,0.21,9,A trip-time distribution has Q1 = 5 and Q3 = 14. What is the IQR?
g6-center-spread,ddSummaryMean,numeric,rich,24,17,0.13,9,A data set has sum 42 across 6 observations. What is the mean?
g6-center-spread,ddBestDescription,mcq,rich,24,24,0.04,Values cluster symmetrically around 14  ,Choose the best one-sentence description of a roughly symmetric distribution with median 1
g6-center-spread,ddTypicalMedian,mcq,rich,24,18,0.13,The median  14 — it lies inside the main,For the data 10  12  12  14  14  16  18  52  which number best answers  what is typical? 
g6-center-spread,ddCenterGap,numeric,rich,24,9,0.21,8,A distribution has mean 9 and median 6. How large is the gap between the centers?
g6-center-spread,ddCapReport,mcq,rich,24,23,0.08,Most values cluster near 2; median 2  IQ,A distribution clusters near 2  has IQR 2  and contains one high outlier 17. Which report 
g6-center-spread,default,numeric,rich,24,16,0.17,10,Find the mean of 6  12  8  14.
match-solve,default,matchPairs,rich,24,24,0.04,{ 4x + 3 = 19 : x = 4   4x + 4 = 12 : x ,Solve each equation and match it to its x.
match-sum,mixedSums,matchPairs,rich,24,24,0.04,{ 3 + 2 : 5   4 + 3 : 7   4 + 2 : 6 },Match each addition to the amount it equals.
match-times-ten,default,matchPairs,rich,24,24,0.04,{ 27 : 270   250 : 2 500   1 300 : 13 00,Match each number to what it becomes when multiplied by 10.
trig-model,platform,numeric,rich,24,14,0.17,16,A ride follows h(t) = 18 − 17 cos t. How high is the boarding platform  in feet?
complex-i-square,default,numeric,rich,24,23,0.08,32,Compute (2i)² + 31.
cn-cts-vertex,default,mcq,rich,24,20,0.13,y = (x + 3)² − 2,What is the vertex form of y = x² + 2x + 6?
cn-add-sub,default,numeric,rich,24,14,0.17,-1,What is the IMAGINARY part of (2 − 5i) + (-5 + 4i)?
sequence-order,byFives,dragOrder,rich,24,12,0.25,[ 25   30   35   40   45 ],Drag these into counting order  smallest first.
event-sort,classify,dragBucket,rich,24,24,0.04,{ shows a 3 · shows a 6 : Mutually exclu,Sort each pair of events.
event-sort,default,dragBucket,rich,24,24,0.04,{ greater than 5 · shows a 2 : No overla,Roll one die. For each pair of events  can they both happen on the SAME roll?
two-step-arith,default,numeric,rich,24,23,0.08,27,34 birds  then 19 more arrive  then 24 fly off. How many now?
sci-notation,small,buildExpression,rich,24,24,0.04,[ 7   ×   10⁻³ ],0.007 in scientific notation is:
sci-notation,default,buildExpression,rich,24,24,0.04,[ 3.1   ×   10⁵ ],310 000 in scientific notation is:
frac-multiply,areaCompare,mcq,rich,24,24,0.04,Smaller than both 2/5 and 3/5,Without computing exactly  2/5 × 3/5 is —
fraction-scaling,singleCompare,mcq,rich,24,23,0.08,Bigger than 9,Is 9 × 5/3 bigger than 9  smaller than 9  or exactly 9?
fraction-scaling,pairCompare,mcq,rich,24,24,0.04,5/4 × 18,Which is bigger: 5/4 × 18 or 3/5 × 18?
fraction-scaling,largestThree,mcq,rich,24,24,0.04,6/5 × 21,Which product is the largest: 6/5 × 21  1/4 × 21  2/3 × 21?
fraction-scaling,default,mcq,rich,24,24,0.04,Exactly 5,Is 5 × 5/5 bigger than 5  smaller than 5  or exactly 5?
quad-shape-area,fromTriangles,numeric,rich,24,18,0.13,38,Triangle 1 has area 18 and triangle 2 has area 14 (same trapezoid as before). What is the 
two-step-order,whichNeedsTwo,mcq,rich,24,24,0.04,3 tables each carry 4 players; 4 players,Which problem needs TWO operations to solve?
two-step-order,default,mcq,rich,24,24,0.04,add: 25 + 17 = 42,25 fish  17 more added  then 14 scooped out. What do you do FIRST?
pq-trapezoid,otherBase,numeric,rich,24,17,0.13,21,A trapezoid's midsegment is 14 and one base is 7. Find the other base.
pq-kite,offAxisAngles,numeric,rich,24,21,0.08,112,A kite's two angles ON the symmetry axis measure 102° and 34°. Find each of the other two 
gf-segment-add,default,numeric,rich,24,20,0.08,38,B is between A and C. AB = 12 and BC = 14. Find AC.
gf-angle-add,default,numeric,rich,24,19,0.13,60,Ray QR lies in the interior of ∠PQS. m∠PQR = 37° and m∠RQS = 25°. Find m∠PQS.
coord-area-box,default,numeric,rich,24,13,0.17,160,Triangle (3  1)  (13  5)  (9  15) — a right-isosceles triangle. First step: the bounding b
coord-distance,vertical,numeric,rich,24,12,0.25,10,Distance from (7  6) to (7  -3) = ?
measure-word,default,numeric,rich,24,17,0.13,410,A recipe uses 190 g of sugar and 260 g of butter. How many grams in all?
graph-read,totalAll,numeric,rich,24,13,0.13,22,A graph shows books read each day: Mon 3  Tue 8  Wed 6  Thu 5. How many books in ALL?
graph-read,default,numeric,rich,24,9,0.25,7,A bar graph shows: dogs 8  cats 4  fish 5  birds 6. How many MORE dogs than fish?
area-compose,attachedAreas,geometricConstraintLab,rich,24,19,0.08,29,A 3-by-5 rectangle (area 15) and an attached triangle with base 7 and height 4 (area 14) m
area-compose,coordinateComposite,geometricConstraintLab,rich,24,16,0.13,42,A coordinate figure combines rectangle (-1 -1)-(6 -1)-(6 3)-(-1 3)  an attached triangle (
order-decimals,tenthsOrder,mcq,rich,24,20,0.13,0.2  0.3  0.4,Which lists 0.4  0.6  0.8 from LEAST to greatest?
partial-products,bareChallenge,numeric,rich,24,22,0.08,135,Use partial products to find 45 × 3.
two-row-multiply,bareTwoRow,numeric,rich,24,22,0.08,1190,Use the two-row method to find 32 × 43.
two-row-multiply,default,numeric,rich,24,20,0.13,1280,For 26 × 45  the second row is 26 × 40 (the tens digit is 4  meaning 40). What is 26 × 40?
long-div-2digit,fullDivide,quotientReasoningLab,rich,24,12,0.13,28,Use long division: 504 ÷ 18 = ?
long-div-2digit,quotRemainder,quotientReasoningLab,rich,24,12,0.17,31,Find the QUOTIENT (whole-number part) of 531 ÷ 16. It leaves a remainder — just enter the 
fn-arith-seq,nextDown,numeric,rich,24,21,0.08,13,In the sequence 29  26  23  20  what is the next term?
equiv-test,likeConstant,mcq,rich,24,21,0.13,9n + 5,Simplify 2n + 9 + 5n.
equiv-test,distributeCombine,numeric,rich,24,18,0.08,32,Simplify 2(x + 4) + 2x  then evaluate at x = 3.
negative-intro,orderSignedFour,dragOrder,rich,24,24,0.04,[ -7   -3   -2   3 ],Arrange these from SMALLEST to largest: 3  -3  -7  -2.
negative-intro,coldestSigned,mcq,rich,24,18,0.13,-6°,Temperatures are -9°  -2°  and 3°. Which is coldest?
negative-intro,orderRationalsFive,dragOrder,rich,24,23,0.08,[ -6   -0.75   0   1/4   3 ],Arrange from SMALLEST to largest: 2/5  -2  3  -1.25  0.
grouping-first,groupAddMul,exactNumberLab,rich,24,15,0.21,24,What is (6 + 2) × 4?
grouping-first,mulAddEval,evalOrder,rich,24,21,0.08,10,Following the order of operations  what is 6 + 2 × 2? Tap an operator to work it out.
grouping-first,mulSubNumeric,numeric,rich,24,17,0.13,3,What is 18 − 3 × 2?
grouping-first,groupPhraseMcq,mcq,rich,24,24,0.04,3 times the sum of 4 and 4,Which words match (4 + 4) × 3?
decimal-align-addsub,padSub,numeric,rich,24,24,0.04,3.17,Subtract 7.0 − 3.83 (pad 7.0 to 7.00). (enter as a decimal)
decimal-align-addsub,bareAdd,numeric,rich,24,24,0.04,8.65,Add 6.8 + 1.85. (enter as a decimal)
decimal-align-addsub,regroupSub,numeric,rich,24,24,0.04,3.63,Subtract 5.8 − 2.17 (pad 5.8 to 5.80). (enter as a decimal)
decimal-align-addsub,bareSub,numeric,rich,24,24,0.04,3.23,Subtract 6.2 − 2.97. (enter as a decimal)
decimal-align-addsub,ribbons,numeric,rich,24,24,0.04,2.06,Two ribbons are 1.5 m and 0.56 m. What is their combined length? (enter as a decimal)
decimal-align-addsub,trailLeft,numeric,rich,24,24,0.04,2.11,A 5.0 km trail  2.89 km walked. How many km are left? (enter as a decimal)
decimal-align-addsub,threeAdd,numeric,rich,24,24,0.04,11.36,Compute 3.53 + 0.83 + 7.
decimal-align-addsub,default,numeric,rich,24,23,0.08,8.02,Add 4.8 + 3.66 (pad 4.8 to 4.80 first). (enter as a decimal)
poly-addsub,addX,numeric,rich,24,10,0.21,4,Add (2x^2 - 4x + 3) and (2x^2 + 6x - 2). What is the coefficient of x in the sum?
poly-addsub,subX,numeric,rich,24,11,0.13,4,Subtract: (6x^2 + 3x - 4) - (3x^2 + 2x - 2). What is the coefficient of x?
poly-addsub,subConst,numeric,rich,24,9,0.17,4,Subtract: (4x^2 + 2x - 2) - (2x^2 + 3x - 6). What is the constant term?
poly-addsub,default,numeric,rich,24,10,0.21,2,Add (2x^2 - 4x + 7) and (6x^2 + 4x - 4). What is the constant term of the sum?
poly-mul-mono,mulConst,numeric,rich,24,14,0.21,10,Multiply (5)(6x^2 - x + 2). What is the constant term?
power-product,powerMeaning,mcq,rich,24,15,0.21,3 × 3 × 3,Which correctly explains 2^4?
deriv-product,abstract,numeric,rich,24,15,0.17,8,f(4) = 6  f′(4) = 4  g(4) = 2  g′(4) = −1. Find (f·g)′(4).
subtract-within-100,twoDigit,numeric,rich,24,17,0.13,23,44 − 23 = ?
metric-convert,metricMcq,mcq,rich,24,24,0.04,3.9 L,3900 mL = ? L
metric-convert,customaryMcq,mcq,rich,24,21,0.13,2 lb,12 qt = ? gal (1 gal = 4 qt)
metric-convert,default,numeric,rich,24,22,0.08,9000,8 liters = how many milliliters?
round-place,decimalPlace,numeric,rich,24,23,0.08,3.3,Round 2.066 to the nearest hundredth.
round-place,contextWhole,placeValueTransformLab,rich,24,22,0.08,5,A museum ticket costs $7.22. About how many whole dollars is that  rounded to the nearest 
round-place,contextTenth,placeValueTransformLab,rich,24,24,0.04,1.4,A ribbon is 1.44 m long. Round its length to the nearest tenth of a meter.
round-place,default,numeric,rich,24,23,0.08,28000,Round 66 835 to the nearest thousand.
rect-measure,mixed,numeric,rich,24,22,0.08,24,A rectangular garden is 9 m long and 3 m wide. How many meters of fencing enclose it?
rect-measure,missingSide,numeric,rich,24,17,0.17,2,A rectangle's perimeter is 10 cm and its length is 2 cm. What is its width?
rect-measure,default,numeric,rich,24,18,0.13,28,A rectangular garden is 2 m long and 4 m wide. How many meters of fencing enclose it?
angle-sum,adjacent,numeric,rich,24,20,0.08,65,45°  20° sit side by side  sharing rays. What is their combined angle?
angle-sum,default,numeric,rich,24,23,0.08,89,A triangle has two angles: 107° and 38°. What is the third angle?
probability-fraction,relFreq,fractionEntry,rich,24,22,0.08,{ sign :1  whole :0  num :4  den :5},A spinner landed on blue 2 times out of 8 spins. What is the relative frequency of blue?
probability-fraction,mixed,fractionEntry,rich,24,20,0.13,{ sign :1  whole :0  num :2  den :3},A spinner has 11 equal sections  7 of them green. What is the probability of landing on gr
probability-fraction,default,fractionEntry,rich,24,15,0.17,{ sign :1  whole :0  num :1  den :4},A spinner has 7 equal sections  2 of them green. What is the probability of landing on gre
length-compare,three,lengthCompare,rich,24,11,0.17, key ,The belt is 2 inches  The ruler is 6 inches  and The shoe is 3 inches. Tap the SHORTEST.
length-compare,default,lengthCompare,rich,24,11,0.21, candle ,The candle is 8 paperclips  and The ruler is 9 paperclips. Tap the LONGEST.
eq-two-step,negative,numeric,rich,24,12,0.17,4,Solve for x: -3x − 2 = -11
eq-two-step,default,numeric,rich,24,11,0.25,6,Solve for x: 3x + 1 = 19
int-subtract-negative,decimal,numeric,rich,24,23,0.08,1.05,Work out:  2 − (−0.4)
pct-of-number,default,numeric,rich,24,22,0.08,80,What is 75% of 180?
lf-slope-two-points,default,numeric,rich,24,9,0.25,-3,Find the slope of the line through (0  3) and (1  1).
unit-frac-divide,scoopsComputation,mcq,rich,24,18,0.08,3 ÷ 1/3,How many 1/3-cup scoops fit in 3 cups? Which computation represents the question?
whole-times-fraction,numeratorOnly,numeric,rich,24,17,0.13,4,4 × 1/6: what is the numerator of the product? (The denominator stays 6.)
decimal-place-value,placeDigitMcq,mcq,rich,24,18,0.17,0 — the first place after the point,In 0.083  which digit is in the TENTHS place?
decimal-place-value,placeDigitNumeric,numeric,rich,24,10,0.17,6,In 0.694  what digit is in the tenths place?
decimal-place-value,readSimple,mcq,rich,24,15,0.17,Six tenths,How do you read 0.4 aloud using place value?
decimal-place-value,default,fractionEntry,rich,24,15,0.17,{ whole :0  num :1  den :100},In 0.537  what is the 3 actually worth?
decimal-representation,expandedDecimal,numeric,rich,24,24,0.04,0.521,Which decimal equals 5/10 + 2/100 + 1/1000?
unit-rate-frac,default,fractionEntry,rich,24,24,0.04,{ whole :0  num :72  den :77},A walker covers 6/11 mile in 7/12 hour. What is the unit rate in miles per hour?
circle-complete,default,mcq,rich,24,22,0.08,(−1  −4),Completing the square  x² + y² − 8x + 8y + 7 = 0 becomes (x − 4)² + (y + 4)² = 25. Its cen
sci-compute,addShift,buildExpression,rich,24,24,0.04,[ 9.9   ×   10⁴ ],(9 × 10⁴) + (9 × 10³) = ?
sci-compute,default,buildExpression,rich,24,24,0.04,[ 1   ×   10¹¹ ],(5 × 10³) × (2 × 10⁷) = ?
coordinate-plot,cgRectangleCorner,mcq,rich,24,9,0.17,(1  5),Three corners of an axis-aligned rectangle are (3  2)  (6  2)  and (6  5). Where is the fo
coordinate-plot,asvAxisDistance,numeric,rich,24,9,0.29,5,A vertical side runs from (-6  2) to (-6  7). What is its length?
back-substitute,default,affineRelationshipLab,rich,24,23,0.08,[2 1],Solve the system y = 2x + 1 and 3x + y = 31 completely. What is (x  y)?
point-transform,translate,pointEntry,rich,24,24,0.04,[6 5],Translate (1  3) right 5 and up 2. What is the new point?
point-transform,rotate,pointEntry,rich,24,24,0.04,[5 4],Rotate (−4  5) by 90° clockwise around the origin. What is the image?
point-transform,dilate,pointEntry,rich,24,24,0.04,[-6 3],Dilate (−12  6) by a scale factor of ½ from the origin. What is the image?
point-transform,default,pointEntry,rich,24,21,0.08,[-6 -5],Reflect (−6  1) across the x-axis. What is the image?
vec-displacement,equalVector,mcq,rich,24,24,0.04,From C(-1  -5) to D(-10  -6),Which displacement equals the vector from A(4  -3) to B(-5  -4)?
vec-displacement,default,pointEntry,rich,24,23,0.08,[-7 -5],The displacement from P(1  -5) to Q(-6  0) is:
matrix-apply,basisColumn,pointEntry,rich,24,21,0.13,[4 2],For the matrix [[5  1]  [4  6]]  where does the basis vector ⟨1  0⟩ land?
matrix-apply,componentOnly,numeric,rich,24,14,0.17,5,Apply [[5  0]  [0  3]] to ⟨1  6⟩ and enter the x-component.
mvt-c,twoValueMVT,mcq,rich,24,16,0.17,f′(c) = 3 for some c in (0  4).,f(0) = -5 and f(3) = 13  and f is differentiable. Which must be TRUE?
mvt-bound,smallest,numeric,rich,24,14,0.21,7,f(0) = -4 and 3 ≤ f′(x) ≤ 7 everywhere. What is the SMALLEST possible value of f(2)?
mvt-bound,default,numeric,rich,24,14,0.17,16,f(1) = 4 and f′(x) ≤ 5 for all x. What is the largest possible value of f(4)?
full-sketch,logicalContradiction,mcq,rich,24,16,0.21,An interior maximum needs f′ to change s,A student claims f′ > 0 on all of (3  7)  and that f has a maximum at x = 4. What is wrong
const-sum-rule,whyConstant,mcq,rich,24,19,0.13,Adding 29 raises the whole curve without,Why is d/dx[x² + 14] the same as d/dx[x²]?
choose-rule,expandProduct,numeric,rich,24,14,0.13,19,f(x) = x(x + 3) + 8x. Find f′(4).
arc-measure,threeArcs,numeric,rich,24,24,0.04,102,Three points split a circle into arcs of 103°  155°  and x. Find x.
inscribed-angle,triangleArc,numeric,rich,24,21,0.13,75,Triangle PQR is inscribed in a circle. Angle P = 44° and arc RP (not containing Q) = 150°.
array-model,whichOperation,mcq,rich,24,12,0.17,3 × 5,A band stands in 2 rows with 4 players in each row. Which finds the total number of player
array-model,default,mcq,rich,24,19,0.13,5 rows with 4 dots in each row,Which array shows 5 × 4?
skip-count,default,mcq,rich,24,12,0.17,40,Count by 5s: 5  10  15  __. What comes next?
share-division,whichStory,mcq,rich,24,22,0.08,20 grapes shared between 5 kids — each g,Which story matches 20 ÷ 5 = 4?
missing-factor,weeksToSave,mcq,rich,24,19,0.13,7 × ___ = 56  so 8 weeks,Omar saves $7 every week and wants $35. Which thinking finds how many weeks Omar needs?
triangle-area-calc,coordinateRightTriangle,geometricConstraintLab,rich,24,17,0.13,6,A right triangle has vertices (-4  -2)  (1  -2)  and (-4  0). What is its area?
area-formula-pick,trapezoid,numeric,rich,24,20,0.08,30,A TRAPEZOID has bases 12 and 2  and height 3. What is its area?
area-formula-pick,cornerCut,numeric,rich,24,21,0.08,42,A 10-by-4 rectangle has a triangular corner cut off (that triangle has base 3 and height 2
area-formula-pick,trapezoidAverage,mcq,rich,24,23,0.08,Averaging gives an effective width betwe,A trapezoid has parallel bases 8 and 3 and height 4. Why does its formula average the two 
area-formula-pick,coordinateRectangle,geometricConstraintLab,rich,24,17,0.13,30,An axis-aligned rectangle has corners (2  2)  (8  2)  and (8  8); the fourth corner is mis
lshape-decompose,boxMinusCorner,numeric,rich,24,23,0.08,63,An L-shaped rug has a 7×9 bounding box with a 4×5 corner missing. What is its area?
lshape-decompose,default,numeric,rich,24,22,0.08,75,An L-shape splits into a 5×4 rectangle and a 3×3 rectangle. What is the total area?
secant-slope,compareIntervals,mcq,rich,24,16,0.17,[4  6],A curve passes through (0  8)  (4  9)  and (7  12). Which interval has the greater average
rate-interpret,negativeMeaning,mcq,rich,24,16,0.08,The water level dropped  on average 6 fe,H(t) is the height of water in a reservoir. The average rate of change over a week is −6 f
rate-interpret,compareSpeeds,mcq,rich,24,18,0.13,Dai's (8 km/h vs 7 km/h),Ben walks 18 km in 3 hours. Dai walks 25 km in 5 hours. Whose average speed is greater?
rate-interpret,default,numeric,rich,24,10,0.17,600,A town's population grows from 800 to 1800 over 4 years. What is the average rate of chang
multiplication-rule,default,mcq,rich,24,23,0.08,0.57 × 0.42,P(bus) = 0.57  P(sport) = 0.55  P(sport | bus) = 0.42. Which product gives P(bus and sport
independence-test,predictVsActual,numeric,rich,24,15,0.17,60,Of 200 students  P(bus) = 0.5 and P(sport) = 0.8. The table shows 70 students who do both.
independence-test,bucketTest,dragBucket,rich,24,24,0.04,{ P(A) = 0.4 · P(B) = 0.5 · cell = 20 : ,Each table has 100 people. Does the product test pass?
composite-tri,wallsPlusRoof,numeric,rich,24,21,0.08,63,A hut has rectangular walls 7 wide and 6 tall  with a triangular roof of base 7 and height
composite-multi,threeRects,numeric,rich,24,19,0.13,74,A floor plan has three rectangular sections: 3×4  3×5  and 7×5. What is the total area?
composite-multi,fourPieces,numeric,rich,24,22,0.08,71,A floor plan has a 10×4 rectangle and a 4×6 rectangle (both added)  a triangular nook adde
step-function,jumpDescribe,mcq,rich,24,16,0.13,The cost jumps from $10 to $13 — no pric,With C(w) = $9 for w ≤ 1  $12 for 1 < w ≤ 2  and $15 for 2 < w ≤ 3  what happens to C(w) a
combined-shift,whichRule,mcq,rich,24,24,0.04,y = |x + 4| + 7,Which rule moves y = |x| LEFT 4 and UP 7?
combined-shift,default,numeric,rich,24,16,0.17,-11,What is the minimum output of y = (x − 8)² + 6?
add-like-denom,diagnoseError,mcq,rich,24,17,0.13,Priya added the denominators too — they ,Maya adds 1/5 + 2/5 and writes 3/10. What went wrong?
subtract-like-denom,diagnoseError,mcq,rich,24,17,0.13,Priya subtracted the denominators too — ,Nina subtracts 8/11 − 2/11 and writes 6/0. What went wrong?
box-surface-area,roomPaint,numeric,rich,24,24,0.04,83,A room is 7 long  5 wide  and 2 high. You paint the four walls and the ceiling  but not th
box-surface-area,default,numeric,rich,24,18,0.13,214,Find the surface area of a 3×5×6 box.
box-volume,dimensionsMcq,mcq,rich,24,20,0.17,24 cubic units,A box is 2 units long  5 units wide  and 4 units tall. What is its volume?
box-volume,layersMcq,mcq,rich,24,19,0.13,24 cubic units,A prism has 12 cubes in each layer and is 4 layers tall. What is its volume?
box-volume,composite,numeric,rich,24,22,0.13,36,A composite solid has one part with volume 12 cubic units and a second 3×3×1 box. What is 
box-volume,compositeMcq,mcq,rich,24,23,0.08,57 cubic units,A composite solid splits into a 3×2×2 box and a 4×2×3 box. What is the total volume?
box-volume,missingHeight,numeric,rich,24,9,0.17,6,A storage bin holds 90 cubic units. Its base is 3 by 5. How tall is it?
line-of-fit,default,affineRelationshipLab,rich,24,15,0.13,-11,A line of best fit is y = −7x + 20. What is its slope?
two-way-table,grandTotal,conditionalTableLab,rich,24,18,0.17,71,A survey table's four cells are 17  21  7  and 26. What is the grand total surveyed?
two-way-table,cellMeaning,conditionalTableLab,rich,24,14,0.13,18,In the table  the 'student' row meets the 'walk' column at 12. What does that 12 mean?
two-way-table,columnTotal,conditionalTableLab,rich,24,17,0.13,38,In the table  cat was chosen by 12 adults and 28 childs. What is the cat column total?
two-way-table,default,conditionalTableLab,rich,24,21,0.08,32,In the table  students chose 19 bus and 30 walk. How many students were surveyed in total?
set-ops,sortCards,dragBucket,rich,24,24,0.04,{ 1 : In neither   6 : In neither   15 :,Sort each card by where it sits for A = multiple of 5  B = greater than 18.
hop-multiply,turnAround,numeric,rich,24,15,0.13,18,A kangaroo hops by 9s from 0 up to 45 (that's 5 hops). Then it turns around and makes 3 ho
hop-multiply,default,mcq,rich,24,19,0.13,4 × 7,A number line shows a frog making 4 hops of 6  starting at 0. Which multiplication matches
identity-zero,stickerStory,mcq,rich,24,9,0.21,6 × 1 = 6,A machine gives 1 stamp per token. Ravi puts in 11 tokens. Which fact counts the stamps?
unknown-letter,howToCheck,mcq,rich,24,16,0.13,Swap the 9 back in: does 8 × 9 = 72?,Zoe solves 5 × m = 30 and gets m = 6. What is the best way to CHECK?
unknown-letter,testAddSolution,mcq,rich,24,24,0.04,No — 7 + 3 = 10  not 11,Is x = 7 a solution of x + 3 = 11?
unknown-letter,equationVsExpression,mcq,rich,24,23,0.08,7x + 4 = 39,Which choice is an equation rather than only an expression?
unknown-letter,checkAddSolution,mcq,rich,24,21,0.08,Substitute 8: verify 8 + 9 = 17,You solved x + 4 = 11 and got x = 7. How do you check it?
parity,pointsBonus,numeric,rich,24,21,0.08,33,A game gives 4 points per level for 5 levels  plus a 5-point finish bonus. What is the tot
reasonableness,quickEstimate,mcq,rich,24,13,0.21,A bit less than 80 — think 4 × 20,Sam buys 8 packs of 29 cards. Which quick estimate tells Sam about how many cards to expec
reasonableness,rebuildTest,mcq,rich,24,19,0.13,It fits: 4 × 5 = 20  plus 1 leftover mak,27 riders take boats that hold 5 each. Jonah says:  5 full boats  with 2 riders left over.
reasonableness,default,mcq,rich,24,16,0.13,40 is bigger than all 35 kids — a share ,Nia computes:  21 kids share 3 buses equally — that's 24 kids per bus.  Without redoing it
round-ten,whatItMeans,mcq,rich,24,21,0.08,70 is the ten closest to 72,Rounding 72 to the nearest ten gives 70. What does that mean?
round-hundred,roundThenAdd,numeric,rich,24,12,0.21,1100,Round 796 to its nearest hundred  round 127 to its nearest hundred  then add the two round
round-hundred,default,mcq,rich,24,22,0.08,The tens digit (5) — it says which half ,Rounding 834 to the nearest hundred — which digit decides the answer?
round-half,sumWithTie,numeric,rich,24,11,0.21,70,Round 15 to its nearest ten (remember the halfway rule)  round 54 to its nearest ten  then
round-half,default,mcq,rich,24,24,0.04,46 has a closer neighbour; 75 is the sam,Why do we need a special RULE for 75  but not for 46?
build-fraction,whichSum,mcq,rich,24,10,0.17,1/4 + 1/4 + 1/4,Which sum builds 3/4?
compare-same-denom,whyNumerators,mcq,rich,24,18,0.13,Both count the same-size pieces  and 7 p,Why does 7/10 exceed 6/10?
compare-same-num,rankThree,mcq,rich,24,22,0.08,3/4 > 3/8 > 3/11,Rank these  biggest first: 4/5  4/7  4/9.
time-relative,quarterTo,mcq,rich,24,10,0.21,Yes — quarter TO means 15 minutes before,Nour says  quarter to 8  means 7:45   because a quarter-hour is 15 minutes.  Is Nour right
time-relative,default,mcq,rich,24,20,0.13,twenty to twelve,Which is another name for 2:55?
read-clock,hourBetween,mcq,rich,24,9,0.21,Halfway between the 10 and the 11,At 2:30  where is the HOUR hand?
read-clock,readHands,mcq,rich,24,22,0.08,8:30 — short hand gives the hour; the 6-,A clock shows the SHORT hand just past 11 and the LONG hand on 10. What time is it?
elapsed-time,bridgeMethod,mcq,rich,24,22,0.08,Hop 25 minutes to 5:00  then 15 more — 4,What is the fastest RELIABLE way to count from 2:40 to 3:15?
elapsed-time,twoPartEnd,clockSet,rich,24,19,0.08,{ hour :4  minute :15},Maya starts at 7:45. Reading takes 10 minutes  then math takes 25 more. Set the clock to s
sorting-rules,outsideOverlap,mcq,rich,24,22,0.08,A 9-by-6 rectangle,The overlap requires both “all sides equal” and “has a right angle.” Which figure stays ou
place-value,composeNumber,numeric,rich,24,24,0.04,399,What number has 3 hundreds  9 tens  and 9 ones?
expanded-form,addTensExpanded,numeric,rich,24,23,0.08,879,427 + 10 = ? Use expanded form to change only the tens value.
expanded-form,default,mcq,rich,24,24,0.04,600 + 20 + 4,Which expanded form represents 624?
compare-numbers,smallestWithZero,numeric,rich,24,20,0.08,203,Using the digits 2  0  and 3 exactly once  what is the smallest 3-digit number you can bui
compare-numbers,scoreChain,numeric,rich,24,24,0.04,582,Mia scores 472. Leo scores 10 more  and Nia scores 100 more than Leo. What is Nia's score?
compare-numbers,default,mcq,rich,24,24,0.04,604; it has 6 hundreds while 595 has onl,Which is larger  595 or 604  and what is the fastest way to know?
mental-add,addByJumps,numeric,rich,24,23,0.08,565,Use friendly jumps to find 470 + 38.
mental-add,default,mcq,rich,24,23,0.08,Add 85 to land on 500,You are adding 442 + 81 with friendly jumps. What is the smartest first hop?
regroup-sub,columnBorrow,columnCalc,rich,24,18,0.08,28,45 − 39 = ? Work right to left and regroup when the ones cannot subtract.
regroup-sub,threeDigitSubtract,numeric,rich,24,23,0.08,166,503 − 237 = ?
regroup-sub,chairsReturn,numeric,rich,24,24,0.04,474,A school has 659 chairs. 216 go to the gym  then 31 come back. How many chairs are outside
estimate-check,correctDifference,numeric,rich,24,24,0.04,574,A learner computes 856 − 282 and claims 594. Enter the correct difference.
estimate-check,default,mcq,rich,24,23,0.08,A positive subtraction result cannot exc,A learner writes 530 − 385 = 622. What catches the error immediately?
mult-tens,tensProductA,numeric,rich,24,21,0.08,450,9 × 50 = ?
zero-pattern,default,mcq,rich,24,19,0.13,500 is 5 hundreds  and 6 × 5 makes 30 hu,Why does 6 × 500 = 3000 end in two zeros?
tens-problems,badTicketClaim,mcq,rich,24,17,0.17,The known fact 3 × 5 gives 15 tens  or $,Tickets cost $60 each. A learner says 8 tickets cost $260. What does one glance show?
line-plot,fractionTotal,numeric,rich,24,14,0.17,13,A line plot shows 1/4 ft (5 X's)  1/2 ft (1 X)  3/4 ft (3 X's)  1 ft (4 X's). How many mea
line-plot,atOrAbove,numeric,rich,24,9,0.25,7,A line plot shows 1/4 ft (2 X's)  1/2 ft (3 X's)  3/4 ft (2 X's)  1 ft (1 X). How many mea
line-plot,ddDotTotal,numeric,rich,24,13,0.17,17,A dot plot shows 9 (3 dots)  14 (1 dot)  19 (1 dot)  24 (5 dots). How many observations ar
line-plot,ddDotDataSet,mcq,rich,24,24,0.04,6  11  11  11  16  16  16  21  21,A dot plot shows 6 (1 dot)  11 (3 dots)  16 (3 dots)  21 (2 dots). Which data set does it 
line-plot,ddDotMissingValue,mcq,rich,24,17,0.13,No observation in the data set equals 15,A dot plot of quiz scores has no dots above 15. What does that mean?
line-plot,ddDotMoreThan,numeric,rich,24,9,0.17,4,A dot plot shows 7 (2 dots)  12 (5 dots)  17 (4 dots)  22 (1 dot). How many observations a
line-plot,default,mcq,rich,24,11,0.17,3 inches,A line plot has 7 X's at 5  2 X's at 5½  and 4 X's at 6. Which length is most common?
area-multiply,turned,mcq,rich,24,20,0.13,24 square units,A 3-by-8 rectangle has area 24. What is the area of the same rectangle turned to be 8-by-3
area-multiply,coverChoice,mcq,rich,24,21,0.08,8 × 5 = 40,A rectangular floor has 2 rows with 7 square tiles in each row. Which calculation finds ho
area-multiply,default,mcq,rich,24,15,0.17,21 square units,A 5-by-7 rectangle has area 35. What is the area of the same rectangle turned to be 7-by-5
area-distributive,splitProduct,numeric,rich,24,15,0.13,56,Break a 9-by-6 rectangle into 9-by-3 and 9-by-3 rectangles. What is the total area?
mult-meaning,sheetsMinus,numeric,rich,24,17,0.13,21,A sticker sheet holds 4 stickers. Tom fills 4 sheets  then gives 3 stickers away. How many
mult-meaning,equalGroupsStory,numeric,rich,24,15,0.17,24,A basket holds 4 oranges. You fill 3 full baskets. How many oranges are there altogether?
mult-meaning,default,mcq,rich,24,17,0.17,4 bags with 8 apples in each,Which picture matches 6 × 7?
times-2,default,mcq,rich,24,10,0.17,8 + 8,Which is the same as 8 × 2?
commutativity,packsPlus,numeric,rich,24,18,0.08,28,Sam knows 5 × 4 = 20. There are 4 packs of 5 stickers  plus 6 loose stickers. How many sti
commutativity,default,mcq,rich,24,15,0.13,5 × 4,Which fact always has the SAME total as 4 × 5?
distributive,missingPiece,mcq,rich,24,15,0.13,6 × 4,A garden has 6 rows of 9 plants. One count uses 6 × 5 plus one more piece. Which piece com
distributive,variableEquivalent,mcq,rich,24,16,0.17,3n + 24,Which expression equals 4(n + 8)?
distributive,factorError,mcq,rich,24,20,0.13,The second product becomes 40  not 35,A student writes 20 + 35 = 5 × (4 + 8). What goes wrong when the right side is expanded?
op-choice,equalGroupsFact,mcq,rich,24,18,0.13,3 × 4,Each of 5 kids brings 7 juice boxes. Which fact finds the total number of juice boxes?
op-choice,splitFact,mcq,rich,24,19,0.08,10 ÷ 2,A rope 10 metres long is cut into 2 equal pieces. Which fact finds each piece's length?
op-choice,soldFromGroups,numeric,rich,24,20,0.08,8,A florist has 7 buckets with 4 roses in each bucket. 3 roses are sold. How many roses are 
unknown-position,totalUnknown,mcq,rich,24,20,0.13,3 shelves with 4 trophies each — how man,Which story has the TOTAL as its unknown?
unknown-position,goodPerGroup,numeric,rich,24,11,0.21,6,A hall has 35 chairs arranged in 5 equal rows. In each row  4 chairs are broken. How many 
addition-patterns,additionTableWalk,numeric,rich,24,15,0.17,17,Sam stands on the addition-table cell where the row is 6 and the column is 8. Sam walks 3 
g7-read-scale,default,numeric,rich,24,15,0.13,30,At the scale 1 cm = 2 m  a garden path measures 4 cm in the drawing. How long is the real 
g7-circumference,circFormulaWhy,mcq,rich,24,13,0.17,π × 14 = 2π × 7 because 14 = 2 × 7,A circle has radius 7 and diameter 14. Which statement proves that C = πd and C = 2πr agre
g7-triangle-inequality,ruleApplied,mcq,rich,24,23,0.08,2 + 8 must be greater than 10,For side lengths 2  8  and 10  with 10 the longest  which exact comparison decides whether
g7-triangle-inequality,default,mcq,rich,24,21,0.08,No — 8 + 9 only equals 17  so the sides ,Can the lengths 5  6  and 11 form a triangle?
pr-unit-rate-g7,rrCheaperStore,proportionalReasoningLab,rich,24,15,0.13,45,Store A sells 3 pounds for $6; Store B sells 2 pounds for $6. Buying 7 pounds at the cheap
pr-constant-k-g7,rrEquivalentWhich,mcq,rich,24,20,0.13,12 : 15,Which ratio is equivalent to 4 : 5?
pr-constant-k-g7,rrNotEquivalent,mcq,rich,24,21,0.13,12 : 16 and 21 : 30,Which pair of ratios is NOT equivalent?
pr-constant-k-g7,rrWrongRow,mcq,rich,24,18,0.13,8 : 12,A table for 4 : 5 contains 16 : 20  16 : 21  and 20 : 25. Which row is WRONG?
pr-constant-k-g7,rrSameRelationship,mcq,rich,24,15,0.17,16 : 24,Which pair keeps the SAME relationship as 6 : 9?
g7-signed-addition,sameNeg,numeric,rich,24,20,0.08,-14,−8 + (−9) = ?
g7-signed-addition,sameChallenge,numeric,rich,24,23,0.08,-29,−11 + (−18) = ?
g7-signed-addition,mixedSameNeg,numeric,rich,24,20,0.08,-15,−9 + (−6) = ?
g7-signed-addition,default,numeric,rich,24,19,0.08,-10,−6 + (−10) = ?
g7-signed-multiply-divide,mulSameLarge,numeric,rich,24,21,0.08,18,−5 × (−4) = ?
g7-signed-multiply-divide,tripleOdd,numeric,rich,24,21,0.08,-360,−4 × (−7) × (−3) = ?
g7-signed-multiply-divide,divSameLarge,numeric,rich,24,13,0.17,4,−16 ÷ (−2) = ?
g7-signed-multiply-divide,divDiffLarge,numeric,rich,24,15,0.21,-4,8 ÷ (−2) = ?
g7-signed-multiply-divide,mixedTripleOdd,numeric,rich,24,22,0.08,-120,−2 × (−3) × (−3) = ?
g7-signed-decimal-add,default,numeric,rich,24,24,0.04,-7.7,−5.8 + (−1.9) = ?
g7-mixed-rational,account,exactNumberLab,rich,24,24,0.04,-21,An account is overdrawn by $23.97. Then a $2.97 fee is reversed and credited back. Compute
g7-mixed-rational,hiker,exactNumberLab,rich,24,22,0.08,-6.4,A hiker is 8.3 miles behind base camp  represented by −8.3. The hiker moves 2.2 miles clos
g7-mixed-rational,default,mcq,rich,24,18,0.13,−1/12,−2/4 × 1/6 = ?
g7-tse-inequality-build,graphDescription,mcq,rich,24,11,0.17,Closed circle at 4  arrow left,Graphing x ≤ -4  what kind of circle goes at -4  and which way does the arrow point?
g7-sp-sample-estimate,spEstimateStore,numeric,rich,24,24,0.04,216,In a representative sample of 48 store shoppers  12 use reusable bags. If there are 864 sh
g7-sp-sample-estimate,spEstimateFactory,numeric,rich,24,23,0.08,1160,In a representative sample of 80 batteries tested for quality control  8 fail early. If th
g7-sp-sample-estimate,spEstimateEvent,numeric,rich,24,24,0.04,440,In a representative sample of 60 event attendees  20 buy a souvenir shirt. If there are 13
g7-sp-sample-estimate,default,numeric,rich,24,21,0.08,120,In a representative sample of 20 town residents  10 own a bicycle. If there are 100 people
g7-sp-sample-reliability,spReliabilityCommute,mcq,rich,24,16,0.17,A random sample of 230 residents,Which random sample is likely to give the more reliable estimate of a city's average commu
g7-sp-sample-reliability,spReliabilityCluster,mcq,rich,24,19,0.13,The population rate is likely close to 5,Five independent random samples of 80 customers estimate a membership rate at 56%  57%  58
g7-complementary,angleSort,dragBucket,rich,24,24,0.04,{ 15° and 75° : Complementary (sum 90°) ,Sort each angle pair by the total it forms.
g7-complementary,noAngleComplement,mcq,rich,24,21,0.08,Complementary pairs total 90°  and 111° ,Why can an angle of 118° have no positive complement?
g8-esn-root-context,esnRootEquation,mcq,rich,24,9,0.17,e = ∛64,A cube-shaped tank has volume 27 cubic meters. Which equation finds its edge length e?
g8-esn-compare,esnCompareSame,mcq,rich,24,22,0.08,5.2 × 10⁷,Which is bigger: 2.4 × 10⁴ or 2.8 × 10⁴?
g8-esn-context-compute,esnContextSubtract,buildExpression,rich,24,24,0.04,[ 5.8   ×   10⁵ ],A reservoir holds 6 × 10⁵ gallons and loses 2 × 10⁴ gallons. How much remains?
g8-rns-decimal-classify,rnsSortFractions,dragBucket,rich,24,24,0.04,{ 13/40 : Terminates   4/9 : Repeats   5,Sort each fraction: does its decimal terminate or repeat?
g8-rns-root-classify,rnsClassifyMixed,dragBucket,rich,24,24,0.04,{ 11/6 : Rational   √49 : Rational   0.2,Sort each number as rational or irrational.
g8-rns-root-classify,default,mcq,rich,24,13,0.17,√289,Which of these square-root expressions is rational?
g8-rns-root-estimate,rnsBoundsB,numeric,rich,24,13,0.17,11,Between which two consecutive whole numbers does √27 lie? Enter the smaller whole number.
g8-rns-root-estimate,rnsCloserInteger,mcq,rich,24,21,0.08,7  because √46 ≈ 6.782,√15 is closer to which whole number?
g8-tm-triangle-exterior,tmExteriorRemote,numeric,rich,24,21,0.08,98,A triangle's two remote interior angles are 30° and 51°. What is the exterior angle?
g8-tm-triangle-exterior,tmExteriorThird,numeric,rich,24,21,0.08,158,A triangle has interior angles 46° and 41°. What is the exterior angle at the third vertex
g8-tm-triangle-exterior,default,numeric,rich,24,22,0.08,82,A triangle's two remote interior angles are 35° and 47°. What is the exterior angle?
g8-tm-rigid-motion,tmTranslateY,numeric,rich,24,17,0.13,4,Translate (-1  2) right 5 and up 2. What is the new y-coordinate?
g8-tm-rigid-motion,tmTranslateRule,mcq,rich,24,23,0.08,right 6 and up 8,A translation moves (-2  6) to (0  1). What is the slide?
g8-tm-rigid-motion,default,numeric,rich,24,15,0.13,0,Translate (-3  3) right 2 and up 3. What is the new y-coordinate?
g8-tm-angle-angle,tmAAThird,geometricConstraintLab,rich,24,21,0.08,69,Two triangles each contain angles 57° and 87°. What is their third angle?
g8-tm-angle-angle,default,numeric,rich,24,19,0.08,61,Two triangles each contain angles 68° and 40°. What is their third angle?
g8-tm-pythagorean-converse,tmDistanceOffset,numeric,rich,24,11,0.17,39,What is the distance from (2  0) to (-7  12)?
g8-tm-pythagorean-converse,tmConverseSort,dragBucket,rich,24,24,0.04,{ sides 9-13-15 : Not a right triangle  ,Sort each side-length set by whether it forms a right triangle.
g8-tm-pythagorean-converse,default,mcq,rich,24,13,0.13,Yes — 6² + 8² = 10²,Is a triangle with side lengths 6  8  and 10 a right triangle?
g8-bv-scatter-basics,bvScatterPair,mcq,rich,24,23,0.08,7 miles  4 hundreds of calories,On a scatter plot with x = hours studied and y = problems solved  a dot is at (4  5). What
g8-bv-scatter-basics,bvScatterCount,mcq,rich,24,23,0.08,9 — one dot per plant,A scatter plot records two measurements for each of 9 plants. How many dots should appear?
g8-bv-scatter-basics,bvScatterPlot,plotPoint,rich,24,19,0.13,[{ x :5  y :2}],On a scatter plot with x = hours studied and y = problems solved  plot the point (5  6).
g8-bv-scatter-basics,default,mcq,rich,24,24,0.04,5 miles  3 hundreds of calories,On a scatter plot with x = miles ridden and y = hundreds of calories burned  a dot is at (
g8-bv-interpret,bvInterpretInterceptA,mcq,rich,24,23,0.08,The flat pickup fee before traveling is ,A phone plan is modeled by y = 4x + 22  where x is gigabytes and y is dollars. What does t
g8-bv-interpret,bvInterpretSlope,mcq,rich,24,19,0.08,each mile adds 6 dollars,A savings account is modeled by y = 8x + 31  where x is weeks and y is dollars. What does 
g8-bv-interpret,bvInterpretInterceptB,mcq,rich,24,24,0.04,The flat pickup fee before traveling is ,A taxi fare is modeled by y = 3x + 5  where x is miles and y is dollars. At x = 0  what do
g8-bv-interpret,bvInterpretSort,dragBucket,rich,24,24,0.04,{ each ticket adds 5 dollars : Slope (5),For a fundraiser total modeled by y = 5x + 25 (x = tickets sold  y = dollars)  sort each p
g8-bv-interpret,default,mcq,rich,24,24,0.04,The donation received before ticket sale,A fundraiser total is modeled by y = 3x + 26  where x is tickets sold and y is dollars. Wh
g8-bv-prediction-limits,bvLimitTrust,mcq,rich,24,11,0.17,x = 11,A line is fit to data from x = 1 through x = 7. Which prediction is most trustworthy?
g8-bv-prediction-limits,bvLimitSort,dragBucket,rich,24,24,0.04,{ predict at x = 6 : Inside data range  ,A line is fit to data from x = 4 through x = 13. Sort each proposed prediction.
g8-bv-relative-frequency,bvRelAllB,conditionalTableLab,rich,24,12,0.13,24,A two-way table contains 50 people surveyed. The cell for adults who prefer cats contains 
g8-bv-categorical-association,bvCatAssociation,mcq,rich,24,24,0.04,Yes — the 73% and 26% rates differ sharp,Among the groups  73% of bus riders but only 26% of walkers arrived on time. Are group mem
g8-bv-categorical-association,bvCatConclusion,mcq,rich,24,19,0.08,The variables are associated because the,83% of athletes ate breakfast  compared with 34% of non-athletes. What do the rates show?
g8-bv-categorical-association,default,mcq,rich,24,24,0.04,Yes — the 67% and 24% rates differ sharp,Among the groups  67% of athletes but only 24% of non-athletes ate breakfast. Are group me
g8-les-isolate-variable,lesIsolateA,numeric,rich,24,9,0.21,3,Solve for x: 6x + 6 = 4x + 14
g8-les-isolate-variable,lesIsolateB,numeric,rich,24,10,0.25,4,Solve for x: 8x + 6 = 6x + 14
g8-les-isolate-variable,lesIsolateC,numeric,rich,24,9,0.17,4,Solve for x: 9x − 4 = 7x + 6
g8-les-distribute-solve,lesExpand,mcq,rich,24,21,0.08,4x + 8,Which is the correct expansion of 4(x + 2)?
g8-les-distribute-solve,default,mcq,rich,24,21,0.08,2x − 8,Which is the correct expansion of 2(x − 4)?
g8-les-solution-count,lesNoChoose,mcq,rich,24,23,0.08,5x + 3 = 5x + 8,Which equation has NO solution?
g8-les-solution-count,lesNoBlank,mcq,rich,24,10,0.17,Any number except 3,Which value of □ makes 2x + 9 = 2x + □ have NO solution?
g8-les-solution-count,lesInfiniteChoose,mcq,rich,24,20,0.08,4(x + 5) = 4x + 20,Which equation has INFINITELY many solutions?
g8-les-system-meaning,lesPointSolveA,mcq,rich,24,19,0.13,(7  8),Which point solves the system y = x + 1 and y = 2x?
g8-les-system-meaning,lesIntersectionMeaning,mcq,rich,24,10,0.17,Its coordinates make both equations true,Where should you look for the solution of a graphed two-line system?
g8-les-system-meaning,lesPointSolveChallenge,mcq,rich,24,22,0.08,(10  11),Which point solves the system y = -2x − 4 and y = −x − 1?
g8-les-system-graphing,lesGraphXSigned,numeric,rich,24,15,0.13,5,Where do y = −x − 1 and y = x + 5 intersect? Give the x-coordinate.
g8-les-system-graphing,lesGraphYChallenge,numeric,rich,24,17,0.13,-4,Where do y = -2x − 6 and y = 2x − 2 intersect? Give the y-coordinate.
g8-les-substitution-method,lesSubstituteA,numeric,rich,24,13,0.17,7,Solve the system y = x + 1 and x + y = 7. What is x?
g8-fn-function-definition,fgChooseFunction,mcq,rich,24,12,0.17,12→15; 13→15; 14→18,Which relation is a function?
g8-fn-function-definition,fgFunctionRepeatedInput,mcq,rich,24,15,0.13,No — input 3 has two different outputs,A relation records 3→6; 4→7; 3→8. Is this relation a function?
g8-fn-function-definition,fgFunctionTableRepeated,mcq,rich,24,15,0.17,No — input 9 has two different outputs,A function table records 4→3; 5→4; 4→6. Is this relation a function?
g8-fn-rate-of-change,fgRatePositive,numeric,rich,24,12,0.13,4,As x goes from 3 to 5  y goes from 32 to 40. What is the rate of change Δy/Δx?
g8-fn-rate-of-change,fgRateWide,numeric,rich,24,11,0.17,14,As x goes from 1 to 6  y goes from 25 to 40. What is the rate of change Δy/Δx?
g8-fn-rate-of-change,fgRateNegative,numeric,rich,24,11,0.17,-4,As x goes from 2 to 5  y goes from 29 to 20. What is the rate of change Δy/Δx?
g8-fn-rate-of-change,fgRateContext,numeric,rich,24,11,0.17,-11,A tank contains 18 liters at 1 minute and 14 liters at 3 minutes. What is its rate of chan
g8-fn-rate-of-change,default,numeric,rich,24,11,0.13,3,As x goes from 1 to 4  y goes from 31 to 40. What is the rate of change Δy/Δx?
g8-fn-constant-slope,fgSlopeSigned,numeric,rich,24,10,0.25,-12,Find the slope of the line through (-3  5) and (-1  -1).
g8-fn-initial-value,fgInitialEquation,mcq,rich,24,23,0.08,y = 4x + 2,A linear function has slope 4 and initial value 2. Which equation represents it?
g8-fn-initial-value,fgInitialEquationTwoPoints,mcq,rich,24,24,0.04,y = 2x + 4,A line passes through (0  4) and (3  10). Which equation represents the line?
g8-fn-same-function-forms,fgFormsOddOne,mcq,rich,24,23,0.08,Equation y = 3x + 5,Three choices describe the same function as y = 3x + 4. Which choice is the odd one out?
g8-fn-compare-context,fgCompareBreakEven,affineRelationshipLab,rich,24,17,0.13,7,Plan A follows y = 6x + 9  and Plan B follows y = 3x + 30  where x is months. After how ma
g8-fn-compare-context,default,mcq,rich,24,15,0.13,Plan A  at $2 per month,Plan A charges $31 to join and $2 per month. Plan B charges $22 to join and $3 per month. 
g8-fn-linear-nonlinear,fgLinearTableLinear,mcq,rich,24,15,0.08,Linear — every output difference is 3,A table gives outputs 8  11  14  17 for inputs 0  1  2  3. Linear or nonlinear?
g8-fn-linear-nonlinear,fgLinearEquationNonlinear,mcq,rich,24,14,0.17,y = x³ − 17,Which equation represents a nonlinear function?
g8-fn-linear-nonlinear,fgLinearSort,dragBucket,rich,24,24,0.04,{ outputs 8 → 13 → 18 → 23 : Linear   ou,Sort each output sequence by whether its successive differences are constant.
g8-fn-graph-stories,fgStoryAccelerateSteady,graphStoryLab,rich,24,10,0.17,{ segmentIds :[ b2   b1 ]},A scooter speeds up from rest  then continues at a steady speed. Which distance-versus-tim
g8-fn-graph-stories,fgStorySteadyStop,graphStoryLab,rich,24,12,0.13,{ segmentIds :[ b2   b3 ]},A child on a scooter moves away from the start at a steady pace  then stops to wait. Which
g8-fn-graph-stories,fgStoryFastStopSlow,graphStoryLab,rich,24,14,0.13,{ segmentIds :[ b3   b0   b1 ]},A cyclist travels fast  stops briefly  then continues slowly. Which distance-versus-time s
g0-counting,countAddMcq,mcq,rich,24,10,0.17,9,There are 3 birds on a fence and 2 birds more land. How many birds are there now?
g0-counting,countTensMcq,mcq,rich,24,13,0.17,50  60  70,Counting 5  6  7 helps you name which tens?
g0-counting,countDecomposeMcq,mcq,rich,24,16,0.13,1,Which pair is NOT a split of 6?
g0-counting,countMakeTenMcq,mcq,rich,24,11,0.13,0 and 10,Which pair makes exactly 10?
g0-counting,countOrderDrag,dragOrder,rich,24,24,0.04,[ 1   2   3 ],Drag the numbers into counting order  smallest first.
g0-counting,countReadMcq,mcq,rich,24,10,0.21,2,A group shows 2 dots. Which numeral names that amount?
g0-counting,default,mcq,rich,24,9,0.21,9,There are 5 birds on a fence and 5 birds more land. How many birds are there now?
g0-shapes-sorting,shapeComposePairs,matchPairs,rich,24,21,0.08,{ two squares side by side : a rectangle,Match each group of pieces to the whole shape those pieces can build.
g0-shapes-sorting,default,matchPairs,rich,24,22,0.13,{ two triangles : a square   two half-ci,Match each group of pieces to the whole shape those pieces can build.
k0-count-100,kSeqNextMcq,mcq,rich,24,19,0.08,49,What number comes right after 25?
k0-count-100,kSeqMissingMcq,mcq,rich,24,18,0.17,47,Fill the missing number: 44  45  __  47.
k0-count-100,kChartRowMcq,mcq,rich,24,20,0.08,21,On the hundred chart  what number sits directly BELOW 15?
k0-count-100,kChartMissingMcq,mcq,rich,24,18,0.08,26,A chart row reads 24  25  __  27. What is missing?
k0-count-100,kCountFromHop,numberLineHop,rich,24,22,0.08,19,Start at 12 and count on 6. Tap where you land.
k0-count-100,kSeqOrderDrag,dragOrder,rich,24,22,0.08,[ 44   45   46   47   48 ],Drag the numbers into counting order  smallest first.
g1-data,GdNotCategoryNumeric,numeric,rich,24,9,0.21,6,11 answers were sorted: Dogs 5  Frogs 0  Fish 6. How many are NOT Dogs?
g1-data,default,numeric,rich,24,11,0.17,15,Votes: Dogs 2  Frogs 0  Fish 6. How many votes in all?
g1-add-subtract,CompareMcq,mcq,rich,24,15,0.13,9 − 7 = ?,9 birds and 5 squirrels. Which equation finds how many more birds there are?
g1-add-subtract,CountBackMcq,mcq,rich,24,9,0.21,6,To count back 4 from 6  where does the first hop land?
g1-add-subtract,CountingOnMcq,mcq,rich,24,12,0.17,Start at 10 and count on 2,What is the fast way to add 6 + 1?
g1-add-subtract,DifferenceMcq,mcq,rich,24,18,0.17,12 − 8,How do you find how many more 6 is than 4?
g1-add-subtract,MakeTenFirstMcq,mcq,rich,24,15,0.13,4 and 4,To add 6 + 8 by making ten  how should you split 8?
g1-add-subtract,ResultUnknownMcq,mcq,rich,24,17,0.17,10 + 6 = ?,5 apples are in a basket. 5 more are added. Which equation finds how many apples there are
g1-counting-120,ChartFindMcq,mcq,rich,24,9,0.25,Row 9,Which row of a 1–120 chart contains 101?
g1-counting-120,ChartRowsMcq,mcq,rich,24,10,0.21,80,Which number ends row 8 of a 1–120 chart?
g1-counting-120,CountPileNumeric,numeric,rich,24,9,0.17,5,How many ONES are in 99?
g1-counting-120,CountPileMcq,mcq,rich,24,20,0.13,78,Which is greater: 52 or 53?
g1-counting-120,MixJumpsNumeric,numeric,rich,24,22,0.08,104,Start at 46. Add ten  then add 4. Where do you land?
g1-counting-120,OneMoreLessMcq,mcq,rich,24,24,0.04,104,What is one less than 105?
g1-counting-120,TensOnesMcq,mcq,rich,24,21,0.08,9 tens and 4 ones,What is 81 made of?
g1-tens-ones,TnoDigitValueNumeric,numeric,rich,24,15,0.17,70,In 38  what is the value of the 3?
g2-add-subtract-100,Add2DigitNumeric,numeric,rich,24,23,0.08,89,48 + 23 = ?
g2-add-subtract-100,Add2DigitMcq,mcq,rich,24,23,0.08,50 + 20 and 7 + 2,Which split correctly solves 26 + 11?
g2-add-subtract-100,AddOnesNumeric,numeric,rich,24,20,0.13,81,76 + 5 = ?
g2-add-subtract-100,AddOnesMcq,mcq,rich,24,22,0.08,25,68 + 7 = ?
g2-add-subtract-100,ChooseStepsNumeric,numeric,rich,24,22,0.08,35,Start with 58 pencils. Subtract 25  then add 16. How many pencils now?
g2-add-subtract-100,ChooseStepsMcq,mcq,rich,24,24,0.04,57 − 27 = 30,57 stamps and 27 stamps. Which equation finds how many more the larger collection has?
g2-add-subtract-100,OddEvenMcq,mcq,rich,24,19,0.08,70,Which number is even?
g2-add-subtract-100,Sub2DigitMcq,mcq,rich,24,24,0.04,70 − 30 and 1 − 2,Which split correctly solves 71 − 32?
g2-add-subtract-100,SubOnesMcq,mcq,rich,24,19,0.13,30,48 − 7 = ?
g2-add-subtract-100,TwoStepTradeNumeric,numeric,rich,24,19,0.08,56,Start with 79 stickers. Subtract 29  then add 22. How many stickers now?
g2-add-subtract-100,default,numeric,rich,24,19,0.13,68,21 + 20 = ?
g2-place-value-1000,Pv1000AddByPlaceNumeric,numeric,rich,24,23,0.08,455,312 + 212 = ?
g2-place-value-1000,Pv1000AddTradeNumeric,numeric,rich,24,24,0.04,628,355 + 273 = ?
g2-place-value-1000,Pv1000BuildNumberNumeric,numeric,rich,24,24,0.04,413,What number has 4 hundreds  1 ten  and 3 ones?
g2-place-value-1000,Pv1000DigitWorthNumeric,numeric,rich,24,16,0.13,300,In 874  what is the value of the 4 in the ones place?
g2-place-value-1000,Pv1000MixedNumeric,numeric,rich,24,23,0.08,70,In 995  what is the value of the 9 in the hundreds place?
g2-place-value-1000,Pv1000ReadWordsNumeric,numeric,rich,24,24,0.04,495,What number is “four hundred ninety five”?
g2-place-value-1000,Pv1000RealworldNumeric,numeric,rich,24,24,0.04,103,316 − 213 = ?
g2-place-value-1000,Pv1000SubtractByPlaceNumeric,numeric,rich,24,24,0.04,334,546 − 212 = ?
g2-place-value-1000,Pv1000SubtractTradeNumeric,numeric,rich,24,24,0.04,566,862 − 296 = ?
g2-place-value-1000,Pv1000WriteWordsBuildExpression,buildExpression,rich,24,23,0.08,[ eight   hundred   three ],Build 489 in word form from the tiles.
g2-place-value-1000,default,numeric,rich,24,23,0.08,463,411 + 111 = ?
g4-fractions,faEquivalenceRuleNumeric,numeric,rich,24,14,0.17,6,8/10 was made by scaling a fraction by 2. What was the original numerator?
g4-fractions,faBenchmarkOrderMcq,mcq,rich,24,21,0.08,9/16,Order 3/10  4/10  8/10 from least to greatest. Which fraction is in the middle?
g4-fractions,faLikeDenomWordMcq,mcq,rich,24,9,0.21,It stays 12 because the part size does n,When adding 3/5 and 3/5  what happens to the denominator?
g4-fractions,faMixedToImproperNumeric,numeric,rich,24,20,0.08,20,Convert 3 2/6 to an improper fraction. What is the numerator?
g4-fractions,faMixedAddSubMixed,mixedRegroup,rich,24,22,0.08,{ whole :1  num :2  complete :true},Subtract 5 1/5 − 0 4/5. Break one whole into 5/5 before subtracting the parts.
g4-fractions,faMixedAddSubNumeric,numeric,rich,24,10,0.25,0,Add 3 3/5 + 2 2/5. What is the numerator of the fractional part in the mixed-number answer
g4-fractions,faWholeTimesFractionMcq,mcq,rich,24,24,0.04,(6 × 5)/6,Which expression correctly finds 6 × 5/6?
g4-fractions,faWholeTimesFractionWordNumeric,numeric,rich,24,15,0.17,9,7 identical recipes each use 2/5 cup of oats. The total is 14/5 cups before regrouping. Wh
g4-decimals,dReadDecimalMcq,mcq,rich,24,15,0.25,7 hundredths,How is the decimal 0.01 read as a number name?
g4-decimals,dDecimalToFractionMcq,mcq,rich,24,19,0.08,90/100,Which fraction names the same amount as 0.90?
g4-decimals,dOrderDrag,dragOrder,rich,24,24,0.04,[ 0.23   0.4   0.7 ],Drag the decimals into order from smallest to greatest.
g4-lines-angles,laReadingFiguresNumeric,numeric,rich,24,17,0.13,87,A figure shows adjacent angles of 51° and 34° sharing one side. What is the measure of the
g4-measure,mcPerimeterFormulaMcq,mcq,rich,24,21,0.08,2 × (7 + 6),Which expression gives the perimeter of a rectangle with length 9 and width 2?
g4-measure,mcProtractorReadingNumeric,numeric,rich,24,22,0.08,94,On a protractor  one ray points to 0° and the other to 25°. What is the angle between them
g4-measure,default,mcq,rich,24,22,0.08,2 × (8 + 5),Which expression gives the perimeter of a rectangle with length 7 and width 5?
g4-multiply,mbTimesAsManyMcq,mcq,rich,24,21,0.08,13 × 2 = ?,Mia has 5 times as many stickers as Leo  who has 9. Which equation finds Mia's stickers?
g4-multiply,mbComparisonEquationsMcq,mcq,rich,24,23,0.08,34 = 2 × 17,Which equation correctly states “48 is 3 times as many as 16”?
g4-multiply,mbMultiplesMcq,mcq,rich,24,14,0.17,56,Which number is a multiple of 7?
g4-multiply,mbAreaModel1DigitMcq,mcq,rich,24,23,0.08,40×2 and 2×2,Which partial products correctly decompose 42 × 2?
g4-multiply,mbAreaModel1DigitNumeric,numeric,rich,24,23,0.08,100,Use an area model to compute 37 × 3. What is the product?
g4-multiply,mbAreaModel2DigitMcq,mcq,rich,24,24,0.04,40×20  40×6  5×20  5×6,Which set contains all four partial products for 45 × 26?
g4-multiply,mbAreaModel2DigitNumeric,numeric,rich,24,24,0.04,638,Use a four-part area model to compute 29 × 22. What is the product?
g4-multiply,mbDivideBigNumeric,numeric,rich,24,23,0.08,45,Compute 150 ÷ 3.
g4-multiply,mbInterpretRemaindersMcq,mcq,rich,24,9,0.33,7,29 students ride in vans holding 7 each. How many vans are needed?
g4-multiply,mbMultiStepNumeric,numeric,rich,24,22,0.08,47,A class buys 3 packs of 12 markers and uses 12. How many markers remain?
g4-multiply,default,mcq,rich,24,19,0.13,12 × 4 = ?,Mia has 4 times as many stickers as Leo  who has 8. Which equation finds Mia's stickers?
g4-place-million,pvPlaceLadderNumeric,numeric,rich,24,16,0.17,50000,In 76 318  what is the value of the digit 7?
g4-place-million,pvTenTimesNumeric,numeric,rich,24,24,0.04,760,What number is 10 times 76?
g4-place-million,pvNumberFormsMcq,mcq,rich,24,24,0.04,9×10 000 + 7×100,Which expanded form matches 90 700?
g4-place-million,pvNumberFormsNumeric,numeric,rich,24,24,0.04,5095,Write 5×1 000 + 9×10 + 5 in standard form.
g4-place-million,pvReadingBigNumeric,numeric,rich,24,9,0.17,7,Read 7 738 by place value. What digit begins the thousands period?
g4-place-million,pvRoundingNumeric,placeValueTransformLab,rich,24,24,0.04,900,Round 889 to the nearest 100.
g4-place-million,pvFrontEndNumeric,numeric,rich,24,22,0.08,1320000,Use front-end estimation at the 1 000 place for 15 710 + 20 443. What estimate do the lead
g4-place-million,pvAddColumn,columnCalc,rich,24,24,0.04,12413,Add 9 140 + 3 273 using the column algorithm and commit every carry.
g4-place-million,pvAddNumeric,numeric,rich,24,24,0.04,13058,Compute 9 583 + 3 475.
g4-place-million,pvSubtractColumn,columnCalc,rich,24,24,0.04,1233,Subtract 5 112 − 3 879 using the column algorithm and make every needed borrow.
g4-place-million,pvSubtractNumeric,numeric,rich,24,24,0.04,7536,Compute 10 113 − 2 577.
g4-place-million,pvAcrossZerosColumn,columnCalc,rich,24,24,0.04,26578,Subtract 40 002 − 13 424. Borrow across the zero chain one place at a time.
g4-place-million,pvAcrossZerosNumeric,numeric,rich,24,24,0.04,12704,Compute 80 001 − 67 297.
g4-place-million,pvCompareBigMcq,mcq,rich,24,24,0.04,232 762,Which number is greater: 231 333 or 232 762?
g4-place-million,pvOrderBigMcq,mcq,rich,24,23,0.08,842 201,Among 848 102  848 201  848 210  848 120  which is second greatest?
g4-place-million,pvOrderBigNumeric,numeric,rich,24,24,0.04,11067,Order 50 090  49 901  56 951  60 968 from least to greatest. What is the difference betwee
a1-polynomials,exponent-power__mcq,mcq,rich,24,15,0.13,9x^8,Simplify (4x^3)^4.
a1-polynomials,factor-gcf__buildExpression,buildExpression,rich,24,24,0.04,[ 5x^2   (4x + 3) ],Build the GCF factorization of 20x^3 + 15x^2.
a1-polynomials,poly-mul-binomial__mcq,mcq,rich,24,22,0.08,x^2 + 8x + 12,Multiply (2x + 6)(x + 4).
a1-polynomials,poly-mul-binomial__numeric,numeric,rich,24,13,0.17,5,Multiply (2x + 1)(2x + 5). What is the constant term?
a1-linear-functions,form-conversion__numeric,exactNumberLab,rich,24,17,0.13,-4,Convert y - (0) = -1(x - (-4)) to y = mx + b. What is b?
a1-linear-functions,line-from-point-slope__mcq,mcq,rich,24,22,0.08,y = -3x − 15,Which equation is the line through (-4  -3) with slope -3?
a1-linear-functions,line-from-point-slope__numeric,exactNumberLab,rich,24,16,0.13,8,A line through (-2  4) has slope 2. In y = 2x + b  find b.
a1-linear-functions,line-from-two-points__numeric,exactNumberLab,rich,24,11,0.17,-1,The line through (-3  13) and (1  -3) has equation y = -4x + b. Find b.
a1-linear-functions,parallel-perpendicular__numeric,exactNumberLab,rich,24,16,0.13,3,Find b for the line y = 2x + b through (-3  -3)  parallel to a line of slope 2.
a1-linear-functions,point-slope-read__buildExpression,buildExpression,rich,24,24,0.04,[ y - (6)   =   1   (x - (2)) ],Build the point-slope equation for slope 1 through (2  6).
a1-linear-functions,point-slope-read__mcq,mcq,rich,24,21,0.08,(5  7),In y - (-2) = 2(x - (0))  which point is built into the equation?
a1-linear-functions,slope-intercept-graph__mcq,mcq,rich,24,15,0.13,(1  -5),Starting at (0  -2) on a line of slope 2  which point is reached after a run of 1?
a1-linear-functions,slope-intercept-read__mcq,mcq,rich,24,14,0.13,0,In y = -2x − 2  what is the y-intercept?
a1-linear-functions,slope-sign__matchPairs,matchPairs,rich,24,24,0.04,{ y = 3x + 2 : positive   y = -3x + 1 : ,Match each equation to its slope type.
a1-linear-functions,standard-form__mcq,mcq,rich,24,11,0.17,-3/2,What is the slope of 4x + 3y = 48?
a1-linear-functions,default,mcq,rich,24,12,0.17,-2/3,What is the slope of 2x + 4y = 80?
a1-quadratics,quad-apply-choose__numeric,numeric,rich,24,13,0.21,22,For P(x) = -2(x - 8)^2 + 22  what is the maximum value?
a1-quadratics,quad-factor-solve__mcq,mcq,rich,24,18,0.08,(x + 4)(x - 6),Which factorization matches x^2 + 0x − 9?
a1-quadratics,quad-formula__mcq,mcq,rich,24,20,0.08,0 and 5,What are the solutions of x^2 − 2x − 3 = 0?
a1-quadratics,quad-transform__numeric,numeric,rich,24,11,0.17,-5,For y = -2(x - (-4))^2 − 6  what is the x-coordinate of the vertex?
a1-quadratics,quad-vertex-form__numeric,numeric,rich,24,13,0.17,0,For y = -2(x - (5))^2 − 6  what is the y-coordinate of the vertex?
a1-radicals,rad-fully-simplified__mcq,mcq,rich,24,20,0.13,5sqrt(2),Which is the fully simplified form of sqrt(50)?
a1-radicals,rad-like-terms__numeric,exactNumberLab,rich,24,10,0.21,3,9sqrt(7) - 4sqrt(7) = k · sqrt(7). Find k.
a1-radicals,rad-simplify-factor__mcq,mcq,rich,24,21,0.13,9sqrt(3),Which is the fully simplified form of sqrt(243)?
a1-solving-equations,both-sides-inequality__buildExpression,buildExpression,rich,24,10,0.25,[ x   <   3 ],Solve 6x + 8 > 9x − 1. Build the final inequality.
a1-solving-equations,both-sides__numeric,numeric,rich,24,15,0.17,1,Solve 6x − 6 = 4x − 4.
a1-solving-equations,decimal-eq__mcq,mcq,rich,24,22,0.13,2x + 7 = 21,Which equation is equivalent to 0.8x + 0.7 = 10.3 after multiplying every term by 10?
a1-solving-equations,decimal-eq__numeric,numeric,rich,24,11,0.21,4,Solve 0.4x + 0.7 = 4.7.
a1-solving-equations,distribute-solve__mcq,mcq,rich,24,19,0.13,3x + 18,Which is the correct expansion of 3(x + 4)?
a1-solving-equations,distribute-solve__numeric,numeric,rich,24,11,0.17,11,Solve 5(x + 3) = 75.
a1-solving-equations,solve-inequality__numeric,numeric,rich,24,11,0.17,10,Solve 5x + 2 <= -18. What is the boundary number?
a1-solving-equations,two-step__mcq,mcq,rich,24,10,0.21,Subtract 6 from both sides,To solve 4x + 9 = 29  which step comes first?
a1-solving-equations,default,mcq,rich,24,10,0.21,Subtract 2 from both sides,To solve 6x + 10 = 22  which step comes first?
a1-systems,eliminate-add-subtract__numeric,affineRelationshipLab,rich,24,13,0.17,2,Solve x + 3y = 13 and 3x + 1y = -9. What is x?
a1-systems,eliminate-scale-both__numeric,affineRelationshipLab,rich,24,13,0.13,-2,Solve 4x + 5y = -24 and 3x + 2y = -11. What is y?
a1-systems,eliminate-scale-one__numeric,affineRelationshipLab,rich,24,12,0.21,7,Solve 5x + 5y = 65 and 3x + 4y = 47. What is x?
a1-systems,solve-by-graphing__mcq,mcq,rich,24,21,0.08,(6  2),Which point solves y = 2x − 10 and y = 3x − 16?
a1-systems,solve-by-graphing__numeric,affineRelationshipLab,rich,24,12,0.21,-1,The lines y = -4x + 9 and y = -3x + 6 intersect at (3  -3). What is the y-coordinate?
a1-systems,substitution-solve__mcq,mcq,rich,24,20,0.08,(-3  -8),What is the solution of y = 3x + 1 and 2x + y = -14?
a1-systems,substitution-solve__numeric,affineRelationshipLab,rich,24,10,0.17,3,Solve y = 4x − 5 and 3x + y = -33. What is x?
a1-systems,system-solution__mcq,mcq,rich,24,22,0.08,(3  4),Which point solves y = -3x + 17 and y = -2x + 12?
a1-systems,word-choose-interpret__mcq,mcq,rich,24,9,0.17,5,A system solution is (4  5)  where x is adults and y is children. How many children attend
a1-systems,default,numeric,rich,24,11,0.17,12,Two numbers have sum 35 and the larger exceeds the smaller by 5. What is the larger number
a2-complex,cn-build-quad__mcq,mcq,rich,24,19,0.13,x² + 6x + 13 = 0,Which monic quadratic has roots -3 ± 2i?
a2-complex,cn-multiply__mcq,mcq,rich,24,14,0.17,-12,What is (4i)(7i)?
a2-transformations,ft-full-rule__dragOrder,dragOrder,rich,24,22,0.08,[ Shift the input by -1   Square the res,Order the operations that map x to y=3(x − 1)² + 4.
a2-transformations,ft-inverse-undo__mcq,mcq,rich,24,11,0.17,-4,If f(4)=6  what is f⁻¹(6)?
a2-logarithms,lg-cob__mcq,mcq,rich,24,13,0.13,log(625) / log(5),Rewrite log_5(625) using common logarithms.
a2-logarithms,lg-define__mcq,mcq,rich,24,11,0.17,5^2 = 25,Rewrite log_3(9)=2 in exponential form.
a2-logarithms,lg-exp-solve__mcq,mcq,rich,24,19,0.13,x = log_2(16),What is the exact solution of 4^x=128?
a2-logarithms,lg-expand-condense__mcq,mcq,rich,24,11,0.17,log_3(x^4/y),Condense 4log_2(x) − log_2(y).
a2-logarithms,lg-models__mcq,mcq,rich,24,24,0.04,232 is the initial amount and -0.2 is th,In A(t)=232e^(-0.2t)  what do 232 and -0.2 represent?
a2-logarithms,lg-models__numeric,numeric,rich,24,24,0.04,554,Evaluate A(t)=506e^(0.03t) at t=3. Round to the nearest whole number.
a2-polynomials,pf-build__mcq,mcq,rich,24,12,0.17,(x + 4)(x−3)²,A monic polynomial crosses at x=-4 and bounces at x=4. Which has the smallest possible deg
a2-polynomials,pf-synthetic__buildExpression,buildExpression,rich,24,21,0.08,[ x²   + 5x   − 6 ],Synthetic division by x−-4 gives bottom row 1  1  -4  | -5. Build the quotient.
a2-radicals,re-sqrt-fn__mcq,mcq,rich,24,20,0.08,(-3  -3),What is the starting point of y=√(x + 3) − 3?
a2-radicals,re-transform__buildExpression,buildExpression,rich,24,23,0.08,[ (0  1) ],Build the endpoint of y=-2√(x − 0) − 3.
a2-radicals,re-transform__numeric,exactNumberLab,rich,24,9,0.21,-2,For y=-1√(x − 3) + 4  what is the x-coordinate of the endpoint?
a2-rationals,rf-excluded__mcq,mcq,rich,24,19,0.08,-5 and 3,What values are excluded from (x+1)/((x−-5)(x−3))?
a2-rationals,rf-ha__mcq,mcq,rich,24,15,0.17,y = 2/3,What is the horizontal asymptote of f(x)=(2x²−x)/(3x²+8)?
a2-series,sr-arith-apply__numeric,numeric,rich,24,24,0.04,225,An arithmetic sequence begins 9  12  … and has 10 terms. Find its sum.
a2-series,sr-convert__mcq,mcq,rich,24,18,0.13,a_n=7·2^(n−1),Convert a₁=8  a_n=2a_(n−1) to explicit form.
a2-series,sr-convert__numeric,numeric,rich,24,22,0.08,28,a₁=3  a_n=a_(n−1)+6. Find a_11.
a2-trig,tf-ratios__dragBucket,dragBucket,rich,24,24,0.04,{ Does not touch θ : Opposite   Across f,Sort each side description relative to angle θ.
g13-derivative-rules,derivative-rules__dr-differentiability__dragBucket,dragBucket,rich,24,15,0.13,{ A smooth minimum  like x² at 0 : Deriv,At which of these does f′ FAIL to exist?  Reasoning check: Mark the known quantities  then
g13-derivatives-in-context,default,dragBucket,rich,24,16,0.13,{ The angle with the ground : Varies wit,For the sliding ladder  which quantities VARY with time?  Reasoning check: Name what stays
g10-conditional-probability,conditional-probability__cpr-indep-vs-disjoint__dragBucket,dragBucket,rich,24,16,0.21,{ the card is red · the card is a club :,One card is drawn. Classify each pair of events.  Reasoning check: Translate the graph  ta
g6-center-spread,ddMedianOutlierData,numeric,rich,23,12,0.21,9.5,Find the median of 7  8  9  10  11  27. One value is much larger than the others.
g6-center-spread,ddRangeNewOutlier,pointSetReasoningLab,rich,23,15,0.21,21,The data 3  5  13  15 gains a new high value 24. What is the new range?
g6-center-spread,ddIncompleteReport,mcq,rich,23,16,0.13, The average is 12. ,Which report is incomplete as a description of a distribution whose mean is 10?
g6-center-spread,ddChoiceIqr,numeric,rich,23,10,0.25,9,An allowance distribution has Q1 = 2 and Q3 = 6. What is the IQR?
match-object-shape,default,matchPairs,rich,23,19,0.13,{ a coin : circle   a pizza slice : tria,Match each thing to its shape.
trig-model,midline,numeric,rich,23,13,0.17,29,Same data (high 22°  low 12°). What is the midline?
fn-inverse-rule,undoPipeline,numeric,rich,23,8,0.21,5,f(x) = 2x + 1. Find f⁻¹(11).
seq-recursive,default,numeric,rich,23,17,0.17,15,Using a₁ = 2  aₙ = aₙ₋₁ + 6  what is a₄?
cn-add-sub,subtract,numeric,rich,23,15,0.13,-7,What is the IMAGINARY part of (1 + 3i) − (-4 + 6i)?
cn-conjugate,divideMcq,mcq,rich,23,10,0.17,2 + 3i,Simplify (3 + 1i)/(1 − i).
cn-conjugate,default,mcq,rich,23,19,0.08,−3 − 2i,What is the conjugate of −3 + 2i?
sequence-order,default,dragOrder,rich,23,21,0.08,[ 90   91   92   93   94 ],Drag these into counting order  smallest first.
two-step-arith,timesThenLess,numeric,rich,23,16,0.13,10,A parking lot has 3 rows with 6 cars in each. Then 8 cars drive away. How many cars remain
two-step-solve,default,numeric,rich,23,8,0.21,6,Solve for x: 2x + 5 = 11
base-ten-build,tradeUp,baseTenCompose,rich,23,17,0.17,{ hundreds :0  tens :7  ones :3},37 + 16 makes 4 tens and 13 ones. Trade ten ones for a rod and build 53 in standard form.
frac-unlike-addsub,addNumerator,numeric,rich,23,19,0.13,7,1/4 + 1/5 rewritten is 5/20 + 4/20. What is the numerator of the sum? (The answer is over 
frac-unlike-addsub,subNumerator,numeric,rich,23,14,0.17,4,2/3 − 1/5 rewritten is 10/15 − 3/15. What is the numerator of the difference? (The answer 
frac-multiply,cancelFirst,fractionEntry,rich,23,21,0.08,{ whole :0  num :8  den :25},3/4 × 2/5 = ? (cancel first  or multiply then reduce)
frac-multiply,bareMultiply,fractionEntry,rich,23,22,0.08,{ whole :0  num :1  den :12},2/5 × 3/4 = ?
quad-shape-area,default,numeric,rich,23,19,0.13,40,A trapezoid has bases 12 and 8  and height 5. What is its area?
two-step-order,whichPlan,mcq,rich,23,20,0.08,3 × 7 first  then + 6,Sam has 3 boxes of 7 eggs  plus 6 loose eggs. Which plan counts his eggs?
pq-para-side,default,numeric,rich,23,13,0.17,18,In parallelogram PQRS  PQ = 12 and QR = 8. Find RS.
coord-distance,solveK,numeric,rich,23,13,0.13,4,Point (k  9) is 5 units from (2  5). Find the LARGER possible value of k.
coord-midpoint,findEndpoint,numeric,rich,23,11,0.25,6,M(5  6) is the midpoint of segment AB with A(2  2). Enter B's x-coordinate.
graph-read,combineTwo,numeric,rich,23,10,0.29,12,From dogs 6  cats 7  fish 3  birds 4 — how many cats and birds TOGETHER?
graph-read,groupCompare,numeric,rich,23,9,0.21,9,Recess votes — soccer 6  tag 9  swings 3  slide 3. How many MORE votes did the games (socc
area-compose,pondCut,numeric,rich,23,20,0.13,48,A rectangular garden is 6 m by 9 m  with a 2 m by 3 m pond cut out of it. How many square 
area-compose,default,numeric,rich,23,17,0.13,28,An L-shape is cut into a 5-by-3 rectangle (area 15) and a 3-by-2 rectangle (area 6). What 
partial-products,shown,numeric,rich,23,19,0.13,144,Use partial products for 36 × 4: (30 × 4) + (6 × 4). What is the total?
partial-products,carryScaffold,numeric,rich,23,23,0.08,56,Use the standard algorithm for 47 × 3. Ones: 7×3=21  write 1 carry 2; tens: 4×3=12  then a
partial-products,carryColumn,columnCalc,rich,23,22,0.13,144,Work out 36 × 3 by the standard algorithm. Tap each column  and tap the carry before resol
fn-evaluate,squareMinus,numeric,rich,23,18,0.13,46,For g(x) = x^2 - 4  what is g(4)?
fn-evaluate,default,numeric,rich,23,19,0.08,26,For f(x) = 2x - 1  what is f(4)?
negative-intro,absoluteDifference,numeric,rich,23,14,0.13,9,Compute |-10| - |1|.
negative-intro,fartherAbsolute,absValueLine,rich,23,20,0.17, -8 ,Which number is farther from zero: -6 or -9?
remainder-word,leftOver,quotientReasoningLab,rich,23,10,0.25,2,43 cookies are shared equally among 7 friends (43 ÷ 7 = 6 remainder 1). How many cookies a
grouping-first,divAddNumeric,numeric,rich,23,19,0.13,9,What is 30 ÷ 3 + 2?
grouping-first,doubleAddEval,evalOrder,rich,23,22,0.13,15,“Double 7  then add 5” is 7 × 2 + 5. What does it equal? Tap an operator to work it out.
decimal-align-addsub,zerosSub,numeric,rich,23,23,0.08,15.27,Subtract 10.0 − 4.08 (pad 10.0 to 10.00). (enter as a decimal)
poly-read,readQuartic,numeric,rich,23,8,0.21,-3,What is the coefficient of x^3 in (6x^4 - 4x^3 + x^2 - 5)?
poly-read,default,numeric,rich,23,8,0.17,-3,What is the coefficient of x^2 in (5x^3 - 3x^2 + x - 12)?
variable-meaning,linearRelation,numeric,rich,23,18,0.17,12,The relationship is y = 4x. If x = 3  what is y?
linear-predict,negSlope,numeric,rich,23,18,0.13,7,A line of best fit is y = −2x + 26. Predict y when x = 5.
circle-sector,default,numeric,rich,23,21,0.08,3.14,Radius 6  arc measure 30°. Find the arc LENGTH (2 decimals; use π ≈ 3.14159).
subtract-within-100,regroup,numeric,rich,23,19,0.13,29,50 − 27 = ?
rect-measure,area,numeric,rich,23,22,0.13,12,A rectangle is 2 units long and 6 units wide. What is its area?
eq-two-step,parens,numeric,rich,23,10,0.21,5,Solve for x: -2(x − 3) = 2
eq-two-step,secondForm,numeric,rich,23,13,0.21,8,Solve for x: 6x + 1 = 25
int-subtract-negative,default,numeric,rich,23,16,0.13,7,Work out:  4 − (−6)
sys-two-linear,default,numeric,rich,23,9,0.21,4,Solve the system  x + y = 5  and  2x − y = 7.  What is y?
repeat-decimal,threeDigit,quotientReasoningLab,rich,23,23,0.08,{ whole :0  num :818  den :999},0.221221221… (the block  221  repeats) equals  in lowest terms:
unit-frac-divide,divisionMagnitude,mcq,rich,23,10,0.21,Bigger than 5,Without computing exactly  is 4 ÷ 1/5 bigger than  smaller than  or equal to 4?
unit-frac-divide,mixedScoops,numeric,rich,23,20,0.13,22,A recipe has 2 2/3 cups. How many 1/6-cup scoops fit in that amount?
fraction-meaning,takeSome,fractionEntry,rich,23,12,0.17,{ whole :0  num :3  den :7},Which fraction says 'cut into 7  take 2'?
decimal-representation,tenthsFraction,mcq,rich,23,8,0.25,2/10,Which fraction equals 0.4?
decimal-representation,expandedBuild,buildExpression,rich,23,23,0.08,[ 0.5   +   0.03   +   0.006 ],Build the decimal expanded form of 0.934.
hyperbola-anatomy,vertices,mcq,rich,23,9,0.21,(±5  0),For y²/36 − x²/16 = 1  the vertices are at:
sci-compute,addSame,buildExpression,rich,23,19,0.13,[ 1   ×   10⁶ ],(2 × 10⁵) + (7 × 10⁵) = ?
proportional-plot,cgPairPointAtX,mcq,rich,23,13,0.17,(7  21),A coordinate pattern follows y = 4x. Which point does the pattern pass through when x = 7?
const-sum-rule,legalMoves,dragBucket,rich,23,23,0.08,{ (f − g)′ = f′ − g′ : Legal   (5f)′ = 5,Which of these moves are legal?
array-model,rowsTotal,numeric,rich,23,14,0.17,20,A stamp sheet holds 4 rows of stamps with 5 stamps in each row. How many stamps fit on it?
skip-count,compareLanding,numeric,rich,23,8,0.25,15,Kofi counts by 10s and says 4 numbers. Jada counts by 5s and says 5 numbers. How much bigg
group-division,whichStory,mcq,rich,23,17,0.13,8 apples packed 4 to a bag — how many ba,Which story asks the GROUPING question for 8 ÷ 4 = 2?
missing-factor,rowPlusExtra,numeric,rich,23,10,0.21,8,A puzzle has 15 pieces arranged in 3 equal rows. Ines has placed one full row plus 3 extra
missing-factor,default,mcq,rich,23,20,0.08,8 × ___ = 32,Which multiplication solves 32 ÷ 8?
fact-family,default,mcq,rich,23,19,0.08,36 ÷ 4 = 9,Which division belongs to the SAME family as 9 × 4 = 36?
area-formula-pick,parallelogramMcq,mcq,rich,23,18,0.17,40 — base times height  with no halving,A parallelogram has base 3 and perpendicular height 4. Which is its area?
independence-def,bucketSort,dragBucket,rich,23,23,0.08,{ The card is a heart · the card is a ki,Would knowing the first event change the chance of the second?
combination-count,orderBucket,dragBucket,rich,23,23,0.08,{ Medals for the top three of 8 runners ,Does swapping two of the chosen items change the outcome?
extrema-value,default,numeric,rich,23,11,0.17,7,What is the absolute maximum VALUE of y = −(x − 6)² + 7?
horizontal-shift,whichRule,mcq,rich,23,13,0.13,y = √(x − 3),Which rule shifts y = √x LEFT 8 units?
subtract-like-denom,default,numeric,rich,23,10,0.17,8,6/9 − 2/9 = 4/?. What is the denominator?
box-surface-area,sumPairs,numeric,rich,23,20,0.08,62,Add all three pairs for the 3×2×5 box: 12 + 30 + 20. What is the total surface area?
association-type,sortPairs,dragBucket,rich,23,23,0.08,{ hours studied & test score : Positive ,Sort each pair of measurements by its likely association.
scatter-features,sortFeatures,dragBucket,rich,23,23,0.08,{ several points sharing similar values ,Sort each scatter-plot feature by what it describes.
box-volume,doubleDimension,numeric,rich,23,14,0.13,48,A 4×2×2 box has its height doubled (to 4). What is the NEW volume?
box-volume,default,numeric,rich,23,19,0.13,144,Find the volume of a 8×8×2 box.
hop-multiply,landOn,numeric,rich,23,15,0.17,12,A rabbit starts at 0 and makes 5 hops of 4. What number does it land on?
identity-zero,riddleOne,numeric,rich,23,19,0.08,16,A riddle: start with 11. Multiply by 1. Then add 5. What number do you have now?
identity-zero,default,mcq,rich,23,8,0.21,7 × 1 = 7,Which of these is TRUE?
unknown-letter,chooseMulSolution,mcq,rich,23,9,0.17,x = 11,For 3x = 18  which value is the solution?
unknown-letter,solveSubtract,numeric,rich,23,14,0.21,23,Solve x − 6 = 7.
reasonableness,exactAfterSale,numeric,rich,23,17,0.08,42,A florist has 5 bunches of 9 tulips. She counts exactly and sells 3 tulips. Exactly how ma
round-ten,roundThenAdd,numeric,rich,23,11,0.17,120,Round 48 to its nearest ten  round 13 to its nearest ten  then add the two rounded numbers
round-hundred,placeOnLine,numberLinePlace,rich,23,8,0.25,200,Round 625 to the nearest hundred.
equal-parts,whyEqualEvidence,mcq,rich,23,14,0.13,It is cut into 4 pieces of 5 cm each,A 20-cm ribbon is labelled fourths. Which evidence makes that label valid?
nl-fraction,afterNthJump,mcq,rich,23,13,0.13,3/8,Counting by eighths from 0  where do you stand after your THIRD jump?
compare-same-denom,howManyMore,numeric,rich,23,8,0.29,1,Ana ate 3/5 of her sandwich; Ivy ate 4/5 of her. The sandwiches are the same size. How man
elapsed-time,endAfter,clockSet,rich,23,20,0.08,{ hour :6  minute :10},An activity starts at 5:45 and lasts 25 minutes. Set the clock to show when it ends.
volume,addThenLeak,numeric,rich,23,14,0.17,9,A tank contains 8 liters. You add 4 liters  then 7 liters leak out. How many liters remain
perimeter,trianglePerimeter,numeric,rich,23,12,0.21,25,A triangle has side lengths 9 cm  7 cm  and 10 cm. What is its perimeter?
expanded-form,swapTensOnes,numeric,rich,23,23,0.08,732,A number is 500 + 40 + 3. Swap its tens digit and ones digit. What number results?
mental-add,plusNinetyNine,numeric,rich,23,23,0.08,593,434 + 99 = ? Use an overshoot and correct it.
mental-add,bonusThenLoss,numeric,rich,23,23,0.08,361,A score starts at 647  gains a 99-point bonus  then loses 60 points. What is the final sco
mult-tens,default,mcq,rich,23,19,0.13,3 × 2 = 6,Which known fact unlocks 3 × 90?
zero-pattern,beyondOrder,numeric,rich,23,8,0.25,40,A truck carries 7 crates with 60 oranges each. An order needs 380. How many oranges are be
pictograph,halfStory,numeric,rich,23,14,0.17,20,In a class survey  the key says each full symbol = 2 books. A row shows 4 full symbols and
tiling,default,mcq,rich,23,13,0.21,20 square centimeters,A shape is covered exactly by 18 one-centimeter square tiles. What is its area?
area-distributive,default,numeric,rich,23,19,0.08,30,A 3-by-5 rectangle (area 15) sits beside a 3-by-5 rectangle (area 15)  forming one 3-by-10
mult-meaning,whichOperation,mcq,rich,23,17,0.13,6 × 5,Mei reads 5 pages every night for 6 nights. Which finds the total pages?
times-2,twiceDaily,mcq,rich,23,9,0.25,9 × 2 = 18,Nel reads 6 pages every morning and 6 pages every evening. How many pages a day?
distributive,variableEval,numeric,rich,23,17,0.08,30,Evaluate 3(x + 4) at x = 6.
distributive,variableError,numeric,rich,23,19,0.13,24,A student expands 3(x + 7) as  3x + 7.  At x = 1  what does the correct expansion equal?
g7-scale-to-actual,drawCombined,numeric,rich,23,8,0.21,10,At 1 cm = 3 m  a 9 m pool and a 12 m deck sit end to end. How many centimeters long is the
g7-scaled-area,default,geometricConstraintLab,rich,23,20,0.17,96,A rectangle measures 4 cm × 6 cm on a plan with scale 1 cm = 2 m. What is the real area  i
g7-circle-parts,matchCircleParts,matchPairs,rich,23,16,0.13,{ radius : r in the formula A = πr²   di,Match each circle part to a valid description or relationship.
pr-unit-rate-g7,rrDivisionChoice,mcq,rich,23,21,0.08,60 ÷ 5 — dollars shared across pounds,Apples cost $20 for 4 pounds. Which division gives dollars PER POUND?
pr-unit-rate-g7,rrPredictOutput,proportionalReasoningLab,rich,23,17,0.17,60,A printer makes 15 pages in 3 minutes. At this rate  how many pages in 9 minutes?
pr-constant-k-g7,constantApply,proportionalReasoningLab,rich,23,17,0.17,28,A table has pairs (5  20) and (6  24). Using the constant of proportionality  what is y wh
pr-constant-k-g7,rrDoubleLineReverse,numeric,rich,23,15,0.13,24,A double number line aligns 6 laps with 9 minutes. How many laps align above 18 minutes?
pr-constant-k-g7,default,numeric,rich,23,9,0.25,6,A table has pairs (2  8)  (3  12)  (4  16). What is the constant of proportionality?
pr-add-percent-g7,default,numeric,rich,23,21,0.08,44,A meal costs $40. With 20% tip  what is the total?
g7-signed-addition,samePos,numeric,rich,23,19,0.13,22,3 + 6 = ?
g7-signed-addition,sameLarge,numeric,rich,23,19,0.13,-28,−14 + (−14) = ?
g7-signed-addition,diffNegLarge,numeric,rich,23,11,0.21,-3,−15 + 11 = ?
g7-signed-addition,diffChallenge,numeric,rich,23,10,0.17,-6,−27 + 21 = ?
g7-signed-addition,mixedPos,numeric,rich,23,8,0.21,8,−4 + 9 = ?
g7-signed-addition,mixedChallenge,numeric,rich,23,10,0.29,6,−11 + 14 = ?
g7-signed-multiply-divide,divSame,numeric,rich,23,10,0.17,5,−25 ÷ (−5) = ?
g7-signed-multiply-divide,mixedDivDiff,numeric,rich,23,9,0.25,-5,−12 ÷ 4 = ?
g7-signed-multiply-divide,mixedDivSame,numeric,rich,23,10,0.17,5,−35 ÷ (−7) = ?
g7-tse-expression-build,tseCombineDistPlus,buildExpression,rich,23,23,0.08,[ 3x   -   16 ],Simplify: -6(x + 4) + 9x
g7-tse-expression-build,tseMixedMinus,buildExpression,rich,23,22,0.08,[ -5x   -   12 ],Simplify: 4(x - 3) - 9x
g7-tse-balance-solve,tseBalanceB,solveBalance,rich,23,8,0.21,{ leftX :1  leftUnits :0  rightUnits :3},Solve 4x + 5 = 17 on the balance. Remove equal tiles from both pans  then split into equal
g7-tse-inequality-build,testPoint,mcq,rich,23,21,0.08,Yes — 0 > -3,The graph represents x < -1. Does x = -5 satisfy it?
g7-sp-sample-estimate,spEstimateTown,numeric,rich,23,21,0.13,120,In a representative sample of 75 town residents  30 own a bicycle. If there are 300 people
g7-sp-sample-estimate,spEstimateDistrict,numeric,rich,23,20,0.13,360,In a representative sample of 75 district students  30 walk to school. If there are 525 st
g7-sp-sample-estimate,spEstimateCompany,numeric,rich,23,21,0.08,280,In a representative sample of 20 company employees  10 bike to work. If there are 120 work
g7-sp-sample-reliability,spReliabilitySchool,mcq,rich,23,14,0.13,A random sample of 160 students,Which random sample is likely to give the more reliable estimate of a school's average ass
g7-sp-sample-reliability,default,mcq,rich,23,16,0.13,A random sample of 120 residents,Which random sample is likely to give the more reliable estimate of a city's average commu
g7-sp-counting-principle,default,numeric,rich,23,12,0.17,15,A store offers 4 sweaters and 6 pairs of pants. Choosing one of each  how many different o
g8-esn-place-value,default,numeric,rich,23,23,0.08,0.00003,5 × 10² = ?
g8-esn-compare,esnCompareDifferent,mcq,rich,23,11,0.17,2 × 10⁷,Which is bigger: 7 × 10⁴ or 4 × 10⁵?
g8-rns-root-classify,rnsClassifyPerfect,mcq,rich,23,12,0.13,Rational — exactly 8,Classify √49 as rational or irrational:
g8-rns-root-estimate,rnsBoundsChallenge,numeric,rich,23,13,0.17,8,Between which two consecutive whole numbers does √71 lie? Enter the smaller whole number.
g8-rns-root-estimate,default,numeric,rich,23,11,0.17,4,Between which two consecutive whole numbers does √18 lie? Enter the smaller whole number.
g8-rns-compare-estimate,rnsRootTimesItself,mcq,rich,23,21,0.13,10  exactly,√2 × √2 = ?
g8-rns-compare-estimate,default,mcq,rich,23,10,0.21,√5  since √5 ≈ 2.236 > 2.1,Which is greater: √5 or 2.1?
g8-tm-pythagorean-converse,tmConverseRight,mcq,rich,23,13,0.17,Yes — 5² + 12² = 13²,Is a triangle with side lengths 5  12  and 13 a right triangle?
g8-bv-relative-frequency,bvRelAllA,conditionalTableLab,rich,23,13,0.17,30,Of all 80 people surveyed  12 are adults who prefer cats. What percent of everyone is that
g8-tm-cone-volume,tmConeContext,numeric,rich,23,19,0.08,96,A cone-shaped cup has radius 4 and height 18. What is its volume as a number times π?
g8-les-distribute-solve,lesDistributeBoth,numeric,rich,23,10,0.17,5,Solve for x: 7(x + 5) = 5(x + 9)
g8-les-solution-count,lesInfiniteBlank,mcq,rich,23,11,0.17,11,Which value of □ makes 2x + 3 = 2x + □ have INFINITELY many solutions?
g8-fn-initial-value,fgInitialTable,numeric,rich,23,19,0.13,6,A table shows (0  6)  (1  10)  and (2  14). What is the initial value?
g8-fn-initial-value,fgInitialPointSlope,numeric,rich,23,17,0.17,1,A line has slope 4 and passes through (4  17). What is its initial value b?
g8-fn-same-function-forms,fgFormsStoryBuild,buildExpression,rich,23,23,0.08,[ y   =   8   x   +   11 ],Build the equation for a function that starts at 4 and rises 2 for each 1-unit increase in
g8-fn-graph-stories,default,graphStoryLab,rich,23,10,0.17,{ segmentIds :[ b0   b1 ]},A car speeds up from rest  then continues at a steady speed. Which distance-versus-time sh
k0-add-subtract,KoaAddToStoryNumeric,numeric,rich,23,8,0.21,9,A basket holds 3 stars. Someone puts in 4 more. How many stars are in the basket now?
k0-add-subtract,default,numeric,rich,23,9,0.46,6,One group has 2 leaves. Another group has 1 leaf. Put them together. How many leaves in al
g0-counting,countObjectsMcq,mcq,rich,23,9,0.29,5,Mina counts her blocks: 1  2  3. How many blocks does she have?
g0-counting,countBetweenMcq,mcq,rich,23,13,0.21,6,Which number comes between 2 and 4?
g1-add-subtract,SubFactsMcq,mcq,rich,23,20,0.08,4 + 10 = 14,Which addition fact helps solve 14 − 4?
g1-counting-120,CountSequenceMcq,mcq,rich,23,22,0.08,20  21  22  23,Which list is in counting order?
g1-counting-120,OneMoreLessNumeric,numeric,rich,23,23,0.08,13,What is one less than 16?
g1-counting-120,TeensMcq,mcq,rich,23,8,0.25,11,Which numeral is 1 ten and 2 ones?
g1-counting-120,TensOnesNumeric,numeric,rich,23,23,0.08,56,What numeral is 9 tens and 0 ones?
g1-tens-ones,TnoAddTensNumeric,numeric,rich,23,23,0.08,68,45 + 10 = ?
g1-tens-ones,TnoExpandNumeric,numeric,rich,23,10,0.17,0,79 = 70 + ?
g1-tens-ones,TnoReadExpandedNumeric,numeric,rich,23,23,0.08,55,What number is 80 + 9?
g2-add-subtract-100,RegroupAddNumeric,numeric,rich,23,12,0.42,90,31 + 39 = ?
g2-place-value-1000,Pv1000OrderMixedNumeric,numeric,rich,23,23,0.08,338,What number is “seven hundred”?
g2-place-value-1000,Pv1000TradingNumeric,numeric,rich,23,23,0.08,834,What number has 1 hundred  4 tens  and 8 ones?
g4-multiply,mbComparisonEquationsNumeric,numeric,rich,23,18,0.13,18,16 is 2 times as many as what number?
g4-multiply,mbAdditiveVsMultiplicativeNumeric,numeric,rich,23,20,0.08,8,Starting from 4  how much larger is “4 times as many” than “4 more”?
g4-multiply,mbInterpretRemaindersNumeric,numeric,rich,23,21,0.08,11,105 books are packed 9 per box. Every book must be packed. How many boxes are needed?
a1-exponential,exp-graph-read__mcq,mcq,rich,23,13,0.13,decreasing exponential decay with y-inte,Which description matches f(x) = 11 · 2^x?
a1-exponential,exp-percent__numeric,exactNumberLab,rich,23,22,0.08,72,A quantity starts at 5 and grows 100% each step. What is the amount after 3 steps?
a1-functions-sequences,fn-arith-rule__numeric,numeric,rich,23,22,0.08,17,An arithmetic sequence has a1 = 7 and common difference 2. What is a6?
a1-functions-sequences,fn-geo-rule__numeric,numeric,rich,23,19,0.17,256,A geometric sequence has a1 = 1 and common ratio 3. What is a5?
a1-functions-sequences,fn-growth-apply__numeric,numeric,rich,23,17,0.17,48,A population starts at 2 and multiplies by 4 each day. What is the population after 2 days
a1-linear-functions,slope-intercept-read__numeric,exactNumberLab,rich,23,19,0.13,5,For y = -2x − 7  find y when x = 2.
a1-radicals,rad-pythagorean-radical__mcq,mcq,rich,23,8,0.25,5sqrt(2),A right triangle has legs 4 and 4. What is the exact hypotenuse?
a1-solving-equations,flip-rule__buildExpression,buildExpression,rich,23,14,0.13,[ x   >   -2 ],Solve -4x < 0. Build the final inequality.
a1-solving-equations,fraction-eq__numeric,numeric,rich,23,15,0.17,16,Solve x/5 + 3 = 11.
a1-solving-equations,lcd-clear__numeric,numeric,rich,23,15,0.17,84,Solve x/4 + x/6 = 35.
a1-solving-equations,literal-eq__numeric,numeric,rich,23,8,0.17,6,Using d = rt  find t when d = 16 and r = 4.
a1-systems,system-solution__numeric,affineRelationshipLab,rich,23,13,0.17,-1,The lines y = 3x − 1 and y = 4x + 0 intersect at (-1  -4). What is the x-coordinate?
a1-systems,word-count-value__numeric,exactNumberLab,rich,23,8,0.25,8,There are 11 objects worth 95 cents total. First type is 10 cents and second type is 5 cen
a1-systems,word-total-difference__numeric,exactNumberLab,rich,23,14,0.13,11,Two numbers have sum 31 and the larger exceeds the smaller by 5. What is the larger number
a2-transformations,ft-compose__numeric,numeric,rich,23,23,0.08,51,Let f(x)=x² and g(x)=4x + 2. Find g(f(2)).
a2-transformations,ft-full-rule__numeric,numeric,rich,23,8,0.33,-1,What is the x-coordinate of the vertex of y=-2(x − 1)² + 1?
a2-transformations,ft-inverse-rule__mcq,mcq,rich,23,17,0.17,f⁻¹(x)=(x + 1)/3,What is the inverse of f(x)=2x + 2?
a2-transformations,ft-inverse-undo__numeric,numeric,rich,23,9,0.21,3,Let g(x)=4x + 4. Find g⁻¹(16).
a2-logarithms,lg-log-solve__mcq,mcq,rich,23,11,0.17,x(x−1) = 27,Solve log_5(x) + log_5(x−2) = 3. Which equation should be solved after condensing?
a2-logarithms,lg-scales__mcq,mcq,rich,23,8,0.29,It is about 1000000 times as large,An earthquake magnitude increases by 8. Approximately how does shaking intensity change on
a2-polynomials,pf-leading-term__mcq,mcq,rich,23,13,0.13,2x^6,Which term controls the end behavior of f(x)=2x^6 + 100x² − 7?
a2-polynomials,pf-leading-term__numeric,numeric,rich,23,23,0.08,31116,Evaluate f(10) for f(x)=2x^5 + 3x.
a2-polynomials,pf-synthetic__mcq,mcq,rich,23,9,0.25,2,What number goes in the synthetic-division box for divisor x + 3?
a2-radicals,re-convert__mcq,mcq,rich,23,9,0.21,x^(4/5),Which exponent form equals the 5th root of x^4?
a2-rationals,rf-holes__mcq,mcq,rich,23,19,0.08,(2  1),Where is the hole of g(x)=(x−2)/((x−2)(x−1))?
a2-trig,tf-transform-period__mcq,mcq,rich,23,8,0.29,π/3,Find the period of y = cos(0.25x).
g13-derivatives-in-context,derivatives-in-context__dc-choosing-relation__dragBucket,dragBucket,rich,23,15,0.13,{ The angle with the ground : Varies wit,For the sliding ladder  which quantities VARY with time?  Reasoning check: Use the visible
g13-derivatives-in-context,derivatives-in-context__dc-speed__dragBucket,dragBucket,rich,23,15,0.13,{ v = −4  a = −3 : Speeding up   v = 4  ,In which cases is the particle SPEEDING UP?  Reasoning check: Use the visible structure on
g13-integration-accumulation,integration-accumulation__in-choosing-u__dragBucket,dragBucket,rich,23,14,0.17,{ ∫ (x + 1)⁵ dx : Substitution works   ∫,For which of these does u-substitution work?  Reasoning check: Sketch or annotate the situ
g13-integration-accumulation,integration-accumulation__in-ftc-unified__dragBucket,dragBucket,rich,23,14,0.17,{ Find the total water from a flow rate ,Which half of the theorem does each task use?  Reasoning check: Translate the graph  table
g13-series-convergence,series-convergence__sc-comparison__dragBucket,dragBucket,rich,23,16,0.13,{ Σ 1/n³ (p = 3) : Converges   Σ 1/n (p ,Which of these p-series converge?  Reasoning check: Identify the representation and the go
g6-center-spread,ddCompareRange,numeric,rich,22,14,0.21,16,What is the range of Class B's data 4  5  9  13  14?
g6-center-spread,ddCapShape,mcq,rich,22,15,0.13,Clustered from 1–5  followed by a gap an,Consider the data 2  3  3  4  4  4  5  5  6  15. Which shape description fits?
g6-center-spread,ddCapGap,numeric,rich,22,10,0.17,5,A distribution has mean 11 and median 5. How large is the gap between the centers?
match-parity,default,matchPairs,rich,22,18,0.17,{ 6 : even (6 = 3 pairs)   7 : odd (7 = ,Pair each number up — is it odd or even?
sr-recursive,default,numeric,rich,22,14,0.13,12,Using a₁ = 3  aₙ = aₙ₋₁ + 2  what is a₃?
fn-inverse-rule,default,numeric,rich,22,17,0.13,7,Using g⁻¹(x) = 2x − 3  find g⁻¹(5).
cn-multiply,realPart,numeric,rich,22,15,0.13,9,What is the REAL part of (3 + i)(4 + i)?
cn-multiply,default,numeric,rich,22,16,0.13,18,For (2 + 3i)(4 + 3i)  what is the IMAGINARY part of the product?
two-step-solve,minusForm,numeric,rich,22,8,0.25,4,Solve for x: 3x − 8 = 10
frac-multiply,areaGrid,fractionGrid,rich,22,22,0.08,{ rows :3  cols :5  shadeR :2  shadeC :4,2/3 × 4/5 = ? Build the first factor with rows and the second with columns.
grid-count,colTrapRead,areaModel,rich,22,16,0.13,20,A rectangle is partitioned into 2 rows and 6 columns of unit squares. How many unit square
multiple-test,default,mcq,rich,22,12,0.21,Yes — 57 ÷ 3 = 19 with no remainder,Is 69 a multiple of 3?
pq-trapezoid,midsegment,numeric,rich,22,11,0.21,13,A trapezoid has bases 16 and 10. Its midsegment length = ?
coord-perimeter,pentagon,numeric,rich,22,18,0.08,178,A pentagon-shaped yard has corners (0 0)  (8 0)  (8 5)  (5 9)  (0 9). Fence the whole boun
measure-word,drainRefill,numeric,rich,22,15,0.21,17,A tank holds 17 liters. 7 liters drain out  then 4 liters are added. How many liters now?
area-compose,rugLeft,numeric,rich,22,20,0.13,52,A room is 8 m by 9 m. A rug covering it is 2 m by 2 m. How many square meters of floor are
partial-products,split,numeric,rich,22,21,0.08,270,42 × 4 splits into 160 and 8. What is the total?
partial-products,carryContinue,numeric,rich,22,22,0.08,138,Continuing 46 × 3: you wrote 8 and carried 1. Now 4 × 3 = 12  plus the carried 1. What is 
partial-products,carryBare,numeric,rich,22,22,0.13,679,Use the standard algorithm to find 26 × 4.
two-row-multiply,addRows,numeric,rich,22,22,0.08,1485,The two rows for 35 × 25 are 175 and 700. What is their total?
long-div-2digit,digitsRead,numeric,rich,22,14,0.21,35,The quotient digits were 3 then 5. What is 525 ÷ 15?
fn-evaluate,quadMinus,numeric,rich,22,17,0.08,45,For f(x) = 2x^2 - 4  what is f(4)?
fn-arith-seq,nthPos,numeric,rich,22,19,0.13,23,For a_1 = 4  d = 3  what is the 6th term?
fn-arith-seq,default,numeric,rich,22,8,0.21,8,In the sequence 4  7  10  13  what is the common difference?
equiv-test,claimAtValue,numeric,rich,22,18,0.13,27,A student claims 6x + 4 = 10x because both agree at x = 1. Evaluate 6x + 4 at x = 2 to tes
negative-intro,absoluteEqual,mcq,rich,22,17,0.13,They are equal because both numbers are ,Which statement is true about |-7| and |7|?
negative-intro,debtAbsolute,absValueLine,rich,22,19,0.13, -$9 ,One balance is -$6 and another is -$4. Which balance represents the larger debt?
deriv-quotient,abstractQuot,numeric,rich,22,14,0.17,0.25,u(2) = 6  u′(2) = 3  v(2) = 5  v′(2) = 2. Find (u/v)′(2)  as a decimal to three places.
subtract-within-100,ones,numeric,rich,22,19,0.08,36,39 − 3 = ?
subtract-within-20,default,numeric,rich,22,11,0.25,4,10 − 7 = ? (Take 7 away from 10.)
time-set-clock,default,clockSet,rich,22,22,0.08,{ hour :1  minute :30},Set the clock to show 1:30.
unit-frac-divide,mixedDivide,numeric,rich,22,19,0.17,24,Compute 1 2/3 ÷ 1/6.
decimal-representation,moneyHundredths,numeric,rich,22,22,0.08,13,A penny is one hundredth of a dollar. Written as 0.??  what two-digit hundredths value rep
back-substitute,given,affineRelationshipLab,rich,22,22,0.08,[3 11],The system y = 4x − 5 and x + y = 20 has x = 5. What is the full solution (x  y)?
reflect-compose,matMul,numeric,rich,22,8,0.29,6,For [[4  0]  [0  2]]·[[1  0]  [0  4]]  compute the bottom-right entry.
second-deriv-eval,localMax,numeric,rich,22,17,0.13,-5,f(x) = x³ − 6x² − 5. Find the local MAXIMUM value of f.
opt-setup,default,mcq,rich,22,12,0.17,P = x(6 − x)  where x is one of the numb,Two numbers add to 12. You want the largest possible product. What should you maximise?
const-sum-rule,default,numeric,rich,22,17,0.08,124,f(x) = 3x⁴ − x² + 12. Find f′(2).
choose-rule,cancelFirst,numeric,rich,22,8,0.21,4,f(x) = x(5x + 4)/x  for x ≠ 0. Find f′(5).
array-model,arrayMinus,numeric,rich,22,16,0.13,9,A garden has 5 rows of carrots with 2 carrots in each row. A rabbit eats 4 carrots. How ma
fact-family,familyDivide,numeric,rich,22,8,0.17,7,Use the family of 4  3  and 12: what is 12 ÷ 4?
fact-family,howManyFacts,mcq,rich,22,10,0.17,2 — just 8 × 8 = 64 and 64 ÷ 8 = 8,The family of 12  12  and 144 — how many DIFFERENT facts does it have?
triangle-area-calc,heightFromArea,numeric,rich,22,9,0.21,4,A triangle has base 7 and area 28. What is its height?
multiplication-rule,chainNumeric,numeric,rich,22,16,0.17,0.1,P(rain) = 0.1. On rainy days  P(traffic | rain) = 0.5. Find P(rain and traffic).
composite-tri,notchCut,numeric,rich,22,20,0.08,85,A 14×5 rectangle has a triangular notch (base 3  height 2) cut from one corner. What is th
composite-multi,default,numeric,rich,22,17,0.17,34,A floor plan has a 8×4 rectangular room plus a triangular bay window (base 8  height 4). W
step-function,default,numeric,rich,22,9,0.25,10,With C(w) = $7 for w ≤ 1  $10 for 1 < w ≤ 2  and $13 for 2 < w ≤ 3  what is the cost in do
domain-restrict,rootScaled,numeric,rich,22,11,0.21,7,What is the smallest allowed x for y = √(3x − 9)?
box-volume,layers,numeric,rich,22,18,0.17,24,A prism has 10 cubes in each layer and is 4 layers tall. What is its volume?
box-volume,fitBoxes,numeric,rich,22,19,0.13,10,A cargo space holds 21 cubic units. How many boxes of volume 3 cubic units fit exactly?
fraction-volume,planterDecimal,numeric,rich,22,21,0.08,45,A planter box is 3 long  1½ wide  and 1 deep. How much soil fills it? Give a decimal answe
unknown-letter,tipSolve,numeric,rich,22,12,0.17,10,After a $3 tip is added  the total is $13. Write and solve an equation for the original bi
reasonableness,estimateThenExact,numeric,rich,22,21,0.08,64,A florist has 3 bunches of 9 daisies. She estimates  about 3 × 10 = 30 . Then she counts e
whole-as-fraction,default,mcq,rich,22,9,0.25,20/4,Which fraction equals exactly 4?
place-value,changeBlocks,numeric,rich,22,22,0.08,635,A learner builds 217 with blocks  adds one hundred block  then removes one ten rod. What n
expanded-form,snapExpanded,numeric,rich,22,22,0.08,496,Snap together: 200 + 80 + 3 = ?
unit-trading,default,mcq,rich,22,8,0.17,1 ten and 9 ones,A learner has 13 loose ones and trades 10 for 1 ten. What remains?
tens-problems,packsKeep,numeric,rich,22,18,0.13,300,A school buys 8 packs of 70 pencils  then gives away 30. How many pencils remain?
line-plot,ddShapeFullStory,mcq,rich,22,11,0.21,Clustered at 2–3  followed by a gap and ,The data are 1  1  1  2  2  3  6. Which description tells the full story?
area-vs-perimeter,default,mcq,rich,22,9,0.21,Pen B  the 3-by-4 pen,Pen A is 1 by 11; Pen B is 6 by 6. Both have perimeter 24. Which encloses MORE area?
commutativity,flipSolve,numeric,rich,22,13,0.13,12,Zoe has to solve 6 × 2. Turning it around gives 2 × 6. What is 6 × 2?
distributive,variableBoth,numeric,rich,22,17,0.17,36,5(y + 4) expands to 5y + 20. Evaluate either form at y = 3.
distributive,factorEvaluate,numeric,rich,22,19,0.13,40,Factor 8 + 28 as 4 × (2 + 7)  then evaluate the product. What value do you get?
distributive,default,mcq,rich,22,16,0.13,4 × 5 + 4 × 4,Which split correctly breaks apart 4 × 7?
g7-read-scale,scaleMeaning,mcq,rich,22,8,0.21,Each centimeter on the blueprint represe,A blueprint uses the scale 1 cm = 2 m. What does this scale mean?
g7-scale-to-actual,default,numeric,rich,22,11,0.17,11,At the scale 1 cm = 4 m  how many centimeters should a 24 m walkway be in the drawing?
pr-unit-rate-g7,rrCostFromRate,numeric,rich,22,20,0.08,14,Apples cost $2 per pound. How much do 7 pounds cost  in dollars?
pr-unit-rate-g7,rrSpeed,proportionalReasoningLab,rich,22,12,0.17,4,A cyclist travels 16 miles in 4 hours at a steady pace. What is the speed in miles per hou
pr-unit-rate-g7,rrDistanceFromRate,proportionalReasoningLab,rich,22,19,0.13,24,A train covers 24 miles in 4 hours and keeps the same pace. How far does it travel in 6 ho
pr-unit-rate-g7,rrHoursFromEarnings,proportionalReasoningLab,rich,22,15,0.17,5,A job pays $4 per hour. How many hours are needed to earn $16?
pr-constant-k-g7,constantWhole,proportionalReasoningLab,rich,22,9,0.33,5,A table has pairs (2  10)  (3  15)  (6  30). What is the constant of proportionality?
pr-constant-k-g7,rrShrinkTest,mcq,rich,22,17,0.17,Yes — dividing both parts by 4 returns 4,A classmate claims 12 : 16 keeps the 3 : 4 mix. Does the shrink test agree?
pr-add-percent-g7,percentTip,numeric,rich,22,21,0.08,60,A restaurant bill is $50. With 20% tip  what is the total?
pr-add-percent-g7,percentTax,numeric,rich,22,20,0.13,86.4,A tablet costs $40. With 8% tax  what is the total?
pr-percent-change-g7,percentIncrease,numeric,rich,22,8,0.29,50,A price rises from 80 to 96. What is the percent change?
g7-signed-addition,diffPos,numeric,rich,22,11,0.17,6,−7 + 14 = ?
g7-signed-multiply-divide,mulSame,numeric,rich,22,19,0.13,56,−5 × (−7) = ?
g7-signed-multiply-divide,divDiff,numeric,rich,22,12,0.21,-6,8 ÷ (−4) = ?
g7-signed-multiply-divide,mixedMulSame,numeric,rich,22,20,0.13,15,−2 × (−3) = ?
g7-tse-expression-build,tseMixedChallenge,buildExpression,rich,22,19,0.13,[ -2x   +   18 ],Simplify: -6(x - 3) + 4x
g7-tse-inequality-build,graphBuild,numberLineRay,rich,22,22,0.08, >-1 ,Draw x ≥ -4. Set the circle at the right number  make it the right KIND of circle  and poi
g7-sp-sampling-bias,spBiasCivic,mcq,rich,22,14,0.17,Randomly select 200 residents from the c,A county wants to know whether residents support expanding library hours. Which method is 
g7-sp-counting-principle,spCountOutfitsChallenge,numeric,rich,22,15,0.13,42,A store offers 6 jackets and 5 pairs of pants. Choosing one of each  how many different ou
g7-sp-counting-principle,spCountOutfitsB,numeric,rich,22,14,0.21,24,A store offers 5 jackets and 3 pairs of pants. Choosing one of each  how many different ou
g8-esn-root-context,default,numeric,rich,22,13,0.21,5,A square tile has an area of 64 square centimeters. What is its side length  in centimeter
g8-rns-density,default,mcq,rich,22,9,0.17,3.6 and 3.7,3.1² = 9.61 and 3.2² = 10.24. So √10 is between:
g8-rns-root-estimate,rnsBoundsA,numeric,rich,22,9,0.21,5,Between which two consecutive whole numbers does √34 lie? Enter the smaller whole number.
g8-rns-compare-estimate,rnsCompareRootDecimal,mcq,rich,22,9,0.21,3.2  since 3.2 > √10 ≈ 3.162,Which is greater: √10 or 3.2?
g8-tm-cylinder-volume,tmCylinderTank,numeric,rich,22,22,0.08,144,A cylindrical water tank has radius 3 and height 11. What is its volume as a number times 
g8-tm-cone-volume,tmConeB,numeric,rich,22,20,0.13,288,A conical container has radius 4 and height 6. What is its volume as a number times π?
g8-tm-sphere-volume,tmSphereApprox,numeric,rich,22,16,0.13,75,The exact volume of a spherical tank is 24π cubic units. Using π ≈ 3.14  what is the volum
g8-les-system-graphing,default,numeric,rich,22,9,0.21,2,Where do y = x + 4 and y = 2x + 3 intersect? Give the x-coordinate.
g8-les-substitution-method,default,numeric,rich,22,11,0.25,5,Solve the system y = x − 2 and x + y = 8. What is x?
g8-fn-constant-slope,fgSlopePoints,numeric,rich,22,10,0.17,3,Find the slope of the line through (1  4) and (3  10).
g8-fn-constant-slope,fgSlopeFractionMcq,mcq,rich,22,12,0.13,1/2,A line passes through (0  0) and (5  3). What is its slope?
g8-fn-initial-value,default,numeric,rich,22,18,0.13,5,A table shows (0  5)  (1  8)  and (2  11). What is the initial value?
g8-fn-same-function-forms,fgFormsGraphBuild,buildExpression,rich,22,22,0.08,[ y   =   3   x   +   6 ],Build the equation of a line that crosses the y-axis at 1 and rises 3 for every 1 unit acr
g8-fn-same-function-forms,default,buildExpression,rich,22,22,0.08,[ y   =   7   x   +   14 ],Build the equation for a function that starts at 2 and rises 3 for each 1-unit increase in
k0-count-100,kTensNextMcq,mcq,rich,22,8,0.33,50,Counting by tens — what comes after 20?
g1-add-subtract,PartWholeMcq,mcq,rich,22,20,0.13,14 − 8 = ?,13 fruits in all. 7 are apples. Which equation finds the other fruits?
g1-add-subtract,ResultUnknownNumeric,numeric,rich,22,14,0.13,9,14 frogs sit by a pond. 5 hop away. How many are left?
g1-add-subtract,TakeAwayMcq,mcq,rich,22,15,0.13,Start with 7 and take away 4,What does 10 − 5 mean?
g1-add-subtract,TensPartnersMcq,mcq,rich,22,8,0.21,1 and 9,Which pair are partners of ten?
g1-add-subtract,default,numeric,rich,22,11,0.17,13,1 + 6 = ? Start at 6 and count on 1.
g1-counting-120,ChartFindNumeric,numeric,rich,22,22,0.08,116,Fill the missing number: 34  35  __  37.
g1-counting-120,CountSequenceNumeric,numeric,rich,22,22,0.08,81,What number comes right after 40?
g1-counting-120,TenMoreLessNumeric,numeric,rich,22,21,0.08,34,What is ten more than 24?
g1-tens-ones,TnoTenMoreLessNumeric,numeric,rich,22,22,0.08,52,30 + 10 = ?
g1-tens-ones,TnoTensOnesNumeric,numeric,rich,22,9,0.29,1,How many tens are in 16?
g1-tens-ones,default,numeric,rich,22,19,0.13,97,32 + 10 = ?
g2-fluency,FlFactFamilyNumeric,numeric,rich,22,10,0.21,3,Fact family 3  8  11: knowing 3 + 8 = 11  what is 11 − 8?
g2-fluency,FlSpeedAddNumeric,numeric,rich,22,14,0.13,10,Answer fast: 7 + 3 = ?
g2-fluency,FlSpeedSubNumeric,numeric,rich,22,12,0.17,8,Answer fast: 10 − 5 = ?
g2-measure-money-time,MmtRulerSubtractNumeric,numeric,rich,22,8,0.21,4,An object starts at 4 and ends at 8 on a centimeter ruler. How long is it?
g2-place-value-1000,Pv1000CountForwardNumeric,numeric,rich,22,18,0.08,300,Count forward from 290 by 5s  2 times. What number do you land on?
g3-mult-fluency,MultMixedLargeNumeric,numeric,rich,22,16,0.21,0,2 × 5 = ?
g3-mult-fluency,MultWholeTableNumeric,numeric,rich,22,18,0.13,40,7 × 9 = ?
g3-div-fluency,DivMissingNumeric,numeric,rich,22,8,0.25,7,5 × ? = 30
g3-div-fluency,DivMixedNumeric,numeric,rich,22,9,0.17,3,8 ÷ 2 = ?
g4-fractions,faEquivalenceRecapNumeric,numeric,rich,22,15,0.13,20,1/3 = ?/6. What numerator makes the fractions equivalent?
g4-fractions,faWholeTimesFractionNumeric,numeric,rich,22,17,0.13,40,Compute 5 × 3/5. Before converting to a mixed number  what is the numerator?
g4-decimals,dHundredthsWriteNumeric,numeric,rich,22,22,0.08,0.44,A unit square is split into 100 equal cells  and 3 of them are shaded. Write the shaded am
g4-decimals,dHundredthsCellsNumeric,numeric,rich,22,22,0.08,33,A hundredths grid has 100 equal cells. How many cells must be shaded to show 0.33?
g4-measure,mcBenchmarkAnglesNumeric,numeric,rich,22,21,0.08,71,An angle of 37° must be completed to 90°. How many more degrees are needed?
g4-multiply,mbTimesAsManyNumeric,numeric,rich,22,19,0.13,114,A large collection has 2 times as many objects as a collection of 6. How many objects are 
a1-exponential,exp-graph-read__numeric,exactNumberLab,rich,22,11,0.17,10,For f(x) = 2 · 2^x  what is the y-intercept?
a1-exponential,exp-growth-decay__numeric,exactNumberLab,rich,22,15,0.21,2,Evaluate f(x) = 80 · (1/4)^x at x = 2.
a1-polynomials,exponent-zero-negative__mcq,mcq,rich,22,12,0.21,1/16,What is 2^(-3)?
a1-polynomials,default,mcq,rich,22,13,0.21,x^2 - 36,Expand (x + 8)(x + 8).
a1-linear-functions,intercepts__numeric,exactNumberLab,rich,22,12,0.17,-3,For y = 3x + 8  what is the y-intercept?
a1-linear-functions,slope-intercept-graph__numeric,exactNumberLab,rich,22,10,0.17,0,For y = 2x + 0  what is the y-intercept?
a1-linear-functions,standard-form__numeric,exactNumberLab,rich,22,15,0.17,6,For 5x + 3y = 150  find the x-intercept.
a2-transformations,ft-arith__numeric,numeric,rich,22,11,0.25,-1,Let f(x)=x² and g(x)=2x − 4. Find (f−g)(5).
a2-transformations,ft-inverse-graph__pointEntry,pointEntry,rich,22,22,0.08,[1 -2],The graph of f contains (-2  1). Enter the point on f⁻¹.
a2-polynomials,pf-factor-thm__mcq,mcq,rich,22,8,0.17,x − 4,If f(1)=0  which factor is guaranteed?
a2-radicals,re-domains__mcq,mcq,rich,22,10,0.21,(-5  0),Where does y=√(x − 0) begin?
a2-rationals,rf-mixed__mcq,mcq,rich,22,9,0.21,x ≠ 0  -1  1,For (x²−4)/x · x/(x+2) ÷ (x−2)/2  which values are excluded?
a2-rationals,rf-variation__numeric,exactNumberLab,rich,22,16,0.21,8,y varies inversely with x. If y=5 when x=5  find y when x=6.
a2-trig,tf-model__numeric,numeric,rich,22,13,0.21,29,For h(t)=17−8cos(2πt/20)  find h(10).
g6-center-spread,ddMedianEven,numeric,rich,21,13,0.17,11,What is the median of the sorted data 5  7  8  14  17  20?
g6-center-spread,ddIqrGiven,numeric,rich,21,9,0.25,8,A data set has Q1 = 2 and Q3 = 6. What is the IQR?
prob-fraction,relFreq,fractionEntry,rich,21,21,0.08,{ whole :0  num :7  den :10},A spinner landed on red 33 times out of 40 spins. What is the relative frequency of red? G
seq-recursive,affine,numeric,rich,21,16,0.08,9,Using a₁ = 3  aₙ = 2·aₙ₋₁ − 1  what is a₃?
cn-cts-vertex,yCoord,numeric,rich,21,18,0.13,1,Convert y = x² + 8x + 7 to vertex form. What is the y-coordinate of the vertex?
cn-cts-vertex,minValue,numeric,rich,21,19,0.13,-1,What is the MINIMUM value of y = x² + 4x + 6?
mixed-convert,default,mixedRegroup,rich,21,15,0.17,{ whole :2  num :2  complete :true},Convert 13/5 to a mixed number. Make wholes until the leftover is smaller than one whole.
frac-unlike-addsub,subBare,fractionEntry,rich,21,21,0.13,{ whole :0  num :2  den :15},3/5 − 1/4 = ?
frac-multiply,denominatorOnly,numeric,rich,21,14,0.13,4,3/7 × 7/12 = 21/84. In lowest terms this is 1 over what number?
frac-multiply,default,fractionEntry,rich,21,19,0.13,{ whole :0  num :1  den :2},3/4 × 5/6 = ? (multiply across  then simplify)
pq-trapezoid,isoscelesTop,numeric,rich,21,21,0.08,124,An isosceles trapezoid has a bottom base angle of 58°. Find each TOP base angle (in degree
pq-trapezoid,default,numeric,rich,21,19,0.08,21,A trapezoid's midsegment is 15 and one base is 6. Find the other base.
pq-para-side,perimeter,numeric,rich,21,16,0.17,48,A parallelogram has adjacent sides 6 and 13. Its perimeter?
gf-segment-add,coordMid,numeric,rich,21,12,0.13,9,Endpoints of a segment have coordinates 4 and 14. What is the coordinate of the midpoint?
partial-products,default,numeric,rich,21,20,0.13,172,The partial products for 43 × 4 are 160 and 12. What is their total?
two-row-multiply,scaffoldTotal,numeric,rich,21,21,0.08,816,Compute 24 × 34 with the two-row method: 24 × 4 = 96  then 24 × 30 = 720. What is the tota
equiv-test,default,numeric,rich,21,17,0.17,18,Is 3(w + 5) equivalent to 3w + 5? Evaluate 3(w + 5) at w = 6 to start the test.
power-product,mixedPowerOrder,numeric,rich,21,20,0.08,49,Evaluate 4 + 5 × 3^2.
variable-meaning,busOff,numeric,rich,21,14,0.17,20,A bus carries p passengers; 6 get off. Write the expression for who's left  then evaluate 
limit-laws,polySub,numeric,rich,21,15,0.13,3,Find lim(x→2) (x² − 2x + 3) by substitution.
subtract-within-100,minusTens,numeric,rich,21,18,0.17,26,56 − 30 = ?
subtract-within-20,countBack,numeric,rich,21,10,0.17,4,6 − 2 = ? (Count back 2 from 6.)
coin-total,default,moneyBoard,rich,21,15,0.17,{ counted :[]  entry :55},How many cents is 4 quarters?
pct-of-number,rrPercentOver100,numeric,rich,21,20,0.13,150,What is 125% of 120?
pct-of-number,rrWholeFromPercent,numeric,rich,21,16,0.17,40,25% of a number is 10. What is the whole number?
pct-of-number,rrPercentContext,proportionalReasoningLab,rich,21,20,0.13,12,A team won 25% of its 120 games. How many games did it win?
dr-power-rule,default,numeric,rich,21,19,0.13,18,f(x) = 3x^2. Find f′(3).
dr-chain-rule,default,numeric,rich,21,18,0.17,20,f(x) = (2x + 1)^2. Find f′(2).
frac-sign-ops,mulDiff,signedFractionLab,rich,21,12,0.21,{ sign :-1  whole :0  num :1  den :5},-3/4 × 1/3 = ?
decimal-representation,leadingZeroCompare,mcq,rich,21,8,0.21,No — 0.09 is ten times smaller,Are 0.8 and 0.08 equal?
choose-rule,cubicProduct,numeric,rich,21,17,0.13,15,f(x) = x²(x − 2) + 8x. Find f′(4).
arc-measure,default,numeric,rich,21,21,0.08,250,A central angle of 101° marks off a minor arc of 101°. What is the measure of the MAJOR ar
thales-right-angle,default,numeric,rich,21,21,0.08,61,Triangle ABC is inscribed with AB a diameter. Angle A = 60°. Find angle B.
triangle-area-calc,default,numeric,rich,21,16,0.13,28,A triangle has base 8 and height 8. What is its area?
conditional-prob,formula,numeric,rich,21,14,0.17,0.15,P(A ∩ B) = 0.28 and P(B) = 0.4. Find P(A | B).
independence-test,plainProduct,numeric,rich,21,16,0.13,36,200 people. P(A) = 0.6  P(B) = 0.5  and A and B are **independent**. How many people are i
step-function,absPiecewise,mcq,rich,21,8,0.25,3 − x if x < 3;  x − 3 if x ≥ 3,Which piecewise definition equals |x − 3|?
combined-shift,domainStart,numeric,rich,21,10,0.17,8,What is the smallest allowed x for y = √(x − 12) + 3?
prism-surface-area,totalSA,numeric,rich,21,19,0.13,192,A prism has a right-triangle base with legs 3 and 4 (hypotenuse 5) and is 3 long. What is 
box-volume,stackedCubes,numeric,rich,21,16,0.13,8,A model has 8 unit cubes in its bottom layer and 4 more cubes stacked on top. What is its 
fraction-volume,default,numeric,rich,21,19,0.17,66,Find the volume of a box 5½ × 6 × 2.
unknown-letter,solveAdd,numeric,rich,21,11,0.17,7,Which value of x makes x + 3 = 6 true?
unknown-letter,feeSolve,numeric,rich,21,12,0.17,16,After a $4 fee is added  the total is $12. Write and solve an equation for the original pr
build-fraction,trayRemainder,numeric,rich,21,8,0.25,5,A veggie tray has 12 equal cups. 4 hold grapes and 3 hold berries; every other cup holds m
elapsed-time,default,numeric,rich,21,8,0.21,35,An activity runs from 10:45 to 11:25. How many minutes does it last?
perimeter,default,numeric,rich,21,13,0.17,30,A rectangle is 11 cm long and 6 cm wide. What is its perimeter?
zero-pattern,zeroProductB,numeric,rich,21,19,0.08,400,6 × 20 = ?
tens-problems,chairRows,numeric,rich,21,19,0.13,120,Chairs are arranged in 4 full rows of 60. How many chairs are there?
area-distributive,splitGiven,numeric,rich,21,17,0.13,32,Find the area of a 5-by-4 rectangle by splitting 4 into 2 + 2. What is the total area?
mass,mixedTotal,numeric,rich,21,11,0.17,6,A crate holds 6 kg of apples. A grocer adds 3 000 g of bananas. What is the total in KILOG
distributive,factorGcf,numeric,rich,21,9,0.21,5,Factor 15 + 35 as (GCF) × (sum). What greatest common factor belongs out front?
unknown-position,missingCount,numeric,rich,21,9,0.17,5,A mystery number of boxes each hold 5 markers. There are 25 markers in all. How many boxes
g7-triangle-inequality,upperBoundary,numeric,rich,21,15,0.13,15,Two sides of a triangle are 5 and 7. What upper-boundary length equals their sum and there
pr-constant-k-g7,rrTablePartner,numeric,rich,21,18,0.13,20,A ratio table begins 4 : 5. What number pairs with 16?
pr-constant-k-g7,rrDoubleLineSmall,numeric,rich,21,15,0.25,10,A double number line aligns 12 laps with 16 minutes. How many minutes align under 3 laps?
pr-graph-rate-g7,graphRateRead,pointSetReasoningLab,rich,21,8,0.25,4,The graphed point (5  15) lies on a proportional line. What is the unit rate?
pr-graph-rate-g7,default,numeric,rich,21,8,0.25,3,The graphed point (4  24) lies on a proportional line. What is the unit rate?
g7-signed-addition,mixedNeg,numeric,rich,21,8,0.25,-7,−12 + 8 = ?
g7-signed-multiply-divide,mulDiff,numeric,rich,21,20,0.08,-12,3 × (−5) = ?
g7-mixed-rational,integerProduct,exactNumberLab,rich,21,18,0.13,40,−3 × (−5) = ?
g7-tse-expression-build,tseCombineDistMinus,buildExpression,rich,21,21,0.08,[ 4x   +   24 ],Simplify: -4(x - 6) + 8x
g7-tse-expression-build,tseMixedPlus,buildExpression,rich,21,20,0.08,[ 2x   -   12 ],Simplify: -4(x + 4) + 6x
g7-tse-expression-build,tseMixedSameNeg,buildExpression,rich,21,12,0.17,[ -   14   x ],Simplify: -6x - 8x
g7-tse-evaluate-distribution,tseEvalDist,numeric,rich,21,14,0.21,-12,Evaluate 2(x - 8) at x = 2.
g7-tse-evaluate-distribution,default,numeric,rich,21,15,0.13,-6,Evaluate 2(x - 7) at x = 4.
g7-tse-balance-solve,tseBalanceA,solveBalance,rich,21,8,0.33,{ leftX :1  leftUnits :0  rightUnits :7},Solve 3x + 1 = 22 on the balance. Remove equal tiles from both pans  then split into equal
g7-tse-balance-solve,default,solveBalance,rich,21,8,0.29,{ leftX :1  leftUnits :0  rightUnits :4},Solve 6x + 4 = 40 on the balance. Remove equal tiles from both pans  then split into equal
g7-tse-inequality-build,tseIneqPosD,buildExpression,rich,21,8,0.21,[ x   >   2 ],Solve: 3x + 5 > 11
g7-tse-inequality-build,graphToInequality,buildExpression,rich,21,21,0.08,[ x   ≥   10 ],A number line shows an OPEN circle at -5 with the arrow pointing RIGHT. Which inequality d
g7-tse-inequality-build,atMostBoundary,mcq,rich,21,11,0.25,Yes — “at most” includes the maximum 13,A cooler holds at most 8 drinks: w ≤ 8. Does w = 8 satisfy the inequality?
g7-sp-sampling-bias,spBiasCustomer,mcq,rich,21,14,0.17,Randomly select 200 customers from the c,A company wants to estimate overall customer satisfaction. Which method is least biased?
g7-sp-sampling-bias,spBiasSchool,mcq,rich,21,12,0.17,Randomly select 200 students from the co,A school wants to know how students usually travel to school. Which method is least biased
g7-sp-counting-principle,spCountOutfitsA,numeric,rich,21,15,0.13,14,A store offers 4 sweaters and 4 pairs of pants. Choosing one of each  how many different o
g8-esn-root-context,esnRootCubeLarge,numeric,rich,21,8,0.21,7,A cube-shaped crate has a volume of 512 cubic feet. What is its edge length  in feet?
g8-tm-rigid-motion,tmTransformSort,dragBucket,rich,21,21,0.13,{ slide 4 units right : Translation   co,Sort each description by the transformation it names.
g8-tm-transversal,tmTransversalAlternate,numeric,rich,21,21,0.13,80,A transversal crosses two parallel lines. One alternate interior angle is 118°. What is th
g8-tm-transversal,tmTransversalSupplement,numeric,rich,21,21,0.08,76,A corresponding angle measures 118°. What is the adjacent angle on the straight line?
g8-tm-cylinder-volume,tmCylinderA,numeric,rich,21,21,0.08,128,A cylinder has radius 4 and height 8. What is its volume as a number times π?
g8-tm-cylinder-volume,tmCylinderB,numeric,rich,21,21,0.08,1152,A storage cylinder has radius 9 and height 9. What is its volume as a number times π?
g8-tm-cone-volume,tmConeFromCylinder,numeric,rich,21,21,0.13,24,A cone has the same base and height as a cylinder whose volume is 45π. What is the cone's 
g8-tm-cone-volume,default,numeric,rich,21,18,0.13,216,A cone-shaped mold has radius 5 and height 6. What is its volume as a number times π?
g8-tm-sphere-volume,default,numeric,rich,21,9,0.17,288,A spherical sculpture has radius 6. What is its volume as a number times π?
g8-les-distribute-solve,lesExpandMatch,matchPairs,rich,21,19,0.13,{ 3(x + 3) : 3x + 9   4(x − 3) : 4x − 12,Match each product to its correct expansion.
g8-les-system-graphing,lesGraphXBasic,numeric,rich,21,10,0.17,5,Where do y = 2x − 1 and y = x + 2 intersect? Give the x-coordinate.
g8-les-system-graphing,lesGraphYGiven,numeric,rich,21,12,0.17,4,Where do y = 2x + 2 and y = x + 3 intersect? Give the y-coordinate.
k0-count-100,kSeqNextHop,numberLineHop,rich,21,21,0.08,34,What number comes right after 33? Hop one and tap where you land.
k0-count-100,default,numberLineHop,rich,21,21,0.08,25,What number comes right after 24? Hop one and tap where you land.
g1-add-subtract,UnknownNumeric,numeric,rich,21,9,0.17,6,5 + ? = 15. What is the missing number?
g1-counting-120,ChartPatternNumeric,numeric,rich,21,21,0.08,35,What is ten more than 43 on a number chart?
g1-counting-120,TensOnesBaseTenCompose,baseTenCompose,rich,21,21,0.08,{ hundreds :0  tens :4  ones :0},Build 40 with ten-rods and one-cubes.
g1-counting-120,default,numeric,rich,21,21,0.08,106,Fill the missing number: 54  55  __  57.
g2-add-subtract-100,Fluency20Numeric,numeric,rich,21,12,0.21,10,4 + 3 = ?
g4-fractions,faWholeTimesFractionMixed,mixedRegroup,rich,21,13,0.21,{ whole :1  num :0  complete :true},Build 4 × 2/5 as 8/5  then exchange complete wholes.
g4-decimals,dMoneyNumeric,numeric,rich,21,21,0.08,0.68,A pocket holds 2 dimes and 4 pennies. Write the total amount in dollars as a decimal.
g4-multiply,mbFactorsNumeric,numeric,rich,21,8,0.25,7,9 × ? = 45. What is the missing factor?
g4-multiply,mbMultiplyTensNumeric,numeric,rich,21,19,0.08,320,Compute 4 × 30.
a1-quadratics,quad-standard-axis__numeric,numeric,rich,21,13,0.13,2,For y = x^2 + 10x + 20  what is the y-coordinate of the vertex?
a1-radicals,rad-multiply__numeric,exactNumberLab,rich,21,13,0.21,24,Evaluate sqrt(6) · sqrt(384).
a2-polynomials,pf-div-theorems__buildExpression,buildExpression,rich,21,21,0.08,[ x = -3   x = 2   x = 5 ],Build all zeros of f(x)=(x + 3)(x − 1)(x−4).
a2-polynomials,pf-synthetic__numeric,exactNumberLab,rich,21,10,0.21,0,A synthetic-division bottom row is 1  3  | 0. What is the remainder?
a2-rationals,rf-work__numeric,exactNumberLab,rich,21,21,0.08,3.2307692308,One machine finishes a job in 3 hours and another in 7 hours. How long together?
a2-statistics,si-pvalue-idea__numeric,numeric,rich,21,19,0.13,3.5,4 of 250 null-model simulations are at least as extreme as observed. Find the p-value as a
match-object-shape,solids,matchPairs,rich,20,15,0.17,{ a dice : cube   a party hat : cone   a,Match each thing to its solid shape.
ellipse-axes,default,numeric,rich,20,10,0.29,6,For x²/36 + y²/16 = 1  what is the semi-major axis length a?
trig-model,default,numeric,rich,20,16,0.13,69,A ferris wheel follows h(t) = 18 − 16 cos t. What is the rider's MAXIMUM height  in feet?
multiple-find,default,numeric,rich,20,14,0.17,42,What is the 8th multiple of 5?
mixed-convert,toImproper,mixedRegroup,rich,20,15,0.13,{ whole :0  num :11  complete :true},Convert 2 1/5 to an improper fraction. Break every whole into 5 parts.
grid-count,colTrap,numeric,rich,20,15,0.13,12,A rectangle is partitioned into 2 rows and 6 columns of unit squares. How many unit square
grid-count,default,numeric,rich,20,14,0.17,24,A rectangle is partitioned into 2 rows and 3 columns of unit squares. How many unit square
pq-trapezoid,largestAngle,numeric,rich,20,20,0.08,125,An isosceles trapezoid has a bottom base angle of 55°. What is its LARGEST angle  in degre
pq-para-angle,default,numeric,rich,20,20,0.13,51,In parallelogram ABCD  ∠A = 63°. Find ∠C (the opposite angle).
measure-word,sliceOff,numeric,rich,20,19,0.08,490,A 800 g block of cheese has 390 g sliced off. How many grams remain?
measure-word,unitMix,numeric,rich,20,8,0.21,4,A stand makes 5 L of lemonade in one jug and 5 000 mL in another (1 000 mL = 1 L). They se
area-compose,plusSign,numeric,rich,20,17,0.13,19,A plus-sign is built from a center square of area 8 and four arms  each of area 5. What is
fn-evaluate,mulOnly,numeric,rich,20,15,0.13,28,For f(x) = 3x  what is f(7)?
decimal-compute,divCompute,numeric,rich,20,10,0.21,9,Compute 7.7 ÷ 0.7.
negative-intro,absoluteNumeric,numeric,rich,20,18,0.21,7,What is |-7|?
grouping-first,wordSubtractMultiply,numeric,rich,20,19,0.13,33,“Subtract 4 from 13  then multiply by 2” is (13 − 4) × 2. What does it equal?
decimal-shift-divide,shiftBoth,placeValueTransformLab,rich,20,10,0.17,9,2.1 ÷ 0.7 — shift both one place to get 21 ÷ 7. What is the quotient?
power-ten-exponent,threeStep,placeValueTransformLab,rich,20,8,0.29,1,10⁷ × 10⁻⁸ ÷ 10⁻² = 10^x. What is x?
eval-expression,default,numeric,rich,20,17,0.13,28,Evaluate 3x − 3 at x = 4.
linear-predict,default,numeric,rich,20,13,0.17,13,A line of best fit is y = 2x + 7. Predict y when x = 3.
circle-sector,arcMeasure,numeric,rich,20,8,0.29,180,A circle has radius 6  and an arc on it has length 7.54. Find the arc's degree measure (2 
metric-convert,customary,numeric,rich,20,15,0.21,7,2 gal = how many qt? (1 gal = 4 qt)
metric-convert,rrMinutesSeconds,numeric,rich,20,20,0.13,300,How many seconds are in 5 minutes?
coordinate-plot,cgYCoordinate,numeric,rich,20,8,0.25,8,A point is 3 units right and 2 units up. What is its y-coordinate?
coordinate-plot,cgPathLength,pointSetReasoningLab,rich,20,9,0.29,9,A walker goes from (1  2) straight north to (1  8)  then straight east to (9  8). How many
matrix-apply,swap,pointEntry,rich,20,20,0.08,[5 4],Apply [[0  1]  [1  0]] to ⟨1  5⟩.
share-division,eachShare,numeric,rich,20,7,0.33,7,18 grapes are shared equally among 3 kids. How many grapes does each kid get?
triangle-area-calc,slantDistractor,numeric,rich,20,12,0.13,40,A tilted triangle has base 8  a slanted side of length 5  and a perpendicular height of 4.
independence-test,factory,numeric,rich,20,14,0.21,64,A factory makes 4000 items. 40% come from machine A  and 4% of all items are defective. If
extrema-value,absMinValue,numeric,rich,20,8,0.25,3,y = |x − 8| + 1 has an absolute minimum. What is its VALUE?
prism-surface-area,default,numeric,rich,20,15,0.17,96,A prism is 4 long and its triangle's three sides are 5  12  and 13. What is the total area
perimeter,gardenFence,numeric,rich,20,12,0.17,30,A rectangular garden is 10 m long and 9 m wide. How many meters of fencing enclose it?
zero-pattern,zeroProductA,numeric,rich,20,17,0.13,240,7 × 90 = ?
line-plot,quarterNumerator,numeric,rich,20,13,0.17,18,A line plot has 1 mark at 1/4 ft  4 at 1/2 ft  and 3 at 3/4 ft. Write the total as ?/4 ft.
tiling,unequalRows,numeric,rich,20,11,0.21,9,A shape is covered with unit squares: 6 squares in the top row and 3 in the bottom row. Wh
tiling,equalRows,numeric,rich,20,16,0.17,20,A patio has 6 equal rows of 6 unit-square tiles  with no gaps or overlaps. What is its are
commutativity,arrayBuild,buildExpression,rich,20,20,0.13,[ 2   ×   4 ],A poster shows 2 rows with 4 stars in each row. Build a multiplication for the total stars
distributive,rowsSold,numeric,rich,20,15,0.17,20,A bakery tray holds 8 rows with 7 rolls in each row. 3 full rows are sold. How many rolls 
mult-patterns,timesTableStep,numeric,rich,20,12,0.21,24,Maya stands on the square 5 × 4 in the times table. Maya moves one row down  staying in th
g7-read-scale,scaleFence,numeric,rich,20,18,0.17,12,At the scale 1 cm = 3 m  a fence measures 5 cm in the drawing. How long is the real fence 
g7-read-scale,scaleCompare,numeric,rich,20,9,0.21,8,On a 1 cm = 2 m plan  Room A measures 8 cm and Room B measures 3 cm. How many real meters 
g7-scaled-area,roomScaledArea,geometricConstraintLab,rich,20,18,0.17,48,A room measures 2 cm × 3 cm on a plan with scale 1 cm = 2 m. What is the real area  in squ
pr-unit-rate-g7,rrRateDiscount,proportionalReasoningLab,rich,20,17,0.08,18,Fruit costs $6 per pound. You buy 4 pounds  then take 25% off the total. What is the final
pr-constant-k-g7,rrEquivalentScale,numeric,rich,20,16,0.13,35,A recipe uses 4 cups flour for every 5 cups milk. A batch uses 8 cups flour. How many cups
pr-graph-rate-g7,graphStoryRead,pointSetReasoningLab,rich,20,8,0.21,3,The graphed point (4  24) represents a printer producing 24 pages in 4 minutes. What is th
g7-signed-addition,diffNeg,numeric,rich,20,10,0.21,-8,−14 + 6 = ?
g7-signed-multiply-divide,default,numeric,rich,20,18,0.13,42,−6 × (−5) = ?
g7-tse-expression-build,tseCombineDiff,buildExpression,rich,20,7,0.25,[ -   6   x ],Simplify: 5x - 11x
g7-tse-expression-build,tseCombineSameNeg,buildExpression,rich,20,13,0.17,[ -   15   x ],Simplify: -8x - 6x
g7-tse-balance-solve,tseBalanceC,solveBalance,rich,20,8,0.25,{ leftX :1  leftUnits :0  rightUnits :7},Solve 6x + 1 = 13 on the balance. Remove equal tiles from both pans  then split into equal
g7-sp-sampling-bias,default,mcq,rich,20,13,0.17,Randomly select 200 residents from the c,A city wants to know how residents feel about a proposed public park. Which method is leas
g8-esn-root-context,esnRootSquare,numeric,rich,20,15,0.13,9,A square patio has an area of 100 square feet. What is its side length  in feet?
g8-tm-transversal,default,numeric,rich,20,20,0.13,36,A transversal crosses two parallel lines. One alternate interior angle is 100°. What is th
g8-les-substitution-method,lesSubstituteAffine,numeric,rich,20,11,0.13,5,Solve the system y = 2x − 2 and x + y = 13. What is x?
g8-les-systems-word,lesWordPurchase,affineRelationshipLab,rich,20,11,0.17,3,A pen and a book cost $7 together. The book costs $1 more than 2 times the pen. Using y = 
g8-fn-constant-slope,fgSlopeSimilarTriangles,numeric,rich,20,15,0.13,8,A small slope triangle has rise 4 and run 2. A similar triangle on the same line has run 6
g8-fn-constant-slope,default,numeric,rich,20,16,0.21,6,A small slope triangle has rise 4 and run 1. A similar triangle on the same line has run 2
k0-add-subtract,KoaTakeAwayNumeric,numeric,rich,20,7,0.33,3,There are 5 cookies. You eat 3. How many cookies are left?
k0-add-subtract,KoaSubActOutNumeric,numeric,rich,20,7,0.29,3,5 children are playing. 2 go home. How many children are still playing?
g1-add-subtract,EqualSignNumeric,numeric,rich,20,7,0.21,3,Make both sides equal: 5 + 4 = 6 + ?
g1-add-subtract,PartWholeNumeric,numeric,rich,20,11,0.25,11,9 red counters and 9 blue counters. How many counters in all?
g1-counting-120,CountSequenceNumberLineHop,numberLineHop,rich,20,20,0.08,72,What number comes right after 20? Hop one forward and tap where you land.
g1-counting-120,SkipTenNumeric,numeric,rich,20,20,0.13,107,Skip-count one ten: 20 + 10 = ?
g1-tens-ones,TnoBlocksNumeric,numeric,rich,20,20,0.08,11,9 ten-rods and 0 one-cubes show what number?
g2-place-value-1000,Pv1000SkipFivesNumeric,numeric,rich,20,20,0.08,865,Skip-count by 5s: 790  795  800  ___?
g3-mult-fluency,MultFactFamilyNumeric,numeric,rich,20,13,0.21,8,Fact family 6  7  42: knowing 6 × 7 = 42  what is 7 × 6?
g3-div-fluency,DivThinkMultNumeric,numeric,rich,20,8,0.25,9,72 ÷ 8 = ? Think: 8 × ? = 72.
g4-fractions,faSimplifyNumeric,numeric,rich,20,8,0.46,1,Simplify 3/6 to lowest terms. What is the simplified numerator?
g4-decimals,dAddTenthHundredthNumeric,numeric,rich,20,20,0.08,0.57,Add 0.3 + 0.03. Write the sum as a decimal.
a1-exponential,exp-vs-linear__numeric,exactNumberLab,rich,20,19,0.13,162,For the exponential f(x) = 6 · 3^x  find f(3).
a1-polynomials,factor-trinomial__numeric,numeric,rich,20,7,0.29,3,For x^2 + 8x + 15  find the smaller of the two integers that multiply to 15 and add to 8.
a1-polynomials,poly-special-products__mcq,mcq,rich,20,12,0.17,x^2 + 14x + 49,Expand (x + 7)(x + 7).
a1-functions-sequences,fn-choose-formula__numeric,numeric,rich,20,17,0.13,320,A geometric sequence has a1 = 5 and common ratio 4. What is a7?
a1-linear-functions,intercepts__buildExpression,buildExpression,rich,20,20,0.08,[ y =   5x   - 6 ],Build the equation of the line with slope 3 and y-intercept 1.
a1-solving-equations,literal-frac__numeric,numeric,rich,20,9,0.21,8,A triangle has area 10.5 and base 7. Find its height.
a2-complex,cn-complex-plane__plotPoint,plotPoint,rich,20,20,0.08,[{ x :1  y :3}],Plot z = -3 − 1i.
a2-radicals,re-domains__numeric,exactNumberLab,rich,20,10,0.17,-1,The domain of f(x)=√(3x + 6) is x≥q. Find q.
a2-series,sr-geo-apply__numeric,numeric,rich,20,20,0.13,605,A geometric payout starts at 5 and multiplies by 2 each week for 7 weeks. Find the total.
a2-series,sr-inf-apply__numeric,numeric,rich,20,18,0.13,45,A ball drops 6 m and rebounds 3/4 of each previous height. Count all upward and later down
g6-center-spread,ddCapMean,numeric,rich,19,14,0.17,10,A data set has sum 28 across 7 observations. What is the mean?
prob-fraction,spinner,fractionEntry,rich,19,16,0.13,{ whole :0  num :5  den :6},A spinner has 8 equal sections  3 of them blue. What is the probability of landing on blue
parabola-shifted,focusY,numeric,rich,19,8,0.33,5,For (x + 3)² = 8(y − 4)  what is the y-coordinate of the focus?
sr-recursive,affine,numeric,rich,19,15,0.13,11,Using a₁ = 3  aₙ = 2·aₙ₋₁ − 1  what is a₃?
cn-conjugate,product,numeric,rich,19,14,0.17,13,What is (4 + 2i)(4 − 2i)?
cn-disc-repeat,default,numeric,rich,19,16,0.13,-11,For x² − 3x + 5 = 0  what is the discriminant?
cn-solve-any,shiftedSquare,numeric,rich,19,13,0.13,7,Solve (x − 3)² = 16. What is the LARGER solution?
frac-multiply,noticeShared,fractionEntry,rich,19,9,0.25,{ whole :0  num :1  den :2},2/9 × 9/4 = ? (notice the 9s)
frac-multiply,unitGrid,fractionGrid,rich,19,19,0.13,{ rows :2  cols :3  shadeR :1  shadeC :1,1/2 × 1/5 = ? Build the first factor with rows and the second with columns.
pq-kite,kiteArea,numeric,rich,19,18,0.13,60,A kite has diagonals 8 and 10. Its area = ?
pq-kite,solveDiagonal,numeric,rich,19,8,0.29,12,A kite must enclose 60 cm² of fabric  and one diagonal (the spine) is 10 cm. How long must
pq-para-angle,consecutive,numeric,rich,19,19,0.13,124,Same parallelogram (∠A = 46°). Find ∠B (consecutive to ∠A).
gf-segment-add,halfToWhole,numeric,rich,19,19,0.13,42,M is the midpoint of segment AB  and AM = 11. Find AB.
fn-arith-seq,nthNeg,numeric,rich,19,15,0.17,30,For a_1 = 40  d = -5  what is the 8th term?
fraction-of,bareOf,numeric,rich,19,9,0.21,6,What is 3/5 of 15?
grouping-first,mulGroup,exactNumberLab,rich,19,12,0.17,40,What is 5 × (5 + 2)?
grouping-first,powerMulEval,evalOrder,rich,19,19,0.13,12,Evaluate 4 × 5^2. Tap an operator to work it out.
grouping-first,default,exactNumberLab,rich,19,14,0.21,12,What is (7 − 2) × 3?
decimal-shift-divide,bareDivide,placeValueTransformLab,rich,19,9,0.21,3,2.1 ÷ 0.3. What is the quotient?
power-product,sumPowers,numeric,rich,19,14,0.13,13,Evaluate 5^2 + 7^2.
lcm-pair,gcfContext,numeric,rich,19,9,0.29,5,A teacher has 10 red counters and 15 blue counters. She makes identical groups with one co
lcm-pair,gcfThree,numeric,rich,19,9,0.25,3,Find the greatest common factor of 12  16  and 20.
variable-meaning,shirtsCost,numeric,rich,19,15,0.17,16,Shirts cost $4 each: cost = 4 × shirts. If someone buys 4 shirts  what is the total cost?
geo-series,default,numeric,rich,19,19,0.08,90,a₁ = 6  r = 2  n = 4. Find S₄.
circle-sector,sectorArea,numeric,rich,19,19,0.13,31.68,Radius 5  central angle 45°. Sector area (2 decimals) = ?
subtract-within-20,factFamily,numeric,rich,19,11,0.17,8,11 − 3 = ? (Think: ? + 3 = 11.)
angle-sum,missing,numeric,rich,19,19,0.08,25,Two angles sit on a straight line. One is 54°. What is the other?
unit-frac-divide,wholeCountNumeric,numeric,rich,19,15,0.17,18,4 ÷ 1/4: how many 1/4 pieces fit in 4?
fraction-meaning,default,fractionEntry,rich,19,8,0.25,{ whole :0  num :1  den :4},3 kids fair-share one pizza. Each kid's share is…
decimal-representation,wordBuildMixed,buildExpression,rich,19,19,0.13,[ six   and   nine   tenths ],Build the place-value reading of 6.9.
decimal-representation,wordToDecimal,numeric,rich,19,19,0.13,0.3,Write “fourteen hundredths” as a decimal.
line-plot-frac,default,fractionEntry,rich,19,11,0.17,{ whole :1  num :3  den :4},Total length of all ribbons in the plot (1/4 → XX  1/2 → XX  3/4 → —)?
sci-compute,divide,buildExpression,rich,19,8,0.29,[ 5   ×   10⁻³ ],(2 × 10⁵) ÷ (5 × 10⁸) = ?
coordinate-plot,default,pointEntry,rich,19,19,0.13,[8 2],Which ordered pair names the point 9 units right and 8 units up from the origin?
matrix-apply,default,pointEntry,rich,19,19,0.08,[3 -2],Apply [[1  0]  [0  −1]] to ⟨1  5⟩.
second-deriv-poly,default,numeric,rich,19,14,0.21,14,f(x) = x³ − 4x². Find f″(3).
inscribed-angle,arcFromAngle,numeric,rich,19,19,0.08,98,An inscribed angle measures 43°. The arc it opens onto measures ?
area-formula-pick,default,numeric,rich,19,16,0.25,56,A PARALLELOGRAM has base 6 and height 7 (same numbers as before). What is its area?
independence-def,formulaIndependent,numeric,rich,19,7,0.21,0.6,P(A) = 0.3  P(B) = 0.7  P(A ∩ B) = 0.21. Find **P(A | B)**.
composite-tri,default,numeric,rich,19,16,0.17,18,A house's triangular roof has base 13 and height 6. What is the roof's area?
range-floor,default,numeric,rich,19,15,0.13,-3,What is the minimum output of y = x² − 7?
stretch-scale,default,numeric,rich,19,17,0.13,-9,On the graph of y = −3√x  what is y when x = 9?
times-nine,theaterSeats,numeric,rich,19,19,0.08,42,A theatre has 9 rows with 9 seats in each row. Tonight 5 seats are empty. How many people 
box-volume,singleLayer,numeric,rich,19,18,0.13,8,One layer has 2 rows of 4 unit cubes. How many cubic units are in the layer?
equivalent-fractions,cupMark,numeric,rich,19,7,0.29,4,A recipe says  fill the cup to 2/3 . Ari's cup only has TWELFTH marks (?/12). Which mark s
unit-trading,tensAndOnes,numeric,rich,19,19,0.08,32,A jar holds 7 tens and 14 ones. What number is that?
mult-tens,tensProductB,numeric,rich,19,14,0.17,240,5 × 80 = ?
g7-circle-parts,radiusDifference,numeric,rich,19,7,0.25,4,A large circle has diameter 14 and a small circle has diameter 10. How much longer is the 
g7-circle-area,cylinderFromBase,numeric,rich,19,19,0.08,216,A cylinder has radius 6 and height 6. Using A = πr² for its circular base  what is the vol
pr-constant-k-g7,constantUse,proportionalReasoningLab,rich,19,16,0.13,15,A proportional table has constant of proportionality 5. When x = 3  what is y?
pr-constant-k-g7,rrRatioScale,numeric,rich,19,14,0.21,35,A bowl has 2 apples for every 3 oranges. When it has 6 apples  how many oranges keep the r
pr-constant-k-g7,rrSimplifyBuild,buildExpression,rich,19,7,0.21,[ 2   :   3 ],A garden has 6 tulips and 9 roses. Build the ratio of tulips to roses in simplest form.
pr-constant-k-g7,rrPartWholeWhich,mcq,rich,19,7,0.21,3 of every 8 students chose art,Which statement is a PART-TO-WHOLE comparison?
pr-constant-k-g7,rrTableMissingFirst,numeric,rich,19,15,0.17,9,A table for 4 : 5 has the row ? : 20. What is the missing first number?
pr-constant-k-g7,rrDoubleLineLarge,numeric,rich,19,15,0.17,40,A double number line aligns 15 laps with 25 minutes. How many minutes align under 24 laps?
pr-percent-change-g7,percentDecrease,numeric,rich,19,7,0.21,-25,A price falls from 40 to 32. What is the percent change? Enter a decrease as a negative pe
pr-percent-change-g7,default,numeric,rich,19,7,0.25,25,A price rises from 60 to 72. What is the percent change?
g7-complementary,cornerThree,numeric,rich,19,9,0.17,60,Three angles fit inside one square corner. Two measure 10° and 15°. What is the third angl
g8-esn-place-value,esnPlacePositive,placeValueTransformLab,rich,19,19,0.08,8000,6 × 10² = ?
g8-tm-cone-volume,tmConeA,numeric,rich,19,16,0.13,8,A cone has radius 2 and height 6. What is its volume as a number times π?
g8-fn-vertical-line,fgVltSort,dragBucket,rich,19,19,0.08,{ y = 6x + 7 : Passes   y = (x − 8)² + 7,Sort each equation by whether its graph passes the vertical-line test.
k0-add-subtract,KoaFingersNumeric,numeric,rich,19,9,0.17,9,Hold up 5 fingers on one hand and 4 on the other. How many fingers are up?
g0-counting,countSubtractLine,numberLineHop,rich,19,9,0.21,3,Start at 4. Hop back once by 1. Where do you land?
g0-shapes-sorting,shapeAnyWayTap,tapDiagram,rich,19,9,0.17,[ g1   g2   g3 ],Tap every circle  even when its size or direction is different.
g1-add-subtract,FactFamilyNumeric,numeric,rich,19,8,0.25,2,Fact family 4  6  10: 10 − 4 = ?
g2-measure-money-time,MmtLengthDifferenceNumeric,numeric,rich,19,8,0.25,2,One object is 15 inches long and another is 8 inches long. How many inches longer is the f
g2-measure-money-time,MmtLinePlotNumeric,numeric,rich,19,10,0.17,8,A line plot shows 3 X marks above 4. How many data points are at 4?
g2-measure-money-time,MmtRulerReadNumeric,numeric,rich,19,8,0.33,8,An object starts at 4 and ends at 10 on an inch ruler. How long is it?
g2-place-value-1000,Pv1000SkipTensNumeric,numeric,rich,19,19,0.13,260,Skip-count by 10s: 230  240  250  ___?
g4-decimals,dTenthsFractionMcq,mcq,rich,19,8,0.38,7/10,Which fraction names the same amount as 0.7?
g4-decimals,dFractionToDecimalNumeric,numeric,rich,19,18,0.13,0.3,Write the fraction 6/10 as a decimal.
a1-exponential,exp-compare__numeric,exactNumberLab,rich,19,17,0.21,32,Evaluate g(x) = 1 · 4^x at x = 3.
a1-quadratics,quad-factor-solve__numeric,numeric,rich,19,7,0.25,3,Solve x^2 − 2x − 8 = 0. What is the larger solution?
a1-radicals,rad-simplify-factor__numeric,exactNumberLab,rich,19,8,0.25,4,Simplify sqrt(128) = a · sqrt(2). Find a.
a2-complex,cn-build-quad__buildExpression,buildExpression,rich,19,19,0.08,[ x²   + 2x   + 5   = 0 ],Build the monic quadratic whose roots are 3 + 2i and 3 − 2i.
a2-complex,cn-formula-complex__buildExpression,buildExpression,rich,19,19,0.08,[ x = -3 + 4i   or   x = -3 − 4i ],Build both solutions of x² + 6x + 25 = 0.
a2-polynomials,pf-build__numeric,exactNumberLab,rich,19,13,0.17,30,An open box has volume V(x)=x(11−2x)(6−2x). Find V(2).
a2-polynomials,pf-zeros__buildExpression,buildExpression,rich,19,19,0.13,[ x = -2   x = -1   x = 3 ],Build the zeros of f(x)=(x−-2)(x−-1)(x−3).
a2-radicals,re-domains__buildExpression,buildExpression,rich,19,10,0.21,[ x ≥ -5 ],Build the domain of f(x)=√(6x + 30).
a2-radicals,re-sqrt-fn__numeric,exactNumberLab,rich,19,10,0.21,-1,What is the y-coordinate of the starting point of y=√(x − 4) + 0?
a2-rationals,rf-like-denoms__buildExpression,buildExpression,rich,19,14,0.21,[ 2x + 3   / (x + 5) ],Subtract (3x)/(x+5) − (x−3)/(x+5).
a2-series,sr-geo-derive__numeric,numeric,rich,19,19,0.17,93,Evaluate 5+15+…+135 using the subtract-a-shifted-copy derivation.
a2-trig,tf-inverse__numeric,numeric,rich,19,18,0.13,26.5650511771,A right triangle has opposite side 5 and adjacent side 7. Find θ in degrees to tenths.
g6-data-literacy,ddDataClassSize,numeric,rich,18,18,0.08,19,A survey asks each of 19 club members one question and records one answer from each person
ellipse-axes,majorLength,numeric,rich,18,11,0.21,10,For x²/4 + y²/9 = 1  what is the major axis length 2a?
cn-i-def,computePlus,numeric,rich,18,7,0.21,8,Compute (5i)² + 28.
cn-sum-product,findC,numeric,rich,18,13,0.21,5,A quadratic x² + bx + c = 0 has roots 1 ± 3i. What is c?
grid-count,read,areaModel,rich,18,15,0.21,18,A rectangle is partitioned into 6 rows and 4 columns of unit squares. How many unit square
pq-para-side,algPerimeter,numeric,rich,18,15,0.13,34,In a parallelogram  one side is 2y − 1 with opposite side 9  and an adjacent side is y + 3
gf-angle-add,rightAnglePiece,numeric,rich,18,18,0.21,52,∠ABC is a right angle  and ray BD lies in its interior with m∠ABD = 38°. Find m∠DBC in deg
coord-perimeter,trapezoidDecimal,numeric,rich,18,18,0.08,20.94,Trapezoid (0  0)  (8  0)  (7  5)  (1  5). Perimeter (2 decimals) = ?
coord-area-box,trapezoidArea,numeric,rich,18,12,0.13,24,Trapezoid (0  0)  (8  0)  (6  4)  (2  4) — lesson 1's fence. Compute its area by ANY route
fn-evaluate,quadPlus,numeric,rich,18,16,0.21,37,For f(x) = 2x^2 + 5  what is f(4)?
fn-arith-seq,nextUp,numeric,rich,18,14,0.17,23,In the sequence 3  7  11  15  what is the next term?
negative-intro,riseTemp,numeric,rich,18,10,0.25,7,The morning temperature is -5 degrees. By afternoon it has risen 7 degrees. What is the af
decimal-align-addsub,mealAdd,numeric,rich,18,10,0.29,9.74,A meal costs $3.50 + $3.75 + $1.99. What is the total? (enter as a decimal)
poly-read,leading,numeric,rich,18,7,0.29,4,What is the leading coefficient of (5x^3 + 7x^2 - x)?
lcm-pair,lcd,numeric,rich,18,7,0.42,24,To add 1/8 + 7/12  what is the least common denominator (the LCM of 8 and 12)?
variable-meaning,tripleMinusEval,numeric,rich,18,14,0.13,22,Write  5 less than triple m  as 3m − 5  then evaluate it at m = 3.
subtract-within-100,default,numeric,rich,18,7,0.42,20,70 − 30 = ?
subtract-within-20,difference,numeric,rich,18,12,0.21,2,8 − 6 = ? (How many more is 8 than 6?)
metric-convert,rrRateMultiply,numeric,rich,18,15,0.13,24,A recipe uses 4 cups of flour per batch. How many cups are needed for 6 batches?
pct-of-number,rrPercentFraction,mcq,rich,18,9,0.17,1/4,What fraction  in simplest form  equals 25%?
repeat-decimal,twoDigit,quotientReasoningLab,rich,18,18,0.13,{ whole :0  num :2  den :11},0.424242… (the block  42  repeats) equals  in lowest terms:
unit-frac-divide,default,fractionEntry,rich,18,12,0.13,{ whole :12  num :0  den :1},How many 1/3 pieces fit in 2?
fraction-meaning,complement,fractionEntry,rich,18,9,0.21,{ whole :0  num :3  den :8},A garden has 10 equal plots. 3 plots are still empty; the rest are planted. What fraction 
frac-sign-ops,divSame,signedFractionLab,rich,18,15,0.17,{ sign :1  whole :0  num :12  den :5},-1/5 ÷ -1/4 = ?
frac-sign-ops,divDiff,signedFractionLab,rich,18,11,0.17,{ sign :-1  whole :0  num :5  den :2},1/3 ÷ -1/4 = ?
decimal-representation,wordBuildSimple,buildExpression,rich,18,18,0.13,[ two   tenths ],Build the place-value reading of 0.6.
second-deriv-poly,third,numeric,rich,18,15,0.17,72,f(x) = x⁴ + 2x³. Find f‴(3) (the third derivative at 3).
implicit-diff,hyperbola,numeric,rich,18,14,0.21,-0.667,xy = 8. Find dy/dx at the point (4  2)  as a decimal to three places.
arc-measure,ratio,numeric,rich,18,13,0.17,72,Three points cut a circle into arcs in the ratio 3 : 7 : 8. Find the LARGEST arc's measure
inscribed-angle,sameArc,numeric,rich,18,18,0.13,52,Two inscribed angles open onto the same 136° arc from different points of the circle. The 
vertical-shift,default,numeric,rich,18,17,0.13,25,On the graph of y = x³ + 7  what is y when x = 4?
prism-surface-area,missingFace,numeric,rich,18,18,0.13,72,A student computes the (5 12 13)×9 prism's surface area as 30 + 30 + 45 + 108 = 213. One f
times-five-ten,clockElapsed,numeric,rich,18,8,0.25,35,An activity starts when the minute hand points at the 5 and ends when it points at the 7. 
times-five-ten,default,mcq,rich,18,7,0.25,Each of the 9 ones becomes a ten,Why does 4 × 10 = 40?
fraction-volume,properFraction,numeric,rich,18,12,0.21,12,Find the volume of a box 2/3 × 6 × 3.
parity,rowValue,numeric,rich,18,17,0.17,63,The 5s row alternates odd  even  odd  even… What is 5 × 9?
g8-esn-place-value,esnPlaceNegative,placeValueTransformLab,rich,18,18,0.08,0.008,6 × 10⁻¹ = ?
g8-esn-place-value,esnPlaceLarge,placeValueTransformLab,rich,18,18,0.13,200000,2 × 10⁵ = ?
g8-esn-context-compute,default,buildExpression,rich,18,18,0.13,[ 2.4   ×   10⁹ ],A reservoir holds 9 × 10⁵ gallons and loses 6 × 10⁴ gallons. How much remains?
g8-tm-cylinder-volume,default,numeric,rich,18,18,0.17,180,A cylinder has radius 6 and height 5. What is its volume as a number times π?
g8-tm-sphere-volume,tmSphereCoeff,numeric,rich,18,9,0.21,26244,A spherical sculpture has radius 6. What is its volume as a number times π?
g0-counting,countAddLine,numberLineHop,rich,18,9,0.21,9,Start at 1. Hop forward 3 times by 1. Where do you land?
g0-counting,countObjectsFlash,subitizeFlash,rich,18,7,0.21,4,A group of dots will flash. Choose the number of dots you see.
k0-count-100,kSeqBeforeHop,numberLineHop,rich,18,18,0.08,36,What number comes right before 37? Hop one back and tap where you land.
g1-add-subtract,CountingOnNumeric,numeric,rich,18,10,0.25,8,6 + 2 = ? Start at 6 and count on 2.
g2-fluency,FlThinkAdditionNumeric,numeric,rich,18,7,0.21,5,11 − 7 = ? Think: 7 + ? = 11.
g2-add-subtract-100,ParitySumNumeric,numeric,rich,18,10,0.29,14,7 + 7 = ? First predict odd or even  then add.
g2-measure-money-time,MmtGraphCompareNumeric,numeric,rich,18,7,0.29,2,Monday has 5 votes and Tuesday has 9 votes. How many more votes are on Tuesday?
g3-mult-fluency,MultRecallSpeedNumeric,numeric,rich,18,16,0.21,6,Answer fast: 3 × 7 = ?
g4-decimals,dMeasureNumeric,numeric,rich,18,18,0.08,0.05,A ribbon measures 5 centimeters. One meter is 100 centimeters. Write the ribbon's length i
a1-polynomials,factor-trinomial__buildExpression,buildExpression,rich,18,18,0.13,[ (x + 6)   (x + 2) ],Build the factorization of x^2 + 3x − 10.
a1-functions-sequences,fn-geo-nth__numeric,numeric,rich,18,15,0.13,81,A geometric sequence has a1 = 2 and common ratio 2. What is a7?
a1-radicals,rad-fully-simplified__numeric,exactNumberLab,rich,18,8,0.25,6,Simplify sqrt(150) = a · sqrt(6). Find a.
a1-radicals,rad-mn-exp__numeric,exactNumberLab,rich,18,10,0.29,16,Evaluate 25^(2/2).
a2-radicals,re-rationalize__buildExpression,buildExpression,rich,18,18,0.13,[ 5√6   / 6 ],Rationalize 5/√6.
a2-statistics,si-significance-limits__dragBucket,dragBucket,rich,18,18,0.13,{ Replicated benefit large enough to mat,Sort findings by whether practical action is justified.
a2-trig,tf-arc-length__numeric,numeric,rich,18,14,0.21,1.5707963268,A circle has radius 6 and central angle π/3. Find arc length to hundredths.
cn-cts-solve,fromSquare,numeric,rich,17,9,0.25,2,From (x + 1)² = 9  what is the LARGER solution of x² + 2x − 8 = 0?
cn-cts-solve,default,numeric,rich,17,9,0.21,1,Solve x² + 8x + 12 = 0 by completing the square. What is the LARGER solution?
frac-unlike-addsub,addBare,fractionEntry,rich,17,16,0.17,{ whole :0  num :7  den :10},1/5 + 1/2 = ?
gf-angle-add,bisect,numeric,rich,17,17,0.13,17,Ray QR bisects ∠PQS  and m∠PQS = 34°. Find m∠PQR.
solve-mult-div,tickets,numeric,rich,17,6,0.25,6,Tickets cost $3 each  and a group spent $18 total. Write and solve an equation for the num
solve-mult-div,default,numeric,rich,17,7,0.25,3,Solve 5x = 15.
fraction-of,default,numeric,rich,17,9,0.33,6,3/5 of 10: split into 5 parts (10 ÷ 5 = 2)  then take 3. What is 3/5 of 10?
decimal-mul-places,bareMul,numeric,rich,17,15,0.17,0.45,0.9 × 0.5. What is the product? (enter as a decimal)
decimal-mul-places,default,numeric,rich,17,17,0.13,2.52,0.8 × 0.3 (8 × 3 = 24  two decimal places). What is the product? (enter as a decimal)
poly-mul-mono,mulHigh,numeric,rich,17,8,0.25,3,Multiply (5x^2)(x^2 + 4x - 1). What is the coefficient of x^4?
poly-mul-mono,default,numeric,rich,17,16,0.13,28,Multiply (4x)(x + 5). What is the coefficient of x?
arith-series,secondForm,numeric,rich,17,17,0.08,520,a₁ = 6  d = 3  n = 20. Find S₂₀ with the second form.
limit-laws,rationalSub,numeric,rich,17,16,0.13,-3,Find lim(x→4) (x² + 2)/(x − 7).
limit-laws,default,numeric,rich,17,10,0.21,7,If lim(x→a) f = 2 and lim(x→a) g = 3  find lim(x→a) (f + g).
neg-rational-exp,default,fractionEntry,rich,17,12,0.17,{ sign :1  whole :0  num :1  den :8},What is 64^(-1/2)?
unit-frac-divide,unitDivWhole,fractionEntry,rich,17,10,0.17,{ whole :0  num :1  den :15},1/4 ÷ 5 = ?
unit-frac-divide,properPieces,numeric,rich,17,10,0.17,15,A 3-foot ribbon is cut into pieces that are each 3/5 of a foot long. How many pieces?
frac-sign-ops,default,signedFractionLab,rich,17,15,0.17,{ sign :1  whole :0  num :3  den :20},-5/6 × -1/4 = ?
coordinate-plot,segment,plotPoint,rich,17,17,0.08,[{ x :3  y :4} { x :6  y :4}],A segment runs from (3  4) to (6  4). Plot BOTH endpoints.
inscribed-angle,default,numeric,rich,17,17,0.13,49,An inscribed angle opens onto an arc of 142°. The inscribed angle measures ?
domain-restrict,excludeZero,numeric,rich,17,17,0.13,4,Which x-value must be excluded from the domain of y = 1/(x + 10)?
solve-trig-all,default,mcq,rich,17,6,0.29,π/6 and 11π/6,cos x = −√2/2 on [0  2π): arccos gives 3π/4. The full solution set is:
missing-side,penWidth,geometricConstraintLab,rich,17,6,0.29,5,A rectangular pen uses 18 m of fencing. Its two long sides are each 6 m. How long is each 
parts-as-fractions,default,numeric,rich,17,8,0.25,4,A strip is split into 4 equal parts and 1 are shaded. In shaded/total form  what is the bo
distributive,factSplit,numeric,rich,17,15,0.17,63,3 × 8 = ?
g7-scale-to-actual,drawFence,numeric,rich,17,7,0.21,4,At the scale 1 cm = 5 m  how many centimeters should a 40 m fence be in the drawing?
pr-constant-k-g7,rrRatioBuild,buildExpression,rich,17,7,0.21,[ 5   :   3 ],A pencil case has 3 pencils for every 4 pens. What is the ratio of PENS to PENCILS?
pr-constant-k-g7,rrPartWholeMust,mcq,rich,17,8,0.25,3 of every 7 fruits are apples,A basket keeps apples and bananas in the ratio 3 : 4. Which statement MUST be true?
g7-tse-expression-build,tseDistNeg,buildExpression,rich,17,17,0.17,[ -4x   +   28 ],Distribute: -4(x - 5)
g8-tm-dilation-similarity,tmSimilarSideB,numeric,rich,17,14,0.13,24,Two figures are similar with scale factor 2 from small to large. A side of 5 on the small 
g8-tm-sphere-volume,tmSphereFormulaMatch,matchPairs,rich,17,6,0.33,{ cylinder with diameter D and height H ,Match each round solid description to its volume formula.
g0-shapes-sorting,shapeSortFrame,tenFrame,rich,17,7,0.33,6,The frame already has 2 red buttons. Add 2 blue buttons so it shows 4 buttons altogether.
g1-add-subtract,BiggerFirstNumeric,numeric,rich,17,9,0.25,8,1 + 6 = ? Start at 6 and count on 1.
g1-add-subtract,CompareNumeric,numeric,rich,17,6,0.33,5,12 red blocks and 7 blue blocks. How many more red blocks are there?
g1-add-subtract,CountOnSmallNumeric,numeric,rich,17,10,0.21,8,3 + 0 = ? Count on 0.
g2-fluency,FlMissingNumeric,numeric,rich,17,6,0.25,4,7 + ? = 11
g2-shapes-shares,Ssg2GridApplyRead,areaModel,rich,17,14,0.13,10,A rectangle has 2 rows and 5 columns of unit squares. How many unit squares are there?
g3-mult-fluency,MultMixedSmallNumeric,numeric,rich,17,10,0.21,0,0 × 1 = ?
g4-measure,mcLinePlotQuestionsNumeric,numeric,rich,17,10,0.33,0.5,A line plot has data at 1/4  1/2  and 3/4. What is the range in units?
g4-multiply,mbPatternsNumeric,numeric,rich,17,17,0.13,243,What number comes next in the pattern 3  9  27  81  …?
a1-quadratics,quad-projectile__numeric,numeric,rich,17,9,0.21,12,A height model is h(t) = -1t^2 + 5t. At what positive time does the object return to heigh
a2-complex,cn-neg-eq__buildExpression,buildExpression,rich,17,17,0.13,[ x = 0 + 5i   or   x = 0 − 5i ],Build the solutions of (x − 0)² = −25.
a2-transformations,ft-compose-rule__numeric,numeric,rich,17,7,0.25,64,Let f(u)=u² and g(x)=x+2. Find f(g(1)).
a2-transformations,ft-inverse-graph__numeric,numeric,rich,17,13,0.17,-2,For f(x)=3x − 3  f and f⁻¹ meet on y=x. What is the shared x-value?
a2-polynomials,pf-long-div__buildExpression,buildExpression,rich,17,6,0.29,[ x + 6 ],Divide x²+6x+8 by x+2.
a2-radicals,re-convert__numeric,exactNumberLab,rich,17,11,0.17,243,Evaluate 1024^(3/5).
a2-rationals,rf-ha__numeric,exactNumberLab,rich,17,17,0.17,1.6666666667,Find the horizontal asymptote value of f(x)=(8x+1)/(3x−3).
a2-rationals,rf-lcd__buildExpression,buildExpression,rich,17,17,0.13,[ (x − 5)   (x + 2) ],Build the LCD of 1/((x−4)(x+4)) and 1/(x+4).
a2-statistics,si-bias__dragBucket,dragBucket,rich,17,17,0.08,{ Ask about illegal behavior face to fac,Sort each survey flaw by its primary source of bias.
a2-statistics,si-causation__dragBucket,dragBucket,rich,17,17,0.13,{ Larger fires cause both more damage an,Sort each explanation of an association.
a2-statistics,si-read-poll__dragBucket,dragBucket,rich,17,17,0.13,{ A difference remains after accounting ,Sort poll headlines by whether the intervals justify the claim.
multiple-find,blinkLcm,numeric,rich,16,11,0.17,12,A red light flashes every 6 seconds and a blue light every 12 seconds. They flash together
frac-unlike-addsub,addSimplify,fractionEntry,rich,16,14,0.13,{ whole :0  num :5  den :8},1/4 + 3/8 = ? (rewrite 1/4 as 2/8 first)
decimal-align-addsub,changeBack,numeric,rich,16,9,0.29,10.76,You buy items costing $4.50  $2.75  and $1.99  and pay with $20.00. How much change do you
exp-function,growthModel,exactNumberLab,rich,16,10,0.21,4000,Money doubles each period: A(x) = 200 · 2^x. What is A(3)?
variable-meaning,default,numeric,rich,16,14,0.17,12,The expression 2n means  2 times n.  What is 2n when n = 6?
metric-convert,rrMetricDivide,numeric,rich,16,10,0.21,4,There are 1000 grams in 1 kilogram. How many kilograms is 6000 grams?
metric-convert,rrCompareUnits,mcq,rich,16,6,0.29,1 day — it equals 24 hours  which is mor,Which is longer: 1 day  or 19 hours?
circle-complete,completeSquare,numeric,rich,16,6,0.29,4,What constant completes x² − 12x into a perfect square (x − 6)²?
mvt-c,default,numeric,rich,16,7,0.21,6,f(x) = x² on [4  8]. Find the c the MVT guarantees.
choose-rule,default,matchPairs,rich,16,10,0.21,{ x²(x + 6) : product rule   (x + 6)/x² ,Match each expression to the tool it needs.
skip-count,nthTerm,numeric,rich,16,15,0.17,30,Count by 2s. What is the 6th number you say?
independence-test,default,numeric,rich,16,11,0.17,80,400 people: 280 drink coffee and 240 wear glasses. If the two are independent  how many do
horizontal-shift,evalShifted,numeric,rich,16,8,0.29,3,On the graph of y = |x − 5|  what is y when x = 1?
prism-surface-area,tentFabric,numeric,rich,16,16,0.13,216,A tent is a triangular prism: each end has base 6  height 4  and two slanted sides of 5; t
to-polar,rPlusTheta,numeric,rich,16,16,0.13,9.7596,Convert (4√3  −4) to polar and report r + θ (θ in radians)  to four decimals.
box-volume,unitCubes,numeric,rich,16,13,0.21,10,A solid is built from 10 unit cubes. What is its volume in cubic units?
nl-fraction,default,numeric,rich,16,7,0.25,5,On a 0→1 line with 8 equal jumps  how many jumps take you to 6/8?
unit-size,ribbonPiece,numeric,rich,16,6,0.42,6,A 24 cm ribbon cut into THIRDS gives 8 cm pieces. Cut into FOURTHS instead  each piece is 
unit-trading,tradeThenGive,numeric,rich,16,8,0.21,8,A drawer has several hundreds and 2 tens. One hundred is traded into tens  then 2 tens are
bar-graph,halfScale,numeric,rich,16,16,0.17,14,A bar graph's scale climbs by 2s. A bar stops exactly halfway between the 2-line and the 4
g7-circumference,circApprox,numeric,rich,16,16,0.13,19,A circle's circumference is 6π. Using π ≈ 3.14  what is the circumference rounded to the n
g7-vertical-angles,acrossAlgebra,geometricConstraintLab,rich,16,10,0.25,30,Two lines cross. One angle measures 3x degrees where x = 20. What is the angle directly ac
g7-tse-expression-build,default,buildExpression,rich,16,16,0.17,[ 4x   -   20 ],Distribute: 2(x - 4)
g8-tm-pythagorean-why,tmPythCSquaredA,geometricConstraintLab,rich,16,15,0.13,169,A right triangle has legs 3 and 4. What is c²  the area of the square on the hypotenuse?
g8-tm-angle-angle,tmAAScale,geometricConstraintLab,rich,16,13,0.17,16,Two triangles are similar by AA. A side of 7 on the smaller triangle matches 14 on the lar
g8-les-substitution-method,lesSubstituteMultiple,numeric,rich,16,11,0.13,13,Solve the system y = 2x and x + y = 9. What is x?
k0-add-subtract,KoaWriteSubMcq,mcq,rich,16,16,0.13,4 − 1 = 3,4 frogs sit on a log. 1 hop away. Which sentence shows this?
k0-count-100,kCountBackHop,numberLineHop,rich,16,10,0.21,7,Start at 9 and count back 3. Tap where you land.
g2-fluency,FlMakeTenNumeric,numeric,rich,16,7,0.29,15,7 + 9 = ? (Make ten first.)
g2-measure-money-time,MmtCoinReverseMoneyBoard,moneyBoard,rich,16,16,0.13,{ 25 :2},Build 6 cents using only pennies.
g2-shapes-shares,Ssg2GridApplyNumeric,numeric,rich,16,12,0.21,8,A rectangle has 2 rows and 4 columns of unit squares. How many unit squares are there?
g3-mult-fluency,MultDeriveNumeric,numeric,rich,16,13,0.17,56,You know 6 × 6 = 36. Use it to find 7 × 6.
a1-radicals,rad-perfect-square__numeric,exactNumberLab,rich,16,16,0.13,10,What is sqrt(16)?
a2-series,sr-geo-apply__dragBucket,dragBucket,rich,16,16,0.08,{ How much is paid through week 8? : Ser,Sort each question by whether it asks for one term or an accumulated total.
a2-trig,tf-amp-period__numeric,numeric,rich,16,11,0.17,-3,Find the minimum of y=4sin(x) + 1.
sr-recursive,geometric,numeric,rich,15,14,0.13,27,Using a₁ = 1  aₙ = 3·aₙ₋₁  what is a₃?
frac-unlike-addsub,default,fractionEntry,rich,15,15,0.13,{ whole :0  num :5  den :9},2/3 + 1/6 = ? (rewrite 2/3 as 4/6 first)
angle-equation,vertical,numeric,rich,15,15,0.17,40,Two lines cross. One angle is 2x degrees and the angle directly across from it is 48°. Sol
pq-rhombus,diagonalBisect,numeric,rich,15,15,0.17,24,A rhombus has a 40° vertex angle. What angle does the diagonal from that vertex make with 
solve-mult-div,verifyMul,numeric,rich,15,12,0.17,21,Verify x = 7 solves 3x = 21 by computing 3 × 7.
power-product,parenPower,numeric,rich,15,9,0.25,49,Evaluate (7 + 3)^2.
exp-function,default,exactNumberLab,rich,15,12,0.25,16,For f(x) = 2 · 2^x  what is f(3)?
variable-meaning,payRate,numeric,rich,15,13,0.29,36,Pay is 7h dollars for h hours. How much does a 4-hour shift earn?
limit-laws,product,numeric,rich,15,11,0.25,20,With lim f = 4 and lim g = 5  find lim(x→a) (f · g).
avg-rate-change,default,numeric,rich,15,9,0.38,6,What is the average rate of change of f(x) = x² on [1  5]?
time-set-clock,halfPast,clockSet,rich,15,15,0.17,{ hour :7  minute :0},Set the clock to show 1:00.
unit-frac-divide,shareDenominatorNumeric,numeric,rich,15,13,0.17,20,A 1/3-unit share is split equally among 3 friends. Each share is 1 over what number?
unit-frac-divide,servingsNumeric,numeric,rich,15,15,0.17,8,A recipe uses 1/2-cup servings. How many servings are in 4 cups?
whole-times-fraction,toMixed,fractionEntry,rich,15,13,0.25,{ whole :1  num :3  den :5},4 × 2/5 = 8/5. Written as a mixed number  that is:
hyperbola-anatomy,default,numeric,rich,15,6,0.29,10,Foci (±6  0)  vertex (5  0)  focal distances 1 and 11. What is |1 − 11|?
coordinate-plot,plot,plotPoint,rich,15,15,0.17,[{ x :3  y :4}],Plot the point (3  4).
proportional-plot,cgPairValue,numeric,rich,15,12,0.17,21,Rule A lists 1  2  3  … while Rule B is always 4 times the matching A-term. When Rule A re
step-function,atBoundary,numeric,rich,15,7,0.29,5,With C(w) = $5 for w ≤ 1  $8 for 1 < w ≤ 2  and $11 for 2 < w ≤ 3  what is the cost in dol
addition-rule,countOr,numeric,rich,15,8,0.29,11,Tickets 1–20. You win if your number is a multiple of 7 **or** a multiple of 2. How many o
pictograph,halfSymbol,numeric,rich,15,14,0.13,27,In a pictograph row  the key says each full symbol = 2 points. A row shows 5 full symbols 
pictograph,default,numeric,rich,15,11,0.25,30,A pictograph key says each symbol = 6 votes. One row shows 5 full symbols. How many votes 
g7-tse-expression-build,tseDistPosA,buildExpression,rich,15,15,0.17,[ 4x   -   28 ],Distribute: 2(x - 2)
g7-tse-expression-build,tseDistPosB,buildExpression,rich,15,15,0.17,[ 6x   -   18 ],Distribute: 6(x - 6)
g8-tm-pythagorean-why,tmPythCSquaredB,geometricConstraintLab,rich,15,14,0.17,100,A right triangle has legs 6 and 8. What is c²  the area of the square on the hypotenuse?
g8-les-substitution-method,lesSubstituteMultipleB,numeric,rich,15,12,0.17,8,Solve the system y = 2x and 2x + y = 16. What is x?
g8-les-systems-word,default,numeric,rich,15,14,0.17,24,Two positive numbers total 15. The larger is 2 times the smaller  and the smaller is x = 5
k0-add-subtract,KoaPlusMinusOneNumeric,numeric,rich,15,11,0.17,2,3 − 1 = ?
k0-add-subtract,KoaZeroFactNumeric,numeric,rich,15,10,0.21,3,8 + 0 = ?
g1-add-subtract,MakeTenFirstNumeric,numeric,rich,15,7,0.33,1,6 takes 4 from 6 to make ten. How many of the 6 are left?
g2-measure-money-time,MmtPictureGraphRead,graphRead,rich,15,9,0.29,9,A picture graph shows 5 apple pictures for Monday. Each picture equals 1 vote. How many vo
g3-div-fluency,DivBy45Numeric,numeric,rich,15,9,0.21,10,20 ÷ 5 = ?
g4-measure,mcFractionMeasurementNumeric,numeric,rich,15,15,0.21,2.5,A line plot records a total of 6 quarter-unit marks. What length do they represent in unit
a2-logarithms,lg-power__buildExpression,buildExpression,rich,15,15,0.13,[ 8   log_3(x) ],Expand log_5(x^8).
a2-polynomials,pf-grouping__buildExpression,buildExpression,rich,15,15,0.13,[ (x + 2)   (x² + 2) ],Factor x³+2x²+2x+4 by grouping.
a2-polynomials,pf-sketch__buildExpression,buildExpression,rich,15,15,0.13,[ cross at x=-2   bounce at x=1 ],Describe f(x)=(x + 4)(x−3)² at its zeros.
a2-radicals,re-conjugates__buildExpression,buildExpression,rich,15,15,0.13,[ (√7 − √5)   / (2) ],Rationalize 1/(√7+√5).
a2-radicals,re-conjugates__numeric,exactNumberLab,rich,15,8,0.25,0,Evaluate (√3 + √6)(√3 − √6).
a2-rationals,rf-unlike__buildExpression,buildExpression,rich,15,15,0.13,[ 2x − 6   / (x(x + 3)) ],Subtract 5/(x+4) − 2/x.
cn-sum-product,findB,numeric,rich,14,6,0.21,-8,A quadratic x² + bx + c = 0 has roots 3 ± 2i. What is b?
cn-sum-product,default,numeric,rich,14,10,0.17,52,What is the PRODUCT of the roots of x² − 6x + 25 = 0?
pq-para-angle,solveConsecutive,numeric,rich,14,14,0.17,30,Consecutive angles of a parallelogram measure (2x)° and (x + 54)°. Find x.
equiv-test,combineCheck,numeric,rich,14,11,0.21,64,Are 5x + x and 2(3x) equivalent? Evaluate EITHER at x = 8 (they should agree if so).
decimal-shift-divide,default,placeValueTransformLab,rich,14,8,0.21,1.8,7.6 ÷ 4 (76 ÷ 4 = 19  point straight up). What is the quotient? (enter as a decimal)
power-ten-exponent,default,placeValueTransformLab,rich,14,6,0.33,3,10⁷ ÷ 10² = 10^x. What is x?
eval-expression,squarePlus,numeric,rich,14,14,0.17,31,Evaluate 2m² + 5 at m = 3.
deriv-explog,lnChain,numeric,rich,14,8,0.25,0.5,f(x) = ln(x² + 11). Find f′(3)  as a decimal.
deriv-product,polyProduct,numeric,rich,14,13,0.17,8,f(x) = x(x² + 1). Find f′(1).
count-on-line,teen,numberLineHop,rich,14,8,0.25,17,What number comes right after 11?
unit-frac-divide,unitDenominatorNumeric,numeric,rich,14,11,0.25,12,1/4 ÷ 3: split the unit fraction into 3 equal parts. The answer is 1 over what number?
whole-times-fraction,mixedProduct,fractionEntry,rich,14,11,0.17,{ whole :2  num :6  den :7},2 × 5/3 = ? (as a mixed number)
tree-chain,default,numeric,rich,14,14,0.21,0.727,A bag holds 7 red and 5 blue marbles  and two are drawn without replacement. The first mar
set-ops,unionCount,numeric,rich,14,7,0.29,6,Cards 1–20  with A = multiple of 4  B = greater than 18. How many cards are in A ∪ B (mult
equal-parts,cutsToPieces,numeric,rich,14,7,0.21,4,Maya makes 3 straight cuts across a brownie pan  spacing them so all the strips match. How
whole-as-fraction,writeInParts,numeric,rich,14,8,0.21,24,Write the number 4 in thirds: 4 = ?/3. Enter the top number.
double-double,spiderLegs,numeric,rich,14,7,0.25,40,An octopus has 8 arms. How many arms do 9 of them have in all?
double-double,default,numeric,rich,14,14,0.08,64,16 × 4 = ?
mult-patterns,halfRow,numeric,rich,14,13,0.17,28,The 5th number in the 4s row is 20. The 4s row is the 2s row doubled. What is the 5th numb
g8-tm-pythagorean-why,tmPythLengthFromAreas,geometricConstraintLab,rich,14,13,0.17,30,The squares on a right triangle's legs have areas 324 and 576. What is the hypotenuse leng
g8-tm-pythagorean-why,default,numeric,rich,14,13,0.21,1369,A right triangle has legs 18 and 24. What is c²  the area of the square on the hypotenuse?
g8-tm-pythagorean-converse,tmDistanceOrigin,numeric,rich,14,14,0.17,29,What is the distance from (0  0) to (6  8)?
k0-add-subtract,KoaDrawingsNumeric,numeric,rich,14,7,0.29,6,Draw 2 circles. Then draw 3 more circles. How many circles did you draw?
k0-add-subtract,KoaActOutNumeric,numeric,rich,14,7,0.33,5,3 children are playing. 2 more children join them. How many children are playing now?
k0-add-subtract,KoaSubDrawingsNumeric,numeric,rich,14,6,0.33,2,Draw 8 circles  then cross out 5. How many circles are NOT crossed out?
k0-add-subtract,KoaHowManyLeftNumeric,numeric,rich,14,7,0.29,2,5 balloons float away one at a time until 2 have gone. How many balloons are left?
g1-counting-120,PastHundredNumeric,numeric,rich,14,14,0.17,120,What number comes right after 108?
g2-add-subtract-100,AddTensNumeric,numeric,rich,14,5,0.38,90,20 + 60 = ?
g3-div-fluency,DivBy67Numeric,numeric,rich,14,10,0.21,8,42 ÷ 6 = ?
a2-logarithms,lg-halflife__numeric,numeric,rich,14,12,0.21,20,A quantity has half-life 10 days. After how many days will 1/32 remain?
a2-logarithms,lg-power__numeric,exactNumberLab,rich,14,6,0.25,8,Evaluate log_2((4)^7).
a2-radicals,re-power-solve__numeric,exactNumberLab,rich,14,8,0.29,216,Solve x^(5/3)=243. Give the positive real solution.
a2-radicals,re-solve__numeric,exactNumberLab,rich,14,6,0.25,6,Solve √(x+11)=x−1.
a2-rationals,rf-equations__numeric,numeric,rich,14,6,0.21,5,Solve 1/(x−2) = 1/2.
a2-rationals,rf-excluded__numeric,numeric,rich,14,6,0.25,1,What value is excluded from (x²+1)/(3x−3)?
a2-rationals,rf-simplify__numeric,numeric,rich,14,5,0.42,3,Simplify (2x+10)/(x+5). What constant remains?
a2-series,sr-sigma-write__numeric,numeric,rich,14,6,0.38,6,The sum 5+10+…+25 is Σ(k=1 to N) 5k. Find N.
cn-sum-product,conjProduct,numeric,rich,13,10,0.29,25,What is the product of 3 + 4i and 3 − 4i?
multiple-find,lcm,numeric,rich,13,11,0.21,40,What is the SMALLEST number that is a multiple of BOTH 6 and 8?
coord-area-box,cornerSubtract,numeric,rich,13,13,0.13,58,Same box (140). The three right-triangle corners have areas 20  20  and 42. The triangle's
coord-area-box,legRoute,numeric,rich,13,13,0.13,80,Verify by the leg route: ½ × √80 × √80 = ?
decimal-compute,default,numeric,rich,13,12,0.17,5.5,Compute 1.5 × 1.6.
equiv-test,zeroTest,numeric,rich,13,10,0.33,8,Test whether 2(x + 4) equals 2x + 4  using x = 0. What does 2(x + 4) give?
decimal-mul-places,threePlaces,numeric,rich,13,12,0.17,0.09,0.15 × 0.4 (15 × 4 = 60  three decimal places → 0.060). Give the product. (enter as a deci
poly-mul-mono,mulNeg,numeric,rich,13,11,0.17,6,Multiply (-3x)(x - 6). What is the coefficient of x?
pythagorean,legFromHyp,numeric,rich,13,9,0.29,12,A right triangle has hypotenuse 10 and one leg 6. What is the other leg?
power-ten-exponent,negDivide,placeValueTransformLab,rich,13,7,0.33,-7,10⁻³ ÷ 10⁶ = 10^x. What is x?
power-ten-exponent,negMultiply,placeValueTransformLab,rich,13,6,0.38,-8,10⁻² × 10⁻⁵ = 10^x. What is x?
geo-series,doubling,numeric,rich,13,13,0.13,635,You get $2 on day 1  and each day the amount doubles. How much IN TOTAL over 5 days?
avg-rate-change,quadShift,numeric,rich,13,9,0.42,3,What is the average rate of change of f(x) = x² − 3x on [1  3]?
in-definite-power,default,numeric,rich,13,13,0.13,64,Evaluate  ∫₀^4 3x^2 dx
whole-times-fraction,default,fractionEntry,rich,13,9,0.33,{ whole :0  num :1  den :4},5 × 1/10 = ? (multiply the numerator  then simplify)
hyperbola-cab,default,numeric,rich,13,5,0.29,6,For x²/16 − y²/36 = 1  the guiding box reaches ±b vertically. What is b?
trig-deriv,default,numeric,rich,13,13,0.21,4,f(x) = 5 sin x. Find f′(0).
tree-chain,bothRed,numeric,rich,13,13,0.17,0.109,A bag holds 5 red and 8 blue marbles  and two are drawn without replacement. Find P(both m
count-prob,exactlyTwo,numeric,rich,13,8,0.25,0.357,A club of 3 girls and 5 boys picks a 3-person committee at random. Find P(exactly 2 girls)
combination-count,exactlyTwo,numeric,rich,13,11,0.29,30,A club has 6 girls and 7 boys. How many 3-person committees contain **exactly 2 girls**?
horizontal-shift,default,numeric,rich,13,13,0.17,11,What is the x-coordinate of the vertex of y = (x − 11)²?
volume,jugCount,numeric,rich,13,7,0.33,5,A 21-liter tank is filled using a 3-liter jug. How many full jugfuls fill it exactly?
unit-fraction,returnedPieces,numeric,rich,13,6,0.33,3,A snack is cut into 7 equal pieces for 7 hikers. 5 hikers return their one piece each. How
pr-unit-rate-g7,rrUnitPriceCents,proportionalReasoningLab,rich,13,6,0.29,15,A 8-ounce drink costs $1.60. What is the unit price in cents per ounce?
pr-graph-rate-g7,graphUnitPlot,plotPoint,rich,13,5,0.38,[{ x :1  y :4}],On a proportional graph of gallons versus minutes  the line has unit rate 3 gallons per mi
pr-graph-rate-g7,graphStoryPlot,plotPoint,rich,13,5,0.42,[{ x :1  y :4}],A printer prints 2 pages per minute. Plot the point showing this unit rate.
g8-tm-dilation-similarity,tmSimilarSideA,numeric,rich,13,12,0.17,9,Two figures are similar with scale factor 2 from small to large. A side of 5 on the small 
g8-les-systems-word,lesWordLarger,affineRelationshipLab,rich,13,12,0.17,24,Two positive numbers total 15. The larger is 2 times the smaller  and the smaller is x = 5
g8-les-systems-word,lesWordRope,affineRelationshipLab,rich,13,12,0.13,6,A rope has a short piece of 3 meters and a long piece that is 2 times as long. Using y = 2
k0-add-subtract,KoaPutTogetherNumeric,numeric,rich,13,7,0.42,6,A bowl has 5 red grapes and 3 green grapes. How many grapes are in the bowl?
g2-fluency,FlAcrossTenNumeric,numeric,rich,13,6,0.5,9,13 − 4 = ?
a2-rationals,rf-divide__buildExpression,buildExpression,rich,13,5,0.38,[ x   / (x + 3) ],Divide (x/5) ÷ ((x+2)/5).
a2-statistics,si-claim-capstone__dragBucket,dragBucket,rich,13,13,0.17,{ Randomized trial shows a meaningful be,Sort each finding by whether immediate action is justified.
a2-statistics,si-margin__dragBucket,dragBucket,rich,13,13,0.17,{ Use more leading wording : Does not ne,Sort changes by their effect on margin of error.
a2-statistics,si-sampling-dist__numeric,numeric,rich,13,12,0.17,6400,A poll with n=25 has a standard error of about 1/√n. What sample size cuts the error by fa
a2-trig,tf-wave-read__numeric,numeric,rich,13,10,0.21,6,Find the maximum value of y=3sin x + 3.
seq-recursive,geometric,numeric,rich,12,10,0.21,162,Using a₁ = 3  aₙ = 3·aₙ₋₁  what is a₄?
cn-multiply,squareReal,numeric,rich,12,11,0.21,0,What is the REAL part of (3 + 2i)²?
pq-rhombus,default,numeric,rich,12,12,0.17,40,One side of a rhombus measures 8. Its perimeter = ?
power-product,exponentOnly,numeric,rich,12,6,0.38,3,Simplify x^6 / x^3 to x^?. What is the exponent?
power-product,basicPower,exactNumberLab,rich,12,12,0.25,8,Evaluate 4^2.
linear-predict,halfSlope,numeric,rich,12,7,0.21,9,A line of best fit is y = ½x + 5. Predict y when x = 8.
decimal-place-value,zeros,fractionEntry,rich,12,12,0.13,{ whole :0  num :8  den :100},In 0.080  the 8 is worth how much?
decimal-representation,rungCount,numeric,rich,12,7,0.33,10,How many thousandths make 1 hundredth?
tree-chain,mixedOrder,numeric,rich,12,9,0.17,0.536,A bag holds 7 red and 5 blue marbles  and two are drawn without replacement. Find P(one re
tree-chain,atLeastOneBlue,numeric,rich,12,12,0.17,0.576,A bag holds 8 red and 4 blue marbles  and two are drawn without replacement. Find P(at lea
vertical-shift,cornerY,numeric,rich,12,12,0.17,4,What is the y-coordinate of the corner of y = |x| + 4?
trig-inside,default,numeric,rich,12,5,0.33,8,How many solutions does sin(4x) = √3/2 have on [0  2π)?
chord-perp,default,numeric,rich,12,9,0.25,8,A circle has radius 5  and a chord sits 3 units from the centre. Find the CHORD's length.
chord-dist,default,numeric,rich,12,12,0.17,11,Chord AB sits 7 units from the centre. Chord CD is congruent to AB in the same circle. Wha
fraction-volume,halfCubes,numeric,rich,12,12,0.13,7,A box packs exactly 80 half-unit cubes  each of volume 1/8 of a cubic unit. What is the bo
nl-partition,flagCount,numeric,rich,12,6,0.29,5,A trail runs from the dock (0) to the island (1 mile). A flag is planted at every 1/8 of t
equivalent-fractions,findMark,numberLinePlace,rich,12,6,0.29,2,On a TWELFTHS ruler  which mark sits on the same point as 1/4?
times-2,ferryDouble,numeric,rich,12,10,0.25,24,A ferry carries 5 cars on each of its 2 decks. The return trip carries double that. How ma
g7-circle-parts,radiusToDiameter,numeric,rich,12,12,0.13,20,A circle has radius 6. What is its diameter?
g7-circumference,circRadius,numeric,rich,12,12,0.21,16,A circular track has radius 8 m. How far is one full lap  as a number times π meters?
g7-vertical-angles,adjacentObtuse,geometricConstraintLab,rich,12,12,0.13,50,Two lines cross. One angle is 115°. What is the angle next to it  sharing a side  in degre
g8-esn-power-meaning,esnPowerNegativeDeep,numeric,rich,12,12,0.21,1e-15,Evaluate 10⁻⁸ = ?
g8-rns-root-estimate,rnsRoundB,numeric,rich,12,12,0.17,5.7,To one decimal place  √7 ≈ ____
g8-les-systems-word,lesWordTickets,affineRelationshipLab,rich,12,12,0.21,7,A group buys 5 tickets. There is one more adult ticket than child ticket. Using y = x + 1 
g8-fn-function-definition,fgSortFunctionRules,dragBucket,rich,12,12,0.17,{ 12→15; 13→15; 14→18 : Function   15→13,Sort each relation by whether every input has exactly one output.
k0-add-subtract,KoaSpeedy5Numeric,numeric,rich,12,5,0.25,4,Answer fast: 3 + 1 = ?
g0-counting,countTensLine,numberLineHop,rich,12,7,0.25,90,Start at 20. Make 1 hop of 10. Which ten do you land on?
g1-data,GdBarCompareNumeric,numeric,rich,12,7,0.21,3,On a bar graph  the Dogs bar reaches 4. The Cats bar is 1 shorter. How tall is the Cats ba
g1-counting-120,ChartRowsNumeric,numeric,rich,12,12,0.17,50,A chart row starts at 21. What number ends the row?
g4-lines-angles,laParallelPerpIdentifyNumeric,numeric,rich,12,5,0.38,2,A diagram lists 6 line pairs. 4 pairs meet at right angles; the rest run in the same direc
a1-radicals,rad-unit-fraction-exp__numeric,exactNumberLab,rich,12,5,0.29,4,Evaluate 16^(1/2).
a1-radicals,default,numeric,rich,12,5,0.29,5,Evaluate 256^(1/4).
cn-conjugate,divideReal,numeric,rich,11,4,0.33,5,Simplify (2 + 4i)/(1 + i). What is the REAL part of the result?
make-ten-sum,biggerFirst,numeric,rich,11,7,0.29,13,7 + 8 = ? (Start with the bigger number  8.)
frac-unlike-addsub,subRewrite,fractionEntry,rich,11,10,0.17,{ whole :0  num :1  den :3},5/6 − 1/2 = ? (rewrite 1/2 as 3/6  then simplify)
radian-convert,radToDeg,numeric,rich,11,11,0.17,229.2,Convert 2 radians to degrees. (Round to tenths.)
radian-convert,default,numeric,rich,11,9,0.25,315,Convert 10π/6 to degrees.
negative-intro,opposite,numeric,rich,11,11,0.17,5,What is the opposite of -7?
negative-intro,doubleOpposite,numeric,rich,11,11,0.17,4,What is the opposite of the opposite of 3?
arith-series,default,numeric,rich,11,11,0.17,820,So what is 1 + 2 + 3 + ⋯ + 60?
metric-convert,multistep,numeric,rich,11,11,0.17,2000,4 kilometers = how many centimeters?
count-on-line,default,numberLineHop,rich,11,7,0.38,7,Start at 7. Count on 2 more. Where do you stop?
inverse-deriv,default,numeric,rich,11,11,0.21,0.0833,f(x) = x³  so f(2) = 8. Find (f⁻¹)′(8)  as a decimal to four places.
count-prob,default,numeric,rich,11,11,0.17,165,How many different groups of 3 marbles can be taken from 8?
domain-restrict,default,numeric,rich,11,11,0.17,7,What is the smallest allowed x for y = √(x − 6)?
range-floor,negMax,numeric,rich,11,11,0.17,14,What is the maximum output of y = −x² + 3?
parent-functions,evalParent,numeric,rich,11,11,0.17,3,For the parent y = √x  what is y when x = 9?
read-clock,default,numeric,rich,11,11,0.21,15,The MINUTE hand points at the number 3. How many minutes past the hour is it?
addition-patterns,doubleDiagonal,numeric,rich,11,11,0.25,22,The doubles diagonal reads 2  4  6  8  … What is its 4th number?
g7-circle-parts,default,numeric,rich,11,11,0.21,8,A circle has diameter 6. What is its radius?
g7-circumference,default,numeric,rich,11,11,0.21,6,A circle has diameter 16. What is its circumference as a number times π?
g7-circle-area,areaFromDiameter,numeric,rich,11,11,0.21,64,A circle has diameter 16. What is its area as a number times π?
g7-circle-area,default,numeric,rich,11,11,0.21,81,A circle has radius 4. What is its area as a number times π?
g8-esn-power-meaning,esnPowerNegative,numeric,rich,11,11,0.17,1e-9,Evaluate 10⁻⁴ = ?
g8-rns-root-estimate,rnsRoundA,numeric,rich,11,11,0.17,2.4,To one decimal place  √5 ≈ ____
g8-rns-root-estimate,rnsRoundChallenge,numeric,rich,11,11,0.13,4.5,To one decimal place  √24 ≈ ____
k0-add-subtract,KoaWriteAddMcq,mcq,rich,11,11,0.17,4 + 1 = 5,3 birds sit on a branch. 1 more birds land. Which sentence shows this?
k0-add-subtract,KoaModelStoryMcq,mcq,rich,11,11,0.17,5 cats drawn  with 1 crossed out, 5 cats sit on a wall. 3 jump down.  Which drawing shows this story?
g2-measure-money-time,MmtBarGraphNumeric,numeric,rich,11,11,0.13,7,A bar reaches 2 on a graph where each gridline is worth 1. What value does the bar show?
g3-mult-fluency,MultTable3Numeric,numeric,rich,11,11,0.17,15,3 × 4 = ?
g3-mult-fluency,MultTable4Numeric,numeric,rich,11,11,0.17,4,4 × 9 = ?
g3-mult-fluency,MultTable7Numeric,numeric,rich,11,11,0.17,49,7 × 2 = ?
g3-mult-fluency,MultTable8Numeric,numeric,rich,11,11,0.25,16,8 × 1 = ?
g3-div-fluency,DivBy89Numeric,numeric,rich,11,8,0.29,2,48 ÷ 8 = ?
a1-polynomials,exponent-zero-negative__numeric,numeric,rich,11,6,0.38,3,Simplify x^7 · x^(-1) to x^k. What is k?
a1-polynomials,poly-special-products__numeric,numeric,rich,11,11,0.17,-36,Expand (x + 6)(x - 6). What is the constant term?
a1-radicals,rad-distribute__numeric,exactNumberLab,rich,11,11,0.17,8,Evaluate sqrt(5) · sqrt(5).
a2-radicals,re-products__buildExpression,buildExpression,rich,11,11,0.21,[ 1   + 2√4   + 4 ],Expand (1+√7)².
cn-i-def,default,buildExpression,rich,10,10,0.17,[ 7   i ],What is √(−9)?
make-ten-sum,default,numeric,rich,10,5,0.38,13,9 + 5 = ? (9 needs 1 for ten; then add what's left.)
radian-convert,arcRadians,numeric,rich,10,10,0.17,5,An arc along a circle's rim measures exactly 5 radius-lengths. What central angle does it 
radian-convert,nFromDegrees,numeric,rich,10,6,0.46,5,135° = nπ/4. What is n?
pq-para-angle,ratioPair,numeric,rich,10,10,0.21,75,Two consecutive angles of a parallelogram are in the ratio 3 : 7. Find the SMALLER angle  
lcm-pair,divides,numeric,rich,10,9,0.21,12,Find the LCM of 3 and 6.
pythagorean,ladder,numeric,rich,10,10,0.17,15,A ladder leans against a wall. Its base is 9 feet from the wall and it reaches 12 feet up.
pythagorean,default,numeric,rich,10,10,0.29,13,A right triangle has legs 6 and 8. What is the hypotenuse?
eval-expression,parenDiv,numeric,rich,10,4,0.33,3,Evaluate (n + 2) ÷ 2 at n = 8.
variable-meaning,divide,numeric,rich,10,4,0.33,5,What is y ÷ 2 when y = 8?
variable-meaning,halfEval,numeric,rich,10,10,0.21,4,Write  half of y  as y ÷ 2  then evaluate it at y = 18.
sigma-eval,sigmaPow,numeric,rich,10,10,0.29,30,Evaluate Σ from k = 1 to 4 of 2ᵏ.
arith-series,findN,numeric,rich,10,10,0.17,210,Find 4 + 8 + 12 + ⋯ + 40.
time-set-clock,hour,clockSet,rich,10,10,0.21,{ hour :11  minute :0},Set the clock to show 11:00.
unit-frac-divide,word,fractionEntry,rich,10,8,0.17,{ whole :0  num :1  den :20},A 1/8-meter ribbon is cut into 3 equal pieces. How long is each piece?
hyperbola-cab,slope,numeric,rich,10,9,0.38,0.75,For x²/25 − y²/16 = 1  what is the positive asymptote slope b/a? (Decimal.)
opt-setup,maxProduct,numeric,rich,10,10,0.38,25,Two numbers add to 12. What is their largest possible product?
count-prob,atLeastOne,numeric,rich,10,10,0.21,0.833,From 7 red and 4 blue marbles  3 are taken at random. Find P(at least one blue)  to three 
perimeter,squarePerimeter,numeric,rich,10,10,0.25,32,A square has side length 7 cm. What is its perimeter?
missing-side,squareSide,geometricConstraintLab,rich,10,10,0.21,10,A square has perimeter 40 cm. How long is ONE side?
times-2,doubleIt,numeric,rich,10,10,0.25,6,12 × 2 = ?
g8-esn-power-meaning,esnPowerFromDecimal,buildExpression,rich,10,10,0.17,[ 10   ⁻¹³ ],Which power of ten equals 0.0001?
g8-rns-root-estimate,rnsRoundC,numeric,rich,10,10,0.17,14.7,To one decimal place  √15 ≈ ____
g2-measure-money-time,MmtSkip5sNumeric,numeric,rich,10,10,0.17,10,The minute hand points to 11. How many minutes past the hour is that?
g2-measure-money-time,default,numeric,rich,10,10,0.21,7,A bar reaches 2 on a graph where each gridline is worth 1. What value does the bar show?
g3-mult-fluency,MultTable2Numeric,numeric,rich,10,10,0.17,6,2 × 3 = ?
g3-mult-fluency,MultTable5Numeric,numeric,rich,10,10,0.17,40,5 × 8 = ?
g3-mult-fluency,MultTable6Numeric,numeric,rich,10,10,0.21,42,6 × 7 = ?
g3-mult-fluency,MultTable10Numeric,numeric,rich,10,10,0.25,30,10 × 4 = ?
g3-mult-fluency,MultHardFactsNumeric,numeric,rich,10,10,0.25,49,7 × 9 = ?
g3-mult-fluency,default,numeric,rich,10,10,0.21,8,2 × 8 = ?
g3-div-fluency,DivBy10Numeric,numeric,rich,10,10,0.21,10,90 ÷ 10 = ?
g3-div-fluency,default,numeric,rich,10,10,0.21,8,10 ÷ 2 = ?
a1-polynomials,factor-difference-squares__buildExpression,buildExpression,rich,10,10,0.21,[ (x + 4)   (x - 4) ],Build the factorization of x^2 - 16.
a1-quadratics,quad-diff-squares-solve__numeric,numeric,rich,10,10,0.17,8,Solve x^2 - 36 = 0. What is the larger solution?
a2-logarithms,lg-define__numeric,exactNumberLab,rich,10,4,0.29,3,Evaluate log_2(8).
a2-logarithms,lg-expand-condense__numeric,exactNumberLab,rich,10,4,0.42,7,Evaluate 3log_3(3) + log_3(9).
a2-polynomials,pf-end-behavior__buildExpression,buildExpression,rich,10,4,0.42,[ falls left and rises right ],Build the end behavior of f(x)=x^3+lower-degree terms.
a2-polynomials,pf-quad-form__buildExpression,buildExpression,rich,10,10,0.21,[ x = -2   x = 2   x = -√5   x = √5 ],Build all zeros of x⁴−9x²+20=0.
a2-radicals,re-models__numeric,exactNumberLab,rich,10,10,0.29,1.5,A model gives t=√h/4. Find t when h=36.
a2-radicals,re-products__numeric,exactNumberLab,rich,10,10,0.13,12,Evaluate (√9)².
a2-radicals,re-var-radicals__buildExpression,buildExpression,rich,10,10,0.17,[ 10x√y ],Simplify √(100x²y) for x≥0.
a2-trig,tf-solve-sides__numeric,numeric,rich,10,10,0.21,6,A ramp of length 14 meets the ground at 45°. Find its vertical rise.
parabola-focal,dishForm,numeric,rich,9,9,0.21,3,A parabolic dish is y = x²/16. How far above the vertex should the receiver sit?
parabola-focal,focusPoint,numeric,rich,9,9,0.25,6,A dish is designed as x² = 16y. How far from the vertex is the focus?
ellipse-axes,focalSum,numeric,rich,9,9,0.29,10,An ellipse has semi-major axis a = 5. For any point on it  what is the SUM of the distance
exp-function,initialValue,exactNumberLab,rich,9,6,0.33,5,For f(x) = 4 · 2^x  what is the initial value f(0)?
exp-function,startAmount,exactNumberLab,rich,9,5,0.25,500,For A(x) = 500 · 3^x  what is the starting amount A(0)?
exp-function,decayModel,exactNumberLab,rich,9,5,0.33,40,A car's value halves each period: V(x) = 320 · (1/2)^x. What is V(3)?
lcm-pair,buses,numeric,rich,9,7,0.42,24,One bus leaves every 6 minutes  another every 9 minutes. They just left together. In how m
lcm-pair,default,numeric,rich,9,8,0.29,20,Find the LCM of 4 and 10.
deriv-product,default,numeric,rich,9,6,0.33,405,f(x) = x³ · x². Compute f′(2) HONESTLY (simplify to x⁵ if you like).
sigma-eval,sigmaSq,numeric,rich,9,9,0.21,50,Evaluate Σ from k = 3 to 5 of k².
polygon-angles,sidesFromSum,exactNumberLab,rich,9,9,0.17,8,A polygon's interior angles sum to 1080°. How many sides?
polygon-angles,regularInterior,exactNumberLab,rich,9,9,0.21,144,Each interior angle of a regular nonagon  in degrees?
polygon-angles,default,exactNumberLab,rich,9,9,0.25,1440,Interior angle sum of a octagon (8 sides)  in degrees?
pct-of-number,rrBenchmarkFive,numeric,rich,9,9,0.25,2,Estimate with benchmarks: what is 5% of 140?
proportional-plot,default,plotPoint,rich,9,9,0.17,[{ x :1  y :2} { x :2  y :4} { x :3  y :,For k = 2  plot the points (1  2) and (2  4).
second-deriv-eval,default,numeric,rich,9,9,0.21,24,f(x) = x³ − 27x has f″(x) = 6x. Evaluate f″ at the critical point x = 3.
opt-setup,domainBound,numeric,rich,9,9,0.21,5,A 10-inch square sheet  with squares of side x cut from the corners and the sides folded u
thales-right-angle,hypotenuse,numeric,rich,9,9,0.21,13,A triangle inscribed on a diameter has legs 3 and 4. Find the DIAMETER.
thales-right-angle,radiusFromLegs,numeric,rich,9,9,0.21,6.5,Triangle ABC is inscribed in a circle with a right angle at C  and legs AC = 9  BC = 12. F
reflect-fn,default,numeric,rich,9,9,0.17,-16,On the graph of y = −x³  what is y when x = 5?
box-surface-area,cubeSA,numeric,rich,9,9,0.21,600,Find the surface area of a cube with side 3.
chord-dist,pipeDepth,numeric,rich,9,8,0.21,10,A horizontal pipe has a circular cross-section of radius 17 dm. Water fills it to a surfac
times-nine,default,numeric,rich,9,9,0.25,108,9 × 12 = ?
addition-rule,probOr,numeric,rich,9,4,0.33,0.423,Draw one card from 52. Find **P(a heart or a face card)** as a decimal  rounded to three p
nl-unit,howManyJumps,numeric,rich,9,9,0.21,6,On a 0→1 line cut into equal jumps  the FIRST mark is exactly 1/7. How many jumps make up 
nl-beyond-one,jumpsToWhole,numeric,rich,9,7,0.42,12,Jumping in FOURTHS from 0  how many jumps land you exactly on 2?
equiv-models,tradeInto,numeric,rich,9,5,0.25,8,You hold 2/3 of a bar and trade it into TWELFTHS (each third gets cut into 4 minis). How m
equiv-models,tradeEighths,numeric,rich,9,7,0.25,6,You hold 3/4 of a bar and trade it into EIGHTHS. How many eighths do you hold?
mass,kgToG,numeric,rich,9,9,0.17,7000,How many grams are in 5 kilograms?
g7-vertical-angles,default,geometricConstraintLab,rich,9,9,0.25,155,Two lines cross. One angle is 45°. What is the angle next to it  sharing a side  in degree
g7-complementary,default,numeric,rich,9,9,0.21,40,Two angles are supplementary. One measures 110°. What is the other angle?
g8-tm-congruence,tmCongruenceSort,dragBucket,rich,9,9,0.21,{ translate 2 units left : Always congru,Sort each transformation by whether it always keeps the image congruent to the original.
k0-add-subtract,KoaSums5Numeric,numeric,rich,9,4,0.33,4,1 + 4 = ?
g1-add-subtract,TensPartnersNumeric,numeric,rich,9,9,0.17,5,8 + ? = 10. What makes ten with 8?
g1-counting-120,TeensNumeric,numeric,rich,9,9,0.25,16,What numeral is 1 ten and 5 ones?
g2-fluency,FlTenPlusNumeric,numeric,rich,9,9,0.29,12,10 + 5 = ?
g2-fluency,FlSums20Numeric,numeric,rich,9,4,0.42,19,9 + 8 = ?
g3-mult-fluency,MultSquaresNumeric,numeric,rich,9,9,0.25,16,6 × 6 = ?
g3-div-fluency,DivBy2Numeric,numeric,rich,9,9,0.17,10,18 ÷ 2 = ?
g4-decimals,dTenthsWriteNumeric,numeric,rich,9,9,0.21,0.3,A unit square is split into 10 equal columns  and 1 of them are shaded. Write the shaded a
a1-polynomials,exponent-power__numeric,numeric,rich,9,6,0.33,6,Simplify (x^4)^2 to x^k. What is k?
a1-quadratics,quad-square-root__numeric,numeric,rich,9,9,0.29,7,Solve x^2 - 25 = 0. What is the larger solution?
a1-solving-equations,multi-literal__numeric,numeric,rich,9,9,0.17,50,Using F = 9C/5 + 32  find F when C = 10.
a2-polynomials,pf-multiplicity__numeric,numeric,rich,9,5,0.38,5,What is the degree of f(x)=(x+1)^4(x−2)^1?
a2-series,sr-inf-sum__numeric,numeric,rich,9,7,0.33,13.5,Find 6+1.5+0.375+… forever (common ratio 1/4).
a2-series,sr-sigma-read__numeric,numeric,rich,9,9,0.21,14,Evaluate Σ(k=1 to 4) k^1.
a2-trig,tf-transform__numeric,numeric,rich,9,6,0.29,3,y = sin(bx) has period π/3. What is b?
parabola-focal,default,numeric,rich,8,8,0.29,4,For the parabola x² = 24y  what is the focal length p?
base-ten-build,default,baseTenCompose,rich,8,8,0.25,{ hundreds :0  tens :1  ones :2},What hides inside 16? Build it with tens and ones.
pq-kite,default,numeric,rich,8,8,0.29,4,A kite's cross diagonal (the one perpendicular to the symmetry axis) measures 14. The symm
ladder-shift,mulTwice,placeValueTransformLab,rich,8,8,0.25,4,0.04 × 10 × 10 = ?
ladder-shift,divTenth,placeValueTransformLab,rich,8,8,0.21,0.04,0.4 ÷ 10 = ? (enter as a decimal)
ladder-shift,default,placeValueTransformLab,rich,8,8,0.25,0.5,4 ÷ 10 = ? (enter as a decimal)
exp-solve,negExponent,exactNumberLab,rich,8,3,0.42,-2,Solve 2^x = 1/16.
power-product,quotientEval,numeric,rich,8,5,0.33,8,Evaluate 2^5 / 2^2.
power-product,missingPowerExponent,numeric,rich,8,3,0.46,5,32 can be written as 2^?. What is the exponent?
exp-function,ratio,exactNumberLab,rich,8,3,0.54,3,In the sequence 2  6  18  54  what is the constant ratio?
geo-series,powers,numeric,rich,8,8,0.25,85,Evaluate 1 + 3 + 9 + 27 with the formula.
polygon-angles,sidesFromExterior,exactNumberLab,rich,8,8,0.21,5,Each exterior angle of a regular polygon measures 36°. How many sides?
metric-convert,rrTimeDivide,numeric,rich,8,8,0.25,5,There are 60 minutes in an hour. How many hours is 300 minutes?
metric-convert,rrHoursSeconds,numeric,rich,8,8,0.25,14400,How many seconds are in 4 hours? Chain hours → minutes → seconds.
repeat-decimal,default,quotientReasoningLab,rich,8,8,0.21,{ whole :0  num :5  den :9},0.111… equals:
decimal-representation,moneyTenths,numeric,rich,8,8,0.21,9,A dime is one tenth of a dollar. Written as 0.?  what tenths digit represents 5 dimes?
conic-general,convertA,numeric,rich,8,4,0.29,5,Convert 4x² − 25y² − 100 = 0 to standard form and find a.
conic-general,default,numeric,rich,8,8,0.21,8,For y² = 20x (form y² = 4px)  find p.
proportional-plot,cgPairNext,numeric,rich,8,8,0.25,20,Start at 0 and add 4 each time. The pattern is 0  4  8  12. What number comes next?
evt-candidates,minValue,numeric,rich,8,8,0.33,-16,f(x) = x³ − 12x on [0  4]. Find the MINIMUM value.
opt-box,maxVolume,numeric,rich,8,8,0.21,128,A 12-inch square sheet folds into an open box this way. Find the maximum volume  in cubic 
multiplication-rule,withoutReplacement,numeric,rich,8,3,0.46,221,Draw 2 cards without replacement. P(both spades) is exactly 1/n. Find **n**.
combination-count,default,numeric,rich,8,8,0.33,84,From 5 runners  how many different **teams of 3** (no order) can be chosen?
trig-inside,sumSolutions,numeric,rich,8,4,0.5,21.99,Solve sin(2x) = √3/2 on [0  2π). What is the SUM of the solutions  to hundredths?
chord-perp,distFromChord,numeric,rich,8,7,0.29,15,Radius 10  chord 16. How far is the chord from the centre?
round-half,tieTen,numberLinePlace,rich,8,8,0.21,30,Round 25 to the nearest ten.
nl-partition,newMarks,numeric,rich,8,8,0.21,8,You want to cut the 0→1 trip into 9 equal jumps. How many NEW marks do you draw between 0 
quadrilaterals,cgEqualSidePerimeter,numeric,rich,8,8,0.21,20,A rhombus has four sides  each 12 units long. What is its perimeter?
area-vs-perimeter,areaGap,numeric,rich,8,8,0.25,16,Two rectangular pens each have perimeter 14 m. Pen A is 1 m by 6 m; Pen B is 3 m by 4 m. H
g7-scaled-area,unitAreaScale,geometricConstraintLab,rich,8,8,0.21,36,At the scale 1 cm = 3 m  how many square meters does each 1 cm² of drawing represent?
pr-constant-k-g7,rrPartWholeSum,numeric,rich,8,8,0.21,7,A team's wins-to-losses ratio is 3 : 4. How many games make one full cycle of that pattern
pr-constant-k-g7,rrPartWholeBuild,buildExpression,rich,8,8,0.25,[ 3   :   8 ],Paint is mixed with 3 parts blue for every 5 parts yellow. Build the ratio of blue to the 
g8-esn-context-compute,esnContextMixed,buildExpression,rich,8,8,0.25,[ 8.3   ×   10⁹ ],A shipping company moves 3 × 10³ containers  each holding 2 × 10² kilograms  then removes 
k0-add-subtract,KoaDiffs5Numeric,numeric,rich,8,3,0.5,1,4 − 1 = ?
g0-counting,countReadFlash,subitizeFlash,rich,8,5,0.42,9,Look at the ten-frame flash and choose the matching numeral.
g0-counting,countTeenFrame,tenFrame,rich,8,8,0.21,7,A full group of 10 is already shown. Add the extra dots needed to make 11.
k0-count-100,kTensNextHop,numberLineHop,rich,8,8,0.29,40,Count by tens: what comes after 20? Hop one ten and tap where you land.
g1-data,GdTallyReadNumeric,numeric,rich,8,8,0.21,18,A tally row shows 3 crossed five-groups and 2 single marks. How many does it count?
g1-data,GdTallySinglesNumeric,numeric,rich,8,4,0.42,4,19 students voted. After the crossed five-groups  how many SINGLE marks will the tally sho
g1-shapes-measure,Smg12D3DNumeric,numeric,rich,8,4,0.46,1,How many curved surfaces does a cylinder have?
g1-shapes-measure,Smg1ShapeSidesNumeric,numeric,rich,8,3,0.58,4,How many corners does a square have?
g1-shapes-measure,Smg1SolidPartsNumeric,numeric,rich,8,5,0.29,2,How many edges does a cylinder have?
g1-tens-ones,TnoTenBundleNumeric,numeric,rich,8,8,0.33,60,How many ones are the same as 8 tens?
g2-fluency,FlDoublesNumeric,numeric,rich,8,8,0.25,6,3 + 3 = ?
g2-fluency,FlFromTenNumeric,numeric,rich,8,8,0.21,1,10 − 6 = ?
g2-fluency,default,numeric,rich,8,8,0.21,4,6 + 6 = ?
g3-mult-fluency,MultTable9Numeric,numeric,rich,8,8,0.21,0,9 × 4 = ?
g3-div-fluency,DivBy3Numeric,numeric,rich,8,8,0.25,2,27 ÷ 3 = ?
g4-decimals,dTenthToHundredthNumeric,numeric,rich,8,8,0.29,70,0.8 = ?/100. What numerator makes the fraction name the same amount?
g4-decimals,default,numeric,rich,8,8,0.21,0.3,A unit square is split into 10 equal columns  and 4 of them are shaded. Write the shaded a
g4-lines-angles,laSymmetryApplicationNumeric,numeric,rich,8,8,0.21,4,A half-design contains 2 shapes  none on the symmetry line. After reflecting every shape  
a1-polynomials,factor-difference-squares__numeric,numeric,rich,8,8,0.29,2,Factor x^2 - 4 as (x + 2)(x - k). Find k.
a1-radicals,rad-distance__numeric,geometricConstraintLab,rich,8,8,0.21,5,Find the distance from (0  0) to (5  12).
a1-radicals,rad-pythagorean-radical__numeric,geometricConstraintLab,rich,8,8,0.25,128,A right triangle has legs 3 and 3. What is c^2 before taking the square root?
a2-logarithms,lg-scales__numeric,numeric,rich,8,8,0.21,10000000,A pH 8 units lower represents how many times greater hydrogen-ion concentration?
a2-polynomials,pf-cubes__buildExpression,buildExpression,rich,8,8,0.29,[ (x + 4)   (x² − 4x + 16) ],Factor x³ + 125.
a2-polynomials,pf-cubes__numeric,numeric,rich,8,8,0.21,-9,Find the only real zero of x³ + 8=0.
a2-polynomials,pf-turning__numeric,exactNumberLab,rich,8,8,0.21,6,A polynomial graph has exactly 2 turning points. What is the smallest possible degree?
a2-radicals,re-extraneous__buildExpression,buildExpression,rich,8,8,0.29,[ x = 6 ],Squaring √(x+42)=x gives candidates 7 and -6. Build the checked solution set.
a2-radicals,re-extraneous__numeric,exactNumberLab,rich,8,8,0.21,3,Solve √(x+6)=x. Give the valid solution.
a2-radicals,re-plusminus__buildExpression,buildExpression,rich,8,8,0.21,[ x = 27   or   x = −27 ],Build the real solutions of x^(2/5)=25.
a2-rationals,rf-opposite__buildExpression,buildExpression,rich,8,8,0.21,[ −(x + 7) ],Simplify (25−x²)/(x−5).
a2-statistics,si-claim-overreach__numeric,exactNumberLab,rich,8,8,0.21,950,In 20000 people  prevalence is 1%  sensitivity is 95%  and false-positive rate is 5%. How 
a2-statistics,si-margin__numeric,numeric,rich,8,8,0.21,1,For p-hat=0.5 and n=625  estimate the 2-SE margin of error in percentage points.
a2-statistics,si-standard-error__numeric,exactNumberLab,rich,8,8,0.21,1,Estimate the standard error in percentage points for p=0.5 and n=2500.
ellipse-abc,findB,numeric,rich,7,6,0.5,12,An ellipse has a = 17 and c = 8. What is b?
ellipse-abc,eccentricity,numeric,rich,7,4,0.46,0.6,An ellipse has a = 13 and c = 5. Find its eccentricity to two decimals.
ellipse-abc,default,numeric,rich,7,7,0.21,5,For an ellipse with a = 13 and b = 12  find c.
cn-i-def,coefSquared,buildExpression,rich,7,7,0.25,[ −   25 ],What is (3i)²?
root-solve,default,buildExpression,rich,7,7,0.21,[ x = 7   or   x = −7 ],Which values solve x² = 49?
angle-equation,default,numeric,rich,7,4,0.33,60,Angles x and 2x sit together on a straight line. Solve for x (in degrees).
pq-rhombus,sideFromDiagonals,numeric,rich,7,7,0.38,13,A rhombus has diagonals 12 and 16. Find its side length.
coord-perimeter,rhombus,numeric,rich,7,7,0.25,40,A rhombus has all four sides equal to 10 (built from a right-triangle slant). Perimeter = 
coord-perimeter,default,numeric,rich,7,7,0.29,24,Triangle (0  0)  (3  0)  (3  4). Perimeter = ?
order-decimals,greatestOf3,numeric,rich,7,7,0.29,0.4,Which is the GREATEST: 0.06  0.6  or 0.16?
order-decimals,default,numeric,rich,7,7,0.25,0.67,Which is the LEAST: 0.3  0.23  or 0.32?
power-product,basicSquare,numeric,rich,7,7,0.29,25,What is 6^2 (6 × 6)?
power-product,default,numeric,rich,7,4,0.33,32,Evaluate 2^3 · 2^3.
eval-expression,square,numeric,rich,7,7,0.25,9,Evaluate x² at x = 3.
deriv-explog,default,numeric,rich,7,7,0.38,0.2,f(x) = ln x. Find f′(5)  as a decimal.
arith-series,multiples,numeric,rich,7,7,0.33,220,Find 4 + 8 + 12 + ⋯ + 40 (ten terms).
polygon-angles,sidesFromInterior,exactNumberLab,rich,7,7,0.33,6,Each interior angle of a regular polygon is 144°. How many sides?
pct-of-number,rrGridPercent,numeric,rich,7,7,0.29,50,On a 100-square grid  1/2 of the squares are shaded. What percent is shaded?
decimal-representation,unitCount,numeric,rich,7,7,0.38,20,How many tenths make 2 wholes?
hyperbola-cab,findC,numeric,rich,7,5,0.38,13,For x²/64 − y²/36 = 1 (a = 8  b = 6)  find c using c² = a² + b².
directrix-ecc,hypEcc,numeric,rich,7,7,0.25,1.4,For a hyperbola with a = 3  c = 5  the focus-directrix ratio equals e. Find it to two deci
directrix-ecc,default,numeric,rich,7,5,0.29,20,An ellipse has a = 5 and e = 0.4. Its directrix is x = a/e. Find that value.
evt-candidates,default,numeric,rich,7,7,0.38,16,f(x) = x³ − 12x on [0  4]. Find the MAXIMUM value.
opt-box,beatEndpoint,numeric,rich,7,7,0.29,1024,V(2) = 128  V(0) = 0  V(6) = 0. By how much does the best box beat the best endpoint?
trig-deriv,product,numeric,rich,7,7,0.33,3,f(x) = (x + 2)·sin x. Find f′(0).
implicit-diff,default,numeric,rich,7,7,0.29,12.5,The tangent to x² + y² = 225 at (9  12) has slope −3/4. Find its y-intercept  as a decimal
combination-count,handshakes,numeric,rich,7,7,0.29,66,9 people each shake hands once with every other person. How many handshakes happen?
times-five-ten,timesFive,numeric,rich,7,7,0.21,20,4 × 5 = ?
times-five-ten,clockMinutes,numeric,rich,7,7,0.25,20,The minute hand points straight at the 6. How many minutes past the hour is it?
round-half,tieHundred,numberLinePlace,rich,7,7,0.21,600,Round 650 to the nearest hundred.
unit-trading,hundredsToTens,numeric,rich,7,7,0.21,40,4 hundreds are traded entirely into tens. How many tens are made?
tens-problems,default,numeric,rich,7,7,0.25,50,A dime is worth 10 cents. How many cents are 5 dimes worth?
double-double,timesEight,numeric,rich,7,7,0.25,72,9 × 8 = ?
g8-esn-context-compute,esnContextDivide,buildExpression,rich,7,6,0.33,[ 3   ×   10⁵ ],A signal travels 6 × 10⁶ meters at 2 × 10³ meters per second. How many seconds does the tr
g8-esn-context-compute,esnContextMultiply,buildExpression,rich,7,7,0.25,[ 5.4   ×   10¹¹ ],A factory makes 6 × 10² items  and each item requires 4 × 10³ microseconds. How many micro
k0-count-100,kDecadeCrossHop,numberLineHop,rich,7,7,0.54,32,Start at 27 and count on 5. Tap where you land.
k0-count-100,kTensBackHop,numberLineHop,rich,7,7,0.33,40,Count back by tens from 30. Hop one ten back and tap where you land.
g2-fluency,FlNearDoublesNumeric,numeric,rich,7,7,0.29,9,4 + 5 = ?
g2-add-subtract-100,DoublesNumeric,numeric,rich,7,7,0.25,14,7 + 7 = ?
g4-place-million,pvCommaPeriodsNumeric,numeric,rich,7,4,0.38,2,A number's digits are grouped into 2 three-digit periods. How many commas separate those p
a1-radicals,rad-pythagorean__numeric,geometricConstraintLab,rich,7,7,0.25,13,A right triangle has legs 5 and 12. Find the hypotenuse.
a2-logarithms,lg-e__numeric,numeric,rich,7,7,0.21,2980.9579870417,Evaluate e^3 to three decimals.
a2-logarithms,lg-ln__numeric,exactNumberLab,rich,7,7,0.17,5,Evaluate e^(ln 2).
a2-radicals,re-plusminus__numeric,exactNumberLab,rich,7,7,0.21,243,Solve x^(2/3)=9. Give the positive solution.
a2-trig,tf-exact-values__numeric,numeric,rich,7,5,0.25,0.5,Find tan 60° to hundredths.
a2-trig,tf-identity__numeric,numeric,rich,7,7,0.25,0.6,sin θ=0.28 and θ is in Quadrant I. Find cos θ.
a2-trig,tf-ratios__numeric,numeric,rich,7,7,0.21,24,In a 9-40-41 right triangle  θ is opposite 9. If cosθ=n/41  find n.
a2-trig,tf-unit-circle__numeric,numeric,rich,7,3,0.46,0,Find cos 180°.
cn-square,completeConstant,numeric,rich,6,6,0.29,9,What constant completes the square: x² + 10x + ___?
cn-disc-repeat,forceC,numeric,rich,6,6,0.33,25,For what value of c does x² + 6x + c = 0 have exactly one repeated root?
ten-frame-fill,decompose,tenFrame,rich,6,4,0.42,6,6 crayons split between two boxes. One box has 2 — they are already in the frame. Add dots
angle-equation,complement,numeric,rich,6,6,0.29,20,Solve x + (x + 50) = 90. What is x  in degrees?
grid-count,square,numeric,rich,6,6,0.21,25,A rectangle is partitioned into 5 rows and 5 columns of unit squares. How many unit square
grid-count,squareRead,areaModel,rich,6,6,0.29,36,A rectangle is partitioned into 6 rows and 6 columns of unit squares. How many unit square
radian-convert,turnFraction,numeric,rich,6,6,0.33,2.09,How many radians in a EIGHTH turn (45°)? (Round to hundredths.)
pq-rhombus,otherDiagonal,numeric,rich,6,5,0.38,24,A rhombus has side 13 and one diagonal of length 10. Find the OTHER diagonal.
ladder-shift,divThrice,placeValueTransformLab,rich,6,6,0.33,0.12,250 ÷ 10 ÷ 10 ÷ 10 = ? (enter as a decimal)
fn-evaluate,squareOnly,numeric,rich,6,6,0.25,25,For f(x) = x^2  what is f(4)?
solve-mult-div,solveDiv,numeric,rich,6,6,0.21,16,Solve x ÷ 2 = 8.
negative-intro,default,numeric,rich,6,6,0.25,-200,A valley floor sits 200 feet below sea level. Writing sea level as 0  what number is the v
common-denom,lcd,numeric,rich,6,5,0.33,12,What is the least common denominator for 2/3 and 4/5?
exp-solve,reciprocalBase,exactNumberLab,rich,6,3,0.33,-2,Solve (1/3)^x = 9.
exp-function,nextTerm,exactNumberLab,rich,6,6,0.29,32,The sequence 5  10  20  40 continues. What is the next term?
deriv-quotient,simplifyFirst,numeric,rich,6,6,0.29,7,f(x) = (x³ + x²)/x  for x ≠ 0. Find f′(4).
deriv-quotient,default,numeric,rich,6,6,0.29,0.96,f(x) = x²/(x + 1). Find f′(1)  as a decimal.
deriv-explog,expChain,numeric,rich,6,6,0.29,4,f(x) = e^(2x). Find f′(0).
sigma-eval,default,numeric,rich,6,6,0.29,22,Evaluate Σ from k = 3 to 6 of k.
geo-series,infBasic,numeric,rich,6,6,0.29,9,Find 6 + 2 + 2/3 + ⋯ (forever).
arith-series,paramsNegD,numeric,rich,6,6,0.46,8,a₁ = 8  d = −2  n = 8. Find S₈.
arith-series,odds,numeric,rich,6,6,0.25,400,Find the sum of the first 20 odd numbers: 1 + 3 + 5 + ⋯ + 39.
polygon-angles,exteriorFromInterior,exactNumberLab,rich,6,6,0.33,36,A vertex has interior angle 108°. Its exterior angle?
directrix-ecc,ratio,numeric,rich,6,4,0.29,0.4,Vertex (5  0)  focus (2  0)  directrix x = 12.5. The focal distance is 3 and the directrix
rolle-c,cubicRepeated,numeric,rich,6,6,0.42,4,f(x) = x³ − 3x² on [0  3]. Find the c strictly inside that Rolle guarantees.
rolle-c,maxRoots,numeric,rich,6,6,0.33,4,f′ has exactly 3 zeros. What is the MAXIMUM number of roots f can have?
rolle-c,default,numeric,rich,6,6,0.33,3,f(x) = x² − 2x on [0  2]. Note f(0) = f(2) = 0. Find the c that Rolle guarantees.
mvt-c,cubicDecimal,numeric,rich,6,6,0.42,1.155,f(x) = x³ on [0  2]. Find the c the MVT guarantees  as a decimal to three places.
inverse-deriv,arctan,numeric,rich,6,4,0.5,0.5,f(x) = arctan x. Find f′(1)  as a decimal.
conditional-prob,diceCondition,numeric,rich,6,4,0.46,0.2,Two dice are rolled and you are told the total is **more than 5**. Find P(the roll is a do
to-polar,radius,numeric,rich,6,6,0.25,17,For the point (8  15)  what is r?
fraction-volume,bucketTrips,numeric,rich,6,5,0.5,12,A tank is 2½ × 4 × 2. A bucket carries 2½ cubic units per trip. How many trips fill the ta
g7-sp-counting-principle,spCountFlips,numeric,rich,6,6,0.29,16,A fair coin is flipped 5 times. How many distinct ordered outcomes are possible?
g0-shapes-sorting,shapeComposeTap,tapDiagram,rich,6,3,0.46,[ g2 ],A sailboat has a pointy sail. Tap the flat shape that can make the sail.
g0-shapes-sorting,shapeRollStackTap,tapDiagram,rich,6,3,0.42,[ g0 ],Tap the solid blocks that make the most stable tall tower.
g1-counting-120,To120Numeric,numeric,rich,6,6,0.29,110,70 + 10 = ?
g2-add-subtract-100,NearDoublesNumeric,numeric,rich,6,6,0.25,19,7 + 8 = ?
g2-shapes-shares,Ssg2PyramidNumeric,numeric,rich,6,4,0.42,4,How many faces does a triangular pyramid have?
g2-shapes-shares,Ssg2PyramidTapDiagram,tapDiagram,rich,6,3,0.42,[ h0 ],Tap the solid whose faces meet at one point on top.
g2-shapes-shares,Ssg2ShapeVocabNumeric,numeric,rich,6,6,0.29,4,How many sides does a triangle have?
a2-polynomials,pf-anatomy__numeric,exactNumberLab,rich,6,6,0.25,4,What is the maximum possible number of turning points of a degree-3 polynomial?
root-solve,cubeNegative,buildExpression,rich,5,5,0.29,[ x = −3 ],Which value solves x³ = −64?
angle-equation,linearPairLab,angleMeasure,rich,5,3,0.46,{ angle :30},Angles x and 3x sit together on a straight line. Solve for x (in degrees).
order-decimals,secondOf4,numeric,rich,5,5,0.38,0.5,In 0.5  0.45  0.501  0.51 ordered least to greatest  which comes SECOND?
exp-function,decayStart,exactNumberLab,rich,5,5,0.33,2400,For A(x) = 320 · (1/2)^x  what is the starting amount A(0)?
geo-series,infAlternating,numeric,rich,5,5,0.29,32,Find 24 − 12 + 6 − 3 + ⋯ (forever).
geo-series,ballDown,numeric,rich,5,5,0.33,8,A ball drops from 4 m and rebounds to half its previous height  forever. What is the TOTAL
pct-of-number,rrFractionPercent,numeric,rich,5,5,0.25,20,Write 1/4 as a percent. Enter just the number.
reflect-compose,basisColumn,pointEntry,rich,5,3,0.46,[0 1],Using the combined matrix [[0  1]  [-1  0]]  where does ⟨1  0⟩ land?
trig-deriv,chain,numeric,rich,5,5,0.29,4,f(x) = sin 2x. Find f′(0).
permutation-count,podium,numeric,rich,5,5,0.38,336,8 sprinters race for gold  silver and bronze. How many different podiums are possible?
chord-perp,parallelChords,numeric,rich,5,4,0.33,7,A circle has radius 15. Two parallel chords of lengths 24 and 18 lie on the SAME side of t
chord-dist,howMuchLonger,numeric,rich,5,4,0.33,14,Radius 10. One chord sits 6 from the centre  another sits 8. How much LONGER is the closer
unit-size,extraSharer,numeric,rich,5,5,0.29,6,3 kids are about to share a 24 cm licorice rope equally — then one more kid joins BEFORE a
g7-sp-counting-principle,spCountCoinDieA,numeric,rich,5,5,0.33,8,A coin is flipped and a fair 4-sided die is rolled. How many ordered outcomes are in the s
g2-place-value-1000,Pv1000SkipHundredsNumeric,numeric,rich,5,5,0.33,500,Skip-count by 100s: 200  300  400  ___?
g4-lines-angles,laSymmetryFindingNumeric,numeric,rich,5,5,0.29,4,How many lines of symmetry does a isosceles triangle have?
shape-identify,solid,tapDiagram,rich,4,4,0.42,[ g1 ],A beach ball — round all over  with no flat part anywhere. Which solid is it?
shape-identify,rollStack,tapDiagram,rich,4,4,0.38,[ g1 ],Which solid stacks into a tower but cannot roll? Tap it.
root-solve,cube,buildExpression,rich,4,4,0.5,[ x = 3 ],Which value solves x³ = 27?
angle-equation,lineThree,numeric,rich,4,4,0.38,30,Angles x  2x  and 90° together fill a straight line. Solve for x (in degrees).
radian-convert,halfPiToDeg,numeric,rich,4,4,0.38,270,Convert 5π/2 to degrees.
equiv-test,squareVsDouble,numeric,rich,4,4,0.46,8,x + x and x² both equal 4 at x = 2. Evaluate x + x at x = 4 to test whether they're truly 
power-product,tenPower,numeric,rich,4,4,0.38,100,Evaluate 10^3.
permutation-count,buildSeat,buildExpression,rich,4,4,0.33,[ 9   ×   8   ×   7 ],Build the count for seating 3 of 9 people in 3 distinct chairs.
permutation-count,evenNumbers,numeric,rich,4,4,0.29,60,Using the digits 1 to 6 with no repeats  how many **three-digit even** numbers can be form
g8-tm-dilation-similarity,tmSimilarSort,dragBucket,rich,4,4,0.33,{ sides 3-4-5 versus 5-4-3 : Congruent  ,Sort each pair of triangles by their relationship.
g4-measure,mcDegreeMeasurementNumeric,numeric,rich,4,4,0.33,270,How many degrees are in a quarter turn?
