# sourceSeal=3f0bb4a minPerForm=30 bands=support/core/stretch seed=hashSeed("<tag>|<form>|<band>|<index>")
generator,form,widgetType,tier,samples,throws,distinctWidgets,distinctAnswers,distinctPrompts,freshness,highFindings,allFindings,throwDetail
exp-solve,reciprocalBase,exactNumberLab,500,250,0,6,3,6,0.024,0,0,
exp-solve,negExponent,exactNumberLab,500,250,0,8,3,8,0.032,0,0,
ladder-shift,divThrice,placeValueTransformLab,500,167,0,6,6,6,0.036,0,0,
ladder-shift,divTenth,placeValueTransformLab,500,167,0,8,8,8,0.048,0,0,
g7-scaled-area,unitAreaScale,geometricConstraintLab,500,167,0,8,8,8,0.048,0,0,
ladder-shift,mulTwice,placeValueTransformLab,500,167,0,8,8,8,0.048,0,0,
g7-vertical-angles,adjacentObtuse,geometricConstraintLab,500,167,0,13,13,13,0.078,0,0,
missing-side,squareSide,geometricConstraintLab,500,167,0,13,13,13,0.078,0,0,
line-of-fit,interceptZero,affineRelationshipLab,500,250,0,22,1,22,0.088,0,0,
common-denom,lcd,numeric,100,100,0,6,5,6,0.060,0,0,
ten-frame-fill,decompose,tenFrame,100,100,0,7,4,7,0.070,0,0,
polygon-angles,sidesFromInterior,exactNumberLab,500,84,0,8,8,8,0.095,0,0,
g8-les-systems-word,lesWordTickets,affineRelationshipLab,500,125,0,13,13,13,0.104,0,0,
power-ten-exponent,negDivide,placeValueTransformLab,500,167,0,20,7,20,0.120,0,0,
exp-function,decayStart,exactNumberLab,500,72,0,5,5,5,0.069,0,0,
power-ten-exponent,negMultiply,placeValueTransformLab,500,167,0,20,7,20,0.120,0,0,
parent-functions,evalParent,numeric,100,100,0,12,12,12,0.120,0,0,
conic-general,convertA,numeric,100,100,0,11,4,11,0.110,0,0,
g7-vertical-angles,acrossAlgebra,geometricConstraintLab,500,167,0,24,15,24,0.144,0,0,
pr-graph-rate-g7,graphUnitPlot,plotPoint,500,125,0,20,5,20,0.160,0,0,
exp-function,nextTerm,exactNumberLab,500,72,0,6,6,6,0.083,0,0,
make-ten-sum,biggerFirst,numeric,100,100,0,13,7,13,0.130,0,0,
polygon-angles,sidesFromSum,exactNumberLab,500,84,0,12,12,12,0.143,0,0,
polygon-angles,sidesFromExterior,exactNumberLab,500,84,0,12,12,12,0.143,0,0,
polygon-angles,exteriorSum,exactNumberLab,500,84,0,11,1,11,0.131,0,0,
pr-graph-rate-g7,graphStoryPlot,plotPoint,500,125,0,19,5,19,0.152,0,0,
exp-function,ratio,exactNumberLab,500,72,0,8,3,8,0.111,0,0,
polygon-angles,regularInterior,exactNumberLab,500,84,0,11,11,11,0.131,0,0,
exp-function,decayModel,exactNumberLab,500,72,0,9,5,9,0.125,0,0,
exp-function,startAmount,exactNumberLab,500,72,0,10,5,10,0.139,0,0,
g8-tm-pythagorean-why,tmPythCSquaredA,geometricConstraintLab,500,125,0,20,18,20,0.160,0,0,
g8-tm-pythagorean-why,tmPythLengthFromAreas,geometricConstraintLab,500,125,0,20,18,20,0.160,0,0,
exp-function,initialValue,exactNumberLab,500,72,0,10,6,10,0.139,0,0,
root-solve,cube,buildExpression,100,50,0,4,1,4,0.080,0,0,
g8-les-systems-word,lesWordRope,affineRelationshipLab,500,125,0,22,20,22,0.176,0,0,
in-definite-power,default,numeric,100,100,0,20,17,20,0.200,0,100,
shape-identify,solid,tapDiagram,100,50,0,4,4,4,0.080,0,0,
shape-identify,rollStack,tapDiagram,100,50,0,4,4,4,0.080,0,0,
trig-deriv,chain,numeric,100,50,0,5,5,5,0.100,0,0,
g8-les-systems-word,lesWordLarger,affineRelationshipLab,500,125,0,22,20,22,0.176,0,0,
g8-esn-place-value,esnPlaceLarge,placeValueTransformLab,500,125,0,29,29,29,0.232,0,166,
g8-tm-angle-angle,tmAAScale,geometricConstraintLab,500,125,0,33,23,33,0.264,0,0,
root-solve,cubeNegative,buildExpression,100,50,0,5,1,5,0.100,0,0,
chord-perp,parallelChords,numeric,100,50,0,5,4,5,0.100,0,0,
g1-tens-ones,TnoTenBundleNumeric,numeric,500,63,0,9,9,9,0.143,0,0,
deriv-explog,expChain,numeric,100,50,0,6,6,6,0.120,0,0,
g8-tm-pythagorean-why,tmPythCSquaredB,geometricConstraintLab,500,125,0,20,18,20,0.160,0,0,
power-product,tenPower,numeric,500,46,0,4,4,4,0.087,0,0,
g8-esn-place-value,esnPlacePositive,placeValueTransformLab,500,125,0,24,24,24,0.192,0,0,
decimal-shift-divide,bareDivide,placeValueTransformLab,500,250,0,61,10,61,0.244,0,0,
missing-side,penWidth,geometricConstraintLab,500,167,0,51,6,51,0.305,0,0,
rolle-c,cubicRepeated,numeric,100,50,0,6,6,6,0.120,0,0,
rolle-c,maxRoots,numeric,100,50,0,6,6,6,0.120,0,0,
deriv-quotient,simplifyFirst,numeric,100,50,0,6,6,6,0.120,0,0,
cn-i-def,coefSquared,buildExpression,100,50,0,7,1,7,0.140,0,0,
directrix-ecc,hypEcc,numeric,100,50,0,7,7,7,0.140,0,0,
critical-count,quartic,numeric,100,50,0,8,1,8,0.160,0,0,
count-on-line,teen,numberLineHop,100,100,0,20,9,20,0.200,0,0,
decimal-shift-divide,shiftBoth,placeValueTransformLab,500,250,0,61,10,61,0.244,0,0,
multiplication-rule,withoutReplacement,numeric,100,50,0,8,3,8,0.160,0,0,
pythagorean,ladder,numeric,100,50,0,9,9,9,0.180,0,0,
cn-square,completeConstant,numeric,100,50,0,7,7,7,0.140,0,0,
g7-scaled-area,roomScaledArea,geometricConstraintLab,500,167,0,53,34,53,0.317,0,0,
ellipse-abc,eccentricity,numeric,100,50,0,8,5,8,0.160,0,0,
hyperbola-cab,findC,numeric,100,50,0,8,5,8,0.160,0,0,
evt-candidates,minValue,numeric,100,50,0,8,8,8,0.160,0,0,
trig-deriv,product,numeric,100,50,0,8,8,8,0.160,0,0,
neg-rational-exp,default,fractionEntry,100,100,0,29,14,29,0.290,0,0,
repeat-decimal,twoDigit,quotientReasoningLab,500,250,0,79,79,79,0.316,0,0,
unit-fraction,returnedPieces,numeric,100,100,0,34,9,34,0.340,0,0,
evt-candidates,candidateCount,numeric,100,50,0,9,1,9,0.180,0,0,
thales-right-angle,radiusFromLegs,numeric,100,50,0,9,9,9,0.180,0,0,
coordinate-plot,cgOrigin,pointEntry,500,39,0,5,1,5,0.128,0,0,
directrix-ecc,ratio,numeric,100,50,0,7,4,7,0.140,0,0,
ellipse-abc,findB,numeric,100,50,0,8,7,8,0.160,0,0,
power-product,quotientEval,numeric,500,46,0,8,5,8,0.174,0,0,
thales-right-angle,hypotenuse,numeric,100,50,0,9,9,9,0.180,0,0,
power-product,basicSquare,numeric,500,46,0,7,7,7,0.152,0,0,
opt-setup,domainBound,numeric,100,50,0,10,10,10,0.200,0,0,
ellipse-axes,focalSum,numeric,100,50,0,11,11,11,0.220,0,0,
parabola-focal,dishForm,numeric,100,50,0,10,10,10,0.200,0,0,
hyperbola-cab,slope,numeric,100,50,0,10,9,10,0.200,0,0,
g3-div-fluency,DivBy2Numeric,numeric,500,42,0,10,10,10,0.238,0,0,
addition-rule,probOr,numeric,100,50,0,12,4,12,0.240,0,0,
opt-setup,maxProduct,numeric,100,50,0,14,14,14,0.280,0,0,
chord-dist,howMuchLonger,numeric,100,34,0,5,4,5,0.147,0,0,
implicit-diff,quadForm,numeric,100,50,0,10,4,10,0.200,0,0,
area-vs-perimeter,areaGap,numeric,100,50,0,10,10,10,0.200,0,0,
sigma-eval,sigmaPow,numeric,100,50,0,11,11,11,0.220,0,0,
sigma-eval,sigmaSq,numeric,100,50,0,12,12,12,0.240,0,0,
missing-side,rectangleWidth,geometricConstraintLab,500,167,0,53,6,53,0.317,0,0,
time-set-clock,hour,clockSet,100,50,0,11,11,11,0.220,0,0,
chord-perp,distFromChord,numeric,100,50,0,12,9,12,0.240,0,0,
cn-cts-solve,fromSquare,numeric,100,100,0,34,11,34,0.340,0,0,
angle-sum,cgTriangleEqualAngle,numeric,100,34,0,5,1,5,0.147,0,0,
g8-tm-transversal,tmTransversalMatch,matchPairs,100,34,0,5,1,1,0.147,0,0,
solve-mult-div,solveDiv,numeric,100,34,0,6,6,6,0.176,0,0,
power-product,missingPowerExponent,numeric,500,46,0,12,4,12,0.261,0,0,
decimal-mul-places,threePlaces,numeric,100,50,0,15,14,15,0.300,0,0,
g4-measure,mcDegreeMeasurementNumeric,numeric,100,30,0,4,4,4,0.133,0,0,
order-decimals,secondOf4,numeric,100,34,0,5,5,5,0.147,0,0,
unit-size,extraSharer,numeric,100,34,0,5,5,5,0.147,0,0,
cn-disc-repeat,forceC,numeric,100,34,0,6,6,6,0.176,0,0,
full-sketch,directionChanges,numeric,100,34,0,6,1,6,0.176,0,0,
times-five-ten,timesFive,numeric,100,34,0,6,6,6,0.176,0,0,
g1-shapes-measure,Smg1HalvesNumeric,numeric,500,34,0,6,1,6,0.176,0,0,
parabola-focal,focusPoint,numeric,100,50,0,9,9,9,0.180,0,0,
g3-div-fluency,DivBy10Numeric,numeric,500,42,0,10,10,10,0.238,0,0,
range-floor,negMax,numeric,100,50,0,13,13,13,0.260,0,0,
g8-esn-place-value,esnPlaceNegative,placeValueTransformLab,500,125,0,38,38,38,0.304,0,0,
angle-equation,lineThree,numeric,100,30,0,4,4,4,0.133,0,0,
equiv-test,squareVsDouble,numeric,100,30,0,4,4,4,0.133,0,0,
permutation-count,evenNumbers,numeric,100,30,0,4,4,4,0.133,0,0,
g8-tm-dilation-similarity,tmSimilarSort,dragBucket,100,30,0,4,1,1,0.133,0,0,
geo-series,infAlternating,numeric,100,30,0,5,5,5,0.167,0,0,
geo-series,ballDown,numeric,100,30,0,5,5,5,0.167,0,0,
fraction-volume,bucketTrips,numeric,100,30,0,5,4,5,0.167,0,0,
g7-sp-counting-principle,spCountCoinDieA,numeric,100,30,0,5,5,5,0.167,0,0,
double-angle-solve,countSolutions,numeric,100,34,0,6,1,6,0.176,0,0,
double-angle-solve,sumSolutions,numeric,100,34,0,6,1,6,0.176,0,0,
g0-shapes-sorting,shapeRollStackTap,tapDiagram,500,34,0,6,3,1,0.176,0,0,
g1-shapes-measure,Smg1FourthsNumeric,numeric,500,34,0,6,1,6,0.176,0,0,
pq-rhombus,sideFromDiagonals,numeric,100,34,0,7,7,7,0.206,0,0,
eval-expression,square,numeric,100,34,0,7,7,7,0.206,0,0,
double-double,timesEight,numeric,100,34,0,7,7,7,0.206,0,0,
k0-count-100,kDecadeCrossHop,numberLineHop,500,34,0,7,7,7,0.206,0,0,
g3-div-fluency,DivBy3Numeric,numeric,500,42,0,10,10,10,0.238,0,0,
g8-tm-pythagorean-why,tmPythAreaMeaning,geometricConstraintLab,500,125,0,61,4,3,0.488,0,0,
g2-shapes-shares,Ssg2NameThirdFractionBar,fractionBar,100,30,0,5,1,1,0.167,0,0,
to-polar,radius,numeric,100,34,0,6,6,6,0.176,0,0,
angle-equation,complement,numeric,100,30,0,6,6,6,0.200,0,0,
solve-trig-all,sumCos,numeric,100,30,0,6,1,6,0.200,0,0,
mvt-c,cubicDecimal,numeric,100,34,0,7,7,7,0.206,0,0,
opt-box,beatEndpoint,numeric,100,34,0,7,7,7,0.206,0,0,
combination-count,handshakes,numeric,100,34,0,7,7,7,0.206,0,0,
k0-count-100,kTensBackHop,numberLineHop,500,34,0,7,7,7,0.206,0,0,
a1-radicals,rad-distance__numeric,geometricConstraintLab,500,36,0,8,8,8,0.222,0,0,
a1-radicals,rad-pythagorean-radical__numeric,geometricConstraintLab,500,36,0,8,8,8,0.222,0,0,
nl-partition,newMarks,numeric,100,34,0,8,8,8,0.235,0,0,
g2-fluency,FlFromTenNumeric,numeric,500,36,0,9,9,9,0.250,0,0,
negative-intro,compareFractionDecimal,rationalCompare,100,30,0,5,2,5,0.167,0,0,
arith-series,odds,numeric,100,30,0,5,5,5,0.167,0,0,
pct-of-number,rrGridPercent,numeric,100,30,0,5,5,5,0.167,0,0,
permutation-count,podium,numeric,100,30,0,5,5,5,0.167,0,7,
permutation-count,buildSeat,buildExpression,100,30,0,5,1,5,0.167,0,0,
g4-lines-angles,laSymmetryFindingNumeric,numeric,100,30,0,5,5,5,0.167,0,0,
g0-shapes-sorting,shapeComposeTap,tapDiagram,500,34,0,6,3,1,0.176,0,0,
g1-shapes-measure,Smg1HalvesFourthsNumeric,numeric,500,34,0,6,1,6,0.176,0,0,
grid-count,square,numeric,100,30,0,6,6,6,0.200,0,0,
g1-counting-120,To120Numeric,numeric,500,30,0,6,6,6,0.200,0,0,
pq-rhombus,otherDiagonal,numeric,100,34,0,7,6,7,0.206,0,0,
order-decimals,greatestOf3,numeric,100,34,0,7,7,7,0.206,0,0,
g1-shapes-measure,Smg12D3DNumeric,numeric,500,34,0,7,4,7,0.206,0,0,
g2-fluency,FlNearDoublesNumeric,numeric,500,36,0,8,8,8,0.222,0,0,
a2-trig,tf-ratios__numeric,numeric,100,30,0,7,7,7,0.233,0,0,
coord-perimeter,rhombus,numeric,100,34,0,8,8,8,0.235,0,0,
opt-box,maxVolume,numeric,100,34,0,8,8,8,0.235,0,0,
g1-shapes-measure,Smg1SolidPartsNumeric,numeric,500,34,0,8,5,8,0.235,0,0,
round-half,tieTen,numberLinePlace,100,34,0,9,9,9,0.265,0,0,
g4-decimals,dTenthsWriteNumeric,numeric,500,34,0,9,9,9,0.265,0,0,
set-ops,unionCount,numeric,100,50,0,14,7,14,0.280,0,0,
linear-predict,halfSlope,numeric,100,50,0,15,7,15,0.300,0,0,
vertical-shift,cornerY,numeric,100,50,0,16,16,16,0.320,0,0,
power-product,basicPower,exactNumberLab,500,46,0,15,14,15,0.326,0,0,
pr-graph-rate-g7,graphRateRead,pointSetReasoningLab,500,125,0,47,8,47,0.376,0,0,
radian-convert,halfPiToDeg,numeric,100,30,0,5,5,5,0.167,0,0,
radian-convert,turnFraction,numeric,100,30,0,6,6,6,0.200,0,0,
geo-series,infBasic,numeric,100,30,0,6,6,6,0.200,0,0,
arith-series,paramsNegD,numeric,100,30,0,6,6,6,0.200,0,0,
decimal-representation,unitCount,numeric,100,30,0,6,6,6,0.200,0,0,
conditional-prob,diceCondition,numeric,100,30,0,6,4,6,0.200,0,0,
solve-trig-all,sumSin,numeric,100,30,0,6,2,6,0.200,0,0,
g2-add-subtract-100,NearDoublesNumeric,numeric,500,30,0,6,6,6,0.200,0,0,
g2-place-value-1000,Pv1000SkipHundredsNumeric,numeric,500,30,0,6,6,6,0.200,0,0,
g2-shapes-shares,Ssg2PyramidNumeric,numeric,100,30,0,6,4,6,0.200,0,0,
g2-shapes-shares,Ssg2ThirdsCountNumeric,numeric,100,30,0,6,1,6,0.200,0,0,
g8-esn-context-compute,esnContextDivide,buildExpression,100,30,0,7,1,7,0.233,0,0,
inverse-deriv,arctan,numeric,100,34,0,8,4,8,0.235,0,0,
g2-fluency,FlDoublesNumeric,numeric,500,36,0,9,9,9,0.250,0,0,
g2-fluency,FlTenPlusNumeric,numeric,500,36,0,9,9,9,0.250,0,0,
k0-count-100,kTensNextHop,numberLineHop,500,34,0,9,9,9,0.265,0,0,
g2-measure-money-time,MmtBarGraphNumeric,numeric,500,36,0,10,10,10,0.278,0,0,
cn-multiply,squareReal,numeric,100,50,0,14,14,14,0.280,0,0,
pq-para-angle,ratioPair,numeric,100,34,0,10,10,10,0.294,0,0,
chord-dist,pipeDepth,numeric,100,34,0,10,9,10,0.294,0,0,
parabola-shifted,focusY,numeric,100,100,0,43,8,43,0.430,0,0,
area-compose,plusSign,numeric,500,100,0,45,27,45,0.450,0,0,
angle-equation,linearPairLab,angleMeasure,100,30,0,6,3,6,0.200,0,0,
fn-evaluate,squareOnly,numeric,100,30,0,6,6,6,0.200,0,0,
g7-sp-counting-principle,spCountFlips,numeric,100,30,0,6,6,6,0.200,0,0,
g2-shapes-shares,Ssg2PyramidTapDiagram,tapDiagram,100,30,0,6,3,1,0.200,0,0,
g2-shapes-shares,Ssg2ShapeVocabNumeric,numeric,100,30,0,6,6,6,0.200,0,0,
unit-trading,hundredsToTens,numeric,100,34,0,7,7,7,0.206,0,0,
a2-radicals,re-extraneous__buildExpression,buildExpression,500,30,0,7,1,7,0.233,0,0,
a2-statistics,si-standard-error__numeric,exactNumberLab,500,30,0,7,7,7,0.233,0,0,
a2-trig,tf-identity__numeric,numeric,100,30,0,7,7,7,0.233,30,30,
nl-unit,howManyJumps,numeric,100,34,0,8,8,8,0.235,0,0,
g4-decimals,dTenthToHundredthNumeric,numeric,500,34,0,9,9,9,0.265,0,0,
decimal-representation,moneyTenths,numeric,100,30,0,8,8,8,0.267,0,0,
g8-esn-context-compute,esnContextMixed,buildExpression,100,30,0,8,1,8,0.267,0,0,
a2-polynomials,pf-multiplicity__numeric,numeric,500,30,0,8,5,8,0.267,0,0,
a2-polynomials,pf-turning__numeric,exactNumberLab,500,30,0,8,8,8,0.267,0,0,
power-product,exponentOnly,numeric,500,46,0,14,7,14,0.304,0,0,
g2-measure-money-time,MmtSkip5sNumeric,numeric,500,36,0,11,11,11,0.306,0,0,
g7-sp-likelihood-words,spLikelihoodCertain,mcq,100,50,0,16,3,3,0.320,0,0,
avg-rate-change,quadShift,numeric,100,50,0,18,9,18,0.360,0,0,
grid-count,squareRead,areaModel,100,30,0,6,6,6,0.200,0,0,
reflect-compose,basisColumn,pointEntry,100,30,0,6,3,3,0.200,0,0,
round-half,tieHundred,numberLinePlace,100,34,0,7,7,7,0.206,0,0,
arith-series,multiples,numeric,100,30,0,7,7,7,0.233,0,0,
pr-constant-k-g7,rrPartWholeBuild,buildExpression,100,30,0,7,1,7,0.233,0,0,
g2-add-subtract-100,DoublesNumeric,numeric,500,30,0,7,7,7,0.233,0,0,
a2-polynomials,pf-cubes__buildExpression,buildExpression,500,30,0,7,1,7,0.233,0,0,
g1-shapes-measure,Smg1ShapeSidesNumeric,numeric,500,34,0,8,3,8,0.235,0,0,
prob-fraction,trialTheoretical,trialProbabilityLab,100,30,0,8,1,8,0.267,0,0,
lcm-pair,gcfPair,numeric,100,30,0,8,3,8,0.267,0,0,
proportional-plot,cgPairNext,numeric,100,30,0,8,8,8,0.267,0,0,
quadrilaterals,cgEqualSidePerimeter,numeric,100,30,0,8,8,8,0.267,0,0,
k0-add-subtract,KoaSums5Numeric,numeric,500,30,0,8,4,8,0.267,0,0,
g0-counting,countTeenFrame,tenFrame,500,30,0,8,8,8,0.267,0,0,
g1-data,GdTallySinglesNumeric,numeric,100,30,0,8,4,8,0.267,0,0,
a2-radicals,re-plusminus__buildExpression,buildExpression,500,30,0,8,1,8,0.267,0,0,
a2-rationals,rf-opposite__buildExpression,buildExpression,500,30,0,8,1,8,0.267,0,0,
pythagorean,legFromHyp,numeric,100,50,0,15,10,15,0.300,0,0,
a1-polynomials,factor-difference-squares__numeric,numeric,100,30,0,9,9,9,0.300,0,0,
eval-expression,parenDiv,numeric,100,34,0,11,4,11,0.324,0,0,
triangle-area-calc,slantDistractor,numeric,500,125,0,42,25,42,0.336,0,0,
time-set-clock,halfPast,clockSet,100,50,0,20,20,20,0.400,0,0,
fraction-of,bareOf,numeric,100,100,0,41,12,41,0.410,0,0,
a1-radicals,rad-pythagorean__numeric,geometricConstraintLab,500,36,0,8,8,8,0.222,0,0,
pct-of-number,rrFractionPercent,numeric,100,30,0,7,7,7,0.233,0,0,
pr-constant-k-g7,rrPartWholeSum,numeric,100,30,0,7,7,7,0.233,0,0,
g8-esn-context-compute,esnContextMultiply,buildExpression,100,30,0,8,1,8,0.267,0,0,
a2-logarithms,lg-ln__numeric,exactNumberLab,500,30,0,8,8,8,0.267,0,0,
a2-radicals,re-models__numeric,exactNumberLab,500,30,0,8,8,8,0.267,0,0,
a2-radicals,re-plusminus__numeric,exactNumberLab,500,30,0,8,8,8,0.267,0,0,
a2-statistics,si-margin__numeric,numeric,500,30,0,8,8,8,0.267,0,0,
addition-rule,countOr,numeric,100,50,0,14,8,14,0.280,0,0,
coord-area-box,legRoute,numeric,100,34,0,10,10,10,0.294,0,0,
equiv-models,tradeEighths,numeric,100,34,0,10,7,10,0.294,0,0,
permutation-count,arrangeAll,numeric,100,30,0,9,3,9,0.300,0,0,
box-surface-area,sameVolumeDifference,numeric,100,30,0,9,2,9,0.300,0,0,
a1-polynomials,exponent-power__numeric,numeric,100,30,0,9,6,9,0.300,0,0,
a2-polynomials,pf-anatomy__numeric,exactNumberLab,500,30,0,9,9,9,0.300,0,0,
a2-trig,tf-exact-values__numeric,numeric,100,30,0,9,6,9,0.300,24,24,
g2-fluency,FlSums20Numeric,numeric,500,36,0,11,4,11,0.306,0,0,
equiv-models,tradeInto,numeric,100,34,0,11,6,11,0.324,0,0,
reflect-compose,reverseOrder,mcq,100,30,0,10,3,2,0.333,0,0,
k0-add-subtract,KoaDiffs5Numeric,numeric,500,30,0,10,4,10,0.333,0,0,
g7-sp-likelihood-words,spLikelihoodImpossible,mcq,100,50,0,18,3,3,0.360,0,0,
dr-power-rule,default,numeric,100,100,0,54,48,54,0.540,0,0,
ecc-classify,ratioCompare,mcq,100,100,0,60,3,18,0.600,0,0,
a2-logarithms,lg-e__numeric,numeric,500,30,0,7,7,7,0.233,30,30,
nl-beyond-one,jumpsToWhole,numeric,100,34,0,9,8,9,0.265,0,0,
mass,kgToG,numeric,100,34,0,9,9,9,0.265,0,0,
g1-counting-120,TeensNumeric,numeric,500,30,0,8,8,8,0.267,0,0,
a2-logarithms,lg-scales__numeric,numeric,500,30,0,8,8,8,0.267,0,17,
a2-polynomials,pf-cubes__numeric,numeric,500,30,0,8,8,8,0.267,0,0,
a2-statistics,si-claim-overreach__numeric,exactNumberLab,500,30,0,8,8,8,0.267,0,0,
a2-trig,tf-unit-circle__numeric,numeric,100,30,0,8,3,8,0.267,0,0,
count-prob,atLeastOne,numeric,100,34,0,10,10,10,0.294,0,0,
trig-inside,sumSolutions,numeric,100,34,0,10,4,10,0.294,0,0,
g0-counting,countReadFlash,subitizeFlash,500,30,0,9,5,1,0.300,0,0,
g1-add-subtract,TensPartnersNumeric,numeric,500,30,0,9,9,9,0.300,0,0,
g3-mult-fluency,MultSquaresNumeric,numeric,500,30,0,9,9,9,0.300,0,0,
a1-polynomials,factor-difference-squares__buildExpression,buildExpression,100,30,0,9,1,9,0.300,0,0,
a2-logarithms,lg-product__numeric,exactNumberLab,500,30,0,9,3,9,0.300,0,0,
a2-radicals,re-var-radicals__buildExpression,buildExpression,500,30,0,9,1,9,0.300,0,0,
g1-shapes-measure,Smg1FourthsFractionBar,fractionBar,500,34,0,11,1,3,0.324,0,0,
lcm-pair,buses,numeric,100,30,0,10,8,10,0.333,0,0,
arith-series,findN,numeric,100,30,0,10,10,10,0.333,0,0,
seq-recursive,geometric,numeric,100,50,0,19,14,19,0.380,0,0,
deriv-explog,lnChain,numeric,100,50,0,19,12,19,0.380,0,0,
reflect-compose,composeMatrix,matrixTransform,100,30,0,8,2,8,0.267,0,0,
g4-place-million,pvCommaPeriodsNumeric,numeric,500,30,0,8,4,8,0.267,0,0,
a2-radicals,re-extraneous__numeric,exactNumberLab,500,30,0,8,8,8,0.267,0,0,
metric-convert,rrTimeDivide,numeric,100,30,0,9,9,9,0.300,0,0,
metric-convert,rrHoursSeconds,numeric,100,30,0,9,9,9,0.300,0,0,
box-surface-area,cubeSA,numeric,100,30,0,9,9,9,0.300,0,0,
a2-radicals,re-products__buildExpression,buildExpression,500,30,0,9,1,9,0.300,0,0,
a2-rationals,rf-mixed__buildExpression,buildExpression,500,30,0,9,1,9,0.300,0,0,
g7-circumference,circRadius,numeric,100,34,0,11,11,11,0.324,0,0,
solve-trig-all,tanCount,numeric,100,30,0,10,1,10,0.333,0,0,
g4-lines-angles,laSymmetryApplicationNumeric,numeric,100,30,0,10,10,10,0.333,0,0,
a1-radicals,rad-distribute__numeric,exactNumberLab,500,36,0,12,12,12,0.333,0,0,
a2-polynomials,pf-quad-form__buildExpression,buildExpression,500,30,0,10,1,10,0.333,0,0,
inverse-pipeline,secondForm,inversePipeline,100,34,0,12,1,12,0.353,0,0,
addition-patterns,doubleDiagonal,numeric,100,34,0,12,12,12,0.353,0,0,
negative-intro,opposite,numeric,100,30,0,11,11,11,0.367,0,0,
g3-mult-fluency,MultTable4Numeric,numeric,500,30,0,11,11,11,0.367,0,0,
g4-lines-angles,laParallelPerpIdentifyNumeric,numeric,100,30,0,11,4,11,0.367,0,0,
unit-frac-divide,word,fractionEntry,500,34,0,13,12,13,0.382,0,0,
exp-function,growthModel,exactNumberLab,500,72,0,28,17,28,0.389,0,0,
g8-les-systems-word,lesWordPurchase,affineRelationshipLab,500,125,0,49,11,49,0.392,0,0,
power-ten-exponent,threeStep,placeValueTransformLab,500,167,0,66,10,66,0.395,0,0,
a2-polynomials,pf-end-behavior__buildExpression,buildExpression,500,30,0,12,1,12,0.400,0,0,
a1-radicals,rad-perfect-square__numeric,exactNumberLab,500,36,0,15,15,15,0.417,0,0,
geo-series,repeatDecimal,numeric,100,30,0,8,1,8,0.267,0,0,
times-five-ten,clockMinutes,numeric,100,34,0,10,10,10,0.294,0,0,
times-2,doubleIt,numeric,100,34,0,10,10,10,0.294,0,0,
a1-solving-equations,multi-literal__numeric,numeric,100,30,0,9,9,9,0.300,0,0,
a2-trig,tf-reference__numeric,numeric,100,30,0,9,3,9,0.300,0,0,
perimeter,squarePerimeter,numeric,100,34,0,11,11,11,0.324,0,0,
radian-convert,radToDeg,numeric,100,30,0,10,10,10,0.333,0,0,
pr-unit-rate-g7,lapsWholeA,numeric,100,30,0,10,3,10,0.333,0,0,
g1-data,GdTallyReadNumeric,numeric,100,30,0,10,10,10,0.333,0,0,
g3-mult-fluency,MultTable8Numeric,numeric,500,30,0,10,10,10,0.333,0,0,
variable-meaning,divide,numeric,100,30,0,11,4,11,0.367,0,0,
g8-esn-power-meaning,esnPowerNegative,numeric,100,30,0,11,11,11,0.367,57,76,
g8-tm-congruence,tmCongruenceSort,dragBucket,100,30,0,11,1,1,0.367,0,0,
g7-circle-area,areaFromDiameter,numeric,100,34,0,13,13,13,0.382,0,0,
g7-cross-sections,matchCrossSections,matchPairs,100,34,0,13,1,1,0.382,0,0,
g8-rns-root-estimate,rnsRoundC,numeric,100,30,0,12,12,12,0.400,0,0,
a1-quadratics,quad-square-root__numeric,numeric,100,30,0,12,12,12,0.400,0,0,
a2-series,sr-inf-sum__numeric,numeric,100,30,0,12,10,12,0.400,0,0,
unit-trading,tradeThenGive,numeric,100,34,0,14,9,14,0.412,0,0,
g0-shapes-sorting,shapePositionTap,tapDiagram,500,34,0,14,3,3,0.412,0,0,
g2-fluency,FlAcrossTenNumeric,numeric,500,36,0,15,4,15,0.417,0,0,
decimal-mul-places,bareMul,numeric,100,50,0,22,20,22,0.440,0,0,
g8-bv-outlier-impact,bvOutlierImpact,mcq,100,100,0,52,4,3,0.520,0,0,
radian-convert,arcRadians,numeric,100,30,0,9,9,9,0.300,0,0,
lcm-pair,divides,numeric,100,30,0,9,8,9,0.300,0,0,
geo-series,powers,numeric,100,30,0,9,9,9,0.300,0,0,
radian-convert,nFromDegrees,numeric,100,30,0,10,6,10,0.333,0,0,
decimal-representation,rungCount,numeric,100,30,0,10,7,10,0.333,0,0,
g3-mult-fluency,MultTable5Numeric,numeric,500,30,0,10,10,10,0.333,0,0,
g3-mult-fluency,MultTable6Numeric,numeric,500,30,0,10,10,10,0.333,0,0,
g3-mult-fluency,MultTable7Numeric,numeric,500,30,0,10,10,10,0.333,0,0,
g7-circle-parts,radiusToDiameter,numeric,100,34,0,12,12,12,0.353,0,0,
g1-shapes-measure,Smg1HalvesFractionBar,fractionBar,500,34,0,12,1,3,0.353,0,0,
pr-unit-rate-g7,lapsWholeB,numeric,100,30,0,11,3,11,0.367,0,0,
g8-rns-root-estimate,rnsRoundA,numeric,100,30,0,11,11,11,0.367,0,0,
a2-polynomials,pf-div-theorems__numeric,numeric,500,30,0,11,1,11,0.367,0,0,
a2-radicals,re-products__numeric,exactNumberLab,500,30,0,11,11,11,0.367,0,0,
a2-series,sr-sigma-read__numeric,numeric,100,30,0,11,11,11,0.367,0,0,
equivalent-fractions,findMark,numberLinePlace,100,34,0,13,6,13,0.382,0,0,
negative-intro,doubleOpposite,numeric,100,30,0,12,12,12,0.400,0,0,
metric-convert,multistep,numeric,100,30,0,12,12,12,0.400,0,0,
g8-esn-power-meaning,esnPowerFromDecimal,buildExpression,100,30,0,12,1,12,0.400,0,0,
a1-quadratics,quad-diff-squares-solve__numeric,numeric,100,30,0,12,12,12,0.400,0,0,
a2-logarithms,lg-define__numeric,exactNumberLab,500,30,0,12,4,12,0.400,0,0,
a2-logarithms,lg-expand-condense__numeric,exactNumberLab,500,30,0,12,4,12,0.400,0,0,
a2-polynomials,pf-quad-form__numeric,numeric,500,30,0,12,1,12,0.400,0,0,
a2-trig,tf-transform__numeric,numeric,100,30,0,12,6,12,0.400,0,0,
g3-div-fluency,DivBy89Numeric,numeric,500,42,0,17,9,17,0.405,0,0,
g1-data,GdTallyMakeNumeric,numeric,100,30,0,13,3,13,0.433,0,0,
g13-derivative-rules,derivative-rules__dr-derivative-function__numeric,numeric,100,30,0,13,1,13,0.433,0,0,
cn-conjugate,divideReal,numeric,100,34,0,15,5,15,0.441,0,0,
triangle-area-calc,heightFromArea,numeric,500,125,0,58,11,58,0.464,0,0,
combination-count,exactlyTwo,numeric,100,34,0,16,13,16,0.471,0,0,
decimal-place-value,zeros,fractionEntry,100,30,0,15,15,15,0.500,0,20,
power-product,sumPowers,numeric,500,46,0,24,14,24,0.522,0,0,
polygon-angles,exteriorFromInterior,exactNumberLab,500,84,0,44,44,44,0.524,0,0,
variable-meaning,halfEval,numeric,100,30,0,11,11,11,0.367,0,0,
pct-of-number,rrBenchmarkFive,numeric,100,30,0,11,11,11,0.367,0,0,
g3-mult-fluency,MultTable3Numeric,numeric,500,30,0,11,11,11,0.367,0,0,
g3-mult-fluency,MultTable9Numeric,numeric,500,30,0,11,11,11,0.367,0,0,
a1-polynomials,poly-special-products__numeric,numeric,100,30,0,11,11,11,0.367,0,0,
coord-area-box,cornerSubtract,numeric,100,34,0,13,13,13,0.382,0,0,
a1-radicals,rad-unit-fraction-exp__numeric,exactNumberLab,500,36,0,14,5,14,0.389,0,0,
k0-add-subtract,KoaPutTogetherNumeric,numeric,500,30,0,12,6,12,0.400,0,0,
g1-counting-120,ChartRowsNumeric,numeric,500,30,0,12,12,12,0.400,0,0,
a2-radicals,re-solve__numeric,exactNumberLab,500,30,0,12,6,12,0.400,0,0,
a2-trig,tf-solve-sides__numeric,numeric,100,30,0,12,12,12,0.400,17,17,
g13-integration-accumulation,integration-accumulation__in-signed-area__numeric,numeric,500,30,0,12,1,12,0.400,0,0,
g10-conditional-probability,conditional-probability__cpr-conditional-table__numeric,numeric,100,30,0,12,1,12,0.400,0,0,
count-prob,exactlyTwo,numeric,100,34,0,14,8,14,0.412,0,0,
g3-div-fluency,DivBy67Numeric,numeric,500,42,0,18,10,18,0.429,0,0,
solve-trig-all,sinPair,mcq,100,30,0,13,3,3,0.433,0,0,
g13-curve-analysis,curve-analysis__ca-first-derivative-test__signChart,signChart,100,30,0,13,1,13,0.433,0,0,
a1-exponential,exp-match-base__numeric,exactNumberLab,500,42,0,19,5,19,0.452,0,0,
a2-polynomials,pf-anatomy__mcq,mcq,500,30,0,14,4,1,0.467,0,0,
a2-statistics,si-claim-capstone__dragBucket,dragBucket,500,30,0,14,14,1,0.467,0,0,
eval-expression,squarePlus,numeric,100,34,0,16,16,16,0.471,0,0,
fraction-meaning,complement,fractionEntry,100,50,0,25,10,25,0.500,0,0,
cn-i-powers,sumOfPowers,numeric,100,100,0,53,4,53,0.530,0,0,
dr-chain-rule,default,numeric,100,100,0,69,60,69,0.690,0,31,
g3-mult-fluency,MultHardFactsNumeric,numeric,500,30,0,10,10,10,0.333,0,0,
g8-esn-power-meaning,esnPowerNegativeDeep,numeric,100,30,0,11,11,11,0.367,86,112,
g8-rns-root-estimate,rnsRoundB,numeric,100,30,0,11,11,11,0.367,0,0,
g3-mult-fluency,MultTable2Numeric,numeric,500,30,0,11,11,11,0.367,0,0,
g3-mult-fluency,MultTable10Numeric,numeric,500,30,0,11,11,11,0.367,0,0,
pr-unit-rate-g7,recipeWhole,numeric,100,30,0,12,3,12,0.400,0,0,
a2-logarithms,lg-cob__numeric,exactNumberLab,500,30,0,12,4,12,0.400,0,0,
a2-logarithms,lg-e-solve__numeric,numeric,500,30,0,12,3,12,0.400,30,30,
a2-radicals,re-convert__buildExpression,buildExpression,500,30,0,12,1,12,0.400,0,0,
g12-polynomial-rational-analysis,polynomial-rational-analysis__pra-rrt-test__numeric,exactNumberLab,500,30,0,13,1,13,0.433,0,0,
line-plot-frac,difference,fractionEntry,100,100,0,44,2,44,0.440,62,62,
negative-intro,compareNegativeFractions,rationalCompare,100,30,0,14,2,14,0.467,0,0,
tree-chain,mixedOrder,numeric,100,30,0,14,10,14,0.467,0,0,
g4-place-million,pvAcrossZerosMcq,mcq,500,30,0,14,4,1,0.467,0,0,
g10-triangle-congruence,tc-isosceles-converse__numeric,numeric,100,30,0,14,1,14,0.467,0,0,
g13-derivative-rules,derivative-rules__dr-differentiability__numeric,numeric,100,30,0,14,1,14,0.467,0,0,
whole-as-fraction,divideOut,numeric,100,34,0,16,5,16,0.471,0,0,
nl-unit,fixMistake,numberLinePlace,100,34,0,17,1,17,0.500,0,0,
pr-constant-k-g7,rrToolChoice,mcq,100,30,0,15,3,5,0.500,0,0,
g4-decimals,dTrailingZeroRational,rationalCompare,500,34,0,17,1,17,0.500,0,0,
g4-lines-angles,laSymmetryConceptMcq,mcq,100,30,0,15,4,1,0.500,0,0,
a1-exponential,exp-vs-linear__numeric,exactNumberLab,500,42,0,21,18,21,0.500,0,0,
a1-polynomials,exponent-zero-negative__numeric,numeric,100,30,0,15,5,15,0.500,0,0,
g12-function-analysis,function-analysis__fna-inverse-verify__pointEntry,pointEntry,100,30,0,15,1,15,0.500,0,0,
g12-trig-graphs-inverses,trig-graphs-inverses__tg-inverse-graphs__numeric,numeric,500,30,0,15,1,15,0.500,0,0,
decimal-compute,divCompute,numeric,100,100,0,51,11,51,0.510,0,0,
deriv-product,polyProduct,numeric,100,50,0,26,21,26,0.520,0,0,
unit-frac-divide,shareDenominatorNumeric,numeric,500,34,0,18,14,18,0.529,0,0,
a2-statistics,si-claim-overreach__mcq,mcq,500,30,0,16,4,1,0.533,0,0,
unit-frac-divide,unitDenominatorNumeric,numeric,500,34,0,19,14,19,0.559,0,0,
mixed-convert,toImproper,mixedRegroup,100,100,0,60,31,60,0.600,0,0,
grouping-first,powerMulEval,evalOrder,500,50,0,30,28,30,0.600,50,50,
g8-rns-root-estimate,rnsRoundChallenge,numeric,100,30,0,11,11,11,0.367,0,0,
g4-multiply,mbPrimeCompositeNumeric,numeric,500,30,0,11,5,11,0.367,0,0,
frac-unlike-addsub,subRewrite,fractionEntry,100,30,0,12,9,12,0.400,0,0,
pr-unit-rate-g7,mixedWhole,numeric,100,30,0,12,3,12,0.400,0,0,
k0-add-subtract,KoaModelStoryMcq,mcq,500,30,0,12,4,12,0.400,0,0,
nl-partition,flagCount,numeric,100,34,0,14,6,14,0.412,0,0,
g3-div-fluency,DivBy45Numeric,numeric,500,42,0,18,10,18,0.429,0,0,
g7-tse-expression-build,tseDistPosA,buildExpression,100,30,0,13,1,13,0.433,0,0,
g1-data,GdBarCompareNumeric,numeric,100,30,0,13,7,13,0.433,0,0,
g13-curve-analysis,curve-analysis__ca-inflection__numeric,numeric,100,30,0,13,1,13,0.433,0,0,
g13-derivatives-in-context,derivatives-in-context__dc-choosing-relation__numeric,numeric,100,30,0,13,1,13,0.433,0,0,
g6-data-literacy,ddPipelineBreak,mcq,100,30,0,14,3,3,0.467,0,0,
k0-add-subtract,KoaDrawingsNumeric,numeric,500,30,0,14,7,14,0.467,0,0,
a2-polynomials,pf-div-theorems__mcq,mcq,500,30,0,14,4,1,0.467,0,0,
g12-function-analysis,function-analysis__fna-one-to-one__numeric,exactNumberLab,100,30,0,14,1,14,0.467,0,0,
times-2,ferryDouble,numeric,100,34,0,16,14,16,0.471,0,0,
power-product,parenPower,numeric,500,46,0,22,10,22,0.478,0,0,
g6-data-literacy,ddReadyQuestion,mcq,100,30,0,15,3,1,0.500,0,0,
double-double,spiderLegs,numeric,100,34,0,17,7,17,0.500,0,0,
g8-bv-fit-idea,bvFitTouch,mcq,100,30,0,15,4,1,0.500,0,0,
a1-quadratics,quad-projectile__numeric,numeric,100,30,0,15,8,15,0.500,0,0,
a1-systems,eliminate-scale-both__mcq,mcq,500,34,0,17,4,1,0.500,0,0,
a2-series,sr-sigma-read__matchPairs,matchPairs,100,30,0,15,1,1,0.500,0,0,
g10-similarity,sy-criterion-choice__numeric,numeric,100,30,0,15,1,15,0.500,0,0,
g13-integration-accumulation,integration-accumulation__in-read-accumulation__numeric,numeric,500,30,0,15,1,15,0.500,0,0,
g13-integration-accumulation,integration-accumulation__in-squeeze__numeric,numeric,500,30,0,15,1,15,0.500,0,0,
g2-fluency,FlMakeTenNumeric,numeric,500,36,0,19,7,19,0.528,0,0,
tiling,whichTiles,mcq,100,34,0,18,4,1,0.529,0,0,
sr-recursive,needPrior,mcq,100,30,0,16,4,1,0.533,0,0,
pct-of-number,rrOrderPercent,mcq,100,30,0,16,3,4,0.533,0,0,
k0-add-subtract,KoaZeroFactNumeric,numeric,500,30,0,16,10,16,0.533,0,0,
g4-measure,mcFractionMeasurementNumeric,numeric,100,30,0,16,16,16,0.533,0,0,
a2-statistics,si-causation__dragBucket,dragBucket,500,30,0,16,16,1,0.533,0,0,
g12-trig-graphs-inverses,trig-graphs-inverses__tg-arccos__numeric,numeric,500,30,0,16,1,16,0.533,0,0,
coordinate-plot,plot,plotPoint,500,39,0,21,21,21,0.538,0,0,
skip-count,nthTerm,numeric,100,34,0,19,16,19,0.559,0,0,
implicit-diff,hyperbola,numeric,100,50,0,28,23,28,0.560,0,0,
g0-counting,countTensLine,numberLineHop,500,30,0,17,7,17,0.567,0,0,
match-object-shape,solids,matchPairs,100,100,0,58,1,1,0.580,0,0,
gf-angle-add,rightAnglePiece,numeric,100,50,0,30,30,30,0.600,0,0,
g12-trig-identities-equations,trig-identities-equations__ti-reciprocals__numeric,numeric,500,30,0,18,2,18,0.600,0,0,
pr-unit-rate-g7,milesWholeB,numeric,100,30,0,11,3,11,0.367,0,0,
g12-trig-graphs-inverses,trig-graphs-inverses__tg-cos-sin__numeric,numeric,500,30,0,12,1,12,0.400,0,0,
g8-fn-function-definition,fgSortFunctionRules,dragBucket,100,30,0,13,1,1,0.433,0,0,
g13-curve-analysis,curve-analysis__ca-three-charts__numeric,numeric,100,30,0,13,1,13,0.433,0,0,
times-nine,theaterSeats,numeric,100,50,0,23,23,23,0.460,0,0,
tree-chain,atLeastOneBlue,numeric,100,30,0,14,14,14,0.467,0,0,
k0-add-subtract,KoaPlusMinusOneNumeric,numeric,500,30,0,14,10,14,0.467,0,0,
a2-polynomials,pf-grouping__buildExpression,buildExpression,500,30,0,14,1,14,0.467,0,0,
a2-series,sr-sigma-write__numeric,numeric,100,30,0,14,6,14,0.467,0,0,
g13-integration-accumulation,integration-accumulation__in-ftc1__numeric,numeric,500,30,0,14,1,14,0.467,0,0,
g7-circumference,circApprox,numeric,100,34,0,16,16,16,0.471,0,0,
g3-div-fluency,DivSpecialNumeric,numeric,500,42,0,20,11,20,0.476,0,0,
gf-segment-add,halfToWhole,numeric,100,50,0,25,25,25,0.500,0,0,
frac-sign-ops,divSame,signedFractionLab,100,34,0,17,15,17,0.500,0,0,
g7-sp-counting-principle,spCountCoinDieReal,compoundEventLab,100,30,0,15,3,5,0.500,0,0,
g8-tm-dilation-similarity,tmSimilarFactor,numeric,100,30,0,15,4,15,0.500,0,0,
g1-counting-120,ChartPatternMcq,mcq,500,30,0,15,4,1,0.500,0,0,
g2-fluency,FlSums12Numeric,numeric,500,36,0,18,4,18,0.500,0,0,
a2-logarithms,lg-power__buildExpression,buildExpression,500,30,0,15,1,15,0.500,0,0,
a2-polynomials,pf-sketch__buildExpression,buildExpression,500,30,0,15,1,15,0.500,0,0,
a2-statistics,si-sampling-variability__mcq,mcq,500,30,0,15,4,1,0.500,0,0,
g12-trig-graphs-inverses,trig-graphs-inverses__tg-arcsin__numeric,numeric,500,30,0,15,1,15,0.500,0,0,
g13-derivative-rules,derivative-rules__dr-exp-log__numeric,numeric,100,30,0,15,1,15,0.500,0,0,
g13-differential-equations,differential-equations__de-slope-field__numeric,numeric,100,30,0,15,1,15,0.500,0,0,
g13-series-convergence,series-convergence__sc-power-ops__numeric,numeric,100,30,0,15,1,15,0.500,0,0,
circle-complete,completeSquare,numeric,100,34,0,18,6,18,0.529,0,0,
g8-les-substitution-method,lesSubstituteMultipleB,numeric,100,30,0,16,11,16,0.533,0,0,
g1-counting-120,To120Mcq,mcq,500,30,0,16,4,1,0.533,0,0,
g4-lines-angles,laParallelLinesMcq,mcq,100,30,0,16,4,1,0.533,0,0,
a1-solving-equations,literal-frac__mcq,mcq,100,30,0,16,4,1,0.533,0,0,
a2-polynomials,pf-long-div__buildExpression,buildExpression,500,30,0,16,1,16,0.533,0,0,
a2-radicals,re-power-solve__numeric,exactNumberLab,500,30,0,16,10,16,0.533,0,0,
g10-triangle-congruence,tc-cpctc-practice__numeric,numeric,100,30,0,16,1,16,0.533,0,0,
g12-function-analysis,function-analysis__fna-graph-read__numeric,numeric,100,30,0,16,1,16,0.533,0,0,
g12-polar-parametric,polar-parametric__pp-circles__numeric,numeric,500,30,0,16,1,16,0.533,0,0,
g12-polar-parametric,polar-parametric__pp-eliminate__numeric,numeric,500,30,0,16,1,16,0.533,0,0,
g13-derivative-rules,derivative-rules__dr-implicit__numeric,numeric,100,30,0,16,1,16,0.533,0,0,
g1-shapes-measure,Smg1FourthsMcq,mcq,500,34,0,19,4,1,0.559,0,0,
arith-series,secondForm,numeric,100,30,0,17,17,17,0.567,0,0,
a1-solving-equations,both-sides-inequality__mcq,mcq,100,30,0,17,4,1,0.567,0,0,
a2-statistics,si-ci-meaning__matchPairs,matchPairs,500,30,0,17,1,1,0.567,0,0,
a2-statistics,si-parameter-statistic__mcq,mcq,500,30,0,17,4,1,0.567,0,0,
a2-statistics,si-read-poll__mcq,mcq,500,30,0,17,4,1,0.567,0,0,
g10-right-triangles,rt-454590-apply__numeric,numeric,500,30,0,17,1,17,0.567,0,0,
range-floor,allRealsRange,mcq,100,50,0,29,4,2,0.580,0,0,
unit-frac-divide,unitDivWhole,fractionEntry,500,34,0,20,10,20,0.588,0,0,
cn-i-def,computePlus,numeric,100,50,0,30,8,30,0.600,0,0,
g10-conditional-probability,conditional-probability__cpr-complement-table__numeric,numeric,100,30,0,18,2,18,0.600,0,0,
solve-mult-div,tickets,numeric,100,34,0,21,6,21,0.618,0,0,
g7-complementary,cornerThree,numeric,100,34,0,21,9,21,0.618,0,0,
second-deriv-eval,localMax,numeric,100,100,0,65,24,65,0.650,0,0,
pr-graph-rate-g7,graphStoryRead,pointSetReasoningLab,500,125,0,84,8,84,0.672,0,0,
g8-tm-pythagorean-converse,tmDistanceOrigin,numeric,100,30,0,12,12,12,0.400,0,0,
k0-add-subtract,KoaWriteAddMcq,mcq,500,30,0,13,4,13,0.433,0,0,
g12-polynomial-rational-analysis,polynomial-rational-analysis__pra-boundary-rule__numeric,numeric,500,30,0,13,1,13,0.433,0,0,
tree-chain,bothRed,numeric,100,30,0,14,14,14,0.467,0,0,
a2-logarithms,lg-power__numeric,exactNumberLab,500,30,0,14,6,14,0.467,0,15,
a2-rationals,rf-equations__buildExpression,buildExpression,500,30,0,14,1,14,0.467,0,0,
g12-function-analysis,function-analysis__fna-inverse-verify__numeric,exactNumberLab,100,30,0,14,1,14,0.467,0,0,
g13-derivative-rules,derivative-rules__dr-chain-nested__numeric,numeric,100,30,0,14,1,14,0.467,0,0,
g13-differential-equations,differential-equations__de-separable__numeric,numeric,100,30,0,14,1,14,0.467,0,0,
pq-para-angle,solveConsecutive,numeric,100,34,0,17,17,17,0.500,0,0,
orbit-ecc,reflector,mcq,100,34,0,17,3,4,0.500,0,0,
whole-as-fraction,writeInParts,numeric,100,34,0,17,13,17,0.500,0,0,
bar-graph,halfScale,numeric,100,34,0,17,17,17,0.500,0,0,
mult-patterns,halfRow,numeric,100,34,0,17,16,17,0.500,0,0,
g8-bv-judge-fit,bvJudgeDistance,mcq,100,30,0,15,4,1,0.500,0,0,
g1-counting-120,PastHundredNumeric,numeric,500,30,0,15,15,15,0.500,0,0,
a2-rationals,rf-equations__numeric,numeric,500,30,0,15,6,15,0.500,0,0,
g10-circle-theorems,cr-arc-length__numeric,numeric,100,30,0,15,1,15,0.500,0,0,
g12-trig-graphs-inverses,trig-graphs-inverses__tg-composition-trap__numeric,numeric,500,30,0,15,1,15,0.500,0,0,
g6-data-literacy,ddStatDefinition,mcq,100,30,0,16,3,4,0.533,0,0,
equiv-test,combineCheck,numeric,100,30,0,16,13,16,0.533,0,0,
shape-hierarchy,cgParallelogramTrapezoidVerdict,shapeHierarchyLab,100,30,0,16,4,1,0.533,0,0,
g8-les-substitution-method,lesSubstituteMultiple,numeric,100,30,0,16,11,16,0.533,0,0,
g3-mult-fluency,MultDeriveNumeric,numeric,500,30,0,16,14,16,0.533,0,0,
a2-logarithms,lg-evaluate__numeric,exactNumberLab,500,30,0,16,6,16,0.533,8,8,
a2-rationals,rf-divide__buildExpression,buildExpression,500,30,0,16,1,16,0.533,0,0,
a2-statistics,si-sampling-dist__mcq,mcq,500,30,0,16,4,1,0.533,0,0,
a2-statistics,si-standard-error__mcq,mcq,500,30,0,16,4,1,0.533,0,0,
a2-statistics,si-study-type__matchPairs,matchPairs,500,30,0,16,1,1,0.533,0,0,
g10-circle-theorems,cr-thales__numeric,numeric,100,30,0,16,1,16,0.533,0,0,
g10-similarity,sy-geometric-mean__numeric,numeric,100,30,0,16,1,16,0.533,0,0,
g12-polar-parametric,polar-parametric__pp-circles__pointEntry,pointEntry,500,30,0,16,1,16,0.533,0,0,
g12-trig-graphs-inverses,trig-graphs-inverses__tg-tan-values__numeric,numeric,500,30,0,16,1,16,0.533,0,0,
g13-curve-analysis,curve-analysis__ca-read-f-prime__numeric,numeric,100,30,0,16,1,16,0.533,0,0,
g13-parametric-polar-calculus,parametric-polar-calculus__pc-second-derivative__numeric,numeric,100,30,0,16,1,16,0.533,0,0,
g10-conditional-probability,conditional-probability__cpr-table-union__numeric,numeric,100,30,0,16,1,16,0.533,0,0,
horizontal-shift,evalShifted,numeric,100,50,0,27,7,27,0.540,0,0,
multiple-find,lcm,numeric,100,30,0,17,10,17,0.567,0,0,
pr-unit-rate-g7,rrUnitPriceCents,proportionalReasoningLab,100,30,0,17,6,17,0.567,0,0,
g4-lines-angles,laAngleFormationMcq,mcq,100,30,0,17,4,1,0.567,0,0,
g4-lines-angles,laPerpendicularLinesMcq,mcq,100,30,0,17,4,1,0.567,0,0,
a2-polynomials,pf-turning__mcq,mcq,500,30,0,17,4,1,0.567,0,0,
a2-radicals,re-models__mcq,mcq,500,30,0,17,4,1,0.567,0,0,
a2-rationals,rf-lcd__buildExpression,buildExpression,500,30,0,17,1,17,0.567,0,0,
a2-statistics,si-claim-design__mcq,mcq,500,30,0,17,4,1,0.567,0,0,
a2-statistics,si-read-poll__dragOrder,dragOrder,500,30,0,17,1,1,0.567,0,0,
a2-statistics,si-significance-limits__dragBucket,dragBucket,500,30,0,17,17,1,0.567,0,0,
g10-geometry-foundations,gf-rotational-symmetry__numeric,numeric,100,30,0,17,1,17,0.567,0,0,
g12-polar-parametric,polar-parametric__pp-limacons__numeric,numeric,500,30,0,17,2,17,0.567,0,0,
g12-polynomial-rational-analysis,polynomial-rational-analysis__pra-rearrange__numeric,numeric,500,30,0,17,1,17,0.567,0,0,
g13-integration-accumulation,integration-accumulation__in-library__numeric,numeric,500,30,0,17,2,17,0.567,0,0,
poly-mul-mono,mulNeg,numeric,100,34,0,20,12,20,0.588,0,0,
unit-frac-divide,servingsNumeric,numeric,500,34,0,20,20,20,0.588,0,0,
unit-frac-divide,divideFractionNumerator,quotientReasoningLab,500,34,0,20,4,20,0.588,0,0,
step-function,atBoundary,numeric,100,34,0,20,7,20,0.588,0,0,
pictograph,halfSymbol,numeric,100,34,0,20,19,20,0.588,0,0,
mass,mixedTotal,numeric,100,34,0,20,11,20,0.588,0,0,
gf-angle-add,bisect,numeric,100,50,0,30,30,30,0.600,0,0,
g7-mixed-rational,integerProduct,exactNumberLab,500,125,0,75,51,75,0.600,0,0,
k0-add-subtract,KoaActOutNumeric,numeric,500,30,0,18,8,18,0.600,0,0,
g4-measure,mcLinePlotQuestionsNumeric,numeric,100,30,0,18,8,18,0.600,11,11,
a1-functions-sequences,fn-common-ratio__numeric,numeric,100,30,0,18,4,18,0.600,0,0,
a2-statistics,si-null-model__mcq,mcq,500,30,0,18,4,1,0.600,0,0,
arc-measure,ratio,numeric,100,34,0,21,12,21,0.618,0,0,
equal-parts,cutsToPieces,numeric,100,34,0,21,7,21,0.618,0,0,
g2-fluency,FlThinkAdditionNumeric,numeric,500,36,0,24,7,24,0.667,0,0,
coin-total,default,moneyBoard,100,100,0,71,46,71,0.710,0,0,
fraction-volume,halfCubes,numeric,100,30,0,14,14,14,0.467,0,0,
g12-polynomial-rational-analysis,polynomial-rational-analysis__pra-ineq-scratch__numeric,numeric,500,30,0,14,1,14,0.467,0,0,
g6-data-literacy,ddStatChoose,mcq,100,30,0,15,3,1,0.500,0,0,
g6-data-literacy,ddVariabilityExpected,mcq,100,30,0,15,3,4,0.500,0,0,
variable-meaning,payRate,numeric,100,30,0,15,14,15,0.500,0,0,
probability-fraction,compound,fractionEntry,100,34,0,17,3,17,0.500,0,0,
g0-shapes-sorting,shapeSortFrame,tenFrame,500,34,0,17,8,17,0.500,0,0,
a2-polynomials,pf-factor-thm__numeric,numeric,500,30,0,15,1,15,0.500,0,0,
g12-limits-continuity,limits-continuity__lc-dne__numeric,numeric,500,30,0,15,1,15,0.500,0,0,
g13-derivatives-in-context,derivatives-in-context__dc-linearisation-limits__numeric,numeric,100,30,0,15,1,15,0.500,0,0,
g2-fluency,FlSums16Numeric,numeric,500,36,0,19,4,19,0.528,0,0,
solve-mult-div,verifyMul,numeric,100,34,0,18,13,18,0.529,0,0,
domain-restrict,excludeZero,numeric,100,34,0,18,18,18,0.529,0,0,
g1-shapes-measure,Smg1HalvesMcq,mcq,500,34,0,18,4,1,0.529,0,0,
g6-data-literacy,ddStatRewrite,mcq,100,30,0,16,3,3,0.533,0,0,
g6-center-spread,ddCenterTypical,mcq,500,30,0,16,3,3,0.533,0,0,
variable-meaning,independentLaps,mcq,100,30,0,16,3,4,0.533,0,0,
a2-rationals,rf-divide__mcq,mcq,500,30,0,16,4,1,0.533,0,0,
a2-statistics,si-pvalue-idea__mcq,mcq,500,30,0,16,4,1,0.533,0,0,
g12-trig-identities-equations,trig-identities-equations__ti-double-action__numeric,numeric,500,30,0,16,1,16,0.533,0,0,
g10-conditional-probability,conditional-probability__cpr-marginal-prob__numeric,numeric,100,30,0,16,1,16,0.533,0,0,
make-ten-choice,default,mcq,100,100,0,54,3,12,0.540,0,0,
to-polar,rPlusTheta,numeric,100,34,0,19,19,19,0.559,0,0,
parity,rowValue,numeric,100,34,0,19,17,19,0.559,0,0,
g6-data-literacy,ddStatFixedFact,mcq,100,30,0,17,3,4,0.567,0,0,
decimal-representation,wordBuildSimple,buildExpression,100,30,0,17,1,17,0.567,0,0,
shape-hierarchy,cgInheritanceChain,shapeHierarchyLab,100,30,0,17,4,1,0.567,0,0,
g8-tm-congruence,tmCongruenceMeaning,mcq,100,30,0,17,4,1,0.567,0,0,
k0-add-subtract,KoaTakeAwayNumeric,numeric,500,30,0,17,7,17,0.567,0,0,
k0-add-subtract,KoaSubActOutNumeric,numeric,500,30,0,17,7,17,0.567,0,0,
g4-measure,mcDegreeMeasurementMcq,mcq,100,30,0,17,4,1,0.567,0,0,
a2-logarithms,lg-e__mcq,mcq,500,30,0,17,4,1,0.567,0,0,
a2-rationals,rf-simplify__buildExpression,buildExpression,500,30,0,17,1,17,0.567,0,0,
a2-statistics,si-claim-design__matchPairs,matchPairs,500,30,0,17,1,1,0.567,0,0,
a2-statistics,si-sampling-dist__numeric,numeric,500,30,0,17,14,17,0.567,0,0,
g10-constructions-proof,cp-parallel-through-point__numeric,numeric,100,30,0,17,1,17,0.567,0,0,
g12-polar-parametric,polar-parametric__pp-parametric__numeric,numeric,500,30,0,17,1,17,0.567,0,0,
g13-derivative-rules,derivative-rules__dr-critical-point__numeric,numeric,100,30,0,17,1,17,0.567,0,0,
cn-conjugate,product,numeric,100,34,0,20,17,20,0.588,0,0,
hyperbola-anatomy,twoA,numeric,100,34,0,20,5,20,0.588,0,0,
volume,jugCount,numeric,100,34,0,20,8,20,0.588,0,0,
bar-graph,halfDifference,numeric,100,34,0,20,5,20,0.588,0,0,
g1-shapes-measure,Smg1LengthDifferenceNumeric,numeric,500,34,0,20,5,20,0.588,0,0,
grouping-first,groupDiv,exactNumberLab,500,50,0,30,6,30,0.600,0,0,
pr-constant-k-g7,rrRatioBuild,buildExpression,100,30,0,18,1,18,0.600,0,0,
a2-rationals,rf-equations__mcq,mcq,500,30,0,18,4,1,0.600,0,0,
a2-statistics,si-causation__mcq,mcq,500,30,0,18,4,1,0.600,0,0,
a2-statistics,si-study-type__mcq,mcq,500,30,0,18,4,1,0.600,0,0,
coordinate-plot,segment,plotPoint,500,39,0,24,24,24,0.615,0,0,
g1-shapes-measure,Smg1ShapeSidesMcq,mcq,500,34,0,21,4,2,0.618,0,0,
reflect-fn,whichReflection,mcq,100,50,0,31,4,2,0.620,0,0,
g8-tm-sphere-volume,tmSphereFormulaMatch,matchPairs,100,30,0,19,1,1,0.633,0,0,
k0-add-subtract,KoaWriteSubMcq,mcq,500,30,0,19,4,19,0.633,0,0,
a2-radicals,re-conjugates__buildExpression,buildExpression,500,30,0,19,1,19,0.633,0,0,
a2-statistics,si-experiment-design__mcq,mcq,500,30,0,19,4,1,0.633,0,0,
a2-statistics,si-null-model__dragOrder,dragOrder,500,30,0,19,1,1,0.633,0,0,
a2-statistics,si-read-poll__dragBucket,dragBucket,500,30,0,19,19,1,0.633,0,0,
g10-constructions-proof,cp-perp-from-point__numeric,numeric,100,30,0,19,1,19,0.633,0,0,
g10-geometry-foundations,gf-reflection-rule__numeric,numeric,100,30,0,19,2,19,0.633,0,0,
g3-div-fluency,DivThinkMultNumeric,numeric,500,42,0,27,8,27,0.643,0,0,
extrema-value,absMinValue,numeric,100,34,0,22,9,22,0.647,0,0,
seq-recursive,affine,numeric,100,50,0,33,27,33,0.660,0,0,
pq-trapezoid,quadTotal,numeric,100,30,0,20,1,20,0.667,0,0,
k0-add-subtract,KoaHowManyLeftNumeric,numeric,500,30,0,20,8,20,0.667,0,0,
g10-right-triangles,rt-pythagorean-leg__numeric,numeric,500,30,0,20,1,20,0.667,0,0,
g12-trig-identities-equations,trig-identities-equations__ti-tan-cofunction__numeric,numeric,500,30,0,20,2,20,0.667,0,0,
reflect-fn,shapeDescribe,mcq,100,50,0,34,4,3,0.680,0,0,
g1-tens-ones,TnoExpandNumeric,numeric,500,63,0,43,10,43,0.683,0,0,
a1-functions-sequences,fn-domain-range__buildExpression,buildExpression,100,30,0,21,3,21,0.700,0,0,
g13-curve-analysis,curve-analysis__ca-first-derivative-test__numeric,numeric,100,30,0,21,2,21,0.700,0,0,
a1-radicals,rad-fully-simplified__numeric,exactNumberLab,500,36,0,26,8,26,0.722,0,0,
line-of-fit,slopeAssociation,affineRelationshipLab,500,250,0,181,4,16,0.724,0,0,
g1-shapes-measure,Smg1HalvesFourthsMcq,mcq,500,34,0,17,4,1,0.500,0,0,
g12-polar-parametric,polar-parametric__pp-parametrize__numeric,numeric,500,30,0,15,1,15,0.500,0,0,
cn-sum-product,findB,numeric,100,34,0,18,6,18,0.529,0,0,
a2-statistics,si-margin__mcq,mcq,500,30,0,16,4,1,0.533,0,0,
g12-polar-parametric,polar-parametric__pp-nth-roots__numeric,numeric,500,30,0,16,1,16,0.533,0,0,
g12-polar-parametric,polar-parametric__pp-parametrize__pointEntry,pointEntry,500,30,0,16,1,16,0.533,0,0,
g13-derivative-rules,derivative-rules__dr-sign-of-derivative__numeric,numeric,100,30,0,16,1,16,0.533,0,0,
g13-derivative-rules,derivative-rules__dr-tangent-line__numeric,numeric,100,30,0,16,1,16,0.533,0,0,
g13-derivatives-in-context,derivatives-in-context__dc-speed__numeric,numeric,100,30,0,16,1,16,0.533,0,0,
unit-frac-divide,properPieces,numeric,500,34,0,19,12,19,0.559,0,0,
sr-recursive,geometric,numeric,100,30,0,17,15,17,0.567,0,0,
equiv-test,zeroTest,numeric,100,30,0,17,12,17,0.567,0,0,
g8-esn-power-meaning,esnPowerZero,numeric,100,30,0,17,1,17,0.567,0,0,
g1-counting-120,MixJumpsMcq,mcq,500,30,0,17,4,1,0.567,0,0,
a1-solving-equations,multi-literal__mcq,mcq,100,30,0,17,4,1,0.567,0,0,
a2-rationals,rf-multiply__buildExpression,buildExpression,500,30,0,17,1,17,0.567,0,0,
a2-statistics,si-parameter-statistic__matchPairs,matchPairs,500,30,0,17,1,1,0.567,0,0,
g10-constructions-proof,cp-converses__numeric,numeric,100,30,0,17,1,17,0.567,0,0,
g10-similarity,sy-similarity__numeric,numeric,100,30,0,17,1,17,0.567,0,0,
inscribed-angle,sameArc,numeric,100,34,0,20,20,20,0.588,0,0,
g1-shapes-measure,Smg1SolidPartsMcq,mcq,500,34,0,20,4,1,0.588,0,0,
g6-data-literacy,ddDataMixedQuestions,mcq,100,30,0,18,3,4,0.600,0,0,
angle-equation,vertical,numeric,100,30,0,18,18,18,0.600,0,0,
shape-hierarchy,cgInheritanceDirection,shapeHierarchyLab,100,30,0,18,4,1,0.600,0,0,
pr-constant-k-g7,rrSimplifyDivisor,numeric,100,30,0,18,4,18,0.600,0,0,
g8-bv-categorical-association,bvCatWhyRates,mcq,100,30,0,18,4,1,0.600,0,0,
k0-add-subtract,KoaChooseOpMcq,mcq,500,30,0,18,3,18,0.600,0,0,
g0-counting,countSubtractLine,numberLineHop,500,30,0,18,8,18,0.600,0,0,
a1-solving-equations,literal-eq__mcq,mcq,100,30,0,18,4,1,0.600,0,0,
a2-complex,cn-add-sub__mcq,mcq,100,30,0,18,4,1,0.600,0,0,
a2-radicals,re-solve__mcq,mcq,500,30,0,18,4,1,0.600,0,0,
a2-statistics,si-bias-vs-variability__mcq,mcq,500,30,0,18,4,1,0.600,0,0,
a2-statistics,si-bias__mcq,mcq,500,30,0,18,4,1,0.600,0,0,
g10-constructions-proof,cp-perp-at-point__numeric,numeric,100,30,0,18,1,18,0.600,0,0,
g10-solid-geometry,sg-cavalieri-limits__numeric,exactNumberLab,500,30,0,18,1,18,0.600,0,0,
g10-solid-geometry,sg-section-reasoning__numeric,exactNumberLab,500,30,0,18,2,18,0.600,0,0,
g10-triangle-congruence,tc-cpctc__numeric,numeric,100,30,0,18,1,18,0.600,0,0,
g10-conditional-probability,conditional-probability__cpr-indep-vs-disjoint__numeric,numeric,100,30,0,18,1,18,0.600,0,0,
g2-measure-money-time,MmtCoinReverseMoneyBoard,moneyBoard,500,36,0,22,22,22,0.611,0,0,
g2-measure-money-time,MmtRulerReadNumeric,numeric,500,36,0,22,8,22,0.611,0,0,
limit-laws,product,numeric,100,34,0,21,14,21,0.618,0,0,
nl-beyond-one,betweenWhich,numeric,100,34,0,21,5,21,0.618,0,0,
metric-convert,rrCompareUnits,mcq,100,30,0,19,3,6,0.633,0,0,
g2-add-subtract-100,ParitySumMcq,mcq,500,30,0,19,4,1,0.633,0,0,
g2-shapes-shares,Ssg2GridApplyRead,areaModel,100,30,0,19,14,19,0.633,0,0,
a2-complex,cn-formula-complex__buildExpression,buildExpression,100,30,0,19,1,19,0.633,0,0,
a2-transformations,ft-inverse-graph__mcq,mcq,100,30,0,19,4,1,0.633,0,0,
g10-constructions-proof,cp-conjecture-proof__numeric,numeric,100,30,0,19,1,19,0.633,0,0,
second-deriv-poly,third,numeric,100,34,0,22,18,22,0.647,0,0,
times-five-ten,clockElapsed,numeric,100,34,0,22,10,22,0.647,0,0,
k0-count-100,kCountBackHop,numberLineHop,500,34,0,22,13,22,0.647,0,0,
pr-percent-change-g7,percentIncrease,numeric,100,50,0,33,8,33,0.660,0,0,
frac-multiply,noticeShared,fractionEntry,100,30,0,20,13,20,0.667,0,0,
independence-def,formulaIndependent,numeric,100,30,0,20,7,20,0.667,0,0,
g8-tm-dilation-similarity,tmSimilarSideB,numeric,100,30,0,20,17,20,0.667,0,0,
g10-coordinate-proofs,cx-perp-proof__numeric,numeric,100,30,0,20,2,20,0.667,0,0,
g13-series-convergence,series-convergence__sc-taylor__numeric,numeric,100,30,0,20,2,20,0.667,0,0,
g10-conditional-probability,conditional-probability__cpr-reversal-error__numeric,numeric,100,30,0,20,2,20,0.667,0,0,
cn-sum-product,conjProduct,numeric,100,34,0,23,14,23,0.676,0,0,
frac-unlike-addsub,addSimplify,fractionEntry,100,30,0,21,16,21,0.700,0,0,
fraction-volume,properFraction,numeric,100,30,0,21,13,21,0.700,0,0,
g0-counting,countAddLine,numberLineHop,500,30,0,21,8,21,0.700,0,0,
g10-similarity,sy-scale__numeric,numeric,100,30,0,21,2,21,0.700,0,0,
g8-rns-root-classify,rnsClassifyGrowingDecimal,mcq,500,63,0,45,4,4,0.714,0,0,
triangle-area-calc,heightMeaning,mcq,500,125,0,94,4,10,0.752,0,0,
g12-polynomial-rational-analysis,polynomial-rational-analysis__pra-conjugate__numeric,exactNumberLab,500,30,0,15,1,15,0.500,0,0,
g8-esn-root-context,esnRootCube,numeric,100,30,0,16,3,16,0.533,0,0,
g4-measure,mcLinePlotBuildMcq,mcq,100,30,0,16,4,1,0.533,0,0,
g12-polar-parametric,polar-parametric__pp-polar-form__numeric,numeric,500,30,0,16,1,16,0.533,0,0,
decimal-align-addsub,mealAdd,numeric,100,30,0,17,8,17,0.567,0,0,
proportional-plot,cgPairValue,numeric,100,30,0,17,15,17,0.567,0,0,
attributes,cgSquareExtra,mcq,100,30,0,17,4,1,0.567,0,0,
line-plot,fractionRange,mcq,100,30,0,17,3,4,0.567,0,0,
g0-counting,countObjectsFlash,subitizeFlash,500,30,0,17,6,1,0.567,0,0,
a2-logarithms,lg-halflife__numeric,numeric,500,30,0,17,11,17,0.567,0,0,
a2-polynomials,pf-long-div__mcq,mcq,500,30,0,17,4,1,0.567,0,0,
a2-series,sr-geo-apply__dragBucket,dragBucket,100,30,0,17,17,1,0.567,0,0,
g10-polygons-quadrilaterals,pq-exterior-sum__numeric,numeric,100,30,0,17,1,17,0.567,0,0,
g10-triangle-congruence,tc-hl__numeric,numeric,100,30,0,17,1,17,0.567,0,0,
poly-read,leading,numeric,100,34,0,20,7,20,0.588,0,0,
prism-surface-area,missingFace,numeric,100,34,0,20,19,20,0.588,0,0,
geo-series,doubling,numeric,100,30,0,18,18,18,0.600,0,0,
quadrilaterals,cgParallelogramNotGuaranteed,mcq,100,30,0,18,4,1,0.600,0,0,
k0-add-subtract,KoaFingersNumeric,numeric,500,30,0,18,9,18,0.600,0,0,
a2-complex,cn-cts-solve__mcq,mcq,100,30,0,18,4,1,0.600,0,0,
a2-logarithms,lg-ln__mcq,mcq,500,30,0,18,4,1,0.600,0,0,
a2-radicals,re-extraneous__mcq,mcq,500,30,0,18,4,1,0.600,0,0,
a2-rationals,rf-variation__mcq,mcq,500,30,0,18,4,1,0.600,0,0,
g10-coordinate-proofs,cx-classify-quad__numeric,numeric,100,30,0,18,1,18,0.600,0,0,
g10-right-triangles,rt-pythagorean__numeric,numeric,500,30,0,18,1,18,0.600,0,0,
g12-polar-parametric,polar-parametric__pp-polar-system__pointEntry,pointEntry,500,30,0,18,1,18,0.600,0,0,
grid-count,colTrap,numeric,100,30,0,19,13,19,0.633,0,0,
metric-convert,rrDirectionMcq,mcq,100,30,0,19,3,4,0.633,0,0,
g8-tm-rigid-motion,tmRotateProperty,mcq,100,30,0,19,4,1,0.633,0,0,
g8-bv-categorical-association,bvCatGroup,numeric,100,30,0,19,4,19,0.633,0,0,
g1-add-subtract,CountingOnNumeric,numeric,500,30,0,19,9,19,0.633,0,0,
a2-polynomials,pf-zeros__buildExpression,buildExpression,500,30,0,19,1,19,0.633,0,0,
a2-rationals,rf-unlike__buildExpression,buildExpression,500,30,0,19,1,19,0.633,0,0,
g12-trig-graphs-inverses,trig-graphs-inverses__tg-tan-transform__numeric,numeric,500,30,0,19,1,19,0.633,0,0,
g12-trig-identities-equations,trig-identities-equations__ti-pythagorean__numeric,numeric,500,30,0,19,2,19,0.633,0,0,
g13-integration-accumulation,integration-accumulation__in-antiderivative__numeric,numeric,500,30,0,19,2,19,0.633,0,0,
sr-recursive,affine,numeric,100,30,0,20,17,20,0.667,0,0,
distributive,factSplit,numeric,100,30,0,20,14,20,0.667,0,0,
g8-bv-judge-fit,bvJudgeCompare,mcq,100,30,0,20,4,2,0.667,0,0,
g2-add-subtract-100,OddEvenOddEvenPairs,oddEvenPairs,500,30,0,20,2,20,0.667,0,0,
g3-mult-fluency,MultMixedSmallNumeric,numeric,500,30,0,20,11,20,0.667,0,0,
a2-complex,cn-neg-eq__buildExpression,buildExpression,100,30,0,20,1,20,0.667,0,0,
a2-rationals,rf-simplify__numeric,numeric,500,30,0,20,5,20,0.667,0,0,
a2-series,sr-inf-apply__numeric,numeric,100,30,0,20,19,20,0.667,0,0,
g10-constructions-proof,cp-hexagon__numeric,numeric,100,30,0,20,1,20,0.667,0,0,
g10-similarity,sy-area-perimeter__numeric,numeric,100,30,0,20,2,20,0.667,0,0,
g13-curve-analysis,curve-analysis__ca-optimisation-applied__numeric,numeric,100,30,0,20,2,20,0.667,0,0,
g13-integration-accumulation,integration-accumulation__in-ftc-unified__numeric,numeric,500,30,0,20,2,20,0.667,0,0,
nl-fraction,waterStops,numeric,100,34,0,23,5,23,0.676,0,0,
g0-shapes-sorting,shapeWeightTap,tapDiagram,500,34,0,23,2,16,0.676,0,0,
g0-shapes-sorting,shapeAnyWayTap,tapDiagram,500,34,0,23,9,2,0.676,0,21,
k0-count-100,kSeqNextHop,numberLineHop,500,34,0,23,23,23,0.676,0,0,
frac-multiply,unitGrid,fractionGrid,100,30,0,21,21,21,0.700,0,0,
shape-hierarchy,cgRhombusRectangleSometimes,shapeHierarchyLab,100,30,0,21,4,1,0.700,0,0,
g8-esn-compare,esnCompareRatioClose,numeric,100,30,0,21,3,21,0.700,0,0,
g1-add-subtract,BiggerFirstNumeric,numeric,500,30,0,21,12,21,0.700,0,0,
a2-logarithms,lg-graph__mcq,mcq,500,30,0,21,4,1,0.700,0,0,
a2-radicals,re-rationalize__buildExpression,buildExpression,500,30,0,21,1,21,0.700,0,0,
g10-circle-theorems,cr-cyclic-quad__numeric,numeric,100,30,0,21,2,21,0.700,0,0,
g10-circle-theorems,cr-sector-area__numeric,numeric,100,30,0,21,2,21,0.700,0,0,
g10-constructions-proof,cp-transversal-family__numeric,numeric,100,30,0,21,3,21,0.700,0,0,
g10-right-triangles,rt-inverse-trig__numeric,numeric,500,30,0,21,3,21,0.700,0,0,
g10-similarity,sy-side-splitter__numeric,numeric,100,30,0,21,1,21,0.700,0,0,
g12-vectors-matrices,vectors-matrices__vec-dot__numeric,exactNumberLab,100,30,0,21,2,21,0.700,0,0,
cn-sum-product,findC,numeric,100,34,0,24,15,24,0.706,0,0,
cn-cts-vertex,yCoord,numeric,100,50,0,36,28,36,0.720,0,0,
grouping-first,divAddNumeric,numeric,500,50,0,36,27,36,0.720,0,0,
g2-measure-money-time,MmtPictureGraphRead,graphRead,500,36,0,26,12,26,0.722,0,0,
g7-tse-expression-build,tseDistNeg,buildExpression,100,30,0,22,1,22,0.733,0,0,
g10-coordinate-proofs,cx-classify-tri__numeric,numeric,100,30,0,22,2,22,0.733,0,0,
g13-derivatives-in-context,derivatives-in-context__dc-ladder__numeric,numeric,100,30,0,22,3,22,0.733,0,0,
g3-div-fluency,DivMixedNumeric,numeric,500,42,0,31,9,31,0.738,0,0,
a1-exponential,exp-graph-read__numeric,exactNumberLab,500,42,0,31,11,31,0.738,0,0,
circle-sector,arcMeasure,numeric,100,50,0,38,8,38,0.760,0,0,
frac-sign-ops,mulDiff,signedFractionLab,100,34,0,26,13,26,0.765,0,0,
g7-scale-to-actual,drawFence,numeric,100,34,0,26,11,26,0.765,0,0,
pr-unit-rate-g7,recipeFraction,mcq,100,30,0,23,3,10,0.767,0,0,
g13-integration-accumulation,integration-accumulation__in-usub__numeric,numeric,500,30,0,23,3,23,0.767,0,0,
g8-rns-decimal-classify,rnsDecimalRepeat,quotientReasoningLab,500,56,0,44,4,4,0.786,0,0,
shape-hierarchy,cgSquareRhombusAlways,shapeHierarchyLab,100,30,0,17,4,1,0.567,0,0,
k0-add-subtract,KoaSpeedy5Numeric,numeric,500,30,0,17,5,17,0.567,0,0,
a2-statistics,si-bias__dragBucket,dragBucket,500,30,0,17,17,1,0.567,0,0,
a2-trig,tf-unit-circle__mcq,mcq,100,30,0,17,4,1,0.567,0,0,
prob-fraction,compound,fractionEntry,100,30,0,18,3,18,0.600,0,0,
a2-transformations,ft-arith__mcq,mcq,100,30,0,18,4,1,0.600,0,0,
a2-radicals,re-rules__numeric,exactNumberLab,500,30,0,18,4,18,0.600,0,0,
a2-statistics,si-ci-meaning__mcq,mcq,500,30,0,18,4,1,0.600,0,0,
a2-trig,tf-model__mcq,mcq,100,30,0,18,4,1,0.600,0,0,
g10-geometry-foundations,gf-find-motion__numeric,numeric,100,30,0,18,1,18,0.600,0,0,
tiling,equalRows,numeric,100,34,0,21,18,21,0.618,0,0,
prob-fraction,spinner,fractionEntry,100,30,0,19,17,19,0.633,0,0,
shape-hierarchy,cgParallelogramTrapezoid,mcq,100,30,0,19,4,1,0.633,0,0,
g4-place-million,pvAddMcq,mcq,500,30,0,19,4,1,0.633,0,0,
g10-polygons-quadrilaterals,pq-para-tests__numeric,numeric,100,30,0,19,1,19,0.633,0,0,
g10-similarity,sy-proportions-figures__numeric,numeric,100,30,0,19,1,19,0.633,0,0,
g12-limits-continuity,limits-continuity__lc-discontinuity__numeric,numeric,500,30,0,19,2,19,0.633,0,0,
pq-rhombus,diagonalBisect,numeric,100,34,0,22,22,22,0.647,0,0,
tens-problems,chairRows,numeric,100,34,0,22,18,22,0.647,0,0,
g2-shapes-shares,Ssg2GridApplyNumeric,numeric,100,30,0,20,13,20,0.667,0,0,
g4-place-million,pvSubtractMcq,mcq,500,30,0,20,4,1,0.667,0,0,
a1-radicals,rad-mn-exp__numeric,exactNumberLab,500,36,0,24,11,24,0.667,0,5,
a2-transformations,ft-compose-rule__numeric,numeric,100,30,0,20,10,20,0.667,0,0,
a2-transformations,ft-inverse-graph__numeric,numeric,100,30,0,20,14,20,0.667,0,0,
a2-radicals,re-convert__numeric,exactNumberLab,500,30,0,20,10,20,0.667,0,6,
a2-trig,tf-arc-length__numeric,numeric,100,30,0,20,15,20,0.667,30,30,
g10-constructions-proof,cp-proving-transversal__numeric,numeric,100,30,0,20,1,20,0.667,0,0,
g10-right-triangles,rt-trig-constant__numeric,numeric,500,30,0,20,1,20,0.667,0,0,
g10-similarity,sy-indirect__numeric,numeric,100,30,0,20,1,20,0.667,0,0,
g10-similarity,sy-sas-similar__numeric,numeric,100,30,0,20,1,20,0.667,0,0,
g12-trig-identities-equations,trig-identities-equations__ti-double-basic__numeric,numeric,500,30,0,20,3,20,0.667,0,0,
g13-differential-equations,differential-equations__de-exponential__numeric,numeric,100,30,0,20,2,20,0.667,0,0,
whole-times-fraction,mixedProduct,fractionEntry,100,34,0,23,19,23,0.676,0,0,
tiling,unequalRows,numeric,100,34,0,23,14,23,0.676,0,0,
critical-count,oddPowerSaddle,mcq,100,50,0,34,4,3,0.680,0,0,
fraction-benchmark,straddleHalf,exactNumberLab,500,500,0,349,1,349,0.698,0,0,
ellipse-axes,majorLength,numeric,100,50,0,35,11,35,0.700,0,0,
metric-convert,rrMetricDivide,numeric,100,30,0,21,10,21,0.700,0,25,
independence-def,conditionalFromDeck,numeric,100,30,0,21,2,21,0.700,0,0,
g8-bv-judge-fit,bvJudgeShift,mcq,100,30,0,21,4,2,0.700,0,0,
k0-add-subtract,KoaSubDrawingsNumeric,numeric,500,30,0,21,7,21,0.700,0,0,
g4-measure,mcProtractorReadingMcq,mcq,100,30,0,21,4,1,0.700,0,0,
g4-multiply,mbPatternsNumeric,numeric,500,30,0,21,21,21,0.700,0,0,
g4-place-million,pvCommaPeriodsMcq,mcq,500,30,0,21,4,1,0.700,0,0,
a2-complex,cn-complex-plane__plotPoint,plotPoint,100,30,0,21,21,21,0.700,0,0,
a2-radicals,re-conjugates__numeric,exactNumberLab,500,30,0,21,9,21,0.700,0,0,
a2-statistics,si-claim-capstone__mcq,mcq,500,30,0,21,4,1,0.700,0,0,
a2-statistics,si-significance-limits__mcq,mcq,500,30,0,21,4,1,0.700,0,0,
g10-right-triangles,rt-triples__numeric,numeric,500,30,0,21,1,21,0.700,0,0,
g12-limits-continuity,limits-continuity__lc-ivt__numeric,exactNumberLab,500,30,0,21,2,21,0.700,0,0,
g12-limits-continuity,limits-continuity__lc-onesided__numeric,numeric,500,30,0,21,2,21,0.700,0,0,
g12-vectors-matrices,vectors-matrices__vec-applications__numeric,exactNumberLab,100,30,0,21,2,21,0.700,0,0,
g12-vectors-matrices,vectors-matrices__vec-determinant__numeric,exactNumberLab,100,30,0,21,3,21,0.700,0,0,
g13-integration-accumulation,integration-accumulation__in-riemann__numeric,numeric,500,30,0,21,2,21,0.700,0,0,
g13-integration-applications,integration-applications__ia-disc__numeric,numeric,100,30,0,21,2,21,0.700,0,0,
g13-series-convergence,series-convergence__sc-radius__numeric,numeric,100,30,0,21,2,21,0.700,0,0,
long-div-2digit,digitsRead,numeric,500,125,0,88,21,88,0.704,0,0,
quad-shape-area,rectQuadratic,numeric,100,34,0,24,6,24,0.706,0,0,
poly-mul-mono,mulHigh,numeric,100,34,0,24,8,24,0.706,0,0,
const-sum-rule,horizontalTangent,numeric,100,34,0,24,5,24,0.706,0,0,
group-division,howManyPieces,numeric,100,34,0,24,6,24,0.706,0,0,
missing-factor,flipIt,numeric,100,34,0,24,7,24,0.706,0,0,
pr-constant-k-g7,rrRatioScale,numeric,100,30,0,22,18,22,0.733,0,0,
pr-constant-k-g7,rrTableMissingFirst,numeric,100,30,0,22,17,22,0.733,0,0,
g8-bv-fit-idea,bvFitBalance,mcq,100,30,0,22,4,2,0.733,0,0,
g1-add-subtract,CompareNumeric,numeric,500,30,0,22,6,22,0.733,0,0,
g4-lines-angles,laParallelPerpIdentifyMcq,mcq,100,30,0,22,4,2,0.733,0,0,
a2-trig,tf-amp-period__numeric,numeric,100,30,0,22,13,22,0.733,0,0,
g10-geometry-foundations,gf-corresponding-parts__numeric,numeric,100,30,0,22,2,22,0.733,0,0,
g10-polygons-quadrilaterals,pq-para-diagonals__numeric,numeric,100,30,0,22,3,22,0.733,0,0,
g10-solid-geometry,sg-cavalieri__numeric,exactNumberLab,500,30,0,22,3,22,0.733,0,0,
g12-conic-sections,conic-sections__co-parabola-def__numeric,numeric,100,30,0,22,2,22,0.733,0,0,
g12-polynomial-rational-analysis,polynomial-rational-analysis__pra-rrt-list__numeric,exactNumberLab,500,30,0,22,2,22,0.733,0,0,
quad-shape-area,squareExtended,numeric,100,34,0,25,7,25,0.735,0,0,
inverse-deriv,polyInverse,numeric,100,34,0,25,6,25,0.735,0,0,
equivalent-fractions,cupMark,numeric,100,34,0,25,7,25,0.735,0,0,
g7-sp-sampling-bias,spBiasCivic,mcq,100,34,0,25,3,2,0.735,0,0,
compare-numerals,greater,tapDiagram,100,50,0,38,2,29,0.760,0,0,
pq-kite,kiteArea,numeric,100,34,0,26,19,26,0.765,0,0,
fn-arith-seq,nextUp,numeric,100,30,0,23,20,23,0.767,0,0,
variable-meaning,tripleMinusEval,numeric,100,30,0,23,16,23,0.767,0,0,
a1-solving-equations,flip-rule__buildExpression,buildExpression,100,30,0,23,1,23,0.767,0,0,
a2-logarithms,lg-exp-solve__numeric,exactNumberLab,500,30,0,23,3,23,0.767,0,0,
g12-vectors-matrices,vectors-matrices__vec-work__numeric,exactNumberLab,100,30,0,23,3,23,0.767,0,0,
g13-integration-accumulation,integration-accumulation__in-choosing-u__numeric,numeric,500,30,0,23,2,23,0.767,0,0,
g8-rns-decimal-classify,rnsDecimalTerminate,quotientReasoningLab,500,56,0,43,4,5,0.768,0,0,
cn-solve-any,complexRoots,mcq,100,50,0,39,4,7,0.780,0,0,
parts-as-fractions,allPartsShaded,mcq,100,100,0,78,4,10,0.780,0,0,
g8-rns-decimal-classify,rnsPredictRepeatA,mcq,500,56,0,44,4,4,0.786,0,0,
remainder-word,eachGets,quotientReasoningLab,500,167,0,132,5,132,0.790,0,0,
k0-count-100,kSeqBeforeHop,numberLineHop,500,34,0,27,27,27,0.794,0,0,
g10-coordinate-proofs,cx-parallel-proof__numeric,numeric,100,30,0,24,3,24,0.800,0,0,
g10-polygons-quadrilaterals,pq-rectangle__numeric,numeric,100,30,0,24,2,24,0.800,0,0,
g10-right-triangles,rt-law-sines__numeric,numeric,500,30,0,24,3,24,0.800,0,0,
unit-size,ribbonPiece,numeric,100,34,0,20,8,20,0.588,0,0,
a2-statistics,si-margin__dragBucket,dragBucket,500,30,0,18,18,1,0.600,0,0,
a2-trig,tf-identity__mcq,mcq,100,30,0,18,4,1,0.600,0,0,
g10-polygons-quadrilaterals,pq-interior-sum__numeric,numeric,100,30,0,18,1,18,0.600,0,0,
g4-lines-angles,laSymmetryApplicationMcq,mcq,100,30,0,19,4,1,0.633,0,0,
a2-rationals,rf-excluded__numeric,numeric,500,30,0,19,6,19,0.633,0,0,
a2-rationals,rf-reciprocal__mcq,mcq,500,30,0,19,4,1,0.633,0,0,
g10-similarity,sy-sss-similar__numeric,numeric,100,30,0,19,1,19,0.633,0,0,
cn-cts-vertex,minValue,numeric,100,50,0,32,25,32,0.640,0,0,
pq-para-side,algPerimeter,numeric,100,34,0,22,17,22,0.647,0,0,
prism-surface-area,tentFabric,numeric,100,34,0,22,22,22,0.647,0,0,
g0-shapes-sorting,shapeRollStackMcq,mcq,500,34,0,22,4,2,0.647,0,0,
g7-tse-expression-build,tseCombineDiff,buildExpression,100,30,0,20,1,20,0.667,0,0,
g8-tm-rigid-motion,tmReflectProperty,mcq,100,30,0,20,4,1,0.667,0,0,
g8-tm-dilation-similarity,tmSimilarSideA,numeric,100,30,0,20,17,20,0.667,0,0,
g1-tens-ones,TnoReadExpandedNumeric,numeric,500,63,0,42,42,42,0.667,0,0,
g12-trig-identities-equations,trig-identities-equations__ti-apply-sum-diff__numeric,numeric,500,30,0,20,2,20,0.667,0,0,
g13-integration-applications,integration-applications__ia-washer__numeric,numeric,100,30,0,20,2,20,0.667,0,0,
prism-surface-area,totalSA,numeric,100,34,0,23,20,23,0.676,0,0,
g2-measure-money-time,MmtRulerSubtractNumeric,numeric,500,36,0,25,8,25,0.694,0,0,
a1-quadratics,quad-discriminant__numeric,numeric,100,30,0,21,3,21,0.700,0,0,
a2-rationals,rf-work__numeric,exactNumberLab,500,30,0,21,20,21,0.700,0,0,
g12-polynomial-rational-analysis,polynomial-rational-analysis__pra-rrt-pipeline__numeric,exactNumberLab,500,30,0,21,2,21,0.700,0,0,
g12-trig-identities-equations,trig-identities-equations__ti-prove__numeric,numeric,500,30,0,21,2,21,0.700,0,0,
g13-integration-accumulation,integration-accumulation__in-net-change__numeric,numeric,500,30,0,21,2,21,0.700,0,0,
g10-conditional-probability,conditional-probability__cpr-overlap-count__numeric,numeric,100,30,0,21,2,21,0.700,0,0,
subtract-within-20,factFamily,numeric,100,34,0,24,11,18,0.706,0,0,
perimeter,gardenFence,numeric,100,34,0,24,13,24,0.706,0,0,
commutativity,arrayBuild,buildExpression,100,34,0,24,1,24,0.706,0,0,
mult-patterns,timesTableStep,numeric,100,34,0,24,20,24,0.706,0,0,
scatter-features,clusterCorner,mcq,100,50,0,36,4,3,0.720,0,0,
g6-center-spread,ddCompareIqr,numeric,500,30,0,22,4,22,0.733,0,0,
pq-trapezoid,largestAngle,numeric,100,30,0,22,22,22,0.733,0,0,
negative-intro,riseTemp,numeric,100,30,0,22,11,22,0.733,0,0,
metric-convert,rrRateMultiply,numeric,100,30,0,22,19,22,0.733,0,0,
box-volume,whichMeasure,mcq,100,30,0,22,3,6,0.733,0,0,
pr-constant-k-g7,rrPartWholeMust,mcq,100,30,0,22,3,8,0.733,0,0,
a1-polynomials,factor-trinomial__buildExpression,buildExpression,100,30,0,22,1,19,0.733,0,0,
g10-coordinate-proofs,cx-circle-cts__numeric,numeric,100,30,0,22,2,22,0.733,0,0,
g12-polynomial-rational-analysis,polynomial-rational-analysis__pra-slant-find__numeric,exactNumberLab,500,30,0,22,2,22,0.733,0,0,
g12-trig-graphs-inverses,trig-graphs-inverses__tg-five-points__numeric,numeric,500,30,0,22,3,22,0.733,0,0,
g12-trig-graphs-inverses,trig-graphs-inverses__tg-four-dials__numeric,numeric,500,30,0,22,3,22,0.733,0,0,
g12-trig-identities-equations,trig-identities-equations__ti-general__numeric,numeric,500,30,0,22,2,22,0.733,0,0,
g12-vectors-matrices,vectors-matrices__vec-components__numeric,exactNumberLab,100,30,0,22,3,22,0.733,0,0,
g12-vectors-matrices,vectors-matrices__vec-scalar__numeric,exactNumberLab,100,30,0,22,3,22,0.733,0,0,
limit-laws,rationalSub,numeric,100,34,0,25,20,25,0.735,0,0,
orbit-ecc,comet,mcq,100,34,0,25,3,9,0.735,0,0,
fact-family,familyDivide,numeric,100,34,0,25,8,25,0.735,0,0,
mult-tens,tensProductA,numeric,100,34,0,25,20,25,0.735,0,0,
zero-pattern,zeroProductA,numeric,100,34,0,25,18,25,0.735,0,0,
g7-circle-parts,radiusDifference,numeric,100,34,0,25,9,25,0.735,0,0,
g7-cross-sections,twoCuts,mcq,100,34,0,25,4,2,0.735,0,0,
g4-decimals,dHundredthsCellsNumeric,numeric,500,34,0,25,25,25,0.735,0,0,
g4-decimals,dAddTenthHundredthNumeric,numeric,500,34,0,25,25,25,0.735,0,0,
g4-decimals,dMeasureNumeric,numeric,500,34,0,25,25,25,0.735,0,0,
g2-fluency,FlSpeedAddNumeric,numeric,500,36,0,27,13,27,0.750,0,0,
a1-radicals,rad-simplify-factor__numeric,exactNumberLab,500,36,0,27,8,27,0.750,0,0,
remainder-word,vansUp,quotientReasoningLab,500,167,0,126,5,126,0.754,0,0,
a1-exponential,exp-compare__numeric,exactNumberLab,500,42,0,32,30,32,0.762,0,0,
trig-model,midline,numeric,100,34,0,26,15,26,0.765,0,0,
matrix-apply,swap,pointEntry,100,34,0,26,26,26,0.765,0,0,
g7-read-scale,scaleCompare,numeric,100,34,0,26,12,26,0.765,0,0,
grid-count,read,areaModel,100,30,0,23,15,23,0.767,0,0,
box-volume,unitCubes,numeric,100,30,0,23,18,23,0.767,0,0,
pr-constant-k-g7,rrDoubleLineSmall,numeric,100,30,0,23,15,23,0.767,0,0,
g8-tm-rigid-motion,tmTransformSort,dragBucket,100,30,0,23,1,1,0.767,0,0,
g4-fractions,faWholeTimesFractionMixed,mixedRegroup,500,30,0,23,14,23,0.767,0,0,
a1-functions-sequences,fn-domain-range__mcq,mcq,100,30,0,23,4,2,0.767,0,0,
a1-quadratics,quad-factor-solve__numeric,numeric,100,30,0,23,7,23,0.767,0,0,
g10-constructions-proof,cp-square-triangle__numeric,numeric,100,30,0,23,2,23,0.767,0,0,
g10-coordinate-proofs,cx-circle-eq__numeric,numeric,100,30,0,23,2,23,0.767,0,0,
g10-similarity,sy-solving-right__numeric,numeric,100,30,0,23,2,23,0.767,0,0,
g12-function-analysis,function-analysis__fna-decompose__numeric,exactNumberLab,100,30,0,23,3,23,0.767,0,0,
g12-limits-continuity,limits-continuity__lc-factor__numeric,numeric,500,30,0,23,3,23,0.767,0,0,
g12-limits-continuity,limits-continuity__lc-rationalize__numeric,exactNumberLab,500,30,0,23,3,23,0.767,0,0,
g12-polar-parametric,polar-parametric__pp-roses__numeric,numeric,500,30,0,23,3,23,0.767,0,0,
g13-differential-equations,differential-equations__de-euler__numeric,numeric,100,30,0,23,3,23,0.767,0,0,
g10-conditional-probability,conditional-probability__cpr-joint-prob__numeric,numeric,100,30,0,23,2,23,0.767,0,0,
match-sum,nearDoubles,matchPairs,100,50,0,39,1,1,0.780,0,0,
association-type,fromContext,mcq,100,50,0,39,3,11,0.780,0,0,
g8-rns-decimal-classify,rnsPredictRepeatB,mcq,500,56,0,44,4,4,0.786,0,0,
g8-rns-density,rnsDensityHundredths,exactNumberLab,500,125,0,99,4,9,0.792,0,0,
inscribed-angle,arcFromAngle,numeric,100,34,0,27,27,27,0.794,0,0,
rate-interpret,negativeMeaning,mcq,100,34,0,27,3,14,0.794,0,0,
zero-pattern,zeroProductB,numeric,100,34,0,27,19,27,0.794,0,0,
line-plot,ddShapeOutlier,mcq,100,30,0,24,3,11,0.800,0,0,
distributive,rowsSold,numeric,100,30,0,24,16,24,0.800,0,0,
g8-fn-constant-slope,fgSlopeSimilarTriangles,numeric,100,30,0,24,18,24,0.800,0,0,
g1-counting-120,ChartFindNumeric,numeric,500,30,0,24,24,24,0.800,0,0,
g2-add-subtract-100,Fluency20Numeric,numeric,500,30,0,24,13,24,0.800,0,0,
g12-trig-identities-equations,trig-identities-equations__ti-cos2-forms__numeric,numeric,500,30,0,24,3,24,0.800,0,0,
g12-trig-identities-equations,trig-identities-equations__ti-quad-trig__numeric,numeric,500,30,0,24,3,24,0.800,0,0,
g13-integration-accumulation,integration-accumulation__in-constant-of-integration__numeric,exactNumberLab,500,30,0,24,2,24,0.800,0,0,
g2-fluency,FlFactFamilyNumeric,numeric,500,36,0,29,14,29,0.806,0,0,
g7-vertical-angles,whyVertical,geometricConstraintLab,500,167,0,135,4,12,0.808,0,0,
negative-intro,fartherAbsolute,absValueLine,100,30,0,25,1,25,0.833,0,0,
decimal-representation,moneyHundredths,numeric,100,30,0,25,25,25,0.833,0,0,
g2-measure-money-time,MmtGraphCompareNumeric,numeric,500,36,0,30,7,30,0.833,0,0,
g4-place-million,pvPlaceNamesMcq,mcq,500,30,0,25,4,4,0.833,0,0,
g13-integration-accumulation,integration-accumulation__in-accumulation__numeric,numeric,500,30,0,25,3,25,0.833,0,0,
subtract-within-20,difference,numeric,100,34,0,29,11,29,0.853,0,0,
extrema-value,whichPoint,mcq,100,34,0,29,4,4,0.853,0,0,
trig-inside,generalTan,mcq,100,34,0,29,4,4,0.853,0,0,
mult-tens,tensProductB,numeric,100,34,0,29,22,29,0.853,0,0,
area-formula-pick,trapezoid,numeric,500,100,0,88,47,88,0.880,0,0,
g8-fn-compare-context,fgCompareBreakEven,affineRelationshipLab,500,250,0,220,25,220,0.880,0,0,
box-volume,volumeFormula,mcq,100,30,0,19,4,1,0.633,0,0,
g1-add-subtract,MakeTenFirstNumeric,numeric,500,30,0,19,8,19,0.633,0,0,
g13-derivatives-in-context,derivatives-in-context__dc-related-rates__numeric,numeric,100,30,0,19,2,19,0.633,0,0,
pr-percent-change-g7,percentDecrease,numeric,100,50,0,33,8,33,0.660,0,0,
attributes,cgEquilateralRightNever,shapeHierarchyLab,100,30,0,20,4,1,0.667,0,0,
g4-fractions,faBenchmarkOrderNumeric,numeric,500,30,0,20,2,20,0.667,0,0,
a2-complex,cn-method-choice__mcq,mcq,100,30,0,20,4,1,0.667,0,0,
g12-polar-parametric,polar-parametric__pp-projectile__numeric,numeric,500,30,0,20,2,20,0.667,0,0,
g12-vectors-matrices,vectors-matrices__vec-rotation__numeric,exactNumberLab,100,30,0,20,2,20,0.667,0,0,
g13-derivatives-in-context,derivatives-in-context__dc-other-forms__numeric,numeric,100,30,0,20,1,20,0.667,0,0,
g13-differential-equations,differential-equations__de-logistic__numeric,numeric,100,30,0,20,2,20,0.667,0,0,
orbit-ecc,flyby,mcq,100,34,0,23,3,9,0.676,0,0,
g1-tens-ones,TnoBlocksNumeric,numeric,500,63,0,43,43,43,0.683,0,0,
back-substitute,given,affineRelationshipLab,500,500,0,343,148,343,0.686,0,0,
negative-intro,absoluteNumeric,numeric,100,30,0,21,17,21,0.700,0,0,
lcm-pair,gcfThree,numeric,100,30,0,21,10,21,0.700,0,0,
a2-polynomials,pf-long-div__numeric,exactNumberLab,500,30,0,21,1,21,0.700,0,0,
a2-rationals,rf-ha__numeric,exactNumberLab,500,30,0,21,15,21,0.700,0,0,
g12-function-analysis,function-analysis__fna-compose-domain__numeric,exactNumberLab,100,30,0,21,2,21,0.700,0,0,
g12-trig-graphs-inverses,trig-graphs-inverses__tg-tan-shape__numeric,numeric,500,30,0,21,2,21,0.700,0,0,
variable-meaning,linearRelation,numeric,100,30,0,22,16,22,0.733,0,0,
g7-tse-inequality-build,strictBoundary,exactNumberLab,500,30,0,22,3,10,0.733,0,0,
g8-esn-root-context,esnRootCubeLarge,numeric,100,30,0,22,7,22,0.733,0,0,
g2-add-subtract-100,AddTensNumeric,numeric,500,30,0,22,8,22,0.733,0,0,
a1-functions-sequences,fn-growth-apply__numeric,numeric,100,30,0,22,20,22,0.733,0,0,
g10-polygons-quadrilaterals,pq-square__numeric,numeric,100,30,0,22,1,22,0.733,0,0,
g10-solid-geometry,sg-revolution__numeric,exactNumberLab,500,30,0,22,3,22,0.733,0,0,
g12-conic-sections,conic-sections__co-hyp-ecc__numeric,numeric,100,30,0,22,2,22,0.733,0,0,
g12-trig-identities-equations,trig-identities-equations__ti-tan-ladder__numeric,numeric,500,30,0,22,2,22,0.733,0,0,
g13-derivatives-in-context,derivatives-in-context__dc-differentials__numeric,exactNumberLab,100,30,0,22,3,22,0.733,0,0,
g13-integration-accumulation,integration-accumulation__in-definite-integral__numeric,exactNumberLab,500,30,0,22,3,22,0.733,0,0,
g10-conditional-probability,conditional-probability__cpr-at-least-one__numeric,numeric,100,30,0,22,3,22,0.733,0,0,
pq-para-angle,consecutive,numeric,100,34,0,25,25,25,0.735,0,0,
end-behavior,vertAsymCount,numeric,100,34,0,25,1,25,0.735,0,0,
a1-exponential,exp-percent__mcq,mcq,500,42,0,31,4,5,0.738,0,0,
cn-solve-any,shiftedSquare,numeric,100,50,0,38,15,38,0.760,0,0,
choose-rule,cubicProduct,numeric,100,34,0,26,19,26,0.765,0,0,
domain-restrict,allReals,mcq,100,34,0,26,4,3,0.765,0,0,
grid-count,colTrapRead,areaModel,100,30,0,23,14,23,0.767,0,0,
pct-of-number,rrPercentOver100,numeric,100,30,0,23,22,23,0.767,0,0,
shape-hierarchy,cgInheritProperty,shapeHierarchyLab,100,30,0,23,4,2,0.767,0,0,
g7-triangle-inequality,wholeCount,numeric,100,30,0,23,7,23,0.767,0,0,
g8-rns-compare-estimate,rnsOrderMixed,dragOrder,100,30,0,23,1,1,0.767,0,0,
g8-bv-fit-idea,bvFitDirection,mcq,100,30,0,23,4,2,0.767,0,0,
a1-quadratics,quad-zero-product__numeric,numeric,100,30,0,23,7,23,0.767,0,0,
a2-polynomials,pf-end-behavior__mcq,mcq,500,30,0,23,4,4,0.767,0,0,
g10-circle-theorems,cr-tangent-apps__numeric,exactNumberLab,100,30,0,23,4,23,0.767,0,0,
g10-coordinate-proofs,cx-circle-position__numeric,numeric,100,30,0,23,2,23,0.767,0,0,
g10-geometry-foundations,gf-translation-rule__numeric,numeric,100,30,0,23,2,23,0.767,0,0,
g10-polygons-quadrilaterals,pq-regular-angles__numeric,numeric,100,30,0,23,2,23,0.767,0,0,
g10-right-triangles,rt-pythagorean-apply__numeric,numeric,500,30,0,23,2,23,0.767,0,0,
g10-solid-geometry,sg-modeling__numeric,exactNumberLab,500,30,0,23,3,23,0.767,0,0,
g10-triangle-congruence,tc-centroid__numeric,numeric,100,30,0,23,2,23,0.767,0,0,
g12-conic-sections,conic-sections__co-parabola-eqn__mcq,mcq,100,30,0,23,3,15,0.767,0,0,
g12-limits-continuity,limits-continuity__lc-series-limit__numeric,exactNumberLab,500,30,0,23,2,23,0.767,16,16,
g13-derivatives-in-context,derivatives-in-context__dc-linearisation__numeric,numeric,100,30,0,23,3,23,0.767,0,0,
g13-integration-applications,integration-applications__ia-area-between__numeric,numeric,100,30,0,23,3,23,0.767,0,0,
g2-fluency,FlMissingNumeric,numeric,500,36,0,28,7,28,0.778,0,0,
two-step-solve,minusForm,numeric,100,100,0,78,8,78,0.780,0,0,
power-product,mixedPowerOrder,numeric,500,46,0,36,30,36,0.783,0,0,
g8-rns-density,rnsDensityChallenge,exactNumberLab,500,125,0,98,4,9,0.784,0,0,
g7-tse-evaluate-distribution,tseEvalDist,numeric,100,100,0,79,26,79,0.790,0,0,
coord-perimeter,pentagon,numeric,100,34,0,27,20,27,0.794,0,0,
coord-area-box,trapezoidArea,numeric,100,34,0,27,15,27,0.794,0,0,
round-ten,placeOnLine,numberLinePlace,100,34,0,27,8,27,0.794,0,0,
compare-same-denom,relayLegs,numeric,100,34,0,27,6,27,0.794,0,0,
unit-trading,tensAndOnes,numeric,100,34,0,27,27,27,0.794,0,0,
g7-circle-area,cylinderFromBase,numeric,100,34,0,27,27,27,0.794,0,0,
g4-decimals,dHundredthsWriteNumeric,numeric,500,34,0,27,27,27,0.794,0,0,
remainder-word,leftOver,quotientReasoningLab,500,167,0,133,16,133,0.796,0,0,
frac-unlike-addsub,subBare,fractionEntry,100,30,0,24,24,24,0.800,0,0,
pq-trapezoid,isoscelesTop,numeric,100,30,0,24,24,24,0.800,0,0,
negative-intro,compareNegativeMixed,rationalCompare,100,30,0,24,1,24,0.800,0,0,
variable-meaning,independentPay,mcq,100,30,0,24,3,9,0.800,0,0,
pct-of-number,rrPercentFraction,mcq,100,30,0,24,3,9,0.800,0,0,
decimal-representation,trailingMatchCount,numeric,100,30,0,24,2,24,0.800,0,0,
box-volume,singleLayer,numeric,100,30,0,24,19,24,0.800,0,0,
line-plot,ddShapeSymmetric,mcq,100,30,0,24,3,15,0.800,0,0,
pr-unit-rate-g7,rrSpeed,proportionalReasoningLab,100,30,0,24,12,24,0.800,0,0,
pr-constant-k-g7,rrPartWholeWhich,mcq,100,30,0,24,3,1,0.800,0,0,
g8-tm-congruence,tmCongruenceEnlarge,mcq,100,30,0,24,4,5,0.800,0,0,
g1-counting-120,TensOnesBaseTenCompose,baseTenCompose,500,30,0,24,24,24,0.800,0,0,
g10-coordinate-proofs,cx-partition__numeric,numeric,100,30,0,24,2,24,0.800,0,0,
g10-triangle-congruence,tc-triangle-inequality__numeric,numeric,100,30,0,24,2,24,0.800,0,0,
g12-function-analysis,function-analysis__fna-compose-order__numeric,exactNumberLab,100,30,0,24,3,24,0.800,0,0,
g12-limits-continuity,limits-continuity__lc-avg-rate__numeric,numeric,500,30,0,24,3,24,0.800,0,0,
g12-polar-parametric,polar-parametric__pp-de-moivre__numeric,numeric,500,30,0,24,4,24,0.800,0,0,
g12-polar-parametric,polar-parametric__pp-parabolic-path__numeric,numeric,500,30,0,24,3,24,0.800,0,0,
g12-polynomial-rational-analysis,polynomial-rational-analysis__pra-fta-count__numeric,exactNumberLab,500,30,0,24,2,24,0.800,0,0,
g12-vectors-matrices,vectors-matrices__vec-add__mcq,mcq,100,30,0,24,3,15,0.800,0,0,
g13-integration-accumulation,integration-accumulation__in-usub-limits__numeric,numeric,500,30,0,24,3,24,0.800,0,0,
g13-integration-applications,integration-applications__ia-motion__numeric,numeric,100,30,0,24,4,24,0.800,0,0,
g13-parametric-polar-calculus,parametric-polar-calculus__pc-vector-motion__numeric,numeric,100,30,0,24,3,24,0.800,0,0,
g2-measure-money-time,MmtLengthDifferenceNumeric,numeric,500,36,0,29,7,29,0.806,0,0,
extrema-value,localVsAbsolute,mcq,100,34,0,28,4,4,0.824,0,0,
g7-tse-balance-solve,tseBalanceB,solveBalance,100,34,0,28,7,28,0.824,0,7,
g8-tm-transversal,tmTransversalSupplement,numeric,100,34,0,28,28,28,0.824,0,0,
g4-decimals,dFractionToDecimalNumeric,numeric,500,34,0,28,27,28,0.824,0,0,
g1-tens-ones,TnoTenMoreLessNumeric,numeric,500,63,0,52,46,52,0.825,0,0,
frac-multiply,cancelFirst,fractionEntry,100,30,0,25,24,25,0.833,0,0,
fn-arith-seq,nthNeg,numeric,100,30,0,25,24,25,0.833,0,0,
variable-meaning,busOff,numeric,100,30,0,25,17,25,0.833,0,0,
decimal-representation,wordBuildMixed,buildExpression,100,30,0,25,1,25,0.833,0,0,
g7-signed-multiply-divide,divSame,numeric,100,30,0,25,12,25,0.833,0,0,
g8-bv-fit-idea,bvFitPurpose,mcq,100,30,0,25,4,3,0.833,0,0,
g8-tm-cylinder-volume,tmCylinderTank,numeric,100,30,0,25,25,25,0.833,0,0,
g8-les-substitution-method,lesSubstituteA,numeric,100,30,0,25,11,25,0.833,0,0,
g1-counting-120,ChartPatternNumeric,numeric,500,30,0,25,25,25,0.833,0,0,
g2-shapes-shares,Ssg2NameThirdMcq,mcq,100,30,0,25,4,2,0.833,0,0,
g3-mult-fluency,MultMixedLargeNumeric,numeric,500,30,0,25,17,25,0.833,0,0,
g4-place-million,pvReadingBigMcq,mcq,500,30,0,25,4,3,0.833,0,0,
a1-functions-sequences,fn-geo-rule__numeric,numeric,100,30,0,25,23,25,0.833,0,0,
a2-transformations,ft-inverse-graph__pointEntry,pointEntry,100,30,0,25,25,25,0.833,0,0,
g10-solid-geometry,sg-cavalieri-apply__numeric,exactNumberLab,500,30,0,25,3,25,0.833,11,11,
g12-conic-sections,conic-sections__co-asymptote__mcq,mcq,100,30,0,25,3,15,0.833,0,0,
g12-polynomial-rational-analysis,polynomial-rational-analysis__pra-rrt-list__mcq,mcq,500,30,0,25,3,13,0.833,0,0,
g12-trig-identities-equations,trig-identities-equations__ti-root-traps__mcq,mcq,500,30,0,25,3,15,0.833,0,0,
g12-trig-identities-equations,trig-identities-equations__ti-root-traps__numeric,numeric,500,30,0,25,2,25,0.833,0,0,
g12-vectors-matrices,vectors-matrices__vec-add__numeric,exactNumberLab,100,30,0,25,2,25,0.833,0,0,
g13-integration-accumulation,integration-accumulation__in-ftc2__numeric,numeric,500,30,0,25,3,25,0.833,0,0,
two-step-arith,shareThenLeader,numeric,100,50,0,42,7,42,0.840,0,0,
circle-sector,sectorArea,numeric,100,50,0,42,40,42,0.840,0,0,
g8-les-system-verify,lesVerifyPoint,affineRelationshipLab,500,500,0,421,4,52,0.842,0,0,
double-angle-solve,nextStep,mcq,100,34,0,29,4,6,0.853,0,0,
g2-fluency,FlSpeedSubNumeric,numeric,500,36,0,31,14,31,0.861,0,0,
g2-measure-money-time,MmtEstimateMcq,mcq,500,36,0,31,4,4,0.861,0,0,
g6-center-spread,ddSummaryIqr,numeric,500,30,0,26,11,26,0.867,0,0,
subtract-within-100,ones,numeric,100,30,0,26,20,26,0.867,0,0,
g7-signed-multiply-divide,mulSameLarge,numeric,100,30,0,26,23,26,0.867,0,0,
g8-les-system-graphing,lesGraphXBasic,numeric,100,30,0,26,11,26,0.867,0,0,
g8-fn-function-definition,fgChooseFunction,mcq,100,30,0,26,4,1,0.867,0,0,
g2-add-subtract-100,NearDoublesMcq,mcq,500,30,0,26,4,5,0.867,0,0,
a2-polynomials,pf-multiplicity__mcq,mcq,500,30,0,26,4,3,0.867,0,0,
g12-limits-continuity,limits-continuity__lc-rationalize__mcq,mcq,500,30,0,26,3,15,0.867,0,0,
g12-trig-identities-equations,trig-identities-equations__ti-double-basic__mcq,mcq,500,30,0,26,3,14,0.867,0,0,
hop-multiply,landOn,numeric,100,34,0,30,15,30,0.882,0,0,
whole-times-fraction,toMixed,fractionEntry,100,34,0,18,15,18,0.529,0,0,
g12-vectors-matrices,vectors-matrices__vec-matrix-arith__numeric,exactNumberLab,100,30,0,20,2,20,0.667,0,0,
g6-data-literacy,ddDataClassSize,numeric,100,30,0,21,21,21,0.700,0,0,
g10-right-triangles,rt-306090-apply__numeric,numeric,500,30,0,21,1,21,0.700,0,0,
step-function,absPiecewise,mcq,100,34,0,24,3,8,0.706,0,102,
long-div-2digit,fullDivide,quotientReasoningLab,500,125,0,89,17,89,0.712,0,0,
grouping-first,groupAddMul,exactNumberLab,500,50,0,36,19,36,0.720,0,0,
g8-rns-decimal-classify,rnsBlockRepeat,quotientReasoningLab,500,56,0,41,4,4,0.732,0,0,
lcm-pair,lcd,numeric,100,30,0,22,6,22,0.733,0,0,
g8-tm-rigid-motion,tmTranslateProperty,mcq,100,30,0,22,4,4,0.733,0,0,
g10-geometry-foundations,gf-line-symmetry__numeric,numeric,100,30,0,22,2,22,0.733,0,0,
g12-function-analysis,function-analysis__fna-restricted__numeric,exactNumberLab,100,30,0,22,2,22,0.733,0,0,
g13-integration-applications,integration-applications__ia-average-value__numeric,numeric,100,30,0,22,3,22,0.733,0,0,
g13-integration-applications,integration-applications__ia-cross-sections__numeric,numeric,100,30,0,22,3,22,0.733,0,0,
frac-sign-ops,divDiff,signedFractionLab,100,34,0,26,15,26,0.765,0,0,
sci-compute,divide,buildExpression,100,34,0,26,1,26,0.765,0,0,
trig-inside,generalCos,mcq,100,34,0,26,4,3,0.765,0,0,
time-relative,minutesTo,numeric,100,34,0,26,5,26,0.765,0,0,
volume,dryIngredient,mcq,100,34,0,26,4,4,0.765,0,0,
g6-center-spread,ddIqrOddSeven,numeric,500,30,0,23,4,23,0.767,0,0,
fn-evaluate,mulOnly,numeric,100,30,0,23,15,23,0.767,0,0,
pr-constant-k-g7,rrSimplifyBuild,buildExpression,100,30,0,23,1,23,0.767,0,0,
pr-constant-k-g7,rrTablePartner,numeric,100,30,0,23,19,23,0.767,0,0,
g7-tse-expression-build,tseDistPosB,buildExpression,100,30,0,23,1,23,0.767,0,0,
g7-tse-inequality-build,graphBuild,numberLineRay,500,30,0,23,23,23,0.767,0,0,
g8-bv-prediction-limits,bvLimitWhy,mcq,100,30,0,23,4,1,0.767,0,0,
g1-add-subtract,CountOnSmallNumeric,numeric,500,30,0,23,12,23,0.767,0,0,
a1-quadratics,quad-formula__numeric,numeric,100,30,0,23,6,23,0.767,0,0,
a2-radicals,re-domains__buildExpression,buildExpression,500,30,0,23,1,23,0.767,0,0,
a2-statistics,si-pvalue-idea__numeric,numeric,500,30,0,23,19,23,0.767,30,30,
g10-geometry-foundations,gf-rotation-rule__numeric,numeric,100,30,0,23,2,23,0.767,0,0,
g10-similarity,sy-dilation__numeric,numeric,100,30,0,23,2,23,0.767,0,0,
g10-solid-geometry,sg-composite-surface__numeric,exactNumberLab,500,30,0,23,4,23,0.767,0,0,
g10-triangle-congruence,tc-midsegment__numeric,numeric,100,30,0,23,2,23,0.767,0,0,
g12-limits-continuity,limits-continuity__lc-derivative__numeric,numeric,500,30,0,23,3,23,0.767,0,0,
g12-trig-graphs-inverses,trig-graphs-inverses__tg-cos-graph__numeric,numeric,500,30,0,23,3,23,0.767,0,0,
g12-trig-graphs-inverses,trig-graphs-inverses__tg-mixed-comp__numeric,numeric,500,30,0,23,3,23,0.767,0,0,
g12-trig-graphs-inverses,trig-graphs-inverses__tg-phase__numeric,numeric,500,30,0,23,2,23,0.767,0,0,
g12-vectors-matrices,vectors-matrices__vec-solve-systems__numeric,exactNumberLab,100,30,0,23,3,23,0.767,0,0,
g13-parametric-polar-calculus,parametric-polar-calculus__pc-arc-length__numeric,numeric,100,30,0,23,3,23,0.767,0,0,
a1-radicals,rad-multiply__numeric,exactNumberLab,500,36,0,28,20,28,0.778,0,0,
combined-shift,domainStart,numeric,100,50,0,39,11,39,0.780,0,0,
area-vs-perimeter,sameAreaFence,mcq,100,50,0,39,4,5,0.780,0,0,
place-compare,decimalClose,placeValueTransformLab,500,72,0,57,2,57,0.792,0,0,
g1-tens-ones,TnoAddTensNumeric,numeric,500,63,0,50,41,50,0.794,0,0,
pq-kite,solveDiagonal,numeric,100,34,0,27,9,27,0.794,0,0,
build-fraction,howManyUnits,numeric,100,34,0,27,6,27,0.794,0,0,
compare-numbers,smallestWithZero,numeric,100,34,0,27,22,27,0.794,0,0,
g7-tse-balance-solve,tseBalanceC,solveBalance,100,34,0,27,8,27,0.794,0,1,
fn-evaluate,quadPlus,numeric,100,30,0,24,19,24,0.800,0,0,
fn-evaluate,quadMinus,numeric,100,30,0,24,20,24,0.800,0,0,
lcm-pair,gcfContext,numeric,100,30,0,24,11,24,0.800,0,0,
metric-convert,rrMinutesSeconds,numeric,100,30,0,24,24,24,0.800,0,0,
scatter-features,sortFeatures,dragBucket,100,50,0,40,1,1,0.800,0,0,
fraction-volume,planterDecimal,numeric,100,30,0,24,22,24,0.800,0,0,
g7-tse-expression-build,tseMixedSameNeg,buildExpression,100,30,0,24,1,24,0.800,0,0,
g7-sp-overlap-interpret,spCompareSmall,distributionCompareLab,100,30,0,24,3,14,0.800,0,0,
g3-mult-fluency,MultRecallSpeedNumeric,numeric,500,30,0,24,17,24,0.800,0,0,
g4-multiply,mbFactorsNumeric,numeric,500,30,0,24,8,24,0.800,0,0,
a2-polynomials,pf-build__numeric,exactNumberLab,500,30,0,24,17,24,0.800,0,0,
g10-right-triangles,rt-solve-side__numeric,numeric,500,30,0,24,4,24,0.800,0,0,
g12-limits-continuity,limits-continuity__lc-limit-idea__numeric,numeric,500,30,0,24,2,24,0.800,0,0,
g12-trig-graphs-inverses,trig-graphs-inverses__tg-five-points__mcq,mcq,500,30,0,24,3,15,0.800,0,0,
g13-derivatives-in-context,derivatives-in-context__dc-motion__numeric,numeric,100,30,0,24,3,24,0.800,0,0,
place-compare,decimalMixed,placeValueTransformLab,500,72,0,58,2,58,0.806,0,0,
g8-rns-density,rnsDensityTenths,exactNumberLab,500,125,0,101,4,9,0.808,0,0,
fn-inverse-rule,undoPipeline,numeric,100,100,0,82,8,82,0.820,0,0,
coordinate-plot,cgPathLength,pointSetReasoningLab,500,39,0,32,10,32,0.821,0,0,
coord-perimeter,trapezoidDecimal,numeric,100,34,0,28,28,28,0.824,0,0,
unit-frac-divide,sameDenomCount,numeric,500,34,0,28,7,28,0.824,0,0,
whole-times-fraction,numeratorOnly,numeric,100,34,0,28,19,28,0.824,0,0,
const-sum-rule,legalMoves,dragBucket,100,34,0,28,1,1,0.824,0,0,
array-model,rowsTotal,numeric,100,34,0,28,17,28,0.824,0,0,
g6-center-spread,ddOutlierMeanShift,numeric,500,30,0,25,6,25,0.833,0,0,
decimal-representation,wordToDecimal,numeric,100,30,0,25,25,25,0.833,0,0,
box-volume,stackedCubes,numeric,100,30,0,25,18,25,0.833,0,0,
attributes,definingAttribute,mcq,100,30,0,25,4,4,0.833,0,0,
distributive,variableBoth,numeric,100,30,0,25,19,25,0.833,0,0,
g7-tse-expression-build,tseMixedChallenge,buildExpression,100,30,0,25,1,25,0.833,0,0,
g7-tse-inequality-build,inclusiveBoundary,exactNumberLab,500,30,0,25,3,10,0.833,0,0,
g8-esn-root-context,esnRootSquare,numeric,100,30,0,25,17,25,0.833,0,0,
g8-esn-compare,esnCompareRatioLarge,numeric,100,30,0,25,7,25,0.833,0,30,
g8-tm-cone-volume,tmConeFromCylinder,numeric,100,30,0,25,25,25,0.833,0,0,
g8-fn-initial-value,fgInitialTable,numeric,100,30,0,25,19,25,0.833,0,0,
g1-data,GdSortMcq,mcq,100,30,0,25,4,3,0.833,0,0,
g1-add-subtract,PartWholeNumeric,numeric,500,30,0,25,13,25,0.833,0,0,
g1-counting-120,PastHundredMcq,mcq,500,30,0,25,4,3,0.833,0,0,
g2-place-value-1000,Pv1000SkipTensNumeric,numeric,500,30,0,25,25,25,0.833,0,0,
a1-functions-sequences,fn-geo-nth__numeric,numeric,100,30,0,25,22,25,0.833,0,0,
a2-complex,cn-neg-eq__mcq,mcq,100,30,0,25,4,5,0.833,0,0,
a2-transformations,ft-compose-rule__mcq,mcq,100,30,0,25,4,6,0.833,0,0,
g10-circle-theorems,cr-chord-arc__numeric,numeric,100,30,0,25,3,25,0.833,0,0,
g10-right-triangles,rt-306090__numeric,numeric,500,30,0,25,3,25,0.833,0,0,
g10-right-triangles,rt-height-apps__numeric,numeric,500,30,0,25,3,25,0.833,0,0,
g10-solid-geometry,sg-cross-sections__numeric,exactNumberLab,500,30,0,25,2,25,0.833,0,0,
g10-solid-geometry,sg-density__numeric,exactNumberLab,500,30,0,25,3,25,0.833,5,5,
g10-solid-geometry,sg-scale-effects__numeric,exactNumberLab,500,30,0,25,5,25,0.833,0,0,
g12-limits-continuity,limits-continuity__lc-read-limit__numeric,numeric,500,30,0,25,3,25,0.833,0,0,
g12-polar-parametric,polar-parametric__pp-to-rect__numeric,numeric,500,30,0,25,4,25,0.833,0,0,
g13-derivatives-in-context,derivatives-in-context__dc-other-forms__dragOrder,dragOrder,100,30,0,25,1,14,0.833,0,0,
g13-parametric-polar-calculus,parametric-polar-calculus__pc-polar-area__numeric,numeric,100,30,0,25,3,25,0.833,0,0,
cn-disc-repeat,forceB,mcq,100,34,0,29,4,5,0.853,0,0,
pq-para-side,solveSide,numeric,100,34,0,29,7,29,0.853,0,0,
parity,pointsBonus,numeric,100,34,0,29,22,29,0.853,0,0,
g0-shapes-sorting,shapeAnyWayMcq,mcq,500,34,0,29,4,4,0.853,0,0,
stretch-scale,whichWider,mcq,100,100,0,86,4,1,0.860,0,0,
g6-data-literacy,ddDataRepeatedValues,mcq,100,30,0,26,3,17,0.867,0,0,
frac-multiply,bareMultiply,fractionEntry,100,30,0,26,26,26,0.867,0,0,
partial-products,bareChallenge,numeric,100,30,0,26,26,26,0.867,0,0,
equiv-test,claimAtValue,numeric,100,30,0,26,15,26,0.867,0,0,
attributes,cgTriangleAngleFamily,shapeHierarchyLab,100,30,0,26,4,3,0.867,0,0,
attributes,cgTriangleDualLabel,shapeHierarchyLab,100,30,0,26,4,3,0.867,9,9,
pr-constant-k-g7,rrDoubleLineReverse,numeric,100,30,0,26,21,26,0.867,0,0,
g8-rns-compare-estimate,rnsComparePiFraction,mcq,100,30,0,26,4,6,0.867,30,30,
g8-tm-dilation-similarity,tmDilationScale,mcq,100,30,0,26,4,4,0.867,0,0,
g1-data,GdQuestionMcq,mcq,100,30,0,26,4,4,0.867,0,0,
g1-counting-120,SkipTenNumeric,numeric,500,30,0,26,26,26,0.867,0,0,
g3-mult-fluency,MultMissingFactorNumeric,numeric,500,30,0,26,9,26,0.867,0,0,
g4-fractions,faLikeDenomWordNumeric,numeric,500,30,0,26,6,26,0.867,0,0,
g4-measure,mcBenchmarkAnglesNumeric,numeric,100,30,0,26,23,26,0.867,0,0,
g4-multiply,mbAdditiveVsMultiplicativeNumeric,numeric,500,30,0,26,23,26,0.867,0,0,
a1-linear-functions,parallel-perpendicular__mcq,mcq,500,30,0,26,4,6,0.867,0,0,
a1-solving-equations,literal-eq__numeric,numeric,100,30,0,26,8,26,0.867,0,0,
a2-complex,cn-build-quad__buildExpression,buildExpression,100,30,0,26,1,26,0.867,0,0,
a2-transformations,ft-compose__numeric,numeric,100,30,0,26,25,26,0.867,0,0,
a2-logarithms,lg-product__mcq,mcq,500,30,0,26,4,3,0.867,0,0,
a2-radicals,re-both-sides__numeric,exactNumberLab,500,30,0,26,6,26,0.867,0,0,
a2-rationals,rf-like-denoms__buildExpression,buildExpression,500,30,0,26,1,26,0.867,0,0,
a2-series,sr-sigma-write__mcq,mcq,100,30,0,26,4,6,0.867,0,0,
g10-right-triangles,rt-454590__numeric,numeric,500,30,0,26,2,26,0.867,0,0,
g10-right-triangles,rt-sohcahtoa__numeric,numeric,500,30,0,26,3,26,0.867,0,0,
g12-conic-sections,conic-sections__co-general-hp__mcq,mcq,100,30,0,26,3,14,0.867,0,0,
g12-limits-continuity,limits-continuity__lc-derivative__mcq,mcq,500,30,0,26,3,14,0.867,0,0,
g12-limits-continuity,limits-continuity__lc-infinity__numeric,exactNumberLab,500,30,0,26,4,26,0.867,0,0,
g12-polar-parametric,polar-parametric__pp-trajectory__numeric,numeric,500,30,0,26,4,26,0.867,0,0,
g12-polynomial-rational-analysis,polynomial-rational-analysis__pra-fta-count__mcq,mcq,500,30,0,26,3,13,0.867,0,0,
g12-trig-graphs-inverses,trig-graphs-inverses__tg-tan-shape__mcq,mcq,500,30,0,26,3,16,0.867,0,0,
g12-trig-identities-equations,trig-identities-equations__ti-apply-sum-diff__mcq,mcq,500,30,0,26,3,21,0.867,0,0,
coord-distance,solveK,numeric,100,50,0,44,13,44,0.880,0,0,
fraction-meaning,takeSome,fractionEntry,100,50,0,44,17,17,0.880,0,0,
vertical-shift,whichDirection,mcq,100,50,0,44,4,8,0.880,0,0,
times-nine,patternClaim,mcq,100,50,0,44,4,5,0.880,0,0,
angle-sum,missing,numeric,100,34,0,30,30,30,0.882,0,0,
unit-frac-divide,divideFractionWhole,quotientReasoningLab,500,34,0,30,7,30,0.882,0,0,
group-division,sellThenPack,numeric,100,34,0,30,4,30,0.882,0,0,
mult-patterns,rowSubset,mcq,100,34,0,30,4,7,0.882,0,0,
g2-measure-money-time,MmtCoinNameMcq,mcq,500,36,0,32,4,4,0.889,0,0,
prob-fraction,relFreq,fractionEntry,100,30,0,27,26,27,0.900,0,0,
multiple-find,factorList,mcq,100,30,0,27,4,5,0.900,0,0,
fn-evaluate,squareMinus,numeric,100,30,0,27,20,27,0.900,0,0,
fn-arith-seq,nthPos,numeric,100,30,0,27,18,27,0.900,0,0,
grouping-first,mulGroup,exactNumberLab,500,50,0,45,24,45,0.900,0,0,
box-surface-area,sumPairs,numeric,100,30,0,27,23,27,0.900,0,0,
unknown-letter,solveFor,numeric,100,30,0,27,7,27,0.900,0,0,
g7-signed-addition,diffNeg,numeric,100,30,0,27,11,27,0.900,0,0,
g7-tse-expression-build,tseCombineSameNeg,buildExpression,100,30,0,27,1,27,0.900,0,0,
g7-tse-inequality-build,atLeastBoundary,exactNumberLab,500,30,0,27,3,13,0.900,0,0,
g8-les-system-graphing,lesGraphYGiven,numeric,100,30,0,27,11,27,0.900,0,0,
g1-add-subtract,FactFamilyNumeric,numeric,500,30,0,27,8,27,0.900,0,0,
g1-counting-120,CountPileNumeric,numeric,500,30,0,27,10,27,0.900,0,0,
g1-counting-120,TeensMcq,mcq,500,30,0,27,4,9,0.900,0,0,
g4-lines-angles,laReadingFiguresMcq,mcq,100,30,0,27,4,4,0.900,0,0,
a2-logarithms,lg-expand-condense__mcq,mcq,500,30,0,27,4,11,0.900,0,0,
a2-logarithms,lg-log-solve__numeric,exactNumberLab,500,30,0,27,6,27,0.900,0,0,
a2-polynomials,pf-cubes__mcq,mcq,500,30,0,27,4,8,0.900,0,0,
a2-radicals,re-rules__mcq,mcq,500,30,0,27,4,10,0.900,0,0,
a2-rationals,rf-like-denoms__numeric,exactNumberLab,500,30,0,27,5,27,0.900,0,0,
g10-solid-geometry,sg-cavalieri-apply__mcq,mcq,500,30,0,27,4,16,0.900,0,0,
g12-function-analysis,function-analysis__fna-decompose__mcq,mcq,100,30,0,27,3,16,0.900,0,0,
g12-polynomial-rational-analysis,polynomial-rational-analysis__pra-ineq-scratch__mcq,mcq,500,30,0,27,3,16,0.900,0,0,
g12-polynomial-rational-analysis,polynomial-rational-analysis__pra-rrt-test__mcq,mcq,500,30,0,27,3,22,0.900,0,0,
g12-trig-identities-equations,trig-identities-equations__ti-reciprocals__mcq,mcq,500,30,0,27,3,17,0.900,0,0,
g13-integration-accumulation,integration-accumulation__in-ftc-unified__dragOrder,dragOrder,500,30,0,27,1,15,0.900,0,0,
step-function,jumpDescribe,mcq,100,34,0,31,3,20,0.912,0,0,
partition-shapes,unequalNamedParts,mcq,100,34,0,31,4,5,0.912,0,0,
a1-systems,word-total-difference__numeric,exactNumberLab,500,34,0,31,15,31,0.912,0,0,
place-compare,decimalTie,placeValueTransformLab,500,72,0,67,2,67,0.931,0,0,
multiple-find,blinkLcm,numeric,100,30,0,20,14,20,0.667,0,0,
decimal-align-addsub,changeBack,numeric,100,30,0,20,10,20,0.667,0,0,
g2-add-subtract-100,ParitySumNumeric,numeric,500,30,0,22,13,22,0.733,0,0,
g10-constructions-proof,cp-vertical-angles__numeric,numeric,100,30,0,22,2,22,0.733,0,0,
build-fraction,trayRemainder,numeric,100,34,0,26,10,26,0.765,0,0,
g4-lines-angles,laGeometricBasicsMcq,mcq,100,30,0,23,4,4,0.767,0,0,
g10-coordinate-proofs,cx-shoelace__numeric,numeric,100,30,0,23,3,23,0.767,0,0,
g13-parametric-polar-calculus,parametric-polar-calculus__pc-parametric-derivative__numeric,numeric,100,30,0,23,2,23,0.767,0,0,
domain-restrict,rootScaled,numeric,100,34,0,27,11,27,0.794,0,0,
partial-products,shown,numeric,100,30,0,24,23,24,0.800,0,0,
variable-meaning,shirtsCost,numeric,100,30,0,24,19,24,0.800,0,0,
pct-of-number,rrWholeFromPercent,numeric,100,30,0,24,18,24,0.800,0,0,
pr-constant-k-g7,rrEquivalentScale,numeric,100,30,0,24,22,24,0.800,0,0,
g8-tm-cylinder-volume,tmCylinderB,numeric,100,30,0,24,24,24,0.800,0,0,
g1-counting-120,CountSequenceNumberLineHop,numberLineHop,500,30,0,24,24,24,0.800,0,0,
g1-counting-120,TensOnesNumeric,numeric,500,30,0,24,24,24,0.800,0,0,
a1-functions-sequences,fn-choose-formula__numeric,numeric,100,30,0,24,21,24,0.800,0,0,
g12-conic-sections,conic-sections__co-ellipse__mcq,mcq,100,30,0,24,3,16,0.800,0,0,
g12-vectors-matrices,vectors-matrices__vec-direction__numeric,exactNumberLab,100,30,0,24,3,24,0.800,0,0,
a1-exponential,exp-percent__numeric,exactNumberLab,500,42,0,34,31,34,0.810,0,0,
gf-segment-add,coordMid,numeric,100,50,0,41,17,41,0.820,0,0,
g8-rns-decimal-classify,rnsSimplifyPredict,mcq,500,56,0,46,4,6,0.821,0,0,
subtract-within-20,countBack,numeric,100,34,0,28,11,28,0.824,0,0,
unit-frac-divide,wholeCountNumeric,numeric,500,34,0,28,20,28,0.824,0,0,
share-division,eachShare,numeric,100,34,0,28,7,28,0.824,0,0,
nl-fraction,whereLands,mcq,100,34,0,28,4,5,0.824,0,0,
equiv-models,fairTrade,mcq,100,34,0,28,4,5,0.824,0,0,
g7-read-scale,scaleFence,numeric,100,34,0,28,22,28,0.824,0,0,
g0-shapes-sorting,shapeWeightMcq,mcq,500,34,0,28,4,3,0.824,0,0,
g0-shapes-sorting,shapeSortMcq,mcq,500,34,0,28,4,4,0.824,0,0,
frac-unlike-addsub,addBare,fractionEntry,100,30,0,25,23,25,0.833,0,0,
frac-multiply,denominatorOnly,numeric,100,30,0,25,15,25,0.833,0,0,
proportional-plot,cgPairLineReason,mcq,100,30,0,25,4,3,0.833,0,0,
g8-bv-judge-fit,bvJudgeTight,mcq,100,30,0,25,4,2,0.833,0,0,
g8-tm-cylinder-volume,tmCylinderA,numeric,100,30,0,25,25,25,0.833,0,0,
g0-counting,countZeroTap,tapDiagram,500,30,0,25,3,1,0.833,0,0,
g2-measure-money-time,MmtLinePlotNumeric,numeric,500,36,0,30,11,30,0.833,0,0,
g2-measure-money-time,MmtUnitFitMcq,mcq,500,36,0,30,4,4,0.833,0,0,
a1-exponential,exp-growth-decay__numeric,exactNumberLab,500,42,0,35,25,35,0.833,3,3,
a2-polynomials,pf-div-theorems__buildExpression,buildExpression,500,30,0,25,1,25,0.833,0,0,
a2-polynomials,pf-zeros__numeric,numeric,500,30,0,25,1,25,0.833,0,0,
a2-radicals,re-plusminus__mcq,mcq,500,30,0,25,4,8,0.833,0,0,
a2-series,sr-geo-derive__numeric,numeric,100,30,0,25,25,25,0.833,0,0,
a2-trig,tf-wave-read__numeric,numeric,100,30,0,25,12,25,0.833,0,0,
g10-circle-theorems,cr-tangent-chord__numeric,numeric,100,30,0,25,3,25,0.833,0,0,
g10-circle-theorems,cr-tangent-perp__numeric,numeric,100,30,0,25,3,25,0.833,0,0,
g10-right-triangles,rt-elev-depress__numeric,numeric,500,30,0,25,3,25,0.833,0,0,
g10-triangle-congruence,tc-isosceles__numeric,numeric,100,30,0,25,2,25,0.833,0,0,
g12-conic-sections,conic-sections__co-ecc-unify__mcq,mcq,100,30,0,25,3,16,0.833,0,0,
g12-polynomial-rational-analysis,polynomial-rational-analysis__pra-build-mixed__numeric,exactNumberLab,500,30,0,25,3,25,0.833,0,0,
g12-trig-identities-equations,trig-identities-equations__ti-convert-solve__mcq,mcq,500,30,0,25,3,18,0.833,0,0,
g12-vectors-matrices,vectors-matrices__vec-angle__numeric,numeric,100,30,0,25,4,25,0.833,0,0,
g12-vectors-matrices,vectors-matrices__vec-dot__mcq,mcq,100,30,0,25,3,14,0.833,0,0,
limit-laws,polySub,numeric,100,34,0,29,17,29,0.853,0,0,
unit-frac-divide,mixedScoops,numeric,500,34,0,29,22,29,0.853,0,0,
g7-read-scale,scaleMeaning,mcq,100,34,0,29,4,8,0.853,0,0,
g7-circle-area,circleUseCase,mcq,100,34,0,29,4,4,0.853,0,0,
g2-measure-money-time,MmtBestUnitMcq,mcq,500,36,0,31,4,4,0.861,0,0,
g6-center-spread,ddMedianEven,numeric,500,30,0,26,16,26,0.867,0,0,
independence-test,plainProduct,numeric,100,30,0,26,19,26,0.867,0,0,
unknown-letter,solveAdd,numeric,100,30,0,26,11,26,0.867,0,0,
line-plot,ddShapeFullStory,mcq,100,30,0,26,3,13,0.867,0,0,
pr-unit-rate-g7,milesFraction,mcq,100,30,0,26,3,11,0.867,0,0,
pr-constant-k-g7,constantWhole,proportionalReasoningLab,100,30,0,26,11,26,0.867,0,0,
pr-constant-k-g7,constantUse,proportionalReasoningLab,100,30,0,26,22,26,0.867,0,0,
pr-constant-k-g7,rrDoubleLineLarge,numeric,100,30,0,26,18,26,0.867,0,0,
g7-signed-multiply-divide,mixedMulSame,numeric,100,30,0,26,24,26,0.867,0,0,
g7-signed-multiply-divide,mixedDivSame,numeric,100,30,0,26,13,26,0.867,0,0,
g7-tse-inequality-build,tseIneqRealNegA,buildExpression,500,30,0,26,1,26,0.867,0,0,
g7-tse-inequality-build,atMostBoundary,mcq,500,30,0,26,3,13,0.867,0,0,
g7-sp-overlap-interpret,spOverlapHeavy,distributionCompareLab,100,30,0,26,3,14,0.867,0,0,
g7-sp-counting-principle,spCountOutfitsA,numeric,100,30,0,26,16,26,0.867,0,0,
g8-tm-cone-volume,tmConeA,numeric,100,30,0,26,18,26,0.867,0,0,
g8-fn-same-function-forms,fgFormsGraphBuild,buildExpression,100,30,0,26,1,26,0.867,0,30,
g2-shapes-shares,Ssg2NameAnyMcq,mcq,100,30,0,26,4,6,0.867,0,0,
g4-measure,mcBenchmarkAnglesMcq,mcq,100,30,0,26,4,6,0.867,0,0,
g4-multiply,mbTimesAsManyNumeric,numeric,500,30,0,26,22,26,0.867,0,0,
g4-multiply,mbPrimeCompositeMcq,mcq,500,30,0,26,4,8,0.867,0,0,
a1-polynomials,factor-gcf__numeric,numeric,100,30,0,26,3,26,0.867,0,0,
a1-linear-functions,slope-intercept-graph__numeric,exactNumberLab,500,30,0,26,12,26,0.867,0,0,
a1-solving-equations,lcd-clear__numeric,numeric,100,30,0,26,16,26,0.867,0,0,
g10-right-triangles,rt-choose-tool__numeric,numeric,500,30,0,26,3,26,0.867,0,0,
g10-solid-geometry,sg-composite-subtract__numeric,exactNumberLab,500,30,0,26,4,26,0.867,23,23,
g12-function-analysis,function-analysis__fna-compose-order__mcq,mcq,100,30,0,26,3,14,0.867,0,0,
g12-trig-graphs-inverses,trig-graphs-inverses__tg-cos-graph__mcq,mcq,500,30,0,26,3,16,0.867,0,0,
g1-tens-ones,TnoTensOnesNumeric,numeric,500,63,0,55,10,55,0.873,0,0,
cn-square,factorBack,mcq,100,50,0,44,4,7,0.880,0,0,
a1-exponential,exp-match-base__mcq,mcq,500,42,0,37,4,18,0.881,0,0,
cn-disc-repeat,forceCMcq,mcq,100,34,0,30,4,5,0.882,0,0,
combination-count,orderBucket,dragBucket,100,34,0,30,1,1,0.882,0,0,
unknown-position,missingCount,numeric,100,34,0,30,8,30,0.882,0,0,
g7-scale-to-actual,drawCombined,numeric,100,34,0,30,11,30,0.882,0,0,
g7-tse-balance-solve,tseBalanceA,solveBalance,100,34,0,30,9,30,0.882,0,8,
g4-decimals,dMoneyNumeric,numeric,500,34,0,30,30,30,0.882,0,0,
base-ten-build,tradeUp,baseTenCompose,100,100,0,89,35,89,0.890,0,0,
g6-center-spread,ddCompareRange,numeric,500,30,0,27,11,27,0.900,0,0,
prob-fraction,trialRelFreq,trialProbabilityLab,100,30,0,27,1,27,0.900,0,0,
negative-intro,colderNegatives,rationalCompare,100,30,0,27,1,27,0.900,0,0,
negative-intro,debtAbsolute,absValueLine,100,30,0,27,1,27,0.900,0,0,
grouping-first,doubleAddEval,evalOrder,500,50,0,45,36,45,0.900,0,0,
grouping-first,wordSubtractMultiply,numeric,500,50,0,45,39,45,0.900,0,0,
conditional-prob,whyShrink,mcq,100,30,0,27,4,5,0.900,0,0,
tree-chain,whyMinusOne,mcq,100,30,0,27,4,7,0.900,0,0,
box-volume,layers,numeric,100,30,0,27,25,27,0.900,0,0,
unknown-letter,solveSubtract,numeric,100,30,0,27,16,27,0.900,0,0,
unknown-letter,feeSolve,numeric,100,30,0,27,12,27,0.900,0,0,
pr-unit-rate-g7,rrCostFromRate,numeric,100,30,0,27,26,27,0.900,0,0,
pr-add-percent-g7,percentTax,numeric,100,50,0,45,37,45,0.900,0,0,
g7-signed-addition,mixedPos,numeric,100,30,0,27,13,27,0.900,0,0,
g7-signed-addition,mixedNeg,numeric,100,30,0,27,10,27,0.900,0,0,
g7-tse-inequality-build,tseIneqNegA,buildExpression,500,30,0,27,1,27,0.900,0,0,
g7-tse-inequality-build,noLargest,exactNumberLab,500,30,0,27,4,10,0.900,0,0,
g7-sp-counting-principle,spCountOutfitsChallenge,numeric,100,30,0,27,15,27,0.900,0,0,
g8-rns-root-estimate,rnsBoundsA,numeric,100,30,0,27,12,27,0.900,0,0,
g8-tm-congruence,tmCongruenceSSS,mcq,100,30,0,27,4,1,0.900,0,0,
g8-tm-sphere-volume,tmSphereUnit,mcq,100,30,0,27,4,7,0.900,0,0,
g8-les-substitution-method,lesSubstituteAffine,numeric,100,30,0,27,13,27,0.900,0,0,
g8-fn-vertical-line,fgVltSort,dragBucket,100,30,0,27,1,1,0.900,0,0,
k0-add-subtract,KoaJoinNumeric,numeric,500,30,0,27,8,27,0.900,0,0,
g1-add-subtract,EqualSignNumeric,numeric,500,30,0,27,9,27,0.900,0,0,
g1-add-subtract,MakeTenFirstMcq,mcq,500,30,0,27,4,14,0.900,0,0,
g2-add-subtract-100,AddTensMcq,mcq,500,30,0,27,4,21,0.900,0,0,
g4-lines-angles,laQuadrilateralClassificationMcq,mcq,100,30,0,27,4,4,0.900,0,0,
g4-measure,mcLinePlotBuildNumeric,numeric,100,30,0,27,5,27,0.900,0,0,
a1-linear-functions,standard-form__numeric,exactNumberLab,500,30,0,27,17,27,0.900,0,0,
a1-solving-equations,fraction-eq__numeric,numeric,100,30,0,27,20,27,0.900,0,0,
a1-solving-equations,literal-frac__numeric,numeric,100,30,0,27,8,27,0.900,0,0,
a2-radicals,re-sqrt-fn__numeric,exactNumberLab,500,30,0,27,11,27,0.900,0,0,
a2-series,sr-convert__numeric,numeric,100,30,0,27,21,27,0.900,0,0,
a2-series,sr-geo-apply__numeric,numeric,100,30,0,27,27,27,0.900,0,0,
a2-series,sr-inf-converge__mcq,mcq,100,30,0,27,4,5,0.900,0,0,
g10-circle-theorems,cr-chord-perp__mcq,mcq,100,30,0,27,4,16,0.900,0,0,
g10-circle-theorems,cr-two-tangent__numeric,numeric,100,30,0,27,3,27,0.900,0,0,
g10-geometry-foundations,gf-composition__numeric,numeric,100,30,0,27,2,27,0.900,0,0,
g10-right-triangles,rt-law-cosines__numeric,numeric,500,30,0,27,3,27,0.900,0,0,
g10-right-triangles,rt-trig-apps__numeric,numeric,500,30,0,27,3,27,0.900,0,0,
g12-limits-continuity,limits-continuity__lc-continuity__mcq,mcq,500,30,0,27,3,22,0.900,0,0,
g12-limits-continuity,limits-continuity__lc-limit-idea__mcq,mcq,500,30,0,27,3,14,0.900,0,0,
g12-polar-parametric,polar-parametric__pp-polar-form__mcq,mcq,500,30,0,27,3,15,0.900,0,0,
g12-trig-identities-equations,trig-identities-equations__ti-convert-solve__numeric,numeric,500,30,0,27,3,27,0.900,0,0,
g12-vectors-matrices,vectors-matrices__vec-components__mcq,mcq,100,30,0,27,3,14,0.900,0,0,
g12-vectors-matrices,vectors-matrices__vec-matrix-arith__mcq,mcq,100,30,0,27,3,21,0.900,0,0,
g12-vectors-matrices,vectors-matrices__vec-scalar__mcq,mcq,100,30,0,27,3,17,0.900,0,0,
g12-vectors-matrices,vectors-matrices__vec-solve-systems__mcq,mcq,100,30,0,27,3,14,0.900,0,0,
g13-parametric-polar-calculus,parametric-polar-calculus__pc-polar-area__mcq,mcq,100,30,0,27,4,15,0.900,0,0,
g13-series-convergence,series-convergence__sc-alternating__numeric,numeric,100,30,0,27,3,27,0.900,0,0,
g1-tens-ones,TnoDigitValueNumeric,numeric,500,63,0,57,19,57,0.905,0,0,
poly-read,degreeOf,numeric,100,34,0,31,4,31,0.912,0,0,
conic-classify,parabolaCase,mcq,100,34,0,31,3,17,0.912,0,0,
arc-measure,classify,mcq,100,34,0,31,4,23,0.912,0,0,
count-prob,ratioMismatch,mcq,100,34,0,31,4,11,0.912,0,0,
round-hundred,whichRounds,mcq,100,34,0,31,4,7,0.912,0,0,
nl-partition,whyEqualJumps,mcq,100,34,0,31,4,10,0.912,0,0,
pictograph,halfStory,numeric,100,34,0,31,16,31,0.912,0,0,
g7-sp-sampling-bias,spBiasSchool,mcq,100,34,0,31,3,2,0.912,0,0,
g0-shapes-sorting,shapeComposeMcq,mcq,500,34,0,31,4,7,0.912,0,0,
k0-count-100,kDecadeNextMcq,mcq,500,34,0,31,4,5,0.912,0,0,
g1-shapes-measure,Smg12D3DMcq,mcq,500,34,0,31,4,8,0.912,0,0,
a1-radicals,rad-like-terms__numeric,exactNumberLab,500,36,0,33,8,33,0.917,0,0,
compare-numerals,greatestOfThree,tapDiagram,100,50,0,46,3,46,0.920,0,0,
g3-div-fluency,DivChooseMcq,mcq,500,42,0,39,3,36,0.929,0,0,
area-compose,pondCut,numeric,500,100,0,93,48,93,0.930,0,0,
multiple-find,chartColumn,mcq,100,30,0,28,4,5,0.933,0,0,
frac-unlike-addsub,subNumerator,numeric,100,30,0,28,17,28,0.933,0,0,
partial-products,carryContinue,numeric,100,30,0,28,28,28,0.933,0,0,
partial-products,carryScaffold,numeric,100,30,0,28,28,28,0.933,0,0,
partial-products,carryBare,numeric,100,30,0,28,28,28,0.933,0,0,
lcm-pair,relativelyPrime,mcq,100,30,0,28,4,1,0.933,0,0,
subtract-within-100,minusTens,numeric,100,30,0,28,23,28,0.933,0,0,
independence-test,predictVsActual,numeric,100,30,0,28,18,28,0.933,0,0,
box-volume,missingHeight,numeric,100,30,0,28,10,28,0.933,0,0,
reasonableness,exactAfterSale,numeric,100,30,0,28,21,28,0.933,0,0,
distributive,factorMissing,numeric,100,30,0,28,8,28,0.933,0,0,
distributive,factorGcf,numeric,100,30,0,28,10,28,0.933,0,0,
distributive,factorEvaluate,numeric,100,30,0,28,24,28,0.933,0,0,
g7-signed-multiply-divide,mulSame,numeric,100,30,0,28,20,28,0.933,0,0,
g7-tse-expression-build,tseMixedPlus,buildExpression,100,30,0,28,1,28,0.933,0,0,
g7-sp-sample-estimate,spEstimateTown,numeric,100,30,0,28,19,28,0.933,0,0,
g8-esn-root-context,esnRootEquation,mcq,100,30,0,28,4,9,0.933,0,0,
g1-add-subtract,CountingOnMcq,mcq,500,30,0,28,4,14,0.933,0,0,
g2-add-subtract-100,DoublesMcq,mcq,500,30,0,28,4,1,0.933,0,0,
g2-add-subtract-100,SubTensMcq,mcq,500,30,0,28,4,18,0.933,0,0,
g3-mult-fluency,MultFactFamilyNumeric,numeric,500,30,0,28,17,28,0.933,0,0,
g4-multiply,mbAdditiveVsMultiplicativeMcq,mcq,500,30,0,28,4,1,0.933,0,0,
g4-multiply,mbMultiplyTensNumeric,numeric,500,30,0,28,19,28,0.933,0,0,
a2-transformations,ft-arith__numeric,numeric,100,30,0,28,15,28,0.933,0,0,
a2-rationals,rf-work__mcq,mcq,500,30,0,28,4,6,0.933,0,0,
g10-circle-theorems,cr-power-point__numeric,exactNumberLab,100,30,0,28,4,28,0.933,0,0,
g10-coordinate-proofs,cx-general-proof__mcq,mcq,100,30,0,28,4,19,0.933,0,0,
g10-polygons-quadrilaterals,pq-capstone__numeric,numeric,100,30,0,28,3,28,0.933,0,0,
g10-right-triangles,rt-choose-tool__mcq,mcq,500,30,0,28,4,17,0.933,0,0,
g10-triangle-congruence,tc-centroid__mcq,mcq,100,30,0,28,4,16,0.933,0,0,
g12-function-analysis,function-analysis__fna-inverse-verify__mcq,mcq,100,30,0,28,3,21,0.933,0,0,
g12-limits-continuity,limits-continuity__lc-avg-rate__mcq,mcq,500,30,0,28,3,14,0.933,0,0,
g12-polar-parametric,polar-parametric__pp-polar-system__mcq,mcq,500,30,0,28,3,21,0.933,0,0,
g12-polynomial-rational-analysis,polynomial-rational-analysis__pra-rrt-pipeline__mcq,mcq,500,30,0,28,3,22,0.933,0,0,
g12-polynomial-rational-analysis,polynomial-rational-analysis__pra-rrt-test__buildExpression,buildExpression,500,30,0,28,1,12,0.933,0,0,
g12-polynomial-rational-analysis,polynomial-rational-analysis__pra-slant-find__mcq,mcq,500,30,0,28,3,18,0.933,0,0,
g13-curve-analysis,curve-analysis__ca-read-f-prime__matchPairs,matchPairs,100,30,0,28,1,16,0.933,0,0,
g13-derivative-rules,derivative-rules__dr-flat-not-turning__mcq,mcq,100,30,0,28,4,17,0.933,0,0,
g13-derivative-rules,derivative-rules__dr-implicit-practice__mcq,mcq,100,30,0,28,4,17,0.933,0,0,
g13-differential-equations,differential-equations__de-exponential__mcq,mcq,100,30,0,28,4,18,0.933,0,0,
g13-integration-accumulation,integration-accumulation__in-net-change__mcq,mcq,500,30,0,28,4,23,0.933,0,0,
g13-integration-accumulation,integration-accumulation__in-usub-limits__mcq,mcq,500,30,0,28,4,14,0.933,0,0,
g13-integration-applications,integration-applications__ia-cross-sections__mcq,mcq,100,30,0,28,4,15,0.933,0,0,
g13-series-convergence,series-convergence__sc-ratio-test__mcq,mcq,100,30,0,28,4,15,0.933,0,0,
g10-conditional-probability,conditional-probability__cpr-joint-prob__matchPairs,matchPairs,100,30,0,28,1,16,0.933,0,0,
g8-esn-place-value,esnPlaceMcq,placeValueTransformLab,500,125,0,117,4,39,0.936,0,20,
horizontal-shift,whichRule,mcq,100,50,0,47,4,16,0.940,0,0,
association-type,sortPairs,dragBucket,100,50,0,47,1,1,0.940,0,0,
rect-measure,missingSide,numeric,100,34,0,32,19,32,0.941,0,0,
unit-frac-divide,divisionMagnitude,mcq,500,34,0,32,3,28,0.941,0,0,
opt-box,uselessRoot,mcq,100,34,0,32,4,8,0.941,0,0,
const-sum-rule,whyConstant,mcq,100,34,0,32,4,25,0.941,0,0,
skip-count,howManyNumbers,mcq,100,34,0,32,4,23,0.941,0,0,
subtract-like-denom,simplifyDenom,numeric,100,34,0,32,5,32,0.941,0,0,
nl-fraction,afterNthJump,mcq,100,34,0,32,4,13,0.941,0,0,
whole-as-fraction,whyOne,mcq,100,34,0,32,4,8,0.941,0,0,
expanded-form,snapExpanded,numeric,100,34,0,32,32,32,0.941,0,0,
expanded-form,swapTensOnes,numeric,100,34,0,32,32,32,0.941,0,0,
g7-cross-sections,prismParallel,mcq,100,34,0,32,4,3,0.941,0,0,
k0-count-100,kCountFromHop,numberLineHop,500,34,0,32,27,32,0.941,0,0,
g4-decimals,dTenthsFractionMcq,mcq,500,34,0,32,4,9,0.941,0,0,
g7-scaled-area,areaError,geometricConstraintLab,500,167,0,160,4,62,0.958,0,0,
deriv-quotient,abstractQuot,numeric,100,50,0,48,27,48,0.960,0,0,
piecewise-eval,whyDisjoint,mcq,100,50,0,48,4,27,0.960,0,0,
g8-fn-compare-rates,fgCompareTables,affineRelationshipLab,500,125,0,122,4,52,0.976,0,0,
g12-limits-continuity,limits-continuity__lc-continuity__numeric,exactNumberLab,500,30,0,23,2,23,0.767,0,0,
coordinate-plot,cgYCoordinate,numeric,500,39,0,31,8,31,0.795,0,0,
a2-radicals,re-domains__numeric,exactNumberLab,500,30,0,24,10,24,0.800,0,6,
a2-trig,tf-inverse__numeric,numeric,100,30,0,24,19,24,0.800,25,25,
g10-geometry-foundations,gf-congruence-def__numeric,numeric,100,30,0,24,2,24,0.800,0,0,
g13-derivatives-in-context,derivatives-in-context__dc-distance__numeric,numeric,100,30,0,24,4,24,0.800,0,0,
multiple-test,default,mcq,100,100,0,83,4,14,0.830,0,0,
estimation,whenEstimate,mcq,100,30,0,25,4,3,0.833,0,0,
g8-tm-cone-volume,tmConeContext,numeric,100,30,0,25,22,25,0.833,0,0,
g8-tm-sphere-volume,tmSphereCoeff,numeric,100,30,0,25,7,25,0.833,0,0,
a1-linear-functions,intercepts__buildExpression,buildExpression,500,30,0,25,1,25,0.833,0,0,
g10-solid-geometry,sg-third-story__numeric,exactNumberLab,500,30,0,25,3,25,0.833,0,0,
multiplication-rule,chainNumeric,numeric,100,50,0,42,24,42,0.840,0,0,
mult-tens,ticketChange,numeric,100,34,0,29,6,29,0.853,0,0,
avg-rate-change,linear,numeric,100,50,0,43,11,43,0.860,0,0,
piecewise-eval,solveBranch,numeric,100,50,0,43,7,43,0.860,0,0,
pr-price-adjust-g7,priceMarkdown,percentChangeLab,100,50,0,43,1,43,0.860,0,0,
g7-triangle-inequality,upperBoundary,numeric,100,30,0,26,18,26,0.867,0,0,
pr-constant-k-g7,rrZeroAnchor,mcq,100,30,0,26,3,19,0.867,0,0,
g7-signed-addition,mixedChallenge,numeric,100,30,0,26,11,26,0.867,0,0,
g0-counting,countCompareEqualMcq,mcq,500,30,0,26,4,12,0.867,0,0,
g2-shapes-shares,Ssg2ThirdsCountMcq,mcq,100,30,0,26,4,2,0.867,0,0,
a2-transformations,ft-full-rule__numeric,numeric,100,30,0,26,7,26,0.867,0,0,
a2-rationals,rf-multiply__mcq,mcq,500,30,0,26,4,5,0.867,0,0,
g12-conic-sections,conic-sections__co-reflector__mcq,mcq,100,30,0,26,3,16,0.867,0,0,
g12-polar-parametric,polar-parametric__pp-roses__mcq,mcq,500,30,0,26,3,15,0.867,0,0,
g12-polynomial-rational-analysis,polynomial-rational-analysis__pra-mult-shortcut__mcq,mcq,500,30,0,26,3,17,0.867,0,0,
g12-trig-identities-equations,trig-identities-equations__ti-sum-diff__numeric,numeric,500,30,0,26,3,26,0.867,0,0,
g12-vectors-matrices,vectors-matrices__vec-direction__mcq,mcq,100,30,0,26,3,14,0.867,0,0,
match-parity,default,matchPairs,100,100,0,87,1,1,0.870,0,0,
estimate-round,tensAns,numeric,100,50,0,44,4,44,0.880,0,0,
area-formula-pick,parallelogramMcq,mcq,500,100,0,88,3,61,0.880,0,0,
read-clock,hourBetween,mcq,100,50,0,44,4,9,0.880,0,0,
elapsed-time,endAfter,clockSet,100,34,0,30,25,30,0.882,0,0,
mult-meaning,sheetsMinus,numeric,100,34,0,30,21,30,0.882,0,0,
g7-sp-sampling-bias,spBiasCustomer,mcq,100,34,0,30,3,2,0.882,0,0,
g8-tm-transversal,tmTransversalAlternate,numeric,100,34,0,30,30,30,0.882,0,0,
g0-shapes-sorting,shapeLengthCompare,lengthCompare,500,34,0,30,3,3,0.882,0,0,
g0-shapes-sorting,shapePositionMcq,mcq,500,34,0,30,4,4,0.882,0,0,
coordinate-plot,cgAxisDistance,pointSetReasoningLab,500,39,0,35,6,35,0.897,0,0,
g6-data-literacy,ddHistEqualBins,mcq,100,30,0,27,3,19,0.900,0,0,
cn-multiply,realPart,numeric,100,50,0,45,21,45,0.900,0,0,
negative-intro,compareNegatives,rationalCompare,100,30,0,27,1,27,0.900,0,0,
negative-intro,absoluteDifference,numeric,100,30,0,27,17,27,0.900,0,0,
variable-meaning,twicePlusPhrase,mcq,100,30,0,27,4,8,0.900,0,0,
conditional-prob,formula,numeric,100,30,0,27,16,27,0.900,0,0,
box-volume,doubleDimension,numeric,100,30,0,27,21,27,0.900,0,0,
box-volume,fitBoxes,numeric,100,30,0,27,19,27,0.900,0,0,
line-plot,quarterNumerator,numeric,100,30,0,27,16,27,0.900,0,0,
pr-unit-rate-g7,milesMixed,mcq,100,30,0,27,3,11,0.900,0,0,
g7-signed-multiply-divide,divSameLarge,numeric,100,30,0,27,12,27,0.900,0,0,
g7-tse-inequality-build,tseIneqNegD,buildExpression,500,30,0,27,1,27,0.900,0,0,
g7-sp-compound-model,spCompoundGame,compoundEventLab,100,50,0,45,3,28,0.900,0,0,
g8-esn-context-compute,esnContextSubtract,buildExpression,100,30,0,27,1,27,0.900,0,0,
g8-tm-dilation-similarity,tmDilationCongruent,mcq,100,30,0,27,4,4,0.900,0,0,
k0-add-subtract,KoaAddToStoryNumeric,numeric,500,30,0,27,8,27,0.900,0,0,
k0-add-subtract,KoaTakeFromStoryNumeric,numeric,500,30,0,27,7,27,0.900,0,0,
g1-add-subtract,ResultUnknownNumeric,numeric,500,30,0,27,14,27,0.900,0,0,
g2-add-subtract-100,RegroupAddNumeric,numeric,500,30,0,27,14,27,0.900,0,0,
g2-shapes-shares,Ssg2NameAnyTapDiagram,tapDiagram,100,30,0,27,3,4,0.900,0,0,
g4-lines-angles,laTriangleClassificationMcq,mcq,100,30,0,27,4,5,0.900,0,0,
g4-multiply,mbComparisonEquationsNumeric,numeric,500,30,0,27,20,27,0.900,0,0,
a1-polynomials,poly-mul-binomial__numeric,numeric,100,30,0,27,13,27,0.900,0,0,
a2-logarithms,lg-define__mcq,mcq,500,30,0,27,4,10,0.900,0,0,
a2-logarithms,lg-scales__mcq,mcq,500,30,0,27,4,8,0.900,0,0,
a2-polynomials,pf-factor-thm__mcq,mcq,500,30,0,27,4,8,0.900,0,0,
a2-trig,tf-transform-period__mcq,mcq,100,30,0,27,4,8,0.900,0,0,
g10-coordinate-proofs,cx-dist-apps__numeric,numeric,100,30,0,27,3,27,0.900,0,0,
g10-coordinate-proofs,cx-general-proof__numeric,numeric,100,30,0,27,3,27,0.900,0,0,
g10-geometry-foundations,gf-algebra-measures__numeric,numeric,100,30,0,27,4,27,0.900,0,0,
g10-solid-geometry,sg-sphere-justified__numeric,exactNumberLab,500,30,0,27,4,27,0.900,0,0,
g12-conic-sections,conic-sections__co-shifted-parabola__mcq,mcq,100,30,0,27,3,23,0.900,0,0,
g12-function-analysis,function-analysis__fna-compose-domain__mcq,mcq,100,30,0,27,3,19,0.900,0,0,
g12-function-analysis,function-analysis__fna-one-to-one__mcq,mcq,100,30,0,27,3,24,0.900,0,0,
g12-limits-continuity,limits-continuity__lc-discontinuity__mcq,mcq,500,30,0,27,3,21,0.900,0,0,
g12-polar-parametric,polar-parametric__pp-projectile__mcq,mcq,500,30,0,27,3,19,0.900,0,0,
g12-polynomial-rational-analysis,polynomial-rational-analysis__pra-conjugate__mcq,mcq,500,30,0,27,3,22,0.900,0,0,
g12-trig-graphs-inverses,trig-graphs-inverses__tg-phase__mcq,mcq,500,30,0,27,3,21,0.900,0,0,
g12-vectors-matrices,vectors-matrices__vec-determinant__mcq,mcq,100,30,0,27,3,16,0.900,0,0,
g13-differential-equations,differential-equations__de-equilibrium__numeric,numeric,100,30,0,27,2,27,0.900,0,0,
area-compose,rugLeft,numeric,500,100,0,91,55,91,0.910,0,0,
cn-conjugate,divideMcq,mcq,100,34,0,31,4,11,0.912,0,0,
poly-mul-mono,mulConst,numeric,100,34,0,31,15,31,0.912,0,0,
unit-frac-divide,mixedDivide,numeric,500,34,0,31,22,31,0.912,0,0,
circle-complete,semiMajor,numeric,100,34,0,31,5,31,0.912,0,0,
full-sketch,fallingSteepening,mcq,100,34,0,31,4,8,0.912,0,0,
partition-shapes,differentEqualCuts,mcq,100,34,0,31,4,5,0.912,0,0,
zero-pattern,beyondOrder,numeric,100,34,0,31,10,31,0.912,0,0,
g7-circle-parts,matchCircleParts,matchPairs,100,34,0,31,1,1,0.912,0,0,
k0-count-100,kTensNextMcq,mcq,500,34,0,31,4,9,0.912,0,0,
complex-i-square,default,numeric,100,100,0,92,65,92,0.920,0,0,
two-step-arith,timesThenLess,numeric,100,50,0,46,30,46,0.920,0,0,
g3-div-fluency,DivZeroMcq,mcq,500,42,0,39,4,12,0.929,42,42,
g6-data-literacy,ddSurveyPlan,mcq,100,30,0,28,3,23,0.933,0,0,
g6-center-spread,ddRangeEndpointsOnly,pointSetReasoningLab,500,30,0,28,3,19,0.933,0,0,
g6-center-spread,ddCenterGap,numeric,500,30,0,28,10,28,0.933,0,0,
g6-center-spread,ddCapGap,numeric,500,30,0,28,9,28,0.933,0,0,
frac-multiply,areaGrid,fractionGrid,100,30,0,28,28,28,0.933,0,0,
pq-trapezoid,otherBase,numeric,100,30,0,28,21,28,0.933,0,0,
equiv-test,likeSubtract,mcq,100,30,0,28,4,17,0.933,0,0,
decimal-representation,tenthsFraction,mcq,100,30,0,28,4,8,0.933,0,0,
decimal-representation,missingExpandedDigit,numeric,100,30,0,28,9,28,0.933,0,0,
independence-test,factory,numeric,100,30,0,28,21,28,0.933,0,0,
identity-zero,riddleOne,numeric,100,30,0,28,23,28,0.933,0,0,
unknown-letter,tipSolve,numeric,100,30,0,28,13,28,0.933,0,0,
shape-hierarchy,missingHierarchyLabel,mcq,100,30,0,28,4,11,0.933,0,0,
distributive,variableEval,numeric,100,30,0,28,22,28,0.933,0,0,
pr-unit-rate-g7,rrDistanceFromRate,proportionalReasoningLab,100,30,0,28,19,28,0.933,0,0,
pr-unit-rate-g7,rrBetterBuyTwo,proportionalReasoningLab,100,30,0,28,3,23,0.933,0,0,
pr-constant-k-g7,rrSameRelationship,mcq,100,30,0,28,3,16,0.933,0,0,
g7-signed-addition,samePos,numeric,100,30,0,28,24,28,0.933,0,0,
g7-signed-addition,mixedSameNeg,numeric,100,30,0,28,21,28,0.933,0,1,
g7-signed-multiply-divide,divDiff,numeric,100,30,0,28,12,28,0.933,0,0,
g7-tse-inequality-build,tseIneqNegC,buildExpression,500,30,0,28,1,28,0.933,0,0,
g7-sp-overlap-interpret,spOverlapModerate,distributionCompareLab,100,30,0,28,3,16,0.933,0,0,
g7-sp-counting-principle,spCountOutfitsB,numeric,100,30,0,28,16,28,0.933,0,0,
g8-rns-root-estimate,rnsBoundsB,numeric,100,30,0,28,13,28,0.933,0,0,
g8-bv-scatter-basics,bvScatterPurpose,mcq,100,30,0,28,4,6,0.933,0,0,
g8-bv-scatter-basics,bvScatterPlot,plotPoint,100,30,0,28,20,27,0.933,0,0,
g8-tm-sphere-volume,tmSphereApprox,numeric,100,30,0,28,17,28,0.933,0,0,
g8-les-distribute-solve,lesDistributeCombine,numeric,100,30,0,28,9,28,0.933,0,0,
g8-fn-constant-slope,fgSlopeFractionMcq,mcq,100,30,0,28,4,12,0.933,0,0,
g0-counting,countTensMcq,mcq,500,30,0,28,4,13,0.933,0,0,
g0-counting,countObjectsMcq,mcq,500,30,0,28,4,9,0.933,0,0,
g1-counting-120,ChartRowsMcq,mcq,500,30,0,28,4,12,0.933,0,0,
g1-counting-120,CountSequenceNumeric,numeric,500,30,0,28,28,28,0.933,0,0,
g2-place-value-1000,Pv1000SkipFivesNumeric,numeric,500,30,0,28,28,28,0.933,0,0,
g2-shapes-shares,Ssg2ShapeVocabMcq,mcq,100,30,0,28,4,6,0.933,0,0,
g3-mult-fluency,MultWholeTableNumeric,numeric,500,30,0,28,19,28,0.933,0,0,
g4-fractions,faSimplifyNumeric,numeric,500,30,0,28,8,28,0.933,0,0,
g4-fractions,faImproperToMixedNumeric,numeric,500,30,0,28,7,28,0.933,0,0,
g4-fractions,faMixedToImproperNumeric,numeric,500,30,0,28,22,28,0.933,0,0,
g4-fractions,faWholeTimesFractionNumeric,numeric,500,30,0,28,19,28,0.933,0,0,
g4-fractions,faWholeTimesFractionWordNumeric,numeric,500,30,0,28,16,28,0.933,0,0,
a1-polynomials,exponent-zero-negative__mcq,mcq,100,30,0,28,4,15,0.933,0,0,
a1-polynomials,factor-trinomial__numeric,numeric,100,30,0,28,9,25,0.933,0,0,
a1-functions-sequences,fn-arith-rule__numeric,numeric,100,30,0,28,26,28,0.933,0,0,
a2-logarithms,lg-e-solve__mcq,mcq,500,30,0,28,4,11,0.933,0,0,
a2-logarithms,lg-evaluate__mcq,mcq,500,30,0,28,4,16,0.933,0,0,
a2-polynomials,pf-leading-term__numeric,numeric,500,30,0,28,28,28,0.933,0,6,
a2-polynomials,pf-synthetic__numeric,exactNumberLab,500,30,0,28,9,22,0.933,0,0,
a2-radicals,re-transform__numeric,exactNumberLab,500,30,0,28,10,28,0.933,0,0,
a2-rationals,rf-mixed__mcq,mcq,500,30,0,28,4,8,0.933,0,0,
g10-circle-theorems,cr-secant-angles__numeric,exactNumberLab,100,30,0,28,3,28,0.933,0,0,
g10-constructions-proof,cp-conjecture-proof__mcq,mcq,100,30,0,28,4,25,0.933,0,0,
g10-polygons-quadrilaterals,pq-para-diagonals__mcq,mcq,100,30,0,28,4,17,0.933,0,0,
g10-right-triangles,rt-height-apps__mcq,mcq,500,30,0,28,4,18,0.933,0,0,
g10-right-triangles,rt-ratio-identities__numeric,numeric,500,30,0,28,4,28,0.933,0,0,
g12-function-analysis,function-analysis__fna-inc-dec__mcq,mcq,100,30,0,28,3,15,0.933,0,0,
g12-limits-continuity,limits-continuity__lc-ivt__mcq,mcq,500,30,0,28,3,21,0.933,0,0,
g12-polar-parametric,polar-parametric__pp-parabolic-path__mcq,mcq,500,30,0,28,3,16,0.933,0,0,
g12-polynomial-rational-analysis,polynomial-rational-analysis__pra-portrait__mcq,mcq,500,30,0,28,3,22,0.933,0,0,
g12-trig-graphs-inverses,trig-graphs-inverses__tg-cos-sin__mcq,mcq,500,30,0,28,3,22,0.933,0,0,
g12-trig-graphs-inverses,trig-graphs-inverses__tg-four-dials__mcq,mcq,500,30,0,28,3,15,0.933,0,0,
g12-trig-graphs-inverses,trig-graphs-inverses__tg-tan-values__mcq,mcq,500,30,0,28,3,25,0.933,0,47,
g12-vectors-matrices,vectors-matrices__vec-applications__mcq,mcq,100,30,0,28,3,22,0.933,0,0,
g12-vectors-matrices,vectors-matrices__vec-displacement__mcq,mcq,100,30,0,28,3,16,0.933,0,0,
g12-vectors-matrices,vectors-matrices__vec-rotation__mcq,mcq,100,30,0,28,3,19,0.933,0,0,
g13-differential-equations,differential-equations__de-equilibrium__mcq,mcq,100,30,0,28,4,13,0.933,0,0,
g13-integration-accumulation,integration-accumulation__in-definite-integral__matchPairs,matchPairs,500,30,0,28,1,15,0.933,0,0,
g13-integration-accumulation,integration-accumulation__in-ftc-unified__dragBucket,dragBucket,500,30,0,28,16,13,0.933,0,0,
g13-integration-accumulation,integration-accumulation__in-signed-area__mcq,mcq,500,30,0,28,4,16,0.933,0,0,
g13-integration-applications,integration-applications__ia-area-between__mcq,mcq,100,30,0,28,4,15,0.933,0,0,
g10-conditional-probability,conditional-probability__cpr-complement-table__mcq,mcq,100,30,0,28,4,16,0.933,0,0,
coord-distance,vertical,numeric,100,50,0,47,14,47,0.940,0,0,
estimate-round,compatible,numeric,100,50,0,47,5,47,0.940,0,0,
compare-groups,pairUp,tapDiagram,100,34,0,32,2,31,0.941,0,0,
measure-word,sliceOff,numeric,100,34,0,32,24,32,0.941,0,0,
measure-word,unitMix,numeric,100,34,0,32,9,32,0.941,0,0,
two-row-multiply,scaffoldTotal,numeric,100,34,0,32,32,32,0.941,0,0,
matrix-apply,basisColumn,pointEntry,100,34,0,32,26,32,0.941,0,0,
array-model,arrayMinus,numeric,100,34,0,32,23,32,0.941,0,0,
share-division,keepThenShare,numeric,100,34,0,32,5,32,0.941,0,0,
fact-family,howManyFacts,mcq,100,34,0,32,4,10,0.941,0,0,
rate-interpret,temperature,numeric,100,34,0,32,4,32,0.941,0,0,
parity,oddFactors,mcq,100,34,0,32,4,11,0.941,0,0,
compare-same-num,pizzaSlices,fractionCompare,100,34,0,32,2,32,0.941,0,0,
time-relative,quarterTo,mcq,100,34,0,32,4,23,0.941,0,0,
time-relative,waitTime,numeric,100,34,0,32,4,32,0.941,0,0,
mental-add,plusNinetyNine,numeric,100,34,0,32,32,32,0.941,0,0,
tens-problems,packsKeep,numeric,100,34,0,32,26,32,0.941,0,0,
mass,whichHeavier,mcq,100,34,0,32,4,17,0.941,0,0,
op-choice,equalGroupsFact,mcq,100,34,0,32,4,20,0.941,0,0,
g8-tm-triangle-exterior,tmExteriorRemote,numeric,100,50,0,48,37,48,0.960,0,0,
g6-center-spread,ddMedianOutlierData,numeric,500,30,0,29,16,29,0.967,0,0,
g6-center-spread,ddChoiceIqr,numeric,500,30,0,29,12,29,0.967,0,0,
composite-area-lab,parallelogramMcq,compositeAreaLab,100,30,0,29,3,27,0.967,0,0,
fn-arith-seq,diffDown,numeric,100,30,0,29,8,29,0.967,0,0,
negative-intro,compareMixedSign,rationalCompare,100,30,0,29,1,29,0.967,0,0,
negative-intro,orderRationalsFive,dragOrder,100,30,0,29,1,28,0.967,0,0,
proportional-plot,cgPairPointAtX,mcq,100,30,0,29,4,14,0.967,0,0,
box-surface-area,roomPaint,numeric,100,30,0,29,28,29,0.967,0,0,
attributes,cgTriangleSideHierarchy,shapeHierarchyLab,100,30,0,29,4,10,0.967,0,0,
quadrilaterals,allQuadrilateralSet,mcq,100,30,0,29,4,8,0.967,0,0,
quadrilaterals,rhombusBySides,mcq,100,30,0,29,4,9,0.967,0,0,
distributive,variableError,numeric,100,30,0,29,21,29,0.967,0,0,
pr-constant-k-g7,rrEquivalentWhich,mcq,100,30,0,29,3,8,0.967,0,0,
g7-signed-addition,diffNegLarge,numeric,100,30,0,29,12,29,0.967,0,0,
g7-signed-multiply-divide,tripleOdd,numeric,100,30,0,29,28,29,0.967,0,0,
g7-signed-multiply-divide,divDiffLarge,numeric,100,30,0,29,11,29,0.967,0,0,
g7-signed-multiply-divide,mixedDivDiff,numeric,100,30,0,29,12,29,0.967,0,0,
g7-tse-expression-build,tseCombineDistPlus,buildExpression,100,30,0,29,1,29,0.967,0,0,
g7-tse-inequality-build,tseIneqRealPos,buildExpression,500,30,0,29,1,29,0.967,0,0,
g7-sp-sample-estimate,spEstimateDistrict,numeric,100,30,0,29,28,29,0.967,0,0,
g7-sp-sample-estimate,spEstimateEvent,numeric,100,30,0,29,28,29,0.967,0,0,
g7-sp-overlap-interpret,spCompareLarge,distributionCompareLab,100,30,0,29,3,23,0.967,0,0,
g7-sp-counting-principle,spCountOutfitsReal,compoundEventLab,100,30,0,29,3,24,0.967,0,0,
g8-rns-root-estimate,rnsBoundsChallenge,numeric,100,30,0,29,14,29,0.967,0,0,
g8-tm-pythagorean-converse,tmConverseRight,mcq,100,30,0,29,4,14,0.967,0,0,
g8-bv-scatter-basics,bvScatterPair,mcq,100,30,0,29,4,27,0.967,0,0,
g8-tm-cone-volume,tmConeB,numeric,100,30,0,29,23,29,0.967,0,0,
g8-les-isolate-variable,lesIsolateA,numeric,100,30,0,29,7,29,0.967,0,0,
g8-les-isolate-variable,lesIsolateC,numeric,100,30,0,29,10,29,0.967,0,0,
g8-les-solution-count,lesNoBlank,mcq,100,30,0,29,4,23,0.967,0,0,
g8-les-solution-count,lesClassifyChallenge,mcq,100,30,0,29,4,21,0.967,0,0,
g8-les-system-meaning,lesIntersectionMeaning,mcq,100,30,0,29,4,12,0.967,0,0,
g8-les-system-graphing,lesGraphXSigned,numeric,100,30,0,29,17,29,0.967,0,0,
g8-fn-function-definition,fgFunctionBirthday,mcq,100,30,0,29,4,12,0.967,0,0,
g8-fn-function-definition,fgFunctionSharedOutput,mcq,100,30,0,29,4,11,0.967,0,0,
g8-fn-rate-of-change,fgRateWide,numeric,100,30,0,29,10,29,0.967,0,0,
g8-fn-initial-value,fgInitialPointSlope,numeric,100,30,0,29,21,29,0.967,0,0,
g8-fn-graph-stories,fgStoryAccelerateSteady,graphStoryLab,100,30,0,29,10,11,0.967,0,0,
g1-add-subtract,BiggerFirstMcq,mcq,500,30,0,29,4,18,0.967,0,0,
g1-add-subtract,CompareMcq,mcq,500,30,0,29,4,23,0.967,0,0,
g1-add-subtract,TakeAwayMcq,mcq,500,30,0,29,4,21,0.967,0,0,
g1-add-subtract,UnknownNumeric,numeric,500,30,0,29,12,29,0.967,0,0,
g1-counting-120,OneMoreLessNumeric,numeric,500,30,0,29,26,29,0.967,0,0,
g2-shapes-shares,Ssg2CompareSharesMcq,mcq,100,30,0,29,4,6,0.967,0,0,
g4-fractions,faEquivalenceRecapNumeric,numeric,500,30,0,29,19,29,0.967,0,0,
g4-fractions,faBenchmarkOrderRational,rationalCompare,500,30,0,29,2,29,0.967,0,0,
g4-measure,mcAngleClassificationMcq,mcq,100,30,0,29,4,8,0.967,0,0,
g4-measure,mcFractionMeasurementMcq,mcq,100,30,0,29,4,9,0.967,0,19,
g4-multiply,mbTimesAsManyMcq,mcq,500,30,0,29,4,26,0.967,0,0,
g4-multiply,mbFactorsMcq,mcq,500,30,0,29,4,6,0.967,0,0,
g4-multiply,mbDivideBigNumeric,numeric,500,30,0,29,28,29,0.967,0,0,
g4-multiply,mbMultiStepNumeric,numeric,500,30,0,29,26,29,0.967,0,0,
a1-polynomials,factor-gcf__buildExpression,buildExpression,100,30,0,29,1,29,0.967,0,0,
a1-linear-functions,form-conversion__numeric,exactNumberLab,500,30,0,29,22,29,0.967,0,0,
a1-linear-functions,standard-form__mcq,mcq,500,30,0,29,4,27,0.967,0,0,
a1-quadratics,quad-formula__mcq,mcq,100,30,0,29,4,27,0.967,0,0,
a1-quadratics,quad-standard-axis__numeric,numeric,100,30,0,29,13,29,0.967,0,0,
a1-solving-equations,distribute-solve__numeric,numeric,100,30,0,29,11,29,0.967,0,0,
a2-transformations,ft-inverse-undo__mcq,mcq,100,30,0,29,4,26,0.967,0,0,
a2-polynomials,pf-synthetic__mcq,mcq,500,30,0,29,4,9,0.967,0,0,
a2-radicals,re-transform__buildExpression,buildExpression,500,30,0,29,1,29,0.967,0,0,
a2-rationals,rf-opposite__mcq,mcq,500,30,0,29,4,8,0.967,0,0,
a2-trig,tf-ratios__dragBucket,dragBucket,100,30,0,29,29,1,0.967,0,0,
g10-circle-theorems,cr-cyclic-quad__mcq,mcq,100,30,0,29,4,23,0.967,0,0,
g10-constructions-proof,cp-copy-segment__mcq,mcq,100,30,0,29,4,25,0.967,0,0,
g10-constructions-proof,cp-parallel-through-point__mcq,mcq,100,30,0,29,4,22,0.967,0,0,
g10-constructions-proof,cp-square-triangle__mcq,mcq,100,30,0,29,4,18,0.967,0,0,
g10-constructions-proof,cp-two-column__mcq,mcq,100,30,0,29,4,25,0.967,0,0,
g10-coordinate-proofs,cx-classify-tri__mcq,mcq,100,30,0,29,4,21,0.967,0,0,
g10-coordinate-proofs,cx-perp-proof__mcq,mcq,100,30,0,29,4,19,0.967,0,0,
g10-geometry-foundations,gf-definitions__mcq,mcq,100,30,0,29,4,16,0.967,0,0,
g10-geometry-foundations,gf-rotation-rule__mcq,mcq,100,30,0,29,4,18,0.967,0,0,
g10-geometry-foundations,gf-rotational-symmetry__mcq,mcq,100,30,0,29,4,22,0.967,0,0,
g10-right-triangles,rt-trig-apps__mcq,mcq,500,30,0,29,4,19,0.967,0,0,
g10-similarity,sy-similarity__mcq,mcq,100,30,0,29,4,23,0.967,0,0,
g10-solid-geometry,sg-cylinder-justified__numeric,exactNumberLab,500,30,0,29,3,29,0.967,11,11,
g10-solid-geometry,sg-modeling__mcq,mcq,500,30,0,29,4,19,0.967,0,0,
g10-triangle-congruence,tc-hinge__mcq,mcq,100,30,0,29,4,21,0.967,0,0,
g10-triangle-congruence,tc-isosceles-converse__mcq,mcq,100,30,0,29,4,25,0.967,0,0,
g12-conic-sections,conic-sections__co-hyp-ecc__mcq,mcq,100,30,0,29,3,16,0.967,0,0,
g12-polar-parametric,polar-parametric__pp-circles__mcq,mcq,500,30,0,29,3,23,0.967,0,0,
g12-polynomial-rational-analysis,polynomial-rational-analysis__pra-boundary-rule__mcq,mcq,500,30,0,29,3,22,0.967,0,0,
g12-polynomial-rational-analysis,polynomial-rational-analysis__pra-rational-cuts__mcq,mcq,500,30,0,29,3,16,0.967,0,0,
g12-trig-graphs-inverses,trig-graphs-inverses__tg-arccos__mcq,mcq,500,30,0,29,3,26,0.967,0,0,
g12-trig-graphs-inverses,trig-graphs-inverses__tg-equiv-rules__mcq,mcq,500,30,0,29,3,26,0.967,0,0,
g12-trig-identities-equations,trig-identities-equations__ti-tan-cofunction__mcq,mcq,500,30,0,29,3,21,0.967,0,0,
g13-curve-analysis,curve-analysis__ca-first-derivative-test__mcq,mcq,100,30,0,29,4,16,0.967,0,0,
g13-curve-analysis,curve-analysis__ca-mvt-consequences__mcq,mcq,100,30,0,29,4,20,0.967,0,0,
g13-curve-analysis,curve-analysis__ca-three-charts__mcq,mcq,100,30,0,29,4,22,0.967,0,0,
g13-derivative-rules,derivative-rules__dr-derivative-function__mcq,mcq,100,30,0,29,4,13,0.967,0,0,
g13-derivative-rules,derivative-rules__dr-trig-derivative__mcq,mcq,100,30,0,29,4,13,0.967,0,0,
g13-derivatives-in-context,derivatives-in-context__dc-differentials__mcq,mcq,100,30,0,29,4,17,0.967,0,0,
g13-differential-equations,differential-equations__de-euler__mcq,mcq,100,30,0,29,4,16,0.967,0,0,
g13-integration-accumulation,integration-accumulation__in-antiderivative__mcq,mcq,500,30,0,29,4,15,0.967,0,0,
g13-integration-accumulation,integration-accumulation__in-read-accumulation__matchPairs,matchPairs,500,30,0,29,1,14,0.967,0,0,
g10-conditional-probability,conditional-probability__cpr-mutually-exclusive__mcq,mcq,100,30,0,29,4,15,0.967,0,0,
g8-rns-root-classify,rnsRootClassifyPerfect,exactNumberLab,500,63,0,61,4,16,0.968,0,0,
circle-complete,radius,numeric,100,34,0,33,5,33,0.971,0,0,
point-transform,dilate,pointEntry,100,34,0,33,33,33,0.971,0,0,
full-sketch,logicalContradiction,mcq,100,34,0,33,4,30,0.971,0,0,
missing-factor,rowPlusExtra,numeric,100,34,0,33,10,33,0.971,0,0,
fact-family,shareThenGiveBack,numeric,100,34,0,33,6,33,0.971,0,0,
round-hundred,placeOnLine,numberLinePlace,100,34,0,33,9,33,0.971,0,0,
nl-unit,whichCloser,mcq,100,34,0,33,4,15,0.971,0,0,
elapsed-time,twoPartEnd,clockSet,100,34,0,33,27,33,0.971,0,0,
area-distributive,splitGiven,numeric,100,34,0,33,22,33,0.971,0,0,
mult-meaning,equalGroupsStory,numeric,100,34,0,33,18,33,0.971,0,0,
op-choice,splitFact,mcq,100,34,0,33,4,26,0.971,0,0,
op-choice,soldFromGroups,numeric,100,34,0,33,26,33,0.971,0,0,
g7-scale-to-actual,scaleDirection,mcq,100,34,0,33,4,8,0.971,0,0,
pr-test-proportional-g7,proportionalFraction,proportionalReasoningLab,100,34,0,33,4,29,0.971,0,0,
g7-complementary,angleSort,dragBucket,100,34,0,33,1,1,0.971,0,0,
g0-shapes-sorting,shapeComposePairs,matchPairs,500,34,0,33,2,1,0.971,0,0,
a1-systems,classify-systems__mcq,mcq,500,34,0,33,3,32,0.971,0,0,
a1-systems,system-solution__numeric,affineRelationshipLab,500,34,0,33,11,33,0.971,0,0,
area-formula-pick,cornerCut,numeric,500,100,0,98,60,98,0.980,0,0,
area-multiply,turned,mcq,100,50,0,49,4,31,0.980,0,0,
g7-mixed-rational,hiker,exactNumberLab,500,125,0,123,75,123,0.984,0,230,
g8-tm-angle-angle,tmAAThird,geometricConstraintLab,500,125,0,123,59,123,0.984,0,0,
pct-of-number,rrPercentContext,proportionalReasoningLab,100,30,0,26,23,26,0.867,0,0,
g12-trig-graphs-inverses,trig-graphs-inverses__tg-tan-transform__mcq,mcq,500,30,0,26,3,16,0.867,0,0,
pr-add-percent-g7,percentTip,numeric,100,50,0,44,29,44,0.880,0,0,
repeat-decimal,threeDigit,quotientReasoningLab,500,250,0,223,223,223,0.892,0,0,
g6-center-spread,ddSummaryMean,numeric,500,30,0,27,17,27,0.900,0,0,
pq-trapezoid,midsegment,numeric,100,30,0,27,15,27,0.900,0,0,
linear-predict,negSlope,numeric,100,50,0,45,20,45,0.900,0,0,
decimal-representation,trailingEquivalent,mcq,100,30,0,27,4,9,0.900,0,0,
secant-slope,avgRate,numeric,100,50,0,45,5,45,0.900,0,0,
pr-price-adjust-g7,priceMarkup,percentChangeLab,100,50,0,45,1,45,0.900,0,0,
g7-signed-multiply-divide,mulDiff,numeric,100,30,0,27,25,27,0.900,0,0,
g8-fn-same-function-forms,fgFormsStoryBuild,buildExpression,100,30,0,27,1,27,0.900,0,0,
g1-counting-120,TenMoreLessNumeric,numeric,500,30,0,27,26,27,0.900,0,0,
a1-polynomials,poly-special-products__mcq,mcq,100,30,0,27,3,12,0.900,0,0,
g10-solid-geometry,sg-composite-add__numeric,exactNumberLab,500,30,0,27,4,27,0.900,0,0,
sci-notation,small,buildExpression,100,100,0,91,1,91,0.910,50,50,
times-2,twiceDaily,mcq,100,34,0,31,4,23,0.912,0,0,
commutativity,flipSolve,numeric,100,34,0,31,21,31,0.912,0,0,
even-odd-classify,neitherMixed,mcq,100,50,0,46,3,26,0.920,0,0,
g8-rns-root-classify,rnsClassifyPerfect,mcq,500,63,0,58,4,16,0.921,0,0,
g3-div-fluency,DivMissingNumeric,numeric,500,42,0,39,8,39,0.929,0,0,
g6-center-spread,ddMeanMedianTail,mcq,500,30,0,28,3,27,0.933,0,0,
g6-center-spread,ddIqrGiven,numeric,500,30,0,28,11,28,0.933,0,0,
g6-center-spread,ddCapShape,mcq,500,30,0,28,3,19,0.933,0,0,
frac-unlike-addsub,addNumerator,numeric,100,30,0,28,24,28,0.933,0,0,
reflect-compose,matMul,numeric,100,30,0,28,7,28,0.933,0,0,
independence-def,bucketSort,dragBucket,100,30,0,28,1,1,0.933,0,0,
reasonableness,estimateThenExact,numeric,100,30,0,28,24,28,0.933,0,0,
pr-unit-rate-g7,rrRateDiscount,proportionalReasoningLab,100,30,0,28,22,28,0.933,0,0,
pr-constant-k-g7,rrNotEquivalent,mcq,100,30,0,28,3,1,0.933,0,0,
g7-signed-addition,diffPos,numeric,100,30,0,28,12,28,0.933,0,0,
g7-tse-inequality-build,tseIneqShipping,buildExpression,500,30,0,28,1,28,0.933,0,0,
g8-fn-graph-stories,fgStorySteadyStop,graphStoryLab,100,30,0,28,12,12,0.933,0,0,
g2-place-value-1000,Pv1000CountForwardNumeric,numeric,500,30,0,28,22,28,0.933,0,0,
a1-linear-functions,intercepts__numeric,exactNumberLab,500,30,0,28,13,28,0.933,0,0,
a1-solving-equations,decimal-eq__numeric,numeric,100,30,0,28,11,28,0.933,0,0,
a2-polynomials,pf-sketch__mcq,mcq,500,30,0,28,4,17,0.933,0,0,
g12-conic-sections,conic-sections__co-abc__mcq,mcq,100,30,0,28,3,16,0.933,0,0,
g12-function-analysis,function-analysis__fna-even-odd__mcq,mcq,100,30,0,28,3,16,0.933,0,0,
g12-function-analysis,function-analysis__fna-secant__mcq,mcq,100,30,0,28,3,16,0.933,0,0,
g12-limits-continuity,limits-continuity__lc-series-limit__mcq,mcq,500,30,0,28,3,14,0.933,0,0,
g12-polar-parametric,polar-parametric__pp-limacons__mcq,mcq,500,30,0,28,3,19,0.933,0,0,
g12-polar-parametric,polar-parametric__pp-nth-roots__mcq,mcq,500,30,0,28,3,20,0.933,0,0,
g12-polar-parametric,polar-parametric__pp-parametric__mcq,mcq,500,30,0,28,3,26,0.933,0,0,
g12-polynomial-rational-analysis,polynomial-rational-analysis__pra-mult-shortcut__buildExpression,buildExpression,500,30,0,28,3,23,0.933,0,0,
g12-trig-identities-equations,trig-identities-equations__ti-cos2-forms__mcq,mcq,500,30,0,28,3,15,0.933,0,0,
g12-trig-identities-equations,trig-identities-equations__ti-general__mcq,mcq,500,30,0,28,3,22,0.933,0,0,
g12-trig-identities-equations,trig-identities-equations__ti-pythagorean__mcq,mcq,500,30,0,28,3,23,0.933,0,0,
g13-derivatives-in-context,derivatives-in-context__dc-lhopital__numeric,numeric,100,30,0,28,3,28,0.933,0,0,
g13-integration-applications,integration-applications__ia-washer__mcq,mcq,100,30,0,28,4,15,0.933,0,0,
g10-conditional-probability,conditional-probability__cpr-complement__mcq,mcq,100,30,0,28,4,15,0.933,0,0,
g7-sp-compound-model,spCompoundBasic,compoundEventLab,100,50,0,47,3,29,0.940,0,0,
graph-read,combineTwo,numeric,100,34,0,32,9,32,0.941,0,0,
choose-rule,cancelFirst,numeric,100,34,0,32,8,32,0.941,0,0,
pictograph,keyPurpose,mcq,100,34,0,32,4,16,0.941,0,0,
sys-two-linear,default,numeric,100,100,0,95,13,95,0.950,0,100,
power-product,powerMeaning,mcq,500,46,0,44,4,20,0.957,0,0,
grouping-first,mulAddEval,evalOrder,500,50,0,48,41,48,0.960,0,0,
g8-fn-compare-rates,fgCompareEquationTable,affineRelationshipLab,500,125,0,120,4,55,0.960,0,0,
g6-center-spread,ddIncompleteReport,mcq,500,30,0,29,3,19,0.967,0,0,
g6-center-spread,ddCapMean,numeric,500,30,0,29,18,29,0.967,0,0,
composite-area-lab,fromTriangles,compositeAreaLab,100,30,0,29,3,29,0.967,0,0,
equiv-test,distributeCombine,numeric,100,30,0,29,23,29,0.967,0,0,
decimal-align-addsub,ribbons,numeric,100,30,0,29,27,29,0.967,0,9,
poly-addsub,addSquare,numeric,100,30,0,29,7,29,0.967,0,0,
variable-meaning,lessThanPhrase,mcq,100,30,0,29,4,8,0.967,0,0,
metric-convert,customary,numeric,100,30,0,29,18,29,0.967,0,0,
metric-convert,customaryMcq,mcq,100,30,0,29,3,25,0.967,0,0,
conditional-prob,suitRank,mcq,100,30,0,29,4,14,0.967,0,0,
box-volume,layersMcq,mcq,100,30,0,29,3,28,0.967,0,0,
unknown-letter,testAddSolution,mcq,100,30,0,29,2,27,0.967,0,0,
attributes,detectiveSides,mcq,100,30,0,29,4,13,0.967,0,0,
shape-hierarchy,hierarchyTruth,mcq,100,30,0,29,4,10,0.967,0,0,
line-plot,rangeSpan,mcq,100,30,0,29,4,6,0.967,0,0,
distributive,variableEquivalent,mcq,100,30,0,29,4,19,0.967,0,0,
g7-triangle-inequality,frameCheck,triangleClosureLab,100,30,0,29,1,29,0.967,0,0,
pr-unit-rate-g7,rrHoursFromEarnings,proportionalReasoningLab,100,30,0,29,13,29,0.967,0,0,
pr-constant-k-g7,rrShrinkTest,mcq,100,30,0,29,3,24,0.967,0,0,
g7-signed-addition,sameNeg,numeric,100,30,0,29,22,29,0.967,0,0,
g7-signed-addition,sameLarge,numeric,100,30,0,29,21,29,0.967,0,1,
g7-signed-addition,diffChallenge,numeric,100,30,0,29,11,29,0.967,0,0,
g7-signed-multiply-divide,mixedTripleOdd,numeric,100,30,0,29,25,29,0.967,0,0,
g7-tse-expression-build,tseMixedMinus,buildExpression,100,30,0,29,1,29,0.967,0,0,
g7-tse-inequality-build,tseIneqPosB,buildExpression,500,30,0,29,1,29,0.967,0,0,
g7-tse-inequality-build,tseIneqPosC,buildExpression,500,30,0,29,1,29,0.967,0,0,
g7-tse-inequality-build,tseIneqPosD,buildExpression,500,30,0,29,1,29,0.967,0,0,
g7-tse-inequality-build,tseIneqRealNegB,buildExpression,500,30,0,29,1,29,0.967,0,0,
g7-tse-inequality-build,graphDescription,mcq,500,30,0,29,4,13,0.967,0,0,
g7-tse-inequality-build,graphToInequality,buildExpression,500,30,0,29,1,29,0.967,0,0,
g7-sp-sample-estimate,spEstimateCompany,numeric,100,30,0,29,24,29,0.967,0,0,
g8-tm-rigid-motion,tmReflectAxis,mcq,100,30,0,29,4,29,0.967,0,0,
g8-les-isolate-variable,lesIsolateB,numeric,100,30,0,29,10,29,0.967,0,0,
g8-les-solution-count,lesInfiniteDirect,equationOutcomeLab,100,30,0,29,4,25,0.967,0,0,
g8-fn-linear-nonlinear,fgLinearTableLinear,mcq,100,30,0,29,4,28,0.967,0,0,
g8-fn-linear-nonlinear,fgLinearEquationNonlinear,mcq,100,30,0,29,4,1,0.967,0,0,
g8-fn-qualitative-graphs,fgQualSteeper,graphStoryLab,100,30,0,29,4,17,0.967,0,0,
g8-fn-qualitative-graphs,fgQualStopped,graphStoryLab,100,30,0,29,4,12,0.967,0,0,
g0-counting,countMakeTenMcq,mcq,500,30,0,29,4,1,0.967,0,0,
g0-counting,countBetweenMcq,mcq,500,30,0,29,4,13,0.967,0,0,
g0-counting,countReadMcq,mcq,500,30,0,29,4,10,0.967,0,0,
g1-add-subtract,SubFactsMcq,mcq,500,30,0,29,4,23,0.967,0,0,
g1-counting-120,TenMoreLessMcq,mcq,500,30,0,29,4,25,0.967,0,0,
g2-place-value-1000,Pv1000ReadWordsNumeric,numeric,500,30,0,29,29,29,0.967,0,0,
g4-fractions,faEquivalenceRecapMcq,mcq,500,30,0,29,4,28,0.967,0,0,
g4-fractions,faMixedAddSubNumeric,numeric,500,30,0,29,11,29,0.967,0,0,
g4-multiply,mbMultiplesMcq,mcq,500,30,0,29,4,7,0.967,0,0,
g4-multiply,mbRemaindersNumeric,numeric,500,30,0,29,7,29,0.967,0,0,
a1-functions-sequences,fn-classify__mcq,mcq,100,30,0,29,4,20,0.967,0,0,
a1-linear-functions,point-slope-read__buildExpression,buildExpression,500,30,0,29,1,29,0.967,0,0,
a2-complex,cn-build-quad__mcq,mcq,100,30,0,29,4,21,0.967,0,0,
a2-complex,cn-multiply__mcq,mcq,100,30,0,29,4,24,0.967,0,0,
a2-transformations,ft-inverse-rule__mcq,mcq,100,30,0,29,4,21,0.967,0,0,
a2-transformations,ft-inverse-undo__numeric,numeric,100,30,0,29,10,29,0.967,0,0,
a2-polynomials,pf-build__mcq,mcq,500,30,0,29,4,15,0.967,0,0,
a2-polynomials,pf-leading-term__mcq,mcq,500,30,0,29,4,14,0.967,0,0,
a2-radicals,re-convert__mcq,mcq,500,30,0,29,4,12,0.967,0,0,
a2-rationals,rf-excluded__mcq,mcq,500,30,0,29,4,18,0.967,0,0,
a2-trig,tf-model__numeric,numeric,100,30,0,29,17,29,0.967,0,0,
g10-circle-theorems,cr-tangent-perp__mcq,mcq,100,30,0,29,4,18,0.967,0,0,
g10-constructions-proof,cp-perp-from-point__mcq,mcq,100,30,0,29,4,25,0.967,0,0,
g10-constructions-proof,cp-vertical-angles__mcq,mcq,100,30,0,29,4,20,0.967,0,0,
g10-coordinate-proofs,cx-circle-position__mcq,mcq,100,30,0,29,4,24,0.967,0,0,
g10-coordinate-proofs,cx-dist-apps__mcq,mcq,100,30,0,29,4,15,0.967,0,0,
g10-coordinate-proofs,cx-shoelace__mcq,mcq,100,30,0,29,4,20,0.967,0,0,
g10-geometry-foundations,gf-congruence-def__mcq,mcq,100,30,0,29,4,20,0.967,0,0,
g10-geometry-foundations,gf-undefined-terms__mcq,mcq,100,30,0,29,4,21,0.967,0,0,
g10-right-triangles,rt-inverse-trig__mcq,mcq,500,30,0,29,4,19,0.967,0,0,
g10-right-triangles,rt-solve-complete__numeric,numeric,500,30,0,29,4,29,0.967,0,0,
g10-similarity,sy-proportions-figures__mcq,mcq,100,30,0,29,4,23,0.967,0,0,
g10-solid-geometry,sg-cylinder-justified__mcq,mcq,500,30,0,29,4,20,0.967,0,0,
g10-solid-geometry,sg-third-story__mcq,mcq,500,30,0,29,4,19,0.967,0,0,
g10-triangle-congruence,tc-isosceles__mcq,mcq,100,30,0,29,4,17,0.967,0,0,
g12-conic-sections,conic-sections__co-shifted__mcq,mcq,100,30,0,29,3,18,0.967,0,0,
g12-function-analysis,function-analysis__fna-restricted__mcq,mcq,100,30,0,29,3,22,0.967,0,0,
g12-limits-continuity,limits-continuity__lc-dne__mcq,mcq,500,30,0,29,3,23,0.967,0,0,
g12-limits-continuity,limits-continuity__lc-onesided__mcq,mcq,500,30,0,29,3,23,0.967,0,0,
g12-limits-continuity,limits-continuity__lc-read-limit__mcq,mcq,500,30,0,29,3,17,0.967,0,0,
g13-curve-analysis,curve-analysis__ca-evt__mcq,mcq,100,30,0,29,4,17,0.967,0,0,
g13-curve-analysis,curve-analysis__ca-inflection__mcq,mcq,100,30,0,29,4,21,0.967,0,0,
g13-curve-analysis,curve-analysis__ca-three-charts__matchPairs,matchPairs,100,30,0,29,1,17,0.967,0,0,
g13-derivative-rules,derivative-rules__dr-chain-nested__mcq,mcq,100,30,0,29,4,16,0.967,0,0,
g13-derivative-rules,derivative-rules__dr-differentiability__dragBucket,dragBucket,100,30,0,29,19,15,0.967,0,0,
g13-derivative-rules,derivative-rules__dr-implicit__mcq,mcq,100,30,0,29,4,15,0.967,0,0,
g13-derivative-rules,derivative-rules__dr-local-linearity__mcq,mcq,100,30,0,29,4,13,0.967,0,0,
g13-derivatives-in-context,derivatives-in-context__dc-choosing-relation__mcq,mcq,100,30,0,29,4,24,0.967,0,0,
g13-derivatives-in-context,derivatives-in-context__dc-lhopital__mcq,mcq,100,30,0,29,4,15,0.967,0,0,
g13-derivatives-in-context,derivatives-in-context__dc-linearisation-limits__mcq,mcq,100,30,0,29,4,22,0.967,0,0,
g13-derivatives-in-context,derivatives-in-context__dc-linearisation__mcq,mcq,100,30,0,29,4,16,0.967,0,0,
g13-derivatives-in-context,derivatives-in-context__dc-motion__mcq,mcq,100,30,0,29,4,15,0.967,0,0,
g13-derivatives-in-context,derivatives-in-context__dc-speed__mcq,mcq,100,30,0,29,4,19,0.967,0,0,
g13-integration-accumulation,integration-accumulation__in-choosing-u__mcq,mcq,500,30,0,29,4,16,0.967,0,0,
g13-integration-accumulation,integration-accumulation__in-library__mcq,mcq,500,30,0,29,4,20,0.967,0,0,
g13-integration-accumulation,integration-accumulation__in-read-accumulation__mcq,mcq,500,30,0,29,4,14,0.967,0,0,
g13-integration-applications,integration-applications__ia-washer__matchPairs,matchPairs,100,30,0,29,1,14,0.967,0,0,
g13-parametric-polar-calculus,parametric-polar-calculus__pc-arc-length__mcq,mcq,100,30,0,29,4,18,0.967,0,0,
g13-parametric-polar-calculus,parametric-polar-calculus__pc-vector-motion__mcq,mcq,100,30,0,29,4,14,0.967,0,0,
g13-series-convergence,series-convergence__sc-alternating__mcq,mcq,100,30,0,29,4,15,0.967,0,0,
g13-series-convergence,series-convergence__sc-radius__mcq,mcq,100,30,0,29,4,22,0.967,0,0,
g10-conditional-probability,conditional-probability__cpr-conditional-table__matchPairs,matchPairs,100,30,0,29,1,18,0.967,0,0,
g10-conditional-probability,conditional-probability__cpr-multiplication-rule__mcq,mcq,100,30,0,29,4,16,0.967,0,0,
g10-conditional-probability,conditional-probability__cpr-table-union__mcq,mcq,100,30,0,29,4,14,0.967,0,0,
int-subtract-negative,decimal,numeric,100,100,0,97,91,97,0.970,0,100,
num-denom,denominatorEffect,mcq,100,100,0,97,4,39,0.970,0,0,
g7-tse-context-equation,tseDive,numeric,100,100,0,97,9,97,0.970,0,0,
compare-groups,more,tapDiagram,100,34,0,33,2,32,0.971,0,0,
quad-shape-area,fromTriangles,numeric,100,34,0,33,24,33,0.971,0,0,
pq-para-side,perimeter,numeric,100,34,0,33,20,33,0.971,0,0,
coord-midpoint,parallelogramVertex,numeric,100,34,0,33,7,33,0.971,0,0,
rect-measure,area,numeric,100,34,0,33,30,33,0.971,0,0,
probability-fraction,relFreq,fractionEntry,100,34,0,33,31,33,0.971,0,0,
unit-frac-divide,scoopsComputation,mcq,500,34,0,33,3,21,0.971,0,0,
hyperbola-anatomy,opens,mcq,100,34,0,33,3,27,0.971,0,0,
sci-compute,addShift,buildExpression,100,34,0,33,1,33,0.971,0,0,
choose-rule,expandProduct,numeric,100,34,0,33,15,33,0.971,0,0,
subtract-like-denom,wordSimplify,numeric,100,34,0,33,4,33,0.971,0,0,
hop-multiply,hopLength,mcq,100,34,0,33,4,24,0.971,0,0,
equal-parts,whyEqualEvidence,mcq,100,34,0,33,4,19,0.971,0,0,
equivalent-fractions,whoIsRight,mcq,100,34,0,33,4,15,0.971,0,34,
unit-size,smallestOf,mcq,100,34,0,33,4,29,0.971,0,0,
compare-same-denom,howManyMore,numeric,100,34,0,33,6,33,0.971,0,0,
compare-same-num,whoIsRight,mcq,100,34,0,33,4,26,0.971,0,0,
perimeter,trianglePerimeter,numeric,100,34,0,33,13,33,0.971,0,0,
sorting-rules,bothRules,mcq,100,34,0,33,4,9,0.971,0,0,
sorting-rules,outsideOverlap,mcq,100,34,0,33,4,1,0.971,0,0,
place-value,changeBlocks,numeric,100,34,0,33,33,33,0.971,0,0,
area-distributive,splitProduct,numeric,100,34,0,33,24,33,0.971,0,0,
unknown-position,goodPerGroup,numeric,100,34,0,33,9,33,0.971,0,0,
addition-patterns,additionTableWalk,numeric,100,34,0,33,15,33,0.971,0,0,
g7-circumference,circFormulaWhy,mcq,100,34,0,33,4,12,0.971,0,0,
pr-test-proportional-g7,proportionalChallenge,proportionalReasoningLab,100,34,0,33,4,27,0.971,0,0,
g7-sp-sample-reliability,spReliabilitySchool,mcq,100,34,0,33,3,1,0.971,0,0,
a1-radicals,rad-fully-simplified__mcq,mcq,500,36,0,35,4,21,0.972,0,0,
a1-radicals,rad-pythagorean-radical__mcq,mcq,500,36,0,35,4,8,0.972,0,0,
coordinate-plot,asvAxisDistance,numeric,500,39,0,38,10,38,0.974,0,0,
coordinate-plot,axisLocation,mcq,500,39,0,38,4,28,0.974,0,0,
long-div-2digit,quotRemainder,quotientReasoningLab,500,125,0,122,16,122,0.976,0,0,
g7-mixed-rational,fracProduct,exactNumberLab,500,125,0,122,3,109,0.976,81,81,
power-product,comparePowers,exactNumberLab,500,46,0,45,4,37,0.978,0,0,
sequence-order,byTens,dragOrder,100,50,0,49,1,1,0.980,0,0,
sequence-order,byFives,dragOrder,100,50,0,49,1,1,0.980,0,0,
area-compose,attachedAreas,geometricConstraintLab,500,100,0,98,54,98,0.980,0,0,
grouping-first,mulSubNumeric,numeric,500,50,0,49,29,49,0.980,0,0,
grouping-first,groupPhraseMcq,mcq,500,50,0,49,3,47,0.980,0,0,
deriv-product,abstract,numeric,100,50,0,49,26,49,0.980,0,0,
round-place,contextWhole,placeValueTransformLab,500,100,0,98,59,98,0.980,0,0,
composite-tri,notchCut,numeric,100,50,0,49,40,49,0.980,0,0,
composite-tri,wallsPlusRoof,numeric,100,50,0,49,34,49,0.980,0,0,
g8-rns-decimal-classify,rnsChooseRepeat,quotientReasoningLab,500,56,0,55,4,1,0.982,0,0,
g8-rns-decimal-classify,rnsSortFractions,dragBucket,500,56,0,55,6,1,0.982,0,0,
triangle-area-calc,coordinateRightTriangle,geometricConstraintLab,500,125,0,123,39,123,0.984,0,0,
g8-rns-root-classify,rnsRootClassifyIrrational,exactNumberLab,500,63,0,62,4,50,0.984,0,0,
g8-fn-compare-full,fgCompareSameRate,affineRelationshipLab,500,250,0,247,4,233,0.988,0,0,
round-place,whole,numeric,500,100,0,99,8,99,0.990,0,0,
round-place,contextTenth,placeValueTransformLab,500,100,0,99,81,99,0.990,0,0,
area-formula-pick,trapezoidAverage,mcq,500,100,0,99,4,90,0.990,0,0,
area-formula-pick,coordinateRectangle,geometricConstraintLab,500,100,0,99,39,99,0.990,0,0,
lshape-decompose,boxMinusCorner,numeric,100,100,0,99,53,99,0.990,0,0,
g8-fn-compare-rates,fgCompareInterceptTrap,affineRelationshipLab,500,125,0,124,4,117,0.992,0,0,
g8-fn-compare-full,fgCompareRateStart,affineRelationshipLab,500,250,0,249,4,247,0.996,0,0,
g8-fn-compare-context,fgCompareLowerRate,affineRelationshipLab,500,250,0,249,4,248,0.996,0,0,
g6-data-literacy,ddDataCountList,numeric,100,30,0,30,9,30,1.000,0,0,
g6-data-literacy,ddHistTotal,numeric,100,30,0,30,15,30,1.000,0,0,
g6-data-literacy,ddHistExactValues,mcq,100,30,0,30,3,28,1.000,0,0,
g6-data-literacy,ddHistDisplayChoice,mcq,100,30,0,30,3,30,1.000,0,0,
g6-center-spread,ddMeanBasic,numeric,500,30,0,30,17,30,1.000,0,0,
g6-center-spread,ddMeanMissing,numeric,500,30,0,30,20,30,1.000,0,0,
g6-center-spread,ddMeanMeaning,mcq,500,30,0,30,3,28,1.000,0,0,
g6-center-spread,ddMeanContext,numeric,500,30,0,30,19,30,1.000,0,0,
g6-center-spread,ddMedianOddUnsorted,numeric,500,30,0,30,15,30,1.000,0,0,
g6-center-spread,ddMedianSortError,mcq,500,30,0,30,3,30,1.000,0,0,
g6-center-spread,ddMedianContext,numeric,500,30,0,30,8,30,1.000,0,0,
g6-center-spread,ddRangeBasic,pointSetReasoningLab,500,30,0,30,15,30,1.000,0,0,
g6-center-spread,ddRangeNewOutlier,pointSetReasoningLab,500,30,0,30,18,30,1.000,0,0,
g6-center-spread,ddIqrOutlierRobust,mcq,500,30,0,30,3,30,1.000,0,0,
g6-center-spread,ddIqrUnsortedEven,numeric,500,30,0,30,5,30,1.000,0,0,
g6-center-spread,ddSimilarClass,mcq,500,30,0,30,3,30,1.000,0,0,
g6-center-spread,ddFullReport,mcq,500,30,0,30,3,27,1.000,0,0,
g6-center-spread,ddBestDescription,mcq,500,30,0,30,3,28,1.000,0,0,
g6-center-spread,ddTypicalMedian,mcq,500,30,0,30,3,28,1.000,0,0,
g6-center-spread,ddShapeFromCenters,mcq,500,30,0,30,3,29,1.000,0,0,
g6-center-spread,ddCapReport,mcq,500,30,0,30,3,30,1.000,0,0,
match-solve,default,matchPairs,100,100,0,100,1,1,1.000,0,0,
match-sum,mixedSums,matchPairs,100,50,0,50,1,1,1.000,0,0,
match-times-ten,default,matchPairs,100,100,0,100,1,1,1.000,0,0,
compare-groups,mostOfThree,tapDiagram,100,34,0,34,3,34,1.000,0,0,
sr-recursive,needAllTerms,mcq,100,30,0,30,4,29,1.000,0,0,
trig-model,platform,numeric,100,34,0,34,20,34,1.000,0,0,
trig-model,speedB,numeric,100,34,0,34,8,34,1.000,0,0,
cn-add-sub,subtract,numeric,100,100,0,100,22,100,1.000,0,0,
event-sort,classify,dragBucket,100,100,0,100,14,1,1.000,0,0,
frac-multiply,areaCompare,mcq,100,30,0,30,3,30,1.000,0,0,
fraction-scaling,singleCompare,mcq,100,34,0,34,3,33,1.000,0,0,
fraction-scaling,pairCompare,mcq,100,34,0,34,3,34,1.000,0,0,
fraction-scaling,largestThree,mcq,100,34,0,34,3,34,1.000,0,0,
composite-area-lab,trapezoid,compositeAreaLab,100,30,0,30,3,26,1.000,0,0,
composite-area-lab,threeRects,compositeAreaLab,100,30,0,30,4,30,1.000,0,0,
composite-area-lab,fourPieces,compositeAreaLab,100,30,0,30,4,30,1.000,0,0,
two-step-order,whichPlan,mcq,100,50,0,50,4,38,1.000,0,0,
two-step-order,whichNeedsTwo,mcq,100,50,0,50,4,1,1.000,0,0,
pq-kite,offAxisAngles,numeric,100,34,0,34,29,34,1.000,0,0,
coord-midpoint,axisY,numeric,100,34,0,34,7,34,1.000,0,0,
coord-midpoint,findEndpoint,numeric,100,34,0,34,13,34,1.000,0,0,
measure-word,drainRefill,numeric,100,34,0,34,17,34,1.000,0,0,
graph-read,totalAll,numeric,100,34,0,34,14,34,1.000,0,0,
graph-read,groupCompare,numeric,100,34,0,34,10,34,1.000,0,0,
area-compose,coordinateComposite,geometricConstraintLab,500,100,0,100,46,100,1.000,0,0,
order-decimals,tenthsOrder,mcq,100,34,0,34,4,34,1.000,0,0,
partial-products,split,numeric,100,30,0,30,29,30,1.000,0,0,
partial-products,carryColumn,columnCalc,100,30,0,30,29,30,1.000,0,0,
two-row-multiply,addRows,numeric,100,34,0,34,34,34,1.000,0,0,
two-row-multiply,bareTwoRow,numeric,100,34,0,34,34,34,1.000,0,0,
long-div-2digit,invalidRemainder,quotientReasoningLab,500,125,0,125,4,115,1.000,0,0,
fn-arith-seq,nextDown,numeric,100,30,0,30,28,30,1.000,0,0,
equiv-test,likeConstant,mcq,100,30,0,30,4,28,1.000,0,0,
negative-intro,orderSignedFour,dragOrder,100,30,0,30,1,30,1.000,0,0,
negative-intro,absoluteEqual,mcq,100,30,0,30,4,20,1.000,0,0,
negative-intro,coldestSigned,mcq,100,30,0,30,4,30,1.000,0,0,
negative-intro,deeperSigned,rationalCompare,100,30,0,30,1,30,1.000,0,0,
decimal-align-addsub,padSub,numeric,100,30,0,30,30,30,1.000,0,60,
decimal-align-addsub,bareAdd,numeric,100,30,0,30,30,30,1.000,0,0,
decimal-align-addsub,regroupSub,numeric,100,30,0,30,27,30,1.000,0,0,
decimal-align-addsub,zerosSub,numeric,100,30,0,30,30,30,1.000,0,30,
decimal-align-addsub,bareSub,numeric,100,30,0,30,28,30,1.000,0,5,
decimal-align-addsub,trailLeft,numeric,100,30,0,30,30,30,1.000,0,30,
decimal-align-addsub,threeAdd,numeric,100,30,0,30,30,30,1.000,0,0,
poly-read,readQuartic,numeric,100,34,0,34,8,34,1.000,0,0,
poly-addsub,addX,numeric,100,30,0,30,11,30,1.000,0,0,
poly-addsub,subX,numeric,100,30,0,30,10,30,1.000,0,0,
poly-addsub,subConst,numeric,100,30,0,30,11,30,1.000,0,0,
poly-addsub,subFlip,numeric,100,30,0,30,8,30,1.000,0,0,
subtract-within-100,twoDigit,numeric,100,30,0,30,20,30,1.000,0,0,
subtract-within-100,regroup,numeric,100,30,0,30,20,30,1.000,0,0,
inverse-pipeline,three,inversePipeline,100,34,0,34,1,34,1.000,0,0,
inverse-pipeline,multistep,inversePipeline,100,34,0,34,1,34,1.000,0,0,
metric-convert,metricMcq,mcq,100,30,0,30,3,30,1.000,0,0,
round-place,decimalPlace,numeric,500,100,0,100,79,100,1.000,0,0,
round-place,deciderMcq,placeValueTransformLab,500,100,0,100,4,100,1.000,0,0,
rect-measure,mixed,numeric,100,34,0,34,28,34,1.000,0,0,
angle-sum,adjacent,numeric,100,34,0,34,32,34,1.000,0,0,
probability-fraction,mixed,fractionEntry,100,34,0,34,29,34,1.000,0,0,
place-compare,ones,placeCompare,500,72,0,72,2,72,1.000,0,0,
place-compare,any,placeCompare,500,72,0,72,2,72,1.000,0,0,
place-compare,hundreds,placeCompare,500,72,0,72,2,72,1.000,0,0,
place-compare,decidingPlace,placeValueTransformLab,500,72,0,72,4,72,1.000,0,0,
length-compare,three,lengthCompare,100,100,0,100,12,100,1.000,0,0,
eq-two-step,negative,numeric,100,34,0,34,13,34,1.000,0,0,
eq-two-step,parens,numeric,100,34,0,34,11,34,1.000,0,0,
eq-two-step,secondForm,numeric,100,34,0,34,15,34,1.000,0,0,
lf-slope-two-points,default,numeric,100,100,0,100,14,100,1.000,0,0,
unit-frac-divide,flipDivisor,quotientReasoningLab,500,34,0,34,4,33,1.000,0,0,
decimal-place-value,placeDigitMcq,mcq,100,30,0,30,4,30,1.000,0,0,
decimal-place-value,placeDigitNumeric,numeric,100,30,0,30,9,30,1.000,0,0,
decimal-place-value,readSimple,mcq,100,30,0,30,4,16,1.000,0,0,
decimal-representation,expandedBuild,buildExpression,100,30,0,30,1,30,1.000,0,0,
decimal-representation,expandedDecimal,numeric,100,30,0,30,30,30,1.000,0,0,
decimal-representation,leadingZeroCompare,mcq,100,30,0,30,4,9,1.000,0,0,
unit-rate-frac,default,fractionEntry,100,100,0,100,84,100,1.000,0,0,
hyperbola-anatomy,vertices,mcq,100,34,0,34,3,28,1.000,0,0,
conic-classify,hyperbolaCase,mcq,100,34,0,34,3,34,1.000,0,0,
conic-classify,circleCase,mcq,100,34,0,34,3,33,1.000,0,0,
sci-compute,addSame,buildExpression,100,34,0,34,1,34,1.000,0,0,
coordinate-plot,cgVerticalAlignment,mcq,500,39,0,39,4,34,1.000,0,0,
coordinate-plot,cgRectangleCorner,mcq,500,39,0,39,4,34,1.000,0,0,
coordinate-plot,cgContextRead,pointSetReasoningLab,500,39,0,39,4,36,1.000,0,0,
coordinate-plot,signedQuadrant,mcq,500,39,0,39,4,34,1.000,0,0,
coordinate-plot,reflectXAxis,mcq,500,39,0,39,4,38,1.000,0,0,
proportional-plot,cgPairRelation,mcq,100,30,0,30,4,17,1.000,0,0,
point-transform,translate,pointEntry,100,34,0,34,33,34,1.000,0,0,
point-transform,rotate,pointEntry,100,34,0,34,33,34,1.000,0,0,
vec-displacement,equalVector,mcq,100,50,0,50,3,50,1.000,0,0,
vec-displacement,magnitude,numeric,100,50,0,50,6,50,1.000,0,0,
matrix-apply,componentOnly,numeric,100,34,0,34,19,34,1.000,0,0,
mvt-c,speedTrap,mcq,100,34,0,34,4,30,1.000,0,0,
mvt-c,twoValueMVT,mcq,100,34,0,34,4,32,1.000,0,0,
mvt-bound,smallest,numeric,100,100,0,100,27,100,1.000,0,0,
end-behavior,poleClassify,mcq,100,34,0,34,4,34,1.000,0,0,
end-behavior,polyLimit,mcq,100,34,0,34,4,24,1.000,0,0,
inverse-deriv,knownValues,mcq,100,34,0,34,4,34,1.000,0,0,
second-deriv-poly,motion,mcq,100,34,0,34,4,34,1.000,0,0,
second-deriv-poly,classify,mcq,100,34,0,34,4,17,1.000,0,0,
arc-measure,threeArcs,numeric,100,34,0,34,29,34,1.000,0,0,
inscribed-angle,triangleArc,numeric,100,34,0,34,24,34,1.000,0,0,
array-model,whichOperation,mcq,100,34,0,34,4,24,1.000,0,0,
skip-count,compareLanding,numeric,100,34,0,34,9,34,1.000,0,0,
share-division,whichStory,mcq,100,34,0,34,4,19,1.000,0,0,
group-division,whichStory,mcq,100,34,0,34,4,20,1.000,0,0,
missing-factor,weeksToSave,mcq,100,34,0,34,4,33,1.000,0,0,
secant-slope,compareIntervals,mcq,100,50,0,50,3,50,1.000,0,0,
rate-interpret,compareSpeeds,mcq,100,34,0,34,3,34,1.000,0,0,
independence-def,dependentCheck,mcq,100,30,0,30,4,30,1.000,0,0,
independence-test,bucketTest,dragBucket,100,30,0,30,1,1,1.000,0,0,
composite-multi,threeRects,numeric,100,34,0,34,29,34,1.000,0,0,
composite-multi,groupingOrder,mcq,100,34,0,34,4,34,1.000,0,0,
composite-multi,fourPieces,numeric,100,34,0,34,31,34,1.000,0,0,
even-odd-classify,evenPolynomial,mcq,100,50,0,50,3,49,1.000,0,0,
combined-shift,whichRule,mcq,100,50,0,50,4,44,1.000,0,0,
add-like-denom,diagnoseError,mcq,100,50,0,50,4,48,1.000,0,0,
add-like-denom,wordSum,numeric,100,50,0,50,8,50,1.000,0,0,
subtract-like-denom,diagnoseError,mcq,100,34,0,34,4,34,1.000,0,0,
to-polar,angleQuadrant,mcq,100,34,0,34,4,16,1.000,0,0,
chord-dist,whichLongest,mcq,100,34,0,34,4,34,1.000,0,0,
box-volume,dimensionsMcq,mcq,100,30,0,30,3,27,1.000,0,0,
box-volume,composite,numeric,100,30,0,30,26,29,1.000,0,0,
box-volume,compositeMcq,mcq,100,30,0,30,4,30,1.000,0,0,
two-way-table,grandTotal,conditionalTableLab,100,34,0,34,26,34,1.000,0,0,
two-way-table,cellMeaning,conditionalTableLab,100,34,0,34,18,26,1.000,0,0,
two-way-table,columnTotal,conditionalTableLab,100,34,0,34,21,33,1.000,0,0,
set-ops,sortCards,dragBucket,100,50,0,50,1,15,1.000,0,0,
hop-multiply,turnAround,numeric,100,34,0,34,18,34,1.000,0,0,
identity-zero,timesZero,numeric,100,30,0,30,1,30,1.000,0,0,
identity-zero,stickerStory,mcq,100,30,0,30,4,19,1.000,0,0,
identity-zero,riddleZero,numeric,100,30,0,30,7,30,1.000,0,0,
unknown-letter,howToCheck,mcq,100,30,0,30,3,29,1.000,0,0,
unknown-letter,spiderStory,numeric,100,30,0,30,7,30,1.000,0,0,
unknown-letter,equationVsExpression,mcq,100,30,0,30,4,1,1.000,0,0,
unknown-letter,chooseMulSolution,mcq,100,30,0,30,4,22,1.000,0,0,
unknown-letter,checkAddSolution,mcq,100,30,0,30,4,23,1.000,0,0,
reasonableness,quickEstimate,mcq,100,30,0,30,4,25,1.000,0,0,
reasonableness,rebuildTest,mcq,100,30,0,30,4,26,1.000,0,0,
round-ten,whatItMeans,mcq,100,34,0,34,4,25,1.000,0,0,
round-ten,roundThenAdd,numeric,100,34,0,34,13,34,1.000,0,0,
round-hundred,roundThenAdd,numeric,100,34,0,34,12,34,1.000,0,0,
round-half,sumWithTie,numeric,100,34,0,34,11,34,1.000,0,0,
estimation,estimateDiff,numeric,100,30,0,30,8,30,1.000,0,0,
estimation,affordCheck,mcq,100,30,0,30,4,30,1.000,0,0,
estimation,estimateSum,numeric,100,30,0,30,6,30,1.000,0,0,
equal-parts,nameThePiece,mcq,100,34,0,34,4,21,1.000,0,0,
build-fraction,whichSum,mcq,100,34,0,34,4,12,1.000,0,0,
nl-beyond-one,whereWhole,mcq,100,34,0,34,4,10,1.000,0,0,
compare-same-denom,whyNumerators,mcq,100,34,0,34,4,25,1.000,0,0,
compare-same-num,rankThree,mcq,100,34,0,34,4,27,1.000,0,0,
same-whole,pizzaClaim,mcq,100,34,0,34,4,29,1.000,0,0,
same-whole,whichPair,mcq,100,34,0,34,4,11,1.000,0,0,
same-whole,comparisonCondition,mcq,100,34,0,34,4,25,1.000,0,0,
read-clock,readHands,mcq,100,50,0,50,4,41,1.000,0,0,
elapsed-time,bridgeMethod,mcq,100,34,0,34,4,31,1.000,0,0,
volume,addThenLeak,numeric,100,34,0,34,17,34,1.000,0,0,
attributes,turnInvariant,mcq,100,30,0,30,4,14,1.000,0,0,
quadrilaterals,trapezoidByParallel,mcq,100,30,0,30,4,22,1.000,0,0,
quadrilaterals,cgGuaranteedRhombus,mcq,100,30,0,30,4,9,1.000,0,0,
shape-hierarchy,rectangleNotSquare,mcq,100,30,0,30,4,26,1.000,0,0,
sorting-rules,equalSideGate,mcq,100,34,0,34,4,1,1.000,0,0,
non-examples,threeRightAngles,mcq,100,34,0,34,4,26,1.000,0,0,
non-examples,misfitPurpose,mcq,100,34,0,34,4,30,1.000,0,0,
non-examples,unequalSideReject,mcq,100,34,0,34,4,28,1.000,0,0,
partition-shapes,unitFractionSize,mcq,100,34,0,34,4,21,1.000,0,0,
place-value,zeroPlaceholder,mcq,100,34,0,34,4,23,1.000,0,0,
place-value,composeNumber,numeric,100,34,0,34,34,34,1.000,0,0,
expanded-form,addTensExpanded,numeric,100,34,0,34,34,34,1.000,0,0,
compare-numbers,leadingDigitError,mcq,100,34,0,34,4,34,1.000,0,0,
compare-numbers,scoreChain,numeric,100,34,0,34,34,34,1.000,0,0,
mental-add,addByJumps,numeric,100,34,0,34,32,34,1.000,0,0,
mental-add,bonusThenLoss,numeric,100,34,0,34,33,34,1.000,0,0,
regroup-add,default,mcq,100,100,0,100,4,96,1.000,0,0,
regroup-sub,columnBorrow,columnCalc,100,34,0,34,25,34,1.000,0,0,
regroup-sub,threeDigitSubtract,numeric,100,34,0,34,34,34,1.000,0,0,
regroup-sub,chairsReturn,numeric,100,34,0,34,34,34,1.000,0,0,
estimate-check,guardSum,numeric,100,34,0,34,7,34,1.000,0,0,
estimate-check,estimateCertainty,mcq,100,34,0,34,4,34,1.000,0,0,
estimate-check,correctDifference,numeric,100,34,0,34,33,34,1.000,0,0,
tens-problems,badTicketClaim,mcq,100,34,0,34,4,32,1.000,0,0,
bar-graph,scalePurpose,mcq,100,34,0,34,4,23,1.000,0,0,
line-plot,totalCount,numeric,100,30,0,30,8,30,1.000,0,0,
line-plot,halfMarks,numeric,100,30,0,30,7,30,1.000,0,0,
line-plot,fractionMode,mcq,100,30,0,30,4,30,1.000,0,0,
line-plot,fractionTotal,numeric,100,30,0,30,13,30,1.000,0,0,
line-plot,atOrAbove,numeric,100,30,0,30,11,30,1.000,0,0,
line-plot,ddDotTotal,numeric,100,30,0,30,14,30,1.000,0,0,
line-plot,ddDotDataSet,mcq,100,30,0,30,3,30,1.000,0,0,
line-plot,ddDotMissingValue,mcq,100,30,0,30,3,23,1.000,0,0,
line-plot,ddDotMoreThan,numeric,100,30,0,30,10,30,1.000,0,0,
line-plot,ddShapeClusterCount,numeric,100,30,0,30,9,30,1.000,0,0,
area-multiply,coverChoice,mcq,100,50,0,50,4,35,1.000,0,0,
area-distributive,preserveReason,mcq,100,34,0,34,4,33,1.000,0,0,
mult-meaning,whichOperation,mcq,100,34,0,34,4,29,1.000,0,0,
double-double,whichFact,mcq,100,34,0,34,4,21,1.000,0,0,
commutativity,packsPlus,numeric,100,34,0,34,24,34,1.000,0,0,
distributive,missingPiece,mcq,100,30,0,30,4,20,1.000,0,0,
distributive,factorError,mcq,100,30,0,30,4,28,1.000,0,0,
unknown-position,totalUnknown,mcq,100,34,0,34,4,1,1.000,0,0,
addition-patterns,parityPredict,mcq,100,34,0,34,4,34,1.000,0,0,
g7-triangle-inequality,ruleApplied,mcq,100,30,0,30,4,30,1.000,0,0,
pr-unit-rate-g7,rrDivisionChoice,mcq,100,30,0,30,3,27,1.000,0,0,
pr-unit-rate-g7,rrCompareRates,proportionalReasoningLab,100,30,0,30,3,28,1.000,0,0,
pr-unit-rate-g7,rrBestBuyThree,proportionalReasoningLab,100,30,0,30,3,30,1.000,0,0,
pr-unit-rate-g7,rrPredictOutput,proportionalReasoningLab,100,30,0,30,23,30,1.000,0,0,
pr-unit-rate-g7,rrSteadyAssumption,proportionalReasoningLab,100,30,0,30,3,28,1.000,0,0,
pr-unit-rate-g7,rrCheaperStore,proportionalReasoningLab,100,30,0,30,18,30,1.000,0,0,
pr-test-proportional-g7,nonProportional,proportionalReasoningLab,100,34,0,34,4,34,1.000,0,0,
pr-constant-k-g7,constantFraction,proportionalReasoningLab,100,30,0,30,3,26,1.000,11,11,
pr-constant-k-g7,constantApply,proportionalReasoningLab,100,30,0,30,22,30,1.000,0,0,
pr-constant-k-g7,rrWrongRow,mcq,100,30,0,30,3,30,1.000,0,0,
g7-signed-addition,sameChallenge,numeric,100,30,0,30,23,30,1.000,0,1,
g7-signed-decimal-add,default,numeric,100,100,0,100,96,100,1.000,0,54,
g7-mixed-rational,account,exactNumberLab,500,125,0,125,124,125,1.000,0,0,
g7-tse-expression-build,tseCombineDistMinus,buildExpression,100,30,0,30,1,30,1.000,0,0,
g7-tse-inequality-build,tseIneqPosA,buildExpression,500,30,0,30,1,30,1.000,0,0,
g7-tse-inequality-build,tseIneqNegB,buildExpression,500,30,0,30,1,30,1.000,0,0,
g7-tse-inequality-build,testPoint,mcq,500,30,0,30,3,29,1.000,0,0,
g7-sp-sample-estimate,spEstimateStore,numeric,100,30,0,30,28,30,1.000,0,0,
g7-sp-sample-estimate,spEstimateFactory,numeric,100,30,0,30,30,30,1.000,0,0,
g7-sp-sample-reliability,spReliabilityCommute,mcq,100,34,0,34,3,1,1.000,0,0,
g7-sp-sample-reliability,spReliabilityCluster,mcq,100,34,0,34,3,34,1.000,0,0,
g7-sp-gap-units,spGapForwardA,distributionCompareLab,100,30,0,30,6,30,1.000,0,0,
g7-sp-gap-units,spGapForwardB,distributionCompareLab,100,30,0,30,6,30,1.000,0,0,
g7-sp-gap-units,spGapReverse,distributionCompareLab,100,30,0,30,7,29,1.000,0,0,
g7-sp-gap-units,spGapChallenge,distributionCompareLab,100,30,0,30,7,30,1.000,0,0,
g7-sp-gap-units,spGapOverlapA,distributionCompareLab,100,30,0,30,7,30,1.000,0,0,
g7-sp-gap-units,spGapOverlapB,distributionCompareLab,100,30,0,30,5,30,1.000,0,0,
g7-sp-gap-units,spGapRealA,distributionCompareLab,100,30,0,30,7,30,1.000,0,0,
g7-sp-gap-units,spGapRealB,distributionCompareLab,100,30,0,30,7,30,1.000,0,0,
g7-complementary,noAngleComplement,mcq,100,34,0,34,4,29,1.000,0,0,
g8-esn-compare,esnCompareDifferent,mcq,100,30,0,30,4,29,1.000,0,0,
g8-esn-compare,esnCompareSame,mcq,100,30,0,30,4,30,1.000,0,0,
g8-rns-decimal-classify,rnsChooseTerminate,quotientReasoningLab,500,56,0,56,4,1,1.000,0,0,
g8-rns-root-classify,rnsRootPickRational,exactNumberLab,500,63,0,63,4,1,1.000,0,0,
g8-rns-root-classify,rnsRootAllIrrational,exactNumberLab,500,63,0,63,4,1,1.000,0,0,
g8-rns-root-classify,rnsClassifyMixed,dragBucket,500,63,0,63,1,1,1.000,0,0,
g8-rns-root-classify,rnsClassifyPickRational,mcq,500,63,0,63,4,1,1.000,63,63,
g8-rns-density,rnsDensityBetweenAny,exactNumberLab,500,125,0,125,4,119,1.000,0,0,
g8-rns-root-estimate,rnsCloserInteger,mcq,100,30,0,30,4,28,1.000,0,0,
g8-rns-compare-estimate,rnsCompareRootDecimal,mcq,100,30,0,30,4,10,1.000,0,0,
g8-rns-compare-estimate,rnsRootTimesItself,mcq,100,30,0,30,4,26,1.000,0,0,
g8-tm-triangle-exterior,tmExteriorThird,numeric,100,50,0,50,41,50,1.000,0,0,
g8-tm-rigid-motion,tmTranslateY,numeric,100,30,0,30,19,30,1.000,0,0,
g8-tm-rigid-motion,tmTranslateRule,mcq,100,30,0,30,4,30,1.000,0,0,
g8-tm-rigid-motion,tmRotatePoint,mcq,100,30,0,30,4,29,1.000,0,0,
g8-tm-angle-angle,tmAASimilar,geometricConstraintLab,500,125,0,125,4,120,1.000,0,0,
g8-tm-angle-angle,tmAANotSimilar,geometricConstraintLab,500,125,0,125,4,125,1.000,0,0,
g8-tm-pythagorean-converse,tmDistanceOffset,numeric,100,30,0,30,14,30,1.000,0,0,
g8-tm-pythagorean-converse,tmConverseSort,dragBucket,100,30,0,30,9,1,1.000,0,0,
g8-bv-scatter-basics,bvScatterCount,mcq,100,30,0,30,4,29,1.000,0,0,
g8-bv-interpret,bvInterpretInterceptA,mcq,100,30,0,30,4,29,1.000,0,0,
g8-bv-interpret,bvInterpretSlope,mcq,100,30,0,30,4,30,1.000,0,0,
g8-bv-interpret,bvInterpretInterceptB,mcq,100,30,0,30,4,30,1.000,0,0,
g8-bv-interpret,bvInterpretSort,dragBucket,100,30,0,30,1,30,1.000,0,0,
g8-bv-prediction-limits,bvLimitExtrapolate,mcq,100,30,0,30,4,30,1.000,0,0,
g8-bv-prediction-limits,bvLimitTrust,mcq,100,30,0,30,4,28,1.000,0,0,
g8-bv-prediction-limits,bvLimitSort,dragBucket,100,30,0,30,1,29,1.000,0,0,
g8-bv-relative-frequency,bvRelGroup,conditionalTableLab,100,30,0,30,6,27,1.000,0,0,
g8-bv-relative-frequency,bvRelAllA,conditionalTableLab,100,30,0,30,14,29,1.000,0,0,
g8-bv-relative-frequency,bvRelDivide,conditionalTableLab,100,30,0,30,7,26,1.000,0,0,
g8-bv-relative-frequency,bvRelAllB,conditionalTableLab,100,30,0,30,12,26,1.000,0,0,
g8-bv-categorical-association,bvCatAssociation,mcq,100,30,0,30,4,30,1.000,0,0,
g8-bv-categorical-association,bvCatConclusion,mcq,100,30,0,30,4,30,1.000,0,0,
g8-tm-cylinder-volume,tmCylinderBase,mcq,100,30,0,30,4,26,1.000,0,0,
g8-les-isolate-variable,lesIsolateWhy,mcq,100,30,0,30,4,29,1.000,0,0,
g8-les-distribute-solve,lesExpand,mcq,100,30,0,30,4,24,1.000,0,0,
g8-les-distribute-solve,lesExpandMatch,matchPairs,100,30,0,30,1,1,1.000,0,0,
g8-les-distribute-solve,lesDistributeBoth,numeric,100,30,0,30,10,30,1.000,0,0,
g8-les-solution-count,lesNoDirect,equationOutcomeLab,100,30,0,30,4,29,1.000,0,0,
g8-les-solution-count,lesNoChoose,mcq,100,30,0,30,4,1,1.000,0,0,
g8-les-solution-count,lesNoDistribute,equationOutcomeLab,100,30,0,30,4,28,1.000,0,0,
g8-les-solution-count,lesInfiniteChoose,mcq,100,30,0,30,4,1,1.000,0,0,
g8-les-solution-count,lesInfiniteMeaning,mcq,100,30,0,30,4,18,1.000,0,0,
g8-les-solution-count,lesInfiniteBlank,mcq,100,30,0,30,4,24,1.000,0,0,
g8-les-solution-count,lesClassifyOne,mcq,100,30,0,30,4,30,1.000,0,0,
g8-les-solution-count,lesClassifySame,mcq,100,30,0,30,4,25,1.000,0,0,
g8-les-solution-count,lesClassifyDistributed,mcq,100,30,0,30,4,21,1.000,0,0,
g8-les-system-meaning,lesPointFailsSecond,mcq,100,30,0,30,4,30,1.000,0,0,
g8-les-system-meaning,lesPointSolveA,mcq,100,30,0,30,4,28,1.000,0,0,
g8-les-system-meaning,lesPointSolveChallenge,mcq,100,30,0,30,4,30,1.000,0,0,
g8-les-system-graphing,lesGraphYChallenge,numeric,100,30,0,30,20,30,1.000,0,0,
g8-les-system-count,lesCountParallelInt,mcq,100,30,0,30,4,29,1.000,0,0,
g8-les-system-count,lesCountParallelSigned,mcq,100,30,0,30,4,30,1.000,0,0,
g8-les-system-count,lesCountParallelFraction,mcq,100,30,0,30,4,30,1.000,0,0,
g8-les-system-count,lesCountSame,mcq,100,30,0,30,4,24,1.000,0,0,
g8-fn-function-definition,fgFunctionRepeatedInput,mcq,100,30,0,30,4,27,1.000,0,0,
g8-fn-function-definition,fgFunctionTableRepeated,mcq,100,30,0,30,4,30,1.000,0,0,
g8-fn-vertical-line,fgVltLine,mcq,100,30,0,30,4,25,1.000,0,0,
g8-fn-vertical-line,fgVltSideways,mcq,100,30,0,30,4,28,1.000,0,0,
g8-fn-vertical-line,fgVltUpright,mcq,100,30,0,30,4,26,1.000,0,0,
g8-fn-rate-of-change,fgRatePositive,numeric,100,30,0,30,11,30,1.000,0,0,
g8-fn-rate-of-change,fgRateNegative,numeric,100,30,0,30,10,30,1.000,0,0,
g8-fn-rate-of-change,fgRateContext,numeric,100,30,0,30,10,30,1.000,0,0,
g8-fn-constant-slope,fgSlopePoints,numeric,100,30,0,30,11,30,1.000,0,0,
g8-fn-constant-slope,fgSlopeSigned,numeric,100,30,0,30,10,30,1.000,0,0,
g8-fn-initial-value,fgInitialEquation,mcq,100,30,0,30,4,27,1.000,0,0,
g8-fn-initial-value,fgInitialEquationTwoPoints,mcq,100,30,0,30,4,27,1.000,0,0,
g8-fn-same-function-forms,fgFormsTableEquation,mcq,100,30,0,30,4,27,1.000,0,0,
g8-fn-same-function-forms,fgFormsOddOne,mcq,100,30,0,30,4,27,1.000,0,0,
g8-fn-compare-rates,fgCompareThree,affineRelationshipLab,500,125,0,125,4,113,1.000,0,0,
g8-fn-linear-nonlinear,fgLinearTableNonlinear,mcq,100,30,0,30,4,26,1.000,0,0,
g8-fn-linear-nonlinear,fgLinearSort,dragBucket,100,30,0,30,10,1,1.000,0,0,
g8-fn-qualitative-graphs,fgQualDirection,graphStoryLab,100,30,0,30,4,17,1.000,0,0,
g8-fn-qualitative-graphs,fgQualFlattening,graphStoryLab,100,30,0,30,4,17,1.000,0,0,
g8-fn-graph-stories,fgStoryIncreasingGrowth,graphStoryLab,100,30,0,30,4,11,1.000,0,0,
g8-fn-graph-stories,fgStoryFastStopSlow,graphStoryLab,100,30,0,30,20,18,1.000,0,0,
g0-counting,countAddMcq,mcq,500,30,0,30,4,26,1.000,0,0,
g0-counting,countDecomposeMcq,mcq,500,30,0,30,4,10,1.000,0,0,
g0-counting,countMoreFewerMcq,mcq,500,30,0,30,4,23,1.000,0,0,
g0-counting,countOrderDrag,dragOrder,500,30,0,30,2,1,1.000,0,0,
g0-counting,countSubtractMcq,mcq,500,30,0,30,4,18,1.000,0,0,
g0-shapes-sorting,shapeSortTap,tapDiagram,500,34,0,34,3,1,1.000,0,0,
k0-count-100,kSeqNextMcq,mcq,500,34,0,34,4,26,1.000,0,0,
k0-count-100,kSeqMissingMcq,mcq,500,34,0,34,4,27,1.000,0,0,
k0-count-100,kTensOrderDrag,dragOrder,500,34,0,34,1,1,1.000,0,0,
k0-count-100,kChartRowMcq,mcq,500,34,0,34,4,27,1.000,0,0,
k0-count-100,kChartMissingMcq,mcq,500,34,0,34,4,25,1.000,0,0,
k0-count-100,kSeqOrderDrag,dragOrder,500,34,0,34,1,1,1.000,0,0,
g1-data,GdTotalNumeric,numeric,100,30,0,30,11,30,1.000,0,0,
g1-data,GdCompareNumeric,numeric,100,30,0,30,6,30,1.000,0,0,
g1-data,GdMostMcq,mcq,100,30,0,30,4,30,1.000,0,0,
g1-data,GdLeastMcq,mcq,100,30,0,30,4,30,1.000,0,0,
g1-data,GdNotCategoryNumeric,numeric,100,30,0,30,12,30,1.000,0,0,
g1-data,GdInterpretMcq,mcq,100,30,0,30,4,30,1.000,0,0,
g1-add-subtract,CountBackMcq,mcq,500,30,0,30,4,19,1.000,0,0,
g1-add-subtract,DifferenceMcq,mcq,500,30,0,30,4,22,1.000,0,0,
g1-add-subtract,EqualSignMcq,mcq,500,30,0,30,4,28,1.000,0,0,
g1-add-subtract,PartWholeMcq,mcq,500,30,0,30,4,28,1.000,0,0,
g1-add-subtract,ResultUnknownMcq,mcq,500,30,0,30,4,20,1.000,0,0,
g1-add-subtract,TensPartnersMcq,mcq,500,30,0,30,4,1,1.000,0,0,
g1-counting-120,ChartFindMcq,mcq,500,30,0,30,4,28,1.000,0,0,
g1-counting-120,CountPileMcq,mcq,500,30,0,30,4,30,1.000,0,0,
g1-counting-120,CountSequenceMcq,mcq,500,30,0,30,4,1,1.000,0,0,
g1-counting-120,MixJumpsNumeric,numeric,500,30,0,30,26,30,1.000,0,0,
g1-counting-120,OneMoreLessMcq,mcq,500,30,0,30,4,21,1.000,0,0,
g1-counting-120,SkipTenMcq,mcq,500,30,0,30,4,22,1.000,0,0,
g1-counting-120,TensOnesMcq,mcq,500,30,0,30,4,26,1.000,0,0,
g2-add-subtract-100,Add2DigitNumeric,numeric,500,30,0,30,24,30,1.000,0,0,
g2-add-subtract-100,Add2DigitMcq,mcq,500,30,0,30,4,30,1.000,0,0,
g2-add-subtract-100,AddOnesNumeric,numeric,500,30,0,30,27,30,1.000,0,0,
g2-add-subtract-100,AddOnesMcq,mcq,500,30,0,30,4,30,1.000,0,0,
g2-add-subtract-100,ChooseStepsNumeric,numeric,500,30,0,30,25,30,1.000,0,0,
g2-add-subtract-100,ChooseStepsMcq,mcq,500,30,0,30,4,29,1.000,0,0,
g2-add-subtract-100,Fluency20Mcq,mcq,500,30,0,30,4,10,1.000,0,0,
g2-add-subtract-100,OddEvenMcq,mcq,500,30,0,30,4,1,1.000,0,0,
g2-add-subtract-100,Sub2DigitMcq,mcq,500,30,0,30,4,29,1.000,0,0,
g2-add-subtract-100,SubOnesMcq,mcq,500,30,0,30,4,28,1.000,0,0,
g2-add-subtract-100,TwoStepTradeNumeric,numeric,500,30,0,30,23,30,1.000,0,0,
g2-add-subtract-100,TwoStepTradeMcq,mcq,500,30,0,30,4,29,1.000,0,0,
g2-add-subtract-100,UnbundleSubMcq,mcq,500,30,0,30,4,28,1.000,0,0,
g2-measure-money-time,MmtLengthCompareMcq,mcq,500,36,0,36,4,36,1.000,0,0,
g2-place-value-1000,Pv1000AddByPlaceNumeric,numeric,500,30,0,30,28,30,1.000,0,0,
g2-place-value-1000,Pv1000AddTradeNumeric,numeric,500,30,0,30,30,30,1.000,0,0,
g2-place-value-1000,Pv1000BuildNumberNumeric,numeric,500,30,0,30,30,30,1.000,0,0,
g2-place-value-1000,Pv1000DigitWorthNumeric,numeric,500,30,0,30,18,30,1.000,0,0,
g2-place-value-1000,Pv1000MixedNumeric,numeric,500,30,0,30,29,30,1.000,0,0,
g2-place-value-1000,Pv1000OrderMixedMcq,mcq,500,30,0,30,4,30,1.000,0,0,
g2-place-value-1000,Pv1000OrderMixedNumeric,numeric,500,30,0,30,30,30,1.000,0,0,
g2-place-value-1000,Pv1000RealworldNumeric,numeric,500,30,0,30,30,30,1.000,0,0,
g2-place-value-1000,Pv1000SubtractByPlaceNumeric,numeric,500,30,0,30,28,30,1.000,0,0,
g2-place-value-1000,Pv1000SubtractTradeNumeric,numeric,500,30,0,30,30,30,1.000,0,0,
g2-place-value-1000,Pv1000TradingNumeric,numeric,500,30,0,30,30,30,1.000,0,0,
g2-place-value-1000,Pv1000WriteWordsBuildExpression,buildExpression,500,30,0,30,30,30,1.000,0,0,
g4-fractions,faEquivalenceRuleNumeric,numeric,500,30,0,30,13,30,1.000,0,0,
g4-fractions,faBenchmarkCompareMcq,exactNumberLab,500,30,0,30,4,23,1.000,0,0,
g4-fractions,faBenchmarkOrderMcq,mcq,500,30,0,30,4,30,1.000,0,0,
g4-fractions,faLikeDenomWordMcq,mcq,500,30,0,30,4,29,1.000,0,0,
g4-fractions,faMixedAddSubMixed,mixedRegroup,500,30,0,30,21,30,1.000,0,0,
g4-fractions,faWholeTimesFractionMcq,mcq,500,30,0,30,4,29,1.000,0,0,
g4-decimals,dReadDecimalMcq,mcq,500,34,0,34,4,21,1.000,0,0,
g4-decimals,dPlaceNameMcq,mcq,500,34,0,34,4,29,1.000,0,0,
g4-decimals,dDecimalToFractionMcq,mcq,500,34,0,34,4,25,1.000,0,0,
g4-decimals,dCompareRational,rationalCompare,500,34,0,34,2,34,1.000,0,0,
g4-decimals,dOrderDrag,dragOrder,500,34,0,34,2,1,1.000,0,0,
g4-lines-angles,laReadingFiguresNumeric,numeric,100,30,0,30,26,30,1.000,0,0,
g4-measure,mcPerimeterFormulaMcq,mcq,100,30,0,30,4,29,1.000,0,0,
g4-measure,mcProtractorReadingNumeric,numeric,100,30,0,30,26,30,1.000,0,0,
g4-multiply,mbComparisonEquationsMcq,mcq,500,30,0,30,4,25,1.000,0,0,
g4-multiply,mbMultiplyTensMcq,mcq,500,30,0,30,4,23,1.000,0,0,
g4-multiply,mbAreaModel1DigitMcq,mcq,500,30,0,30,4,29,1.000,0,0,
g4-multiply,mbAreaModel1DigitNumeric,numeric,500,30,0,30,29,30,1.000,0,0,
g4-multiply,mbAreaModel2DigitMcq,mcq,500,30,0,30,4,30,1.000,0,0,
g4-multiply,mbAreaModel2DigitNumeric,numeric,500,30,0,30,30,30,1.000,0,0,
g4-multiply,mbRemaindersMcq,mcq,500,30,0,30,4,7,1.000,0,0,
g4-multiply,mbInterpretRemaindersMcq,mcq,500,30,0,30,4,29,1.000,0,0,
g4-multiply,mbInterpretRemaindersNumeric,numeric,500,30,0,30,19,30,1.000,0,0,
g4-multiply,mbPatternsMcq,mcq,500,30,0,30,4,18,1.000,0,0,
g4-place-million,pvPlaceLadderMcq,mcq,500,30,0,30,4,30,1.000,0,0,
g4-place-million,pvPlaceLadderNumeric,numeric,500,30,0,30,23,30,1.000,0,3,
g4-place-million,pvTenTimesNumeric,numeric,500,30,0,30,30,30,1.000,0,0,
g4-place-million,pvPlaceNamesNumeric,numeric,500,30,0,30,8,30,1.000,0,4,
g4-place-million,pvNumberFormsMcq,mcq,500,30,0,30,4,28,1.000,0,0,
g4-place-million,pvNumberFormsNumeric,numeric,500,30,0,30,30,30,1.000,0,12,
g4-place-million,pvReadingBigNumeric,numeric,500,30,0,30,9,30,1.000,0,4,
g4-place-million,pvRoundingMcq,placeValueTransformLab,500,30,0,30,3,30,1.000,0,0,
g4-place-million,pvRoundingNumeric,placeValueTransformLab,500,30,0,30,28,30,1.000,0,0,
g4-place-million,pvFrontEndNumeric,numeric,500,30,0,30,29,30,1.000,0,21,
g4-place-million,pvAddColumn,columnCalc,500,30,0,30,30,30,1.000,0,0,
g4-place-million,pvAddNumeric,numeric,500,30,0,30,30,30,1.000,0,0,
g4-place-million,pvSubtractColumn,columnCalc,500,30,0,30,30,30,1.000,0,0,
g4-place-million,pvSubtractNumeric,numeric,500,30,0,30,30,30,1.000,0,0,
g4-place-million,pvAcrossZerosColumn,columnCalc,500,30,0,30,30,30,1.000,0,0,
g4-place-million,pvAcrossZerosNumeric,numeric,500,30,0,30,30,30,1.000,0,0,
g4-place-million,pvCompareBigMcq,mcq,500,30,0,30,4,30,1.000,0,0,
g4-place-million,pvCompareBigNumeric,numeric,500,30,0,30,3,30,1.000,0,0,
g4-place-million,pvOrderBigMcq,mcq,500,30,0,30,4,30,1.000,0,0,
g4-place-million,pvOrderBigNumeric,numeric,500,30,0,30,30,30,1.000,0,0,
a1-exponential,exp-compare__mcq,mcq,500,42,0,42,4,41,1.000,0,0,
a1-exponential,exp-graph-read__mcq,mcq,500,42,0,42,4,26,1.000,0,0,
a1-exponential,exp-growth-decay__mcq,mcq,500,42,0,42,4,30,1.000,0,0,
a1-exponential,exp-vs-linear__mcq,mcq,500,42,0,42,4,25,1.000,0,0,
a1-polynomials,exponent-power__mcq,mcq,100,30,0,30,4,20,1.000,0,0,
a1-polynomials,poly-mul-binomial__mcq,mcq,100,30,0,30,4,30,1.000,0,0,
a1-linear-functions,line-from-point-slope__mcq,mcq,500,30,0,30,4,30,1.000,0,0,
a1-linear-functions,line-from-point-slope__numeric,exactNumberLab,500,30,0,30,20,30,1.000,0,0,
a1-linear-functions,line-from-two-points__numeric,exactNumberLab,500,30,0,30,11,30,1.000,0,0,
a1-linear-functions,parallel-perpendicular__numeric,exactNumberLab,500,30,0,30,20,30,1.000,0,0,
a1-linear-functions,point-slope-read__mcq,mcq,500,30,0,30,4,29,1.000,0,0,
a1-linear-functions,slope-formula__mcq,mcq,500,30,0,30,4,30,1.000,0,0,
a1-linear-functions,slope-intercept-graph__mcq,mcq,500,30,0,30,4,28,1.000,0,0,
a1-linear-functions,slope-intercept-read__mcq,mcq,500,30,0,30,4,26,1.000,0,0,
a1-linear-functions,slope-intercept-read__numeric,exactNumberLab,500,30,0,30,21,30,1.000,0,0,
a1-linear-functions,slope-sign__matchPairs,matchPairs,500,30,0,30,1,1,1.000,0,0,
a1-quadratics,quad-apply-choose__numeric,numeric,100,30,0,30,20,30,1.000,0,0,
a1-quadratics,quad-factor-solve__mcq,mcq,100,30,0,30,4,22,1.000,0,0,
a1-quadratics,quad-transform__mcq,mcq,100,30,0,30,4,30,1.000,0,0,
a1-quadratics,quad-transform__numeric,numeric,100,30,0,30,10,30,1.000,0,0,
a1-quadratics,quad-vertex-form__mcq,mcq,100,30,0,30,4,29,1.000,0,0,
a1-quadratics,quad-vertex-form__numeric,numeric,100,30,0,30,14,30,1.000,0,0,
a1-radicals,rad-simplify-factor__mcq,mcq,500,36,0,36,4,22,1.000,0,0,
a1-solving-equations,both-sides-inequality__buildExpression,buildExpression,100,30,0,30,1,30,1.000,0,0,
a1-solving-equations,both-sides__mcq,mcq,100,30,0,30,4,30,1.000,0,0,
a1-solving-equations,both-sides__numeric,numeric,100,30,0,30,16,30,1.000,0,0,
a1-solving-equations,decimal-eq__mcq,mcq,100,30,0,30,4,28,1.000,0,0,
a1-solving-equations,distribute-solve__mcq,mcq,100,30,0,30,4,19,1.000,0,0,
a1-solving-equations,flip-rule__mcq,mcq,100,30,0,30,4,26,1.000,0,0,
a1-solving-equations,fraction-eq__mcq,mcq,100,30,0,30,4,25,1.000,0,0,
a1-solving-equations,lcd-clear__mcq,mcq,100,30,0,30,4,24,1.000,0,0,
a1-solving-equations,solve-inequality__mcq,mcq,100,30,0,30,4,23,1.000,0,0,
a1-solving-equations,solve-inequality__numeric,numeric,100,30,0,30,14,30,1.000,0,0,
a1-solving-equations,two-step__mcq,mcq,100,30,0,30,4,30,1.000,0,0,
a1-systems,eliminate-add-subtract__numeric,affineRelationshipLab,500,34,0,34,12,34,1.000,17,17,
a1-systems,eliminate-scale-both__numeric,affineRelationshipLab,500,34,0,34,13,34,1.000,20,20,
a1-systems,eliminate-scale-one__numeric,affineRelationshipLab,500,34,0,34,13,34,1.000,9,9,
a1-systems,solve-by-graphing__mcq,mcq,500,34,0,34,4,32,1.000,0,0,
a1-systems,solve-by-graphing__numeric,affineRelationshipLab,500,34,0,34,11,34,1.000,0,0,
a1-systems,substitution-solve__mcq,mcq,500,34,0,34,4,34,1.000,0,0,
a1-systems,substitution-solve__numeric,affineRelationshipLab,500,34,0,34,12,34,1.000,0,0,
a1-systems,system-solution__mcq,mcq,500,34,0,34,4,32,1.000,0,0,
a1-systems,word-choose-interpret__mcq,mcq,500,34,0,34,4,25,1.000,0,0,
a1-systems,word-choose-interpret__numeric,exactNumberLab,500,34,0,34,7,34,1.000,0,0,
a1-systems,word-count-value__numeric,exactNumberLab,500,34,0,34,9,34,1.000,0,0,
a2-complex,cn-complex-plane__mcq,mcq,100,30,0,30,4,23,1.000,0,0,
a2-transformations,ft-full-rule__dragOrder,dragOrder,100,30,0,30,1,28,1.000,0,0,
a2-logarithms,lg-cob__mcq,mcq,500,30,0,30,4,13,1.000,0,0,
a2-logarithms,lg-exp-solve__mcq,mcq,500,30,0,30,4,20,1.000,0,0,
a2-logarithms,lg-halflife__mcq,mcq,500,30,0,30,4,30,1.000,0,0,
a2-logarithms,lg-log-solve__mcq,mcq,500,30,0,30,4,12,1.000,0,0,
a2-logarithms,lg-models__mcq,mcq,500,30,0,30,4,30,1.000,0,0,
a2-logarithms,lg-models__numeric,numeric,500,30,0,30,30,30,1.000,0,0,
a2-polynomials,pf-grouping__mcq,mcq,500,30,0,30,4,23,1.000,0,0,
a2-polynomials,pf-synthetic__buildExpression,buildExpression,500,30,0,30,1,30,1.000,0,0,
a2-radicals,re-both-sides__mcq,mcq,500,30,0,30,4,16,1.000,0,0,
a2-radicals,re-domains__mcq,mcq,500,30,0,30,4,11,1.000,0,0,
a2-radicals,re-sqrt-fn__mcq,mcq,500,30,0,30,4,26,1.000,0,0,
a2-rationals,rf-ha__mcq,mcq,500,30,0,30,4,20,1.000,0,0,
a2-rationals,rf-holes__mcq,mcq,500,30,0,30,4,25,1.000,0,0,
a2-rationals,rf-simplify__mcq,mcq,500,30,0,30,4,21,1.000,0,0,
a2-rationals,rf-variation__numeric,exactNumberLab,500,30,0,30,24,30,1.000,0,0,
a2-series,sr-arith-apply__dragOrder,dragOrder,100,30,0,30,1,29,1.000,0,0,
a2-series,sr-arith-apply__numeric,numeric,100,30,0,30,25,30,1.000,0,0,
a2-series,sr-convert__mcq,mcq,100,30,0,30,4,25,1.000,0,0,
g10-circle-theorems,cr-chord-arc__mcq,mcq,100,30,0,30,4,17,1.000,0,0,
g10-circle-theorems,cr-secant-angles__mcq,mcq,100,30,0,30,4,18,1.000,0,0,
g10-circle-theorems,cr-tangent-chord__mcq,mcq,100,30,0,30,4,18,1.000,0,0,
g10-constructions-proof,cp-angle-bisector__mcq,mcq,100,30,0,30,4,24,1.000,0,0,
g10-constructions-proof,cp-converses__mcq,mcq,100,30,0,30,4,24,1.000,0,0,
g10-constructions-proof,cp-hexagon__mcq,mcq,100,30,0,30,4,21,1.000,0,0,
g10-constructions-proof,cp-perp-at-point__mcq,mcq,100,30,0,30,4,28,1.000,0,0,
g10-constructions-proof,cp-perp-bisector__mcq,mcq,100,30,0,30,4,25,1.000,0,0,
g10-constructions-proof,cp-proving-transversal__mcq,mcq,100,30,0,30,4,24,1.000,0,0,
g10-constructions-proof,cp-tool-rules__mcq,mcq,100,30,0,30,4,19,1.000,0,0,
g10-constructions-proof,cp-why-works__mcq,mcq,100,30,0,30,4,25,1.000,0,0,
g10-coordinate-proofs,cx-circle-cts__mcq,mcq,100,30,0,30,4,25,1.000,0,0,
g10-coordinate-proofs,cx-circle-eq__mcq,mcq,100,30,0,30,4,20,1.000,0,0,
g10-coordinate-proofs,cx-classify-quad__mcq,mcq,100,30,0,30,4,26,1.000,0,0,
g10-coordinate-proofs,cx-parallel-proof__mcq,mcq,100,30,0,30,4,17,1.000,0,0,
g10-coordinate-proofs,cx-partition__mcq,mcq,100,30,0,30,4,19,1.000,0,0,
g10-geometry-foundations,gf-composition__mcq,mcq,100,30,0,30,4,25,1.000,0,0,
g10-geometry-foundations,gf-corresponding-parts__mcq,mcq,100,30,0,30,4,22,1.000,0,0,
g10-geometry-foundations,gf-find-motion__mcq,mcq,100,30,0,30,4,21,1.000,0,0,
g10-geometry-foundations,gf-line-symmetry__mcq,mcq,100,30,0,30,4,19,1.000,0,0,
g10-geometry-foundations,gf-notation__mcq,mcq,100,30,0,30,4,30,1.000,0,0,
g10-geometry-foundations,gf-reflection-rule__mcq,mcq,100,30,0,30,4,26,1.000,0,0,
g10-geometry-foundations,gf-translation-rule__mcq,mcq,100,30,0,30,4,17,1.000,0,0,
g10-polygons-quadrilaterals,pq-capstone__mcq,mcq,100,30,0,30,4,21,1.000,0,0,
g10-polygons-quadrilaterals,pq-hierarchy__mcq,mcq,100,30,0,30,4,25,1.000,0,0,
g10-polygons-quadrilaterals,pq-para-tests__mcq,mcq,100,30,0,30,4,27,1.000,0,0,
g10-polygons-quadrilaterals,pq-rectangle__mcq,mcq,100,30,0,30,4,23,1.000,0,0,
g10-polygons-quadrilaterals,pq-square__mcq,mcq,100,30,0,30,4,22,1.000,0,0,
g10-right-triangles,rt-classify__mcq,mcq,500,30,0,30,4,17,1.000,0,0,
g10-right-triangles,rt-converse__mcq,mcq,500,30,0,30,4,23,1.000,0,0,
g10-right-triangles,rt-elev-depress__mcq,mcq,500,30,0,30,4,19,1.000,0,0,
g10-right-triangles,rt-law-cosines__mcq,mcq,500,30,0,30,4,18,1.000,0,0,
g10-right-triangles,rt-law-sines__mcq,mcq,500,30,0,30,4,18,1.000,0,0,
g10-similarity,sy-aa__mcq,mcq,100,30,0,30,4,28,1.000,0,0,
g10-similarity,sy-altitude-similar__mcq,mcq,100,30,0,30,4,28,1.000,0,0,
g10-similarity,sy-area-perimeter__mcq,mcq,100,30,0,30,4,19,1.000,0,0,
g10-similarity,sy-criterion-choice__mcq,mcq,100,30,0,30,4,24,1.000,0,0,
g10-similarity,sy-dilation__mcq,mcq,100,30,0,30,4,16,1.000,0,0,
g10-similarity,sy-geometric-mean__mcq,mcq,100,30,0,30,4,21,1.000,0,0,
g10-similarity,sy-indirect__mcq,mcq,100,30,0,30,4,23,1.000,0,0,
g10-similarity,sy-sas-similar__mcq,mcq,100,30,0,30,4,23,1.000,0,0,
g10-similarity,sy-scale__mcq,mcq,100,30,0,30,4,17,1.000,0,0,
g10-similarity,sy-side-splitter-converse__mcq,mcq,100,30,0,30,4,26,1.000,0,0,
g10-similarity,sy-side-splitter__mcq,mcq,100,30,0,30,4,25,1.000,0,0,
g10-similarity,sy-solving-right__mcq,mcq,100,30,0,30,4,18,1.000,0,0,
g10-similarity,sy-sss-similar__mcq,mcq,100,30,0,30,4,25,1.000,0,0,
g10-solid-geometry,sg-cavalieri-limits__mcq,mcq,500,30,0,30,4,24,1.000,0,0,
g10-solid-geometry,sg-cavalieri__mcq,mcq,500,30,0,30,4,17,1.000,0,0,
g10-solid-geometry,sg-cross-sections__mcq,mcq,500,30,0,30,4,23,1.000,0,0,
g10-solid-geometry,sg-density__mcq,mcq,500,30,0,30,4,18,1.000,0,0,
g10-solid-geometry,sg-revolution__mcq,mcq,500,30,0,30,4,15,1.000,0,0,
g10-solid-geometry,sg-section-reasoning__mcq,mcq,500,30,0,30,4,22,1.000,0,0,
g10-triangle-congruence,tc-asa__mcq,mcq,100,30,0,30,4,19,1.000,0,0,
g10-triangle-congruence,tc-centers-choice__mcq,mcq,100,30,0,30,4,24,1.000,0,0,
g10-triangle-congruence,tc-circumcenter__mcq,mcq,100,30,0,30,4,24,1.000,0,0,
g10-triangle-congruence,tc-cpctc-practice__mcq,mcq,100,30,0,30,4,23,1.000,0,0,
g10-triangle-congruence,tc-cpctc__mcq,mcq,100,30,0,30,4,25,1.000,0,0,
g10-triangle-congruence,tc-hl__mcq,mcq,100,30,0,30,4,23,1.000,0,0,
g10-triangle-congruence,tc-incenter__mcq,mcq,100,30,0,30,4,18,1.000,0,0,
g10-triangle-congruence,tc-inequality-proofs__mcq,mcq,100,30,0,30,4,24,1.000,0,0,
g10-triangle-congruence,tc-midsegment__mcq,mcq,100,30,0,30,4,18,1.000,0,0,
g10-triangle-congruence,tc-overlapping__mcq,mcq,100,30,0,30,4,25,1.000,0,0,
g10-triangle-congruence,tc-sas__mcq,mcq,100,30,0,30,4,16,1.000,0,0,
g10-triangle-congruence,tc-ssa-fails__mcq,mcq,100,30,0,30,4,25,1.000,0,0,
g10-triangle-congruence,tc-sss__mcq,mcq,100,30,0,30,4,17,1.000,0,0,
g10-triangle-congruence,tc-triangle-inequality__mcq,mcq,100,30,0,30,4,18,1.000,0,0,
g12-conic-sections,conic-sections__co-ecc-unify__buildExpression,buildExpression,100,30,0,30,1,13,1.000,0,0,
g12-function-analysis,function-analysis__fna-graph-read__buildExpression,buildExpression,100,30,0,30,1,14,1.000,0,0,
g12-function-analysis,function-analysis__fna-graph-read__mcq,mcq,100,30,0,30,3,23,1.000,0,0,
g12-function-analysis,function-analysis__fna-inc-dec__buildExpression,buildExpression,100,30,0,30,1,25,1.000,0,0,
g12-limits-continuity,limits-continuity__lc-endbehavior__mcq,mcq,500,30,0,30,3,27,1.000,0,0,
g12-polar-parametric,polar-parametric__pp-eliminate__buildExpression,buildExpression,500,30,0,30,3,21,1.000,0,0,
g12-polar-parametric,polar-parametric__pp-parametrize__buildExpression,buildExpression,500,30,0,30,1,21,1.000,0,0,
g12-polar-parametric,polar-parametric__pp-polar-form__buildExpression,buildExpression,500,30,0,30,2,20,1.000,0,0,
g12-polynomial-rational-analysis,polynomial-rational-analysis__pra-boundary-rule__buildExpression,buildExpression,500,30,0,30,1,14,1.000,0,0,
g12-polynomial-rational-analysis,polynomial-rational-analysis__pra-conjugate__buildExpression,buildExpression,500,30,0,30,1,15,1.000,0,0,
g12-polynomial-rational-analysis,polynomial-rational-analysis__pra-ineq-scratch__buildExpression,buildExpression,500,30,0,30,2,21,1.000,0,0,
g12-polynomial-rational-analysis,polynomial-rational-analysis__pra-portrait__buildExpression,buildExpression,500,30,0,30,1,12,1.000,0,0,
g12-polynomial-rational-analysis,polynomial-rational-analysis__pra-rational-cuts__buildExpression,buildExpression,500,30,0,30,3,23,1.000,0,0,
g12-polynomial-rational-analysis,polynomial-rational-analysis__pra-rearrange__buildExpression,buildExpression,500,30,0,30,3,26,1.000,0,0,
g12-polynomial-rational-analysis,polynomial-rational-analysis__pra-signchart__buildExpression,buildExpression,500,30,0,30,3,25,1.000,0,0,
g12-polynomial-rational-analysis,polynomial-rational-analysis__pra-slant-when__mcq,mcq,500,30,0,30,3,26,1.000,0,0,
g12-trig-graphs-inverses,trig-graphs-inverses__tg-arcsin__mcq,mcq,500,30,0,30,3,27,1.000,0,0,
g12-trig-graphs-inverses,trig-graphs-inverses__tg-composition-trap__mcq,mcq,500,30,0,30,3,23,1.000,0,0,
g12-trig-graphs-inverses,trig-graphs-inverses__tg-cos-sin__buildExpression,buildExpression,500,30,0,30,1,17,1.000,0,0,
g12-trig-graphs-inverses,trig-graphs-inverses__tg-inverse-graphs__mcq,mcq,500,30,0,30,3,22,1.000,0,0,
g12-trig-graphs-inverses,trig-graphs-inverses__tg-mixed-comp__mcq,mcq,500,30,0,30,3,16,1.000,0,0,
g12-trig-identities-equations,trig-identities-equations__ti-prove__mcq,mcq,500,30,0,30,3,22,1.000,0,0,
g12-trig-identities-equations,trig-identities-equations__ti-tan-ladder__mcq,mcq,500,30,0,30,3,20,1.000,0,0,
g13-curve-analysis,curve-analysis__ca-concavity__mcq,mcq,100,30,0,30,4,14,1.000,0,0,
g13-curve-analysis,curve-analysis__ca-critical-point__mcq,mcq,100,30,0,30,4,14,1.000,0,0,
g13-curve-analysis,curve-analysis__ca-optimisation-applied__mcq,mcq,100,30,0,30,4,24,1.000,0,0,
g13-curve-analysis,curve-analysis__ca-optimisation-setup__dragOrder,dragOrder,100,30,0,30,1,16,1.000,0,0,
g13-curve-analysis,curve-analysis__ca-read-f-prime__mcq,mcq,100,30,0,30,4,21,1.000,0,0,
g13-curve-analysis,curve-analysis__ca-rolle__mcq,mcq,100,30,0,30,4,16,1.000,0,0,
g13-curve-analysis,curve-analysis__ca-second-derivative-test__mcq,mcq,100,30,0,30,4,21,1.000,0,0,
g13-derivative-rules,derivative-rules__dr-chain-rule__mcq,mcq,100,30,0,30,4,15,1.000,0,0,
g13-derivative-rules,derivative-rules__dr-differentiability__mcq,mcq,100,30,0,30,4,16,1.000,0,0,
g13-derivative-rules,derivative-rules__dr-limit-definition__mcq,mcq,100,30,0,30,4,15,1.000,0,0,
g13-derivative-rules,derivative-rules__dr-sign-of-derivative__matchPairs,matchPairs,100,30,0,30,1,16,1.000,0,0,
g13-derivatives-in-context,derivatives-in-context__dc-choosing-relation__dragBucket,dragBucket,100,30,0,30,15,18,1.000,0,0,
g13-derivatives-in-context,derivatives-in-context__dc-ladder__mcq,mcq,100,30,0,30,4,15,1.000,0,0,
g13-derivatives-in-context,derivatives-in-context__dc-other-forms__mcq,mcq,100,30,0,30,4,13,1.000,0,0,
g13-derivatives-in-context,derivatives-in-context__dc-related-rates__mcq,mcq,100,30,0,30,4,21,1.000,0,0,
g13-derivatives-in-context,derivatives-in-context__dc-speed__dragBucket,dragBucket,100,30,0,30,16,15,1.000,0,0,
g13-differential-equations,differential-equations__de-logistic__mcq,mcq,100,30,0,30,4,20,1.000,0,0,
g13-differential-equations,differential-equations__de-separable__buildExpression,buildExpression,100,30,0,30,1,16,1.000,0,0,
g13-differential-equations,differential-equations__de-separable__mcq,mcq,100,30,0,30,4,22,1.000,0,0,
g13-differential-equations,differential-equations__de-slope-field__matchPairs,matchPairs,100,30,0,30,1,14,1.000,0,0,
g13-differential-equations,differential-equations__de-slope-field__mcq,mcq,100,30,0,30,4,23,1.000,0,0,
g13-integration-accumulation,integration-accumulation__in-accumulation__mcq,mcq,500,30,0,30,4,17,1.000,0,0,
g13-integration-accumulation,integration-accumulation__in-choosing-u__dragBucket,dragBucket,500,30,0,30,18,16,1.000,0,0,
g13-integration-accumulation,integration-accumulation__in-constant-of-integration__mcq,mcq,500,30,0,30,4,20,1.000,0,0,
g13-integration-accumulation,integration-accumulation__in-ftc1__mcq,mcq,500,30,0,30,4,22,1.000,0,0,
g13-integration-accumulation,integration-accumulation__in-ftc2__mcq,mcq,500,30,0,30,4,16,1.000,0,0,
g13-integration-accumulation,integration-accumulation__in-riemann__mcq,mcq,500,30,0,30,4,20,1.000,0,0,
g13-integration-accumulation,integration-accumulation__in-squeeze__mcq,mcq,500,30,0,30,4,22,1.000,0,0,
g13-integration-accumulation,integration-accumulation__in-usub__mcq,mcq,500,30,0,30,4,14,1.000,0,0,
g13-integration-applications,integration-applications__ia-average-value__mcq,mcq,100,30,0,30,4,13,1.000,0,0,
g13-integration-applications,integration-applications__ia-disc__mcq,mcq,100,30,0,30,4,24,1.000,0,0,
g13-parametric-polar-calculus,parametric-polar-calculus__pc-parametric-derivative__mcq,mcq,100,30,0,30,4,15,1.000,0,0,
g13-series-convergence,series-convergence__sc-comparison__dragBucket,dragBucket,100,30,0,30,19,15,1.000,0,0,
g13-series-convergence,series-convergence__sc-comparison__mcq,mcq,100,30,0,30,4,22,1.000,0,0,
g13-series-convergence,series-convergence__sc-nth-term__mcq,mcq,100,30,0,30,4,25,1.000,0,0,
g13-series-convergence,series-convergence__sc-power-ops__mcq,mcq,100,30,0,30,4,23,1.000,0,0,
g13-series-convergence,series-convergence__sc-taylor__mcq,mcq,100,30,0,30,4,21,1.000,0,0,
g10-conditional-probability,conditional-probability__cpr-indep-vs-disjoint__dragBucket,dragBucket,100,30,0,30,19,17,1.000,0,0,
g10-conditional-probability,conditional-probability__cpr-indep-vs-disjoint__matchPairs,matchPairs,100,30,0,30,1,13,1.000,0,0,
g10-conditional-probability,conditional-probability__cpr-indep-vs-disjoint__mcq,mcq,100,30,0,30,4,15,1.000,0,0,
g10-conditional-probability,conditional-probability__cpr-marginal-prob__mcq,mcq,100,30,0,30,4,14,1.000,0,0,
g10-conditional-probability,conditional-probability__cpr-reversal-error__mcq,mcq,100,30,0,30,4,16,1.000,0,0,
