# sourceSeal=3f0bb4a window=10 — a windowDuplicate is the same widget twice inside 10 consecutive draws. distinctWidgets IS A LOWER BOUND: it cannot exceed the sample count, so a pair reporting 28 distinct in 30 draws has a pool of AT LEAST 28 and possibly far more. Only pairs that saturated well below their sample count (the pool-below-window rows) measure a true ceiling.
generator,form,widgetType,verdict,samples,distinctWidgets,windowDuplicates,globalDuplicates,globalDuplicateRate,window
root-solve,cube,buildExpression,pool-below-window,50,4,45,46,0.920,10
shape-identify,solid,tapDiagram,pool-below-window,50,4,44,46,0.920,10
shape-identify,rollStack,tapDiagram,pool-below-window,50,4,43,46,0.920,10
power-product,tenPower,numeric,pool-below-window,46,4,39,42,0.913,10
g4-measure,mcDegreeMeasurementNumeric,numeric,pool-below-window,30,4,26,26,0.867,10
angle-equation,lineThree,numeric,pool-below-window,30,4,25,26,0.867,10
equiv-test,squareVsDouble,numeric,pool-below-window,30,4,25,26,0.867,10
permutation-count,evenNumbers,numeric,pool-below-window,30,4,25,26,0.867,10
g8-tm-dilation-similarity,tmSimilarSort,dragBucket,pool-below-window,30,4,25,26,0.867,10
exp-function,decayStart,exactNumberLab,pool-below-window,72,5,62,67,0.931,10
trig-deriv,chain,numeric,pool-below-window,50,5,43,45,0.900,10
root-solve,cubeNegative,buildExpression,pool-below-window,50,5,41,45,0.900,10
chord-perp,parallelChords,numeric,pool-below-window,50,5,41,45,0.900,10
coordinate-plot,cgOrigin,pointEntry,pool-below-window,39,5,32,34,0.872,10
chord-dist,howMuchLonger,numeric,pool-below-window,34,5,29,29,0.853,10
angle-sum,cgTriangleEqualAngle,numeric,pool-below-window,34,5,27,29,0.853,10
g8-tm-transversal,tmTransversalMatch,matchPairs,pool-below-window,34,5,27,29,0.853,10
order-decimals,secondOf4,numeric,pool-below-window,34,5,26,29,0.853,10
unit-size,extraSharer,numeric,pool-below-window,34,5,26,29,0.853,10
geo-series,infAlternating,numeric,pool-below-window,30,5,25,25,0.833,10
geo-series,ballDown,numeric,pool-below-window,30,5,25,25,0.833,10
fraction-volume,bucketTrips,numeric,pool-below-window,30,5,25,25,0.833,10
g7-sp-counting-principle,spCountCoinDieA,numeric,pool-below-window,30,5,25,25,0.833,10
g2-shapes-shares,Ssg2NameThirdFractionBar,fractionBar,pool-below-window,30,5,24,25,0.833,10
negative-intro,compareFractionDecimal,rationalCompare,pool-below-window,30,5,23,25,0.833,10
arith-series,odds,numeric,pool-below-window,30,5,23,25,0.833,10
pct-of-number,rrGridPercent,numeric,pool-below-window,30,5,23,25,0.833,10
permutation-count,podium,numeric,pool-below-window,30,5,23,25,0.833,10
permutation-count,buildSeat,buildExpression,pool-below-window,30,5,23,25,0.833,10
g4-lines-angles,laSymmetryFindingNumeric,numeric,pool-below-window,30,5,23,25,0.833,10
radian-convert,halfPiToDeg,numeric,pool-below-window,30,5,22,25,0.833,10
exp-solve,reciprocalBase,exactNumberLab,pool-below-window,250,6,210,244,0.976,10
ladder-shift,divThrice,placeValueTransformLab,pool-below-window,167,6,141,161,0.964,10
common-denom,lcd,numeric,pool-below-window,100,6,84,94,0.940,10
exp-function,nextTerm,exactNumberLab,pool-below-window,72,6,57,66,0.917,10
deriv-explog,expChain,numeric,pool-below-window,50,6,40,44,0.880,10
rolle-c,cubicRepeated,numeric,pool-below-window,50,6,38,44,0.880,10
rolle-c,maxRoots,numeric,pool-below-window,50,6,38,44,0.880,10
deriv-quotient,simplifyFirst,numeric,pool-below-window,50,6,37,44,0.880,10
solve-mult-div,solveDiv,numeric,pool-below-window,34,6,27,28,0.824,10
cn-disc-repeat,forceC,numeric,pool-below-window,34,6,26,28,0.824,10
full-sketch,directionChanges,numeric,pool-below-window,34,6,26,28,0.824,10
times-five-ten,timesFive,numeric,pool-below-window,34,6,26,28,0.824,10
g1-shapes-measure,Smg1HalvesNumeric,numeric,pool-below-window,34,6,26,28,0.824,10
double-angle-solve,countSolutions,numeric,pool-below-window,34,6,25,28,0.824,10
double-angle-solve,sumSolutions,numeric,pool-below-window,34,6,25,28,0.824,10
g0-shapes-sorting,shapeRollStackTap,tapDiagram,pool-below-window,34,6,25,28,0.824,10
g1-shapes-measure,Smg1FourthsNumeric,numeric,pool-below-window,34,6,25,28,0.824,10
angle-equation,complement,numeric,pool-below-window,30,6,24,24,0.800,10
to-polar,radius,numeric,pool-below-window,34,6,24,28,0.824,10
solve-trig-all,sumCos,numeric,pool-below-window,30,6,24,24,0.800,10
grid-count,square,numeric,pool-below-window,30,6,23,24,0.800,10
g0-shapes-sorting,shapeComposeTap,tapDiagram,pool-below-window,34,6,23,28,0.824,10
g1-counting-120,To120Numeric,numeric,pool-below-window,30,6,23,24,0.800,10
g1-shapes-measure,Smg1HalvesFourthsNumeric,numeric,pool-below-window,34,6,23,28,0.824,10
radian-convert,turnFraction,numeric,pool-below-window,30,6,22,24,0.800,10
geo-series,infBasic,numeric,pool-below-window,30,6,22,24,0.800,10
arith-series,paramsNegD,numeric,pool-below-window,30,6,22,24,0.800,10
decimal-representation,unitCount,numeric,pool-below-window,30,6,22,24,0.800,10
conditional-prob,diceCondition,numeric,pool-below-window,30,6,22,24,0.800,10
solve-trig-all,sumSin,numeric,pool-below-window,30,6,22,24,0.800,10
g2-add-subtract-100,NearDoublesNumeric,numeric,pool-below-window,30,6,22,24,0.800,10
g2-place-value-1000,Pv1000SkipHundredsNumeric,numeric,pool-below-window,30,6,22,24,0.800,10
g2-shapes-shares,Ssg2PyramidNumeric,numeric,pool-below-window,30,6,22,24,0.800,10
g2-shapes-shares,Ssg2ThirdsCountNumeric,numeric,pool-below-window,30,6,22,24,0.800,10
angle-equation,linearPairLab,angleMeasure,pool-below-window,30,6,21,24,0.800,10
fn-evaluate,squareOnly,numeric,pool-below-window,30,6,21,24,0.800,10
g7-sp-counting-principle,spCountFlips,numeric,pool-below-window,30,6,21,24,0.800,10
g2-shapes-shares,Ssg2PyramidTapDiagram,tapDiagram,pool-below-window,30,6,21,24,0.800,10
g2-shapes-shares,Ssg2ShapeVocabNumeric,numeric,pool-below-window,30,6,21,24,0.800,10
grid-count,squareRead,areaModel,pool-below-window,30,6,20,24,0.800,10
reflect-compose,basisColumn,pointEntry,pool-below-window,30,6,20,24,0.800,10
ten-frame-fill,decompose,tenFrame,pool-below-window,100,7,75,93,0.930,10
cn-i-def,coefSquared,buildExpression,pool-below-window,50,7,37,43,0.860,10
directrix-ecc,hypEcc,numeric,pool-below-window,50,7,37,43,0.860,10
cn-square,completeConstant,numeric,pool-below-window,50,7,35,43,0.860,10
directrix-ecc,ratio,numeric,pool-below-window,50,7,32,43,0.860,10
power-product,basicSquare,numeric,pool-below-window,46,7,31,39,0.848,10
pq-rhombus,sideFromDiagonals,numeric,pool-below-window,34,7,25,27,0.794,10
eval-expression,square,numeric,pool-below-window,34,7,25,27,0.794,10
double-double,timesEight,numeric,pool-below-window,34,7,25,27,0.794,10
k0-count-100,kDecadeCrossHop,numberLineHop,pool-below-window,34,7,25,27,0.794,10
mvt-c,cubicDecimal,numeric,pool-below-window,34,7,24,27,0.794,10
opt-box,beatEndpoint,numeric,pool-below-window,34,7,24,27,0.794,10
combination-count,handshakes,numeric,pool-below-window,34,7,24,27,0.794,10
k0-count-100,kTensBackHop,numberLineHop,pool-below-window,34,7,24,27,0.794,10
pq-rhombus,otherDiagonal,numeric,pool-below-window,34,7,23,27,0.794,10
order-decimals,greatestOf3,numeric,pool-below-window,34,7,23,27,0.794,10
g1-shapes-measure,Smg12D3DNumeric,numeric,pool-below-window,34,7,23,27,0.794,10
a2-trig,tf-ratios__numeric,numeric,pool-below-window,30,7,23,23,0.767,10
g8-esn-context-compute,esnContextDivide,buildExpression,pool-below-window,30,7,22,23,0.767,10
unit-trading,hundredsToTens,numeric,pool-below-window,34,7,21,27,0.794,10
a2-radicals,re-extraneous__buildExpression,buildExpression,pool-below-window,30,7,21,23,0.767,10
a2-statistics,si-standard-error__numeric,exactNumberLab,pool-below-window,30,7,21,23,0.767,10
a2-trig,tf-identity__numeric,numeric,pool-below-window,30,7,21,23,0.767,10
arith-series,multiples,numeric,pool-below-window,30,7,20,23,0.767,10
round-half,tieHundred,numberLinePlace,pool-below-window,34,7,20,27,0.794,10
pr-constant-k-g7,rrPartWholeBuild,buildExpression,pool-below-window,30,7,20,23,0.767,10
g2-add-subtract-100,DoublesNumeric,numeric,pool-below-window,30,7,20,23,0.767,10
a2-polynomials,pf-cubes__buildExpression,buildExpression,pool-below-window,30,7,20,23,0.767,10
pct-of-number,rrFractionPercent,numeric,pool-below-window,30,7,19,23,0.767,10
pr-constant-k-g7,rrPartWholeSum,numeric,pool-below-window,30,7,19,23,0.767,10
a2-logarithms,lg-e__numeric,numeric,pool-below-window,30,7,18,23,0.767,10
exp-solve,negExponent,exactNumberLab,pool-below-window,250,8,182,242,0.968,10
ladder-shift,divTenth,placeValueTransformLab,pool-below-window,167,8,125,159,0.952,10
g7-scaled-area,unitAreaScale,geometricConstraintLab,pool-below-window,167,8,116,159,0.952,10
ladder-shift,mulTwice,placeValueTransformLab,pool-below-window,167,8,115,159,0.952,10
polygon-angles,sidesFromInterior,exactNumberLab,pool-below-window,84,8,66,76,0.905,10
exp-function,ratio,exactNumberLab,pool-below-window,72,8,51,64,0.889,10
critical-count,quartic,numeric,pool-below-window,50,8,37,42,0.840,10
multiplication-rule,withoutReplacement,numeric,pool-below-window,50,8,36,42,0.840,10
ellipse-abc,eccentricity,numeric,pool-below-window,50,8,34,42,0.840,10
hyperbola-cab,findC,numeric,pool-below-window,50,8,34,42,0.840,10
evt-candidates,minValue,numeric,pool-below-window,50,8,34,42,0.840,10
trig-deriv,product,numeric,pool-below-window,50,8,34,42,0.840,10
ellipse-abc,findB,numeric,pool-below-window,50,8,32,42,0.840,10
power-product,quotientEval,numeric,pool-below-window,46,8,32,38,0.826,10
nl-partition,newMarks,numeric,pool-below-window,34,8,24,26,0.765,10
a1-radicals,rad-distance__numeric,geometricConstraintLab,pool-below-window,36,8,24,28,0.778,10
a1-radicals,rad-pythagorean-radical__numeric,geometricConstraintLab,pool-below-window,36,8,24,28,0.778,10
coord-perimeter,rhombus,numeric,pool-below-window,34,8,23,26,0.765,10
opt-box,maxVolume,numeric,pool-below-window,34,8,23,26,0.765,10
g1-shapes-measure,Smg1SolidPartsNumeric,numeric,pool-below-window,34,8,23,26,0.765,10
g2-fluency,FlNearDoublesNumeric,numeric,pool-below-window,36,8,23,28,0.778,10
inverse-deriv,arctan,numeric,pool-below-window,34,8,22,26,0.765,10
decimal-representation,moneyTenths,numeric,pool-below-window,30,8,21,22,0.733,10
nl-unit,howManyJumps,numeric,pool-below-window,34,8,21,26,0.765,10
g8-esn-context-compute,esnContextMixed,buildExpression,pool-below-window,30,8,21,22,0.733,10
a2-polynomials,pf-multiplicity__numeric,numeric,pool-below-window,30,8,21,22,0.733,10
a2-polynomials,pf-turning__numeric,exactNumberLab,pool-below-window,30,8,21,22,0.733,10
prob-fraction,trialTheoretical,trialProbabilityLab,pool-below-window,30,8,20,22,0.733,10
lcm-pair,gcfPair,numeric,pool-below-window,30,8,20,22,0.733,10
proportional-plot,cgPairNext,numeric,pool-below-window,30,8,20,22,0.733,10
quadrilaterals,cgEqualSidePerimeter,numeric,pool-below-window,30,8,20,22,0.733,10
k0-add-subtract,KoaSums5Numeric,numeric,pool-below-window,30,8,20,22,0.733,10
g0-counting,countTeenFrame,tenFrame,pool-below-window,30,8,20,22,0.733,10
g1-data,GdTallySinglesNumeric,numeric,pool-below-window,30,8,20,22,0.733,10
g1-shapes-measure,Smg1ShapeSidesNumeric,numeric,pool-below-window,34,8,20,26,0.765,10
a2-radicals,re-plusminus__buildExpression,buildExpression,pool-below-window,30,8,20,22,0.733,10
a2-rationals,rf-opposite__buildExpression,buildExpression,pool-below-window,30,8,20,22,0.733,10
g8-esn-context-compute,esnContextMultiply,buildExpression,pool-below-window,30,8,19,22,0.733,10
a1-radicals,rad-pythagorean__numeric,geometricConstraintLab,pool-below-window,36,8,19,28,0.778,10
a2-logarithms,lg-ln__numeric,exactNumberLab,pool-below-window,30,8,19,22,0.733,10
a2-radicals,re-models__numeric,exactNumberLab,pool-below-window,30,8,19,22,0.733,10
a2-radicals,re-plusminus__numeric,exactNumberLab,pool-below-window,30,8,19,22,0.733,10
a2-statistics,si-margin__numeric,numeric,pool-below-window,30,8,19,22,0.733,10
g1-counting-120,TeensNumeric,numeric,pool-below-window,30,8,18,22,0.733,10
a2-logarithms,lg-scales__numeric,numeric,pool-below-window,30,8,18,22,0.733,10
a2-polynomials,pf-cubes__numeric,numeric,pool-below-window,30,8,18,22,0.733,10
a2-statistics,si-claim-overreach__numeric,exactNumberLab,pool-below-window,30,8,18,22,0.733,10
a2-trig,tf-unit-circle__numeric,numeric,pool-below-window,30,8,18,22,0.733,10
reflect-compose,composeMatrix,matrixTransform,pool-below-window,30,8,17,22,0.733,10
g4-place-million,pvCommaPeriodsNumeric,numeric,pool-below-window,30,8,17,22,0.733,10
a2-radicals,re-extraneous__numeric,exactNumberLab,pool-below-window,30,8,17,22,0.733,10
geo-series,repeatDecimal,numeric,pool-below-window,30,8,16,22,0.733,10
exp-function,decayModel,exactNumberLab,pool-below-window,72,9,49,63,0.875,10
g1-tens-ones,TnoTenBundleNumeric,numeric,pool-below-window,63,9,41,54,0.857,10
pythagorean,ladder,numeric,pool-below-window,50,9,36,41,0.820,10
evt-candidates,candidateCount,numeric,pool-below-window,50,9,33,41,0.820,10
thales-right-angle,radiusFromLegs,numeric,pool-below-window,50,9,33,41,0.820,10
thales-right-angle,hypotenuse,numeric,pool-below-window,50,9,32,41,0.820,10
parabola-focal,focusPoint,numeric,pool-below-window,50,9,26,41,0.820,10
g2-fluency,FlFromTenNumeric,numeric,pool-below-window,36,9,24,27,0.750,10
round-half,tieTen,numberLinePlace,pool-below-window,34,9,23,25,0.735,10
g4-decimals,dTenthsWriteNumeric,numeric,pool-below-window,34,9,23,25,0.735,10
k0-count-100,kTensNextHop,numberLineHop,pool-below-window,34,9,22,25,0.735,10
g2-fluency,FlDoublesNumeric,numeric,pool-below-window,36,9,22,27,0.750,10
g2-fluency,FlTenPlusNumeric,numeric,pool-below-window,36,9,22,27,0.750,10
g4-decimals,dTenthToHundredthNumeric,numeric,pool-below-window,34,9,21,25,0.735,10
a1-polynomials,factor-difference-squares__numeric,numeric,pool-below-window,30,9,20,21,0.700,10
permutation-count,arrangeAll,numeric,pool-below-window,30,9,19,21,0.700,10
box-surface-area,sameVolumeDifference,numeric,pool-below-window,30,9,19,21,0.700,10
a1-polynomials,exponent-power__numeric,numeric,pool-below-window,30,9,19,21,0.700,10
a2-polynomials,pf-anatomy__numeric,exactNumberLab,pool-below-window,30,9,19,21,0.700,10
a2-trig,tf-exact-values__numeric,numeric,pool-below-window,30,9,19,21,0.700,10
nl-beyond-one,jumpsToWhole,numeric,pool-below-window,34,9,18,25,0.735,10
mass,kgToG,numeric,pool-below-window,34,9,18,25,0.735,10
g0-counting,countReadFlash,subitizeFlash,pool-below-window,30,9,18,21,0.700,10
g1-add-subtract,TensPartnersNumeric,numeric,pool-below-window,30,9,18,21,0.700,10
g3-mult-fluency,MultSquaresNumeric,numeric,pool-below-window,30,9,18,21,0.700,10
a1-polynomials,factor-difference-squares__buildExpression,buildExpression,pool-below-window,30,9,18,21,0.700,10
a2-logarithms,lg-product__numeric,exactNumberLab,pool-below-window,30,9,18,21,0.700,10
a2-radicals,re-var-radicals__buildExpression,buildExpression,pool-below-window,30,9,18,21,0.700,10
metric-convert,rrTimeDivide,numeric,pool-below-window,30,9,17,21,0.700,10
metric-convert,rrHoursSeconds,numeric,pool-below-window,30,9,17,21,0.700,10
box-surface-area,cubeSA,numeric,pool-below-window,30,9,17,21,0.700,10
a2-radicals,re-products__buildExpression,buildExpression,pool-below-window,30,9,17,21,0.700,10
a2-rationals,rf-mixed__buildExpression,buildExpression,pool-below-window,30,9,17,21,0.700,10
a1-solving-equations,multi-literal__numeric,numeric,pool-below-window,30,9,16,21,0.700,10
a2-trig,tf-reference__numeric,numeric,pool-below-window,30,9,16,21,0.700,10
radian-convert,arcRadians,numeric,pool-below-window,30,9,15,21,0.700,10
lcm-pair,divides,numeric,pool-below-window,30,9,15,21,0.700,10
geo-series,powers,numeric,pool-below-window,30,9,15,21,0.700,10
exp-function,startAmount,exactNumberLab,pool-below-window,72,10,49,62,0.861,10
exp-function,initialValue,exactNumberLab,pool-below-window,72,10,46,62,0.861,10
opt-setup,domainBound,numeric,pool-below-window,50,10,31,40,0.800,10
parabola-focal,dishForm,numeric,pool-below-window,50,10,30,40,0.800,10
hyperbola-cab,slope,numeric,pool-below-window,50,10,30,40,0.800,10
g3-div-fluency,DivBy2Numeric,numeric,pool-below-window,42,10,30,32,0.762,10
implicit-diff,quadForm,numeric,pool-below-window,50,10,29,40,0.800,10
area-vs-perimeter,areaGap,numeric,pool-below-window,50,10,29,40,0.800,10
g3-div-fluency,DivBy10Numeric,numeric,pool-below-window,42,10,26,32,0.762,10
g3-div-fluency,DivBy3Numeric,numeric,pool-below-window,42,10,25,32,0.762,10
pq-para-angle,ratioPair,numeric,pool-below-window,34,10,22,24,0.706,10
chord-dist,pipeDepth,numeric,pool-below-window,34,10,22,24,0.706,10
g2-measure-money-time,MmtBarGraphNumeric,numeric,pool-below-window,36,10,22,26,0.722,10
coord-area-box,legRoute,numeric,pool-below-window,34,10,19,24,0.706,10
reflect-compose,reverseOrder,mcq,pool-below-window,30,10,19,20,0.667,10
equiv-models,tradeEighths,numeric,pool-below-window,34,10,19,24,0.706,10
k0-add-subtract,KoaDiffs5Numeric,numeric,pool-below-window,30,10,19,20,0.667,10
lcm-pair,buses,numeric,pool-below-window,30,10,18,20,0.667,10
arith-series,findN,numeric,pool-below-window,30,10,18,20,0.667,10
count-prob,atLeastOne,numeric,pool-below-window,34,10,18,24,0.706,10
trig-inside,sumSolutions,numeric,pool-below-window,34,10,18,24,0.706,10
solve-trig-all,tanCount,numeric,pool-below-window,30,10,17,20,0.667,10
g4-lines-angles,laSymmetryApplicationNumeric,numeric,pool-below-window,30,10,17,20,0.667,10
a2-polynomials,pf-quad-form__buildExpression,buildExpression,pool-below-window,30,10,17,20,0.667,10
radian-convert,radToDeg,numeric,pool-below-window,30,10,16,20,0.667,10
times-five-ten,clockMinutes,numeric,pool-below-window,34,10,16,24,0.706,10
times-2,doubleIt,numeric,pool-below-window,34,10,16,24,0.706,10
pr-unit-rate-g7,lapsWholeA,numeric,pool-below-window,30,10,16,20,0.667,10
g1-data,GdTallyReadNumeric,numeric,pool-below-window,30,10,16,20,0.667,10
g3-mult-fluency,MultTable8Numeric,numeric,pool-below-window,30,10,16,20,0.667,10
radian-convert,nFromDegrees,numeric,pool-below-window,30,10,15,20,0.667,10
decimal-representation,rungCount,numeric,pool-below-window,30,10,15,20,0.667,10
g3-mult-fluency,MultTable5Numeric,numeric,pool-below-window,30,10,15,20,0.667,10
g3-mult-fluency,MultTable6Numeric,numeric,pool-below-window,30,10,15,20,0.667,10
g3-mult-fluency,MultTable7Numeric,numeric,pool-below-window,30,10,15,20,0.667,10
g3-mult-fluency,MultHardFactsNumeric,numeric,pool-below-window,30,10,13,20,0.667,10
conic-general,convertA,numeric,pool-above-window,100,11,58,89,0.890,10
polygon-angles,exteriorSum,exactNumberLab,pool-above-window,84,11,53,73,0.869,10
polygon-angles,regularInterior,exactNumberLab,pool-above-window,84,11,51,73,0.869,10
ellipse-axes,focalSum,numeric,pool-above-window,50,11,31,39,0.780,10
sigma-eval,sigmaPow,numeric,pool-above-window,50,11,29,39,0.780,10
time-set-clock,hour,clockSet,pool-above-window,50,11,28,39,0.780,10
g2-measure-money-time,MmtSkip5sNumeric,numeric,pool-above-window,36,11,21,25,0.694,10
eval-expression,parenDiv,numeric,pool-above-window,34,11,20,23,0.676,10
equiv-models,tradeInto,numeric,pool-above-window,34,11,19,23,0.676,10
g2-fluency,FlSums20Numeric,numeric,pool-above-window,36,11,19,25,0.694,10
g1-shapes-measure,Smg1FourthsFractionBar,fractionBar,pool-above-window,34,11,18,23,0.676,10
negative-intro,opposite,numeric,pool-above-window,30,11,17,19,0.633,10
g7-circumference,circRadius,numeric,pool-above-window,34,11,17,23,0.676,10
g3-mult-fluency,MultTable4Numeric,numeric,pool-above-window,30,11,17,19,0.633,10
g4-lines-angles,laParallelPerpIdentifyNumeric,numeric,pool-above-window,30,11,17,19,0.633,10
variable-meaning,divide,numeric,pool-above-window,30,11,16,19,0.633,10
perimeter,squarePerimeter,numeric,pool-above-window,34,11,16,23,0.676,10
g8-esn-power-meaning,esnPowerNegative,numeric,pool-above-window,30,11,16,19,0.633,10
g8-tm-congruence,tmCongruenceSort,dragBucket,pool-above-window,30,11,16,19,0.633,10
pr-unit-rate-g7,lapsWholeB,numeric,pool-above-window,30,11,15,19,0.633,10
g8-rns-root-estimate,rnsRoundA,numeric,pool-above-window,30,11,15,19,0.633,10
a2-polynomials,pf-div-theorems__numeric,numeric,pool-above-window,30,11,15,19,0.633,10
a2-radicals,re-products__numeric,exactNumberLab,pool-above-window,30,11,15,19,0.633,10
a2-series,sr-sigma-read__numeric,numeric,pool-above-window,30,11,15,19,0.633,10
variable-meaning,halfEval,numeric,pool-above-window,30,11,14,19,0.633,10
pct-of-number,rrBenchmarkFive,numeric,pool-above-window,30,11,14,19,0.633,10
g3-mult-fluency,MultTable3Numeric,numeric,pool-above-window,30,11,14,19,0.633,10
g3-mult-fluency,MultTable9Numeric,numeric,pool-above-window,30,11,14,19,0.633,10
a1-polynomials,poly-special-products__numeric,numeric,pool-above-window,30,11,14,19,0.633,10
g8-esn-power-meaning,esnPowerNegativeDeep,numeric,pool-above-window,30,11,13,19,0.633,10
g8-rns-root-estimate,rnsRoundB,numeric,pool-above-window,30,11,13,19,0.633,10
g3-mult-fluency,MultTable2Numeric,numeric,pool-above-window,30,11,13,19,0.633,10
g3-mult-fluency,MultTable10Numeric,numeric,pool-above-window,30,11,13,19,0.633,10
g8-rns-root-estimate,rnsRoundChallenge,numeric,pool-above-window,30,11,12,19,0.633,10
g4-multiply,mbPrimeCompositeNumeric,numeric,pool-above-window,30,11,12,19,0.633,10
pr-unit-rate-g7,milesWholeB,numeric,pool-above-window,30,11,11,19,0.633,10
parent-functions,evalParent,numeric,pool-above-window,100,12,59,88,0.880,10
polygon-angles,sidesFromSum,exactNumberLab,pool-above-window,84,12,54,72,0.857,10
polygon-angles,sidesFromExterior,exactNumberLab,pool-above-window,84,12,54,72,0.857,10
addition-rule,probOr,numeric,pool-above-window,50,12,30,38,0.760,10
sigma-eval,sigmaSq,numeric,pool-above-window,50,12,29,38,0.760,10
chord-perp,distFromChord,numeric,pool-above-window,50,12,28,38,0.760,10
power-product,missingPowerExponent,numeric,pool-above-window,46,12,27,34,0.739,10
inverse-pipeline,secondForm,inversePipeline,pool-above-window,34,12,17,22,0.647,10
addition-patterns,doubleDiagonal,numeric,pool-above-window,34,12,17,22,0.647,10
a1-radicals,rad-distribute__numeric,exactNumberLab,pool-above-window,36,12,17,24,0.667,10
a2-polynomials,pf-end-behavior__buildExpression,buildExpression,pool-above-window,30,12,17,18,0.600,10
g8-rns-root-estimate,rnsRoundC,numeric,pool-above-window,30,12,16,18,0.600,10
a1-quadratics,quad-square-root__numeric,numeric,pool-above-window,30,12,16,18,0.600,10
a2-series,sr-inf-sum__numeric,numeric,pool-above-window,30,12,16,18,0.600,10
negative-intro,doubleOpposite,numeric,pool-above-window,30,12,15,18,0.600,10
metric-convert,multistep,numeric,pool-above-window,30,12,15,18,0.600,10
g7-circle-parts,radiusToDiameter,numeric,pool-above-window,34,12,15,22,0.647,10
g8-esn-power-meaning,esnPowerFromDecimal,buildExpression,pool-above-window,30,12,15,18,0.600,10
g1-shapes-measure,Smg1HalvesFractionBar,fractionBar,pool-above-window,34,12,15,22,0.647,10
a1-quadratics,quad-diff-squares-solve__numeric,numeric,pool-above-window,30,12,15,18,0.600,10
a2-logarithms,lg-define__numeric,exactNumberLab,pool-above-window,30,12,15,18,0.600,10
a2-logarithms,lg-expand-condense__numeric,exactNumberLab,pool-above-window,30,12,15,18,0.600,10
a2-polynomials,pf-quad-form__numeric,numeric,pool-above-window,30,12,15,18,0.600,10
a2-trig,tf-transform__numeric,numeric,pool-above-window,30,12,15,18,0.600,10
k0-add-subtract,KoaPutTogetherNumeric,numeric,pool-above-window,30,12,14,18,0.600,10
g1-counting-120,ChartRowsNumeric,numeric,pool-above-window,30,12,14,18,0.600,10
a2-radicals,re-solve__numeric,exactNumberLab,pool-above-window,30,12,14,18,0.600,10
a2-trig,tf-solve-sides__numeric,numeric,pool-above-window,30,12,14,18,0.600,10
g13-integration-accumulation,integration-accumulation__in-signed-area__numeric,numeric,pool-above-window,30,12,14,18,0.600,10
g10-conditional-probability,conditional-probability__cpr-conditional-table__numeric,numeric,pool-above-window,30,12,14,18,0.600,10
pr-unit-rate-g7,recipeWhole,numeric,pool-above-window,30,12,13,18,0.600,10
a2-logarithms,lg-cob__numeric,exactNumberLab,pool-above-window,30,12,13,18,0.600,10
a2-logarithms,lg-e-solve__numeric,numeric,pool-above-window,30,12,13,18,0.600,10
a2-radicals,re-convert__buildExpression,buildExpression,pool-above-window,30,12,13,18,0.600,10
frac-unlike-addsub,subRewrite,fractionEntry,pool-above-window,30,12,12,18,0.600,10
pr-unit-rate-g7,mixedWhole,numeric,pool-above-window,30,12,12,18,0.600,10
k0-add-subtract,KoaModelStoryMcq,mcq,pool-above-window,30,12,12,18,0.600,10
g12-trig-graphs-inverses,trig-graphs-inverses__tg-cos-sin__numeric,numeric,pool-above-window,30,12,11,18,0.600,10
g8-tm-pythagorean-converse,tmDistanceOrigin,numeric,pool-above-window,30,12,10,18,0.600,10
g7-vertical-angles,adjacentObtuse,geometricConstraintLab,pool-above-window,167,13,95,154,0.922,10
missing-side,squareSide,geometricConstraintLab,pool-above-window,167,13,94,154,0.922,10
g8-les-systems-word,lesWordTickets,affineRelationshipLab,pool-above-window,125,13,66,112,0.896,10
make-ten-sum,biggerFirst,numeric,pool-above-window,100,13,57,87,0.870,10
range-floor,negMax,numeric,pool-above-window,50,13,26,37,0.740,10
unit-frac-divide,word,fractionEntry,pool-above-window,34,13,17,21,0.618,10
g7-circle-area,areaFromDiameter,numeric,pool-above-window,34,13,16,21,0.618,10
g7-cross-sections,matchCrossSections,matchPairs,pool-above-window,34,13,16,21,0.618,10
equivalent-fractions,findMark,numberLinePlace,pool-above-window,34,13,15,21,0.618,10
g1-data,GdTallyMakeNumeric,numeric,pool-above-window,30,13,15,17,0.567,10
g13-derivative-rules,derivative-rules__dr-derivative-function__numeric,numeric,pool-above-window,30,13,15,17,0.567,10
coord-area-box,cornerSubtract,numeric,pool-above-window,34,13,14,21,0.618,10
solve-trig-all,sinPair,mcq,pool-above-window,30,13,14,17,0.567,10
g13-curve-analysis,curve-analysis__ca-first-derivative-test__signChart,signChart,pool-above-window,30,13,14,17,0.567,10
g12-polynomial-rational-analysis,polynomial-rational-analysis__pra-rrt-test__numeric,exactNumberLab,pool-above-window,30,13,13,17,0.567,10
g7-tse-expression-build,tseDistPosA,buildExpression,pool-above-window,30,13,12,17,0.567,10
g1-data,GdBarCompareNumeric,numeric,pool-above-window,30,13,12,17,0.567,10
g13-curve-analysis,curve-analysis__ca-inflection__numeric,numeric,pool-above-window,30,13,12,17,0.567,10
g13-derivatives-in-context,derivatives-in-context__dc-choosing-relation__numeric,numeric,pool-above-window,30,13,12,17,0.567,10
g8-fn-function-definition,fgSortFunctionRules,dragBucket,pool-above-window,30,13,11,17,0.567,10
g13-curve-analysis,curve-analysis__ca-three-charts__numeric,numeric,pool-above-window,30,13,11,17,0.567,10
k0-add-subtract,KoaWriteAddMcq,mcq,pool-above-window,30,13,10,17,0.567,10
g12-polynomial-rational-analysis,polynomial-rational-analysis__pra-boundary-rule__numeric,numeric,pool-above-window,30,13,10,17,0.567,10
opt-setup,maxProduct,numeric,pool-above-window,50,14,30,36,0.720,10
set-ops,unionCount,numeric,pool-above-window,50,14,23,36,0.720,10
cn-multiply,squareReal,numeric,pool-above-window,50,14,22,36,0.720,10
power-product,exponentOnly,numeric,pool-above-window,46,14,21,32,0.696,10
addition-rule,countOr,numeric,pool-above-window,50,14,19,36,0.720,10
unit-trading,tradeThenGive,numeric,pool-above-window,34,14,16,20,0.588,10
g0-shapes-sorting,shapePositionTap,tapDiagram,pool-above-window,34,14,16,20,0.588,10
count-prob,exactlyTwo,numeric,pool-above-window,34,14,14,20,0.588,10
a1-radicals,rad-unit-fraction-exp__numeric,exactNumberLab,pool-above-window,36,14,14,22,0.611,10
a2-polynomials,pf-anatomy__mcq,mcq,pool-above-window,30,14,14,16,0.533,10
a2-statistics,si-claim-capstone__dragBucket,dragBucket,pool-above-window,30,14,14,16,0.533,10
negative-intro,compareNegativeFractions,rationalCompare,pool-above-window,30,14,13,16,0.533,10
tree-chain,mixedOrder,numeric,pool-above-window,30,14,13,16,0.533,10
g4-place-million,pvAcrossZerosMcq,mcq,pool-above-window,30,14,13,16,0.533,10
g10-triangle-congruence,tc-isosceles-converse__numeric,numeric,pool-above-window,30,14,13,16,0.533,10
g13-derivative-rules,derivative-rules__dr-differentiability__numeric,numeric,pool-above-window,30,14,13,16,0.533,10
g6-data-literacy,ddPipelineBreak,mcq,pool-above-window,30,14,12,16,0.533,10
nl-partition,flagCount,numeric,pool-above-window,34,14,12,20,0.588,10
k0-add-subtract,KoaDrawingsNumeric,numeric,pool-above-window,30,14,12,16,0.533,10
a2-polynomials,pf-div-theorems__mcq,mcq,pool-above-window,30,14,12,16,0.533,10
g12-function-analysis,function-analysis__fna-one-to-one__numeric,exactNumberLab,pool-above-window,30,14,12,16,0.533,10
tree-chain,atLeastOneBlue,numeric,pool-above-window,30,14,11,16,0.533,10
k0-add-subtract,KoaPlusMinusOneNumeric,numeric,pool-above-window,30,14,11,16,0.533,10
a2-polynomials,pf-grouping__buildExpression,buildExpression,pool-above-window,30,14,11,16,0.533,10
a2-series,sr-sigma-write__numeric,numeric,pool-above-window,30,14,11,16,0.533,10
g13-integration-accumulation,integration-accumulation__in-ftc1__numeric,numeric,pool-above-window,30,14,11,16,0.533,10
tree-chain,bothRed,numeric,pool-above-window,30,14,10,16,0.533,10
a2-logarithms,lg-power__numeric,exactNumberLab,pool-above-window,30,14,10,16,0.533,10
a2-rationals,rf-equations__buildExpression,buildExpression,pool-above-window,30,14,10,16,0.533,10
g12-function-analysis,function-analysis__fna-inverse-verify__numeric,exactNumberLab,pool-above-window,30,14,10,16,0.533,10
g13-derivative-rules,derivative-rules__dr-chain-nested__numeric,numeric,pool-above-window,30,14,10,16,0.533,10
g13-differential-equations,differential-equations__de-separable__numeric,numeric,pool-above-window,30,14,10,16,0.533,10
fraction-volume,halfCubes,numeric,pool-above-window,30,14,9,16,0.533,10
g12-polynomial-rational-analysis,polynomial-rational-analysis__pra-ineq-scratch__numeric,numeric,pool-above-window,30,14,9,16,0.533,10
decimal-mul-places,threePlaces,numeric,pool-above-window,50,15,27,35,0.700,10
power-product,basicPower,exactNumberLab,pool-above-window,46,15,23,31,0.674,10
linear-predict,halfSlope,numeric,pool-above-window,50,15,23,35,0.700,10
pythagorean,legFromHyp,numeric,pool-above-window,50,15,20,35,0.700,10
a1-radicals,rad-perfect-square__numeric,exactNumberLab,pool-above-window,36,15,17,21,0.583,10
g2-fluency,FlAcrossTenNumeric,numeric,pool-above-window,36,15,16,21,0.583,10
cn-conjugate,divideReal,numeric,pool-above-window,34,15,15,19,0.559,10
decimal-place-value,zeros,fractionEntry,pool-above-window,30,15,15,15,0.500,10
pr-constant-k-g7,rrToolChoice,mcq,pool-above-window,30,15,13,15,0.500,10
g4-lines-angles,laSymmetryConceptMcq,mcq,pool-above-window,30,15,13,15,0.500,10
a1-polynomials,exponent-zero-negative__numeric,numeric,pool-above-window,30,15,13,15,0.500,10
g12-function-analysis,function-analysis__fna-inverse-verify__pointEntry,pointEntry,pool-above-window,30,15,13,15,0.500,10
g12-trig-graphs-inverses,trig-graphs-inverses__tg-inverse-graphs__numeric,numeric,pool-above-window,30,15,13,15,0.500,10
g6-data-literacy,ddReadyQuestion,mcq,pool-above-window,30,15,12,15,0.500,10
g8-bv-fit-idea,bvFitTouch,mcq,pool-above-window,30,15,12,15,0.500,10
a1-quadratics,quad-projectile__numeric,numeric,pool-above-window,30,15,12,15,0.500,10
a2-series,sr-sigma-read__matchPairs,matchPairs,pool-above-window,30,15,12,15,0.500,10
g10-similarity,sy-criterion-choice__numeric,numeric,pool-above-window,30,15,12,15,0.500,10
g13-integration-accumulation,integration-accumulation__in-read-accumulation__numeric,numeric,pool-above-window,30,15,12,15,0.500,10
g13-integration-accumulation,integration-accumulation__in-squeeze__numeric,numeric,pool-above-window,30,15,12,15,0.500,10
g7-sp-counting-principle,spCountCoinDieReal,compoundEventLab,pool-above-window,30,15,11,15,0.500,10
g8-tm-dilation-similarity,tmSimilarFactor,numeric,pool-above-window,30,15,11,15,0.500,10
g1-counting-120,ChartPatternMcq,mcq,pool-above-window,30,15,11,15,0.500,10
a2-logarithms,lg-power__buildExpression,buildExpression,pool-above-window,30,15,11,15,0.500,10
a2-polynomials,pf-sketch__buildExpression,buildExpression,pool-above-window,30,15,11,15,0.500,10
a2-statistics,si-sampling-variability__mcq,mcq,pool-above-window,30,15,11,15,0.500,10
g12-trig-graphs-inverses,trig-graphs-inverses__tg-arcsin__numeric,numeric,pool-above-window,30,15,11,15,0.500,10
g13-derivative-rules,derivative-rules__dr-exp-log__numeric,numeric,pool-above-window,30,15,11,15,0.500,10
g13-differential-equations,differential-equations__de-slope-field__numeric,numeric,pool-above-window,30,15,11,15,0.500,10
g13-series-convergence,series-convergence__sc-power-ops__numeric,numeric,pool-above-window,30,15,11,15,0.500,10
g8-bv-judge-fit,bvJudgeDistance,mcq,pool-above-window,30,15,10,15,0.500,10
g1-counting-120,PastHundredNumeric,numeric,pool-above-window,30,15,10,15,0.500,10
a2-rationals,rf-equations__numeric,numeric,pool-above-window,30,15,10,15,0.500,10
g10-circle-theorems,cr-arc-length__numeric,numeric,pool-above-window,30,15,10,15,0.500,10
g12-trig-graphs-inverses,trig-graphs-inverses__tg-composition-trap__numeric,numeric,pool-above-window,30,15,10,15,0.500,10
g6-data-literacy,ddStatChoose,mcq,pool-above-window,30,15,9,15,0.500,10
g6-data-literacy,ddVariabilityExpected,mcq,pool-above-window,30,15,9,15,0.500,10
variable-meaning,payRate,numeric,pool-above-window,30,15,9,15,0.500,10
a2-polynomials,pf-factor-thm__numeric,numeric,pool-above-window,30,15,9,15,0.500,10
g12-limits-continuity,limits-continuity__lc-dne__numeric,numeric,pool-above-window,30,15,9,15,0.500,10
g13-derivatives-in-context,derivatives-in-context__dc-linearisation-limits__numeric,numeric,pool-above-window,30,15,9,15,0.500,10
g12-polar-parametric,polar-parametric__pp-parametrize__numeric,numeric,pool-above-window,30,15,8,15,0.500,10
g12-polynomial-rational-analysis,polynomial-rational-analysis__pra-conjugate__numeric,exactNumberLab,pool-above-window,30,15,7,15,0.500,10
vertical-shift,cornerY,numeric,pool-above-window,50,16,23,34,0.680,10
g7-sp-likelihood-words,spLikelihoodCertain,mcq,pool-above-window,50,16,21,34,0.680,10
combination-count,exactlyTwo,numeric,pool-above-window,34,16,15,18,0.529,10
eval-expression,squarePlus,numeric,pool-above-window,34,16,14,18,0.529,10
whole-as-fraction,divideOut,numeric,pool-above-window,34,16,13,18,0.529,10
a2-statistics,si-claim-overreach__mcq,mcq,pool-above-window,30,16,13,14,0.467,10
sr-recursive,needPrior,mcq,pool-above-window,30,16,12,14,0.467,10
pct-of-number,rrOrderPercent,mcq,pool-above-window,30,16,12,14,0.467,10
times-2,ferryDouble,numeric,pool-above-window,34,16,12,18,0.529,10
k0-add-subtract,KoaZeroFactNumeric,numeric,pool-above-window,30,16,12,14,0.467,10
g4-measure,mcFractionMeasurementNumeric,numeric,pool-above-window,30,16,12,14,0.467,10
a2-statistics,si-causation__dragBucket,dragBucket,pool-above-window,30,16,12,14,0.467,10
g12-trig-graphs-inverses,trig-graphs-inverses__tg-arccos__numeric,numeric,pool-above-window,30,16,12,14,0.467,10
g7-circumference,circApprox,numeric,pool-above-window,34,16,11,18,0.529,10
g8-les-substitution-method,lesSubstituteMultipleB,numeric,pool-above-window,30,16,11,14,0.467,10
g1-counting-120,To120Mcq,mcq,pool-above-window,30,16,11,14,0.467,10
g4-lines-angles,laParallelLinesMcq,mcq,pool-above-window,30,16,11,14,0.467,10
a1-solving-equations,literal-frac__mcq,mcq,pool-above-window,30,16,11,14,0.467,10
a2-polynomials,pf-long-div__buildExpression,buildExpression,pool-above-window,30,16,11,14,0.467,10
a2-radicals,re-power-solve__numeric,exactNumberLab,pool-above-window,30,16,11,14,0.467,10
g10-triangle-congruence,tc-cpctc-practice__numeric,numeric,pool-above-window,30,16,11,14,0.467,10
g12-function-analysis,function-analysis__fna-graph-read__numeric,numeric,pool-above-window,30,16,11,14,0.467,10
g12-polar-parametric,polar-parametric__pp-circles__numeric,numeric,pool-above-window,30,16,11,14,0.467,10
g12-polar-parametric,polar-parametric__pp-eliminate__numeric,numeric,pool-above-window,30,16,11,14,0.467,10
g13-derivative-rules,derivative-rules__dr-implicit__numeric,numeric,pool-above-window,30,16,11,14,0.467,10
g6-data-literacy,ddStatDefinition,mcq,pool-above-window,30,16,10,14,0.467,10
equiv-test,combineCheck,numeric,pool-above-window,30,16,10,14,0.467,10
shape-hierarchy,cgParallelogramTrapezoidVerdict,shapeHierarchyLab,pool-above-window,30,16,10,14,0.467,10
g8-les-substitution-method,lesSubstituteMultiple,numeric,pool-above-window,30,16,10,14,0.467,10
g3-mult-fluency,MultDeriveNumeric,numeric,pool-above-window,30,16,10,14,0.467,10
a2-logarithms,lg-evaluate__numeric,exactNumberLab,pool-above-window,30,16,10,14,0.467,10
a2-rationals,rf-divide__buildExpression,buildExpression,pool-above-window,30,16,10,14,0.467,10
a2-statistics,si-sampling-dist__mcq,mcq,pool-above-window,30,16,10,14,0.467,10
a2-statistics,si-standard-error__mcq,mcq,pool-above-window,30,16,10,14,0.467,10
a2-statistics,si-study-type__matchPairs,matchPairs,pool-above-window,30,16,10,14,0.467,10
g10-circle-theorems,cr-thales__numeric,numeric,pool-above-window,30,16,10,14,0.467,10
g10-similarity,sy-geometric-mean__numeric,numeric,pool-above-window,30,16,10,14,0.467,10
g12-polar-parametric,polar-parametric__pp-circles__pointEntry,pointEntry,pool-above-window,30,16,10,14,0.467,10
g12-trig-graphs-inverses,trig-graphs-inverses__tg-tan-values__numeric,numeric,pool-above-window,30,16,10,14,0.467,10
g13-curve-analysis,curve-analysis__ca-read-f-prime__numeric,numeric,pool-above-window,30,16,10,14,0.467,10
g13-parametric-polar-calculus,parametric-polar-calculus__pc-second-derivative__numeric,numeric,pool-above-window,30,16,10,14,0.467,10
g10-conditional-probability,conditional-probability__cpr-table-union__numeric,numeric,pool-above-window,30,16,10,14,0.467,10
g6-data-literacy,ddStatRewrite,mcq,pool-above-window,30,16,9,14,0.467,10
g6-center-spread,ddCenterTypical,mcq,pool-above-window,30,16,9,14,0.467,10
variable-meaning,independentLaps,mcq,pool-above-window,30,16,9,14,0.467,10
a2-rationals,rf-divide__mcq,mcq,pool-above-window,30,16,9,14,0.467,10
a2-statistics,si-pvalue-idea__mcq,mcq,pool-above-window,30,16,9,14,0.467,10
g12-trig-identities-equations,trig-identities-equations__ti-double-action__numeric,numeric,pool-above-window,30,16,9,14,0.467,10
g10-conditional-probability,conditional-probability__cpr-marginal-prob__numeric,numeric,pool-above-window,30,16,9,14,0.467,10
a2-statistics,si-margin__mcq,mcq,pool-above-window,30,16,8,14,0.467,10
g12-polar-parametric,polar-parametric__pp-nth-roots__numeric,numeric,pool-above-window,30,16,8,14,0.467,10
g12-polar-parametric,polar-parametric__pp-parametrize__pointEntry,pointEntry,pool-above-window,30,16,8,14,0.467,10
g13-derivative-rules,derivative-rules__dr-sign-of-derivative__numeric,numeric,pool-above-window,30,16,8,14,0.467,10
g13-derivative-rules,derivative-rules__dr-tangent-line__numeric,numeric,pool-above-window,30,16,8,14,0.467,10
g13-derivatives-in-context,derivatives-in-context__dc-speed__numeric,numeric,pool-above-window,30,16,8,14,0.467,10
g8-esn-root-context,esnRootCube,numeric,pool-above-window,30,16,7,14,0.467,10
g4-measure,mcLinePlotBuildMcq,mcq,pool-above-window,30,16,7,14,0.467,10
g12-polar-parametric,polar-parametric__pp-polar-form__numeric,numeric,pool-above-window,30,16,7,14,0.467,10
g3-div-fluency,DivBy89Numeric,numeric,pool-above-window,42,17,15,25,0.595,10
nl-unit,fixMistake,numberLinePlace,pool-above-window,34,17,13,17,0.500,10
g4-decimals,dTrailingZeroRational,rationalCompare,pool-above-window,34,17,13,17,0.500,10
double-double,spiderLegs,numeric,pool-above-window,34,17,12,17,0.500,10
g0-counting,countTensLine,numberLineHop,pool-above-window,30,17,12,13,0.433,10
a1-systems,eliminate-scale-both__mcq,mcq,pool-above-window,34,17,12,17,0.500,10
arith-series,secondForm,numeric,pool-above-window,30,17,11,13,0.433,10
frac-sign-ops,divSame,signedFractionLab,pool-above-window,34,17,11,17,0.500,10
a1-solving-equations,both-sides-inequality__mcq,mcq,pool-above-window,30,17,11,13,0.433,10
a2-statistics,si-ci-meaning__matchPairs,matchPairs,pool-above-window,30,17,11,13,0.433,10
a2-statistics,si-parameter-statistic__mcq,mcq,pool-above-window,30,17,11,13,0.433,10
a2-statistics,si-read-poll__mcq,mcq,pool-above-window,30,17,11,13,0.433,10
g10-right-triangles,rt-454590-apply__numeric,numeric,pool-above-window,30,17,11,13,0.433,10
multiple-find,lcm,numeric,pool-above-window,30,17,10,13,0.433,10
pq-para-angle,solveConsecutive,numeric,pool-above-window,34,17,10,17,0.500,10
orbit-ecc,reflector,mcq,pool-above-window,34,17,10,17,0.500,10
whole-as-fraction,writeInParts,numeric,pool-above-window,34,17,10,17,0.500,10
bar-graph,halfScale,numeric,pool-above-window,34,17,10,17,0.500,10
mult-patterns,halfRow,numeric,pool-above-window,34,17,10,17,0.500,10
pr-unit-rate-g7,rrUnitPriceCents,proportionalReasoningLab,pool-above-window,30,17,10,13,0.433,10
g4-lines-angles,laAngleFormationMcq,mcq,pool-above-window,30,17,10,13,0.433,10
g4-lines-angles,laPerpendicularLinesMcq,mcq,pool-above-window,30,17,10,13,0.433,10
a2-polynomials,pf-turning__mcq,mcq,pool-above-window,30,17,10,13,0.433,10
a2-radicals,re-models__mcq,mcq,pool-above-window,30,17,10,13,0.433,10
a2-rationals,rf-lcd__buildExpression,buildExpression,pool-above-window,30,17,10,13,0.433,10
a2-statistics,si-claim-design__mcq,mcq,pool-above-window,30,17,10,13,0.433,10
a2-statistics,si-read-poll__dragOrder,dragOrder,pool-above-window,30,17,10,13,0.433,10
a2-statistics,si-significance-limits__dragBucket,dragBucket,pool-above-window,30,17,10,13,0.433,10
g10-geometry-foundations,gf-rotational-symmetry__numeric,numeric,pool-above-window,30,17,10,13,0.433,10
g12-polar-parametric,polar-parametric__pp-limacons__numeric,numeric,pool-above-window,30,17,10,13,0.433,10
g12-polynomial-rational-analysis,polynomial-rational-analysis__pra-rearrange__numeric,numeric,pool-above-window,30,17,10,13,0.433,10
g13-integration-accumulation,integration-accumulation__in-library__numeric,numeric,pool-above-window,30,17,10,13,0.433,10
g6-data-literacy,ddStatFixedFact,mcq,pool-above-window,30,17,9,13,0.433,10
probability-fraction,compound,fractionEntry,pool-above-window,34,17,9,17,0.500,10
decimal-representation,wordBuildSimple,buildExpression,pool-above-window,30,17,9,13,0.433,10
shape-hierarchy,cgInheritanceChain,shapeHierarchyLab,pool-above-window,30,17,9,13,0.433,10
g8-tm-congruence,tmCongruenceMeaning,mcq,pool-above-window,30,17,9,13,0.433,10
k0-add-subtract,KoaTakeAwayNumeric,numeric,pool-above-window,30,17,9,13,0.433,10
k0-add-subtract,KoaSubActOutNumeric,numeric,pool-above-window,30,17,9,13,0.433,10
g0-shapes-sorting,shapeSortFrame,tenFrame,pool-above-window,34,17,9,17,0.500,10
g4-measure,mcDegreeMeasurementMcq,mcq,pool-above-window,30,17,9,13,0.433,10
a2-logarithms,lg-e__mcq,mcq,pool-above-window,30,17,9,13,0.433,10
a2-rationals,rf-simplify__buildExpression,buildExpression,pool-above-window,30,17,9,13,0.433,10
a2-statistics,si-claim-design__matchPairs,matchPairs,pool-above-window,30,17,9,13,0.433,10
a2-statistics,si-sampling-dist__numeric,numeric,pool-above-window,30,17,9,13,0.433,10
g10-constructions-proof,cp-parallel-through-point__numeric,numeric,pool-above-window,30,17,9,13,0.433,10
g12-polar-parametric,polar-parametric__pp-parametric__numeric,numeric,pool-above-window,30,17,9,13,0.433,10
g13-derivative-rules,derivative-rules__dr-critical-point__numeric,numeric,pool-above-window,30,17,9,13,0.433,10
sr-recursive,geometric,numeric,pool-above-window,30,17,8,13,0.433,10
equiv-test,zeroTest,numeric,pool-above-window,30,17,8,13,0.433,10
g8-esn-power-meaning,esnPowerZero,numeric,pool-above-window,30,17,8,13,0.433,10
g1-counting-120,MixJumpsMcq,mcq,pool-above-window,30,17,8,13,0.433,10
g1-shapes-measure,Smg1HalvesFourthsMcq,mcq,pool-above-window,34,17,8,17,0.500,10
a1-solving-equations,multi-literal__mcq,mcq,pool-above-window,30,17,8,13,0.433,10
a2-rationals,rf-multiply__buildExpression,buildExpression,pool-above-window,30,17,8,13,0.433,10
a2-statistics,si-parameter-statistic__matchPairs,matchPairs,pool-above-window,30,17,8,13,0.433,10
g10-constructions-proof,cp-converses__numeric,numeric,pool-above-window,30,17,8,13,0.433,10
g10-similarity,sy-similarity__numeric,numeric,pool-above-window,30,17,8,13,0.433,10
decimal-align-addsub,mealAdd,numeric,pool-above-window,30,17,7,13,0.433,10
proportional-plot,cgPairValue,numeric,pool-above-window,30,17,7,13,0.433,10
attributes,cgSquareExtra,mcq,pool-above-window,30,17,7,13,0.433,10
line-plot,fractionRange,mcq,pool-above-window,30,17,7,13,0.433,10
g0-counting,countObjectsFlash,subitizeFlash,pool-above-window,30,17,7,13,0.433,10
a2-logarithms,lg-halflife__numeric,numeric,pool-above-window,30,17,7,13,0.433,10
a2-polynomials,pf-long-div__mcq,mcq,pool-above-window,30,17,7,13,0.433,10
a2-series,sr-geo-apply__dragBucket,dragBucket,pool-above-window,30,17,7,13,0.433,10
g10-polygons-quadrilaterals,pq-exterior-sum__numeric,numeric,pool-above-window,30,17,7,13,0.433,10
g10-triangle-congruence,tc-hl__numeric,numeric,pool-above-window,30,17,7,13,0.433,10
shape-hierarchy,cgSquareRhombusAlways,shapeHierarchyLab,pool-above-window,30,17,6,13,0.433,10
k0-add-subtract,KoaSpeedy5Numeric,numeric,pool-above-window,30,17,6,13,0.433,10
a2-statistics,si-bias__dragBucket,dragBucket,pool-above-window,30,17,6,13,0.433,10
a2-trig,tf-unit-circle__mcq,mcq,pool-above-window,30,17,6,13,0.433,10
avg-rate-change,quadShift,numeric,pool-above-window,50,18,21,32,0.640,10
g7-sp-likelihood-words,spLikelihoodImpossible,mcq,pool-above-window,50,18,19,32,0.640,10
g3-div-fluency,DivBy67Numeric,numeric,pool-above-window,42,18,14,24,0.571,10
unit-frac-divide,shareDenominatorNumeric,numeric,pool-above-window,34,18,13,16,0.471,10
tiling,whichTiles,mcq,pool-above-window,34,18,12,16,0.471,10
g3-div-fluency,DivBy45Numeric,numeric,pool-above-window,42,18,12,24,0.571,10
g12-trig-identities-equations,trig-identities-equations__ti-reciprocals__numeric,numeric,pool-above-window,30,18,12,12,0.400,10
circle-complete,completeSquare,numeric,pool-above-window,34,18,11,16,0.471,10
g2-fluency,FlSums12Numeric,numeric,pool-above-window,36,18,11,18,0.500,10
g10-conditional-probability,conditional-probability__cpr-complement-table__numeric,numeric,pool-above-window,30,18,11,12,0.400,10
k0-add-subtract,KoaActOutNumeric,numeric,pool-above-window,30,18,10,12,0.400,10
g4-measure,mcLinePlotQuestionsNumeric,numeric,pool-above-window,30,18,10,12,0.400,10
a1-functions-sequences,fn-common-ratio__numeric,numeric,pool-above-window,30,18,10,12,0.400,10
a2-statistics,si-null-model__mcq,mcq,pool-above-window,30,18,10,12,0.400,10
solve-mult-div,verifyMul,numeric,pool-above-window,34,18,9,16,0.471,10
domain-restrict,excludeZero,numeric,pool-above-window,34,18,9,16,0.471,10
pr-constant-k-g7,rrRatioBuild,buildExpression,pool-above-window,30,18,9,12,0.400,10
g1-shapes-measure,Smg1HalvesMcq,mcq,pool-above-window,34,18,9,16,0.471,10
a2-rationals,rf-equations__mcq,mcq,pool-above-window,30,18,9,12,0.400,10
a2-statistics,si-causation__mcq,mcq,pool-above-window,30,18,9,12,0.400,10
a2-statistics,si-study-type__mcq,mcq,pool-above-window,30,18,9,12,0.400,10
g6-data-literacy,ddDataMixedQuestions,mcq,pool-above-window,30,18,8,12,0.400,10
cn-sum-product,findB,numeric,pool-above-window,34,18,8,16,0.471,10
angle-equation,vertical,numeric,pool-above-window,30,18,8,12,0.400,10
shape-hierarchy,cgInheritanceDirection,shapeHierarchyLab,pool-above-window,30,18,8,12,0.400,10
pr-constant-k-g7,rrSimplifyDivisor,numeric,pool-above-window,30,18,8,12,0.400,10
g8-bv-categorical-association,bvCatWhyRates,mcq,pool-above-window,30,18,8,12,0.400,10
k0-add-subtract,KoaChooseOpMcq,mcq,pool-above-window,30,18,8,12,0.400,10
g0-counting,countSubtractLine,numberLineHop,pool-above-window,30,18,8,12,0.400,10
a1-solving-equations,literal-eq__mcq,mcq,pool-above-window,30,18,8,12,0.400,10
a2-complex,cn-add-sub__mcq,mcq,pool-above-window,30,18,8,12,0.400,10
a2-radicals,re-solve__mcq,mcq,pool-above-window,30,18,8,12,0.400,10
a2-statistics,si-bias-vs-variability__mcq,mcq,pool-above-window,30,18,8,12,0.400,10
a2-statistics,si-bias__mcq,mcq,pool-above-window,30,18,8,12,0.400,10
g10-constructions-proof,cp-perp-at-point__numeric,numeric,pool-above-window,30,18,8,12,0.400,10
g10-solid-geometry,sg-cavalieri-limits__numeric,exactNumberLab,pool-above-window,30,18,8,12,0.400,10
g10-solid-geometry,sg-section-reasoning__numeric,exactNumberLab,pool-above-window,30,18,8,12,0.400,10
g10-triangle-congruence,tc-cpctc__numeric,numeric,pool-above-window,30,18,8,12,0.400,10
g10-conditional-probability,conditional-probability__cpr-indep-vs-disjoint__numeric,numeric,pool-above-window,30,18,8,12,0.400,10
geo-series,doubling,numeric,pool-above-window,30,18,7,12,0.400,10
quadrilaterals,cgParallelogramNotGuaranteed,mcq,pool-above-window,30,18,7,12,0.400,10
k0-add-subtract,KoaFingersNumeric,numeric,pool-above-window,30,18,7,12,0.400,10
a2-complex,cn-cts-solve__mcq,mcq,pool-above-window,30,18,7,12,0.400,10
a2-logarithms,lg-ln__mcq,mcq,pool-above-window,30,18,7,12,0.400,10
a2-radicals,re-extraneous__mcq,mcq,pool-above-window,30,18,7,12,0.400,10
a2-rationals,rf-variation__mcq,mcq,pool-above-window,30,18,7,12,0.400,10
g10-coordinate-proofs,cx-classify-quad__numeric,numeric,pool-above-window,30,18,7,12,0.400,10
g10-right-triangles,rt-pythagorean__numeric,numeric,pool-above-window,30,18,7,12,0.400,10
g12-polar-parametric,polar-parametric__pp-polar-system__pointEntry,pointEntry,pool-above-window,30,18,7,12,0.400,10
prob-fraction,compound,fractionEntry,pool-above-window,30,18,6,12,0.400,10
a2-transformations,ft-arith__mcq,mcq,pool-above-window,30,18,6,12,0.400,10
a2-radicals,re-rules__numeric,exactNumberLab,pool-above-window,30,18,6,12,0.400,10
a2-statistics,si-ci-meaning__mcq,mcq,pool-above-window,30,18,6,12,0.400,10
a2-trig,tf-model__mcq,mcq,pool-above-window,30,18,6,12,0.400,10
g10-geometry-foundations,gf-find-motion__numeric,numeric,pool-above-window,30,18,6,12,0.400,10
a2-statistics,si-margin__dragBucket,dragBucket,pool-above-window,30,18,5,12,0.400,10
a2-trig,tf-identity__mcq,mcq,pool-above-window,30,18,5,12,0.400,10
g10-polygons-quadrilaterals,pq-interior-sum__numeric,numeric,pool-above-window,30,18,5,12,0.400,10
whole-times-fraction,toMixed,fractionEntry,pool-above-window,34,18,3,16,0.471,10
pr-graph-rate-g7,graphStoryPlot,plotPoint,pool-above-window,125,19,52,106,0.848,10
seq-recursive,geometric,numeric,pool-above-window,50,19,18,31,0.620,10
deriv-explog,lnChain,numeric,pool-above-window,50,19,18,31,0.620,10
a1-exponential,exp-match-base__numeric,exactNumberLab,pool-above-window,42,19,14,23,0.548,10
unit-frac-divide,unitDenominatorNumeric,numeric,pool-above-window,34,19,13,15,0.441,10
skip-count,nthTerm,numeric,pool-above-window,34,19,12,15,0.441,10
g2-fluency,FlMakeTenNumeric,numeric,pool-above-window,36,19,12,17,0.472,10
g1-shapes-measure,Smg1FourthsMcq,mcq,pool-above-window,34,19,11,15,0.441,10
to-polar,rPlusTheta,numeric,pool-above-window,34,19,9,15,0.441,10
parity,rowValue,numeric,pool-above-window,34,19,9,15,0.441,10
g8-tm-sphere-volume,tmSphereFormulaMatch,matchPairs,pool-above-window,30,19,9,11,0.367,10
k0-add-subtract,KoaWriteSubMcq,mcq,pool-above-window,30,19,9,11,0.367,10
g2-fluency,FlSums16Numeric,numeric,pool-above-window,36,19,9,17,0.472,10
a2-radicals,re-conjugates__buildExpression,buildExpression,pool-above-window,30,19,9,11,0.367,10
a2-statistics,si-experiment-design__mcq,mcq,pool-above-window,30,19,9,11,0.367,10
a2-statistics,si-null-model__dragOrder,dragOrder,pool-above-window,30,19,9,11,0.367,10
a2-statistics,si-read-poll__dragBucket,dragBucket,pool-above-window,30,19,9,11,0.367,10
g10-constructions-proof,cp-perp-from-point__numeric,numeric,pool-above-window,30,19,9,11,0.367,10
g10-geometry-foundations,gf-reflection-rule__numeric,numeric,pool-above-window,30,19,9,11,0.367,10
metric-convert,rrCompareUnits,mcq,pool-above-window,30,19,8,11,0.367,10
unit-frac-divide,properPieces,numeric,pool-above-window,34,19,8,15,0.441,10
g2-add-subtract-100,ParitySumMcq,mcq,pool-above-window,30,19,8,11,0.367,10
g2-shapes-shares,Ssg2GridApplyRead,areaModel,pool-above-window,30,19,8,11,0.367,10
a2-complex,cn-formula-complex__buildExpression,buildExpression,pool-above-window,30,19,8,11,0.367,10
a2-transformations,ft-inverse-graph__mcq,mcq,pool-above-window,30,19,8,11,0.367,10
g10-constructions-proof,cp-conjecture-proof__numeric,numeric,pool-above-window,30,19,8,11,0.367,10
grid-count,colTrap,numeric,pool-above-window,30,19,7,11,0.367,10
metric-convert,rrDirectionMcq,mcq,pool-above-window,30,19,7,11,0.367,10
g8-tm-rigid-motion,tmRotateProperty,mcq,pool-above-window,30,19,7,11,0.367,10
g8-bv-categorical-association,bvCatGroup,numeric,pool-above-window,30,19,7,11,0.367,10
g1-add-subtract,CountingOnNumeric,numeric,pool-above-window,30,19,7,11,0.367,10
a2-polynomials,pf-zeros__buildExpression,buildExpression,pool-above-window,30,19,7,11,0.367,10
a2-rationals,rf-unlike__buildExpression,buildExpression,pool-above-window,30,19,7,11,0.367,10
g12-trig-graphs-inverses,trig-graphs-inverses__tg-tan-transform__numeric,numeric,pool-above-window,30,19,7,11,0.367,10
g12-trig-identities-equations,trig-identities-equations__ti-pythagorean__numeric,numeric,pool-above-window,30,19,7,11,0.367,10
g13-integration-accumulation,integration-accumulation__in-antiderivative__numeric,numeric,pool-above-window,30,19,7,11,0.367,10
prob-fraction,spinner,fractionEntry,pool-above-window,30,19,6,11,0.367,10
shape-hierarchy,cgParallelogramTrapezoid,mcq,pool-above-window,30,19,6,11,0.367,10
g4-place-million,pvAddMcq,mcq,pool-above-window,30,19,6,11,0.367,10
g10-polygons-quadrilaterals,pq-para-tests__numeric,numeric,pool-above-window,30,19,6,11,0.367,10
g10-similarity,sy-proportions-figures__numeric,numeric,pool-above-window,30,19,6,11,0.367,10
g12-limits-continuity,limits-continuity__lc-discontinuity__numeric,numeric,pool-above-window,30,19,6,11,0.367,10
g4-lines-angles,laSymmetryApplicationMcq,mcq,pool-above-window,30,19,5,11,0.367,10
a2-rationals,rf-excluded__numeric,numeric,pool-above-window,30,19,5,11,0.367,10
a2-rationals,rf-reciprocal__mcq,mcq,pool-above-window,30,19,5,11,0.367,10
g10-similarity,sy-sss-similar__numeric,numeric,pool-above-window,30,19,5,11,0.367,10
box-volume,volumeFormula,mcq,pool-above-window,30,19,4,11,0.367,10
g1-add-subtract,MakeTenFirstNumeric,numeric,pool-above-window,30,19,4,11,0.367,10
g13-derivatives-in-context,derivatives-in-context__dc-related-rates__numeric,numeric,pool-above-window,30,19,4,11,0.367,10
power-ten-exponent,negDivide,placeValueTransformLab,pool-above-window,167,20,64,147,0.880,10
power-ten-exponent,negMultiply,placeValueTransformLab,pool-above-window,167,20,60,147,0.880,10
pr-graph-rate-g7,graphUnitPlot,plotPoint,pool-above-window,125,20,58,105,0.840,10
g8-tm-pythagorean-why,tmPythCSquaredA,geometricConstraintLab,pool-above-window,125,20,49,105,0.840,10
g8-tm-pythagorean-why,tmPythLengthFromAreas,geometricConstraintLab,pool-above-window,125,20,47,105,0.840,10
in-definite-power,default,numeric,pool-above-window,100,20,45,80,0.800,10
g8-tm-pythagorean-why,tmPythCSquaredB,geometricConstraintLab,pool-above-window,125,20,40,105,0.840,10
count-on-line,teen,numberLineHop,pool-above-window,100,20,37,80,0.800,10
time-set-clock,halfPast,clockSet,pool-above-window,50,20,20,30,0.600,10
unit-frac-divide,unitDivWhole,fractionEntry,pool-above-window,34,20,11,14,0.412,10
g3-div-fluency,DivSpecialNumeric,numeric,pool-above-window,42,20,11,22,0.524,10
poly-mul-mono,mulNeg,numeric,pool-above-window,34,20,10,14,0.412,10
unit-frac-divide,servingsNumeric,numeric,pool-above-window,34,20,10,14,0.412,10
unit-frac-divide,divideFractionNumerator,quotientReasoningLab,pool-above-window,34,20,10,14,0.412,10
step-function,atBoundary,numeric,pool-above-window,34,20,10,14,0.412,10
pictograph,halfSymbol,numeric,pool-above-window,34,20,10,14,0.412,10
mass,mixedTotal,numeric,pool-above-window,34,20,10,14,0.412,10
cn-conjugate,product,numeric,pool-above-window,34,20,9,14,0.412,10
pq-trapezoid,quadTotal,numeric,pool-above-window,30,20,9,10,0.333,10
hyperbola-anatomy,twoA,numeric,pool-above-window,34,20,9,14,0.412,10
volume,jugCount,numeric,pool-above-window,34,20,9,14,0.412,10
bar-graph,halfDifference,numeric,pool-above-window,34,20,9,14,0.412,10
k0-add-subtract,KoaHowManyLeftNumeric,numeric,pool-above-window,30,20,9,10,0.333,10
g1-shapes-measure,Smg1LengthDifferenceNumeric,numeric,pool-above-window,34,20,9,14,0.412,10
g10-right-triangles,rt-pythagorean-leg__numeric,numeric,pool-above-window,30,20,9,10,0.333,10
g12-trig-identities-equations,trig-identities-equations__ti-tan-cofunction__numeric,numeric,pool-above-window,30,20,9,10,0.333,10
frac-multiply,noticeShared,fractionEntry,pool-above-window,30,20,8,10,0.333,10
inscribed-angle,sameArc,numeric,pool-above-window,34,20,8,14,0.412,10
independence-def,formulaIndependent,numeric,pool-above-window,30,20,8,10,0.333,10
g8-tm-dilation-similarity,tmSimilarSideB,numeric,pool-above-window,30,20,8,10,0.333,10
g1-shapes-measure,Smg1SolidPartsMcq,mcq,pool-above-window,34,20,8,14,0.412,10
g10-coordinate-proofs,cx-perp-proof__numeric,numeric,pool-above-window,30,20,8,10,0.333,10
g13-series-convergence,series-convergence__sc-taylor__numeric,numeric,pool-above-window,30,20,8,10,0.333,10
g10-conditional-probability,conditional-probability__cpr-reversal-error__numeric,numeric,pool-above-window,30,20,8,10,0.333,10
sr-recursive,affine,numeric,pool-above-window,30,20,7,10,0.333,10
poly-read,leading,numeric,pool-above-window,34,20,7,14,0.412,10
prism-surface-area,missingFace,numeric,pool-above-window,34,20,7,14,0.412,10
distributive,factSplit,numeric,pool-above-window,30,20,7,10,0.333,10
g8-bv-judge-fit,bvJudgeCompare,mcq,pool-above-window,30,20,7,10,0.333,10
g2-add-subtract-100,OddEvenOddEvenPairs,oddEvenPairs,pool-above-window,30,20,7,10,0.333,10
g3-mult-fluency,MultMixedSmallNumeric,numeric,pool-above-window,30,20,7,10,0.333,10
a2-complex,cn-neg-eq__buildExpression,buildExpression,pool-above-window,30,20,7,10,0.333,10
a2-rationals,rf-simplify__numeric,numeric,pool-above-window,30,20,7,10,0.333,10
a2-series,sr-inf-apply__numeric,numeric,pool-above-window,30,20,7,10,0.333,10
g10-constructions-proof,cp-hexagon__numeric,numeric,pool-above-window,30,20,7,10,0.333,10
g10-similarity,sy-area-perimeter__numeric,numeric,pool-above-window,30,20,7,10,0.333,10
g13-curve-analysis,curve-analysis__ca-optimisation-applied__numeric,numeric,pool-above-window,30,20,7,10,0.333,10
g13-integration-accumulation,integration-accumulation__in-ftc-unified__numeric,numeric,pool-above-window,30,20,7,10,0.333,10
g2-shapes-shares,Ssg2GridApplyNumeric,numeric,pool-above-window,30,20,6,10,0.333,10
g4-place-million,pvSubtractMcq,mcq,pool-above-window,30,20,6,10,0.333,10
a2-transformations,ft-compose-rule__numeric,numeric,pool-above-window,30,20,6,10,0.333,10
a2-transformations,ft-inverse-graph__numeric,numeric,pool-above-window,30,20,6,10,0.333,10
a2-radicals,re-convert__numeric,exactNumberLab,pool-above-window,30,20,6,10,0.333,10
a2-trig,tf-arc-length__numeric,numeric,pool-above-window,30,20,6,10,0.333,10
g10-constructions-proof,cp-proving-transversal__numeric,numeric,pool-above-window,30,20,6,10,0.333,10
g10-right-triangles,rt-trig-constant__numeric,numeric,pool-above-window,30,20,6,10,0.333,10
g10-similarity,sy-indirect__numeric,numeric,pool-above-window,30,20,6,10,0.333,10
g10-similarity,sy-sas-similar__numeric,numeric,pool-above-window,30,20,6,10,0.333,10
g12-trig-identities-equations,trig-identities-equations__ti-double-basic__numeric,numeric,pool-above-window,30,20,6,10,0.333,10
g13-differential-equations,differential-equations__de-exponential__numeric,numeric,pool-above-window,30,20,6,10,0.333,10
unit-size,ribbonPiece,numeric,pool-above-window,34,20,5,14,0.412,10
g7-tse-expression-build,tseCombineDiff,buildExpression,pool-above-window,30,20,5,10,0.333,10
g8-tm-rigid-motion,tmReflectProperty,mcq,pool-above-window,30,20,5,10,0.333,10
g8-tm-dilation-similarity,tmSimilarSideA,numeric,pool-above-window,30,20,5,10,0.333,10
g12-trig-identities-equations,trig-identities-equations__ti-apply-sum-diff__numeric,numeric,pool-above-window,30,20,5,10,0.333,10
g13-integration-applications,integration-applications__ia-washer__numeric,numeric,pool-above-window,30,20,5,10,0.333,10
attributes,cgEquilateralRightNever,shapeHierarchyLab,pool-above-window,30,20,4,10,0.333,10
g4-fractions,faBenchmarkOrderNumeric,numeric,pool-above-window,30,20,4,10,0.333,10
a2-complex,cn-method-choice__mcq,mcq,pool-above-window,30,20,4,10,0.333,10
g12-polar-parametric,polar-parametric__pp-projectile__numeric,numeric,pool-above-window,30,20,4,10,0.333,10
g12-vectors-matrices,vectors-matrices__vec-rotation__numeric,exactNumberLab,pool-above-window,30,20,4,10,0.333,10
g13-derivatives-in-context,derivatives-in-context__dc-other-forms__numeric,numeric,pool-above-window,30,20,4,10,0.333,10
g13-differential-equations,differential-equations__de-logistic__numeric,numeric,pool-above-window,30,20,4,10,0.333,10
g12-vectors-matrices,vectors-matrices__vec-matrix-arith__numeric,exactNumberLab,pool-above-window,30,20,3,10,0.333,10
multiple-find,blinkLcm,numeric,pool-above-window,30,20,2,10,0.333,10
decimal-align-addsub,changeBack,numeric,pool-above-window,30,20,2,10,0.333,10
a1-exponential,exp-vs-linear__numeric,exactNumberLab,pool-above-window,42,21,13,21,0.500,10
coordinate-plot,plot,plotPoint,pool-above-window,39,21,12,18,0.462,10
solve-mult-div,tickets,numeric,pool-above-window,34,21,11,13,0.382,10
g7-complementary,cornerThree,numeric,pool-above-window,34,21,11,13,0.382,10
arc-measure,ratio,numeric,pool-above-window,34,21,10,13,0.382,10
equal-parts,cutsToPieces,numeric,pool-above-window,34,21,10,13,0.382,10
g1-shapes-measure,Smg1ShapeSidesMcq,mcq,pool-above-window,34,21,9,13,0.382,10
a1-functions-sequences,fn-domain-range__buildExpression,buildExpression,pool-above-window,30,21,9,9,0.300,10
g13-curve-analysis,curve-analysis__ca-first-derivative-test__numeric,numeric,pool-above-window,30,21,9,9,0.300,10
frac-unlike-addsub,addSimplify,fractionEntry,pool-above-window,30,21,8,9,0.300,10
limit-laws,product,numeric,pool-above-window,34,21,8,13,0.382,10
fraction-volume,properFraction,numeric,pool-above-window,30,21,8,9,0.300,10
nl-beyond-one,betweenWhich,numeric,pool-above-window,34,21,8,13,0.382,10
g0-counting,countAddLine,numberLineHop,pool-above-window,30,21,8,9,0.300,10
g10-similarity,sy-scale__numeric,numeric,pool-above-window,30,21,8,9,0.300,10
frac-multiply,unitGrid,fractionGrid,pool-above-window,30,21,7,9,0.300,10
shape-hierarchy,cgRhombusRectangleSometimes,shapeHierarchyLab,pool-above-window,30,21,7,9,0.300,10
g8-esn-compare,esnCompareRatioClose,numeric,pool-above-window,30,21,7,9,0.300,10
g1-add-subtract,BiggerFirstNumeric,numeric,pool-above-window,30,21,7,9,0.300,10
a2-logarithms,lg-graph__mcq,mcq,pool-above-window,30,21,7,9,0.300,10
a2-radicals,re-rationalize__buildExpression,buildExpression,pool-above-window,30,21,7,9,0.300,10
g10-circle-theorems,cr-cyclic-quad__numeric,numeric,pool-above-window,30,21,7,9,0.300,10
g10-circle-theorems,cr-sector-area__numeric,numeric,pool-above-window,30,21,7,9,0.300,10
g10-constructions-proof,cp-transversal-family__numeric,numeric,pool-above-window,30,21,7,9,0.300,10
g10-right-triangles,rt-inverse-trig__numeric,numeric,pool-above-window,30,21,7,9,0.300,10
g10-similarity,sy-side-splitter__numeric,numeric,pool-above-window,30,21,7,9,0.300,10
g12-vectors-matrices,vectors-matrices__vec-dot__numeric,exactNumberLab,pool-above-window,30,21,7,9,0.300,10
metric-convert,rrMetricDivide,numeric,pool-above-window,30,21,6,9,0.300,10
independence-def,conditionalFromDeck,numeric,pool-above-window,30,21,6,9,0.300,10
tiling,equalRows,numeric,pool-above-window,34,21,6,13,0.382,10
g8-bv-judge-fit,bvJudgeShift,mcq,pool-above-window,30,21,6,9,0.300,10
k0-add-subtract,KoaSubDrawingsNumeric,numeric,pool-above-window,30,21,6,9,0.300,10
g4-measure,mcProtractorReadingMcq,mcq,pool-above-window,30,21,6,9,0.300,10
g4-multiply,mbPatternsNumeric,numeric,pool-above-window,30,21,6,9,0.300,10
g4-place-million,pvCommaPeriodsMcq,mcq,pool-above-window,30,21,6,9,0.300,10
a2-complex,cn-complex-plane__plotPoint,plotPoint,pool-above-window,30,21,6,9,0.300,10
a2-radicals,re-conjugates__numeric,exactNumberLab,pool-above-window,30,21,6,9,0.300,10
a2-statistics,si-claim-capstone__mcq,mcq,pool-above-window,30,21,6,9,0.300,10
a2-statistics,si-significance-limits__mcq,mcq,pool-above-window,30,21,6,9,0.300,10
g10-right-triangles,rt-triples__numeric,numeric,pool-above-window,30,21,6,9,0.300,10
g12-limits-continuity,limits-continuity__lc-ivt__numeric,exactNumberLab,pool-above-window,30,21,6,9,0.300,10
g12-limits-continuity,limits-continuity__lc-onesided__numeric,numeric,pool-above-window,30,21,6,9,0.300,10
g12-vectors-matrices,vectors-matrices__vec-applications__numeric,exactNumberLab,pool-above-window,30,21,6,9,0.300,10
g12-vectors-matrices,vectors-matrices__vec-determinant__numeric,exactNumberLab,pool-above-window,30,21,6,9,0.300,10
g13-integration-accumulation,integration-accumulation__in-riemann__numeric,numeric,pool-above-window,30,21,6,9,0.300,10
g13-integration-applications,integration-applications__ia-disc__numeric,numeric,pool-above-window,30,21,6,9,0.300,10
g13-series-convergence,series-convergence__sc-radius__numeric,numeric,pool-above-window,30,21,6,9,0.300,10
a1-quadratics,quad-discriminant__numeric,numeric,pool-above-window,30,21,5,9,0.300,10
a2-rationals,rf-work__numeric,exactNumberLab,pool-above-window,30,21,5,9,0.300,10
g12-polynomial-rational-analysis,polynomial-rational-analysis__pra-rrt-pipeline__numeric,exactNumberLab,pool-above-window,30,21,5,9,0.300,10
g12-trig-identities-equations,trig-identities-equations__ti-prove__numeric,numeric,pool-above-window,30,21,5,9,0.300,10
g13-integration-accumulation,integration-accumulation__in-net-change__numeric,numeric,pool-above-window,30,21,5,9,0.300,10
g10-conditional-probability,conditional-probability__cpr-overlap-count__numeric,numeric,pool-above-window,30,21,5,9,0.300,10
negative-intro,absoluteNumeric,numeric,pool-above-window,30,21,4,9,0.300,10
lcm-pair,gcfThree,numeric,pool-above-window,30,21,4,9,0.300,10
a2-polynomials,pf-long-div__numeric,exactNumberLab,pool-above-window,30,21,4,9,0.300,10
a2-rationals,rf-ha__numeric,exactNumberLab,pool-above-window,30,21,4,9,0.300,10
g12-function-analysis,function-analysis__fna-compose-domain__numeric,exactNumberLab,pool-above-window,30,21,4,9,0.300,10
g12-trig-graphs-inverses,trig-graphs-inverses__tg-tan-shape__numeric,numeric,pool-above-window,30,21,4,9,0.300,10
g6-data-literacy,ddDataClassSize,numeric,pool-above-window,30,21,3,9,0.300,10
g10-right-triangles,rt-306090-apply__numeric,numeric,pool-above-window,30,21,3,9,0.300,10
line-of-fit,interceptZero,affineRelationshipLab,pool-above-window,250,22,89,228,0.912,10
g8-les-systems-word,lesWordRope,affineRelationshipLab,pool-above-window,125,22,45,103,0.824,10
g8-les-systems-word,lesWordLarger,affineRelationshipLab,pool-above-window,125,22,43,103,0.824,10
decimal-mul-places,bareMul,numeric,pool-above-window,50,22,16,28,0.560,10
power-product,parenPower,numeric,pool-above-window,46,22,12,24,0.522,10
extrema-value,absMinValue,numeric,pool-above-window,34,22,9,12,0.353,10
second-deriv-poly,third,numeric,pool-above-window,34,22,8,12,0.353,10
times-five-ten,clockElapsed,numeric,pool-above-window,34,22,8,12,0.353,10
k0-count-100,kCountBackHop,numberLineHop,pool-above-window,34,22,8,12,0.353,10
g2-measure-money-time,MmtCoinReverseMoneyBoard,moneyBoard,pool-above-window,36,22,8,14,0.389,10
g2-measure-money-time,MmtRulerReadNumeric,numeric,pool-above-window,36,22,8,14,0.389,10
g7-tse-expression-build,tseDistNeg,buildExpression,pool-above-window,30,22,7,8,0.267,10
g10-coordinate-proofs,cx-classify-tri__numeric,numeric,pool-above-window,30,22,7,8,0.267,10
g13-derivatives-in-context,derivatives-in-context__dc-ladder__numeric,numeric,pool-above-window,30,22,7,8,0.267,10
pq-rhombus,diagonalBisect,numeric,pool-above-window,34,22,6,12,0.353,10
tens-problems,chairRows,numeric,pool-above-window,34,22,6,12,0.353,10
pr-constant-k-g7,rrRatioScale,numeric,pool-above-window,30,22,6,8,0.267,10
pr-constant-k-g7,rrTableMissingFirst,numeric,pool-above-window,30,22,6,8,0.267,10
g8-bv-fit-idea,bvFitBalance,mcq,pool-above-window,30,22,6,8,0.267,10
g1-add-subtract,CompareNumeric,numeric,pool-above-window,30,22,6,8,0.267,10
g4-lines-angles,laParallelPerpIdentifyMcq,mcq,pool-above-window,30,22,6,8,0.267,10
a2-trig,tf-amp-period__numeric,numeric,pool-above-window,30,22,6,8,0.267,10
g10-geometry-foundations,gf-corresponding-parts__numeric,numeric,pool-above-window,30,22,6,8,0.267,10
g10-polygons-quadrilaterals,pq-para-diagonals__numeric,numeric,pool-above-window,30,22,6,8,0.267,10
g10-solid-geometry,sg-cavalieri__numeric,exactNumberLab,pool-above-window,30,22,6,8,0.267,10
g12-conic-sections,conic-sections__co-parabola-def__numeric,numeric,pool-above-window,30,22,6,8,0.267,10
g12-polynomial-rational-analysis,polynomial-rational-analysis__pra-rrt-list__numeric,exactNumberLab,pool-above-window,30,22,6,8,0.267,10
g6-center-spread,ddCompareIqr,numeric,pool-above-window,30,22,5,8,0.267,10
pq-trapezoid,largestAngle,numeric,pool-above-window,30,22,5,8,0.267,10
pq-para-side,algPerimeter,numeric,pool-above-window,34,22,5,12,0.353,10
negative-intro,riseTemp,numeric,pool-above-window,30,22,5,8,0.267,10
metric-convert,rrRateMultiply,numeric,pool-above-window,30,22,5,8,0.267,10
prism-surface-area,tentFabric,numeric,pool-above-window,34,22,5,12,0.353,10
box-volume,whichMeasure,mcq,pool-above-window,30,22,5,8,0.267,10
pr-constant-k-g7,rrPartWholeMust,mcq,pool-above-window,30,22,5,8,0.267,10
g0-shapes-sorting,shapeRollStackMcq,mcq,pool-above-window,34,22,5,12,0.353,10
a1-polynomials,factor-trinomial__buildExpression,buildExpression,pool-above-window,30,22,5,8,0.267,10
g10-coordinate-proofs,cx-circle-cts__numeric,numeric,pool-above-window,30,22,5,8,0.267,10
g12-polynomial-rational-analysis,polynomial-rational-analysis__pra-slant-find__numeric,exactNumberLab,pool-above-window,30,22,5,8,0.267,10
g12-trig-graphs-inverses,trig-graphs-inverses__tg-five-points__numeric,numeric,pool-above-window,30,22,5,8,0.267,10
g12-trig-graphs-inverses,trig-graphs-inverses__tg-four-dials__numeric,numeric,pool-above-window,30,22,5,8,0.267,10
g12-trig-identities-equations,trig-identities-equations__ti-general__numeric,numeric,pool-above-window,30,22,5,8,0.267,10
g12-vectors-matrices,vectors-matrices__vec-components__numeric,exactNumberLab,pool-above-window,30,22,5,8,0.267,10
g12-vectors-matrices,vectors-matrices__vec-scalar__numeric,exactNumberLab,pool-above-window,30,22,5,8,0.267,10
variable-meaning,linearRelation,numeric,pool-above-window,30,22,4,8,0.267,10
g7-tse-inequality-build,strictBoundary,exactNumberLab,pool-above-window,30,22,4,8,0.267,10
g8-esn-root-context,esnRootCubeLarge,numeric,pool-above-window,30,22,4,8,0.267,10
g2-add-subtract-100,AddTensNumeric,numeric,pool-above-window,30,22,4,8,0.267,10
a1-functions-sequences,fn-growth-apply__numeric,numeric,pool-above-window,30,22,4,8,0.267,10
g10-polygons-quadrilaterals,pq-square__numeric,numeric,pool-above-window,30,22,4,8,0.267,10
g10-solid-geometry,sg-revolution__numeric,exactNumberLab,pool-above-window,30,22,4,8,0.267,10
g12-conic-sections,conic-sections__co-hyp-ecc__numeric,numeric,pool-above-window,30,22,4,8,0.267,10
g12-trig-identities-equations,trig-identities-equations__ti-tan-ladder__numeric,numeric,pool-above-window,30,22,4,8,0.267,10
g13-derivatives-in-context,derivatives-in-context__dc-differentials__numeric,exactNumberLab,pool-above-window,30,22,4,8,0.267,10
g13-integration-accumulation,integration-accumulation__in-definite-integral__numeric,exactNumberLab,pool-above-window,30,22,4,8,0.267,10
g10-conditional-probability,conditional-probability__cpr-at-least-one__numeric,numeric,pool-above-window,30,22,4,8,0.267,10
lcm-pair,lcd,numeric,pool-above-window,30,22,3,8,0.267,10
g8-tm-rigid-motion,tmTranslateProperty,mcq,pool-above-window,30,22,3,8,0.267,10
g10-geometry-foundations,gf-line-symmetry__numeric,numeric,pool-above-window,30,22,3,8,0.267,10
g12-function-analysis,function-analysis__fna-restricted__numeric,exactNumberLab,pool-above-window,30,22,3,8,0.267,10
g13-integration-applications,integration-applications__ia-average-value__numeric,numeric,pool-above-window,30,22,3,8,0.267,10
g13-integration-applications,integration-applications__ia-cross-sections__numeric,numeric,pool-above-window,30,22,3,8,0.267,10
g2-add-subtract-100,ParitySumNumeric,numeric,pool-above-window,30,22,2,8,0.267,10
g10-constructions-proof,cp-vertical-angles__numeric,numeric,pool-above-window,30,22,2,8,0.267,10
times-nine,theaterSeats,numeric,pool-above-window,50,23,11,27,0.540,10
cn-sum-product,conjProduct,numeric,pool-above-window,34,23,8,11,0.324,10
nl-fraction,waterStops,numeric,pool-above-window,34,23,7,11,0.324,10
pr-unit-rate-g7,recipeFraction,mcq,pool-above-window,30,23,7,7,0.233,10
g0-shapes-sorting,shapeWeightTap,tapDiagram,pool-above-window,34,23,7,11,0.324,10
g0-shapes-sorting,shapeAnyWayTap,tapDiagram,pool-above-window,34,23,7,11,0.324,10
k0-count-100,kSeqNextHop,numberLineHop,pool-above-window,34,23,7,11,0.324,10
g13-integration-accumulation,integration-accumulation__in-usub__numeric,numeric,pool-above-window,30,23,7,7,0.233,10
fn-arith-seq,nextUp,numeric,pool-above-window,30,23,6,7,0.233,10
variable-meaning,tripleMinusEval,numeric,pool-above-window,30,23,6,7,0.233,10
whole-times-fraction,mixedProduct,fractionEntry,pool-above-window,34,23,6,11,0.324,10
tiling,unequalRows,numeric,pool-above-window,34,23,6,11,0.324,10
a1-solving-equations,flip-rule__buildExpression,buildExpression,pool-above-window,30,23,6,7,0.233,10
a2-logarithms,lg-exp-solve__numeric,exactNumberLab,pool-above-window,30,23,6,7,0.233,10
g12-vectors-matrices,vectors-matrices__vec-work__numeric,exactNumberLab,pool-above-window,30,23,6,7,0.233,10
g13-integration-accumulation,integration-accumulation__in-choosing-u__numeric,numeric,pool-above-window,30,23,6,7,0.233,10
grid-count,read,areaModel,pool-above-window,30,23,5,7,0.233,10
prism-surface-area,totalSA,numeric,pool-above-window,34,23,5,11,0.324,10
box-volume,unitCubes,numeric,pool-above-window,30,23,5,7,0.233,10
pr-constant-k-g7,rrDoubleLineSmall,numeric,pool-above-window,30,23,5,7,0.233,10
g8-tm-rigid-motion,tmTransformSort,dragBucket,pool-above-window,30,23,5,7,0.233,10
g4-fractions,faWholeTimesFractionMixed,mixedRegroup,pool-above-window,30,23,5,7,0.233,10
a1-functions-sequences,fn-domain-range__mcq,mcq,pool-above-window,30,23,5,7,0.233,10
a1-quadratics,quad-factor-solve__numeric,numeric,pool-above-window,30,23,5,7,0.233,10
g10-constructions-proof,cp-square-triangle__numeric,numeric,pool-above-window,30,23,5,7,0.233,10
g10-coordinate-proofs,cx-circle-eq__numeric,numeric,pool-above-window,30,23,5,7,0.233,10
g10-similarity,sy-solving-right__numeric,numeric,pool-above-window,30,23,5,7,0.233,10
g12-function-analysis,function-analysis__fna-decompose__numeric,exactNumberLab,pool-above-window,30,23,5,7,0.233,10
g12-limits-continuity,limits-continuity__lc-factor__numeric,numeric,pool-above-window,30,23,5,7,0.233,10
g12-limits-continuity,limits-continuity__lc-rationalize__numeric,exactNumberLab,pool-above-window,30,23,5,7,0.233,10
g12-polar-parametric,polar-parametric__pp-roses__numeric,numeric,pool-above-window,30,23,5,7,0.233,10
g13-differential-equations,differential-equations__de-euler__numeric,numeric,pool-above-window,30,23,5,7,0.233,10
g10-conditional-probability,conditional-probability__cpr-joint-prob__numeric,numeric,pool-above-window,30,23,5,7,0.233,10
grid-count,colTrapRead,areaModel,pool-above-window,30,23,4,7,0.233,10
pct-of-number,rrPercentOver100,numeric,pool-above-window,30,23,4,7,0.233,10
orbit-ecc,flyby,mcq,pool-above-window,34,23,4,11,0.324,10
shape-hierarchy,cgInheritProperty,shapeHierarchyLab,pool-above-window,30,23,4,7,0.233,10
g7-triangle-inequality,wholeCount,numeric,pool-above-window,30,23,4,7,0.233,10
g8-rns-compare-estimate,rnsOrderMixed,dragOrder,pool-above-window,30,23,4,7,0.233,10
g8-bv-fit-idea,bvFitDirection,mcq,pool-above-window,30,23,4,7,0.233,10
a1-quadratics,quad-zero-product__numeric,numeric,pool-above-window,30,23,4,7,0.233,10
a2-polynomials,pf-end-behavior__mcq,mcq,pool-above-window,30,23,4,7,0.233,10
g10-circle-theorems,cr-tangent-apps__numeric,exactNumberLab,pool-above-window,30,23,4,7,0.233,10
g10-coordinate-proofs,cx-circle-position__numeric,numeric,pool-above-window,30,23,4,7,0.233,10
g10-geometry-foundations,gf-translation-rule__numeric,numeric,pool-above-window,30,23,4,7,0.233,10
g10-polygons-quadrilaterals,pq-regular-angles__numeric,numeric,pool-above-window,30,23,4,7,0.233,10
g10-right-triangles,rt-pythagorean-apply__numeric,numeric,pool-above-window,30,23,4,7,0.233,10
g10-solid-geometry,sg-modeling__numeric,exactNumberLab,pool-above-window,30,23,4,7,0.233,10
g10-triangle-congruence,tc-centroid__numeric,numeric,pool-above-window,30,23,4,7,0.233,10
g12-conic-sections,conic-sections__co-parabola-eqn__mcq,mcq,pool-above-window,30,23,4,7,0.233,10
g12-limits-continuity,limits-continuity__lc-series-limit__numeric,exactNumberLab,pool-above-window,30,23,4,7,0.233,10
g13-derivatives-in-context,derivatives-in-context__dc-linearisation__numeric,numeric,pool-above-window,30,23,4,7,0.233,10
g13-integration-applications,integration-applications__ia-area-between__numeric,numeric,pool-above-window,30,23,4,7,0.233,10
g6-center-spread,ddIqrOddSeven,numeric,pool-above-window,30,23,3,7,0.233,10
fn-evaluate,mulOnly,numeric,pool-above-window,30,23,3,7,0.233,10
pr-constant-k-g7,rrSimplifyBuild,buildExpression,pool-above-window,30,23,3,7,0.233,10
pr-constant-k-g7,rrTablePartner,numeric,pool-above-window,30,23,3,7,0.233,10
g7-tse-expression-build,tseDistPosB,buildExpression,pool-above-window,30,23,3,7,0.233,10
g7-tse-inequality-build,graphBuild,numberLineRay,pool-above-window,30,23,3,7,0.233,10
g8-bv-prediction-limits,bvLimitWhy,mcq,pool-above-window,30,23,3,7,0.233,10
g1-add-subtract,CountOnSmallNumeric,numeric,pool-above-window,30,23,3,7,0.233,10
a1-quadratics,quad-formula__numeric,numeric,pool-above-window,30,23,3,7,0.233,10
a2-radicals,re-domains__buildExpression,buildExpression,pool-above-window,30,23,3,7,0.233,10
a2-statistics,si-pvalue-idea__numeric,numeric,pool-above-window,30,23,3,7,0.233,10
g10-geometry-foundations,gf-rotation-rule__numeric,numeric,pool-above-window,30,23,3,7,0.233,10
g10-similarity,sy-dilation__numeric,numeric,pool-above-window,30,23,3,7,0.233,10
g10-solid-geometry,sg-composite-surface__numeric,exactNumberLab,pool-above-window,30,23,3,7,0.233,10
g10-triangle-congruence,tc-midsegment__numeric,numeric,pool-above-window,30,23,3,7,0.233,10
g12-limits-continuity,limits-continuity__lc-derivative__numeric,numeric,pool-above-window,30,23,3,7,0.233,10
g12-trig-graphs-inverses,trig-graphs-inverses__tg-cos-graph__numeric,numeric,pool-above-window,30,23,3,7,0.233,10
g12-trig-graphs-inverses,trig-graphs-inverses__tg-mixed-comp__numeric,numeric,pool-above-window,30,23,3,7,0.233,10
g12-trig-graphs-inverses,trig-graphs-inverses__tg-phase__numeric,numeric,pool-above-window,30,23,3,7,0.233,10
g12-vectors-matrices,vectors-matrices__vec-solve-systems__numeric,exactNumberLab,pool-above-window,30,23,3,7,0.233,10
g13-parametric-polar-calculus,parametric-polar-calculus__pc-arc-length__numeric,numeric,pool-above-window,30,23,3,7,0.233,10
g4-lines-angles,laGeometricBasicsMcq,mcq,pool-above-window,30,23,2,7,0.233,10
g10-coordinate-proofs,cx-shoelace__numeric,numeric,pool-above-window,30,23,2,7,0.233,10
g13-parametric-polar-calculus,parametric-polar-calculus__pc-parametric-derivative__numeric,numeric,pool-above-window,30,23,2,7,0.233,10
g12-limits-continuity,limits-continuity__lc-continuity__numeric,exactNumberLab,pool-above-window,30,23,1,7,0.233,10
g7-vertical-angles,acrossAlgebra,geometricConstraintLab,pool-above-window,167,24,58,143,0.856,10
g8-esn-place-value,esnPlacePositive,placeValueTransformLab,pool-above-window,125,24,39,101,0.808,10
power-product,sumPowers,numeric,pool-above-window,46,24,15,22,0.478,10
g2-fluency,FlThinkAdditionNumeric,numeric,pool-above-window,36,24,10,12,0.333,10
coordinate-plot,segment,plotPoint,pool-above-window,39,24,9,15,0.385,10
cn-sum-product,findC,numeric,pool-above-window,34,24,7,10,0.294,10
quad-shape-area,rectQuadratic,numeric,pool-above-window,34,24,6,10,0.294,10
poly-mul-mono,mulHigh,numeric,pool-above-window,34,24,6,10,0.294,10
const-sum-rule,horizontalTangent,numeric,pool-above-window,34,24,6,10,0.294,10
group-division,howManyPieces,numeric,pool-above-window,34,24,6,10,0.294,10
missing-factor,flipIt,numeric,pool-above-window,34,24,6,10,0.294,10
a1-radicals,rad-mn-exp__numeric,exactNumberLab,pool-above-window,36,24,6,12,0.333,10
g10-coordinate-proofs,cx-parallel-proof__numeric,numeric,pool-above-window,30,24,6,6,0.200,10
g10-polygons-quadrilaterals,pq-rectangle__numeric,numeric,pool-above-window,30,24,6,6,0.200,10
g10-right-triangles,rt-law-sines__numeric,numeric,pool-above-window,30,24,6,6,0.200,10
subtract-within-20,factFamily,numeric,pool-above-window,34,24,5,10,0.294,10
perimeter,gardenFence,numeric,pool-above-window,34,24,5,10,0.294,10
line-plot,ddShapeOutlier,mcq,pool-above-window,30,24,5,6,0.200,10
commutativity,arrayBuild,buildExpression,pool-above-window,34,24,5,10,0.294,10
distributive,rowsSold,numeric,pool-above-window,30,24,5,6,0.200,10
mult-patterns,timesTableStep,numeric,pool-above-window,34,24,5,10,0.294,10
g8-fn-constant-slope,fgSlopeSimilarTriangles,numeric,pool-above-window,30,24,5,6,0.200,10
g1-counting-120,ChartFindNumeric,numeric,pool-above-window,30,24,5,6,0.200,10
g2-add-subtract-100,Fluency20Numeric,numeric,pool-above-window,30,24,5,6,0.200,10
g12-trig-identities-equations,trig-identities-equations__ti-cos2-forms__numeric,numeric,pool-above-window,30,24,5,6,0.200,10
g12-trig-identities-equations,trig-identities-equations__ti-quad-trig__numeric,numeric,pool-above-window,30,24,5,6,0.200,10
g13-integration-accumulation,integration-accumulation__in-constant-of-integration__numeric,exactNumberLab,pool-above-window,30,24,5,6,0.200,10
frac-unlike-addsub,subBare,fractionEntry,pool-above-window,30,24,4,6,0.200,10
pq-trapezoid,isoscelesTop,numeric,pool-above-window,30,24,4,6,0.200,10
negative-intro,compareNegativeMixed,rationalCompare,pool-above-window,30,24,4,6,0.200,10
variable-meaning,independentPay,mcq,pool-above-window,30,24,4,6,0.200,10
pct-of-number,rrPercentFraction,mcq,pool-above-window,30,24,4,6,0.200,10
decimal-representation,trailingMatchCount,numeric,pool-above-window,30,24,4,6,0.200,10
box-volume,singleLayer,numeric,pool-above-window,30,24,4,6,0.200,10
line-plot,ddShapeSymmetric,mcq,pool-above-window,30,24,4,6,0.200,10
pr-unit-rate-g7,rrSpeed,proportionalReasoningLab,pool-above-window,30,24,4,6,0.200,10
pr-constant-k-g7,rrPartWholeWhich,mcq,pool-above-window,30,24,4,6,0.200,10
g8-tm-congruence,tmCongruenceEnlarge,mcq,pool-above-window,30,24,4,6,0.200,10
g1-counting-120,TensOnesBaseTenCompose,baseTenCompose,pool-above-window,30,24,4,6,0.200,10
g10-coordinate-proofs,cx-partition__numeric,numeric,pool-above-window,30,24,4,6,0.200,10
g10-triangle-congruence,tc-triangle-inequality__numeric,numeric,pool-above-window,30,24,4,6,0.200,10
g12-function-analysis,function-analysis__fna-compose-order__numeric,exactNumberLab,pool-above-window,30,24,4,6,0.200,10
g12-limits-continuity,limits-continuity__lc-avg-rate__numeric,numeric,pool-above-window,30,24,4,6,0.200,10
g12-polar-parametric,polar-parametric__pp-de-moivre__numeric,numeric,pool-above-window,30,24,4,6,0.200,10
g12-polar-parametric,polar-parametric__pp-parabolic-path__numeric,numeric,pool-above-window,30,24,4,6,0.200,10
g12-polynomial-rational-analysis,polynomial-rational-analysis__pra-fta-count__numeric,exactNumberLab,pool-above-window,30,24,4,6,0.200,10
g12-vectors-matrices,vectors-matrices__vec-add__mcq,mcq,pool-above-window,30,24,4,6,0.200,10
g13-integration-accumulation,integration-accumulation__in-usub-limits__numeric,numeric,pool-above-window,30,24,4,6,0.200,10
g13-integration-applications,integration-applications__ia-motion__numeric,numeric,pool-above-window,30,24,4,6,0.200,10
g13-parametric-polar-calculus,parametric-polar-calculus__pc-vector-motion__numeric,numeric,pool-above-window,30,24,4,6,0.200,10
fn-evaluate,quadPlus,numeric,pool-above-window,30,24,3,6,0.200,10
fn-evaluate,quadMinus,numeric,pool-above-window,30,24,3,6,0.200,10
lcm-pair,gcfContext,numeric,pool-above-window,30,24,3,6,0.200,10
metric-convert,rrMinutesSeconds,numeric,pool-above-window,30,24,3,6,0.200,10
step-function,absPiecewise,mcq,pool-above-window,34,24,3,10,0.294,10
fraction-volume,planterDecimal,numeric,pool-above-window,30,24,3,6,0.200,10
g7-tse-expression-build,tseMixedSameNeg,buildExpression,pool-above-window,30,24,3,6,0.200,10
g7-sp-overlap-interpret,spCompareSmall,distributionCompareLab,pool-above-window,30,24,3,6,0.200,10
g3-mult-fluency,MultRecallSpeedNumeric,numeric,pool-above-window,30,24,3,6,0.200,10
g4-multiply,mbFactorsNumeric,numeric,pool-above-window,30,24,3,6,0.200,10
a2-polynomials,pf-build__numeric,exactNumberLab,pool-above-window,30,24,3,6,0.200,10
g10-right-triangles,rt-solve-side__numeric,numeric,pool-above-window,30,24,3,6,0.200,10
g12-limits-continuity,limits-continuity__lc-limit-idea__numeric,numeric,pool-above-window,30,24,3,6,0.200,10
g12-trig-graphs-inverses,trig-graphs-inverses__tg-five-points__mcq,mcq,pool-above-window,30,24,3,6,0.200,10
g13-derivatives-in-context,derivatives-in-context__dc-motion__numeric,numeric,pool-above-window,30,24,3,6,0.200,10
partial-products,shown,numeric,pool-above-window,30,24,2,6,0.200,10
variable-meaning,shirtsCost,numeric,pool-above-window,30,24,2,6,0.200,10
pct-of-number,rrWholeFromPercent,numeric,pool-above-window,30,24,2,6,0.200,10
pr-constant-k-g7,rrEquivalentScale,numeric,pool-above-window,30,24,2,6,0.200,10
g8-tm-cylinder-volume,tmCylinderB,numeric,pool-above-window,30,24,2,6,0.200,10
g1-counting-120,CountSequenceNumberLineHop,numberLineHop,pool-above-window,30,24,2,6,0.200,10
g1-counting-120,TensOnesNumeric,numeric,pool-above-window,30,24,2,6,0.200,10
a1-functions-sequences,fn-choose-formula__numeric,numeric,pool-above-window,30,24,2,6,0.200,10
g12-conic-sections,conic-sections__co-ellipse__mcq,mcq,pool-above-window,30,24,2,6,0.200,10
g12-vectors-matrices,vectors-matrices__vec-direction__numeric,exactNumberLab,pool-above-window,30,24,2,6,0.200,10
a2-radicals,re-domains__numeric,exactNumberLab,pool-above-window,30,24,1,6,0.200,10
a2-trig,tf-inverse__numeric,numeric,pool-above-window,30,24,1,6,0.200,10
g10-geometry-foundations,gf-congruence-def__numeric,numeric,pool-above-window,30,24,1,6,0.200,10
g13-derivatives-in-context,derivatives-in-context__dc-distance__numeric,numeric,pool-above-window,30,24,1,6,0.200,10
fraction-meaning,complement,fractionEntry,pool-above-window,50,25,14,25,0.500,10
gf-segment-add,halfToWhole,numeric,pool-above-window,50,25,11,25,0.500,10
quad-shape-area,squareExtended,numeric,pool-above-window,34,25,6,9,0.265,10
inverse-deriv,polyInverse,numeric,pool-above-window,34,25,6,9,0.265,10
equivalent-fractions,cupMark,numeric,pool-above-window,34,25,6,9,0.265,10
g7-sp-sampling-bias,spBiasCivic,mcq,pool-above-window,34,25,6,9,0.265,10
negative-intro,fartherAbsolute,absValueLine,pool-above-window,30,25,5,5,0.167,10
limit-laws,rationalSub,numeric,pool-above-window,34,25,5,9,0.265,10
decimal-representation,moneyHundredths,numeric,pool-above-window,30,25,5,5,0.167,10
orbit-ecc,comet,mcq,pool-above-window,34,25,5,9,0.265,10
fact-family,familyDivide,numeric,pool-above-window,34,25,5,9,0.265,10
mult-tens,tensProductA,numeric,pool-above-window,34,25,5,9,0.265,10
zero-pattern,zeroProductA,numeric,pool-above-window,34,25,5,9,0.265,10
g7-circle-parts,radiusDifference,numeric,pool-above-window,34,25,5,9,0.265,10
g7-cross-sections,twoCuts,mcq,pool-above-window,34,25,5,9,0.265,10
g2-measure-money-time,MmtRulerSubtractNumeric,numeric,pool-above-window,36,25,5,11,0.306,10
g4-decimals,dHundredthsCellsNumeric,numeric,pool-above-window,34,25,5,9,0.265,10
g4-decimals,dAddTenthHundredthNumeric,numeric,pool-above-window,34,25,5,9,0.265,10
g4-decimals,dMeasureNumeric,numeric,pool-above-window,34,25,5,9,0.265,10
g4-place-million,pvPlaceNamesMcq,mcq,pool-above-window,30,25,5,5,0.167,10
g13-integration-accumulation,integration-accumulation__in-accumulation__numeric,numeric,pool-above-window,30,25,5,5,0.167,10
frac-multiply,cancelFirst,fractionEntry,pool-above-window,30,25,4,5,0.167,10
pq-para-angle,consecutive,numeric,pool-above-window,34,25,4,9,0.265,10
fn-arith-seq,nthNeg,numeric,pool-above-window,30,25,4,5,0.167,10
variable-meaning,busOff,numeric,pool-above-window,30,25,4,5,0.167,10
decimal-representation,wordBuildMixed,buildExpression,pool-above-window,30,25,4,5,0.167,10
end-behavior,vertAsymCount,numeric,pool-above-window,34,25,4,9,0.265,10
g7-signed-multiply-divide,divSame,numeric,pool-above-window,30,25,4,5,0.167,10
g8-bv-fit-idea,bvFitPurpose,mcq,pool-above-window,30,25,4,5,0.167,10
g8-tm-cylinder-volume,tmCylinderTank,numeric,pool-above-window,30,25,4,5,0.167,10
g8-les-substitution-method,lesSubstituteA,numeric,pool-above-window,30,25,4,5,0.167,10
g1-counting-120,ChartPatternNumeric,numeric,pool-above-window,30,25,4,5,0.167,10
g2-shapes-shares,Ssg2NameThirdMcq,mcq,pool-above-window,30,25,4,5,0.167,10
g3-mult-fluency,MultMixedLargeNumeric,numeric,pool-above-window,30,25,4,5,0.167,10
g4-place-million,pvReadingBigMcq,mcq,pool-above-window,30,25,4,5,0.167,10
a1-functions-sequences,fn-geo-rule__numeric,numeric,pool-above-window,30,25,4,5,0.167,10
a2-transformations,ft-inverse-graph__pointEntry,pointEntry,pool-above-window,30,25,4,5,0.167,10
g10-solid-geometry,sg-cavalieri-apply__numeric,exactNumberLab,pool-above-window,30,25,4,5,0.167,10
g12-conic-sections,conic-sections__co-asymptote__mcq,mcq,pool-above-window,30,25,4,5,0.167,10
g12-polynomial-rational-analysis,polynomial-rational-analysis__pra-rrt-list__mcq,mcq,pool-above-window,30,25,4,5,0.167,10
g12-trig-identities-equations,trig-identities-equations__ti-root-traps__mcq,mcq,pool-above-window,30,25,4,5,0.167,10
g12-trig-identities-equations,trig-identities-equations__ti-root-traps__numeric,numeric,pool-above-window,30,25,4,5,0.167,10
g12-vectors-matrices,vectors-matrices__vec-add__numeric,exactNumberLab,pool-above-window,30,25,4,5,0.167,10
g13-integration-accumulation,integration-accumulation__in-ftc2__numeric,numeric,pool-above-window,30,25,4,5,0.167,10
g6-center-spread,ddOutlierMeanShift,numeric,pool-above-window,30,25,3,5,0.167,10
decimal-representation,wordToDecimal,numeric,pool-above-window,30,25,3,5,0.167,10
box-volume,stackedCubes,numeric,pool-above-window,30,25,3,5,0.167,10
attributes,definingAttribute,mcq,pool-above-window,30,25,3,5,0.167,10
distributive,variableBoth,numeric,pool-above-window,30,25,3,5,0.167,10
g7-tse-expression-build,tseMixedChallenge,buildExpression,pool-above-window,30,25,3,5,0.167,10
g7-tse-inequality-build,inclusiveBoundary,exactNumberLab,pool-above-window,30,25,3,5,0.167,10
g8-esn-root-context,esnRootSquare,numeric,pool-above-window,30,25,3,5,0.167,10
g8-esn-compare,esnCompareRatioLarge,numeric,pool-above-window,30,25,3,5,0.167,10
g8-tm-cone-volume,tmConeFromCylinder,numeric,pool-above-window,30,25,3,5,0.167,10
g8-fn-initial-value,fgInitialTable,numeric,pool-above-window,30,25,3,5,0.167,10
g1-data,GdSortMcq,mcq,pool-above-window,30,25,3,5,0.167,10
g1-add-subtract,PartWholeNumeric,numeric,pool-above-window,30,25,3,5,0.167,10
g1-counting-120,PastHundredMcq,mcq,pool-above-window,30,25,3,5,0.167,10
g2-place-value-1000,Pv1000SkipTensNumeric,numeric,pool-above-window,30,25,3,5,0.167,10
a1-functions-sequences,fn-geo-nth__numeric,numeric,pool-above-window,30,25,3,5,0.167,10
a2-complex,cn-neg-eq__mcq,mcq,pool-above-window,30,25,3,5,0.167,10
a2-transformations,ft-compose-rule__mcq,mcq,pool-above-window,30,25,3,5,0.167,10
g10-circle-theorems,cr-chord-arc__numeric,numeric,pool-above-window,30,25,3,5,0.167,10
g10-right-triangles,rt-306090__numeric,numeric,pool-above-window,30,25,3,5,0.167,10
g10-right-triangles,rt-height-apps__numeric,numeric,pool-above-window,30,25,3,5,0.167,10
g10-solid-geometry,sg-cross-sections__numeric,exactNumberLab,pool-above-window,30,25,3,5,0.167,10
g10-solid-geometry,sg-density__numeric,exactNumberLab,pool-above-window,30,25,3,5,0.167,10
g10-solid-geometry,sg-scale-effects__numeric,exactNumberLab,pool-above-window,30,25,3,5,0.167,10
g12-limits-continuity,limits-continuity__lc-read-limit__numeric,numeric,pool-above-window,30,25,3,5,0.167,10
g12-polar-parametric,polar-parametric__pp-to-rect__numeric,numeric,pool-above-window,30,25,3,5,0.167,10
g13-derivatives-in-context,derivatives-in-context__dc-other-forms__dragOrder,dragOrder,pool-above-window,30,25,3,5,0.167,10
g13-parametric-polar-calculus,parametric-polar-calculus__pc-polar-area__numeric,numeric,pool-above-window,30,25,3,5,0.167,10
frac-unlike-addsub,addBare,fractionEntry,pool-above-window,30,25,2,5,0.167,10
frac-multiply,denominatorOnly,numeric,pool-above-window,30,25,2,5,0.167,10
proportional-plot,cgPairLineReason,mcq,pool-above-window,30,25,2,5,0.167,10
g8-bv-judge-fit,bvJudgeTight,mcq,pool-above-window,30,25,2,5,0.167,10
g8-tm-cylinder-volume,tmCylinderA,numeric,pool-above-window,30,25,2,5,0.167,10
g0-counting,countZeroTap,tapDiagram,pool-above-window,30,25,2,5,0.167,10
a2-polynomials,pf-div-theorems__buildExpression,buildExpression,pool-above-window,30,25,2,5,0.167,10
a2-polynomials,pf-zeros__numeric,numeric,pool-above-window,30,25,2,5,0.167,10
a2-radicals,re-plusminus__mcq,mcq,pool-above-window,30,25,2,5,0.167,10
a2-series,sr-geo-derive__numeric,numeric,pool-above-window,30,25,2,5,0.167,10
a2-trig,tf-wave-read__numeric,numeric,pool-above-window,30,25,2,5,0.167,10
g10-circle-theorems,cr-tangent-chord__numeric,numeric,pool-above-window,30,25,2,5,0.167,10
g10-circle-theorems,cr-tangent-perp__numeric,numeric,pool-above-window,30,25,2,5,0.167,10
g10-right-triangles,rt-elev-depress__numeric,numeric,pool-above-window,30,25,2,5,0.167,10
g10-triangle-congruence,tc-isosceles__numeric,numeric,pool-above-window,30,25,2,5,0.167,10
g12-conic-sections,conic-sections__co-ecc-unify__mcq,mcq,pool-above-window,30,25,2,5,0.167,10
g12-polynomial-rational-analysis,polynomial-rational-analysis__pra-build-mixed__numeric,exactNumberLab,pool-above-window,30,25,2,5,0.167,10
g12-trig-identities-equations,trig-identities-equations__ti-convert-solve__mcq,mcq,pool-above-window,30,25,2,5,0.167,10
g12-vectors-matrices,vectors-matrices__vec-angle__numeric,numeric,pool-above-window,30,25,2,5,0.167,10
g12-vectors-matrices,vectors-matrices__vec-dot__mcq,mcq,pool-above-window,30,25,2,5,0.167,10
estimation,whenEstimate,mcq,pool-above-window,30,25,1,5,0.167,10
g8-tm-cone-volume,tmConeContext,numeric,pool-above-window,30,25,1,5,0.167,10
g8-tm-sphere-volume,tmSphereCoeff,numeric,pool-above-window,30,25,1,5,0.167,10
a1-linear-functions,intercepts__buildExpression,buildExpression,pool-above-window,30,25,1,5,0.167,10
g10-solid-geometry,sg-third-story__numeric,exactNumberLab,pool-above-window,30,25,1,5,0.167,10
deriv-product,polyProduct,numeric,pool-above-window,50,26,13,24,0.480,10
a1-radicals,rad-fully-simplified__numeric,exactNumberLab,pool-above-window,36,26,9,10,0.278,10
frac-sign-ops,mulDiff,signedFractionLab,pool-above-window,34,26,7,8,0.235,10
g7-scale-to-actual,drawFence,numeric,pool-above-window,34,26,7,8,0.235,10
g2-measure-money-time,MmtPictureGraphRead,graphRead,pool-above-window,36,26,7,10,0.278,10
pq-kite,kiteArea,numeric,pool-above-window,34,26,6,8,0.235,10
trig-model,midline,numeric,pool-above-window,34,26,5,8,0.235,10
matrix-apply,swap,pointEntry,pool-above-window,34,26,5,8,0.235,10
g7-read-scale,scaleCompare,numeric,pool-above-window,34,26,5,8,0.235,10
g6-center-spread,ddSummaryIqr,numeric,pool-above-window,30,26,4,4,0.133,10
subtract-within-100,ones,numeric,pool-above-window,30,26,4,4,0.133,10
choose-rule,cubicProduct,numeric,pool-above-window,34,26,4,8,0.235,10
domain-restrict,allReals,mcq,pool-above-window,34,26,4,8,0.235,10
g7-signed-multiply-divide,mulSameLarge,numeric,pool-above-window,30,26,4,4,0.133,10
g8-les-system-graphing,lesGraphXBasic,numeric,pool-above-window,30,26,4,4,0.133,10
g8-fn-function-definition,fgChooseFunction,mcq,pool-above-window,30,26,4,4,0.133,10
g2-add-subtract-100,NearDoublesMcq,mcq,pool-above-window,30,26,4,4,0.133,10
a2-polynomials,pf-multiplicity__mcq,mcq,pool-above-window,30,26,4,4,0.133,10
g12-limits-continuity,limits-continuity__lc-rationalize__mcq,mcq,pool-above-window,30,26,4,4,0.133,10
g12-trig-identities-equations,trig-identities-equations__ti-double-basic__mcq,mcq,pool-above-window,30,26,4,4,0.133,10
g6-data-literacy,ddDataRepeatedValues,mcq,pool-above-window,30,26,3,4,0.133,10
frac-multiply,bareMultiply,fractionEntry,pool-above-window,30,26,3,4,0.133,10
partial-products,bareChallenge,numeric,pool-above-window,30,26,3,4,0.133,10
equiv-test,claimAtValue,numeric,pool-above-window,30,26,3,4,0.133,10
frac-sign-ops,divDiff,signedFractionLab,pool-above-window,34,26,3,8,0.235,10
sci-compute,divide,buildExpression,pool-above-window,34,26,3,8,0.235,10
trig-inside,generalCos,mcq,pool-above-window,34,26,3,8,0.235,10
time-relative,minutesTo,numeric,pool-above-window,34,26,3,8,0.235,10
volume,dryIngredient,mcq,pool-above-window,34,26,3,8,0.235,10
attributes,cgTriangleAngleFamily,shapeHierarchyLab,pool-above-window,30,26,3,4,0.133,10
attributes,cgTriangleDualLabel,shapeHierarchyLab,pool-above-window,30,26,3,4,0.133,10
pr-constant-k-g7,rrDoubleLineReverse,numeric,pool-above-window,30,26,3,4,0.133,10
g8-rns-compare-estimate,rnsComparePiFraction,mcq,pool-above-window,30,26,3,4,0.133,10
g8-tm-dilation-similarity,tmDilationScale,mcq,pool-above-window,30,26,3,4,0.133,10
g1-data,GdQuestionMcq,mcq,pool-above-window,30,26,3,4,0.133,10
g1-counting-120,SkipTenNumeric,numeric,pool-above-window,30,26,3,4,0.133,10
g3-mult-fluency,MultMissingFactorNumeric,numeric,pool-above-window,30,26,3,4,0.133,10
g4-fractions,faLikeDenomWordNumeric,numeric,pool-above-window,30,26,3,4,0.133,10
g4-measure,mcBenchmarkAnglesNumeric,numeric,pool-above-window,30,26,3,4,0.133,10
g4-multiply,mbAdditiveVsMultiplicativeNumeric,numeric,pool-above-window,30,26,3,4,0.133,10
a1-linear-functions,parallel-perpendicular__mcq,mcq,pool-above-window,30,26,3,4,0.133,10
a1-solving-equations,literal-eq__numeric,numeric,pool-above-window,30,26,3,4,0.133,10
a2-complex,cn-build-quad__buildExpression,buildExpression,pool-above-window,30,26,3,4,0.133,10
a2-transformations,ft-compose__numeric,numeric,pool-above-window,30,26,3,4,0.133,10
a2-logarithms,lg-product__mcq,mcq,pool-above-window,30,26,3,4,0.133,10
a2-radicals,re-both-sides__numeric,exactNumberLab,pool-above-window,30,26,3,4,0.133,10
a2-rationals,rf-like-denoms__buildExpression,buildExpression,pool-above-window,30,26,3,4,0.133,10
a2-series,sr-sigma-write__mcq,mcq,pool-above-window,30,26,3,4,0.133,10
g10-right-triangles,rt-454590__numeric,numeric,pool-above-window,30,26,3,4,0.133,10
g10-right-triangles,rt-sohcahtoa__numeric,numeric,pool-above-window,30,26,3,4,0.133,10
g12-conic-sections,conic-sections__co-general-hp__mcq,mcq,pool-above-window,30,26,3,4,0.133,10
g12-limits-continuity,limits-continuity__lc-derivative__mcq,mcq,pool-above-window,30,26,3,4,0.133,10
g12-limits-continuity,limits-continuity__lc-infinity__numeric,exactNumberLab,pool-above-window,30,26,3,4,0.133,10
g12-polar-parametric,polar-parametric__pp-trajectory__numeric,numeric,pool-above-window,30,26,3,4,0.133,10
g12-polynomial-rational-analysis,polynomial-rational-analysis__pra-fta-count__mcq,mcq,pool-above-window,30,26,3,4,0.133,10
g12-trig-graphs-inverses,trig-graphs-inverses__tg-tan-shape__mcq,mcq,pool-above-window,30,26,3,4,0.133,10
g12-trig-identities-equations,trig-identities-equations__ti-apply-sum-diff__mcq,mcq,pool-above-window,30,26,3,4,0.133,10
g6-center-spread,ddMedianEven,numeric,pool-above-window,30,26,2,4,0.133,10
independence-test,plainProduct,numeric,pool-above-window,30,26,2,4,0.133,10
unknown-letter,solveAdd,numeric,pool-above-window,30,26,2,4,0.133,10
build-fraction,trayRemainder,numeric,pool-above-window,34,26,2,8,0.235,10
line-plot,ddShapeFullStory,mcq,pool-above-window,30,26,2,4,0.133,10
pr-unit-rate-g7,milesFraction,mcq,pool-above-window,30,26,2,4,0.133,10
pr-constant-k-g7,constantWhole,proportionalReasoningLab,pool-above-window,30,26,2,4,0.133,10
pr-constant-k-g7,constantUse,proportionalReasoningLab,pool-above-window,30,26,2,4,0.133,10
pr-constant-k-g7,rrDoubleLineLarge,numeric,pool-above-window,30,26,2,4,0.133,10
g7-signed-multiply-divide,mixedMulSame,numeric,pool-above-window,30,26,2,4,0.133,10
g7-signed-multiply-divide,mixedDivSame,numeric,pool-above-window,30,26,2,4,0.133,10
g7-tse-inequality-build,tseIneqRealNegA,buildExpression,pool-above-window,30,26,2,4,0.133,10
g7-tse-inequality-build,atMostBoundary,mcq,pool-above-window,30,26,2,4,0.133,10
g7-sp-overlap-interpret,spOverlapHeavy,distributionCompareLab,pool-above-window,30,26,2,4,0.133,10
g7-sp-counting-principle,spCountOutfitsA,numeric,pool-above-window,30,26,2,4,0.133,10
g8-tm-cone-volume,tmConeA,numeric,pool-above-window,30,26,2,4,0.133,10
g8-fn-same-function-forms,fgFormsGraphBuild,buildExpression,pool-above-window,30,26,2,4,0.133,10
g2-shapes-shares,Ssg2NameAnyMcq,mcq,pool-above-window,30,26,2,4,0.133,10
g4-measure,mcBenchmarkAnglesMcq,mcq,pool-above-window,30,26,2,4,0.133,10
g4-multiply,mbTimesAsManyNumeric,numeric,pool-above-window,30,26,2,4,0.133,10
g4-multiply,mbPrimeCompositeMcq,mcq,pool-above-window,30,26,2,4,0.133,10
a1-polynomials,factor-gcf__numeric,numeric,pool-above-window,30,26,2,4,0.133,10
a1-linear-functions,slope-intercept-graph__numeric,exactNumberLab,pool-above-window,30,26,2,4,0.133,10
a1-solving-equations,lcd-clear__numeric,numeric,pool-above-window,30,26,2,4,0.133,10
g10-right-triangles,rt-choose-tool__numeric,numeric,pool-above-window,30,26,2,4,0.133,10
g10-solid-geometry,sg-composite-subtract__numeric,exactNumberLab,pool-above-window,30,26,2,4,0.133,10
g12-function-analysis,function-analysis__fna-compose-order__mcq,mcq,pool-above-window,30,26,2,4,0.133,10
g12-trig-graphs-inverses,trig-graphs-inverses__tg-cos-graph__mcq,mcq,pool-above-window,30,26,2,4,0.133,10
g7-triangle-inequality,upperBoundary,numeric,pool-above-window,30,26,1,4,0.133,10
pr-constant-k-g7,rrZeroAnchor,mcq,pool-above-window,30,26,1,4,0.133,10
g7-signed-addition,mixedChallenge,numeric,pool-above-window,30,26,1,4,0.133,10
g0-counting,countCompareEqualMcq,mcq,pool-above-window,30,26,1,4,0.133,10
g2-shapes-shares,Ssg2ThirdsCountMcq,mcq,pool-above-window,30,26,1,4,0.133,10
a2-transformations,ft-full-rule__numeric,numeric,pool-above-window,30,26,1,4,0.133,10
a2-rationals,rf-multiply__mcq,mcq,pool-above-window,30,26,1,4,0.133,10
g12-conic-sections,conic-sections__co-reflector__mcq,mcq,pool-above-window,30,26,1,4,0.133,10
g12-polar-parametric,polar-parametric__pp-roses__mcq,mcq,pool-above-window,30,26,1,4,0.133,10
g12-polynomial-rational-analysis,polynomial-rational-analysis__pra-mult-shortcut__mcq,mcq,pool-above-window,30,26,1,4,0.133,10
g12-trig-identities-equations,trig-identities-equations__ti-sum-diff__numeric,numeric,pool-above-window,30,26,1,4,0.133,10
g12-vectors-matrices,vectors-matrices__vec-direction__mcq,mcq,pool-above-window,30,26,1,4,0.133,10
pct-of-number,rrPercentContext,proportionalReasoningLab,pool-above-window,30,26,0,4,0.133,10
g12-trig-graphs-inverses,trig-graphs-inverses__tg-tan-transform__mcq,mcq,pool-above-window,30,26,0,4,0.133,10
horizontal-shift,evalShifted,numeric,pool-above-window,50,27,10,23,0.460,10
g3-div-fluency,DivThinkMultNumeric,numeric,pool-above-window,42,27,9,15,0.357,10
k0-count-100,kSeqBeforeHop,numberLineHop,pool-above-window,34,27,6,7,0.206,10
inscribed-angle,arcFromAngle,numeric,pool-above-window,34,27,5,7,0.206,10
rate-interpret,negativeMeaning,mcq,pool-above-window,34,27,5,7,0.206,10
zero-pattern,zeroProductB,numeric,pool-above-window,34,27,5,7,0.206,10
g2-fluency,FlSpeedAddNumeric,numeric,pool-above-window,36,27,5,9,0.250,10
a1-radicals,rad-simplify-factor__numeric,exactNumberLab,pool-above-window,36,27,5,9,0.250,10
coord-perimeter,pentagon,numeric,pool-above-window,34,27,4,7,0.206,10
coord-area-box,trapezoidArea,numeric,pool-above-window,34,27,4,7,0.206,10
round-ten,placeOnLine,numberLinePlace,pool-above-window,34,27,4,7,0.206,10
compare-same-denom,relayLegs,numeric,pool-above-window,34,27,4,7,0.206,10
unit-trading,tensAndOnes,numeric,pool-above-window,34,27,4,7,0.206,10
g7-circle-area,cylinderFromBase,numeric,pool-above-window,34,27,4,7,0.206,10
g4-decimals,dHundredthsWriteNumeric,numeric,pool-above-window,34,27,4,7,0.206,10
prob-fraction,relFreq,fractionEntry,pool-above-window,30,27,3,3,0.100,10
multiple-find,factorList,mcq,pool-above-window,30,27,3,3,0.100,10
pq-kite,solveDiagonal,numeric,pool-above-window,34,27,3,7,0.206,10
fn-evaluate,squareMinus,numeric,pool-above-window,30,27,3,3,0.100,10
fn-arith-seq,nthPos,numeric,pool-above-window,30,27,3,3,0.100,10
box-surface-area,sumPairs,numeric,pool-above-window,30,27,3,3,0.100,10
unknown-letter,solveFor,numeric,pool-above-window,30,27,3,3,0.100,10
build-fraction,howManyUnits,numeric,pool-above-window,34,27,3,7,0.206,10
compare-numbers,smallestWithZero,numeric,pool-above-window,34,27,3,7,0.206,10
g7-signed-addition,diffNeg,numeric,pool-above-window,30,27,3,3,0.100,10
g7-tse-expression-build,tseCombineSameNeg,buildExpression,pool-above-window,30,27,3,3,0.100,10
g7-tse-balance-solve,tseBalanceC,solveBalance,pool-above-window,34,27,3,7,0.206,10
g7-tse-inequality-build,atLeastBoundary,exactNumberLab,pool-above-window,30,27,3,3,0.100,10
g8-les-system-graphing,lesGraphYGiven,numeric,pool-above-window,30,27,3,3,0.100,10
g1-add-subtract,FactFamilyNumeric,numeric,pool-above-window,30,27,3,3,0.100,10
g1-counting-120,CountPileNumeric,numeric,pool-above-window,30,27,3,3,0.100,10
g1-counting-120,TeensMcq,mcq,pool-above-window,30,27,3,3,0.100,10
g4-lines-angles,laReadingFiguresMcq,mcq,pool-above-window,30,27,3,3,0.100,10
a2-logarithms,lg-expand-condense__mcq,mcq,pool-above-window,30,27,3,3,0.100,10
a2-logarithms,lg-log-solve__numeric,exactNumberLab,pool-above-window,30,27,3,3,0.100,10
a2-polynomials,pf-cubes__mcq,mcq,pool-above-window,30,27,3,3,0.100,10
a2-radicals,re-rules__mcq,mcq,pool-above-window,30,27,3,3,0.100,10
a2-rationals,rf-like-denoms__numeric,exactNumberLab,pool-above-window,30,27,3,3,0.100,10
g10-solid-geometry,sg-cavalieri-apply__mcq,mcq,pool-above-window,30,27,3,3,0.100,10
g12-function-analysis,function-analysis__fna-decompose__mcq,mcq,pool-above-window,30,27,3,3,0.100,10
g12-polynomial-rational-analysis,polynomial-rational-analysis__pra-ineq-scratch__mcq,mcq,pool-above-window,30,27,3,3,0.100,10
g12-polynomial-rational-analysis,polynomial-rational-analysis__pra-rrt-test__mcq,mcq,pool-above-window,30,27,3,3,0.100,10
g12-trig-identities-equations,trig-identities-equations__ti-reciprocals__mcq,mcq,pool-above-window,30,27,3,3,0.100,10
g13-integration-accumulation,integration-accumulation__in-ftc-unified__dragOrder,dragOrder,pool-above-window,30,27,3,3,0.100,10
g6-center-spread,ddCompareRange,numeric,pool-above-window,30,27,2,3,0.100,10
prob-fraction,trialRelFreq,trialProbabilityLab,pool-above-window,30,27,2,3,0.100,10
negative-intro,colderNegatives,rationalCompare,pool-above-window,30,27,2,3,0.100,10
negative-intro,debtAbsolute,absValueLine,pool-above-window,30,27,2,3,0.100,10
conditional-prob,whyShrink,mcq,pool-above-window,30,27,2,3,0.100,10
tree-chain,whyMinusOne,mcq,pool-above-window,30,27,2,3,0.100,10
domain-restrict,rootScaled,numeric,pool-above-window,34,27,2,7,0.206,10
box-volume,layers,numeric,pool-above-window,30,27,2,3,0.100,10
unknown-letter,solveSubtract,numeric,pool-above-window,30,27,2,3,0.100,10
unknown-letter,feeSolve,numeric,pool-above-window,30,27,2,3,0.100,10
pr-unit-rate-g7,rrCostFromRate,numeric,pool-above-window,30,27,2,3,0.100,10
g7-signed-addition,mixedPos,numeric,pool-above-window,30,27,2,3,0.100,10
g7-signed-addition,mixedNeg,numeric,pool-above-window,30,27,2,3,0.100,10
g7-tse-inequality-build,tseIneqNegA,buildExpression,pool-above-window,30,27,2,3,0.100,10
g7-tse-inequality-build,noLargest,exactNumberLab,pool-above-window,30,27,2,3,0.100,10
g7-sp-counting-principle,spCountOutfitsChallenge,numeric,pool-above-window,30,27,2,3,0.100,10
g8-rns-root-estimate,rnsBoundsA,numeric,pool-above-window,30,27,2,3,0.100,10
g8-tm-congruence,tmCongruenceSSS,mcq,pool-above-window,30,27,2,3,0.100,10
g8-tm-sphere-volume,tmSphereUnit,mcq,pool-above-window,30,27,2,3,0.100,10
g8-les-substitution-method,lesSubstituteAffine,numeric,pool-above-window,30,27,2,3,0.100,10
g8-fn-vertical-line,fgVltSort,dragBucket,pool-above-window,30,27,2,3,0.100,10
k0-add-subtract,KoaJoinNumeric,numeric,pool-above-window,30,27,2,3,0.100,10
g1-add-subtract,EqualSignNumeric,numeric,pool-above-window,30,27,2,3,0.100,10
g1-add-subtract,MakeTenFirstMcq,mcq,pool-above-window,30,27,2,3,0.100,10
g2-add-subtract-100,AddTensMcq,mcq,pool-above-window,30,27,2,3,0.100,10
g4-lines-angles,laQuadrilateralClassificationMcq,mcq,pool-above-window,30,27,2,3,0.100,10
g4-measure,mcLinePlotBuildNumeric,numeric,pool-above-window,30,27,2,3,0.100,10
a1-linear-functions,standard-form__numeric,exactNumberLab,pool-above-window,30,27,2,3,0.100,10
a1-solving-equations,fraction-eq__numeric,numeric,pool-above-window,30,27,2,3,0.100,10
a1-solving-equations,literal-frac__numeric,numeric,pool-above-window,30,27,2,3,0.100,10
a2-radicals,re-sqrt-fn__numeric,exactNumberLab,pool-above-window,30,27,2,3,0.100,10
a2-series,sr-convert__numeric,numeric,pool-above-window,30,27,2,3,0.100,10
a2-series,sr-geo-apply__numeric,numeric,pool-above-window,30,27,2,3,0.100,10
a2-series,sr-inf-converge__mcq,mcq,pool-above-window,30,27,2,3,0.100,10
g10-circle-theorems,cr-chord-perp__mcq,mcq,pool-above-window,30,27,2,3,0.100,10
g10-circle-theorems,cr-two-tangent__numeric,numeric,pool-above-window,30,27,2,3,0.100,10
g10-geometry-foundations,gf-composition__numeric,numeric,pool-above-window,30,27,2,3,0.100,10
g10-right-triangles,rt-law-cosines__numeric,numeric,pool-above-window,30,27,2,3,0.100,10
g10-right-triangles,rt-trig-apps__numeric,numeric,pool-above-window,30,27,2,3,0.100,10
g12-limits-continuity,limits-continuity__lc-continuity__mcq,mcq,pool-above-window,30,27,2,3,0.100,10
g12-limits-continuity,limits-continuity__lc-limit-idea__mcq,mcq,pool-above-window,30,27,2,3,0.100,10
g12-polar-parametric,polar-parametric__pp-polar-form__mcq,mcq,pool-above-window,30,27,2,3,0.100,10
g12-trig-identities-equations,trig-identities-equations__ti-convert-solve__numeric,numeric,pool-above-window,30,27,2,3,0.100,10
g12-vectors-matrices,vectors-matrices__vec-components__mcq,mcq,pool-above-window,30,27,2,3,0.100,10
g12-vectors-matrices,vectors-matrices__vec-matrix-arith__mcq,mcq,pool-above-window,30,27,2,3,0.100,10
g12-vectors-matrices,vectors-matrices__vec-scalar__mcq,mcq,pool-above-window,30,27,2,3,0.100,10
g12-vectors-matrices,vectors-matrices__vec-solve-systems__mcq,mcq,pool-above-window,30,27,2,3,0.100,10
g13-parametric-polar-calculus,parametric-polar-calculus__pc-polar-area__mcq,mcq,pool-above-window,30,27,2,3,0.100,10
g13-series-convergence,series-convergence__sc-alternating__numeric,numeric,pool-above-window,30,27,2,3,0.100,10
g6-data-literacy,ddHistEqualBins,mcq,pool-above-window,30,27,1,3,0.100,10
negative-intro,compareNegatives,rationalCompare,pool-above-window,30,27,1,3,0.100,10
negative-intro,absoluteDifference,numeric,pool-above-window,30,27,1,3,0.100,10
variable-meaning,twicePlusPhrase,mcq,pool-above-window,30,27,1,3,0.100,10
conditional-prob,formula,numeric,pool-above-window,30,27,1,3,0.100,10
box-volume,doubleDimension,numeric,pool-above-window,30,27,1,3,0.100,10
box-volume,fitBoxes,numeric,pool-above-window,30,27,1,3,0.100,10
line-plot,quarterNumerator,numeric,pool-above-window,30,27,1,3,0.100,10
pr-unit-rate-g7,milesMixed,mcq,pool-above-window,30,27,1,3,0.100,10
g7-signed-multiply-divide,divSameLarge,numeric,pool-above-window,30,27,1,3,0.100,10
g7-tse-inequality-build,tseIneqNegD,buildExpression,pool-above-window,30,27,1,3,0.100,10
g8-esn-context-compute,esnContextSubtract,buildExpression,pool-above-window,30,27,1,3,0.100,10
g8-tm-dilation-similarity,tmDilationCongruent,mcq,pool-above-window,30,27,1,3,0.100,10
k0-add-subtract,KoaAddToStoryNumeric,numeric,pool-above-window,30,27,1,3,0.100,10
k0-add-subtract,KoaTakeFromStoryNumeric,numeric,pool-above-window,30,27,1,3,0.100,10
g1-add-subtract,ResultUnknownNumeric,numeric,pool-above-window,30,27,1,3,0.100,10
g2-add-subtract-100,RegroupAddNumeric,numeric,pool-above-window,30,27,1,3,0.100,10
g2-shapes-shares,Ssg2NameAnyTapDiagram,tapDiagram,pool-above-window,30,27,1,3,0.100,10
g4-lines-angles,laTriangleClassificationMcq,mcq,pool-above-window,30,27,1,3,0.100,10
g4-multiply,mbComparisonEquationsNumeric,numeric,pool-above-window,30,27,1,3,0.100,10
a1-polynomials,poly-mul-binomial__numeric,numeric,pool-above-window,30,27,1,3,0.100,10
a2-logarithms,lg-define__mcq,mcq,pool-above-window,30,27,1,3,0.100,10
a2-logarithms,lg-scales__mcq,mcq,pool-above-window,30,27,1,3,0.100,10
a2-polynomials,pf-factor-thm__mcq,mcq,pool-above-window,30,27,1,3,0.100,10
a2-trig,tf-transform-period__mcq,mcq,pool-above-window,30,27,1,3,0.100,10
g10-coordinate-proofs,cx-dist-apps__numeric,numeric,pool-above-window,30,27,1,3,0.100,10
g10-coordinate-proofs,cx-general-proof__numeric,numeric,pool-above-window,30,27,1,3,0.100,10
g10-geometry-foundations,gf-algebra-measures__numeric,numeric,pool-above-window,30,27,1,3,0.100,10
g10-solid-geometry,sg-sphere-justified__numeric,exactNumberLab,pool-above-window,30,27,1,3,0.100,10
g12-conic-sections,conic-sections__co-shifted-parabola__mcq,mcq,pool-above-window,30,27,1,3,0.100,10
g12-function-analysis,function-analysis__fna-compose-domain__mcq,mcq,pool-above-window,30,27,1,3,0.100,10
g12-function-analysis,function-analysis__fna-one-to-one__mcq,mcq,pool-above-window,30,27,1,3,0.100,10
g12-limits-continuity,limits-continuity__lc-discontinuity__mcq,mcq,pool-above-window,30,27,1,3,0.100,10
g12-polar-parametric,polar-parametric__pp-projectile__mcq,mcq,pool-above-window,30,27,1,3,0.100,10
g12-polynomial-rational-analysis,polynomial-rational-analysis__pra-conjugate__mcq,mcq,pool-above-window,30,27,1,3,0.100,10
g12-trig-graphs-inverses,trig-graphs-inverses__tg-phase__mcq,mcq,pool-above-window,30,27,1,3,0.100,10
g12-vectors-matrices,vectors-matrices__vec-determinant__mcq,mcq,pool-above-window,30,27,1,3,0.100,10
g13-differential-equations,differential-equations__de-equilibrium__numeric,numeric,pool-above-window,30,27,1,3,0.100,10
g6-center-spread,ddSummaryMean,numeric,pool-above-window,30,27,0,3,0.100,10
pq-trapezoid,midsegment,numeric,pool-above-window,30,27,0,3,0.100,10
decimal-representation,trailingEquivalent,mcq,pool-above-window,30,27,0,3,0.100,10
g7-signed-multiply-divide,mulDiff,numeric,pool-above-window,30,27,0,3,0.100,10
g8-fn-same-function-forms,fgFormsStoryBuild,buildExpression,pool-above-window,30,27,0,3,0.100,10
g1-counting-120,TenMoreLessNumeric,numeric,pool-above-window,30,27,0,3,0.100,10
a1-polynomials,poly-special-products__mcq,mcq,pool-above-window,30,27,0,3,0.100,10
g10-solid-geometry,sg-composite-add__numeric,exactNumberLab,pool-above-window,30,27,0,3,0.100,10
exp-function,growthModel,exactNumberLab,pool-above-window,72,28,17,44,0.611,10
implicit-diff,hyperbola,numeric,pool-above-window,50,28,12,22,0.440,10
extrema-value,localVsAbsolute,mcq,pool-above-window,34,28,4,6,0.176,10
g7-tse-balance-solve,tseBalanceB,solveBalance,pool-above-window,34,28,4,6,0.176,10
g8-tm-transversal,tmTransversalSupplement,numeric,pool-above-window,34,28,4,6,0.176,10
g2-fluency,FlMissingNumeric,numeric,pool-above-window,36,28,4,8,0.222,10
g4-decimals,dFractionToDecimalNumeric,numeric,pool-above-window,34,28,4,6,0.176,10
coord-perimeter,trapezoidDecimal,numeric,pool-above-window,34,28,3,6,0.176,10
unit-frac-divide,sameDenomCount,numeric,pool-above-window,34,28,3,6,0.176,10
whole-times-fraction,numeratorOnly,numeric,pool-above-window,34,28,3,6,0.176,10
const-sum-rule,legalMoves,dragBucket,pool-above-window,34,28,3,6,0.176,10
array-model,rowsTotal,numeric,pool-above-window,34,28,3,6,0.176,10
a1-radicals,rad-multiply__numeric,exactNumberLab,pool-above-window,36,28,3,8,0.222,10
multiple-find,chartColumn,mcq,pool-above-window,30,28,2,2,0.067,10
frac-unlike-addsub,subNumerator,numeric,pool-above-window,30,28,2,2,0.067,10
partial-products,carryContinue,numeric,pool-above-window,30,28,2,2,0.067,10
partial-products,carryScaffold,numeric,pool-above-window,30,28,2,2,0.067,10
partial-products,carryBare,numeric,pool-above-window,30,28,2,2,0.067,10
lcm-pair,relativelyPrime,mcq,pool-above-window,30,28,2,2,0.067,10
subtract-within-100,minusTens,numeric,pool-above-window,30,28,2,2,0.067,10
subtract-within-20,countBack,numeric,pool-above-window,34,28,2,6,0.176,10
unit-frac-divide,wholeCountNumeric,numeric,pool-above-window,34,28,2,6,0.176,10
share-division,eachShare,numeric,pool-above-window,34,28,2,6,0.176,10
independence-test,predictVsActual,numeric,pool-above-window,30,28,2,2,0.067,10
box-volume,missingHeight,numeric,pool-above-window,30,28,2,2,0.067,10
reasonableness,exactAfterSale,numeric,pool-above-window,30,28,2,2,0.067,10
nl-fraction,whereLands,mcq,pool-above-window,34,28,2,6,0.176,10
equiv-models,fairTrade,mcq,pool-above-window,34,28,2,6,0.176,10
distributive,factorMissing,numeric,pool-above-window,30,28,2,2,0.067,10
distributive,factorGcf,numeric,pool-above-window,30,28,2,2,0.067,10
distributive,factorEvaluate,numeric,pool-above-window,30,28,2,2,0.067,10
g7-read-scale,scaleFence,numeric,pool-above-window,34,28,2,6,0.176,10
g7-signed-multiply-divide,mulSame,numeric,pool-above-window,30,28,2,2,0.067,10
g7-tse-expression-build,tseMixedPlus,buildExpression,pool-above-window,30,28,2,2,0.067,10
g7-sp-sample-estimate,spEstimateTown,numeric,pool-above-window,30,28,2,2,0.067,10
g8-esn-root-context,esnRootEquation,mcq,pool-above-window,30,28,2,2,0.067,10
g0-shapes-sorting,shapeWeightMcq,mcq,pool-above-window,34,28,2,6,0.176,10
g0-shapes-sorting,shapeSortMcq,mcq,pool-above-window,34,28,2,6,0.176,10
g1-add-subtract,CountingOnMcq,mcq,pool-above-window,30,28,2,2,0.067,10
g2-add-subtract-100,DoublesMcq,mcq,pool-above-window,30,28,2,2,0.067,10
g2-add-subtract-100,SubTensMcq,mcq,pool-above-window,30,28,2,2,0.067,10
g3-mult-fluency,MultFactFamilyNumeric,numeric,pool-above-window,30,28,2,2,0.067,10
g4-multiply,mbAdditiveVsMultiplicativeMcq,mcq,pool-above-window,30,28,2,2,0.067,10
g4-multiply,mbMultiplyTensNumeric,numeric,pool-above-window,30,28,2,2,0.067,10
a2-transformations,ft-arith__numeric,numeric,pool-above-window,30,28,2,2,0.067,10
a2-rationals,rf-work__mcq,mcq,pool-above-window,30,28,2,2,0.067,10
g10-circle-theorems,cr-power-point__numeric,exactNumberLab,pool-above-window,30,28,2,2,0.067,10
g10-coordinate-proofs,cx-general-proof__mcq,mcq,pool-above-window,30,28,2,2,0.067,10
g10-polygons-quadrilaterals,pq-capstone__numeric,numeric,pool-above-window,30,28,2,2,0.067,10
g10-right-triangles,rt-choose-tool__mcq,mcq,pool-above-window,30,28,2,2,0.067,10
g10-triangle-congruence,tc-centroid__mcq,mcq,pool-above-window,30,28,2,2,0.067,10
g12-function-analysis,function-analysis__fna-inverse-verify__mcq,mcq,pool-above-window,30,28,2,2,0.067,10
g12-limits-continuity,limits-continuity__lc-avg-rate__mcq,mcq,pool-above-window,30,28,2,2,0.067,10
g12-polar-parametric,polar-parametric__pp-polar-system__mcq,mcq,pool-above-window,30,28,2,2,0.067,10
g12-polynomial-rational-analysis,polynomial-rational-analysis__pra-rrt-pipeline__mcq,mcq,pool-above-window,30,28,2,2,0.067,10
g12-polynomial-rational-analysis,polynomial-rational-analysis__pra-rrt-test__buildExpression,buildExpression,pool-above-window,30,28,2,2,0.067,10
g12-polynomial-rational-analysis,polynomial-rational-analysis__pra-slant-find__mcq,mcq,pool-above-window,30,28,2,2,0.067,10
g13-curve-analysis,curve-analysis__ca-read-f-prime__matchPairs,matchPairs,pool-above-window,30,28,2,2,0.067,10
g13-derivative-rules,derivative-rules__dr-flat-not-turning__mcq,mcq,pool-above-window,30,28,2,2,0.067,10
g13-derivative-rules,derivative-rules__dr-implicit-practice__mcq,mcq,pool-above-window,30,28,2,2,0.067,10
g13-differential-equations,differential-equations__de-exponential__mcq,mcq,pool-above-window,30,28,2,2,0.067,10
g13-integration-accumulation,integration-accumulation__in-net-change__mcq,mcq,pool-above-window,30,28,2,2,0.067,10
g13-integration-accumulation,integration-accumulation__in-usub-limits__mcq,mcq,pool-above-window,30,28,2,2,0.067,10
g13-integration-applications,integration-applications__ia-cross-sections__mcq,mcq,pool-above-window,30,28,2,2,0.067,10
g13-series-convergence,series-convergence__sc-ratio-test__mcq,mcq,pool-above-window,30,28,2,2,0.067,10
g10-conditional-probability,conditional-probability__cpr-joint-prob__matchPairs,matchPairs,pool-above-window,30,28,2,2,0.067,10
g6-data-literacy,ddSurveyPlan,mcq,pool-above-window,30,28,1,2,0.067,10
g6-center-spread,ddRangeEndpointsOnly,pointSetReasoningLab,pool-above-window,30,28,1,2,0.067,10
g6-center-spread,ddCenterGap,numeric,pool-above-window,30,28,1,2,0.067,10
g6-center-spread,ddCapGap,numeric,pool-above-window,30,28,1,2,0.067,10
frac-multiply,areaGrid,fractionGrid,pool-above-window,30,28,1,2,0.067,10
pq-trapezoid,otherBase,numeric,pool-above-window,30,28,1,2,0.067,10
equiv-test,likeSubtract,mcq,pool-above-window,30,28,1,2,0.067,10
decimal-representation,tenthsFraction,mcq,pool-above-window,30,28,1,2,0.067,10
decimal-representation,missingExpandedDigit,numeric,pool-above-window,30,28,1,2,0.067,10
independence-test,factory,numeric,pool-above-window,30,28,1,2,0.067,10
identity-zero,riddleOne,numeric,pool-above-window,30,28,1,2,0.067,10
unknown-letter,tipSolve,numeric,pool-above-window,30,28,1,2,0.067,10
shape-hierarchy,missingHierarchyLabel,mcq,pool-above-window,30,28,1,2,0.067,10
distributive,variableEval,numeric,pool-above-window,30,28,1,2,0.067,10
pr-unit-rate-g7,rrDistanceFromRate,proportionalReasoningLab,pool-above-window,30,28,1,2,0.067,10
pr-unit-rate-g7,rrBetterBuyTwo,proportionalReasoningLab,pool-above-window,30,28,1,2,0.067,10
pr-constant-k-g7,rrSameRelationship,mcq,pool-above-window,30,28,1,2,0.067,10
g7-signed-addition,samePos,numeric,pool-above-window,30,28,1,2,0.067,10
g7-signed-addition,mixedSameNeg,numeric,pool-above-window,30,28,1,2,0.067,10
g7-signed-multiply-divide,divDiff,numeric,pool-above-window,30,28,1,2,0.067,10
g7-tse-inequality-build,tseIneqNegC,buildExpression,pool-above-window,30,28,1,2,0.067,10
g7-sp-overlap-interpret,spOverlapModerate,distributionCompareLab,pool-above-window,30,28,1,2,0.067,10
g7-sp-counting-principle,spCountOutfitsB,numeric,pool-above-window,30,28,1,2,0.067,10
g8-rns-root-estimate,rnsBoundsB,numeric,pool-above-window,30,28,1,2,0.067,10
g8-bv-scatter-basics,bvScatterPurpose,mcq,pool-above-window,30,28,1,2,0.067,10
g8-bv-scatter-basics,bvScatterPlot,plotPoint,pool-above-window,30,28,1,2,0.067,10
g8-tm-sphere-volume,tmSphereApprox,numeric,pool-above-window,30,28,1,2,0.067,10
g8-les-distribute-solve,lesDistributeCombine,numeric,pool-above-window,30,28,1,2,0.067,10
g8-fn-constant-slope,fgSlopeFractionMcq,mcq,pool-above-window,30,28,1,2,0.067,10
g0-counting,countTensMcq,mcq,pool-above-window,30,28,1,2,0.067,10
g0-counting,countObjectsMcq,mcq,pool-above-window,30,28,1,2,0.067,10
g1-counting-120,ChartRowsMcq,mcq,pool-above-window,30,28,1,2,0.067,10
g1-counting-120,CountSequenceNumeric,numeric,pool-above-window,30,28,1,2,0.067,10
g2-place-value-1000,Pv1000SkipFivesNumeric,numeric,pool-above-window,30,28,1,2,0.067,10
g2-shapes-shares,Ssg2ShapeVocabMcq,mcq,pool-above-window,30,28,1,2,0.067,10
g3-mult-fluency,MultWholeTableNumeric,numeric,pool-above-window,30,28,1,2,0.067,10
g4-fractions,faSimplifyNumeric,numeric,pool-above-window,30,28,1,2,0.067,10
g4-fractions,faImproperToMixedNumeric,numeric,pool-above-window,30,28,1,2,0.067,10
g4-fractions,faMixedToImproperNumeric,numeric,pool-above-window,30,28,1,2,0.067,10
g4-fractions,faWholeTimesFractionNumeric,numeric,pool-above-window,30,28,1,2,0.067,10
g4-fractions,faWholeTimesFractionWordNumeric,numeric,pool-above-window,30,28,1,2,0.067,10
a1-polynomials,exponent-zero-negative__mcq,mcq,pool-above-window,30,28,1,2,0.067,10
a1-polynomials,factor-trinomial__numeric,numeric,pool-above-window,30,28,1,2,0.067,10
a1-functions-sequences,fn-arith-rule__numeric,numeric,pool-above-window,30,28,1,2,0.067,10
a2-logarithms,lg-e-solve__mcq,mcq,pool-above-window,30,28,1,2,0.067,10
a2-logarithms,lg-evaluate__mcq,mcq,pool-above-window,30,28,1,2,0.067,10
a2-polynomials,pf-leading-term__numeric,numeric,pool-above-window,30,28,1,2,0.067,10
a2-polynomials,pf-synthetic__numeric,exactNumberLab,pool-above-window,30,28,1,2,0.067,10
a2-radicals,re-transform__numeric,exactNumberLab,pool-above-window,30,28,1,2,0.067,10
a2-rationals,rf-mixed__mcq,mcq,pool-above-window,30,28,1,2,0.067,10
g10-circle-theorems,cr-secant-angles__numeric,exactNumberLab,pool-above-window,30,28,1,2,0.067,10
g10-constructions-proof,cp-conjecture-proof__mcq,mcq,pool-above-window,30,28,1,2,0.067,10
g10-polygons-quadrilaterals,pq-para-diagonals__mcq,mcq,pool-above-window,30,28,1,2,0.067,10
g10-right-triangles,rt-height-apps__mcq,mcq,pool-above-window,30,28,1,2,0.067,10
g10-right-triangles,rt-ratio-identities__numeric,numeric,pool-above-window,30,28,1,2,0.067,10
g12-function-analysis,function-analysis__fna-inc-dec__mcq,mcq,pool-above-window,30,28,1,2,0.067,10
g12-limits-continuity,limits-continuity__lc-ivt__mcq,mcq,pool-above-window,30,28,1,2,0.067,10
g12-polar-parametric,polar-parametric__pp-parabolic-path__mcq,mcq,pool-above-window,30,28,1,2,0.067,10
g12-polynomial-rational-analysis,polynomial-rational-analysis__pra-portrait__mcq,mcq,pool-above-window,30,28,1,2,0.067,10
g12-trig-graphs-inverses,trig-graphs-inverses__tg-cos-sin__mcq,mcq,pool-above-window,30,28,1,2,0.067,10
g12-trig-graphs-inverses,trig-graphs-inverses__tg-four-dials__mcq,mcq,pool-above-window,30,28,1,2,0.067,10
g12-trig-graphs-inverses,trig-graphs-inverses__tg-tan-values__mcq,mcq,pool-above-window,30,28,1,2,0.067,10
g12-vectors-matrices,vectors-matrices__vec-applications__mcq,mcq,pool-above-window,30,28,1,2,0.067,10
g12-vectors-matrices,vectors-matrices__vec-displacement__mcq,mcq,pool-above-window,30,28,1,2,0.067,10
g12-vectors-matrices,vectors-matrices__vec-rotation__mcq,mcq,pool-above-window,30,28,1,2,0.067,10
g13-differential-equations,differential-equations__de-equilibrium__mcq,mcq,pool-above-window,30,28,1,2,0.067,10
g13-integration-accumulation,integration-accumulation__in-definite-integral__matchPairs,matchPairs,pool-above-window,30,28,1,2,0.067,10
g13-integration-accumulation,integration-accumulation__in-ftc-unified__dragBucket,dragBucket,pool-above-window,30,28,1,2,0.067,10
g13-integration-accumulation,integration-accumulation__in-signed-area__mcq,mcq,pool-above-window,30,28,1,2,0.067,10
g13-integration-applications,integration-applications__ia-area-between__mcq,mcq,pool-above-window,30,28,1,2,0.067,10
g10-conditional-probability,conditional-probability__cpr-complement-table__mcq,mcq,pool-above-window,30,28,1,2,0.067,10
g6-center-spread,ddMeanMedianTail,mcq,pool-above-window,30,28,0,2,0.067,10
g6-center-spread,ddIqrGiven,numeric,pool-above-window,30,28,0,2,0.067,10
g6-center-spread,ddCapShape,mcq,pool-above-window,30,28,0,2,0.067,10
frac-unlike-addsub,addNumerator,numeric,pool-above-window,30,28,0,2,0.067,10
reflect-compose,matMul,numeric,pool-above-window,30,28,0,2,0.067,10
independence-def,bucketSort,dragBucket,pool-above-window,30,28,0,2,0.067,10
reasonableness,estimateThenExact,numeric,pool-above-window,30,28,0,2,0.067,10
pr-unit-rate-g7,rrRateDiscount,proportionalReasoningLab,pool-above-window,30,28,0,2,0.067,10
pr-constant-k-g7,rrNotEquivalent,mcq,pool-above-window,30,28,0,2,0.067,10
g7-signed-addition,diffPos,numeric,pool-above-window,30,28,0,2,0.067,10
g7-tse-inequality-build,tseIneqShipping,buildExpression,pool-above-window,30,28,0,2,0.067,10
g8-fn-graph-stories,fgStorySteadyStop,graphStoryLab,pool-above-window,30,28,0,2,0.067,10
g2-place-value-1000,Pv1000CountForwardNumeric,numeric,pool-above-window,30,28,0,2,0.067,10
a1-linear-functions,intercepts__numeric,exactNumberLab,pool-above-window,30,28,0,2,0.067,10
a1-solving-equations,decimal-eq__numeric,numeric,pool-above-window,30,28,0,2,0.067,10
a2-polynomials,pf-sketch__mcq,mcq,pool-above-window,30,28,0,2,0.067,10
g12-conic-sections,conic-sections__co-abc__mcq,mcq,pool-above-window,30,28,0,2,0.067,10
g12-function-analysis,function-analysis__fna-even-odd__mcq,mcq,pool-above-window,30,28,0,2,0.067,10
g12-function-analysis,function-analysis__fna-secant__mcq,mcq,pool-above-window,30,28,0,2,0.067,10
g12-limits-continuity,limits-continuity__lc-series-limit__mcq,mcq,pool-above-window,30,28,0,2,0.067,10
g12-polar-parametric,polar-parametric__pp-limacons__mcq,mcq,pool-above-window,30,28,0,2,0.067,10
g12-polar-parametric,polar-parametric__pp-nth-roots__mcq,mcq,pool-above-window,30,28,0,2,0.067,10
g12-polar-parametric,polar-parametric__pp-parametric__mcq,mcq,pool-above-window,30,28,0,2,0.067,10
g12-polynomial-rational-analysis,polynomial-rational-analysis__pra-mult-shortcut__buildExpression,buildExpression,pool-above-window,30,28,0,2,0.067,10
g12-trig-identities-equations,trig-identities-equations__ti-cos2-forms__mcq,mcq,pool-above-window,30,28,0,2,0.067,10
g12-trig-identities-equations,trig-identities-equations__ti-general__mcq,mcq,pool-above-window,30,28,0,2,0.067,10
g12-trig-identities-equations,trig-identities-equations__ti-pythagorean__mcq,mcq,pool-above-window,30,28,0,2,0.067,10
g13-derivatives-in-context,derivatives-in-context__dc-lhopital__numeric,numeric,pool-above-window,30,28,0,2,0.067,10
g13-integration-applications,integration-applications__ia-washer__mcq,mcq,pool-above-window,30,28,0,2,0.067,10
g10-conditional-probability,conditional-probability__cpr-complement__mcq,mcq,pool-above-window,30,28,0,2,0.067,10
g8-esn-place-value,esnPlaceLarge,placeValueTransformLab,pool-above-window,125,29,43,96,0.768,10
neg-rational-exp,default,fractionEntry,pool-above-window,100,29,34,71,0.710,10
range-floor,allRealsRange,mcq,pool-above-window,50,29,11,21,0.420,10
subtract-within-20,difference,numeric,pool-above-window,34,29,5,5,0.147,10
extrema-value,whichPoint,mcq,pool-above-window,34,29,5,5,0.147,10
trig-inside,generalTan,mcq,pool-above-window,34,29,5,5,0.147,10
mult-tens,tensProductB,numeric,pool-above-window,34,29,5,5,0.147,10
g2-fluency,FlFactFamilyNumeric,numeric,pool-above-window,36,29,5,7,0.194,10
double-angle-solve,nextStep,mcq,pool-above-window,34,29,4,5,0.147,10
g2-measure-money-time,MmtLengthDifferenceNumeric,numeric,pool-above-window,36,29,4,7,0.194,10
cn-disc-repeat,forceB,mcq,pool-above-window,34,29,3,5,0.147,10
pq-para-side,solveSide,numeric,pool-above-window,34,29,3,5,0.147,10
parity,pointsBonus,numeric,pool-above-window,34,29,3,5,0.147,10
g0-shapes-sorting,shapeAnyWayMcq,mcq,pool-above-window,34,29,3,5,0.147,10
limit-laws,polySub,numeric,pool-above-window,34,29,2,5,0.147,10
unit-frac-divide,mixedScoops,numeric,pool-above-window,34,29,2,5,0.147,10
g7-read-scale,scaleMeaning,mcq,pool-above-window,34,29,2,5,0.147,10
g7-circle-area,circleUseCase,mcq,pool-above-window,34,29,2,5,0.147,10
g6-center-spread,ddMedianOutlierData,numeric,pool-above-window,30,29,1,1,0.033,10
g6-center-spread,ddChoiceIqr,numeric,pool-above-window,30,29,1,1,0.033,10
composite-area-lab,parallelogramMcq,compositeAreaLab,pool-above-window,30,29,1,1,0.033,10
fn-arith-seq,diffDown,numeric,pool-above-window,30,29,1,1,0.033,10
negative-intro,compareMixedSign,rationalCompare,pool-above-window,30,29,1,1,0.033,10
negative-intro,orderRationalsFive,dragOrder,pool-above-window,30,29,1,1,0.033,10
proportional-plot,cgPairPointAtX,mcq,pool-above-window,30,29,1,1,0.033,10
box-surface-area,roomPaint,numeric,pool-above-window,30,29,1,1,0.033,10
attributes,cgTriangleSideHierarchy,shapeHierarchyLab,pool-above-window,30,29,1,1,0.033,10
quadrilaterals,allQuadrilateralSet,mcq,pool-above-window,30,29,1,1,0.033,10
quadrilaterals,rhombusBySides,mcq,pool-above-window,30,29,1,1,0.033,10
mult-tens,ticketChange,numeric,pool-above-window,34,29,1,5,0.147,10
distributive,variableError,numeric,pool-above-window,30,29,1,1,0.033,10
pr-constant-k-g7,rrEquivalentWhich,mcq,pool-above-window,30,29,1,1,0.033,10
g7-signed-addition,diffNegLarge,numeric,pool-above-window,30,29,1,1,0.033,10
g7-signed-multiply-divide,tripleOdd,numeric,pool-above-window,30,29,1,1,0.033,10
g7-signed-multiply-divide,divDiffLarge,numeric,pool-above-window,30,29,1,1,0.033,10
g7-signed-multiply-divide,mixedDivDiff,numeric,pool-above-window,30,29,1,1,0.033,10
g7-tse-expression-build,tseCombineDistPlus,buildExpression,pool-above-window,30,29,1,1,0.033,10
g7-tse-inequality-build,tseIneqRealPos,buildExpression,pool-above-window,30,29,1,1,0.033,10
g7-sp-sample-estimate,spEstimateDistrict,numeric,pool-above-window,30,29,1,1,0.033,10
g7-sp-sample-estimate,spEstimateEvent,numeric,pool-above-window,30,29,1,1,0.033,10
g7-sp-overlap-interpret,spCompareLarge,distributionCompareLab,pool-above-window,30,29,1,1,0.033,10
g7-sp-counting-principle,spCountOutfitsReal,compoundEventLab,pool-above-window,30,29,1,1,0.033,10
g8-rns-root-estimate,rnsBoundsChallenge,numeric,pool-above-window,30,29,1,1,0.033,10
g8-tm-pythagorean-converse,tmConverseRight,mcq,pool-above-window,30,29,1,1,0.033,10
g8-bv-scatter-basics,bvScatterPair,mcq,pool-above-window,30,29,1,1,0.033,10
g8-tm-cone-volume,tmConeB,numeric,pool-above-window,30,29,1,1,0.033,10
g8-les-isolate-variable,lesIsolateA,numeric,pool-above-window,30,29,1,1,0.033,10
g8-les-isolate-variable,lesIsolateC,numeric,pool-above-window,30,29,1,1,0.033,10
g8-les-solution-count,lesNoBlank,mcq,pool-above-window,30,29,1,1,0.033,10
g8-les-solution-count,lesClassifyChallenge,mcq,pool-above-window,30,29,1,1,0.033,10
g8-les-system-meaning,lesIntersectionMeaning,mcq,pool-above-window,30,29,1,1,0.033,10
g8-les-system-graphing,lesGraphXSigned,numeric,pool-above-window,30,29,1,1,0.033,10
g8-fn-function-definition,fgFunctionBirthday,mcq,pool-above-window,30,29,1,1,0.033,10
g8-fn-function-definition,fgFunctionSharedOutput,mcq,pool-above-window,30,29,1,1,0.033,10
g8-fn-rate-of-change,fgRateWide,numeric,pool-above-window,30,29,1,1,0.033,10
g8-fn-initial-value,fgInitialPointSlope,numeric,pool-above-window,30,29,1,1,0.033,10
g8-fn-graph-stories,fgStoryAccelerateSteady,graphStoryLab,pool-above-window,30,29,1,1,0.033,10
g1-add-subtract,BiggerFirstMcq,mcq,pool-above-window,30,29,1,1,0.033,10
g1-add-subtract,CompareMcq,mcq,pool-above-window,30,29,1,1,0.033,10
g1-add-subtract,TakeAwayMcq,mcq,pool-above-window,30,29,1,1,0.033,10
g1-add-subtract,UnknownNumeric,numeric,pool-above-window,30,29,1,1,0.033,10
g1-counting-120,OneMoreLessNumeric,numeric,pool-above-window,30,29,1,1,0.033,10
g2-shapes-shares,Ssg2CompareSharesMcq,mcq,pool-above-window,30,29,1,1,0.033,10
g4-fractions,faEquivalenceRecapNumeric,numeric,pool-above-window,30,29,1,1,0.033,10
g4-fractions,faBenchmarkOrderRational,rationalCompare,pool-above-window,30,29,1,1,0.033,10
g4-measure,mcAngleClassificationMcq,mcq,pool-above-window,30,29,1,1,0.033,10
g4-measure,mcFractionMeasurementMcq,mcq,pool-above-window,30,29,1,1,0.033,10
g4-multiply,mbTimesAsManyMcq,mcq,pool-above-window,30,29,1,1,0.033,10
g4-multiply,mbFactorsMcq,mcq,pool-above-window,30,29,1,1,0.033,10
g4-multiply,mbDivideBigNumeric,numeric,pool-above-window,30,29,1,1,0.033,10
g4-multiply,mbMultiStepNumeric,numeric,pool-above-window,30,29,1,1,0.033,10
a1-polynomials,factor-gcf__buildExpression,buildExpression,pool-above-window,30,29,1,1,0.033,10
a1-linear-functions,form-conversion__numeric,exactNumberLab,pool-above-window,30,29,1,1,0.033,10
a1-linear-functions,standard-form__mcq,mcq,pool-above-window,30,29,1,1,0.033,10
a1-quadratics,quad-formula__mcq,mcq,pool-above-window,30,29,1,1,0.033,10
a1-quadratics,quad-standard-axis__numeric,numeric,pool-above-window,30,29,1,1,0.033,10
a1-solving-equations,distribute-solve__numeric,numeric,pool-above-window,30,29,1,1,0.033,10
a2-transformations,ft-inverse-undo__mcq,mcq,pool-above-window,30,29,1,1,0.033,10
a2-polynomials,pf-synthetic__mcq,mcq,pool-above-window,30,29,1,1,0.033,10
a2-radicals,re-transform__buildExpression,buildExpression,pool-above-window,30,29,1,1,0.033,10
a2-rationals,rf-opposite__mcq,mcq,pool-above-window,30,29,1,1,0.033,10
a2-trig,tf-ratios__dragBucket,dragBucket,pool-above-window,30,29,1,1,0.033,10
g10-circle-theorems,cr-cyclic-quad__mcq,mcq,pool-above-window,30,29,1,1,0.033,10
g10-constructions-proof,cp-copy-segment__mcq,mcq,pool-above-window,30,29,1,1,0.033,10
g10-constructions-proof,cp-parallel-through-point__mcq,mcq,pool-above-window,30,29,1,1,0.033,10
g10-constructions-proof,cp-square-triangle__mcq,mcq,pool-above-window,30,29,1,1,0.033,10
g10-constructions-proof,cp-two-column__mcq,mcq,pool-above-window,30,29,1,1,0.033,10
g10-coordinate-proofs,cx-classify-tri__mcq,mcq,pool-above-window,30,29,1,1,0.033,10
g10-coordinate-proofs,cx-perp-proof__mcq,mcq,pool-above-window,30,29,1,1,0.033,10
g10-geometry-foundations,gf-definitions__mcq,mcq,pool-above-window,30,29,1,1,0.033,10
g10-geometry-foundations,gf-rotation-rule__mcq,mcq,pool-above-window,30,29,1,1,0.033,10
g10-geometry-foundations,gf-rotational-symmetry__mcq,mcq,pool-above-window,30,29,1,1,0.033,10
g10-right-triangles,rt-trig-apps__mcq,mcq,pool-above-window,30,29,1,1,0.033,10
g10-similarity,sy-similarity__mcq,mcq,pool-above-window,30,29,1,1,0.033,10
g10-solid-geometry,sg-cylinder-justified__numeric,exactNumberLab,pool-above-window,30,29,1,1,0.033,10
g10-solid-geometry,sg-modeling__mcq,mcq,pool-above-window,30,29,1,1,0.033,10
g10-triangle-congruence,tc-hinge__mcq,mcq,pool-above-window,30,29,1,1,0.033,10
g10-triangle-congruence,tc-isosceles-converse__mcq,mcq,pool-above-window,30,29,1,1,0.033,10
g12-conic-sections,conic-sections__co-hyp-ecc__mcq,mcq,pool-above-window,30,29,1,1,0.033,10
g12-polar-parametric,polar-parametric__pp-circles__mcq,mcq,pool-above-window,30,29,1,1,0.033,10
g12-polynomial-rational-analysis,polynomial-rational-analysis__pra-boundary-rule__mcq,mcq,pool-above-window,30,29,1,1,0.033,10
g12-polynomial-rational-analysis,polynomial-rational-analysis__pra-rational-cuts__mcq,mcq,pool-above-window,30,29,1,1,0.033,10
g12-trig-graphs-inverses,trig-graphs-inverses__tg-arccos__mcq,mcq,pool-above-window,30,29,1,1,0.033,10
g12-trig-graphs-inverses,trig-graphs-inverses__tg-equiv-rules__mcq,mcq,pool-above-window,30,29,1,1,0.033,10
g12-trig-identities-equations,trig-identities-equations__ti-tan-cofunction__mcq,mcq,pool-above-window,30,29,1,1,0.033,10
g13-curve-analysis,curve-analysis__ca-first-derivative-test__mcq,mcq,pool-above-window,30,29,1,1,0.033,10
g13-curve-analysis,curve-analysis__ca-mvt-consequences__mcq,mcq,pool-above-window,30,29,1,1,0.033,10
g13-curve-analysis,curve-analysis__ca-three-charts__mcq,mcq,pool-above-window,30,29,1,1,0.033,10
g13-derivative-rules,derivative-rules__dr-derivative-function__mcq,mcq,pool-above-window,30,29,1,1,0.033,10
g13-derivative-rules,derivative-rules__dr-trig-derivative__mcq,mcq,pool-above-window,30,29,1,1,0.033,10
g13-derivatives-in-context,derivatives-in-context__dc-differentials__mcq,mcq,pool-above-window,30,29,1,1,0.033,10
g13-differential-equations,differential-equations__de-euler__mcq,mcq,pool-above-window,30,29,1,1,0.033,10
g13-integration-accumulation,integration-accumulation__in-antiderivative__mcq,mcq,pool-above-window,30,29,1,1,0.033,10
g13-integration-accumulation,integration-accumulation__in-read-accumulation__matchPairs,matchPairs,pool-above-window,30,29,1,1,0.033,10
g10-conditional-probability,conditional-probability__cpr-mutually-exclusive__mcq,mcq,pool-above-window,30,29,1,1,0.033,10
g6-center-spread,ddIncompleteReport,mcq,pool-above-window,30,29,0,1,0.033,10
g6-center-spread,ddCapMean,numeric,pool-above-window,30,29,0,1,0.033,10
composite-area-lab,fromTriangles,compositeAreaLab,pool-above-window,30,29,0,1,0.033,10
equiv-test,distributeCombine,numeric,pool-above-window,30,29,0,1,0.033,10
decimal-align-addsub,ribbons,numeric,pool-above-window,30,29,0,1,0.033,10
poly-addsub,addSquare,numeric,pool-above-window,30,29,0,1,0.033,10
variable-meaning,lessThanPhrase,mcq,pool-above-window,30,29,0,1,0.033,10
metric-convert,customary,numeric,pool-above-window,30,29,0,1,0.033,10
metric-convert,customaryMcq,mcq,pool-above-window,30,29,0,1,0.033,10
conditional-prob,suitRank,mcq,pool-above-window,30,29,0,1,0.033,10
box-volume,layersMcq,mcq,pool-above-window,30,29,0,1,0.033,10
unknown-letter,testAddSolution,mcq,pool-above-window,30,29,0,1,0.033,10
attributes,detectiveSides,mcq,pool-above-window,30,29,0,1,0.033,10
shape-hierarchy,hierarchyTruth,mcq,pool-above-window,30,29,0,1,0.033,10
line-plot,rangeSpan,mcq,pool-above-window,30,29,0,1,0.033,10
distributive,variableEquivalent,mcq,pool-above-window,30,29,0,1,0.033,10
g7-triangle-inequality,frameCheck,triangleClosureLab,pool-above-window,30,29,0,1,0.033,10
pr-unit-rate-g7,rrHoursFromEarnings,proportionalReasoningLab,pool-above-window,30,29,0,1,0.033,10
pr-constant-k-g7,rrShrinkTest,mcq,pool-above-window,30,29,0,1,0.033,10
g7-signed-addition,sameNeg,numeric,pool-above-window,30,29,0,1,0.033,10
g7-signed-addition,sameLarge,numeric,pool-above-window,30,29,0,1,0.033,10
g7-signed-addition,diffChallenge,numeric,pool-above-window,30,29,0,1,0.033,10
g7-signed-multiply-divide,mixedTripleOdd,numeric,pool-above-window,30,29,0,1,0.033,10
g7-tse-expression-build,tseMixedMinus,buildExpression,pool-above-window,30,29,0,1,0.033,10
g7-tse-inequality-build,tseIneqPosB,buildExpression,pool-above-window,30,29,0,1,0.033,10
g7-tse-inequality-build,tseIneqPosC,buildExpression,pool-above-window,30,29,0,1,0.033,10
g7-tse-inequality-build,tseIneqPosD,buildExpression,pool-above-window,30,29,0,1,0.033,10
g7-tse-inequality-build,tseIneqRealNegB,buildExpression,pool-above-window,30,29,0,1,0.033,10
g7-tse-inequality-build,graphDescription,mcq,pool-above-window,30,29,0,1,0.033,10
g7-tse-inequality-build,graphToInequality,buildExpression,pool-above-window,30,29,0,1,0.033,10
g7-sp-sample-estimate,spEstimateCompany,numeric,pool-above-window,30,29,0,1,0.033,10
g8-tm-rigid-motion,tmReflectAxis,mcq,pool-above-window,30,29,0,1,0.033,10
g8-les-isolate-variable,lesIsolateB,numeric,pool-above-window,30,29,0,1,0.033,10
g8-les-solution-count,lesInfiniteDirect,equationOutcomeLab,pool-above-window,30,29,0,1,0.033,10
g8-fn-linear-nonlinear,fgLinearTableLinear,mcq,pool-above-window,30,29,0,1,0.033,10
g8-fn-linear-nonlinear,fgLinearEquationNonlinear,mcq,pool-above-window,30,29,0,1,0.033,10
g8-fn-qualitative-graphs,fgQualSteeper,graphStoryLab,pool-above-window,30,29,0,1,0.033,10
g8-fn-qualitative-graphs,fgQualStopped,graphStoryLab,pool-above-window,30,29,0,1,0.033,10
g0-counting,countMakeTenMcq,mcq,pool-above-window,30,29,0,1,0.033,10
g0-counting,countBetweenMcq,mcq,pool-above-window,30,29,0,1,0.033,10
g0-counting,countReadMcq,mcq,pool-above-window,30,29,0,1,0.033,10
g1-add-subtract,SubFactsMcq,mcq,pool-above-window,30,29,0,1,0.033,10
g1-counting-120,TenMoreLessMcq,mcq,pool-above-window,30,29,0,1,0.033,10
g2-place-value-1000,Pv1000ReadWordsNumeric,numeric,pool-above-window,30,29,0,1,0.033,10
g4-fractions,faEquivalenceRecapMcq,mcq,pool-above-window,30,29,0,1,0.033,10
g4-fractions,faMixedAddSubNumeric,numeric,pool-above-window,30,29,0,1,0.033,10
g4-multiply,mbMultiplesMcq,mcq,pool-above-window,30,29,0,1,0.033,10
g4-multiply,mbRemaindersNumeric,numeric,pool-above-window,30,29,0,1,0.033,10
a1-functions-sequences,fn-classify__mcq,mcq,pool-above-window,30,29,0,1,0.033,10
a1-linear-functions,point-slope-read__buildExpression,buildExpression,pool-above-window,30,29,0,1,0.033,10
a2-complex,cn-build-quad__mcq,mcq,pool-above-window,30,29,0,1,0.033,10
a2-complex,cn-multiply__mcq,mcq,pool-above-window,30,29,0,1,0.033,10
a2-transformations,ft-inverse-rule__mcq,mcq,pool-above-window,30,29,0,1,0.033,10
a2-transformations,ft-inverse-undo__numeric,numeric,pool-above-window,30,29,0,1,0.033,10
a2-polynomials,pf-build__mcq,mcq,pool-above-window,30,29,0,1,0.033,10
a2-polynomials,pf-leading-term__mcq,mcq,pool-above-window,30,29,0,1,0.033,10
a2-radicals,re-convert__mcq,mcq,pool-above-window,30,29,0,1,0.033,10
a2-rationals,rf-excluded__mcq,mcq,pool-above-window,30,29,0,1,0.033,10
a2-trig,tf-model__numeric,numeric,pool-above-window,30,29,0,1,0.033,10
g10-circle-theorems,cr-tangent-perp__mcq,mcq,pool-above-window,30,29,0,1,0.033,10
g10-constructions-proof,cp-perp-from-point__mcq,mcq,pool-above-window,30,29,0,1,0.033,10
g10-constructions-proof,cp-vertical-angles__mcq,mcq,pool-above-window,30,29,0,1,0.033,10
g10-coordinate-proofs,cx-circle-position__mcq,mcq,pool-above-window,30,29,0,1,0.033,10
g10-coordinate-proofs,cx-dist-apps__mcq,mcq,pool-above-window,30,29,0,1,0.033,10
g10-coordinate-proofs,cx-shoelace__mcq,mcq,pool-above-window,30,29,0,1,0.033,10
g10-geometry-foundations,gf-congruence-def__mcq,mcq,pool-above-window,30,29,0,1,0.033,10
g10-geometry-foundations,gf-undefined-terms__mcq,mcq,pool-above-window,30,29,0,1,0.033,10
g10-right-triangles,rt-inverse-trig__mcq,mcq,pool-above-window,30,29,0,1,0.033,10
g10-right-triangles,rt-solve-complete__numeric,numeric,pool-above-window,30,29,0,1,0.033,10
g10-similarity,sy-proportions-figures__mcq,mcq,pool-above-window,30,29,0,1,0.033,10
g10-solid-geometry,sg-cylinder-justified__mcq,mcq,pool-above-window,30,29,0,1,0.033,10
g10-solid-geometry,sg-third-story__mcq,mcq,pool-above-window,30,29,0,1,0.033,10
g10-triangle-congruence,tc-isosceles__mcq,mcq,pool-above-window,30,29,0,1,0.033,10
g12-conic-sections,conic-sections__co-shifted__mcq,mcq,pool-above-window,30,29,0,1,0.033,10
g12-function-analysis,function-analysis__fna-restricted__mcq,mcq,pool-above-window,30,29,0,1,0.033,10
g12-limits-continuity,limits-continuity__lc-dne__mcq,mcq,pool-above-window,30,29,0,1,0.033,10
g12-limits-continuity,limits-continuity__lc-onesided__mcq,mcq,pool-above-window,30,29,0,1,0.033,10
g12-limits-continuity,limits-continuity__lc-read-limit__mcq,mcq,pool-above-window,30,29,0,1,0.033,10
g13-curve-analysis,curve-analysis__ca-evt__mcq,mcq,pool-above-window,30,29,0,1,0.033,10
g13-curve-analysis,curve-analysis__ca-inflection__mcq,mcq,pool-above-window,30,29,0,1,0.033,10
g13-curve-analysis,curve-analysis__ca-three-charts__matchPairs,matchPairs,pool-above-window,30,29,0,1,0.033,10
g13-derivative-rules,derivative-rules__dr-chain-nested__mcq,mcq,pool-above-window,30,29,0,1,0.033,10
g13-derivative-rules,derivative-rules__dr-differentiability__dragBucket,dragBucket,pool-above-window,30,29,0,1,0.033,10
g13-derivative-rules,derivative-rules__dr-implicit__mcq,mcq,pool-above-window,30,29,0,1,0.033,10
g13-derivative-rules,derivative-rules__dr-local-linearity__mcq,mcq,pool-above-window,30,29,0,1,0.033,10
g13-derivatives-in-context,derivatives-in-context__dc-choosing-relation__mcq,mcq,pool-above-window,30,29,0,1,0.033,10
g13-derivatives-in-context,derivatives-in-context__dc-lhopital__mcq,mcq,pool-above-window,30,29,0,1,0.033,10
g13-derivatives-in-context,derivatives-in-context__dc-linearisation-limits__mcq,mcq,pool-above-window,30,29,0,1,0.033,10
g13-derivatives-in-context,derivatives-in-context__dc-linearisation__mcq,mcq,pool-above-window,30,29,0,1,0.033,10
g13-derivatives-in-context,derivatives-in-context__dc-motion__mcq,mcq,pool-above-window,30,29,0,1,0.033,10
g13-derivatives-in-context,derivatives-in-context__dc-speed__mcq,mcq,pool-above-window,30,29,0,1,0.033,10
g13-integration-accumulation,integration-accumulation__in-choosing-u__mcq,mcq,pool-above-window,30,29,0,1,0.033,10
g13-integration-accumulation,integration-accumulation__in-library__mcq,mcq,pool-above-window,30,29,0,1,0.033,10
g13-integration-accumulation,integration-accumulation__in-read-accumulation__mcq,mcq,pool-above-window,30,29,0,1,0.033,10
g13-integration-applications,integration-applications__ia-washer__matchPairs,matchPairs,pool-above-window,30,29,0,1,0.033,10
g13-parametric-polar-calculus,parametric-polar-calculus__pc-arc-length__mcq,mcq,pool-above-window,30,29,0,1,0.033,10
g13-parametric-polar-calculus,parametric-polar-calculus__pc-vector-motion__mcq,mcq,pool-above-window,30,29,0,1,0.033,10
g13-series-convergence,series-convergence__sc-alternating__mcq,mcq,pool-above-window,30,29,0,1,0.033,10
g13-series-convergence,series-convergence__sc-radius__mcq,mcq,pool-above-window,30,29,0,1,0.033,10
g10-conditional-probability,conditional-probability__cpr-conditional-table__matchPairs,matchPairs,pool-above-window,30,29,0,1,0.033,10
g10-conditional-probability,conditional-probability__cpr-multiplication-rule__mcq,mcq,pool-above-window,30,29,0,1,0.033,10
g10-conditional-probability,conditional-probability__cpr-table-union__mcq,mcq,pool-above-window,30,29,0,1,0.033,10
grouping-first,powerMulEval,evalOrder,pool-above-window,50,30,13,20,0.400,10
gf-angle-add,rightAnglePiece,numeric,pool-above-window,50,30,12,20,0.400,10
cn-i-def,computePlus,numeric,pool-above-window,50,30,11,20,0.400,10
gf-angle-add,bisect,numeric,pool-above-window,50,30,10,20,0.400,10
grouping-first,groupDiv,exactNumberLab,pool-above-window,50,30,9,20,0.400,10
g2-measure-money-time,MmtGraphCompareNumeric,numeric,pool-above-window,36,30,5,6,0.167,10
hop-multiply,landOn,numeric,pool-above-window,34,30,4,4,0.118,10
angle-sum,missing,numeric,pool-above-window,34,30,3,4,0.118,10
unit-frac-divide,divideFractionWhole,quotientReasoningLab,pool-above-window,34,30,3,4,0.118,10
group-division,sellThenPack,numeric,pool-above-window,34,30,3,4,0.118,10
mult-patterns,rowSubset,mcq,pool-above-window,34,30,3,4,0.118,10
cn-disc-repeat,forceCMcq,mcq,pool-above-window,34,30,2,4,0.118,10
combination-count,orderBucket,dragBucket,pool-above-window,34,30,2,4,0.118,10
unknown-position,missingCount,numeric,pool-above-window,34,30,2,4,0.118,10
g7-scale-to-actual,drawCombined,numeric,pool-above-window,34,30,2,4,0.118,10
g7-tse-balance-solve,tseBalanceA,solveBalance,pool-above-window,34,30,2,4,0.118,10
g2-measure-money-time,MmtLinePlotNumeric,numeric,pool-above-window,36,30,2,6,0.167,10
g2-measure-money-time,MmtUnitFitMcq,mcq,pool-above-window,36,30,2,6,0.167,10
g4-decimals,dMoneyNumeric,numeric,pool-above-window,34,30,2,4,0.118,10
elapsed-time,endAfter,clockSet,pool-above-window,34,30,1,4,0.118,10
mult-meaning,sheetsMinus,numeric,pool-above-window,34,30,1,4,0.118,10
g7-sp-sampling-bias,spBiasCustomer,mcq,pool-above-window,34,30,1,4,0.118,10
g8-tm-transversal,tmTransversalAlternate,numeric,pool-above-window,34,30,1,4,0.118,10
g0-shapes-sorting,shapeLengthCompare,lengthCompare,pool-above-window,34,30,1,4,0.118,10
g0-shapes-sorting,shapePositionMcq,mcq,pool-above-window,34,30,1,4,0.118,10
reflect-fn,whichReflection,mcq,pool-above-window,50,31,9,19,0.380,10
g3-div-fluency,DivMixedNumeric,numeric,pool-above-window,42,31,7,11,0.262,10
a1-exponential,exp-graph-read__numeric,exactNumberLab,pool-above-window,42,31,7,11,0.262,10
g2-fluency,FlSpeedSubNumeric,numeric,pool-above-window,36,31,4,5,0.139,10
g2-measure-money-time,MmtEstimateMcq,mcq,pool-above-window,36,31,4,5,0.139,10
a1-exponential,exp-percent__mcq,mcq,pool-above-window,42,31,4,11,0.262,10
step-function,jumpDescribe,mcq,pool-above-window,34,31,3,3,0.088,10
partition-shapes,unequalNamedParts,mcq,pool-above-window,34,31,3,3,0.088,10
a1-systems,word-total-difference__numeric,exactNumberLab,pool-above-window,34,31,3,3,0.088,10
poly-read,degreeOf,numeric,pool-above-window,34,31,2,3,0.088,10
conic-classify,parabolaCase,mcq,pool-above-window,34,31,2,3,0.088,10
arc-measure,classify,mcq,pool-above-window,34,31,2,3,0.088,10
count-prob,ratioMismatch,mcq,pool-above-window,34,31,2,3,0.088,10
round-hundred,whichRounds,mcq,pool-above-window,34,31,2,3,0.088,10
nl-partition,whyEqualJumps,mcq,pool-above-window,34,31,2,3,0.088,10
pictograph,halfStory,numeric,pool-above-window,34,31,2,3,0.088,10
g7-sp-sampling-bias,spBiasSchool,mcq,pool-above-window,34,31,2,3,0.088,10
g0-shapes-sorting,shapeComposeMcq,mcq,pool-above-window,34,31,2,3,0.088,10
k0-count-100,kDecadeNextMcq,mcq,pool-above-window,34,31,2,3,0.088,10
g1-shapes-measure,Smg12D3DMcq,mcq,pool-above-window,34,31,2,3,0.088,10
g2-measure-money-time,MmtBestUnitMcq,mcq,pool-above-window,36,31,2,5,0.139,10
cn-conjugate,divideMcq,mcq,pool-above-window,34,31,1,3,0.088,10
poly-mul-mono,mulConst,numeric,pool-above-window,34,31,1,3,0.088,10
unit-frac-divide,mixedDivide,numeric,pool-above-window,34,31,1,3,0.088,10
circle-complete,semiMajor,numeric,pool-above-window,34,31,1,3,0.088,10
coordinate-plot,cgYCoordinate,numeric,pool-above-window,39,31,1,8,0.205,10
full-sketch,fallingSteepening,mcq,pool-above-window,34,31,1,3,0.088,10
partition-shapes,differentEqualCuts,mcq,pool-above-window,34,31,1,3,0.088,10
zero-pattern,beyondOrder,numeric,pool-above-window,34,31,1,3,0.088,10
g7-circle-parts,matchCircleParts,matchPairs,pool-above-window,34,31,1,3,0.088,10
k0-count-100,kTensNextMcq,mcq,pool-above-window,34,31,1,3,0.088,10
times-2,twiceDaily,mcq,pool-above-window,34,31,0,3,0.088,10
commutativity,flipSolve,numeric,pool-above-window,34,31,0,3,0.088,10
cn-cts-vertex,minValue,numeric,pool-above-window,50,32,5,18,0.360,10
a1-exponential,exp-compare__numeric,exactNumberLab,pool-above-window,42,32,5,10,0.238,10
coordinate-plot,cgPathLength,pointSetReasoningLab,pool-above-window,39,32,3,7,0.179,10
g2-measure-money-time,MmtCoinNameMcq,mcq,pool-above-window,36,32,3,4,0.111,10
rect-measure,missingSide,numeric,pool-above-window,34,32,2,2,0.059,10
unit-frac-divide,divisionMagnitude,mcq,pool-above-window,34,32,2,2,0.059,10
opt-box,uselessRoot,mcq,pool-above-window,34,32,2,2,0.059,10
const-sum-rule,whyConstant,mcq,pool-above-window,34,32,2,2,0.059,10
skip-count,howManyNumbers,mcq,pool-above-window,34,32,2,2,0.059,10
subtract-like-denom,simplifyDenom,numeric,pool-above-window,34,32,2,2,0.059,10
nl-fraction,afterNthJump,mcq,pool-above-window,34,32,2,2,0.059,10
whole-as-fraction,whyOne,mcq,pool-above-window,34,32,2,2,0.059,10
expanded-form,snapExpanded,numeric,pool-above-window,34,32,2,2,0.059,10
expanded-form,swapTensOnes,numeric,pool-above-window,34,32,2,2,0.059,10
g7-cross-sections,prismParallel,mcq,pool-above-window,34,32,2,2,0.059,10
k0-count-100,kCountFromHop,numberLineHop,pool-above-window,34,32,2,2,0.059,10
g4-decimals,dTenthsFractionMcq,mcq,pool-above-window,34,32,2,2,0.059,10
compare-groups,pairUp,tapDiagram,pool-above-window,34,32,1,2,0.059,10
measure-word,sliceOff,numeric,pool-above-window,34,32,1,2,0.059,10
measure-word,unitMix,numeric,pool-above-window,34,32,1,2,0.059,10
two-row-multiply,scaffoldTotal,numeric,pool-above-window,34,32,1,2,0.059,10
matrix-apply,basisColumn,pointEntry,pool-above-window,34,32,1,2,0.059,10
array-model,arrayMinus,numeric,pool-above-window,34,32,1,2,0.059,10
share-division,keepThenShare,numeric,pool-above-window,34,32,1,2,0.059,10
fact-family,howManyFacts,mcq,pool-above-window,34,32,1,2,0.059,10
rate-interpret,temperature,numeric,pool-above-window,34,32,1,2,0.059,10
parity,oddFactors,mcq,pool-above-window,34,32,1,2,0.059,10
compare-same-num,pizzaSlices,fractionCompare,pool-above-window,34,32,1,2,0.059,10
time-relative,quarterTo,mcq,pool-above-window,34,32,1,2,0.059,10
time-relative,waitTime,numeric,pool-above-window,34,32,1,2,0.059,10
mental-add,plusNinetyNine,numeric,pool-above-window,34,32,1,2,0.059,10
tens-problems,packsKeep,numeric,pool-above-window,34,32,1,2,0.059,10
mass,whichHeavier,mcq,pool-above-window,34,32,1,2,0.059,10
op-choice,equalGroupsFact,mcq,pool-above-window,34,32,1,2,0.059,10
graph-read,combineTwo,numeric,pool-above-window,34,32,0,2,0.059,10
choose-rule,cancelFirst,numeric,pool-above-window,34,32,0,2,0.059,10
pictograph,keyPurpose,mcq,pool-above-window,34,32,0,2,0.059,10
g8-tm-angle-angle,tmAAScale,geometricConstraintLab,pool-above-window,125,33,42,92,0.736,10
seq-recursive,affine,numeric,pool-above-window,50,33,9,17,0.340,10
pr-percent-change-g7,percentIncrease,numeric,pool-above-window,50,33,8,17,0.340,10
pr-percent-change-g7,percentDecrease,numeric,pool-above-window,50,33,4,17,0.340,10
a1-radicals,rad-like-terms__numeric,exactNumberLab,pool-above-window,36,33,2,3,0.083,10
circle-complete,radius,numeric,pool-above-window,34,33,1,1,0.029,10
point-transform,dilate,pointEntry,pool-above-window,34,33,1,1,0.029,10
full-sketch,logicalContradiction,mcq,pool-above-window,34,33,1,1,0.029,10
missing-factor,rowPlusExtra,numeric,pool-above-window,34,33,1,1,0.029,10
fact-family,shareThenGiveBack,numeric,pool-above-window,34,33,1,1,0.029,10
round-hundred,placeOnLine,numberLinePlace,pool-above-window,34,33,1,1,0.029,10
nl-unit,whichCloser,mcq,pool-above-window,34,33,1,1,0.029,10
elapsed-time,twoPartEnd,clockSet,pool-above-window,34,33,1,1,0.029,10
area-distributive,splitGiven,numeric,pool-above-window,34,33,1,1,0.029,10
mult-meaning,equalGroupsStory,numeric,pool-above-window,34,33,1,1,0.029,10
op-choice,splitFact,mcq,pool-above-window,34,33,1,1,0.029,10
op-choice,soldFromGroups,numeric,pool-above-window,34,33,1,1,0.029,10
g7-scale-to-actual,scaleDirection,mcq,pool-above-window,34,33,1,1,0.029,10
pr-test-proportional-g7,proportionalFraction,proportionalReasoningLab,pool-above-window,34,33,1,1,0.029,10
g7-complementary,angleSort,dragBucket,pool-above-window,34,33,1,1,0.029,10
g0-shapes-sorting,shapeComposePairs,matchPairs,pool-above-window,34,33,1,1,0.029,10
a1-systems,classify-systems__mcq,mcq,pool-above-window,34,33,1,1,0.029,10
a1-systems,system-solution__numeric,affineRelationshipLab,pool-above-window,34,33,1,1,0.029,10
compare-groups,more,tapDiagram,pool-above-window,34,33,0,1,0.029,10
quad-shape-area,fromTriangles,numeric,pool-above-window,34,33,0,1,0.029,10
pq-para-side,perimeter,numeric,pool-above-window,34,33,0,1,0.029,10
coord-midpoint,parallelogramVertex,numeric,pool-above-window,34,33,0,1,0.029,10
rect-measure,area,numeric,pool-above-window,34,33,0,1,0.029,10
probability-fraction,relFreq,fractionEntry,pool-above-window,34,33,0,1,0.029,10
unit-frac-divide,scoopsComputation,mcq,pool-above-window,34,33,0,1,0.029,10
hyperbola-anatomy,opens,mcq,pool-above-window,34,33,0,1,0.029,10
sci-compute,addShift,buildExpression,pool-above-window,34,33,0,1,0.029,10
choose-rule,expandProduct,numeric,pool-above-window,34,33,0,1,0.029,10
subtract-like-denom,wordSimplify,numeric,pool-above-window,34,33,0,1,0.029,10
hop-multiply,hopLength,mcq,pool-above-window,34,33,0,1,0.029,10
equal-parts,whyEqualEvidence,mcq,pool-above-window,34,33,0,1,0.029,10
equivalent-fractions,whoIsRight,mcq,pool-above-window,34,33,0,1,0.029,10
unit-size,smallestOf,mcq,pool-above-window,34,33,0,1,0.029,10
compare-same-denom,howManyMore,numeric,pool-above-window,34,33,0,1,0.029,10
compare-same-num,whoIsRight,mcq,pool-above-window,34,33,0,1,0.029,10
perimeter,trianglePerimeter,numeric,pool-above-window,34,33,0,1,0.029,10
sorting-rules,bothRules,mcq,pool-above-window,34,33,0,1,0.029,10
sorting-rules,outsideOverlap,mcq,pool-above-window,34,33,0,1,0.029,10
place-value,changeBlocks,numeric,pool-above-window,34,33,0,1,0.029,10
area-distributive,splitProduct,numeric,pool-above-window,34,33,0,1,0.029,10
unknown-position,goodPerGroup,numeric,pool-above-window,34,33,0,1,0.029,10
addition-patterns,additionTableWalk,numeric,pool-above-window,34,33,0,1,0.029,10
g7-circumference,circFormulaWhy,mcq,pool-above-window,34,33,0,1,0.029,10
pr-test-proportional-g7,proportionalChallenge,proportionalReasoningLab,pool-above-window,34,33,0,1,0.029,10
g7-sp-sample-reliability,spReliabilitySchool,mcq,pool-above-window,34,33,0,1,0.029,10
unit-fraction,returnedPieces,numeric,pool-above-window,100,34,34,66,0.660,10
cn-cts-solve,fromSquare,numeric,pool-above-window,100,34,28,66,0.660,10
reflect-fn,shapeDescribe,mcq,pool-above-window,50,34,9,16,0.320,10
critical-count,oddPowerSaddle,mcq,pool-above-window,50,34,6,16,0.320,10
a1-exponential,exp-percent__numeric,exactNumberLab,pool-above-window,42,34,2,8,0.190,10
ellipse-axes,majorLength,numeric,pool-above-window,50,35,6,15,0.300,10
a1-exponential,exp-growth-decay__numeric,exactNumberLab,pool-above-window,42,35,2,7,0.167,10
coordinate-plot,cgAxisDistance,pointSetReasoningLab,pool-above-window,39,35,1,4,0.103,10
a1-radicals,rad-fully-simplified__mcq,mcq,pool-above-window,36,35,0,1,0.028,10
a1-radicals,rad-pythagorean-radical__mcq,mcq,pool-above-window,36,35,0,1,0.028,10
cn-cts-vertex,yCoord,numeric,pool-above-window,50,36,7,14,0.280,10
grouping-first,divAddNumeric,numeric,pool-above-window,50,36,7,14,0.280,10
scatter-features,clusterCorner,mcq,pool-above-window,50,36,5,14,0.280,10
power-product,mixedPowerOrder,numeric,pool-above-window,46,36,4,10,0.217,10
grouping-first,groupAddMul,exactNumberLab,pool-above-window,50,36,3,14,0.280,10
a1-exponential,exp-match-base__mcq,mcq,pool-above-window,42,37,2,5,0.119,10
g8-esn-place-value,esnPlaceNegative,placeValueTransformLab,pool-above-window,125,38,26,87,0.696,10
circle-sector,arcMeasure,numeric,pool-above-window,50,38,7,12,0.240,10
compare-numerals,greater,tapDiagram,pool-above-window,50,38,6,12,0.240,10
cn-solve-any,shiftedSquare,numeric,pool-above-window,50,38,4,12,0.240,10
coordinate-plot,asvAxisDistance,numeric,pool-above-window,39,38,0,1,0.026,10
coordinate-plot,axisLocation,mcq,pool-above-window,39,38,0,1,0.026,10
cn-solve-any,complexRoots,mcq,pool-above-window,50,39,6,11,0.220,10
match-sum,nearDoubles,matchPairs,pool-above-window,50,39,5,11,0.220,10
association-type,fromContext,mcq,pool-above-window,50,39,5,11,0.220,10
combined-shift,domainStart,numeric,pool-above-window,50,39,3,11,0.220,10
area-vs-perimeter,sameAreaFence,mcq,pool-above-window,50,39,3,11,0.220,10
g3-div-fluency,DivChooseMcq,mcq,pool-above-window,42,39,2,3,0.071,10
g3-div-fluency,DivZeroMcq,mcq,pool-above-window,42,39,1,3,0.071,10
g3-div-fluency,DivMissingNumeric,numeric,pool-above-window,42,39,0,3,0.071,10
scatter-features,sortFeatures,dragBucket,pool-above-window,50,40,3,10,0.200,10
fraction-of,bareOf,numeric,pool-above-window,100,41,20,59,0.590,10
g8-rns-decimal-classify,rnsBlockRepeat,quotientReasoningLab,pool-above-window,56,41,3,15,0.268,10
gf-segment-add,coordMid,numeric,pool-above-window,50,41,2,9,0.180,10
triangle-area-calc,slantDistractor,numeric,pool-above-window,125,42,20,83,0.664,10
g1-tens-ones,TnoReadExpandedNumeric,numeric,pool-above-window,63,42,5,21,0.333,10
two-step-arith,shareThenLeader,numeric,pool-above-window,50,42,4,8,0.160,10
circle-sector,sectorArea,numeric,pool-above-window,50,42,4,8,0.160,10
multiplication-rule,chainNumeric,numeric,pool-above-window,50,42,1,8,0.160,10
parabola-shifted,focusY,numeric,pool-above-window,100,43,22,57,0.570,10
g1-tens-ones,TnoExpandNumeric,numeric,pool-above-window,63,43,9,20,0.317,10
g8-rns-decimal-classify,rnsDecimalTerminate,quotientReasoningLab,pool-above-window,56,43,6,13,0.232,10
g1-tens-ones,TnoBlocksNumeric,numeric,pool-above-window,63,43,4,20,0.317,10
avg-rate-change,linear,numeric,pool-above-window,50,43,1,7,0.140,10
piecewise-eval,solveBranch,numeric,pool-above-window,50,43,1,7,0.140,10
pr-price-adjust-g7,priceMarkdown,percentChangeLab,pool-above-window,50,43,1,7,0.140,10
polygon-angles,exteriorFromInterior,exactNumberLab,pool-above-window,84,44,15,40,0.476,10
line-plot-frac,difference,fractionEntry,pool-above-window,100,44,13,56,0.560,10
g8-rns-decimal-classify,rnsDecimalRepeat,quotientReasoningLab,pool-above-window,56,44,7,12,0.214,10
g8-rns-decimal-classify,rnsPredictRepeatA,mcq,pool-above-window,56,44,6,12,0.214,10
g8-rns-decimal-classify,rnsPredictRepeatB,mcq,pool-above-window,56,44,5,12,0.214,10
coord-distance,solveK,numeric,pool-above-window,50,44,3,6,0.120,10
fraction-meaning,takeSome,fractionEntry,pool-above-window,50,44,3,6,0.120,10
vertical-shift,whichDirection,mcq,pool-above-window,50,44,3,6,0.120,10
times-nine,patternClaim,mcq,pool-above-window,50,44,3,6,0.120,10
cn-square,factorBack,mcq,pool-above-window,50,44,2,6,0.120,10
estimate-round,tensAns,numeric,pool-above-window,50,44,1,6,0.120,10
read-clock,hourBetween,mcq,pool-above-window,50,44,1,6,0.120,10
power-product,powerMeaning,mcq,pool-above-window,46,44,0,2,0.043,10
pr-add-percent-g7,percentTip,numeric,pool-above-window,50,44,0,6,0.120,10
area-compose,plusSign,numeric,pool-above-window,100,45,22,55,0.550,10
g8-rns-root-classify,rnsClassifyGrowingDecimal,mcq,pool-above-window,63,45,8,18,0.286,10
grouping-first,mulGroup,exactNumberLab,pool-above-window,50,45,3,5,0.100,10
grouping-first,doubleAddEval,evalOrder,pool-above-window,50,45,2,5,0.100,10
grouping-first,wordSubtractMultiply,numeric,pool-above-window,50,45,2,5,0.100,10
pr-add-percent-g7,percentTax,numeric,pool-above-window,50,45,2,5,0.100,10
cn-multiply,realPart,numeric,pool-above-window,50,45,1,5,0.100,10
g7-sp-compound-model,spCompoundGame,compoundEventLab,pool-above-window,50,45,1,5,0.100,10
power-product,comparePowers,exactNumberLab,pool-above-window,46,45,0,1,0.022,10
linear-predict,negSlope,numeric,pool-above-window,50,45,0,5,0.100,10
secant-slope,avgRate,numeric,pool-above-window,50,45,0,5,0.100,10
pr-price-adjust-g7,priceMarkup,percentChangeLab,pool-above-window,50,45,0,5,0.100,10
compare-numerals,greatestOfThree,tapDiagram,pool-above-window,50,46,2,4,0.080,10
g8-rns-decimal-classify,rnsSimplifyPredict,mcq,pool-above-window,56,46,2,10,0.179,10
two-step-arith,timesThenLess,numeric,pool-above-window,50,46,1,4,0.080,10
even-odd-classify,neitherMixed,mcq,pool-above-window,50,46,0,4,0.080,10
pr-graph-rate-g7,graphRateRead,pointSetReasoningLab,pool-above-window,125,47,23,78,0.624,10
horizontal-shift,whichRule,mcq,pool-above-window,50,47,2,3,0.060,10
association-type,sortPairs,dragBucket,pool-above-window,50,47,2,3,0.060,10
coord-distance,vertical,numeric,pool-above-window,50,47,1,3,0.060,10
estimate-round,compatible,numeric,pool-above-window,50,47,1,3,0.060,10
g7-sp-compound-model,spCompoundBasic,compoundEventLab,pool-above-window,50,47,0,3,0.060,10
deriv-quotient,abstractQuot,numeric,pool-above-window,50,48,2,2,0.040,10
piecewise-eval,whyDisjoint,mcq,pool-above-window,50,48,2,2,0.040,10
g8-tm-triangle-exterior,tmExteriorRemote,numeric,pool-above-window,50,48,1,2,0.040,10
grouping-first,mulAddEval,evalOrder,pool-above-window,50,48,0,2,0.040,10
g8-les-systems-word,lesWordPurchase,affineRelationshipLab,pool-above-window,125,49,17,76,0.608,10
area-multiply,turned,mcq,pool-above-window,50,49,1,1,0.020,10
sequence-order,byTens,dragOrder,pool-above-window,50,49,0,1,0.020,10
sequence-order,byFives,dragOrder,pool-above-window,50,49,0,1,0.020,10
grouping-first,mulSubNumeric,numeric,pool-above-window,50,49,0,1,0.020,10
grouping-first,groupPhraseMcq,mcq,pool-above-window,50,49,0,1,0.020,10
deriv-product,abstract,numeric,pool-above-window,50,49,0,1,0.020,10
composite-tri,notchCut,numeric,pool-above-window,50,49,0,1,0.020,10
composite-tri,wallsPlusRoof,numeric,pool-above-window,50,49,0,1,0.020,10
g1-tens-ones,TnoAddTensNumeric,numeric,pool-above-window,63,50,3,13,0.206,10
missing-side,penWidth,geometricConstraintLab,pool-above-window,167,51,39,116,0.695,10
decimal-compute,divCompute,numeric,pool-above-window,100,51,13,49,0.490,10
g8-bv-outlier-impact,bvOutlierImpact,mcq,pool-above-window,100,52,16,48,0.480,10
g1-tens-ones,TnoTenMoreLessNumeric,numeric,pool-above-window,63,52,4,11,0.175,10
g7-scaled-area,roomScaledArea,geometricConstraintLab,pool-above-window,167,53,35,114,0.683,10
missing-side,rectangleWidth,geometricConstraintLab,pool-above-window,167,53,29,114,0.683,10
cn-i-powers,sumOfPowers,numeric,pool-above-window,100,53,14,47,0.470,10
dr-power-rule,default,numeric,pool-above-window,100,54,19,46,0.460,10
make-ten-choice,default,mcq,pool-above-window,100,54,9,46,0.460,10
g1-tens-ones,TnoTensOnesNumeric,numeric,pool-above-window,63,55,2,8,0.127,10
g8-rns-decimal-classify,rnsChooseRepeat,quotientReasoningLab,pool-above-window,56,55,0,1,0.018,10
g8-rns-decimal-classify,rnsSortFractions,dragBucket,pool-above-window,56,55,0,1,0.018,10
place-compare,decimalClose,placeValueTransformLab,pool-above-window,72,57,3,15,0.208,10
g1-tens-ones,TnoDigitValueNumeric,numeric,pool-above-window,63,57,2,6,0.095,10
triangle-area-calc,heightFromArea,numeric,pool-above-window,125,58,15,67,0.536,10
match-object-shape,solids,matchPairs,pool-above-window,100,58,12,42,0.420,10
place-compare,decimalMixed,placeValueTransformLab,pool-above-window,72,58,3,14,0.194,10
g8-rns-root-classify,rnsClassifyPerfect,mcq,pool-above-window,63,58,0,5,0.079,10
ecc-classify,ratioCompare,mcq,pool-above-window,100,60,19,40,0.400,10
mixed-convert,toImproper,mixedRegroup,pool-above-window,100,60,13,40,0.400,10
decimal-shift-divide,bareDivide,placeValueTransformLab,pool-above-window,250,61,39,189,0.756,10
decimal-shift-divide,shiftBoth,placeValueTransformLab,pool-above-window,250,61,37,189,0.756,10
g8-tm-pythagorean-why,tmPythAreaMeaning,geometricConstraintLab,pool-above-window,125,61,25,64,0.512,10
g8-rns-root-classify,rnsRootClassifyPerfect,exactNumberLab,pool-above-window,63,61,1,2,0.032,10
g8-rns-root-classify,rnsRootClassifyIrrational,exactNumberLab,pool-above-window,63,62,0,1,0.016,10
second-deriv-eval,localMax,numeric,pool-above-window,100,65,11,35,0.350,10
power-ten-exponent,threeStep,placeValueTransformLab,pool-above-window,167,66,17,101,0.605,10
place-compare,decimalTie,placeValueTransformLab,pool-above-window,72,67,3,5,0.069,10
dr-chain-rule,default,numeric,pool-above-window,100,69,14,31,0.310,10
coin-total,default,moneyBoard,pool-above-window,100,71,10,29,0.290,10
g7-mixed-rational,integerProduct,exactNumberLab,pool-above-window,125,75,10,50,0.400,10
parts-as-fractions,allPartsShaded,mcq,pool-above-window,100,78,6,22,0.220,10
two-step-solve,minusForm,numeric,pool-above-window,100,78,4,22,0.220,10
repeat-decimal,twoDigit,quotientReasoningLab,pool-above-window,250,79,34,171,0.684,10
g7-tse-evaluate-distribution,tseEvalDist,numeric,pool-above-window,100,79,4,21,0.210,10
fn-inverse-rule,undoPipeline,numeric,pool-above-window,100,82,3,18,0.180,10
multiple-test,default,mcq,pool-above-window,100,83,1,17,0.170,10
pr-graph-rate-g7,graphStoryRead,pointSetReasoningLab,pool-above-window,125,84,11,41,0.328,10
stretch-scale,whichWider,mcq,pool-above-window,100,86,3,14,0.140,10
match-parity,default,matchPairs,pool-above-window,100,87,1,13,0.130,10
long-div-2digit,digitsRead,numeric,pool-above-window,125,88,6,37,0.296,10
area-formula-pick,trapezoid,numeric,pool-above-window,100,88,5,12,0.120,10
area-formula-pick,parallelogramMcq,mcq,pool-above-window,100,88,1,12,0.120,10
long-div-2digit,fullDivide,quotientReasoningLab,pool-above-window,125,89,3,36,0.288,10
base-ten-build,tradeUp,baseTenCompose,pool-above-window,100,89,2,11,0.110,10
area-compose,rugLeft,numeric,pool-above-window,100,91,1,9,0.090,10
sci-notation,small,buildExpression,pool-above-window,100,91,0,9,0.090,10
complex-i-square,default,numeric,pool-above-window,100,92,1,8,0.080,10
area-compose,pondCut,numeric,pool-above-window,100,93,2,7,0.070,10
triangle-area-calc,heightMeaning,mcq,pool-above-window,125,94,8,31,0.248,10
sys-two-linear,default,numeric,pool-above-window,100,95,0,5,0.050,10
int-subtract-negative,decimal,numeric,pool-above-window,100,97,0,3,0.030,10
num-denom,denominatorEffect,mcq,pool-above-window,100,97,0,3,0.030,10
g7-tse-context-equation,tseDive,numeric,pool-above-window,100,97,0,3,0.030,10
g8-rns-density,rnsDensityChallenge,exactNumberLab,pool-above-window,125,98,4,27,0.216,10
area-formula-pick,cornerCut,numeric,pool-above-window,100,98,1,2,0.020,10
area-compose,attachedAreas,geometricConstraintLab,pool-above-window,100,98,0,2,0.020,10
round-place,contextWhole,placeValueTransformLab,pool-above-window,100,98,0,2,0.020,10
g8-rns-density,rnsDensityHundredths,exactNumberLab,pool-above-window,125,99,5,26,0.208,10
round-place,whole,numeric,pool-above-window,100,99,0,1,0.010,10
round-place,contextTenth,placeValueTransformLab,pool-above-window,100,99,0,1,0.010,10
area-formula-pick,trapezoidAverage,mcq,pool-above-window,100,99,0,1,0.010,10
area-formula-pick,coordinateRectangle,geometricConstraintLab,pool-above-window,100,99,0,1,0.010,10
lshape-decompose,boxMinusCorner,numeric,pool-above-window,100,99,0,1,0.010,10
g8-rns-density,rnsDensityTenths,exactNumberLab,pool-above-window,125,101,3,24,0.192,10
g8-esn-place-value,esnPlaceMcq,placeValueTransformLab,pool-above-window,125,117,2,8,0.064,10
g8-fn-compare-rates,fgCompareEquationTable,affineRelationshipLab,pool-above-window,125,120,0,5,0.040,10
g8-fn-compare-rates,fgCompareTables,affineRelationshipLab,pool-above-window,125,122,2,3,0.024,10
long-div-2digit,quotRemainder,quotientReasoningLab,pool-above-window,125,122,0,3,0.024,10
g7-mixed-rational,fracProduct,exactNumberLab,pool-above-window,125,122,0,3,0.024,10
g7-mixed-rational,hiker,exactNumberLab,pool-above-window,125,123,1,2,0.016,10
g8-tm-angle-angle,tmAAThird,geometricConstraintLab,pool-above-window,125,123,1,2,0.016,10
triangle-area-calc,coordinateRightTriangle,geometricConstraintLab,pool-above-window,125,123,0,2,0.016,10
g8-fn-compare-rates,fgCompareInterceptTrap,affineRelationshipLab,pool-above-window,125,124,0,1,0.008,10
remainder-word,vansUp,quotientReasoningLab,pool-above-window,167,126,5,41,0.246,10
remainder-word,eachGets,quotientReasoningLab,pool-above-window,167,132,6,35,0.210,10
remainder-word,leftOver,quotientReasoningLab,pool-above-window,167,133,4,34,0.204,10
g7-vertical-angles,whyVertical,geometricConstraintLab,pool-above-window,167,135,5,32,0.192,10
g7-scaled-area,areaError,geometricConstraintLab,pool-above-window,167,160,2,7,0.042,10
line-of-fit,slopeAssociation,affineRelationshipLab,pool-above-window,250,181,9,69,0.276,10
g8-fn-compare-context,fgCompareBreakEven,affineRelationshipLab,pool-above-window,250,220,5,30,0.120,10
repeat-decimal,threeDigit,quotientReasoningLab,pool-above-window,250,223,0,27,0.108,10
g8-fn-compare-full,fgCompareSameRate,affineRelationshipLab,pool-above-window,250,247,0,3,0.012,10
g8-fn-compare-full,fgCompareRateStart,affineRelationshipLab,pool-above-window,250,249,0,1,0.004,10
g8-fn-compare-context,fgCompareLowerRate,affineRelationshipLab,pool-above-window,250,249,0,1,0.004,10
back-substitute,given,affineRelationshipLab,pool-above-window,500,343,4,157,0.314,10
fraction-benchmark,straddleHalf,exactNumberLab,pool-above-window,500,349,6,151,0.302,10
g8-les-system-verify,lesVerifyPoint,affineRelationshipLab,pool-above-window,500,421,4,79,0.158,10
